direct: enabled, stage all, cu mask 0xffffffff, bo list with mappings
map 0x200000000 +0x10000 ... ok
map 0x200010000 +0x8000 ... ok
map 0x200018000 +0x10000 ... ok
map 0x200028000 +0x10000 ... ok
map 0x200038000 +0x10000 ... ok
map 0x200048000 +0x10000 ... ok
map 0x200058000 +0x10000 ... ok
map 0x200068000 +0x8000 ... ok
map 0x300000000 +0x934000 ... ok
map 0x300938000 +0x10000 ... ok
map 0x300948000 +0x20000 ... ok
map 0x300a58000 +0x14000 ... ok
map 0x300a70000 +0x14000 ... ok
map 0x300c78000 +0x14000 ... ok
map 0x300e80000 +0x14000 ... ok
map 0x301088000 +0x14000 ... ok
map 0x301290000 +0x14000 ... ok
map 0x301498000 +0x14000 ... ok
map 0x3016a0000 +0x14000 ... ok
map 0x3018a8000 +0x14000 ... ok
map 0x301ab0000 +0x20000 ... ok
map 0x301de0000 +0x10000 ... ok
map 0x301df0000 +0x440000 ... ok
map 0x3022b0000 +0x810000 ... ok
map 0x303530000 +0x10000 ... ok
map 0x303930000 +0x50000 ... ok
map 0x303b70000 +0x30000 ... ok
map 0x303ba0000 +0x10000 ... ok
map 0x303bc0000 +0x10000 ... ok
map 0x303dc0000 +0x40000 ... ok
map 0x3041f0000 +0x10000 ... ok
map 0x3045f0000 +0x20000 ... ok
map 0x304a00000 +0x10000 ... ok
map 0x304e00000 +0x20000 ... ok
map 0x305210000 +0x10000 ... ok
map 0x305610000 +0x20000 ... ok
map 0x305a20000 +0x10000 ... ok
map 0x305e20000 +0x20000 ... ok
map 0x306230000 +0x20000 ... ok
map 0x306640000 +0x10000 ... ok
map 0x306a40000 +0x20000 ... ok
map 0x306e50000 +0x10000 ... ok
map 0x307250000 +0x20000 ... ok
map 0x307660000 +0x10000 ... ok
map 0x307a60000 +0x9f0000 ... ok
map 0x308840000 +0x20000 ... ok
map 0x308870000 +0x10000 ... ok
map 0x308880000 +0x10000 ... ok
map 0x308890000 +0x10000 ... ok
map 0x3088a0000 +0x10000 ... ok
map 0x308b20000 +0x450000 ... ok
map 0x30cb60000 +0x1b30000 ... ok
map 0x30e6a0000 +0x290000 ... ok
map 0x30e940000 +0x10000 ... ok
map 0x30ed40000 +0x20000 ... ok
map 0x30ed70000 +0x1250000 ... ok
map 0x30ffd0000 +0x290000 ... ok
map 0x310270000 +0x10000 ... ok
map 0x310670000 +0x10000 ... ok
map 0x310690000 +0x10000 ... ok
map 0x3106a0000 +0xf0000 ... ok
map 0x310790000 +0xe0000 ... ok
map 0x310870000 +0xf0000 ... ok
map 0x310960000 +0xe0000 ... ok
map 0x310a40000 +0xf0000 ... ok
map 0x310b30000 +0xe0000 ... ok
map 0x310c10000 +0x350000 ... ok
map 0x310f60000 +0x830000 ... ok
map 0x311960000 +0x10000 ... ok
map 0x313010000 +0x30000 ... ok
map 0x313130000 +0x10000 ... ok
map 0x313220000 +0x10000 ... ok
map 0x3132a0000 +0x10000 ... ok
map 0x313320000 +0x10000 ... ok
map 0x3133a0000 +0x10000 ... ok
map 0x313420000 +0x10000 ... ok
map 0x3134a0000 +0x10000 ... ok
map 0x313520000 +0xcc000 ... ok
map 0x3135f0000 +0x14000 ... ok
map 0x313638000 +0x14000 ... ok
map 0x313650000 +0x20000 ... ok
map 0x313680000 +0x4000 ... ok
map 0x313688000 +0x14000 ... ok
map 0x3136a0000 +0x14000 ... ok
map 0x3136b8000 +0x14000 ... ok
map 0x3136d0000 +0x14000 ... ok
map 0x3136e8000 +0x14000 ... ok
map 0x313700000 +0x14000 ... ok
map 0x313b08000 +0x20000 ... ok
map 0x37dff8000 +0x8000 ... ok
map 0x400000000 +0x10000 ... ok
map 0x400200000 +0x10000 ... ok
map 0x400280000 +0x10000 ... ok
map 0x4002a0000 +0x10000 ... ok
map 0x400320000 +0x10000 ... ok
map 0x400340000 +0x10000 ... ok
map 0x4003c0000 +0x10000 ... ok
map 0x4003e0000 +0x10000 ... ok
map 0x400460000 +0x10000 ... ok
map 0x400480000 +0x10000 ... ok
map 0x400500000 +0x10000 ... ok
map 0x400520000 +0x10000 ... ok
map 0x4005a0000 +0x10000 ... ok
map 0x4005c0000 +0x10000 ... ok
map 0x400640000 +0x10000 ... ok
map 0x400660000 +0x10000 ... ok
map 0x4006e0000 +0x10000 ... ok
map 0x400700000 +0x10000 ... ok
map 0x400780000 +0x10000 ... ok
map 0x4007a0000 +0x13b0000 ... ok
map 0x401b50000 +0x10000 ... ok
map 0x40b7f0000 +0x10000 ... ok
map 0x500000000 +0x530000 ... ok
map 0x502000000 +0x10000 ... ok
map 0x507400000 +0x10000 ... ok
map 0x551a50000 +0x10000 ... ok
map 0x553b80000 +0x10000 ... ok
map 0x553be0000 +0x10000 ... ok
map 0x553c00000 +0x10000 ... ok
map 0x553c20000 +0x10000 ... ok
map 0x553c40000 +0x2b20000 ... ok
map 0x556760000 +0x10000 ... ok
map 0x7efbf4000 +0x200000 ... ok
map 0x900000000 +0x74c0000 ... ok
map 0x9074c0000 +0x1420000 ... ok
map 0x9088e0000 +0x580000 ... ok
map 0x908e60000 +0x5fd0000 ... ok
map 0x90eea0000 +0x20000 ... ok
map 0x90eec0000 +0x10000 ... ok
map 0x90f270000 +0x10000 ... ok
map 0x90f280000 +0x20000 ... ok
map 0x90f2a0000 +0xe0000 ... ok
map 0x90f380000 +0x168000 ... ok
map 0x90f4e8000 +0xd30000 ... ok
map 0x920000000 +0xcc000 ... ok
map 0x9200cc000 +0x40000 ... ok
map 0x92010c000 +0xc000 ... ok
map 0x920118000 +0x2c000 ... ok
map 0x930000000 +0x3f4000 ... ok
map 0x9303f4000 +0x190000 ... ok
map 0x930584000 +0x4000 ... ok
map 0x930588000 +0x200000 ... ok
map 0x940000000 +0x18000 ... ok
map 0x940018000 +0x10000 ... ok
map 0x940028000 +0x10000 ... ok
map 0x940038000 +0x10000 ... ok
map 0x940048000 +0x10000 ... ok
map 0x950000000 +0xc000 ... ok
map 0x95000c000 +0x10000 ... ok
map 0x95001c000 +0x8000 ... ok
map 0x950024000 +0x4000 ... ok
map 0x960000000 +0x28000 ... ok
map 0x960028000 +0x10000 ... ok
map 0x960038000 +0x10000 ... ok
map 0x971608000 +0x8000 ... ok
map 0x980000000 +0x4000 ... ok
map 0x980004000 +0x10000 ... ok
map 0x980084000 +0x8000 ... ok
map 0x990000000 +0x5c000 ... ok
map 0x99005c000 +0xa0000 ... ok
map 0x9900fc000 +0x74000 ... ok
map 0x990170000 +0x8000 ... ok
map 0xf00000000 +0x10000 ... ok
map 0xf00010000 +0x130000 ... ok
map 0xf00140000 +0x10000 ... ok
map 0xf01140000 +0x10000 ... ok
map 0xf01150000 +0x10000 ... ok
map 0xf01160000 +0x10000 ... ok
map 0xf01170000 +0x10000 ... ok
map 0xf01180000 +0x10000 ... ok
map 0xf01190000 +0x10000 ... ok
map 0xf011a0000 +0x10000 ... ok
map 0xf011b0000 +0x10000 ... ok
map 0xf011c0000 +0x10000 ... ok
map 0xf011d0000 +0x10000 ... ok
map 0xf011e0000 +0x10000 ... ok
map 0xf011f0000 +0x10000 ... ok
map 0xf01200000 +0x10000 ... ok
map 0xf01210000 +0x10000 ... ok
map 0xf01220000 +0x10000 ... ok
map 0xf01230000 +0x10000 ... ok
map 0xf01240000 +0x10000 ... ok
map 0xf01250000 +0x10000 ... ok
map 0xf01260000 +0x10000 ... ok
map 0xf01270000 +0x10000 ... ok
map 0xf01280000 +0x10000 ... ok
map 0xf01290000 +0x10000 ... ok
map 0xf012a0000 +0x10000 ... ok
map 0xf012b0000 +0x10000 ... ok
map 0xf012c0000 +0x10000 ... ok
map 0xf012d0000 +0x10000 ... ok
map 0xf012e0000 +0x10000 ... ok
map 0xf012f0000 +0x10000 ... ok
map 0xf01300000 +0x10000 ... ok
map 0xfe0000000 +0x204000 ... ok
map 0xfe0300000 +0x10000 ... ok
map 0xfe03b0000 +0x20000 ... ok
vmas 55 total 12783.8 MiB resident 444.2 MiB mapped 452.6 MiB
submit #0 cc 3 dwords at 0x7efdf28e4: pass 0 rewrite 1 drop 0 unmapped 0 cc 1 mappings 197 ... OK rc 0 2.44 ms
  load op 61 at 10: base 0xfe0008000 pairs (0x0,215) (0xd8,272) (0x1f5,4) (0x1ff,158) (0x2a0,2) (0x2a3,1) (0x2a5,66) (0x2f5,203)
  load op 5f at 29: base 0xfe0010000 pairs (0x1,1) (0x6,38) (0x32,4) (0x80,4) (0x87,37) (0xb2,4) (0xc8,2) (0x100,4) (0x107,37) (0x132,4) (0x148,2) (0x204,3) (0x20c,2) (0x212,2) (0x215,6) (0x224,5) (0x22a,1) (0x240,16) (0x27d,1) (0x280,1) (0x207,3)
  load op 5e at 74: base 0xfe0011000 pairs (0x35,8) (0xa2,1) (0x242,1) (0x248,1) (0x24a,2) (0x25b,6) (0x262,1) (0x2bb,5) (0x2c4,16) (0x2e4,8) (0x380,2) (0x383,2) (0x41d,3) (0x24d,1)
  load op 61 at 105: base 0xfe0008000 pairs (0x0,0)
  load op 5f at 110: base 0xfe0010000 pairs (0x0,0)
  load op 5e at 115: base 0xfe0011000 pairs (0x0,0)
  load op 61 at 125: base 0xfe0008000 pairs (0x0,0)
  load op 5f at 130: base 0xfe0010000 pairs (0x0,0)
  load op 5e at 135: base 0xfe0011000 pairs (0x0,0)
submit #1 hib 150 dwords at 0xfe0000000: pass 12 rewrite 2 drop 2 unmapped 0 cc 2 mappings 197 ... OK rc 0 2.52 ms
submit #2 hib 2 dwords at 0xfe003a200: pass 1 rewrite 0 drop 0 unmapped 0 cc 0 mappings 197 ... OK rc 0 2.43 ms
  load op 9f at 38: addr 0xfe0040068 idx 0 fmt 1 regoff 0x0 n 921 (table contents not committed)
  load op 63 at 43: addr 0xfe0042068 idx 0 fmt 1 regoff 0x0 n 174 (table contents not committed)
  load op 64 at 48: addr 0xfe00425d8 idx 0 fmt 1 regoff 0x0 n 49 (table contents not committed)
submit #3 dcb 96 dwords at 0xfe0042920: pass 20 rewrite 0 drop 4 unmapped 1 cc 0 mappings 197 ... OK rc 0 2.48 ms
map 0x200070000 +0x10000 ... ok
map 0x2001e0000 +0x10000 ... ok
map 0x2001f0000 +0x4000 ... ok
map 0x2001f4000 +0x4000 ... ok
map 0x2001f8000 +0x10000 ... ok
map 0x200208000 +0x10000 ... ok
map 0x200218000 +0x10000 ... ok
map 0x200228000 +0x10000 ... ok
map 0x200238000 +0x10000 ... ok
map 0x200248000 +0x8000 ... ok
map 0x300a48000 +0x10000 ... ok
map 0x301690000 +0x10000 ... ok
map 0x302ac0000 +0xd0000 ... ok
map 0x303540000 +0x10000 ... ok
map 0x303980000 +0x10000 ... ok
map 0x303bd0000 +0x20000 ... ok
map 0x308450000 +0x10000 ... ok
map 0x311970000 +0x20000 ... ok
map 0x311990000 +0x30000 ... ok
map 0x313b68000 +0x10000 ... ok
map 0x314368000 +0x4000 ... ok
map 0x314370000 +0x14000 ... ok
map 0x314388000 +0x150000 ... ok
map 0x3144d8000 +0x20000 ... ok
map 0x3144f8000 +0x10000 ... ok
map 0x314508000 +0x10000 ... ok
map 0x314518000 +0x540000 ... ok
map 0x314a58000 +0x40000 ... ok
map 0x314a98000 +0x30000 ... ok
map 0x314ac8000 +0x20000 ... ok
map 0x314ae8000 +0x20000 ... ok
map 0x314b08000 +0x10000 ... ok
map 0x314b18000 +0x10000 ... ok
map 0x314b28000 +0x10000 ... ok
map 0x314b38000 +0x140000 ... ok
map 0x314c78000 +0x40000 ... ok
map 0x314cb8000 +0x40000 ... ok
map 0x314cf8000 +0x40000 ... ok
map 0x314d38000 +0x20000 ... ok
map 0x314d58000 +0x10000 ... ok
map 0x314d68000 +0x10000 ... ok
map 0x314d78000 +0x10000 ... ok
map 0x314d88000 +0x10000 ... ok
map 0x314d98000 +0x150000 ... ok
map 0x314ee8000 +0x40000 ... ok
map 0x314f28000 +0x40000 ... ok
map 0x314f68000 +0x30000 ... ok
map 0x314f98000 +0x20000 ... ok
map 0x314fb8000 +0x20000 ... ok
map 0x314fd8000 +0x10000 ... ok
map 0x314fe8000 +0x10000 ... ok
map 0x314ff8000 +0x10000 ... ok
map 0x315008000 +0x140000 ... ok
map 0x315148000 +0x40000 ... ok
map 0x315188000 +0x40000 ... ok
map 0x3151c8000 +0x40000 ... ok
map 0x315208000 +0x20000 ... ok
map 0x315228000 +0x10000 ... ok
map 0x315238000 +0x10000 ... ok
map 0x315248000 +0x10000 ... ok
map 0x315258000 +0x10000 ... ok
map 0x315268000 +0x150000 ... ok
map 0x3153b8000 +0x70000 ... ok
map 0x315428000 +0x10000 ... ok
map 0x315438000 +0x20000 ... ok
map 0x315458000 +0x20000 ... ok
map 0x315478000 +0x30000 ... ok
map 0x3154a8000 +0x10000 ... ok
map 0x3154d8000 +0x10000 ... ok
map 0x315518000 +0x10000 ... ok
map 0x315558000 +0x10000 ... ok
map 0x315598000 +0x10000 ... ok
map 0x3155d8000 +0x10000 ... ok
map 0x315618000 +0x10000 ... ok
map 0x315628000 +0x10000 ... ok
map 0x315668000 +0x10000 ... ok
map 0x315678000 +0x10000 ... ok
map 0x315688000 +0x20000 ... ok
map 0x3156a8000 +0x20000 ... ok
map 0x3156c8000 +0x40000 ... ok
map 0x315708000 +0x10000 ... ok
map 0x315718000 +0x50000 ... ok
map 0x315768000 +0x10000 ... ok
map 0x315778000 +0x10000 ... ok
map 0x315788000 +0xc000 ... ok
map 0x315b88000 +0x14000 ... ok
map 0x315f90000 +0x20000 ... ok
map 0x315fe0000 +0x4000 ... ok
map 0x315fe8000 +0xa9f8000 ... ok
map 0x320a14000 +0x30000 ... ok
map 0x321234000 +0x18000 ... ok
map 0x321280000 +0x60000 ... ok
map 0x3212e0000 +0xc4c000 ... ok
map 0x321f30000 +0x20d0000 ... ok
map 0x3240f0000 +0x3a0000 ... ok
map 0x324580000 +0x7c000 ... ok
map 0x324670000 +0x370000 ... ok
map 0x37dff0000 +0x8000 ... ok
map 0x401b70000 +0x10000 ... ok
map 0x403670000 +0x10000 ... ok
map 0x403680000 +0x60000 ... ok
map 0x500530000 +0x320000 ... ok
map 0x502700000 +0x10000 ... ok
map 0x502df0000 +0x20000 ... ok
map 0x503c00000 +0x10000 ... ok
map 0x5042f0000 +0x20000 ... ok
map 0x504e00000 +0x10000 ... ok
map 0x5051f0000 +0x20000 ... ok
map 0x505a00000 +0x10000 ... ok
map 0x505df0000 +0x20000 ... ok
map 0x506800000 +0x10000 ... ok
map 0x506df0000 +0x20000 ... ok
map 0x50cc30000 +0x10000 ... ok
map 0x55b400000 +0x10000 ... ok
map 0x55c000000 +0x10000 ... ok
map 0x56d860000 +0x10000 ... ok
map 0x56d870000 +0x10000 ... ok
map 0x56d8c0000 +0x10000 ... ok
map 0x56d930000 +0x10000 ... ok
map 0x56d990000 +0x10000 ... ok
map 0x56d9a0000 +0x10000 ... ok
map 0x56d9b0000 +0x10000 ... ok
map 0x56d9c0000 +0x10000 ... ok
map 0x56dda0000 +0x10000 ... ok
map 0x56e240000 +0x10000 ... ok
map 0x56e250000 +0x10000 ... ok
map 0x56e260000 +0x10000 ... ok
map 0x56e270000 +0x10000 ... ok
map 0x56e650000 +0x10000 ... ok
map 0x56ed50000 +0x20000 ... ok
map 0x56f790000 +0x60000 ... ok
map 0x56f9e0000 +0x10000 ... ok
map 0x5705e0000 +0x10000 ... ok
map 0x5707e0000 +0x10000 ... ok
map 0x5707f0000 +0x10000 ... ok
map 0x570a90000 +0x10000 ... ok
map 0x570b50000 +0x20000 ... ok
map 0x570b70000 +0x10000 ... ok
map 0x570f40000 +0x30000 ... ok
map 0x571450000 +0x30000 ... ok
map 0x571480000 +0x10000 ... ok
map 0x571940000 +0x10000 ... ok
map 0x571a60000 +0x20000 ... ok
map 0x571a80000 +0x10000 ... ok
map 0x579800000 +0x10000 ... ok
map 0x600000000 +0x10000 ... ok
map 0x607ff0000 +0x10000 ... ok
map 0x7ea6a0000 +0x500000 ... ok
map 0x7eaba4000 +0x500000 ... ok
map 0x7eb0a8000 +0x500000 ... ok
map 0x7eb5ac000 +0x500000 ... ok
map 0x7ebab0000 +0x500000 ... ok
map 0x7ebfb4000 +0x500000 ... ok
map 0x7ec4b8000 +0x500000 ... ok
map 0x7ec9bc000 +0x500000 ... ok
map 0x7ecec0000 +0x500000 ... ok
map 0x7ed3c4000 +0x500000 ... ok
map 0x7ed8c8000 +0x500000 ... ok
map 0x7eddcc000 +0x200000 ... ok
map 0x7edfd0000 +0x200000 ... ok
map 0x7ee1d4000 +0x200000 ... ok
map 0x7ee3d8000 +0x120000 ... ok
map 0x7ee4fc000 +0x120000 ... ok
map 0x7ee620000 +0x120000 ... ok
map 0x7ee744000 +0x120000 ... ok
map 0x7ee868000 +0x120000 ... ok
map 0x7ee98c000 +0x120000 ... ok
map 0x7eeab0000 +0x120000 ... ok
map 0x7eebd4000 +0x200000 ... ok
map 0x7eedd8000 +0x200000 ... ok
map 0x7eefdc000 +0x200000 ... ok
map 0x7ef1e0000 +0x200000 ... ok
map 0x7ef3e4000 +0x200000 ... ok
map 0x7ef5e8000 +0x200000 ... ok
map 0x7ef7ec000 +0x200000 ... ok
map 0x7ef9f0000 +0x200000 ... ok
map 0x90f220000 +0x30000 ... ok
map 0x1000000000 +0x440000 ... ok
map 0x1054e00000 +0x1ae0000 ... ok
map 0x10ea000000 +0x60000 ... ok
map 0x10ea060000 +0x60000 ... ok
map 0x10ea0c0000 +0x20000 ... ok
map 0x10ea0e0000 +0x160000 ... ok
map 0x10ea240000 +0xb0000 ... ok
map 0x10ea2f0000 +0xac0000 ... ok
map 0x10eadb0000 +0x60000 ... ok
map 0x10eae10000 +0x20000 ... ok
map 0x10eae30000 +0x11f0000 ... ok
vmas 98 total 13062.4 MiB resident 847.1 MiB mapped 853.0 MiB
submit #4 cc 3 dwords at 0x313b17cd4: pass 0 rewrite 1 drop 0 unmapped 0 cc 1 mappings 385 ... OK rc 0 4.65 ms
  load op 61 at 10: base 0xfe0008000 pairs (0x0,215) (0xd8,272) (0x1f5,4) (0x1ff,158) (0x2a0,2) (0x2a3,1) (0x2a5,66) (0x2f5,203)
  load op 5f at 29: base 0xfe0010000 pairs (0x1,1) (0x6,38) (0x32,4) (0x80,4) (0x87,37) (0xb2,4) (0xc8,2) (0x100,4) (0x107,37) (0x132,4) (0x148,2) (0x204,3) (0x20c,2) (0x212,2) (0x215,6) (0x224,5) (0x22a,1) (0x240,16) (0x27d,1) (0x280,1) (0x207,3)
  load op 5e at 74: base 0xfe0011000 pairs (0x35,8) (0xa2,1) (0x242,1) (0x248,1) (0x24a,2) (0x25b,6) (0x262,1) (0x2bb,5) (0x2c4,16) (0x2e4,8) (0x380,2) (0x383,2) (0x41d,3) (0x24d,1)
  load op 61 at 105: base 0xfe0008000 pairs (0x0,0)
  load op 5f at 110: base 0xfe0010000 pairs (0x0,0)
  load op 5e at 115: base 0xfe0011000 pairs (0x0,0)
  load op 61 at 125: base 0xfe0008000 pairs (0x0,0)
  load op 5f at 130: base 0xfe0010000 pairs (0x0,0)
  load op 5e at 135: base 0xfe0011000 pairs (0x0,0)
submit #5 hib 150 dwords at 0xfe0000000: pass 12 rewrite 2 drop 2 unmapped 0 cc 2 mappings 385 ... OK rc 0 4.77 ms
submit #6 hib 2 dwords at 0xfe003a200: pass 1 rewrite 0 drop 0 unmapped 0 cc 0 mappings 385 ... OK rc 0 4.59 ms
  load op 9f at 38: addr 0xfe0040068 idx 0 fmt 1 regoff 0x0 n 921 (table contents not committed)
  load op 63 at 43: addr 0xfe0042068 idx 0 fmt 1 regoff 0x0 n 174 (table contents not committed)
  load op 64 at 48: addr 0xfe00425d8 idx 0 fmt 1 regoff 0x0 n 49 (table contents not committed)
submit #7 dcb 96 dwords at 0xfe0042920: pass 20 rewrite 0 drop 4 unmapped 1 cc 0 mappings 385 ... OK rc 0 4.68 ms
submit #8 cc 3 dwords at 0x313b17cf4: pass 0 rewrite 1 drop 0 unmapped 0 cc 1 mappings 385 ... OK rc 0 4.62 ms
  load op 61 at 10: base 0xfe0008000 pairs (0x0,215) (0xd8,272) (0x1f5,4) (0x1ff,158) (0x2a0,2) (0x2a3,1) (0x2a5,66) (0x2f5,203)
  load op 5f at 29: base 0xfe0010000 pairs (0x1,1) (0x6,38) (0x32,4) (0x80,4) (0x87,37) (0xb2,4) (0xc8,2) (0x100,4) (0x107,37) (0x132,4) (0x148,2) (0x204,3) (0x20c,2) (0x212,2) (0x215,6) (0x224,5) (0x22a,1) (0x240,16) (0x27d,1) (0x280,1) (0x207,3)
  load op 5e at 74: base 0xfe0011000 pairs (0x35,8) (0xa2,1) (0x242,1) (0x248,1) (0x24a,2) (0x25b,6) (0x262,1) (0x2bb,5) (0x2c4,16) (0x2e4,8) (0x380,2) (0x383,2) (0x41d,3) (0x24d,1)
  load op 61 at 105: base 0xfe0008000 pairs (0x0,0)
  load op 5f at 110: base 0xfe0010000 pairs (0x0,0)
  load op 5e at 115: base 0xfe0011000 pairs (0x0,0)
  load op 61 at 125: base 0xfe0008000 pairs (0x0,0)
  load op 5f at 130: base 0xfe0010000 pairs (0x0,0)
  load op 5e at 135: base 0xfe0011000 pairs (0x0,0)
submit #9 hib 150 dwords at 0xfe0000000: pass 12 rewrite 2 drop 2 unmapped 0 cc 2 mappings 385 ... OK rc 0 4.66 ms
submit #10 hib 2 dwords at 0xfe003a200: pass 1 rewrite 0 drop 0 unmapped 0 cc 0 mappings 385 ... OK rc 0 4.59 ms
  load op 9f at 38: addr 0xfe0040068 idx 0 fmt 1 regoff 0x0 n 921 (table contents not committed)
  load op 63 at 43: addr 0xfe0042068 idx 0 fmt 1 regoff 0x0 n 174 (table contents not committed)
  load op 64 at 48: addr 0xfe00425d8 idx 0 fmt 1 regoff 0x0 n 49 (table contents not committed)
submit #11 dcb 96 dwords at 0xfe0042920: pass 20 rewrite 0 drop 4 unmapped 1 cc 0 mappings 385 ... OK rc 0 4.68 ms
hint CB0 0x538bc0000: window 0x536bc0000+0x4000000, mapped +64.0 MiB
hint CB0 0x55675f000: window 0x554750000+0x4000000, mapped +31.9 MiB
hint CB0 0x563800000: window 0x561800000+0x4000000, mapped +64.0 MiB
hint CB0 0x55c00d000: window 0x55a000000+0x4000000, mapped +63.9 MiB
hint CB0 0x5637f0000: window 0x5617f0000+0x4000000, mapped +0.1 MiB
hint CB0 0x516830000: window 0x514830000+0x4000000, mapped +64.0 MiB
hint CB0 0x56c05e000: window 0x56a050000+0x4000000, mapped +63.4 MiB
hint DB_HTILE 0x514050000: window 0x512050000+0x4000000, mapped +39.9 MiB
hint DB_Z_READ 0x513560000: window 0x511560000+0x4000000, mapped +10.9 MiB
hint DB_STENCIL_READ 0x513dd0000: window 0x511dd0000+0x4000000, mapped +0.0 MiB
  load op 9f at 36: addr 0xfe0040068 idx 0 fmt 1 regoff 0x0 n 921 (table contents not committed)
  load op 63 at 41: addr 0xfe0042068 idx 0 fmt 1 regoff 0x0 n 174 (table contents not committed)
  load op 64 at 46: addr 0xfe00425d8 idx 0 fmt 1 regoff 0x0 n 57 (table contents not committed)
  load op 9f at 88: addr 0x504301500 idx 0 fmt 1 regoff 0x0 n 136 (table contents not committed)
  load op 64 at 93: addr 0x504300500 idx 0 fmt 1 regoff 0x0 n 3 (table contents not committed)
  load op 63 at 98: addr 0x5042ff500 idx 0 fmt 1 regoff 0x0 n 3 (table contents not committed)
  load op 9f at 1460: addr 0xfe0040068 idx 0 fmt 1 regoff 0x0 n 921 (table contents not committed)
  load op 9f at 1467: addr 0x504301940 idx 0 fmt 1 regoff 0x0 n 70 (table contents not committed)
  load op 63 at 1472: addr 0x908e5ff90 idx 0 fmt 1 regoff 0x0 n 6 (table contents not committed)
  load op 9f at 1477: addr 0x908e5ffc0 idx 0 fmt 1 regoff 0x0 n 10 (table contents not committed)
  load op 63 at 1482: addr 0x908e5f7d0 idx 0 fmt 1 regoff 0x0 n 6 (table contents not committed)
  load op 9f at 1487: addr 0x908e5f800 idx 0 fmt 1 regoff 0x0 n 9 (table contents not committed)
  load op 64 at 1492: addr 0x504300518 idx 0 fmt 1 regoff 0x0 n 5 (table contents not committed)
  load op 9f at 2112: addr 0x504301b70 idx 0 fmt 1 regoff 0x0 n 131 (table contents not committed)
  load op 64 at 2119: addr 0x504300540 idx 0 fmt 1 regoff 0x0 n 1 (table contents not committed)
  load op 9f at 2151: addr 0xfe0040068 idx 0 fmt 1 regoff 0x0 n 921 (table contents not committed)
  load op 9f at 2158: addr 0x504301f88 idx 0 fmt 1 regoff 0x0 n 70 (table contents not committed)
  load op 63 at 2163: addr 0x908e5ff90 idx 0 fmt 1 regoff 0x0 n 6 (table contents not committed)
  load op 9f at 2168: addr 0x908e5ffc0 idx 0 fmt 1 regoff 0x0 n 10 (table contents not committed)
  load op 63 at 2173: addr 0x908e5f7d0 idx 0 fmt 1 regoff 0x0 n 6 (table contents not committed)
  load op 9f at 2178: addr 0x908e5f800 idx 0 fmt 1 regoff 0x0 n 9 (table contents not committed)
  load op 64 at 2183: addr 0x504300548 idx 0 fmt 1 regoff 0x0 n 5 (table contents not committed)
  load op 9f at 2301: addr 0x5043021b8 idx 0 fmt 1 regoff 0x0 n 98 (table contents not committed)
  load op 64 at 2308: addr 0x504300570 idx 0 fmt 1 regoff 0x0 n 1 (table contents not committed)
  load op 9f at 2313: addr 0x5042fe500 idx 0 fmt 1 regoff 0x0 n 33 (table contents not committed)
  load op 9f at 2345: addr 0xfe0040068 idx 0 fmt 1 regoff 0x0 n 921 (table contents not committed)
  load op 9f at 2352: addr 0x5042fe608 idx 0 fmt 1 regoff 0x0 n 70 (table contents not committed)
  load op 63 at 2357: addr 0x908e5ff90 idx 0 fmt 1 regoff 0x0 n 6 (table contents not committed)
  load op 9f at 2362: addr 0x908e5ffc0 idx 0 fmt 1 regoff 0x0 n 10 (table contents not committed)
  load op 63 at 2367: addr 0x908e5f7d0 idx 0 fmt 1 regoff 0x0 n 6 (table contents not committed)
  load op 9f at 2372: addr 0x908e5f800 idx 0 fmt 1 regoff 0x0 n 9 (table contents not committed)
  load op 64 at 2377: addr 0x504300578 idx 0 fmt 1 regoff 0x0 n 5 (table contents not committed)
  load op 63 at 2473: addr 0x5042ff518 idx 0 fmt 1 regoff 0x0 n 10 (table contents not committed)
  load op 63 at 2664: addr 0x5042ff568 idx 0 fmt 1 regoff 0x0 n 28 (table contents not committed)
  load op 64 at 2738: addr 0x5043005a0 idx 0 fmt 1 regoff 0x0 n 5 (table contents not committed)
  load op 9f at 2745: addr 0x5042fe838 idx 0 fmt 1 regoff 0x0 n 290 (table contents not committed)
submit #12 dcb 3257 dwords at 0x503c02500: pass 333 rewrite 76 drop 191 unmapped 52 cc 6 mappings 401 ... OK rc 0 6.81 ms
  load op 9f at 38: addr 0xfe0040068 idx 0 fmt 1 regoff 0x0 n 921 (table contents not committed)
  load op 63 at 43: addr 0xfe0042068 idx 0 fmt 1 regoff 0x0 n 174 (table contents not committed)
  load op 64 at 48: addr 0xfe00425d8 idx 0 fmt 1 regoff 0x0 n 57 (table contents not committed)
  load op 9f at 90: addr 0x505e01500 idx 0 fmt 1 regoff 0x0 n 5 (table contents not committed)
  load op 64 at 95: addr 0x505e00500 idx 0 fmt 1 regoff 0x0 n 2 (table contents not committed)
  load op 63 at 100: addr 0x505dff500 idx 0 fmt 1 regoff 0x0 n 3 (table contents not committed)
submit #13 dcb 851 dwords at 0x505a02500: pass 47 rewrite 29 drop 71 unmapped 25 cc 0 mappings 401 ... OK rc 0 6.48 ms
hint CB0 0x510d10000: window 0x50ed10000+0x4000000, mapped +40.3 MiB
hint CB0 0x56d898000: window 0x56b890000+0x4000000, mapped +23.4 MiB
hint CB0 0x512570000: window 0x510570000+0x4000000, mapped +0.0 MiB
  load op 9f at 35: addr 0xfe0040068 idx 0 fmt 1 regoff 0x0 n 921 (table contents not committed)
  load op 63 at 40: addr 0xfe0042068 idx 0 fmt 1 regoff 0x0 n 174 (table contents not committed)
  load op 64 at 45: addr 0xfe00425d8 idx 0 fmt 1 regoff 0x0 n 57 (table contents not committed)
  load op 9f at 87: addr 0x506e01500 idx 0 fmt 1 regoff 0x0 n 136 (table contents not committed)
  load op 64 at 92: addr 0x506e00500 idx 0 fmt 1 regoff 0x0 n 3 (table contents not committed)
  load op 63 at 97: addr 0x506dff500 idx 0 fmt 1 regoff 0x0 n 3 (table contents not committed)
  load op 9f at 212: addr 0xfe0040068 idx 0 fmt 1 regoff 0x0 n 921 (table contents not committed)
  load op 9f at 219: addr 0x506e01940 idx 0 fmt 1 regoff 0x0 n 70 (table contents not committed)
  load op 63 at 224: addr 0x908e5ff90 idx 0 fmt 1 regoff 0x0 n 6 (table contents not committed)
  load op 9f at 229: addr 0x908e5ffc0 idx 0 fmt 1 regoff 0x0 n 10 (table contents not committed)
  load op 63 at 234: addr 0x908e5f7d0 idx 0 fmt 1 regoff 0x0 n 6 (table contents not committed)
  load op 9f at 239: addr 0x908e5f800 idx 0 fmt 1 regoff 0x0 n 9 (table contents not committed)
  load op 64 at 244: addr 0x506e00518 idx 0 fmt 1 regoff 0x0 n 5 (table contents not committed)
  load op 9f at 340: addr 0x506e01b70 idx 0 fmt 1 regoff 0x0 n 131 (table contents not committed)
  load op 64 at 347: addr 0x506e00540 idx 0 fmt 1 regoff 0x0 n 1 (table contents not committed)
  load op 9f at 379: addr 0xfe0040068 idx 0 fmt 1 regoff 0x0 n 921 (table contents not committed)
  load op 9f at 386: addr 0x506e01f88 idx 0 fmt 1 regoff 0x0 n 70 (table contents not committed)
  load op 63 at 391: addr 0x908e5ff90 idx 0 fmt 1 regoff 0x0 n 6 (table contents not committed)
  load op 9f at 396: addr 0x908e5ffc0 idx 0 fmt 1 regoff 0x0 n 10 (table contents not committed)
  load op 63 at 401: addr 0x908e5f7d0 idx 0 fmt 1 regoff 0x0 n 6 (table contents not committed)
  load op 9f at 406: addr 0x908e5f800 idx 0 fmt 1 regoff 0x0 n 9 (table contents not committed)
  load op 64 at 411: addr 0x506e00548 idx 0 fmt 1 regoff 0x0 n 5 (table contents not committed)
  load op 9f at 548: addr 0x506e021b8 idx 0 fmt 1 regoff 0x0 n 98 (table contents not committed)
  load op 64 at 555: addr 0x506e00570 idx 0 fmt 1 regoff 0x0 n 1 (table contents not committed)
  load op 9f at 560: addr 0x506dfe500 idx 0 fmt 1 regoff 0x0 n 33 (table contents not committed)
  load op 9f at 592: addr 0xfe0040068 idx 0 fmt 1 regoff 0x0 n 921 (table contents not committed)
  load op 9f at 599: addr 0x506dfe608 idx 0 fmt 1 regoff 0x0 n 70 (table contents not committed)
  load op 63 at 604: addr 0x908e5ff90 idx 0 fmt 1 regoff 0x0 n 6 (table contents not committed)
  load op 9f at 609: addr 0x908e5ffc0 idx 0 fmt 1 regoff 0x0 n 10 (table contents not committed)
  load op 63 at 614: addr 0x908e5f7d0 idx 0 fmt 1 regoff 0x0 n 6 (table contents not committed)
  load op 9f at 619: addr 0x908e5f800 idx 0 fmt 1 regoff 0x0 n 9 (table contents not committed)
  load op 64 at 624: addr 0x506e00578 idx 0 fmt 1 regoff 0x0 n 5 (table contents not committed)
submit #14 dcb 798 dwords at 0x506802500: pass 103 rewrite 18 drop 39 unmapped 10 cc 6 mappings 407 ... OK rc 0 6.98 ms
hint DB_HTILE 0x55c050000: window 0x55a050000+0x4000000, mapped +0.3 MiB
hint DB_Z_READ 0x527430000: window 0x525430000+0x4000000, mapped +64.0 MiB
  load op 9f at 36: addr 0xfe0040068 idx 0 fmt 1 regoff 0x0 n 921 (table contents not committed)
  load op 63 at 41: addr 0xfe0042068 idx 0 fmt 1 regoff 0x0 n 174 (table contents not committed)
  load op 64 at 46: addr 0xfe00425d8 idx 0 fmt 1 regoff 0x0 n 57 (table contents not committed)
  load op 9f at 88: addr 0x505201500 idx 0 fmt 1 regoff 0x0 n 5 (table contents not committed)
  load op 64 at 93: addr 0x505200500 idx 0 fmt 1 regoff 0x0 n 2 (table contents not committed)
  load op 63 at 98: addr 0x5051ff500 idx 0 fmt 1 regoff 0x0 n 3 (table contents not committed)
  load op 9f at 756: addr 0xfe0040068 idx 0 fmt 1 regoff 0x0 n 921 (table contents not committed)
  load op 9f at 763: addr 0x505201528 idx 0 fmt 1 regoff 0x0 n 74 (table contents not committed)
  load op 63 at 768: addr 0x908e5ff90 idx 0 fmt 1 regoff 0x0 n 6 (table contents not committed)
  load op 9f at 773: addr 0x908e5ffc0 idx 0 fmt 1 regoff 0x0 n 10 (table contents not committed)
  load op 64 at 778: addr 0x505200510 idx 0 fmt 1 regoff 0x0 n 5 (table contents not committed)
  load op 9f at 901: addr 0xfe0040068 idx 0 fmt 1 regoff 0x0 n 921 (table contents not committed)
  load op 9f at 908: addr 0x505201778 idx 0 fmt 1 regoff 0x0 n 74 (table contents not committed)
  load op 63 at 913: addr 0x908e5ff90 idx 0 fmt 1 regoff 0x0 n 6 (table contents not committed)
  load op 9f at 918: addr 0x908e5ffc0 idx 0 fmt 1 regoff 0x0 n 10 (table contents not committed)
  load op 64 at 923: addr 0x505200538 idx 0 fmt 1 regoff 0x0 n 5 (table contents not committed)
  load op 9f at 1046: addr 0xfe0040068 idx 0 fmt 1 regoff 0x0 n 921 (table contents not committed)
  load op 9f at 1053: addr 0x5052019c8 idx 0 fmt 1 regoff 0x0 n 74 (table contents not committed)
  load op 63 at 1058: addr 0x908e5ff90 idx 0 fmt 1 regoff 0x0 n 6 (table contents not committed)
  load op 9f at 1063: addr 0x908e5ffc0 idx 0 fmt 1 regoff 0x0 n 10 (table contents not committed)
  load op 64 at 1068: addr 0x505200560 idx 0 fmt 1 regoff 0x0 n 5 (table contents not committed)
submit #15 dcb 1248 dwords at 0x504e02500: pass 151 rewrite 25 drop 66 unmapped 14 cc 6 mappings 409 ... OK rc 0 7.23 ms
map 0x507410000 +0x140000 ... ok
vmas 98 total 13062.4 MiB resident 1384.3 MiB mapped 1384.3 MiB
hint CB0 0x5104a0000: window 0x50e4a0000+0x4000000, mapped +8.4 MiB
hint CB0 0x56d88c000: window 0x56b880000+0x4000000, mapped +0.0 MiB
hint CB0 0x514080000: window 0x512080000+0x4000000, mapped +0.0 MiB
hint CB0 0x56d8b8000: window 0x56b8b0000+0x4000000, mapped +0.1 MiB
hint CB0 0x53ad00000: window 0x538d00000+0x4000000, mapped +33.2 MiB
hint CB0 0x570800000: window 0x56e800000+0x4000000, mapped +46.1 MiB
hint CB0 0x53b9f0000: window 0x5399f0000+0x4000000, mapped +12.9 MiB
hint CB0 0x53be70000: window 0x539e70000+0x4000000, mapped +4.5 MiB
hint CB0 0x53aa00000: window 0x538a00000+0x4000000, mapped +0.0 MiB
hint CB0 0x57082c000: window 0x56e820000+0x4000000, mapped +0.1 MiB
hint CB0 0x5708cc000: window 0x56e8c0000+0x4000000, mapped +0.6 MiB
hint CB0 0x53a500000: window 0x538500000+0x4000000, mapped +0.0 MiB
hint CB0 0x5708e4000: window 0x56e8e0000+0x4000000, mapped +0.1 MiB
hint CB0 0x53b270000: window 0x539270000+0x4000000, mapped +0.0 MiB
hint CB0 0x53b330000: window 0x539330000+0x4000000, mapped +0.0 MiB
hint CB0 0x53b3f0000: window 0x5393f0000+0x4000000, mapped +0.0 MiB
hint CB0 0x53b430000: window 0x539430000+0x4000000, mapped +0.0 MiB
hint CB0 0x53b470000: window 0x539470000+0x4000000, mapped +0.0 MiB
hint CB0 0x53b480000: window 0x539480000+0x4000000, mapped +0.0 MiB
hint CB0 0x53d410000: window 0x53b410000+0x4000000, mapped +21.6 MiB
hint CB0 0x5708d8000: window 0x56e8d0000+0x4000000, mapped +0.0 MiB
hint CB0 0x570854000: window 0x56e850000+0x4000000, mapped +0.0 MiB
hint CB0 0x507410000: window 0x505410000+0x4000000, mapped +62.3 MiB
  load op 9f at 28: addr 0xfe0040068 idx 0 fmt 1 regoff 0x0 n 921 (table contents not committed)
  load op 63 at 33: addr 0xfe0042068 idx 0 fmt 1 regoff 0x0 n 174 (table contents not committed)
  load op 64 at 38: addr 0xfe00425d8 idx 0 fmt 1 regoff 0x0 n 57 (table contents not committed)
  load op 9f at 80: addr 0x502e01500 idx 0 fmt 1 regoff 0x0 n 295 (table contents not committed)
  load op 64 at 85: addr 0x502e00500 idx 0 fmt 1 regoff 0x0 n 7 (table contents not committed)
  load op 63 at 90: addr 0x502dff500 idx 0 fmt 1 regoff 0x0 n 13 (table contents not committed)
  load op 63 at 342: addr 0x502dff568 idx 0 fmt 1 regoff 0x0 n 10 (table contents not committed)
  load op 63 at 734: addr 0x502dff5b8 idx 0 fmt 1 regoff 0x0 n 18 (table contents not committed)
  load op 63 at 1217: addr 0x502dff648 idx 0 fmt 1 regoff 0x0 n 10 (table contents not committed)
  load op 63 at 1249: addr 0x502dff698 idx 0 fmt 1 regoff 0x0 n 10 (table contents not committed)
  load op 63 at 1281: addr 0x502dff6e8 idx 0 fmt 1 regoff 0x0 n 10 (table contents not committed)
  load op 63 at 1313: addr 0x502dff738 idx 0 fmt 1 regoff 0x0 n 10 (table contents not committed)
  load op 9f at 1724: addr 0xfe0040068 idx 0 fmt 1 regoff 0x0 n 921 (table contents not committed)
  load op 9f at 1731: addr 0x502e01e38 idx 0 fmt 1 regoff 0x0 n 74 (table contents not committed)
  load op 63 at 1736: addr 0x908e5ff90 idx 0 fmt 1 regoff 0x0 n 6 (table contents not committed)
  load op 9f at 1741: addr 0x908e5ffc0 idx 0 fmt 1 regoff 0x0 n 10 (table contents not committed)
  load op 64 at 1746: addr 0x502e00538 idx 0 fmt 1 regoff 0x0 n 5 (table contents not committed)
  load op 9f at 1799: addr 0x502e02088 idx 0 fmt 1 regoff 0x0 n 132 (table contents not committed)
  load op 63 at 1804: addr 0x502dff788 idx 0 fmt 1 regoff 0x0 n 30 (table contents not committed)
  load op 64 at 1884: addr 0x502e00560 idx 0 fmt 1 regoff 0x0 n 5 (table contents not committed)
  load op 9f at 1891: addr 0x502dfd440 idx 0 fmt 1 regoff 0x0 n 175 (table contents not committed)
  load op 63 at 2106: addr 0x502dff878 idx 0 fmt 1 regoff 0x0 n 20 (table contents not committed)
  load op 9f at 3069: addr 0xfe0040068 idx 0 fmt 1 regoff 0x0 n 921 (table contents not committed)
  load op 9f at 3076: addr 0x502dfd9b8 idx 0 fmt 1 regoff 0x0 n 70 (table contents not committed)
  load op 63 at 3081: addr 0x908e5ff90 idx 0 fmt 1 regoff 0x0 n 6 (table contents not committed)
  load op 9f at 3086: addr 0x908e5ffc0 idx 0 fmt 1 regoff 0x0 n 10 (table contents not committed)
  load op 63 at 3091: addr 0x908e5f7d0 idx 0 fmt 1 regoff 0x0 n 6 (table contents not committed)
  load op 9f at 3096: addr 0x908e5f800 idx 0 fmt 1 regoff 0x0 n 9 (table contents not committed)
  load op 64 at 3101: addr 0x502e00588 idx 0 fmt 1 regoff 0x0 n 5 (table contents not committed)
  load op 9f at 3140: addr 0x502dfdbe8 idx 0 fmt 1 regoff 0x0 n 19 (table contents not committed)
  load op 63 at 3145: addr 0x502dff918 idx 0 fmt 1 regoff 0x0 n 12 (table contents not committed)
  load op 9f at 3268: addr 0xfe0040068 idx 0 fmt 1 regoff 0x0 n 921 (table contents not committed)
  load op 9f at 3275: addr 0x502dfdc80 idx 0 fmt 1 regoff 0x0 n 74 (table contents not committed)
  load op 63 at 3280: addr 0x908e5ff90 idx 0 fmt 1 regoff 0x0 n 6 (table contents not committed)
  load op 9f at 3285: addr 0x908e5ffc0 idx 0 fmt 1 regoff 0x0 n 10 (table contents not committed)
  load op 64 at 3290: addr 0x502e005b0 idx 0 fmt 1 regoff 0x0 n 5 (table contents not committed)
  load op 9f at 3329: addr 0x502dfded0 idx 0 fmt 1 regoff 0x0 n 166 (table contents not committed)
  load op 63 at 3334: addr 0x502dff978 idx 0 fmt 1 regoff 0x0 n 30 (table contents not committed)
  load op 64 at 3430: addr 0x502e005d8 idx 0 fmt 1 regoff 0x0 n 5 (table contents not committed)
  load op 9f at 3437: addr 0x502dfc320 idx 0 fmt 1 regoff 0x0 n 135 (table contents not committed)
  load op 63 at 3675: addr 0x502dffa68 idx 0 fmt 1 regoff 0x0 n 36 (table contents not committed)
  load op 64 at 4540: addr 0x502e00600 idx 0 fmt 1 regoff 0x0 n 6 (table contents not committed)
  load op 9f at 4545: addr 0x502dfc758 idx 0 fmt 1 regoff 0x0 n 376 (table contents not committed)
  load op 9f at 4552: addr 0x502dfb118 idx 0 fmt 1 regoff 0x0 n 205 (table contents not committed)
  load op 9f at 4853: addr 0xfe0040068 idx 0 fmt 1 regoff 0x0 n 921 (table contents not committed)
  load op 9f at 4860: addr 0x502dfb780 idx 0 fmt 1 regoff 0x0 n 74 (table contents not committed)
  load op 63 at 4865: addr 0x908e5ff90 idx 0 fmt 1 regoff 0x0 n 6 (table contents not committed)
  load op 9f at 4870: addr 0x908e5ffc0 idx 0 fmt 1 regoff 0x0 n 10 (table contents not committed)
  load op 64 at 4875: addr 0x502e00630 idx 0 fmt 1 regoff 0x0 n 5 (table contents not committed)
  load op 63 at 4914: addr 0x502dffb88 idx 0 fmt 1 regoff 0x0 n 21 (table contents not committed)
  load op 9f at 4925: addr 0x502dfb9d0 idx 0 fmt 1 regoff 0x0 n 223 (table contents not committed)
  load op 63 at 5714: addr 0x502dffc30 idx 0 fmt 1 regoff 0x0 n 10 (table contents not committed)
  load op 63 at 5831: addr 0x502dffc80 idx 0 fmt 1 regoff 0x0 n 28 (table contents not committed)
  load op 64 at 5910: addr 0x502e00658 idx 0 fmt 1 regoff 0x0 n 5 (table contents not committed)
  load op 9f at 5917: addr 0x502df9e30 idx 0 fmt 1 regoff 0x0 n 67 (table contents not committed)
  load op 9f at 6045: addr 0x502dfa048 idx 0 fmt 1 regoff 0x0 n 121 (table contents not committed)
  load op 63 at 6050: addr 0x502dffd60 idx 0 fmt 1 regoff 0x0 n 18 (table contents not committed)
  load op 64 at 6055: addr 0x502e00680 idx 0 fmt 1 regoff 0x0 n 3 (table contents not committed)
  load op 9f at 6204: addr 0x502dfa410 idx 0 fmt 1 regoff 0x0 n 121 (table contents not committed)
  load op 63 at 6209: addr 0x502dffdf0 idx 0 fmt 1 regoff 0x0 n 18 (table contents not committed)
  load op 64 at 6214: addr 0x502e00698 idx 0 fmt 1 regoff 0x0 n 3 (table contents not committed)
  load op 63 at 6578: addr 0x502dffe80 idx 0 fmt 1 regoff 0x0 n 10 (table contents not committed)
  load op 9f at 7058: addr 0x502dfa7d8 idx 0 fmt 1 regoff 0x0 n 195 (table contents not committed)
  load op 9f at 7063: addr 0x502df8d80 idx 0 fmt 1 regoff 0x0 n 85 (table contents not committed)
  load op 63 at 7068: addr 0x502dffed0 idx 0 fmt 1 regoff 0x0 n 18 (table contents not committed)
  load op 64 at 7073: addr 0x502e006b0 idx 0 fmt 1 regoff 0x0 n 3 (table contents not committed)
  load op 9f at 7186: addr 0x502df9028 idx 0 fmt 1 regoff 0x0 n 129 (table contents not committed)
  load op 63 at 7191: addr 0x502dfff60 idx 0 fmt 1 regoff 0x0 n 18 (table contents not committed)
  load op 64 at 7196: addr 0x502e006c8 idx 0 fmt 1 regoff 0x0 n 3 (table contents not committed)
  load op 9f at 7309: addr 0x502df9430 idx 0 fmt 1 regoff 0x0 n 129 (table contents not committed)
  load op 63 at 7314: addr 0x502dffff0 idx 0 fmt 1 regoff 0x0 n 18 (table contents not committed)
  load op 64 at 7319: addr 0x502e006e0 idx 0 fmt 1 regoff 0x0 n 3 (table contents not committed)
  load op 9f at 7432: addr 0x502df9838 idx 0 fmt 1 regoff 0x0 n 58 (table contents not committed)
  load op 9f at 7537: addr 0x502df9a08 idx 0 fmt 1 regoff 0x0 n 66 (table contents not committed)
  load op 9f at 7642: addr 0x502df9c18 idx 0 fmt 1 regoff 0x0 n 37 (table contents not committed)
  load op 9f at 7647: addr 0x502df7300 idx 0 fmt 1 regoff 0x0 n 21 (table contents not committed)
  load op 9f at 7752: addr 0x502df73a8 idx 0 fmt 1 regoff 0x0 n 66 (table contents not committed)
  load op 9f at 7857: addr 0x502df75b8 idx 0 fmt 1 regoff 0x0 n 58 (table contents not committed)
  load op 9f at 7962: addr 0x502df7788 idx 0 fmt 1 regoff 0x0 n 130 (table contents not committed)
  load op 63 at 7967: addr 0x502e00080 idx 0 fmt 1 regoff 0x0 n 18 (table contents not committed)
  load op 64 at 7972: addr 0x502e006f8 idx 0 fmt 1 regoff 0x0 n 3 (table contents not committed)
  load op 9f at 8099: addr 0x502df7b98 idx 0 fmt 1 regoff 0x0 n 135 (table contents not committed)
  load op 63 at 8104: addr 0x502e00110 idx 0 fmt 1 regoff 0x0 n 18 (table contents not committed)
  load op 64 at 8109: addr 0x502e00710 idx 0 fmt 1 regoff 0x0 n 3 (table contents not committed)
  load op 63 at 8687: addr 0x502e001a0 idx 0 fmt 1 regoff 0x0 n 10 (table contents not committed)
  load op 63 at 9273: addr 0x502e001f0 idx 0 fmt 1 regoff 0x0 n 28 (table contents not committed)
  load op 64 at 9381: addr 0x502e00728 idx 0 fmt 1 regoff 0x0 n 5 (table contents not committed)
  load op 9f at 9386: addr 0x502df7fd0 idx 0 fmt 1 regoff 0x0 n 97 (table contents not committed)
  load op 9f at 9393: addr 0x502df5868 idx 0 fmt 1 regoff 0x0 n 183 (table contents not committed)
submit #16 dcb 9891 dwords at 0x502702500: pass 667 rewrite 260 drop 670 unmapped 228 cc 8 mappings 435 ... FAILED rc 0 TIMEOUT 2019.13 ms
timeout: fault 0x532832000 status 0x00641051
learned: fault 0x532832000 -> region 0x52e000000+0x6000000 (saved)
reopen: ok
map 0x200000000 +0x18000 ... ok
map 0x200018000 +0x58000 ... ok
map 0x200070000 +0x10000 ... ok
map 0x2001e0000 +0x10000 ... ok
map 0x2001f0000 +0x4000 ... ok
map 0x2001f4000 +0x4000 ... ok
map 0x2001f8000 +0x60000 ... ok
map 0x300000000 +0x934000 ... ok
map 0x300938000 +0x30000 ... ok
map 0x300a48000 +0x24000 ... ok
map 0x300a70000 +0x14000 ... ok
map 0x300c78000 +0x14000 ... ok
map 0x300e80000 +0x14000 ... ok
map 0x301088000 +0x14000 ... ok
map 0x301290000 +0x14000 ... ok
map 0x301498000 +0x14000 ... ok
map 0x301690000 +0x24000 ... ok
map 0x3018a8000 +0x14000 ... ok
map 0x301aa0000 +0x30000 ... ok
map 0x301de0000 +0x450000 ... ok
map 0x3022b0000 +0x8e0000 ... ok
map 0x303530000 +0x20000 ... ok
map 0x303930000 +0x60000 ... ok
map 0x303b70000 +0x40000 ... ok
map 0x303bc0000 +0x30000 ... ok
map 0x303dc0000 +0x40000 ... ok
map 0x3041f0000 +0x10000 ... ok
map 0x3045f0000 +0x20000 ... ok
map 0x304a00000 +0x10000 ... ok
map 0x304e00000 +0x20000 ... ok
map 0x305210000 +0x10000 ... ok
map 0x305610000 +0x20000 ... ok
map 0x305a20000 +0x10000 ... ok
map 0x305e20000 +0x20000 ... ok
map 0x306230000 +0x20000 ... ok
map 0x306640000 +0x10000 ... ok
map 0x306a40000 +0x20000 ... ok
map 0x306e50000 +0x10000 ... ok
map 0x307250000 +0x20000 ... ok
map 0x307660000 +0x10000 ... ok
map 0x307a60000 +0xa00000 ... ok
map 0x308840000 +0x20000 ... ok
map 0x308870000 +0x40000 ... ok
map 0x308b20000 +0x450000 ... ok
map 0x30cb60000 +0x1b30000 ... ok
map 0x30e6a0000 +0x290000 ... ok
map 0x30e940000 +0x10000 ... ok
map 0x30ed40000 +0x20000 ... ok
map 0x30ed70000 +0x1250000 ... ok
map 0x30ffd0000 +0x290000 ... ok
map 0x310270000 +0x10000 ... ok
map 0x310670000 +0x10000 ... ok
map 0x310690000 +0x1100000 ... ok
map 0x311960000 +0x60000 ... ok
map 0x313010000 +0x30000 ... ok
map 0x313130000 +0x10000 ... ok
map 0x313220000 +0x10000 ... ok
map 0x3132a0000 +0x10000 ... ok
map 0x313320000 +0x10000 ... ok
map 0x3133a0000 +0x10000 ... ok
map 0x313420000 +0x10000 ... ok
map 0x3134a0000 +0x10000 ... ok
map 0x313520000 +0xcc000 ... ok
map 0x3135f0000 +0x14000 ... ok
map 0x313638000 +0x14000 ... ok
map 0x313650000 +0x20000 ... ok
map 0x313680000 +0x4000 ... ok
map 0x313688000 +0x14000 ... ok
map 0x3136a0000 +0x14000 ... ok
map 0x3136b8000 +0x14000 ... ok
map 0x3136d0000 +0x14000 ... ok
map 0x3136e8000 +0x14000 ... ok
map 0x313700000 +0x14000 ... ok
map 0x313b08000 +0x20000 ... ok
map 0x313b68000 +0x10000 ... ok
map 0x314368000 +0x4000 ... ok
map 0x314370000 +0x14000 ... ok
map 0x314388000 +0x1130000 ... ok
map 0x3154d8000 +0x10000 ... ok
map 0x315518000 +0x10000 ... ok
map 0x315558000 +0x10000 ... ok
map 0x315598000 +0x10000 ... ok
map 0x3155d8000 +0x10000 ... ok
map 0x315618000 +0x20000 ... ok
map 0x315668000 +0x12c000 ... ok
map 0x315b88000 +0x14000 ... ok
map 0x315f90000 +0x20000 ... ok
map 0x315fe0000 +0x4000 ... ok
map 0x315fe8000 +0xa9f8000 ... ok
map 0x320a14000 +0x30000 ... ok
map 0x321234000 +0x18000 ... ok
map 0x321280000 +0xcac000 ... ok
map 0x321f30000 +0x20d0000 ... ok
map 0x3240f0000 +0x3a0000 ... ok
map 0x324580000 +0x7c000 ... ok
map 0x324670000 +0x440000 ... ok
map 0x37dff0000 +0x10000 ... ok
map 0x400000000 +0x10000 ... ok
map 0x400200000 +0x10000 ... ok
map 0x400280000 +0x10000 ... ok
map 0x4002a0000 +0x10000 ... ok
map 0x400320000 +0x10000 ... ok
map 0x400340000 +0x10000 ... ok
map 0x4003c0000 +0x10000 ... ok
map 0x4003e0000 +0x10000 ... ok
map 0x400460000 +0x10000 ... ok
map 0x400480000 +0x10000 ... ok
map 0x400500000 +0x10000 ... ok
map 0x400520000 +0x10000 ... ok
map 0x4005a0000 +0x10000 ... ok
map 0x4005c0000 +0x10000 ... ok
map 0x400640000 +0x10000 ... ok
map 0x400660000 +0x10000 ... ok
map 0x4006e0000 +0x10000 ... ok
map 0x400700000 +0x10000 ... ok
map 0x400780000 +0x10000 ... ok
map 0x4007a0000 +0x13c0000 ... ok
map 0x401b70000 +0x10000 ... ok
map 0x403670000 +0x70000 ... ok
map 0x40b7f0000 +0x10000 ... ok
map 0x500000000 +0x850000 ... ok
map 0x502000000 +0x10000 ... ok
map 0x502700000 +0x10000 ... ok
map 0x502df0000 +0x20000 ... ok
map 0x5034f0000 +0x20000 ... ok
map 0x503c00000 +0x10000 ... ok
map 0x5042f0000 +0x20000 ... ok
map 0x5049f0000 +0x20000 ... ok
map 0x504e00000 +0x10000 ... ok
map 0x5051f0000 +0x20000 ... ok
map 0x505410000 +0x4000000 ... ok
map 0x50cc30000 +0x10000 ... ok
map 0x50e430000 +0x10000 ... ok
map 0x50e4a0000 +0xa390000 ... ok
map 0x525430000 +0x4000000 ... ok
map 0x536bc0000 +0x8850000 ... ok
map 0x551a50000 +0x10000 ... ok
map 0x553b80000 +0x10000 ... ok
map 0x553be0000 +0x10000 ... ok
map 0x553c00000 +0x10000 ... ok
map 0x553c20000 +0x10000 ... ok
map 0x553c40000 +0x4b10000 ... ok
map 0x55a000000 +0x4050000 ... ok
map 0x5617f0000 +0x4010000 ... ok
map 0x56a050000 +0x8890000 ... ok
map 0x579800000 +0x10000 ... ok
map 0x600000000 +0x10000 ... ok
map 0x607ff0000 +0x10000 ... ok
map 0x7ea6a0000 +0x500000 ... ok
map 0x7eaba4000 +0x500000 ... ok
map 0x7eb0a8000 +0x500000 ... ok
map 0x7eb5ac000 +0x500000 ... ok
map 0x7ebab0000 +0x500000 ... ok
map 0x7ebfb4000 +0x500000 ... ok
map 0x7ec4b8000 +0x500000 ... ok
map 0x7ec9bc000 +0x500000 ... ok
map 0x7ecec0000 +0x500000 ... ok
map 0x7ed3c4000 +0x500000 ... ok
map 0x7ed8c8000 +0x500000 ... ok
map 0x7eddcc000 +0x200000 ... ok
map 0x7edfd0000 +0x200000 ... ok
map 0x7ee1d4000 +0x200000 ... ok
map 0x7ee3d8000 +0x120000 ... ok
map 0x7ee4fc000 +0x120000 ... ok
map 0x7ee620000 +0x120000 ... ok
map 0x7ee744000 +0x120000 ... ok
map 0x7ee868000 +0x120000 ... ok
map 0x7ee98c000 +0x120000 ... ok
map 0x7eeab0000 +0x120000 ... ok
map 0x7eebd4000 +0x200000 ... ok
map 0x7eedd8000 +0x200000 ... ok
map 0x7eefdc000 +0x200000 ... ok
map 0x7ef1e0000 +0x200000 ... ok
map 0x7ef3e4000 +0x200000 ... ok
map 0x7ef5e8000 +0x200000 ... ok
map 0x7ef7ec000 +0x200000 ... ok
map 0x7ef9f0000 +0x200000 ... ok
map 0x7efbf4000 +0x200000 ... ok
map 0x900000000 +0x74c0000 ... ok
map 0x9074c0000 +0x7970000 ... ok
map 0x90eea0000 +0x30000 ... ok
map 0x90f220000 +0x30000 ... ok
map 0x90f270000 +0x278000 ... ok
map 0x90f4e8000 +0xd30000 ... ok
map 0x920000000 +0xcc000 ... ok
map 0x9200cc000 +0x4c000 ... ok
map 0x920118000 +0x2c000 ... ok
map 0x930000000 +0x3f4000 ... ok
map 0x9303f4000 +0x194000 ... ok
map 0x930588000 +0x200000 ... ok
map 0x940000000 +0x18000 ... ok
map 0x940018000 +0x30000 ... ok
map 0x940048000 +0x10000 ... ok
map 0x950000000 +0xc000 ... ok
map 0x95000c000 +0x18000 ... ok
map 0x950024000 +0x4000 ... ok
map 0x960000000 +0x28000 ... ok
map 0x960028000 +0x20000 ... ok
map 0x971608000 +0x8000 ... ok
map 0x980000000 +0x4000 ... ok
map 0x980004000 +0x10000 ... ok
map 0x980084000 +0x8000 ... ok
map 0x990000000 +0x5c000 ... ok
map 0x99005c000 +0x114000 ... ok
map 0x990170000 +0x8000 ... ok
map 0xf00000000 +0x150000 ... ok
map 0xf01140000 +0x1d0000 ... ok
map 0xfe0000000 +0x204000 ... ok
map 0xfe0300000 +0x10000 ... ok
map 0xfe03b0000 +0x20000 ... ok
map 0x1000000000 +0x440000 ... ok
map 0x1054e00000 +0x1ae0000 ... ok
map 0x10ea000000 +0x2020000 ... ok
vmas 98 total 13062.5 MiB resident 1575.5 MiB mapped 1575.8 MiB
learned 0x52e000000: window 0x52e000000+0x6000000, mapped +96.0 MiB
submit #17 cc 3 dwords at 0x313b17cf4: pass 0 rewrite 1 drop 0 unmapped 0 cc 1 mappings 214 ... OK rc 0 8.14 ms
  load op 61 at 10: base 0xfe0008000 pairs (0x0,215) (0xd8,272) (0x1f5,4) (0x1ff,158) (0x2a0,2) (0x2a3,1) (0x2a5,66) (0x2f5,203)
  load op 5f at 29: base 0xfe0010000 pairs (0x1,1) (0x6,38) (0x32,4) (0x80,4) (0x87,37) (0xb2,4) (0xc8,2) (0x100,4) (0x107,37) (0x132,4) (0x148,2) (0x204,3) (0x20c,2) (0x212,2) (0x215,6) (0x224,5) (0x22a,1) (0x240,16) (0x27d,1) (0x280,1) (0x207,3)
  load op 5e at 74: base 0xfe0011000 pairs (0x35,8) (0xa2,1) (0x242,1) (0x248,1) (0x24a,2) (0x25b,6) (0x262,1) (0x2bb,5) (0x2c4,16) (0x2e4,8) (0x380,2) (0x383,2) (0x41d,3) (0x24d,1)
  load op 61 at 105: base 0xfe0008000 pairs (0x0,0)
  load op 5f at 110: base 0xfe0010000 pairs (0x0,0)
  load op 5e at 115: base 0xfe0011000 pairs (0x0,0)
  load op 61 at 125: base 0xfe0008000 pairs (0x0,0)
  load op 5f at 130: base 0xfe0010000 pairs (0x0,0)
  load op 5e at 135: base 0xfe0011000 pairs (0x0,0)
submit #18 hib 150 dwords at 0xfe0000000: pass 12 rewrite 2 drop 2 unmapped 0 cc 2 mappings 214 ... OK rc 0 8.13 ms
submit #19 hib 2 dwords at 0xfe003a200: pass 1 rewrite 0 drop 0 unmapped 0 cc 0 mappings 214 ... OK rc 0 7.93 ms
  load op 9f at 38: addr 0xfe0040068 idx 0 fmt 1 regoff 0x0 n 921 (table contents not committed)
  load op 63 at 43: addr 0xfe0042068 idx 0 fmt 1 regoff 0x0 n 174 (table contents not committed)
  load op 64 at 48: addr 0xfe00425d8 idx 0 fmt 1 regoff 0x0 n 49 (table contents not committed)
submit #20 dcb 96 dwords at 0xfe0042920: pass 20 rewrite 0 drop 4 unmapped 1 cc 0 mappings 214 ... OK rc 0 7.95 ms
hint CB0 0x563800000: window 0x561800000+0x4000000, mapped +0.0 MiB
hint CB0 0x55c00d000: window 0x55a000000+0x4000000, mapped +0.0 MiB
hint CB0 0x5637f0000: window 0x5617f0000+0x4000000, mapped +0.0 MiB
hint CB0 0x516830000: window 0x514830000+0x4000000, mapped +0.0 MiB
hint CB0 0x56c05e000: window 0x56a050000+0x4000000, mapped +0.0 MiB
hint DB_HTILE 0x514050000: window 0x512050000+0x4000000, mapped +0.0 MiB
hint DB_Z_READ 0x513560000: window 0x511560000+0x4000000, mapped +0.0 MiB
hint DB_STENCIL_READ 0x513dd0000: window 0x511dd0000+0x4000000, mapped +0.0 MiB
  load op 9f at 36: addr 0xfe0040068 idx 0 fmt 1 regoff 0x0 n 921 (table contents not committed)
  load op 63 at 41: addr 0xfe0042068 idx 0 fmt 1 regoff 0x0 n 174 (table contents not committed)
  load op 64 at 46: addr 0xfe00425d8 idx 0 fmt 1 regoff 0x0 n 57 (table contents not committed)
  load op 9f at 88: addr 0x504a01500 idx 0 fmt 1 regoff 0x0 n 136 (table contents not committed)
  load op 64 at 93: addr 0x504a00500 idx 0 fmt 1 regoff 0x0 n 3 (table contents not committed)
  load op 63 at 98: addr 0x5049ff500 idx 0 fmt 1 regoff 0x0 n 3 (table contents not committed)
  load op 9f at 1541: addr 0xfe0040068 idx 0 fmt 1 regoff 0x0 n 921 (table contents not committed)
  load op 9f at 1548: addr 0x504a01940 idx 0 fmt 1 regoff 0x0 n 70 (table contents not committed)
  load op 63 at 1553: addr 0x908e5ff90 idx 0 fmt 1 regoff 0x0 n 6 (table contents not committed)
  load op 9f at 1558: addr 0x908e5ffc0 idx 0 fmt 1 regoff 0x0 n 10 (table contents not committed)
  load op 63 at 1563: addr 0x908e5f7d0 idx 0 fmt 1 regoff 0x0 n 6 (table contents not committed)
  load op 9f at 1568: addr 0x908e5f800 idx 0 fmt 1 regoff 0x0 n 9 (table contents not committed)
  load op 64 at 1573: addr 0x504a00518 idx 0 fmt 1 regoff 0x0 n 5 (table contents not committed)
  load op 9f at 1691: addr 0x504a01b70 idx 0 fmt 1 regoff 0x0 n 131 (table contents not committed)
  load op 64 at 1698: addr 0x504a00540 idx 0 fmt 1 regoff 0x0 n 1 (table contents not committed)
  load op 9f at 1730: addr 0xfe0040068 idx 0 fmt 1 regoff 0x0 n 921 (table contents not committed)
  load op 9f at 1737: addr 0x504a01f88 idx 0 fmt 1 regoff 0x0 n 70 (table contents not committed)
  load op 63 at 1742: addr 0x908e5ff90 idx 0 fmt 1 regoff 0x0 n 6 (table contents not committed)
  load op 9f at 1747: addr 0x908e5ffc0 idx 0 fmt 1 regoff 0x0 n 10 (table contents not committed)
  load op 63 at 1752: addr 0x908e5f7d0 idx 0 fmt 1 regoff 0x0 n 6 (table contents not committed)
  load op 9f at 1757: addr 0x908e5f800 idx 0 fmt 1 regoff 0x0 n 9 (table contents not committed)
  load op 64 at 1762: addr 0x504a00548 idx 0 fmt 1 regoff 0x0 n 5 (table contents not committed)
  load op 63 at 1858: addr 0x5049ff518 idx 0 fmt 1 regoff 0x0 n 10 (table contents not committed)
  load op 63 at 2049: addr 0x5049ff568 idx 0 fmt 1 regoff 0x0 n 28 (table contents not committed)
  load op 64 at 2123: addr 0x504a00570 idx 0 fmt 1 regoff 0x0 n 5 (table contents not committed)
  load op 9f at 2130: addr 0x504a021b8 idx 0 fmt 1 regoff 0x0 n 96 (table contents not committed)
  load op 9f at 2135: addr 0x5049fe390 idx 0 fmt 1 regoff 0x0 n 194 (table contents not committed)
submit #21 dcb 2647 dwords at 0x504302500: pass 236 rewrite 68 drop 175 unmapped 50 cc 4 mappings 214 ... OK rc 0 8.27 ms
  load op 9f at 38: addr 0xfe0040068 idx 0 fmt 1 regoff 0x0 n 921 (table contents not committed)
  load op 63 at 43: addr 0xfe0042068 idx 0 fmt 1 regoff 0x0 n 174 (table contents not committed)
  load op 64 at 48: addr 0xfe00425d8 idx 0 fmt 1 regoff 0x0 n 57 (table contents not committed)
  load op 9f at 90: addr 0x506201500 idx 0 fmt 1 regoff 0x0 n 5 (table contents not committed)
  load op 64 at 95: addr 0x506200500 idx 0 fmt 1 regoff 0x0 n 2 (table contents not committed)
  load op 63 at 100: addr 0x5061ff500 idx 0 fmt 1 regoff 0x0 n 3 (table contents not committed)
submit #22 dcb 851 dwords at 0x505e02500: pass 47 rewrite 29 drop 71 unmapped 25 cc 0 mappings 214 ... OK rc 0 8.12 ms
hint CB0 0x510d10000: window 0x50ed10000+0x4000000, mapped +0.0 MiB
hint CB0 0x556759000: window 0x554750000+0x4000000, mapped +0.0 MiB
hint CB0 0x56d898000: window 0x56b890000+0x4000000, mapped +0.0 MiB
hint CB0 0x512570000: window 0x510570000+0x4000000, mapped +0.0 MiB
  load op 9f at 35: addr 0xfe0040068 idx 0 fmt 1 regoff 0x0 n 921 (table contents not committed)
  load op 63 at 40: addr 0xfe0042068 idx 0 fmt 1 regoff 0x0 n 174 (table contents not committed)
  load op 64 at 45: addr 0xfe00425d8 idx 0 fmt 1 regoff 0x0 n 57 (table contents not committed)
  load op 9f at 87: addr 0x507401500 idx 0 fmt 1 regoff 0x0 n 136 (table contents not committed)
  load op 64 at 92: addr 0x507400500 idx 0 fmt 1 regoff 0x0 n 3 (table contents not committed)
  load op 63 at 97: addr 0x5073ff500 idx 0 fmt 1 regoff 0x0 n 3 (table contents not committed)
  load op 9f at 212: addr 0xfe0040068 idx 0 fmt 1 regoff 0x0 n 921 (table contents not committed)
  load op 9f at 219: addr 0x507401940 idx 0 fmt 1 regoff 0x0 n 70 (table contents not committed)
  load op 63 at 224: addr 0x908e5ff90 idx 0 fmt 1 regoff 0x0 n 6 (table contents not committed)
  load op 9f at 229: addr 0x908e5ffc0 idx 0 fmt 1 regoff 0x0 n 10 (table contents not committed)
  load op 63 at 234: addr 0x908e5f7d0 idx 0 fmt 1 regoff 0x0 n 6 (table contents not committed)
  load op 9f at 239: addr 0x908e5f800 idx 0 fmt 1 regoff 0x0 n 9 (table contents not committed)
  load op 64 at 244: addr 0x507400518 idx 0 fmt 1 regoff 0x0 n 5 (table contents not committed)
  load op 9f at 340: addr 0x507401b70 idx 0 fmt 1 regoff 0x0 n 131 (table contents not committed)
  load op 64 at 347: addr 0x507400540 idx 0 fmt 1 regoff 0x0 n 1 (table contents not committed)
  load op 9f at 379: addr 0xfe0040068 idx 0 fmt 1 regoff 0x0 n 921 (table contents not committed)
  load op 9f at 386: addr 0x507401f88 idx 0 fmt 1 regoff 0x0 n 70 (table contents not committed)
  load op 63 at 391: addr 0x908e5ff90 idx 0 fmt 1 regoff 0x0 n 6 (table contents not committed)
  load op 9f at 396: addr 0x908e5ffc0 idx 0 fmt 1 regoff 0x0 n 10 (table contents not committed)
  load op 63 at 401: addr 0x908e5f7d0 idx 0 fmt 1 regoff 0x0 n 6 (table contents not committed)
  load op 9f at 406: addr 0x908e5f800 idx 0 fmt 1 regoff 0x0 n 9 (table contents not committed)
  load op 64 at 411: addr 0x507400548 idx 0 fmt 1 regoff 0x0 n 5 (table contents not committed)
  load op 9f at 548: addr 0x5074021b8 idx 0 fmt 1 regoff 0x0 n 98 (table contents not committed)
  load op 64 at 555: addr 0x507400570 idx 0 fmt 1 regoff 0x0 n 1 (table contents not committed)
  load op 9f at 560: addr 0x5073fe500 idx 0 fmt 1 regoff 0x0 n 33 (table contents not committed)
  load op 9f at 592: addr 0xfe0040068 idx 0 fmt 1 regoff 0x0 n 921 (table contents not committed)
  load op 9f at 599: addr 0x5073fe608 idx 0 fmt 1 regoff 0x0 n 70 (table contents not committed)
  load op 63 at 604: addr 0x908e5ff90 idx 0 fmt 1 regoff 0x0 n 6 (table contents not committed)
  load op 9f at 609: addr 0x908e5ffc0 idx 0 fmt 1 regoff 0x0 n 10 (table contents not committed)
  load op 63 at 614: addr 0x908e5f7d0 idx 0 fmt 1 regoff 0x0 n 6 (table contents not committed)
  load op 9f at 619: addr 0x908e5f800 idx 0 fmt 1 regoff 0x0 n 9 (table contents not committed)
  load op 64 at 624: addr 0x507400578 idx 0 fmt 1 regoff 0x0 n 5 (table contents not committed)
submit #23 dcb 798 dwords at 0x506e02500: pass 103 rewrite 18 drop 39 unmapped 10 cc 6 mappings 214 ... OK rc 0 8.23 ms
hint DB_HTILE 0x55c050000: window 0x55a050000+0x4000000, mapped +0.0 MiB
hint DB_Z_READ 0x527430000: window 0x525430000+0x4000000, mapped +0.0 MiB
  load op 9f at 36: addr 0xfe0040068 idx 0 fmt 1 regoff 0x0 n 921 (table contents not committed)
  load op 63 at 41: addr 0xfe0042068 idx 0 fmt 1 regoff 0x0 n 174 (table contents not committed)
  load op 64 at 46: addr 0xfe00425d8 idx 0 fmt 1 regoff 0x0 n 57 (table contents not committed)
  load op 9f at 88: addr 0x505601500 idx 0 fmt 1 regoff 0x0 n 5 (table contents not committed)
  load op 64 at 93: addr 0x505600500 idx 0 fmt 1 regoff 0x0 n 2 (table contents not committed)
  load op 63 at 98: addr 0x5055ff500 idx 0 fmt 1 regoff 0x0 n 3 (table contents not committed)
  load op 9f at 756: addr 0xfe0040068 idx 0 fmt 1 regoff 0x0 n 921 (table contents not committed)
  load op 9f at 763: addr 0x505601528 idx 0 fmt 1 regoff 0x0 n 74 (table contents not committed)
  load op 63 at 768: addr 0x908e5ff90 idx 0 fmt 1 regoff 0x0 n 6 (table contents not committed)
  load op 9f at 773: addr 0x908e5ffc0 idx 0 fmt 1 regoff 0x0 n 10 (table contents not committed)
  load op 64 at 778: addr 0x505600510 idx 0 fmt 1 regoff 0x0 n 5 (table contents not committed)
  load op 9f at 901: addr 0xfe0040068 idx 0 fmt 1 regoff 0x0 n 921 (table contents not committed)
  load op 9f at 908: addr 0x505601778 idx 0 fmt 1 regoff 0x0 n 74 (table contents not committed)
  load op 63 at 913: addr 0x908e5ff90 idx 0 fmt 1 regoff 0x0 n 6 (table contents not committed)
  load op 9f at 918: addr 0x908e5ffc0 idx 0 fmt 1 regoff 0x0 n 10 (table contents not committed)
  load op 64 at 923: addr 0x505600538 idx 0 fmt 1 regoff 0x0 n 5 (table contents not committed)
  load op 9f at 1046: addr 0xfe0040068 idx 0 fmt 1 regoff 0x0 n 921 (table contents not committed)
  load op 9f at 1053: addr 0x5056019c8 idx 0 fmt 1 regoff 0x0 n 74 (table contents not committed)
  load op 63 at 1058: addr 0x908e5ff90 idx 0 fmt 1 regoff 0x0 n 6 (table contents not committed)
  load op 9f at 1063: addr 0x908e5ffc0 idx 0 fmt 1 regoff 0x0 n 10 (table contents not committed)
  load op 64 at 1068: addr 0x505600560 idx 0 fmt 1 regoff 0x0 n 5 (table contents not committed)
submit #24 dcb 1248 dwords at 0x505202500: pass 151 rewrite 25 drop 66 unmapped 14 cc 6 mappings 214 ... OK rc 0 8.33 ms
hint CB0 0x5104a0000: window 0x50e4a0000+0x4000000, mapped +0.0 MiB
hint CB0 0x56d88c000: window 0x56b880000+0x4000000, mapped +0.0 MiB
hint CB0 0x514080000: window 0x512080000+0x4000000, mapped +0.0 MiB
hint CB0 0x56d8b8000: window 0x56b8b0000+0x4000000, mapped +0.0 MiB
hint CB0 0x53ad00000: window 0x538d00000+0x4000000, mapped +0.0 MiB
hint CB0 0x570800000: window 0x56e800000+0x4000000, mapped +0.0 MiB
hint CB0 0x53b9f0000: window 0x5399f0000+0x4000000, mapped +0.0 MiB
hint CB0 0x53be70000: window 0x539e70000+0x4000000, mapped +0.0 MiB
hint CB0 0x53aa00000: window 0x538a00000+0x4000000, mapped +0.0 MiB
hint CB0 0x57082c000: window 0x56e820000+0x4000000, mapped +0.0 MiB
hint CB0 0x5708cc000: window 0x56e8c0000+0x4000000, mapped +0.0 MiB
hint CB0 0x53a500000: window 0x538500000+0x4000000, mapped +0.0 MiB
hint CB0 0x5708e4000: window 0x56e8e0000+0x4000000, mapped +0.0 MiB
hint CB0 0x53b270000: window 0x539270000+0x4000000, mapped +0.0 MiB
hint CB0 0x53b330000: window 0x539330000+0x4000000, mapped +0.0 MiB
hint CB0 0x53b3f0000: window 0x5393f0000+0x4000000, mapped +0.0 MiB
hint CB0 0x53b430000: window 0x539430000+0x4000000, mapped +0.0 MiB
hint CB0 0x53b470000: window 0x539470000+0x4000000, mapped +0.0 MiB
hint CB0 0x53b480000: window 0x539480000+0x4000000, mapped +0.0 MiB
hint CB0 0x53d410000: window 0x53b410000+0x4000000, mapped +0.0 MiB
hint CB0 0x5708d8000: window 0x56e8d0000+0x4000000, mapped +0.0 MiB
hint CB0 0x570854000: window 0x56e850000+0x4000000, mapped +0.0 MiB
hint CB0 0x5093f0000: window 0x5073f0000+0x4000000, mapped +31.9 MiB
  load op 9f at 28: addr 0xfe0040068 idx 0 fmt 1 regoff 0x0 n 921 (table contents not committed)
  load op 63 at 33: addr 0xfe0042068 idx 0 fmt 1 regoff 0x0 n 174 (table contents not committed)
  load op 64 at 38: addr 0xfe00425d8 idx 0 fmt 1 regoff 0x0 n 57 (table contents not committed)
  load op 9f at 80: addr 0x503501500 idx 0 fmt 1 regoff 0x0 n 295 (table contents not committed)
  load op 64 at 85: addr 0x503500500 idx 0 fmt 1 regoff 0x0 n 7 (table contents not committed)
  load op 63 at 90: addr 0x5034ff500 idx 0 fmt 1 regoff 0x0 n 13 (table contents not committed)
  load op 63 at 342: addr 0x5034ff568 idx 0 fmt 1 regoff 0x0 n 10 (table contents not committed)
  load op 63 at 734: addr 0x5034ff5b8 idx 0 fmt 1 regoff 0x0 n 18 (table contents not committed)
  load op 63 at 1217: addr 0x5034ff648 idx 0 fmt 1 regoff 0x0 n 10 (table contents not committed)
  load op 63 at 1249: addr 0x5034ff698 idx 0 fmt 1 regoff 0x0 n 10 (table contents not committed)
  load op 63 at 1281: addr 0x5034ff6e8 idx 0 fmt 1 regoff 0x0 n 10 (table contents not committed)
  load op 63 at 1313: addr 0x5034ff738 idx 0 fmt 1 regoff 0x0 n 10 (table contents not committed)
  load op 9f at 1724: addr 0xfe0040068 idx 0 fmt 1 regoff 0x0 n 921 (table contents not committed)
  load op 9f at 1731: addr 0x503501e38 idx 0 fmt 1 regoff 0x0 n 74 (table contents not committed)
  load op 63 at 1736: addr 0x908e5ff90 idx 0 fmt 1 regoff 0x0 n 6 (table contents not committed)
  load op 9f at 1741: addr 0x908e5ffc0 idx 0 fmt 1 regoff 0x0 n 10 (table contents not committed)
  load op 64 at 1746: addr 0x503500538 idx 0 fmt 1 regoff 0x0 n 5 (table contents not committed)
  load op 9f at 1799: addr 0x503502088 idx 0 fmt 1 regoff 0x0 n 132 (table contents not committed)
  load op 63 at 1804: addr 0x5034ff788 idx 0 fmt 1 regoff 0x0 n 30 (table contents not committed)
  load op 64 at 1884: addr 0x503500560 idx 0 fmt 1 regoff 0x0 n 5 (table contents not committed)
  load op 9f at 1891: addr 0x5034fd440 idx 0 fmt 1 regoff 0x0 n 175 (table contents not committed)
  load op 63 at 2106: addr 0x5034ff878 idx 0 fmt 1 regoff 0x0 n 20 (table contents not committed)
  load op 9f at 3069: addr 0xfe0040068 idx 0 fmt 1 regoff 0x0 n 921 (table contents not committed)
  load op 9f at 3076: addr 0x5034fd9b8 idx 0 fmt 1 regoff 0x0 n 70 (table contents not committed)
  load op 63 at 3081: addr 0x908e5ff90 idx 0 fmt 1 regoff 0x0 n 6 (table contents not committed)
  load op 9f at 3086: addr 0x908e5ffc0 idx 0 fmt 1 regoff 0x0 n 10 (table contents not committed)
  load op 63 at 3091: addr 0x908e5f7d0 idx 0 fmt 1 regoff 0x0 n 6 (table contents not committed)
  load op 9f at 3096: addr 0x908e5f800 idx 0 fmt 1 regoff 0x0 n 9 (table contents not committed)
  load op 64 at 3101: addr 0x503500588 idx 0 fmt 1 regoff 0x0 n 5 (table contents not committed)
  load op 9f at 3140: addr 0x5034fdbe8 idx 0 fmt 1 regoff 0x0 n 19 (table contents not committed)
  load op 63 at 3145: addr 0x5034ff918 idx 0 fmt 1 regoff 0x0 n 12 (table contents not committed)
  load op 9f at 3268: addr 0xfe0040068 idx 0 fmt 1 regoff 0x0 n 921 (table contents not committed)
  load op 9f at 3275: addr 0x5034fdc80 idx 0 fmt 1 regoff 0x0 n 74 (table contents not committed)
  load op 63 at 3280: addr 0x908e5ff90 idx 0 fmt 1 regoff 0x0 n 6 (table contents not committed)
  load op 9f at 3285: addr 0x908e5ffc0 idx 0 fmt 1 regoff 0x0 n 10 (table contents not committed)
  load op 64 at 3290: addr 0x5035005b0 idx 0 fmt 1 regoff 0x0 n 5 (table contents not committed)
  load op 9f at 3329: addr 0x5034fded0 idx 0 fmt 1 regoff 0x0 n 166 (table contents not committed)
  load op 63 at 3334: addr 0x5034ff978 idx 0 fmt 1 regoff 0x0 n 30 (table contents not committed)
  load op 64 at 3430: addr 0x5035005d8 idx 0 fmt 1 regoff 0x0 n 5 (table contents not committed)
  load op 9f at 3437: addr 0x5034fc320 idx 0 fmt 1 regoff 0x0 n 135 (table contents not committed)
  load op 63 at 3675: addr 0x5034ffa68 idx 0 fmt 1 regoff 0x0 n 36 (table contents not committed)
  load op 64 at 4540: addr 0x503500600 idx 0 fmt 1 regoff 0x0 n 6 (table contents not committed)
  load op 9f at 4545: addr 0x5034fc758 idx 0 fmt 1 regoff 0x0 n 376 (table contents not committed)
  load op 9f at 4552: addr 0x5034fb118 idx 0 fmt 1 regoff 0x0 n 205 (table contents not committed)
  load op 9f at 4853: addr 0xfe0040068 idx 0 fmt 1 regoff 0x0 n 921 (table contents not committed)
  load op 9f at 4860: addr 0x5034fb780 idx 0 fmt 1 regoff 0x0 n 74 (table contents not committed)
  load op 63 at 4865: addr 0x908e5ff90 idx 0 fmt 1 regoff 0x0 n 6 (table contents not committed)
  load op 9f at 4870: addr 0x908e5ffc0 idx 0 fmt 1 regoff 0x0 n 10 (table contents not committed)
  load op 64 at 4875: addr 0x503500630 idx 0 fmt 1 regoff 0x0 n 5 (table contents not committed)
  load op 63 at 4914: addr 0x5034ffb88 idx 0 fmt 1 regoff 0x0 n 21 (table contents not committed)
  load op 9f at 4925: addr 0x5034fb9d0 idx 0 fmt 1 regoff 0x0 n 223 (table contents not committed)
  load op 63 at 5714: addr 0x5034ffc30 idx 0 fmt 1 regoff 0x0 n 10 (table contents not committed)
  load op 63 at 5831: addr 0x5034ffc80 idx 0 fmt 1 regoff 0x0 n 28 (table contents not committed)
  load op 64 at 5910: addr 0x503500658 idx 0 fmt 1 regoff 0x0 n 5 (table contents not committed)
  load op 9f at 5917: addr 0x5034f9e30 idx 0 fmt 1 regoff 0x0 n 67 (table contents not committed)
  load op 9f at 6045: addr 0x5034fa048 idx 0 fmt 1 regoff 0x0 n 121 (table contents not committed)
  load op 63 at 6050: addr 0x5034ffd60 idx 0 fmt 1 regoff 0x0 n 18 (table contents not committed)
  load op 64 at 6055: addr 0x503500680 idx 0 fmt 1 regoff 0x0 n 3 (table contents not committed)
  load op 9f at 6204: addr 0x5034fa410 idx 0 fmt 1 regoff 0x0 n 121 (table contents not committed)
  load op 63 at 6209: addr 0x5034ffdf0 idx 0 fmt 1 regoff 0x0 n 18 (table contents not committed)
  load op 64 at 6214: addr 0x503500698 idx 0 fmt 1 regoff 0x0 n 3 (table contents not committed)
  load op 63 at 6578: addr 0x5034ffe80 idx 0 fmt 1 regoff 0x0 n 10 (table contents not committed)
  load op 9f at 7058: addr 0x5034fa7d8 idx 0 fmt 1 regoff 0x0 n 195 (table contents not committed)
  load op 9f at 7063: addr 0x5034f8d80 idx 0 fmt 1 regoff 0x0 n 85 (table contents not committed)
  load op 63 at 7068: addr 0x5034ffed0 idx 0 fmt 1 regoff 0x0 n 18 (table contents not committed)
  load op 64 at 7073: addr 0x5035006b0 idx 0 fmt 1 regoff 0x0 n 3 (table contents not committed)
  load op 9f at 7186: addr 0x5034f9028 idx 0 fmt 1 regoff 0x0 n 129 (table contents not committed)
  load op 63 at 7191: addr 0x5034fff60 idx 0 fmt 1 regoff 0x0 n 18 (table contents not committed)
  load op 64 at 7196: addr 0x5035006c8 idx 0 fmt 1 regoff 0x0 n 3 (table contents not committed)
  load op 9f at 7309: addr 0x5034f9430 idx 0 fmt 1 regoff 0x0 n 129 (table contents not committed)
  load op 63 at 7314: addr 0x5034ffff0 idx 0 fmt 1 regoff 0x0 n 18 (table contents not committed)
  load op 64 at 7319: addr 0x5035006e0 idx 0 fmt 1 regoff 0x0 n 3 (table contents not committed)
  load op 9f at 7432: addr 0x5034f9838 idx 0 fmt 1 regoff 0x0 n 58 (table contents not committed)
  load op 9f at 7537: addr 0x5034f9a08 idx 0 fmt 1 regoff 0x0 n 66 (table contents not committed)
  load op 9f at 7642: addr 0x5034f9c18 idx 0 fmt 1 regoff 0x0 n 37 (table contents not committed)
  load op 9f at 7647: addr 0x5034f7300 idx 0 fmt 1 regoff 0x0 n 21 (table contents not committed)
  load op 9f at 7752: addr 0x5034f73a8 idx 0 fmt 1 regoff 0x0 n 66 (table contents not committed)
  load op 9f at 7857: addr 0x5034f75b8 idx 0 fmt 1 regoff 0x0 n 58 (table contents not committed)
  load op 9f at 7962: addr 0x5034f7788 idx 0 fmt 1 regoff 0x0 n 130 (table contents not committed)
  load op 63 at 7967: addr 0x503500080 idx 0 fmt 1 regoff 0x0 n 18 (table contents not committed)
  load op 64 at 7972: addr 0x5035006f8 idx 0 fmt 1 regoff 0x0 n 3 (table contents not committed)
  load op 9f at 8099: addr 0x5034f7b98 idx 0 fmt 1 regoff 0x0 n 135 (table contents not committed)
  load op 63 at 8104: addr 0x503500110 idx 0 fmt 1 regoff 0x0 n 18 (table contents not committed)
  load op 64 at 8109: addr 0x503500710 idx 0 fmt 1 regoff 0x0 n 3 (table contents not committed)
  load op 63 at 8687: addr 0x5035001a0 idx 0 fmt 1 regoff 0x0 n 10 (table contents not committed)
  load op 63 at 9273: addr 0x5035001f0 idx 0 fmt 1 regoff 0x0 n 28 (table contents not committed)
  load op 64 at 9381: addr 0x503500728 idx 0 fmt 1 regoff 0x0 n 5 (table contents not committed)
  load op 9f at 9386: addr 0x5034f7fd0 idx 0 fmt 1 regoff 0x0 n 97 (table contents not committed)
  load op 9f at 9393: addr 0x5034f5868 idx 0 fmt 1 regoff 0x0 n 183 (table contents not committed)
submit #25 dcb 9891 dwords at 0x502e02500: pass 667 rewrite 260 drop 670 unmapped 228 cc 8 mappings 215 ... OK rc 0 9.31 ms
map 0x301488000 +0x10000 ... ok
map 0x324ab0000 +0x40000 ... ok
map 0x324be0000 +0x140000 ... ok
map 0x324d50000 +0x10000 ... ok
map 0x324d60000 +0x10000 ... ok
map 0x324da0000 +0x10000 ... ok
map 0x324de0000 +0x10000 ... ok
map 0x5026f0000 +0x10000 ... ok
map 0x503bf0000 +0x10000 ... ok
map 0x504df0000 +0x10000 ... ok
map 0x50b430000 +0x10000 ... ok
vmas 98 total 13062.5 MiB resident 1705.2 MiB mapped 1705.7 MiB
submit #26 cc 3 dwords at 0x313b17cf4: pass 0 rewrite 1 drop 0 unmapped 0 cc 1 mappings 226 ... OK rc 0 8.31 ms
map 0x200258000 +0x10000 ... ok
map 0x200268000 +0x10000 ... ok
map 0x200278000 +0x4000 ... ok
map 0x324e20000 +0x10000 ... ok
map 0x324e60000 +0x10000 ... ok
map 0x324ea0000 +0x10000 ... ok
map 0x324ee0000 +0x20000 ... ok
map 0x324f00000 +0x10000 ... ok
map 0x324f10000 +0x10000 ... ok
map 0x324f20000 +0x10000 ... ok
map 0x324f30000 +0x10000 ... ok
map 0x324f40000 +0x10000 ... ok
map 0x324f50000 +0x10000 ... ok
map 0x324f60000 +0x10000 ... ok
map 0x324f70000 +0x10000 ... ok
map 0x324f80000 +0x10000 ... ok
map 0x324f90000 +0x10000 ... ok
map 0x324fa0000 +0x10000 ... ok
map 0x324fb0000 +0x10000 ... ok
map 0x324fc0000 +0x10000 ... ok
map 0x324fd0000 +0x10000 ... ok
map 0x324fe0000 +0x10000 ... ok
map 0x324ff0000 +0x10000 ... ok
map 0x325000000 +0x10000 ... ok
map 0x325010000 +0x10000 ... ok
map 0x325020000 +0xd60000 ... ok
map 0x325e50000 +0x10000 ... ok
map 0x325e60000 +0x10000 ... ok
map 0x325e80000 +0x130000 ... ok
map 0x326030000 +0x130000 ... ok
map 0x326160000 +0x40000 ... ok
map 0x3261a0000 +0x10000 ... ok
map 0x3261b0000 +0x10000 ... ok
map 0x3261c0000 +0x3b0000 ... ok
map 0x326650000 +0x10000 ... ok
map 0x326730000 +0x10000 ... ok
map 0x326820000 +0x90000 ... ok
map 0x3268b0000 +0x10000 ... ok
map 0x3268c0000 +0x40000 ... ok
map 0x326900000 +0x10000 ... ok
map 0x326910000 +0x10000 ... ok
map 0x326920000 +0x10000 ... ok
map 0x326930000 +0x10000 ... ok
map 0x326940000 +0x10000 ... ok
map 0x326950000 +0x10000 ... ok
map 0x326960000 +0x10000 ... ok
map 0x326970000 +0x10000 ... ok
map 0x326980000 +0x10000 ... ok
map 0x326990000 +0x10000 ... ok
map 0x3269a0000 +0x10000 ... ok
map 0x3269b0000 +0x10000 ... ok
map 0x3269c0000 +0x10000 ... ok
map 0x3269d0000 +0x10000 ... ok
map 0x3269e0000 +0x10000 ... ok
map 0x3269f0000 +0x10000 ... ok
map 0x326a00000 +0x10000 ... ok
map 0x326a10000 +0x10000 ... ok
map 0x326a20000 +0x10000 ... ok
map 0x326a30000 +0x10000 ... ok
map 0x326a40000 +0x10000 ... ok
map 0x326a50000 +0x10000 ... ok
map 0x326a60000 +0x20000 ... ok
map 0x326a80000 +0x80000 ... ok
map 0x326b00000 +0x30000 ... ok
map 0x326b30000 +0x40000 ... ok
map 0x326b70000 +0x20000 ... ok
map 0x326b90000 +0x10000 ... ok
map 0x326ba0000 +0x10000 ... ok
map 0x326bb0000 +0x90000 ... ok
map 0x326c40000 +0x20000 ... ok
map 0x326c60000 +0x40000 ... ok
map 0x326ca0000 +0x40000 ... ok
map 0x326ce0000 +0x30000 ... ok
map 0x326d10000 +0x50000 ... ok
map 0x326d60000 +0x20000 ... ok
map 0x326d80000 +0x20000 ... ok
map 0x326da0000 +0xb0000 ... ok
map 0x326e50000 +0x30000 ... ok
map 0x326e80000 +0x30000 ... ok
map 0x326eb0000 +0x10000 ... ok
map 0x326ec0000 +0x30000 ... ok
map 0x326ef0000 +0x50000 ... ok
map 0x326f40000 +0x30000 ... ok
map 0x326f70000 +0x80000 ... ok
map 0x326ff0000 +0x70000 ... ok
map 0x327060000 +0x30000 ... ok
map 0x327090000 +0x10000 ... ok
map 0x3270a0000 +0x30000 ... ok
map 0x3270d0000 +0x80000 ... ok
map 0x327150000 +0x80000 ... ok
map 0x3271d0000 +0x30000 ... ok
map 0x327200000 +0xb0000 ... ok
map 0x3273a0000 +0x140000 ... ok
map 0x327510000 +0x20000 ... ok
map 0x327530000 +0x10000 ... ok
map 0x327540000 +0x10000 ... ok
map 0x327550000 +0x10000 ... ok
map 0x327560000 +0x10000 ... ok
map 0x327570000 +0x10000 ... ok
map 0x327580000 +0x10000 ... ok
map 0x327590000 +0x10000 ... ok
map 0x3275a0000 +0x10000 ... ok
map 0x3275b0000 +0x10000 ... ok
map 0x3275c0000 +0x10000 ... ok
map 0x3275d0000 +0x10000 ... ok
map 0x3275e0000 +0x10000 ... ok
map 0x3275f0000 +0x10000 ... ok
map 0x327600000 +0x10000 ... ok
map 0x327610000 +0x10000 ... ok
map 0x327620000 +0x10000 ... ok
map 0x327630000 +0x10000 ... ok
map 0x327640000 +0x10000 ... ok
map 0x327650000 +0x10000 ... ok
map 0x327660000 +0xd70000 ... ok
map 0x328490000 +0x10000 ... ok
map 0x3284a0000 +0x10000 ... ok
map 0x3284c0000 +0x130000 ... ok
map 0x328670000 +0x140000 ... ok
map 0x3287b0000 +0x40000 ... ok
map 0x3287f0000 +0x10000 ... ok
map 0x328800000 +0x10000 ... ok
map 0x328810000 +0x3a0000 ... ok
map 0x328c90000 +0x10000 ... ok
map 0x328d80000 +0x10000 ... ok
map 0x328e60000 +0x90000 ... ok
map 0x328ef0000 +0x20000 ... ok
map 0x328f10000 +0x10000 ... ok
map 0x328f20000 +0x10000 ... ok
map 0x328f30000 +0x10000 ... ok
map 0x328f40000 +0x10000 ... ok
map 0x328f50000 +0x10000 ... ok
map 0x328f60000 +0x10000 ... ok
map 0x328f70000 +0x10000 ... ok
map 0x328f80000 +0x10000 ... ok
map 0x328f90000 +0x10000 ... ok
map 0x328fa0000 +0x10000 ... ok
map 0x328fb0000 +0x10000 ... ok
map 0x328fc0000 +0x10000 ... ok
map 0x328fd0000 +0x10000 ... ok
map 0x328fe0000 +0x10000 ... ok
map 0x328ff0000 +0x10000 ... ok
map 0x329000000 +0x10000 ... ok
map 0x329010000 +0x10000 ... ok
map 0x329020000 +0x10000 ... ok
map 0x329030000 +0x10000 ... ok
map 0x329040000 +0x10000 ... ok
map 0x329050000 +0x10000 ... ok
map 0x329060000 +0x10000 ... ok
map 0x329070000 +0x10000 ... ok
map 0x329080000 +0x10000 ... ok
map 0x329090000 +0x20000 ... ok
map 0x3290b0000 +0x10000 ... ok
map 0x3290c0000 +0x40000 ... ok
map 0x329100000 +0x30000 ... ok
map 0x329130000 +0x80000 ... ok
map 0x3291b0000 +0x10000 ... ok
map 0x3291c0000 +0x20000 ... ok
map 0x3291e0000 +0x10000 ... ok
map 0x3291f0000 +0x70000 ... ok
map 0x329260000 +0x30000 ... ok
map 0x329290000 +0x60000 ... ok
map 0x3292f0000 +0x20000 ... ok
map 0x329310000 +0x80000 ... ok
map 0x329390000 +0x10000 ... ok
map 0x3293a0000 +0x20000 ... ok
map 0x3293c0000 +0x10000 ... ok
map 0x3293d0000 +0x40000 ... ok
map 0x329410000 +0x30000 ... ok
map 0x329440000 +0x30000 ... ok
map 0x329470000 +0x50000 ... ok
map 0x3294c0000 +0x10000 ... ok
map 0x3294d0000 +0x30000 ... ok
map 0x329500000 +0x70000 ... ok
map 0x329570000 +0x30000 ... ok
map 0x3295a0000 +0x10000 ... ok
map 0x3295b0000 +0x70000 ... ok
map 0x329620000 +0x80000 ... ok
map 0x3296a0000 +0x10000 ... ok
map 0x3296b0000 +0x20000 ... ok
map 0x3296d0000 +0x10000 ... ok
map 0x3296e0000 +0x70000 ... ok
map 0x329750000 +0x30000 ... ok
map 0x329780000 +0x80000 ... ok
map 0x329800000 +0x80000 ... ok
map 0x329880000 +0x10000 ... ok
map 0x329890000 +0x70000 ... ok
map 0x3299f0000 +0x140000 ... ok
map 0x329b60000 +0x20000 ... ok
map 0x329b80000 +0x10000 ... ok
map 0x329b90000 +0x10000 ... ok
map 0x329ba0000 +0x10000 ... ok
map 0x329bb0000 +0x10000 ... ok
map 0x329bc0000 +0x10000 ... ok
map 0x329bd0000 +0x10000 ... ok
map 0x329be0000 +0x10000 ... ok
map 0x329bf0000 +0x10000 ... ok
map 0x329c00000 +0x10000 ... ok
map 0x329c10000 +0x10000 ... ok
map 0x329c20000 +0x10000 ... ok
map 0x329c30000 +0x10000 ... ok
map 0x329c40000 +0x10000 ... ok
map 0x329c50000 +0x10000 ... ok
map 0x329c60000 +0x10000 ... ok
map 0x329c70000 +0x10000 ... ok
map 0x329c80000 +0x10000 ... ok
map 0x329c90000 +0x10000 ... ok
map 0x329ca0000 +0x590000 ... ok
map 0x32a230000 +0x7e0000 ... ok
map 0x32aae0000 +0x10000 ... ok
map 0x32ab10000 +0x130000 ... ok
map 0x32acc0000 +0x130000 ... ok
map 0x32adf0000 +0x50000 ... ok
map 0x32ae40000 +0x10000 ... ok
map 0x32ae50000 +0x3b0000 ... ok
map 0x32b2d0000 +0x10000 ... ok
map 0x32b3c0000 +0x10000 ... ok
map 0x32b4b0000 +0x90000 ... ok
map 0x32b540000 +0x10000 ... ok
map 0x32b550000 +0x20000 ... ok
map 0x32b570000 +0x30000 ... ok
map 0x32b5a0000 +0x10000 ... ok
map 0x32b5b0000 +0x10000 ... ok
map 0x32b5c0000 +0x10000 ... ok
map 0x32b5d0000 +0x10000 ... ok
map 0x32b5e0000 +0x10000 ... ok
map 0x32b5f0000 +0x10000 ... ok
map 0x32b600000 +0x10000 ... ok
map 0x32b610000 +0x10000 ... ok
map 0x32b620000 +0x10000 ... ok
map 0x32b630000 +0x10000 ... ok
map 0x32b640000 +0x10000 ... ok
map 0x32b650000 +0x10000 ... ok
map 0x32b660000 +0x10000 ... ok
map 0x32b670000 +0x10000 ... ok
map 0x32b680000 +0x10000 ... ok
map 0x32b690000 +0x10000 ... ok
map 0x32b6a0000 +0x10000 ... ok
map 0x32b6b0000 +0x10000 ... ok
map 0x32b6c0000 +0x10000 ... ok
map 0x32b6d0000 +0x10000 ... ok
map 0x32b6e0000 +0x10000 ... ok
map 0x32b6f0000 +0x10000 ... ok
map 0x32b700000 +0x40000 ... ok
map 0x32b740000 +0x30000 ... ok
map 0x32b770000 +0x80000 ... ok
map 0x32b7f0000 +0x10000 ... ok
map 0x32b800000 +0x30000 ... ok
map 0x32b830000 +0x40000 ... ok
map 0x32b870000 +0x30000 ... ok
map 0x32b8a0000 +0x90000 ... ok
map 0x32b930000 +0x20000 ... ok
map 0x32b950000 +0x80000 ... ok
map 0x32b9d0000 +0x30000 ... ok
map 0x32ba00000 +0x10000 ... ok
map 0x32ba10000 +0x40000 ... ok
map 0x32ba50000 +0x30000 ... ok
map 0x32ba80000 +0x90000 ... ok
map 0x32bb10000 +0x30000 ... ok
map 0x32bb40000 +0x40000 ... ok
map 0x32bb80000 +0x40000 ... ok
map 0x32bbc0000 +0x20000 ... ok
map 0x32bbe0000 +0x50000 ... ok
map 0x32bc30000 +0x30000 ... ok
map 0x32bc60000 +0x80000 ... ok
map 0x32bce0000 +0x10000 ... ok
map 0x32bcf0000 +0x30000 ... ok
map 0x32bd20000 +0x10000 ... ok
map 0x32bd30000 +0x10000 ... ok
map 0x500850000 +0x10000 ... ok
map 0x7e9c5c000 +0x120000 ... ok
map 0x7e9d80000 +0x120000 ... ok
map 0x7e9ea4000 +0x120000 ... ok
map 0x7e9fc8000 +0x120000 ... ok
map 0x7ea0ec000 +0x120000 ... ok
map 0x7ea210000 +0x120000 ... ok
map 0x7ea334000 +0x120000 ... ok
map 0x7ea458000 +0x120000 ... ok
map 0x7ea57c000 +0x120000 ... ok
map 0x1000440000 +0x39c0000 ... ok
map 0x10568e0000 +0x1660000 ... ok
map 0x10ec020000 +0x90000 ... ok
map 0x10ec0b0000 +0x990000 ... ok
vmas 107 total 13072.7 MiB resident 1899.1 MiB mapped 1902.8 MiB
  load op 61 at 10: base 0xfe0008000 pairs (0x0,215) (0xd8,272) (0x1f5,4) (0x1ff,158) (0x2a0,2) (0x2a3,1) (0x2a5,66) (0x2f5,203)
  load op 5f at 29: base 0xfe0010000 pairs (0x1,1) (0x6,38) (0x32,4) (0x80,4) (0x87,37) (0xb2,4) (0xc8,2) (0x100,4) (0x107,37) (0x132,4) (0x148,2) (0x204,3) (0x20c,2) (0x212,2) (0x215,6) (0x224,5) (0x22a,1) (0x240,16) (0x27d,1) (0x280,1) (0x207,3)
  load op 5e at 74: base 0xfe0011000 pairs (0x35,8) (0xa2,1) (0x242,1) (0x248,1) (0x24a,2) (0x25b,6) (0x262,1) (0x2bb,5) (0x2c4,16) (0x2e4,8) (0x380,2) (0x383,2) (0x41d,3) (0x24d,1)
  load op 61 at 105: base 0xfe0008000 pairs (0x0,0)
  load op 5f at 110: base 0xfe0010000 pairs (0x0,0)
  load op 5e at 115: base 0xfe0011000 pairs (0x0,0)
  load op 61 at 125: base 0xfe0008000 pairs (0x0,0)
  load op 5f at 130: base 0xfe0010000 pairs (0x0,0)
  load op 5e at 135: base 0xfe0011000 pairs (0x0,0)
submit #27 hib 150 dwords at 0xfe0000000: pass 12 rewrite 2 drop 2 unmapped 0 cc 2 mappings 508 ... OK rc 0 9.94 ms
map 0x20027c000 +0x8000 ... ok
map 0x32bd40000 +0x20000 ... ok
map 0x32bd60000 +0x30000 ... ok
map 0x32bd90000 +0x10000 ... ok
map 0x32bda0000 +0x30000 ... ok
map 0x32bdd0000 +0x50000 ... ok
map 0x32be20000 +0x20000 ... ok
map 0x32be40000 +0x80000 ... ok
map 0x32bec0000 +0x80000 ... ok
map 0x32c030000 +0x140000 ... ok
map 0x32c1a0000 +0x20000 ... ok
map 0x32c1c0000 +0x10000 ... ok
map 0x32c1d0000 +0x10000 ... ok
map 0x32c1e0000 +0x10000 ... ok
map 0x32c1f0000 +0x10000 ... ok
map 0x32c200000 +0x10000 ... ok
map 0x32c210000 +0x10000 ... ok
map 0x32c220000 +0x10000 ... ok
map 0x32c230000 +0x10000 ... ok
map 0x32c240000 +0x10000 ... ok
map 0x32c250000 +0x10000 ... ok
map 0x32c260000 +0x10000 ... ok
map 0x32c270000 +0x10000 ... ok
map 0x32c280000 +0x10000 ... ok
map 0x32c290000 +0x10000 ... ok
map 0x32c2a0000 +0x10000 ... ok
map 0x32c2b0000 +0x10000 ... ok
map 0x32c2c0000 +0x10000 ... ok
map 0x32c2d0000 +0x10000 ... ok
map 0x32c2e0000 +0x10000 ... ok
map 0x32c2f0000 +0xd70000 ... ok
map 0x32d120000 +0x10000 ... ok
map 0x32d130000 +0x10000 ... ok
map 0x32d150000 +0x130000 ... ok
map 0x32d300000 +0x150000 ... ok
map 0x32d450000 +0x30000 ... ok
map 0x32d480000 +0x10000 ... ok
map 0x32d490000 +0x10000 ... ok
map 0x32d4a0000 +0x3b0000 ... ok
map 0x32d930000 +0x10000 ... ok
map 0x32da20000 +0x10000 ... ok
map 0x32db00000 +0xa0000 ... ok
map 0x32dba0000 +0x30000 ... ok
map 0x32dbd0000 +0x20000 ... ok
map 0x32dbf0000 +0x10000 ... ok
map 0x32dc00000 +0x10000 ... ok
map 0x32dc10000 +0x10000 ... ok
map 0x32dc20000 +0x10000 ... ok
map 0x32dc30000 +0x10000 ... ok
map 0x32dc40000 +0x10000 ... ok
map 0x32dc50000 +0x10000 ... ok
map 0x32dc60000 +0x10000 ... ok
map 0x32dc70000 +0x10000 ... ok
map 0x32dc80000 +0x10000 ... ok
map 0x32dc90000 +0x10000 ... ok
map 0x32dca0000 +0x10000 ... ok
map 0x32dcb0000 +0x10000 ... ok
map 0x32dcc0000 +0x10000 ... ok
map 0x32dcd0000 +0x10000 ... ok
map 0x32dce0000 +0x10000 ... ok
map 0x32dcf0000 +0x10000 ... ok
map 0x32dd00000 +0x10000 ... ok
map 0x32dd10000 +0x10000 ... ok
map 0x32dd20000 +0x10000 ... ok
map 0x32dd30000 +0x10000 ... ok
map 0x32dd40000 +0x40000 ... ok
map 0x32dd80000 +0x30000 ... ok
map 0x32ddb0000 +0x10000 ... ok
map 0x32ddc0000 +0x40000 ... ok
map 0x32de00000 +0x70000 ... ok
map 0x32de70000 +0x40000 ... ok
map 0x32deb0000 +0x10000 ... ok
map 0x32dec0000 +0x10000 ... ok
map 0x32ded0000 +0x20000 ... ok
map 0x32def0000 +0x70000 ... ok
map 0x32df60000 +0x30000 ... ok
map 0x32df90000 +0x50000 ... ok
map 0x32dfe0000 +0x30000 ... ok
map 0x32e010000 +0x80000 ... ok
map 0x32e090000 +0x10000 ... ok
map 0x32e0a0000 +0x20000 ... ok
map 0x32e0c0000 +0x10000 ... ok
map 0x32e0d0000 +0x30000 ... ok
map 0x32e100000 +0x70000 ... ok
map 0x32e170000 +0x40000 ... ok
map 0x32e1b0000 +0x20000 ... ok
map 0x32e1d0000 +0x20000 ... ok
map 0x32e1f0000 +0x80000 ... ok
map 0x32e270000 +0x30000 ... ok
map 0x32e2a0000 +0x10000 ... ok
map 0x32e2b0000 +0x60000 ... ok
map 0x32e310000 +0x90000 ... ok
map 0x32e3a0000 +0x10000 ... ok
map 0x32e3b0000 +0x10000 ... ok
map 0x32e3c0000 +0x20000 ... ok
map 0x32e3e0000 +0x20000 ... ok
map 0x32e400000 +0x60000 ... ok
map 0x32e460000 +0x20000 ... ok
map 0x32e480000 +0x90000 ... ok
map 0x32e510000 +0x70000 ... ok
map 0x32e670000 +0x140000 ... ok
map 0x32e7e0000 +0x10000 ... ok
map 0x32e7f0000 +0x10000 ... ok
map 0x32e800000 +0x10000 ... ok
map 0x32e810000 +0x10000 ... ok
map 0x32e820000 +0x10000 ... ok
map 0x32e830000 +0x10000 ... ok
map 0x32e840000 +0x10000 ... ok
map 0x32e850000 +0x10000 ... ok
map 0x32e860000 +0x10000 ... ok
map 0x32e870000 +0x10000 ... ok
map 0x32e880000 +0x10000 ... ok
map 0x32e890000 +0x10000 ... ok
map 0x32e8a0000 +0x10000 ... ok
map 0x32e8b0000 +0x10000 ... ok
map 0x32e8c0000 +0x10000 ... ok
map 0x32e8d0000 +0x10000 ... ok
map 0x32e8e0000 +0x10000 ... ok
map 0x32e8f0000 +0x10000 ... ok
map 0x32e900000 +0x10000 ... ok
map 0x32e910000 +0x10000 ... ok
map 0x32e920000 +0x590000 ... ok
map 0x32eeb0000 +0x7e0000 ... ok
map 0x32f760000 +0x10000 ... ok
map 0x32f790000 +0x130000 ... ok
map 0x32f940000 +0x170000 ... ok
map 0x32fab0000 +0x10000 ... ok
map 0x32fac0000 +0x10000 ... ok
map 0x32fad0000 +0x3b0000 ... ok
map 0x32ff50000 +0x10000 ... ok
map 0x330040000 +0x10000 ... ok
map 0x330130000 +0x90000 ... ok
map 0x3301c0000 +0x10000 ... ok
map 0x3301d0000 +0x10000 ... ok
map 0x3301e0000 +0x30000 ... ok
map 0x330210000 +0x10000 ... ok
map 0x330220000 +0x10000 ... ok
map 0x330230000 +0x10000 ... ok
map 0x330240000 +0x10000 ... ok
map 0x330250000 +0x10000 ... ok
map 0x330260000 +0x10000 ... ok
map 0x330270000 +0x10000 ... ok
map 0x330280000 +0x10000 ... ok
map 0x330290000 +0x10000 ... ok
map 0x3302a0000 +0x10000 ... ok
map 0x3302b0000 +0x10000 ... ok
map 0x3302c0000 +0x10000 ... ok
map 0x3302d0000 +0x10000 ... ok
map 0x3302e0000 +0x10000 ... ok
map 0x3302f0000 +0x10000 ... ok
map 0x330300000 +0x10000 ... ok
map 0x330310000 +0x10000 ... ok
map 0x330320000 +0x10000 ... ok
map 0x330330000 +0x10000 ... ok
map 0x330340000 +0x10000 ... ok
map 0x330350000 +0x10000 ... ok
map 0x330360000 +0x40000 ... ok
map 0x3303a0000 +0x10000 ... ok
map 0x3303b0000 +0x20000 ... ok
map 0x3303d0000 +0x60000 ... ok
map 0x330430000 +0x30000 ... ok
map 0x330460000 +0x70000 ... ok
map 0x3304d0000 +0x30000 ... ok
map 0x330500000 +0x50000 ... ok
map 0x330550000 +0x30000 ... ok
map 0x330580000 +0x40000 ... ok
map 0x3305c0000 +0x40000 ... ok
map 0x330600000 +0x40000 ... ok
map 0x330640000 +0x70000 ... ok
map 0x3306b0000 +0x30000 ... ok
map 0x3306e0000 +0x80000 ... ok
map 0x330760000 +0x80000 ... ok
map 0x3307e0000 +0x30000 ... ok
map 0x330810000 +0x80000 ... ok
map 0x330890000 +0x10000 ... ok
map 0x3308a0000 +0x20000 ... ok
map 0x3308c0000 +0x90000 ... ok
map 0x330950000 +0x60000 ... ok
map 0x3309b0000 +0x10000 ... ok
map 0x3309c0000 +0x30000 ... ok
map 0x3309f0000 +0x80000 ... ok
map 0x330a70000 +0x30000 ... ok
map 0x330aa0000 +0x10000 ... ok
map 0x330ab0000 +0x40000 ... ok
map 0x330af0000 +0x40000 ... ok
map 0x330b30000 +0x20000 ... ok
map 0x330b50000 +0x22f0000 ... ok
map 0x332e40000 +0x10000 ... ok
map 0x332e50000 +0x10000 ... ok
map 0x332e60000 +0x10000 ... ok
map 0x332e70000 +0xf0000 ... ok
map 0x7e9a14000 +0x120000 ... ok
map 0x7e9b38000 +0x120000 ... ok
map 0x1003e00000 +0x2d70000 ... ok
map 0x1057f40000 +0xc40000 ... ok
vmas 109 total 13075.0 MiB resident 2064.2 MiB mapped 2066.7 MiB
submit #28 hib 2 dwords at 0xfe003a200: pass 1 rewrite 0 drop 0 unmapped 0 cc 0 mappings 703 ... OK rc 0 10.71 ms
map 0x301ad0000 +0x10000 ... ok
map 0x332f60000 +0x8d0000 ... ok
map 0x333830000 +0xc0000 ... ok
map 0x1006b70000 +0x10000 ... ok
vmas 109 total 13075.0 MiB resident 2076.3 MiB mapped 2076.4 MiB
  load op 9f at 38: addr 0xfe0040068 idx 0 fmt 1 regoff 0x0 n 921 (table contents not committed)
  load op 63 at 43: addr 0xfe0042068 idx 0 fmt 1 regoff 0x0 n 174 (table contents not committed)
  load op 64 at 48: addr 0xfe00425d8 idx 0 fmt 1 regoff 0x0 n 49 (table contents not committed)
submit #29 dcb 96 dwords at 0xfe0042920: pass 20 rewrite 0 drop 4 unmapped 1 cc 0 mappings 707 ... OK rc 0 10.90 ms
map 0x1006b80000 +0x30000 ... ok
vmas 109 total 13075.0 MiB resident 2076.6 MiB mapped 2076.6 MiB
  load op 9f at 36: addr 0xfe0040068 idx 0 fmt 1 regoff 0x0 n 921 (table contents not committed)
  load op 63 at 41: addr 0xfe0042068 idx 0 fmt 1 regoff 0x0 n 174 (table contents not committed)
  load op 64 at 46: addr 0xfe00425d8 idx 0 fmt 1 regoff 0x0 n 57 (table contents not committed)
  load op 9f at 88: addr 0x503c01500 idx 0 fmt 1 regoff 0x0 n 136 (table contents not committed)
  load op 64 at 93: addr 0x503c00500 idx 0 fmt 1 regoff 0x0 n 3 (table contents not committed)
  load op 63 at 98: addr 0x503bff500 idx 0 fmt 1 regoff 0x0 n 3 (table contents not committed)
  load op 9f at 1541: addr 0xfe0040068 idx 0 fmt 1 regoff 0x0 n 921 (table contents not committed)
  load op 9f at 1548: addr 0x503c01940 idx 0 fmt 1 regoff 0x0 n 70 (table contents not committed)
  load op 63 at 1553: addr 0x908e5ff90 idx 0 fmt 1 regoff 0x0 n 6 (table contents not committed)
  load op 9f at 1558: addr 0x908e5ffc0 idx 0 fmt 1 regoff 0x0 n 10 (table contents not committed)
  load op 63 at 1563: addr 0x908e5f7d0 idx 0 fmt 1 regoff 0x0 n 6 (table contents not committed)
  load op 9f at 1568: addr 0x908e5f800 idx 0 fmt 1 regoff 0x0 n 9 (table contents not committed)
  load op 64 at 1573: addr 0x503c00518 idx 0 fmt 1 regoff 0x0 n 5 (table contents not committed)
  load op 9f at 1691: addr 0x503c01b70 idx 0 fmt 1 regoff 0x0 n 131 (table contents not committed)
  load op 64 at 1698: addr 0x503c00540 idx 0 fmt 1 regoff 0x0 n 1 (table contents not committed)
  load op 9f at 1730: addr 0xfe0040068 idx 0 fmt 1 regoff 0x0 n 921 (table contents not committed)
  load op 9f at 1737: addr 0x503c01f88 idx 0 fmt 1 regoff 0x0 n 70 (table contents not committed)
  load op 63 at 1742: addr 0x908e5ff90 idx 0 fmt 1 regoff 0x0 n 6 (table contents not committed)
  load op 9f at 1747: addr 0x908e5ffc0 idx 0 fmt 1 regoff 0x0 n 10 (table contents not committed)
  load op 63 at 1752: addr 0x908e5f7d0 idx 0 fmt 1 regoff 0x0 n 6 (table contents not committed)
  load op 9f at 1757: addr 0x908e5f800 idx 0 fmt 1 regoff 0x0 n 9 (table contents not committed)
  load op 64 at 1762: addr 0x503c00548 idx 0 fmt 1 regoff 0x0 n 5 (table contents not committed)
  load op 63 at 1858: addr 0x503bff518 idx 0 fmt 1 regoff 0x0 n 10 (table contents not committed)
  load op 63 at 2049: addr 0x503bff568 idx 0 fmt 1 regoff 0x0 n 28 (table contents not committed)
  load op 64 at 2123: addr 0x503c00570 idx 0 fmt 1 regoff 0x0 n 5 (table contents not committed)
  load op 9f at 2130: addr 0x503c021b8 idx 0 fmt 1 regoff 0x0 n 96 (table contents not committed)
  load op 9f at 2135: addr 0x503bfe390 idx 0 fmt 1 regoff 0x0 n 194 (table contents not committed)
submit #30 dcb 2647 dwords at 0x503502500: pass 236 rewrite 68 drop 175 unmapped 50 cc 4 mappings 708 ... OK rc 0 11.20 ms
map 0x3338f0000 +0x30000 ... ok
map 0x1006bb0000 +0xf0000 ... ok
vmas 109 total 13075.0 MiB resident 2077.6 MiB mapped 2077.7 MiB
  load op 9f at 38: addr 0xfe0040068 idx 0 fmt 1 regoff 0x0 n 921 (table contents not committed)
  load op 63 at 43: addr 0xfe0042068 idx 0 fmt 1 regoff 0x0 n 174 (table contents not committed)
  load op 64 at 48: addr 0xfe00425d8 idx 0 fmt 1 regoff 0x0 n 57 (table contents not committed)
  load op 9f at 90: addr 0x505a01500 idx 0 fmt 1 regoff 0x0 n 5 (table contents not committed)
  load op 64 at 95: addr 0x505a00500 idx 0 fmt 1 regoff 0x0 n 2 (table contents not committed)
  load op 63 at 100: addr 0x5059ff500 idx 0 fmt 1 regoff 0x0 n 3 (table contents not committed)
submit #31 dcb 851 dwords at 0x505602500: pass 47 rewrite 29 drop 71 unmapped 25 cc 0 mappings 710 ... OK rc 0 10.75 ms
map 0x1006ca0000 +0x30000 ... ok
vmas 109 total 13075.0 MiB resident 2077.9 MiB mapped 2077.9 MiB
  load op 9f at 35: addr 0xfe0040068 idx 0 fmt 1 regoff 0x0 n 921 (table contents not committed)
  load op 63 at 40: addr 0xfe0042068 idx 0 fmt 1 regoff 0x0 n 174 (table contents not committed)
  load op 64 at 45: addr 0xfe00425d8 idx 0 fmt 1 regoff 0x0 n 57 (table contents not committed)
  load op 9f at 87: addr 0x506801500 idx 0 fmt 1 regoff 0x0 n 136 (table contents not committed)
  load op 64 at 92: addr 0x506800500 idx 0 fmt 1 regoff 0x0 n 3 (table contents not committed)
  load op 63 at 97: addr 0x5067ff500 idx 0 fmt 1 regoff 0x0 n 3 (table contents not committed)
  load op 9f at 212: addr 0xfe0040068 idx 0 fmt 1 regoff 0x0 n 921 (table contents not committed)
  load op 9f at 219: addr 0x506801940 idx 0 fmt 1 regoff 0x0 n 70 (table contents not committed)
  load op 63 at 224: addr 0x908e5ff90 idx 0 fmt 1 regoff 0x0 n 6 (table contents not committed)
  load op 9f at 229: addr 0x908e5ffc0 idx 0 fmt 1 regoff 0x0 n 10 (table contents not committed)
  load op 63 at 234: addr 0x908e5f7d0 idx 0 fmt 1 regoff 0x0 n 6 (table contents not committed)
  load op 9f at 239: addr 0x908e5f800 idx 0 fmt 1 regoff 0x0 n 9 (table contents not committed)
  load op 64 at 244: addr 0x506800518 idx 0 fmt 1 regoff 0x0 n 5 (table contents not committed)
  load op 9f at 340: addr 0x506801b70 idx 0 fmt 1 regoff 0x0 n 131 (table contents not committed)
  load op 64 at 347: addr 0x506800540 idx 0 fmt 1 regoff 0x0 n 1 (table contents not committed)
  load op 9f at 379: addr 0xfe0040068 idx 0 fmt 1 regoff 0x0 n 921 (table contents not committed)
  load op 9f at 386: addr 0x506801f88 idx 0 fmt 1 regoff 0x0 n 70 (table contents not committed)
  load op 63 at 391: addr 0x908e5ff90 idx 0 fmt 1 regoff 0x0 n 6 (table contents not committed)
  load op 9f at 396: addr 0x908e5ffc0 idx 0 fmt 1 regoff 0x0 n 10 (table contents not committed)
  load op 63 at 401: addr 0x908e5f7d0 idx 0 fmt 1 regoff 0x0 n 6 (table contents not committed)
  load op 9f at 406: addr 0x908e5f800 idx 0 fmt 1 regoff 0x0 n 9 (table contents not committed)
  load op 64 at 411: addr 0x506800548 idx 0 fmt 1 regoff 0x0 n 5 (table contents not committed)
  load op 9f at 548: addr 0x5068021b8 idx 0 fmt 1 regoff 0x0 n 98 (table contents not committed)
  load op 64 at 555: addr 0x506800570 idx 0 fmt 1 regoff 0x0 n 1 (table contents not committed)
  load op 9f at 560: addr 0x5067fe500 idx 0 fmt 1 regoff 0x0 n 33 (table contents not committed)
  load op 9f at 592: addr 0xfe0040068 idx 0 fmt 1 regoff 0x0 n 921 (table contents not committed)
  load op 9f at 599: addr 0x5067fe608 idx 0 fmt 1 regoff 0x0 n 70 (table contents not committed)
  load op 63 at 604: addr 0x908e5ff90 idx 0 fmt 1 regoff 0x0 n 6 (table contents not committed)
  load op 9f at 609: addr 0x908e5ffc0 idx 0 fmt 1 regoff 0x0 n 10 (table contents not committed)
  load op 63 at 614: addr 0x908e5f7d0 idx 0 fmt 1 regoff 0x0 n 6 (table contents not committed)
  load op 9f at 619: addr 0x908e5f800 idx 0 fmt 1 regoff 0x0 n 9 (table contents not committed)
  load op 64 at 624: addr 0x506800578 idx 0 fmt 1 regoff 0x0 n 5 (table contents not committed)
submit #32 dcb 798 dwords at 0x506202500: pass 103 rewrite 18 drop 39 unmapped 10 cc 6 mappings 711 ... OK rc 0 11.36 ms
map 0x333920000 +0x30000 ... ok
map 0x1006cd0000 +0x160000 ... ok
map 0x1058b80000 +0x18e0000 ... ok
vmas 109 total 13075.0 MiB resident 2104.2 MiB mapped 2104.4 MiB
  load op 9f at 36: addr 0xfe0040068 idx 0 fmt 1 regoff 0x0 n 921 (table contents not committed)
  load op 63 at 41: addr 0xfe0042068 idx 0 fmt 1 regoff 0x0 n 174 (table contents not committed)
  load op 64 at 46: addr 0xfe00425d8 idx 0 fmt 1 regoff 0x0 n 57 (table contents not committed)
  load op 9f at 88: addr 0x504e01500 idx 0 fmt 1 regoff 0x0 n 5 (table contents not committed)
  load op 64 at 93: addr 0x504e00500 idx 0 fmt 1 regoff 0x0 n 2 (table contents not committed)
  load op 63 at 98: addr 0x504dff500 idx 0 fmt 1 regoff 0x0 n 3 (table contents not committed)
  load op 9f at 756: addr 0xfe0040068 idx 0 fmt 1 regoff 0x0 n 921 (table contents not committed)
  load op 9f at 763: addr 0x504e01528 idx 0 fmt 1 regoff 0x0 n 74 (table contents not committed)
  load op 63 at 768: addr 0x908e5ff90 idx 0 fmt 1 regoff 0x0 n 6 (table contents not committed)
  load op 9f at 773: addr 0x908e5ffc0 idx 0 fmt 1 regoff 0x0 n 10 (table contents not committed)
  load op 64 at 778: addr 0x504e00510 idx 0 fmt 1 regoff 0x0 n 5 (table contents not committed)
  load op 9f at 901: addr 0xfe0040068 idx 0 fmt 1 regoff 0x0 n 921 (table contents not committed)
  load op 9f at 908: addr 0x504e01778 idx 0 fmt 1 regoff 0x0 n 74 (table contents not committed)
  load op 63 at 913: addr 0x908e5ff90 idx 0 fmt 1 regoff 0x0 n 6 (table contents not committed)
  load op 9f at 918: addr 0x908e5ffc0 idx 0 fmt 1 regoff 0x0 n 10 (table contents not committed)
  load op 64 at 923: addr 0x504e00538 idx 0 fmt 1 regoff 0x0 n 5 (table contents not committed)
  load op 9f at 1046: addr 0xfe0040068 idx 0 fmt 1 regoff 0x0 n 921 (table contents not committed)
  load op 9f at 1053: addr 0x504e019c8 idx 0 fmt 1 regoff 0x0 n 74 (table contents not committed)
  load op 63 at 1058: addr 0x908e5ff90 idx 0 fmt 1 regoff 0x0 n 6 (table contents not committed)
  load op 9f at 1063: addr 0x908e5ffc0 idx 0 fmt 1 regoff 0x0 n 10 (table contents not committed)
  load op 64 at 1068: addr 0x504e00560 idx 0 fmt 1 regoff 0x0 n 5 (table contents not committed)
submit #33 dcb 1248 dwords at 0x504a02500: pass 151 rewrite 25 drop 66 unmapped 14 cc 6 mappings 714 ... OK rc 0 10.88 ms
map 0x333950000 +0x20000 ... ok
map 0x1006e30000 +0x90000 ... ok
vmas 109 total 13075.0 MiB resident 2105.0 MiB mapped 2105.0 MiB
hint CB0 0x507410000: window 0x505410000+0x4000000, mapped +0.0 MiB
  load op 9f at 28: addr 0xfe0040068 idx 0 fmt 1 regoff 0x0 n 921 (table contents not committed)
  load op 63 at 33: addr 0xfe0042068 idx 0 fmt 1 regoff 0x0 n 174 (table contents not committed)
  load op 64 at 38: addr 0xfe00425d8 idx 0 fmt 1 regoff 0x0 n 57 (table contents not committed)
  load op 9f at 80: addr 0x502701500 idx 0 fmt 1 regoff 0x0 n 295 (table contents not committed)
  load op 64 at 85: addr 0x502700500 idx 0 fmt 1 regoff 0x0 n 7 (table contents not committed)
  load op 63 at 90: addr 0x5026ff500 idx 0 fmt 1 regoff 0x0 n 13 (table contents not committed)
  load op 63 at 342: addr 0x5026ff568 idx 0 fmt 1 regoff 0x0 n 10 (table contents not committed)
  load op 63 at 734: addr 0x5026ff5b8 idx 0 fmt 1 regoff 0x0 n 18 (table contents not committed)
  load op 63 at 1217: addr 0x5026ff648 idx 0 fmt 1 regoff 0x0 n 10 (table contents not committed)
  load op 63 at 1249: addr 0x5026ff698 idx 0 fmt 1 regoff 0x0 n 10 (table contents not committed)
  load op 63 at 1281: addr 0x5026ff6e8 idx 0 fmt 1 regoff 0x0 n 10 (table contents not committed)
  load op 63 at 1313: addr 0x5026ff738 idx 0 fmt 1 regoff 0x0 n 10 (table contents not committed)
  load op 9f at 1724: addr 0xfe0040068 idx 0 fmt 1 regoff 0x0 n 921 (table contents not committed)
  load op 9f at 1731: addr 0x502701e38 idx 0 fmt 1 regoff 0x0 n 74 (table contents not committed)
  load op 63 at 1736: addr 0x908e5ff90 idx 0 fmt 1 regoff 0x0 n 6 (table contents not committed)
  load op 9f at 1741: addr 0x908e5ffc0 idx 0 fmt 1 regoff 0x0 n 10 (table contents not committed)
  load op 64 at 1746: addr 0x502700538 idx 0 fmt 1 regoff 0x0 n 5 (table contents not committed)
  load op 9f at 1799: addr 0x502702088 idx 0 fmt 1 regoff 0x0 n 132 (table contents not committed)
  load op 63 at 1804: addr 0x5026ff788 idx 0 fmt 1 regoff 0x0 n 30 (table contents not committed)
  load op 64 at 1884: addr 0x502700560 idx 0 fmt 1 regoff 0x0 n 5 (table contents not committed)
  load op 9f at 1891: addr 0x5026fd440 idx 0 fmt 1 regoff 0x0 n 175 (table contents not committed)
  load op 63 at 2106: addr 0x5026ff878 idx 0 fmt 1 regoff 0x0 n 20 (table contents not committed)
  load op 9f at 3069: addr 0xfe0040068 idx 0 fmt 1 regoff 0x0 n 921 (table contents not committed)
  load op 9f at 3076: addr 0x5026fd9b8 idx 0 fmt 1 regoff 0x0 n 70 (table contents not committed)
  load op 63 at 3081: addr 0x908e5ff90 idx 0 fmt 1 regoff 0x0 n 6 (table contents not committed)
  load op 9f at 3086: addr 0x908e5ffc0 idx 0 fmt 1 regoff 0x0 n 10 (table contents not committed)
  load op 63 at 3091: addr 0x908e5f7d0 idx 0 fmt 1 regoff 0x0 n 6 (table contents not committed)
  load op 9f at 3096: addr 0x908e5f800 idx 0 fmt 1 regoff 0x0 n 9 (table contents not committed)
  load op 64 at 3101: addr 0x502700588 idx 0 fmt 1 regoff 0x0 n 5 (table contents not committed)
  load op 9f at 3140: addr 0x5026fdbe8 idx 0 fmt 1 regoff 0x0 n 19 (table contents not committed)
  load op 63 at 3145: addr 0x5026ff918 idx 0 fmt 1 regoff 0x0 n 12 (table contents not committed)
  load op 9f at 3268: addr 0xfe0040068 idx 0 fmt 1 regoff 0x0 n 921 (table contents not committed)
  load op 9f at 3275: addr 0x5026fdc80 idx 0 fmt 1 regoff 0x0 n 74 (table contents not committed)
  load op 63 at 3280: addr 0x908e5ff90 idx 0 fmt 1 regoff 0x0 n 6 (table contents not committed)
  load op 9f at 3285: addr 0x908e5ffc0 idx 0 fmt 1 regoff 0x0 n 10 (table contents not committed)
  load op 64 at 3290: addr 0x5027005b0 idx 0 fmt 1 regoff 0x0 n 5 (table contents not committed)
  load op 9f at 3329: addr 0x5026fded0 idx 0 fmt 1 regoff 0x0 n 166 (table contents not committed)
  load op 63 at 3334: addr 0x5026ff978 idx 0 fmt 1 regoff 0x0 n 30 (table contents not committed)
  load op 64 at 3430: addr 0x5027005d8 idx 0 fmt 1 regoff 0x0 n 5 (table contents not committed)
  load op 9f at 3437: addr 0x5026fc320 idx 0 fmt 1 regoff 0x0 n 135 (table contents not committed)
  load op 63 at 3675: addr 0x5026ffa68 idx 0 fmt 1 regoff 0x0 n 36 (table contents not committed)
  load op 64 at 4540: addr 0x502700600 idx 0 fmt 1 regoff 0x0 n 6 (table contents not committed)
  load op 9f at 4545: addr 0x5026fc758 idx 0 fmt 1 regoff 0x0 n 376 (table contents not committed)
  load op 9f at 4552: addr 0x5026fb118 idx 0 fmt 1 regoff 0x0 n 205 (table contents not committed)
  load op 9f at 4853: addr 0xfe0040068 idx 0 fmt 1 regoff 0x0 n 921 (table contents not committed)
  load op 9f at 4860: addr 0x5026fb780 idx 0 fmt 1 regoff 0x0 n 74 (table contents not committed)
  load op 63 at 4865: addr 0x908e5ff90 idx 0 fmt 1 regoff 0x0 n 6 (table contents not committed)
  load op 9f at 4870: addr 0x908e5ffc0 idx 0 fmt 1 regoff 0x0 n 10 (table contents not committed)
  load op 64 at 4875: addr 0x502700630 idx 0 fmt 1 regoff 0x0 n 5 (table contents not committed)
  load op 63 at 4914: addr 0x5026ffb88 idx 0 fmt 1 regoff 0x0 n 21 (table contents not committed)
  load op 9f at 4925: addr 0x5026fb9d0 idx 0 fmt 1 regoff 0x0 n 223 (table contents not committed)
  load op 63 at 5714: addr 0x5026ffc30 idx 0 fmt 1 regoff 0x0 n 10 (table contents not committed)
  load op 63 at 5831: addr 0x5026ffc80 idx 0 fmt 1 regoff 0x0 n 28 (table contents not committed)
  load op 64 at 5910: addr 0x502700658 idx 0 fmt 1 regoff 0x0 n 5 (table contents not committed)
  load op 9f at 5917: addr 0x5026f9e30 idx 0 fmt 1 regoff 0x0 n 67 (table contents not committed)
  load op 9f at 6045: addr 0x5026fa048 idx 0 fmt 1 regoff 0x0 n 121 (table contents not committed)
  load op 63 at 6050: addr 0x5026ffd60 idx 0 fmt 1 regoff 0x0 n 18 (table contents not committed)
  load op 64 at 6055: addr 0x502700680 idx 0 fmt 1 regoff 0x0 n 3 (table contents not committed)
  load op 9f at 6204: addr 0x5026fa410 idx 0 fmt 1 regoff 0x0 n 121 (table contents not committed)
  load op 63 at 6209: addr 0x5026ffdf0 idx 0 fmt 1 regoff 0x0 n 18 (table contents not committed)
  load op 64 at 6214: addr 0x502700698 idx 0 fmt 1 regoff 0x0 n 3 (table contents not committed)
  load op 63 at 6578: addr 0x5026ffe80 idx 0 fmt 1 regoff 0x0 n 10 (table contents not committed)
  load op 9f at 7058: addr 0x5026fa7d8 idx 0 fmt 1 regoff 0x0 n 195 (table contents not committed)
  load op 9f at 7063: addr 0x5026f8d80 idx 0 fmt 1 regoff 0x0 n 85 (table contents not committed)
  load op 63 at 7068: addr 0x5026ffed0 idx 0 fmt 1 regoff 0x0 n 18 (table contents not committed)
  load op 64 at 7073: addr 0x5027006b0 idx 0 fmt 1 regoff 0x0 n 3 (table contents not committed)
  load op 9f at 7186: addr 0x5026f9028 idx 0 fmt 1 regoff 0x0 n 129 (table contents not committed)
  load op 63 at 7191: addr 0x5026fff60 idx 0 fmt 1 regoff 0x0 n 18 (table contents not committed)
  load op 64 at 7196: addr 0x5027006c8 idx 0 fmt 1 regoff 0x0 n 3 (table contents not committed)
  load op 9f at 7309: addr 0x5026f9430 idx 0 fmt 1 regoff 0x0 n 129 (table contents not committed)
  load op 63 at 7314: addr 0x5026ffff0 idx 0 fmt 1 regoff 0x0 n 18 (table contents not committed)
  load op 64 at 7319: addr 0x5027006e0 idx 0 fmt 1 regoff 0x0 n 3 (table contents not committed)
  load op 9f at 7432: addr 0x5026f9838 idx 0 fmt 1 regoff 0x0 n 58 (table contents not committed)
  load op 9f at 7537: addr 0x5026f9a08 idx 0 fmt 1 regoff 0x0 n 66 (table contents not committed)
  load op 9f at 7642: addr 0x5026f9c18 idx 0 fmt 1 regoff 0x0 n 37 (table contents not committed)
  load op 9f at 7647: addr 0x5026f7300 idx 0 fmt 1 regoff 0x0 n 21 (table contents not committed)
  load op 9f at 7752: addr 0x5026f73a8 idx 0 fmt 1 regoff 0x0 n 66 (table contents not committed)
  load op 9f at 7857: addr 0x5026f75b8 idx 0 fmt 1 regoff 0x0 n 58 (table contents not committed)
  load op 9f at 7962: addr 0x5026f7788 idx 0 fmt 1 regoff 0x0 n 130 (table contents not committed)
  load op 63 at 7967: addr 0x502700080 idx 0 fmt 1 regoff 0x0 n 18 (table contents not committed)
  load op 64 at 7972: addr 0x5027006f8 idx 0 fmt 1 regoff 0x0 n 3 (table contents not committed)
  load op 9f at 8099: addr 0x5026f7b98 idx 0 fmt 1 regoff 0x0 n 135 (table contents not committed)
  load op 63 at 8104: addr 0x502700110 idx 0 fmt 1 regoff 0x0 n 18 (table contents not committed)
  load op 64 at 8109: addr 0x502700710 idx 0 fmt 1 regoff 0x0 n 3 (table contents not committed)
  load op 63 at 8687: addr 0x5027001a0 idx 0 fmt 1 regoff 0x0 n 10 (table contents not committed)
  load op 63 at 9273: addr 0x5027001f0 idx 0 fmt 1 regoff 0x0 n 28 (table contents not committed)
  load op 64 at 9381: addr 0x502700728 idx 0 fmt 1 regoff 0x0 n 5 (table contents not committed)
  load op 9f at 9386: addr 0x5026f7fd0 idx 0 fmt 1 regoff 0x0 n 97 (table contents not committed)
  load op 9f at 9393: addr 0x5026f5868 idx 0 fmt 1 regoff 0x0 n 183 (table contents not committed)
submit #34 dcb 9891 dwords at 0x502002500: pass 667 rewrite 260 drop 670 unmapped 228 cc 8 mappings 716 ... OK rc 0 12.04 ms
map 0x300e70000 +0x10000 ... ok
map 0x301ae0000 +0x30000 ... ok
map 0x302b90000 +0x70000 ... ok
map 0x303550000 +0x10000 ... ok
map 0x303990000 +0x10000 ... ok
map 0x308460000 +0x70000 ... ok
map 0x3119c0000 +0x530000 ... ok
map 0x333970000 +0x320000 ... ok
map 0x333c90000 +0x1040000 ... ok
map 0x334cd0000 +0x10000 ... ok
map 0x334ce0000 +0x180000 ... ok
map 0x500860000 +0x110000 ... ok
map 0x1006ec0000 +0x5850000 ... ok
map 0x105a460000 +0x2320000 ... ok
map 0x10ca020000 +0x300000 ... ok
map 0x10eca40000 +0x580000 ... ok
map 0x10ecfc0000 +0x20000 ... ok
map 0x10ecfe0000 +0x27bb0000 ... ok
vmas 109 total 13075.0 MiB resident 2900.7 MiB mapped 2901.2 MiB
submit #35 cc 3 dwords at 0x313b17cf4: pass 0 rewrite 1 drop 0 unmapped 0 cc 1 mappings 734 ... OK rc 0 14.69 ms
map 0x1114b90000 +0x850000 ... ok
vmas 109 total 13075.0 MiB resident 2909.5 MiB mapped 2909.5 MiB
  load op 61 at 10: base 0xfe0008000 pairs (0x0,215) (0xd8,272) (0x1f5,4) (0x1ff,158) (0x2a0,2) (0x2a3,1) (0x2a5,66) (0x2f5,203)
  load op 5f at 29: base 0xfe0010000 pairs (0x1,1) (0x6,38) (0x32,4) (0x80,4) (0x87,37) (0xb2,4) (0xc8,2) (0x100,4) (0x107,37) (0x132,4) (0x148,2) (0x204,3) (0x20c,2) (0x212,2) (0x215,6) (0x224,5) (0x22a,1) (0x240,16) (0x27d,1) (0x280,1) (0x207,3)
  load op 5e at 74: base 0xfe0011000 pairs (0x35,8) (0xa2,1) (0x242,1) (0x248,1) (0x24a,2) (0x25b,6) (0x262,1) (0x2bb,5) (0x2c4,16) (0x2e4,8) (0x380,2) (0x383,2) (0x41d,3) (0x24d,1)
  load op 61 at 105: base 0xfe0008000 pairs (0x0,0)
  load op 5f at 110: base 0xfe0010000 pairs (0x0,0)
  load op 5e at 115: base 0xfe0011000 pairs (0x0,0)
  load op 61 at 125: base 0xfe0008000 pairs (0x0,0)
  load op 5f at 130: base 0xfe0010000 pairs (0x0,0)
  load op 5e at 135: base 0xfe0011000 pairs (0x0,0)
submit #36 hib 150 dwords at 0xfe0000000: pass 12 rewrite 2 drop 2 unmapped 0 cc 2 mappings 735 ... OK rc 0 14.50 ms
map 0x334e60000 +0x60000 ... ok
map 0x100c710000 +0x50000 ... ok
map 0x11153e0000 +0x970000 ... ok
vmas 109 total 13075.0 MiB resident 2919.6 MiB mapped 2919.7 MiB
submit #37 hib 2 dwords at 0xfe003a200: pass 1 rewrite 0 drop 0 unmapped 0 cc 0 mappings 738 ... OK rc 0 14.75 ms
map 0x1115d50000 +0x570000 ... ok
vmas 109 total 13075.0 MiB resident 2925.1 MiB mapped 2925.1 MiB
  load op 9f at 38: addr 0xfe0040068 idx 0 fmt 1 regoff 0x0 n 921 (table contents not committed)
  load op 63 at 43: addr 0xfe0042068 idx 0 fmt 1 regoff 0x0 n 174 (table contents not committed)
  load op 64 at 48: addr 0xfe00425d8 idx 0 fmt 1 regoff 0x0 n 49 (table contents not committed)
submit #38 dcb 96 dwords at 0xfe0042920: pass 20 rewrite 0 drop 4 unmapped 1 cc 0 mappings 739 ... OK rc 0 14.79 ms
map 0x334ec0000 +0x70000 ... ok
map 0x334f30000 +0x10000 ... ok
map 0x100c760000 +0x10000 ... ok
map 0x11162c0000 +0x360000 ... ok
vmas 109 total 13075.0 MiB resident 2928.9 MiB mapped 2929.0 MiB
  load op 9f at 36: addr 0xfe0040068 idx 0 fmt 1 regoff 0x0 n 921 (table contents not committed)
  load op 63 at 41: addr 0xfe0042068 idx 0 fmt 1 regoff 0x0 n 174 (table contents not committed)
  load op 64 at 46: addr 0xfe00425d8 idx 0 fmt 1 regoff 0x0 n 57 (table contents not committed)
  load op 9f at 88: addr 0x504301500 idx 0 fmt 1 regoff 0x0 n 136 (table contents not committed)
  load op 64 at 93: addr 0x504300500 idx 0 fmt 1 regoff 0x0 n 3 (table contents not committed)
  load op 63 at 98: addr 0x5042ff500 idx 0 fmt 1 regoff 0x0 n 3 (table contents not committed)
  load op 9f at 1541: addr 0xfe0040068 idx 0 fmt 1 regoff 0x0 n 921 (table contents not committed)
  load op 9f at 1548: addr 0x504301940 idx 0 fmt 1 regoff 0x0 n 70 (table contents not committed)
  load op 63 at 1553: addr 0x908e5ff90 idx 0 fmt 1 regoff 0x0 n 6 (table contents not committed)
  load op 9f at 1558: addr 0x908e5ffc0 idx 0 fmt 1 regoff 0x0 n 10 (table contents not committed)
  load op 63 at 1563: addr 0x908e5f7d0 idx 0 fmt 1 regoff 0x0 n 6 (table contents not committed)
  load op 9f at 1568: addr 0x908e5f800 idx 0 fmt 1 regoff 0x0 n 9 (table contents not committed)
  load op 64 at 1573: addr 0x504300518 idx 0 fmt 1 regoff 0x0 n 5 (table contents not committed)
  load op 9f at 1691: addr 0x504301b70 idx 0 fmt 1 regoff 0x0 n 131 (table contents not committed)
  load op 64 at 1698: addr 0x504300540 idx 0 fmt 1 regoff 0x0 n 1 (table contents not committed)
  load op 9f at 1730: addr 0xfe0040068 idx 0 fmt 1 regoff 0x0 n 921 (table contents not committed)
  load op 9f at 1737: addr 0x504301f88 idx 0 fmt 1 regoff 0x0 n 70 (table contents not committed)
  load op 63 at 1742: addr 0x908e5ff90 idx 0 fmt 1 regoff 0x0 n 6 (table contents not committed)
  load op 9f at 1747: addr 0x908e5ffc0 idx 0 fmt 1 regoff 0x0 n 10 (table contents not committed)
  load op 63 at 1752: addr 0x908e5f7d0 idx 0 fmt 1 regoff 0x0 n 6 (table contents not committed)
  load op 9f at 1757: addr 0x908e5f800 idx 0 fmt 1 regoff 0x0 n 9 (table contents not committed)
  load op 64 at 1762: addr 0x504300548 idx 0 fmt 1 regoff 0x0 n 5 (table contents not committed)
  load op 63 at 1858: addr 0x5042ff518 idx 0 fmt 1 regoff 0x0 n 10 (table contents not committed)
  load op 63 at 2049: addr 0x5042ff568 idx 0 fmt 1 regoff 0x0 n 28 (table contents not committed)
  load op 64 at 2123: addr 0x504300570 idx 0 fmt 1 regoff 0x0 n 5 (table contents not committed)
  load op 9f at 2130: addr 0x5043021b8 idx 0 fmt 1 regoff 0x0 n 96 (table contents not committed)
  load op 9f at 2135: addr 0x5042fe390 idx 0 fmt 1 regoff 0x0 n 194 (table contents not committed)
submit #39 dcb 2647 dwords at 0x503c02500: pass 236 rewrite 68 drop 175 unmapped 50 cc 4 mappings 743 ... OK rc 0 17.39 ms
map 0x334f40000 +0x70000 ... ok
map 0x100c770000 +0x2a0000 ... ok
map 0x1116620000 +0x6e0000 ... ok
vmas 109 total 13075.0 MiB resident 2938.9 MiB mapped 2939.0 MiB
  load op 9f at 38: addr 0xfe0040068 idx 0 fmt 1 regoff 0x0 n 921 (table contents not committed)
  load op 63 at 43: addr 0xfe0042068 idx 0 fmt 1 regoff 0x0 n 174 (table contents not committed)
  load op 64 at 48: addr 0xfe00425d8 idx 0 fmt 1 regoff 0x0 n 57 (table contents not committed)
  load op 9f at 90: addr 0x505e01500 idx 0 fmt 1 regoff 0x0 n 5 (table contents not committed)
  load op 64 at 95: addr 0x505e00500 idx 0 fmt 1 regoff 0x0 n 2 (table contents not committed)
  load op 63 at 100: addr 0x505dff500 idx 0 fmt 1 regoff 0x0 n 3 (table contents not committed)
submit #40 dcb 851 dwords at 0x505a02500: pass 47 rewrite 29 drop 71 unmapped 25 cc 0 mappings 746 ... OK rc 0 16.97 ms
  load op 9f at 35: addr 0xfe0040068 idx 0 fmt 1 regoff 0x0 n 921 (table contents not committed)
  load op 63 at 40: addr 0xfe0042068 idx 0 fmt 1 regoff 0x0 n 174 (table contents not committed)
  load op 64 at 45: addr 0xfe00425d8 idx 0 fmt 1 regoff 0x0 n 57 (table contents not committed)
  load op 9f at 87: addr 0x506e01500 idx 0 fmt 1 regoff 0x0 n 136 (table contents not committed)
  load op 64 at 92: addr 0x506e00500 idx 0 fmt 1 regoff 0x0 n 3 (table contents not committed)
  load op 63 at 97: addr 0x506dff500 idx 0 fmt 1 regoff 0x0 n 3 (table contents not committed)
  load op 9f at 212: addr 0xfe0040068 idx 0 fmt 1 regoff 0x0 n 921 (table contents not committed)
  load op 9f at 219: addr 0x506e01940 idx 0 fmt 1 regoff 0x0 n 70 (table contents not committed)
  load op 63 at 224: addr 0x908e5ff90 idx 0 fmt 1 regoff 0x0 n 6 (table contents not committed)
  load op 9f at 229: addr 0x908e5ffc0 idx 0 fmt 1 regoff 0x0 n 10 (table contents not committed)
  load op 63 at 234: addr 0x908e5f7d0 idx 0 fmt 1 regoff 0x0 n 6 (table contents not committed)
  load op 9f at 239: addr 0x908e5f800 idx 0 fmt 1 regoff 0x0 n 9 (table contents not committed)
  load op 64 at 244: addr 0x506e00518 idx 0 fmt 1 regoff 0x0 n 5 (table contents not committed)
  load op 9f at 340: addr 0x506e01b70 idx 0 fmt 1 regoff 0x0 n 131 (table contents not committed)
  load op 64 at 347: addr 0x506e00540 idx 0 fmt 1 regoff 0x0 n 1 (table contents not committed)
  load op 9f at 379: addr 0xfe0040068 idx 0 fmt 1 regoff 0x0 n 921 (table contents not committed)
  load op 9f at 386: addr 0x506e01f88 idx 0 fmt 1 regoff 0x0 n 70 (table contents not committed)
  load op 63 at 391: addr 0x908e5ff90 idx 0 fmt 1 regoff 0x0 n 6 (table contents not committed)
  load op 9f at 396: addr 0x908e5ffc0 idx 0 fmt 1 regoff 0x0 n 10 (table contents not committed)
  load op 63 at 401: addr 0x908e5f7d0 idx 0 fmt 1 regoff 0x0 n 6 (table contents not committed)
  load op 9f at 406: addr 0x908e5f800 idx 0 fmt 1 regoff 0x0 n 9 (table contents not committed)
  load op 64 at 411: addr 0x506e00548 idx 0 fmt 1 regoff 0x0 n 5 (table contents not committed)
  load op 9f at 548: addr 0x506e021b8 idx 0 fmt 1 regoff 0x0 n 98 (table contents not committed)
  load op 64 at 555: addr 0x506e00570 idx 0 fmt 1 regoff 0x0 n 1 (table contents not committed)
  load op 9f at 560: addr 0x506dfe500 idx 0 fmt 1 regoff 0x0 n 33 (table contents not committed)
  load op 9f at 592: addr 0xfe0040068 idx 0 fmt 1 regoff 0x0 n 921 (table contents not committed)
  load op 9f at 599: addr 0x506dfe608 idx 0 fmt 1 regoff 0x0 n 70 (table contents not committed)
  load op 63 at 604: addr 0x908e5ff90 idx 0 fmt 1 regoff 0x0 n 6 (table contents not committed)
  load op 9f at 609: addr 0x908e5ffc0 idx 0 fmt 1 regoff 0x0 n 10 (table contents not committed)
  load op 63 at 614: addr 0x908e5f7d0 idx 0 fmt 1 regoff 0x0 n 6 (table contents not committed)
  load op 9f at 619: addr 0x908e5f800 idx 0 fmt 1 regoff 0x0 n 9 (table contents not committed)
  load op 64 at 624: addr 0x506e00578 idx 0 fmt 1 regoff 0x0 n 5 (table contents not committed)
submit #41 dcb 798 dwords at 0x506802500: pass 103 rewrite 18 drop 39 unmapped 10 cc 6 mappings 746 ... OK rc 0 15.00 ms
map 0x334fb0000 +0x90000 ... ok
map 0x500970000 +0x10000 ... ok
map 0x100ca10000 +0x2b0000 ... ok
map 0x105c780000 +0xe70000 ... ok
map 0x10ca320000 +0x20000 ... ok
map 0x1116d00000 +0x350000 ... ok
vmas 109 total 13075.0 MiB resident 2959.9 MiB mapped 2960.2 MiB
  load op 9f at 36: addr 0xfe0040068 idx 0 fmt 1 regoff 0x0 n 921 (table contents not committed)
  load op 63 at 41: addr 0xfe0042068 idx 0 fmt 1 regoff 0x0 n 174 (table contents not committed)
  load op 64 at 46: addr 0xfe00425d8 idx 0 fmt 1 regoff 0x0 n 57 (table contents not committed)
  load op 9f at 88: addr 0x505201500 idx 0 fmt 1 regoff 0x0 n 5 (table contents not committed)
  load op 64 at 93: addr 0x505200500 idx 0 fmt 1 regoff 0x0 n 2 (table contents not committed)
  load op 63 at 98: addr 0x5051ff500 idx 0 fmt 1 regoff 0x0 n 3 (table contents not committed)
  load op 9f at 756: addr 0xfe0040068 idx 0 fmt 1 regoff 0x0 n 921 (table contents not committed)
  load op 9f at 763: addr 0x505201528 idx 0 fmt 1 regoff 0x0 n 74 (table contents not committed)
  load op 63 at 768: addr 0x908e5ff90 idx 0 fmt 1 regoff 0x0 n 6 (table contents not committed)
  load op 9f at 773: addr 0x908e5ffc0 idx 0 fmt 1 regoff 0x0 n 10 (table contents not committed)
  load op 64 at 778: addr 0x505200510 idx 0 fmt 1 regoff 0x0 n 5 (table contents not committed)
  load op 9f at 901: addr 0xfe0040068 idx 0 fmt 1 regoff 0x0 n 921 (table contents not committed)
  load op 9f at 908: addr 0x505201778 idx 0 fmt 1 regoff 0x0 n 74 (table contents not committed)
  load op 63 at 913: addr 0x908e5ff90 idx 0 fmt 1 regoff 0x0 n 6 (table contents not committed)
  load op 9f at 918: addr 0x908e5ffc0 idx 0 fmt 1 regoff 0x0 n 10 (table contents not committed)
  load op 64 at 923: addr 0x505200538 idx 0 fmt 1 regoff 0x0 n 5 (table contents not committed)
  load op 9f at 1046: addr 0xfe0040068 idx 0 fmt 1 regoff 0x0 n 921 (table contents not committed)
  load op 9f at 1053: addr 0x5052019c8 idx 0 fmt 1 regoff 0x0 n 74 (table contents not committed)
  load op 63 at 1058: addr 0x908e5ff90 idx 0 fmt 1 regoff 0x0 n 6 (table contents not committed)
  load op 9f at 1063: addr 0x908e5ffc0 idx 0 fmt 1 regoff 0x0 n 10 (table contents not committed)
  load op 64 at 1068: addr 0x505200560 idx 0 fmt 1 regoff 0x0 n 5 (table contents not committed)
submit #42 dcb 1248 dwords at 0x504e02500: pass 151 rewrite 25 drop 66 unmapped 14 cc 6 mappings 752 ... OK rc 0 17.34 ms
map 0x335040000 +0x20000 ... ok
map 0x335060000 +0x10000 ... ok
map 0x100ccc0000 +0xf0000 ... ok
map 0x10ca340000 +0x20000 ... ok
map 0x1117050000 +0x320000 ... ok
vmas 109 total 13075.0 MiB resident 2964.5 MiB mapped 2964.5 MiB
  load op 9f at 28: addr 0xfe0040068 idx 0 fmt 1 regoff 0x0 n 921 (table contents not committed)
  load op 63 at 33: addr 0xfe0042068 idx 0 fmt 1 regoff 0x0 n 174 (table contents not committed)
  load op 64 at 38: addr 0xfe00425d8 idx 0 fmt 1 regoff 0x0 n 57 (table contents not committed)
  load op 9f at 80: addr 0x502e01500 idx 0 fmt 1 regoff 0x0 n 295 (table contents not committed)
  load op 64 at 85: addr 0x502e00500 idx 0 fmt 1 regoff 0x0 n 7 (table contents not committed)
  load op 63 at 90: addr 0x502dff500 idx 0 fmt 1 regoff 0x0 n 13 (table contents not committed)
  load op 63 at 342: addr 0x502dff568 idx 0 fmt 1 regoff 0x0 n 10 (table contents not committed)
  load op 63 at 734: addr 0x502dff5b8 idx 0 fmt 1 regoff 0x0 n 18 (table contents not committed)
  load op 63 at 1217: addr 0x502dff648 idx 0 fmt 1 regoff 0x0 n 10 (table contents not committed)
  load op 63 at 1249: addr 0x502dff698 idx 0 fmt 1 regoff 0x0 n 10 (table contents not committed)
  load op 63 at 1281: addr 0x502dff6e8 idx 0 fmt 1 regoff 0x0 n 10 (table contents not committed)
  load op 63 at 1313: addr 0x502dff738 idx 0 fmt 1 regoff 0x0 n 10 (table contents not committed)
  load op 9f at 1724: addr 0xfe0040068 idx 0 fmt 1 regoff 0x0 n 921 (table contents not committed)
  load op 9f at 1731: addr 0x502e01e38 idx 0 fmt 1 regoff 0x0 n 74 (table contents not committed)
  load op 63 at 1736: addr 0x908e5ff90 idx 0 fmt 1 regoff 0x0 n 6 (table contents not committed)
  load op 9f at 1741: addr 0x908e5ffc0 idx 0 fmt 1 regoff 0x0 n 10 (table contents not committed)
  load op 64 at 1746: addr 0x502e00538 idx 0 fmt 1 regoff 0x0 n 5 (table contents not committed)
  load op 9f at 1799: addr 0x502e02088 idx 0 fmt 1 regoff 0x0 n 132 (table contents not committed)
  load op 63 at 1804: addr 0x502dff788 idx 0 fmt 1 regoff 0x0 n 30 (table contents not committed)
  load op 64 at 1884: addr 0x502e00560 idx 0 fmt 1 regoff 0x0 n 5 (table contents not committed)
  load op 9f at 1891: addr 0x502dfd440 idx 0 fmt 1 regoff 0x0 n 175 (table contents not committed)
  load op 63 at 2106: addr 0x502dff878 idx 0 fmt 1 regoff 0x0 n 20 (table contents not committed)
  load op 9f at 3069: addr 0xfe0040068 idx 0 fmt 1 regoff 0x0 n 921 (table contents not committed)
  load op 9f at 3076: addr 0x502dfd9b8 idx 0 fmt 1 regoff 0x0 n 70 (table contents not committed)
  load op 63 at 3081: addr 0x908e5ff90 idx 0 fmt 1 regoff 0x0 n 6 (table contents not committed)
  load op 9f at 3086: addr 0x908e5ffc0 idx 0 fmt 1 regoff 0x0 n 10 (table contents not committed)
  load op 63 at 3091: addr 0x908e5f7d0 idx 0 fmt 1 regoff 0x0 n 6 (table contents not committed)
  load op 9f at 3096: addr 0x908e5f800 idx 0 fmt 1 regoff 0x0 n 9 (table contents not committed)
  load op 64 at 3101: addr 0x502e00588 idx 0 fmt 1 regoff 0x0 n 5 (table contents not committed)
  load op 9f at 3140: addr 0x502dfdbe8 idx 0 fmt 1 regoff 0x0 n 19 (table contents not committed)
  load op 63 at 3145: addr 0x502dff918 idx 0 fmt 1 regoff 0x0 n 12 (table contents not committed)
  load op 9f at 3268: addr 0xfe0040068 idx 0 fmt 1 regoff 0x0 n 921 (table contents not committed)
  load op 9f at 3275: addr 0x502dfdc80 idx 0 fmt 1 regoff 0x0 n 74 (table contents not committed)
  load op 63 at 3280: addr 0x908e5ff90 idx 0 fmt 1 regoff 0x0 n 6 (table contents not committed)
  load op 9f at 3285: addr 0x908e5ffc0 idx 0 fmt 1 regoff 0x0 n 10 (table contents not committed)
  load op 64 at 3290: addr 0x502e005b0 idx 0 fmt 1 regoff 0x0 n 5 (table contents not committed)
  load op 9f at 3329: addr 0x502dfded0 idx 0 fmt 1 regoff 0x0 n 166 (table contents not committed)
  load op 63 at 3334: addr 0x502dff978 idx 0 fmt 1 regoff 0x0 n 30 (table contents not committed)
  load op 64 at 3430: addr 0x502e005d8 idx 0 fmt 1 regoff 0x0 n 5 (table contents not committed)
  load op 9f at 3437: addr 0x502dfc320 idx 0 fmt 1 regoff 0x0 n 135 (table contents not committed)
  load op 63 at 3675: addr 0x502dffa68 idx 0 fmt 1 regoff 0x0 n 36 (table contents not committed)
  load op 64 at 4540: addr 0x502e00600 idx 0 fmt 1 regoff 0x0 n 6 (table contents not committed)
  load op 9f at 4545: addr 0x502dfc758 idx 0 fmt 1 regoff 0x0 n 376 (table contents not committed)
  load op 9f at 4552: addr 0x502dfb118 idx 0 fmt 1 regoff 0x0 n 205 (table contents not committed)
  load op 9f at 4853: addr 0xfe0040068 idx 0 fmt 1 regoff 0x0 n 921 (table contents not committed)
  load op 9f at 4860: addr 0x502dfb780 idx 0 fmt 1 regoff 0x0 n 74 (table contents not committed)
  load op 63 at 4865: addr 0x908e5ff90 idx 0 fmt 1 regoff 0x0 n 6 (table contents not committed)
  load op 9f at 4870: addr 0x908e5ffc0 idx 0 fmt 1 regoff 0x0 n 10 (table contents not committed)
  load op 64 at 4875: addr 0x502e00630 idx 0 fmt 1 regoff 0x0 n 5 (table contents not committed)
  load op 63 at 4914: addr 0x502dffb88 idx 0 fmt 1 regoff 0x0 n 21 (table contents not committed)
  load op 9f at 4925: addr 0x502dfb9d0 idx 0 fmt 1 regoff 0x0 n 223 (table contents not committed)
  load op 63 at 5714: addr 0x502dffc30 idx 0 fmt 1 regoff 0x0 n 10 (table contents not committed)
  load op 63 at 5831: addr 0x502dffc80 idx 0 fmt 1 regoff 0x0 n 28 (table contents not committed)
  load op 64 at 5910: addr 0x502e00658 idx 0 fmt 1 regoff 0x0 n 5 (table contents not committed)
  load op 9f at 5917: addr 0x502df9e30 idx 0 fmt 1 regoff 0x0 n 67 (table contents not committed)
  load op 9f at 6045: addr 0x502dfa048 idx 0 fmt 1 regoff 0x0 n 121 (table contents not committed)
  load op 63 at 6050: addr 0x502dffd60 idx 0 fmt 1 regoff 0x0 n 18 (table contents not committed)
  load op 64 at 6055: addr 0x502e00680 idx 0 fmt 1 regoff 0x0 n 3 (table contents not committed)
  load op 9f at 6204: addr 0x502dfa410 idx 0 fmt 1 regoff 0x0 n 121 (table contents not committed)
  load op 63 at 6209: addr 0x502dffdf0 idx 0 fmt 1 regoff 0x0 n 18 (table contents not committed)
  load op 64 at 6214: addr 0x502e00698 idx 0 fmt 1 regoff 0x0 n 3 (table contents not committed)
  load op 63 at 6578: addr 0x502dffe80 idx 0 fmt 1 regoff 0x0 n 10 (table contents not committed)
  load op 9f at 7058: addr 0x502dfa7d8 idx 0 fmt 1 regoff 0x0 n 195 (table contents not committed)
  load op 9f at 7063: addr 0x502df8d80 idx 0 fmt 1 regoff 0x0 n 85 (table contents not committed)
  load op 63 at 7068: addr 0x502dffed0 idx 0 fmt 1 regoff 0x0 n 18 (table contents not committed)
  load op 64 at 7073: addr 0x502e006b0 idx 0 fmt 1 regoff 0x0 n 3 (table contents not committed)
  load op 9f at 7186: addr 0x502df9028 idx 0 fmt 1 regoff 0x0 n 129 (table contents not committed)
  load op 63 at 7191: addr 0x502dfff60 idx 0 fmt 1 regoff 0x0 n 18 (table contents not committed)
  load op 64 at 7196: addr 0x502e006c8 idx 0 fmt 1 regoff 0x0 n 3 (table contents not committed)
  load op 9f at 7309: addr 0x502df9430 idx 0 fmt 1 regoff 0x0 n 129 (table contents not committed)
  load op 63 at 7314: addr 0x502dffff0 idx 0 fmt 1 regoff 0x0 n 18 (table contents not committed)
  load op 64 at 7319: addr 0x502e006e0 idx 0 fmt 1 regoff 0x0 n 3 (table contents not committed)
  load op 9f at 7432: addr 0x502df9838 idx 0 fmt 1 regoff 0x0 n 58 (table contents not committed)
  load op 9f at 7537: addr 0x502df9a08 idx 0 fmt 1 regoff 0x0 n 66 (table contents not committed)
  load op 9f at 7642: addr 0x502df9c18 idx 0 fmt 1 regoff 0x0 n 37 (table contents not committed)
  load op 9f at 7647: addr 0x502df7300 idx 0 fmt 1 regoff 0x0 n 21 (table contents not committed)
  load op 9f at 7752: addr 0x502df73a8 idx 0 fmt 1 regoff 0x0 n 66 (table contents not committed)
  load op 9f at 7857: addr 0x502df75b8 idx 0 fmt 1 regoff 0x0 n 58 (table contents not committed)
  load op 9f at 7962: addr 0x502df7788 idx 0 fmt 1 regoff 0x0 n 130 (table contents not committed)
  load op 63 at 7967: addr 0x502e00080 idx 0 fmt 1 regoff 0x0 n 18 (table contents not committed)
  load op 64 at 7972: addr 0x502e006f8 idx 0 fmt 1 regoff 0x0 n 3 (table contents not committed)
  load op 9f at 8099: addr 0x502df7b98 idx 0 fmt 1 regoff 0x0 n 135 (table contents not committed)
  load op 63 at 8104: addr 0x502e00110 idx 0 fmt 1 regoff 0x0 n 18 (table contents not committed)
  load op 64 at 8109: addr 0x502e00710 idx 0 fmt 1 regoff 0x0 n 3 (table contents not committed)
  load op 63 at 8687: addr 0x502e001a0 idx 0 fmt 1 regoff 0x0 n 28 (table contents not committed)
  load op 64 at 9264: addr 0x502e00728 idx 0 fmt 1 regoff 0x0 n 5 (table contents not committed)
  load op 9f at 9269: addr 0x502df7fd0 idx 0 fmt 1 regoff 0x0 n 97 (table contents not committed)
  load op 9f at 9276: addr 0x502df5868 idx 0 fmt 1 regoff 0x0 n 183 (table contents not committed)
submit #43 dcb 9774 dwords at 0x502702500: pass 649 rewrite 259 drop 668 unmapped 228 cc 8 mappings 757 ... OK rc 0 16.02 ms
map 0x335070000 +0x2e0000 ... ok
map 0x100cdb0000 +0x5d0000 ... ok
map 0x10ca360000 +0x40000 ... ok
map 0x1117370000 +0x490000 ... ok
map 0x1117800000 +0x2ac0000 ... ok
vmas 109 total 13075.0 MiB resident 3020.7 MiB mapped 3020.8 MiB
submit #44 cc 3 dwords at 0x313b17cf4: pass 0 rewrite 1 drop 0 unmapped 0 cc 1 mappings 762 ... OK rc 0 15.04 ms
  load op 61 at 10: base 0xfe0008000 pairs (0x0,215) (0xd8,272) (0x1f5,4) (0x1ff,158) (0x2a0,2) (0x2a3,1) (0x2a5,66) (0x2f5,203)
  load op 5f at 29: base 0xfe0010000 pairs (0x1,1) (0x6,38) (0x32,4) (0x80,4) (0x87,37) (0xb2,4) (0xc8,2) (0x100,4) (0x107,37) (0x132,4) (0x148,2) (0x204,3) (0x20c,2) (0x212,2) (0x215,6) (0x224,5) (0x22a,1) (0x240,16) (0x27d,1) (0x280,1) (0x207,3)
  load op 5e at 74: base 0xfe0011000 pairs (0x35,8) (0xa2,1) (0x242,1) (0x248,1) (0x24a,2) (0x25b,6) (0x262,1) (0x2bb,5) (0x2c4,16) (0x2e4,8) (0x380,2) (0x383,2) (0x41d,3) (0x24d,1)
  load op 61 at 105: base 0xfe0008000 pairs (0x0,0)
  load op 5f at 110: base 0xfe0010000 pairs (0x0,0)
  load op 5e at 115: base 0xfe0011000 pairs (0x0,0)
  load op 61 at 125: base 0xfe0008000 pairs (0x0,0)
  load op 5f at 130: base 0xfe0010000 pairs (0x0,0)
  load op 5e at 135: base 0xfe0011000 pairs (0x0,0)
submit #45 hib 150 dwords at 0xfe0000000: pass 12 rewrite 2 drop 2 unmapped 0 cc 2 mappings 762 ... OK rc 0 15.12 ms
submit #46 hib 2 dwords at 0xfe003a200: pass 1 rewrite 0 drop 0 unmapped 0 cc 0 mappings 762 ... OK rc 0 15.24 ms
  load op 9f at 38: addr 0xfe0040068 idx 0 fmt 1 regoff 0x0 n 921 (table contents not committed)
  load op 63 at 43: addr 0xfe0042068 idx 0 fmt 1 regoff 0x0 n 174 (table contents not committed)
  load op 64 at 48: addr 0xfe00425d8 idx 0 fmt 1 regoff 0x0 n 49 (table contents not committed)
submit #47 dcb 96 dwords at 0xfe0042920: pass 20 rewrite 0 drop 4 unmapped 1 cc 0 mappings 762 ... OK rc 0 15.05 ms
hint CB0 0x539100000: window 0x537100000+0x4000000, mapped +0.0 MiB
hint CB0 0x570a9d000: window 0x56ea90000+0x4000000, mapped +1.7 MiB
hint CB0 0x519df0000: window 0x517df0000+0x4000000, mapped +53.8 MiB
hint DB_HTILE 0x516870000: window 0x514870000+0x4000000, mapped +0.0 MiB
hint DB_Z_READ 0x5157a0000: window 0x5137a0000+0x4000000, mapped +0.0 MiB
hint DB_STENCIL_READ 0x5164b0000: window 0x5144b0000+0x4000000, mapped +0.0 MiB
  load op 9f at 36: addr 0xfe0040068 idx 0 fmt 1 regoff 0x0 n 921 (table contents not committed)
  load op 63 at 41: addr 0xfe0042068 idx 0 fmt 1 regoff 0x0 n 174 (table contents not committed)
  load op 64 at 46: addr 0xfe00425d8 idx 0 fmt 1 regoff 0x0 n 57 (table contents not committed)
  load op 9f at 88: addr 0x504a01500 idx 0 fmt 1 regoff 0x0 n 136 (table contents not committed)
  load op 64 at 93: addr 0x504a00500 idx 0 fmt 1 regoff 0x0 n 3 (table contents not committed)
  load op 63 at 98: addr 0x5049ff500 idx 0 fmt 1 regoff 0x0 n 3 (table contents not committed)
  load op 9f at 1460: addr 0xfe0040068 idx 0 fmt 1 regoff 0x0 n 921 (table contents not committed)
  load op 9f at 1467: addr 0x504a01940 idx 0 fmt 1 regoff 0x0 n 70 (table contents not committed)
  load op 63 at 1472: addr 0x908e5ff90 idx 0 fmt 1 regoff 0x0 n 6 (table contents not committed)
  load op 9f at 1477: addr 0x908e5ffc0 idx 0 fmt 1 regoff 0x0 n 10 (table contents not committed)
  load op 63 at 1482: addr 0x908e5f7d0 idx 0 fmt 1 regoff 0x0 n 6 (table contents not committed)
  load op 9f at 1487: addr 0x908e5f800 idx 0 fmt 1 regoff 0x0 n 9 (table contents not committed)
  load op 64 at 1492: addr 0x504a00518 idx 0 fmt 1 regoff 0x0 n 5 (table contents not committed)
  load op 9f at 1861: addr 0x504a01b70 idx 0 fmt 1 regoff 0x0 n 131 (table contents not committed)
  load op 64 at 1868: addr 0x504a00540 idx 0 fmt 1 regoff 0x0 n 1 (table contents not committed)
  load op 9f at 1900: addr 0xfe0040068 idx 0 fmt 1 regoff 0x0 n 921 (table contents not committed)
  load op 9f at 1907: addr 0x504a01f88 idx 0 fmt 1 regoff 0x0 n 70 (table contents not committed)
  load op 63 at 1912: addr 0x908e5ff90 idx 0 fmt 1 regoff 0x0 n 6 (table contents not committed)
  load op 9f at 1917: addr 0x908e5ffc0 idx 0 fmt 1 regoff 0x0 n 10 (table contents not committed)
  load op 63 at 1922: addr 0x908e5f7d0 idx 0 fmt 1 regoff 0x0 n 6 (table contents not committed)
  load op 9f at 1927: addr 0x908e5f800 idx 0 fmt 1 regoff 0x0 n 9 (table contents not committed)
  load op 64 at 1932: addr 0x504a00548 idx 0 fmt 1 regoff 0x0 n 5 (table contents not committed)
  load op 9f at 2050: addr 0x504a021b8 idx 0 fmt 1 regoff 0x0 n 98 (table contents not committed)
  load op 64 at 2057: addr 0x504a00570 idx 0 fmt 1 regoff 0x0 n 1 (table contents not committed)
  load op 9f at 2062: addr 0x5049fe500 idx 0 fmt 1 regoff 0x0 n 33 (table contents not committed)
  load op 9f at 2094: addr 0xfe0040068 idx 0 fmt 1 regoff 0x0 n 921 (table contents not committed)
  load op 9f at 2101: addr 0x5049fe608 idx 0 fmt 1 regoff 0x0 n 70 (table contents not committed)
  load op 63 at 2106: addr 0x908e5ff90 idx 0 fmt 1 regoff 0x0 n 6 (table contents not committed)
  load op 9f at 2111: addr 0x908e5ffc0 idx 0 fmt 1 regoff 0x0 n 10 (table contents not committed)
  load op 63 at 2116: addr 0x908e5f7d0 idx 0 fmt 1 regoff 0x0 n 6 (table contents not committed)
  load op 9f at 2121: addr 0x908e5f800 idx 0 fmt 1 regoff 0x0 n 9 (table contents not committed)
  load op 64 at 2126: addr 0x504a00578 idx 0 fmt 1 regoff 0x0 n 5 (table contents not committed)
  load op 63 at 2222: addr 0x5049ff518 idx 0 fmt 1 regoff 0x0 n 10 (table contents not committed)
  load op 63 at 2413: addr 0x5049ff568 idx 0 fmt 1 regoff 0x0 n 28 (table contents not committed)
  load op 64 at 2487: addr 0x504a005a0 idx 0 fmt 1 regoff 0x0 n 5 (table contents not committed)
  load op 9f at 2494: addr 0x5049fe838 idx 0 fmt 1 regoff 0x0 n 290 (table contents not committed)
submit #48 dcb 3006 dwords at 0x504302500: pass 293 rewrite 73 drop 185 unmapped 52 cc 6 mappings 764 ... OK rc 0 15.68 ms
  load op 9f at 38: addr 0xfe0040068 idx 0 fmt 1 regoff 0x0 n 921 (table contents not committed)
  load op 63 at 43: addr 0xfe0042068 idx 0 fmt 1 regoff 0x0 n 174 (table contents not committed)
  load op 64 at 48: addr 0xfe00425d8 idx 0 fmt 1 regoff 0x0 n 57 (table contents not committed)
  load op 9f at 90: addr 0x506201500 idx 0 fmt 1 regoff 0x0 n 5 (table contents not committed)
  load op 64 at 95: addr 0x506200500 idx 0 fmt 1 regoff 0x0 n 2 (table contents not committed)
  load op 63 at 100: addr 0x5061ff500 idx 0 fmt 1 regoff 0x0 n 3 (table contents not committed)
submit #49 dcb 851 dwords at 0x505e02500: pass 47 rewrite 29 drop 71 unmapped 25 cc 0 mappings 764 ... OK rc 0 15.31 ms
hint CB0 0x511650000: window 0x50f650000+0x4000000, mapped +0.0 MiB
hint CB0 0x570a3c000: window 0x56ea30000+0x4000000, mapped +0.0 MiB
hint CB0 0x570a45000: window 0x56ea40000+0x4000000, mapped +0.0 MiB
hint CB0 0x513d80000: window 0x511d80000+0x4000000, mapped +0.0 MiB
hint CB0 0x570a72000: window 0x56ea70000+0x4000000, mapped +0.0 MiB
  load op 9f at 35: addr 0xfe0040068 idx 0 fmt 1 regoff 0x0 n 921 (table contents not committed)
  load op 63 at 40: addr 0xfe0042068 idx 0 fmt 1 regoff 0x0 n 174 (table contents not committed)
  load op 64 at 45: addr 0xfe00425d8 idx 0 fmt 1 regoff 0x0 n 57 (table contents not committed)
  load op 9f at 87: addr 0x507401500 idx 0 fmt 1 regoff 0x0 n 136 (table contents not committed)
  load op 64 at 92: addr 0x507400500 idx 0 fmt 1 regoff 0x0 n 3 (table contents not committed)
  load op 63 at 97: addr 0x5073ff500 idx 0 fmt 1 regoff 0x0 n 3 (table contents not committed)
  load op 9f at 212: addr 0xfe0040068 idx 0 fmt 1 regoff 0x0 n 921 (table contents not committed)
  load op 9f at 219: addr 0x507401940 idx 0 fmt 1 regoff 0x0 n 70 (table contents not committed)
  load op 63 at 224: addr 0x908e5ff90 idx 0 fmt 1 regoff 0x0 n 6 (table contents not committed)
  load op 9f at 229: addr 0x908e5ffc0 idx 0 fmt 1 regoff 0x0 n 10 (table contents not committed)
  load op 63 at 234: addr 0x908e5f7d0 idx 0 fmt 1 regoff 0x0 n 6 (table contents not committed)
  load op 9f at 239: addr 0x908e5f800 idx 0 fmt 1 regoff 0x0 n 9 (table contents not committed)
  load op 64 at 244: addr 0x507400518 idx 0 fmt 1 regoff 0x0 n 5 (table contents not committed)
  load op 9f at 340: addr 0x507401b70 idx 0 fmt 1 regoff 0x0 n 131 (table contents not committed)
  load op 64 at 347: addr 0x507400540 idx 0 fmt 1 regoff 0x0 n 1 (table contents not committed)
  load op 9f at 379: addr 0xfe0040068 idx 0 fmt 1 regoff 0x0 n 921 (table contents not committed)
  load op 9f at 386: addr 0x507401f88 idx 0 fmt 1 regoff 0x0 n 70 (table contents not committed)
  load op 63 at 391: addr 0x908e5ff90 idx 0 fmt 1 regoff 0x0 n 6 (table contents not committed)
  load op 9f at 396: addr 0x908e5ffc0 idx 0 fmt 1 regoff 0x0 n 10 (table contents not committed)
  load op 63 at 401: addr 0x908e5f7d0 idx 0 fmt 1 regoff 0x0 n 6 (table contents not committed)
  load op 9f at 406: addr 0x908e5f800 idx 0 fmt 1 regoff 0x0 n 9 (table contents not committed)
  load op 64 at 411: addr 0x507400548 idx 0 fmt 1 regoff 0x0 n 5 (table contents not committed)
  load op 9f at 548: addr 0x5074021b8 idx 0 fmt 1 regoff 0x0 n 98 (table contents not committed)
  load op 64 at 555: addr 0x507400570 idx 0 fmt 1 regoff 0x0 n 1 (table contents not committed)
  load op 9f at 560: addr 0x5073fe500 idx 0 fmt 1 regoff 0x0 n 33 (table contents not committed)
  load op 9f at 592: addr 0xfe0040068 idx 0 fmt 1 regoff 0x0 n 921 (table contents not committed)
  load op 9f at 599: addr 0x5073fe608 idx 0 fmt 1 regoff 0x0 n 70 (table contents not committed)
  load op 63 at 604: addr 0x908e5ff90 idx 0 fmt 1 regoff 0x0 n 6 (table contents not committed)
  load op 9f at 609: addr 0x908e5ffc0 idx 0 fmt 1 regoff 0x0 n 10 (table contents not committed)
  load op 63 at 614: addr 0x908e5f7d0 idx 0 fmt 1 regoff 0x0 n 6 (table contents not committed)
  load op 9f at 619: addr 0x908e5f800 idx 0 fmt 1 regoff 0x0 n 9 (table contents not committed)
  load op 64 at 624: addr 0x507400578 idx 0 fmt 1 regoff 0x0 n 5 (table contents not committed)
submit #50 dcb 798 dwords at 0x506e02500: pass 103 rewrite 18 drop 39 unmapped 10 cc 6 mappings 764 ... OK rc 0 15.64 ms
  load op 9f at 36: addr 0xfe0040068 idx 0 fmt 1 regoff 0x0 n 921 (table contents not committed)
  load op 63 at 41: addr 0xfe0042068 idx 0 fmt 1 regoff 0x0 n 174 (table contents not committed)
  load op 64 at 46: addr 0xfe00425d8 idx 0 fmt 1 regoff 0x0 n 57 (table contents not committed)
  load op 9f at 88: addr 0x505601500 idx 0 fmt 1 regoff 0x0 n 5 (table contents not committed)
  load op 64 at 93: addr 0x505600500 idx 0 fmt 1 regoff 0x0 n 2 (table contents not committed)
  load op 63 at 98: addr 0x5055ff500 idx 0 fmt 1 regoff 0x0 n 3 (table contents not committed)
  load op 9f at 756: addr 0xfe0040068 idx 0 fmt 1 regoff 0x0 n 921 (table contents not committed)
  load op 9f at 763: addr 0x505601528 idx 0 fmt 1 regoff 0x0 n 74 (table contents not committed)
  load op 63 at 768: addr 0x908e5ff90 idx 0 fmt 1 regoff 0x0 n 6 (table contents not committed)
  load op 9f at 773: addr 0x908e5ffc0 idx 0 fmt 1 regoff 0x0 n 10 (table contents not committed)
  load op 64 at 778: addr 0x505600510 idx 0 fmt 1 regoff 0x0 n 5 (table contents not committed)
  load op 9f at 901: addr 0xfe0040068 idx 0 fmt 1 regoff 0x0 n 921 (table contents not committed)
  load op 9f at 908: addr 0x505601778 idx 0 fmt 1 regoff 0x0 n 74 (table contents not committed)
  load op 63 at 913: addr 0x908e5ff90 idx 0 fmt 1 regoff 0x0 n 6 (table contents not committed)
  load op 9f at 918: addr 0x908e5ffc0 idx 0 fmt 1 regoff 0x0 n 10 (table contents not committed)
  load op 64 at 923: addr 0x505600538 idx 0 fmt 1 regoff 0x0 n 5 (table contents not committed)
  load op 9f at 1046: addr 0xfe0040068 idx 0 fmt 1 regoff 0x0 n 921 (table contents not committed)
  load op 9f at 1053: addr 0x5056019c8 idx 0 fmt 1 regoff 0x0 n 74 (table contents not committed)
  load op 63 at 1058: addr 0x908e5ff90 idx 0 fmt 1 regoff 0x0 n 6 (table contents not committed)
  load op 9f at 1063: addr 0x908e5ffc0 idx 0 fmt 1 regoff 0x0 n 10 (table contents not committed)
  load op 64 at 1068: addr 0x505600560 idx 0 fmt 1 regoff 0x0 n 5 (table contents not committed)
submit #51 dcb 1248 dwords at 0x505202500: pass 151 rewrite 25 drop 66 unmapped 14 cc 6 mappings 764 ... OK rc 0 15.56 ms
hint CB0 0x510940000: window 0x50e940000+0x4000000, mapped +0.0 MiB
hint CB0 0x570a2d000: window 0x56ea20000+0x4000000, mapped +0.0 MiB
hint CB0 0x5168c0000: window 0x5148c0000+0x4000000, mapped +0.0 MiB
hint CB0 0x53be90000: window 0x539e90000+0x4000000, mapped +0.0 MiB
hint CB0 0x570b9c000: window 0x56eb90000+0x4000000, mapped +1.0 MiB
hint CB0 0x53d4a0000: window 0x53b4a0000+0x4000000, mapped +0.6 MiB
hint CB0 0x53db80000: window 0x53bb80000+0x4000000, mapped +6.9 MiB
hint CB0 0x53ba80000: window 0x539a80000+0x4000000, mapped +0.0 MiB
hint CB0 0x570be5000: window 0x56ebe0000+0x4000000, mapped +0.3 MiB
hint CB0 0x570c99000: window 0x56ec90000+0x4000000, mapped +0.7 MiB
hint CB0 0x53b300000: window 0x539300000+0x4000000, mapped +0.0 MiB
hint CB0 0x570cb1000: window 0x56ecb0000+0x4000000, mapped +0.1 MiB
hint CB0 0x53b580000: window 0x539580000+0x4000000, mapped +0.0 MiB
hint CB0 0x570b6f000: window 0x56eb60000+0x4000000, mapped +0.0 MiB
hint CB0 0x53cb60000: window 0x53ab60000+0x4000000, mapped +0.0 MiB
hint CB0 0x53b640000: window 0x539640000+0x4000000, mapped +0.0 MiB
hint CB0 0x53b680000: window 0x539680000+0x4000000, mapped +0.0 MiB
hint CB0 0x53cc20000: window 0x53ac20000+0x4000000, mapped +0.0 MiB
hint CB0 0x53cc30000: window 0x53ac30000+0x4000000, mapped +0.0 MiB
hint CB0 0x53c2f0000: window 0x53a2f0000+0x4000000, mapped +0.0 MiB
hint CB0 0x570ca5000: window 0x56eca0000+0x4000000, mapped +0.0 MiB
hint CB0 0x570c21000: window 0x56ec20000+0x4000000, mapped +0.0 MiB
  load op 9f at 28: addr 0xfe0040068 idx 0 fmt 1 regoff 0x0 n 921 (table contents not committed)
  load op 63 at 33: addr 0xfe0042068 idx 0 fmt 1 regoff 0x0 n 174 (table contents not committed)
  load op 64 at 38: addr 0xfe00425d8 idx 0 fmt 1 regoff 0x0 n 57 (table contents not committed)
  load op 9f at 80: addr 0x503501500 idx 0 fmt 1 regoff 0x0 n 295 (table contents not committed)
  load op 64 at 85: addr 0x503500500 idx 0 fmt 1 regoff 0x0 n 7 (table contents not committed)
  load op 63 at 90: addr 0x5034ff500 idx 0 fmt 1 regoff 0x0 n 13 (table contents not committed)
  load op 63 at 342: addr 0x5034ff568 idx 0 fmt 1 regoff 0x0 n 10 (table contents not committed)
  load op 63 at 734: addr 0x5034ff5b8 idx 0 fmt 1 regoff 0x0 n 18 (table contents not committed)
  load op 63 at 1217: addr 0x5034ff648 idx 0 fmt 1 regoff 0x0 n 10 (table contents not committed)
  load op 63 at 1249: addr 0x5034ff698 idx 0 fmt 1 regoff 0x0 n 10 (table contents not committed)
  load op 63 at 1281: addr 0x5034ff6e8 idx 0 fmt 1 regoff 0x0 n 10 (table contents not committed)
  load op 63 at 1313: addr 0x5034ff738 idx 0 fmt 1 regoff 0x0 n 10 (table contents not committed)
  load op 9f at 1724: addr 0xfe0040068 idx 0 fmt 1 regoff 0x0 n 921 (table contents not committed)
  load op 9f at 1731: addr 0x503501e38 idx 0 fmt 1 regoff 0x0 n 74 (table contents not committed)
  load op 63 at 1736: addr 0x908e5ff90 idx 0 fmt 1 regoff 0x0 n 6 (table contents not committed)
  load op 9f at 1741: addr 0x908e5ffc0 idx 0 fmt 1 regoff 0x0 n 10 (table contents not committed)
  load op 64 at 1746: addr 0x503500538 idx 0 fmt 1 regoff 0x0 n 5 (table contents not committed)
  load op 9f at 1799: addr 0x503502088 idx 0 fmt 1 regoff 0x0 n 132 (table contents not committed)
  load op 63 at 1804: addr 0x5034ff788 idx 0 fmt 1 regoff 0x0 n 30 (table contents not committed)
  load op 64 at 1884: addr 0x503500560 idx 0 fmt 1 regoff 0x0 n 5 (table contents not committed)
  load op 9f at 1891: addr 0x5034fd440 idx 0 fmt 1 regoff 0x0 n 175 (table contents not committed)
  load op 63 at 2106: addr 0x5034ff878 idx 0 fmt 1 regoff 0x0 n 20 (table contents not committed)
  load op 9f at 3069: addr 0xfe0040068 idx 0 fmt 1 regoff 0x0 n 921 (table contents not committed)
  load op 9f at 3076: addr 0x5034fd9b8 idx 0 fmt 1 regoff 0x0 n 70 (table contents not committed)
  load op 63 at 3081: addr 0x908e5ff90 idx 0 fmt 1 regoff 0x0 n 6 (table contents not committed)
  load op 9f at 3086: addr 0x908e5ffc0 idx 0 fmt 1 regoff 0x0 n 10 (table contents not committed)
  load op 63 at 3091: addr 0x908e5f7d0 idx 0 fmt 1 regoff 0x0 n 6 (table contents not committed)
  load op 9f at 3096: addr 0x908e5f800 idx 0 fmt 1 regoff 0x0 n 9 (table contents not committed)
  load op 64 at 3101: addr 0x503500588 idx 0 fmt 1 regoff 0x0 n 5 (table contents not committed)
  load op 9f at 3140: addr 0x5034fdbe8 idx 0 fmt 1 regoff 0x0 n 19 (table contents not committed)
  load op 63 at 3145: addr 0x5034ff918 idx 0 fmt 1 regoff 0x0 n 12 (table contents not committed)
  load op 9f at 3268: addr 0xfe0040068 idx 0 fmt 1 regoff 0x0 n 921 (table contents not committed)
  load op 9f at 3275: addr 0x5034fdc80 idx 0 fmt 1 regoff 0x0 n 74 (table contents not committed)
  load op 63 at 3280: addr 0x908e5ff90 idx 0 fmt 1 regoff 0x0 n 6 (table contents not committed)
  load op 9f at 3285: addr 0x908e5ffc0 idx 0 fmt 1 regoff 0x0 n 10 (table contents not committed)
  load op 64 at 3290: addr 0x5035005b0 idx 0 fmt 1 regoff 0x0 n 5 (table contents not committed)
  load op 9f at 3329: addr 0x5034fded0 idx 0 fmt 1 regoff 0x0 n 166 (table contents not committed)
  load op 63 at 3334: addr 0x5034ff978 idx 0 fmt 1 regoff 0x0 n 30 (table contents not committed)
  load op 64 at 3430: addr 0x5035005d8 idx 0 fmt 1 regoff 0x0 n 5 (table contents not committed)
  load op 9f at 3437: addr 0x5034fc320 idx 0 fmt 1 regoff 0x0 n 135 (table contents not committed)
  load op 63 at 3675: addr 0x5034ffa68 idx 0 fmt 1 regoff 0x0 n 36 (table contents not committed)
  load op 64 at 4540: addr 0x503500600 idx 0 fmt 1 regoff 0x0 n 6 (table contents not committed)
  load op 9f at 4545: addr 0x5034fc758 idx 0 fmt 1 regoff 0x0 n 376 (table contents not committed)
  load op 9f at 4552: addr 0x5034fb118 idx 0 fmt 1 regoff 0x0 n 205 (table contents not committed)
  load op 9f at 4853: addr 0xfe0040068 idx 0 fmt 1 regoff 0x0 n 921 (table contents not committed)
  load op 9f at 4860: addr 0x5034fb780 idx 0 fmt 1 regoff 0x0 n 74 (table contents not committed)
  load op 63 at 4865: addr 0x908e5ff90 idx 0 fmt 1 regoff 0x0 n 6 (table contents not committed)
  load op 9f at 4870: addr 0x908e5ffc0 idx 0 fmt 1 regoff 0x0 n 10 (table contents not committed)
  load op 64 at 4875: addr 0x503500630 idx 0 fmt 1 regoff 0x0 n 5 (table contents not committed)
  load op 63 at 4914: addr 0x5034ffb88 idx 0 fmt 1 regoff 0x0 n 21 (table contents not committed)
  load op 9f at 4925: addr 0x5034fb9d0 idx 0 fmt 1 regoff 0x0 n 223 (table contents not committed)
  load op 63 at 5714: addr 0x5034ffc30 idx 0 fmt 1 regoff 0x0 n 10 (table contents not committed)
  load op 63 at 5831: addr 0x5034ffc80 idx 0 fmt 1 regoff 0x0 n 28 (table contents not committed)
  load op 64 at 5910: addr 0x503500658 idx 0 fmt 1 regoff 0x0 n 5 (table contents not committed)
  load op 9f at 5917: addr 0x5034f9e30 idx 0 fmt 1 regoff 0x0 n 67 (table contents not committed)
  load op 9f at 6045: addr 0x5034fa048 idx 0 fmt 1 regoff 0x0 n 121 (table contents not committed)
  load op 63 at 6050: addr 0x5034ffd60 idx 0 fmt 1 regoff 0x0 n 18 (table contents not committed)
  load op 64 at 6055: addr 0x503500680 idx 0 fmt 1 regoff 0x0 n 3 (table contents not committed)
  load op 9f at 6204: addr 0x5034fa410 idx 0 fmt 1 regoff 0x0 n 121 (table contents not committed)
  load op 63 at 6209: addr 0x5034ffdf0 idx 0 fmt 1 regoff 0x0 n 18 (table contents not committed)
  load op 64 at 6214: addr 0x503500698 idx 0 fmt 1 regoff 0x0 n 3 (table contents not committed)
  load op 63 at 6578: addr 0x5034ffe80 idx 0 fmt 1 regoff 0x0 n 10 (table contents not committed)
  load op 9f at 7058: addr 0x5034fa7d8 idx 0 fmt 1 regoff 0x0 n 195 (table contents not committed)
  load op 9f at 7063: addr 0x5034f8d80 idx 0 fmt 1 regoff 0x0 n 85 (table contents not committed)
  load op 63 at 7068: addr 0x5034ffed0 idx 0 fmt 1 regoff 0x0 n 18 (table contents not committed)
  load op 64 at 7073: addr 0x5035006b0 idx 0 fmt 1 regoff 0x0 n 3 (table contents not committed)
  load op 9f at 7186: addr 0x5034f9028 idx 0 fmt 1 regoff 0x0 n 129 (table contents not committed)
  load op 63 at 7191: addr 0x5034fff60 idx 0 fmt 1 regoff 0x0 n 18 (table contents not committed)
  load op 64 at 7196: addr 0x5035006c8 idx 0 fmt 1 regoff 0x0 n 3 (table contents not committed)
  load op 9f at 7309: addr 0x5034f9430 idx 0 fmt 1 regoff 0x0 n 129 (table contents not committed)
  load op 63 at 7314: addr 0x5034ffff0 idx 0 fmt 1 regoff 0x0 n 18 (table contents not committed)
  load op 64 at 7319: addr 0x5035006e0 idx 0 fmt 1 regoff 0x0 n 3 (table contents not committed)
  load op 9f at 7432: addr 0x5034f9838 idx 0 fmt 1 regoff 0x0 n 58 (table contents not committed)
  load op 9f at 7537: addr 0x5034f9a08 idx 0 fmt 1 regoff 0x0 n 66 (table contents not committed)
  load op 9f at 7642: addr 0x5034f9c18 idx 0 fmt 1 regoff 0x0 n 37 (table contents not committed)
  load op 9f at 7647: addr 0x5034f7300 idx 0 fmt 1 regoff 0x0 n 21 (table contents not committed)
  load op 9f at 7752: addr 0x5034f73a8 idx 0 fmt 1 regoff 0x0 n 66 (table contents not committed)
  load op 9f at 7857: addr 0x5034f75b8 idx 0 fmt 1 regoff 0x0 n 58 (table contents not committed)
  load op 9f at 7962: addr 0x5034f7788 idx 0 fmt 1 regoff 0x0 n 130 (table contents not committed)
  load op 63 at 7967: addr 0x503500080 idx 0 fmt 1 regoff 0x0 n 18 (table contents not committed)
  load op 64 at 7972: addr 0x5035006f8 idx 0 fmt 1 regoff 0x0 n 3 (table contents not committed)
  load op 9f at 8099: addr 0x5034f7b98 idx 0 fmt 1 regoff 0x0 n 135 (table contents not committed)
  load op 63 at 8104: addr 0x503500110 idx 0 fmt 1 regoff 0x0 n 18 (table contents not committed)
  load op 64 at 8109: addr 0x503500710 idx 0 fmt 1 regoff 0x0 n 3 (table contents not committed)
  load op 63 at 8687: addr 0x5035001a0 idx 0 fmt 1 regoff 0x0 n 28 (table contents not committed)
  load op 64 at 9264: addr 0x503500728 idx 0 fmt 1 regoff 0x0 n 5 (table contents not committed)
  load op 9f at 9269: addr 0x5034f7fd0 idx 0 fmt 1 regoff 0x0 n 97 (table contents not committed)
  load op 9f at 9276: addr 0x5034f5868 idx 0 fmt 1 regoff 0x0 n 183 (table contents not committed)
submit #52 dcb 9774 dwords at 0x502e02500: pass 649 rewrite 259 drop 668 unmapped 228 cc 8 mappings 770 ... OK rc 0 16.46 ms
submit #53 cc 3 dwords at 0x313b17cf4: pass 0 rewrite 1 drop 0 unmapped 0 cc 1 mappings 770 ... OK rc 0 15.34 ms
map 0x335350000 +0x30000 ... ok
vmas 109 total 13075.0 MiB resident 3085.9 MiB mapped 3086.0 MiB
  load op 61 at 10: base 0xfe0008000 pairs (0x0,215) (0xd8,272) (0x1f5,4) (0x1ff,158) (0x2a0,2) (0x2a3,1) (0x2a5,66) (0x2f5,203)
  load op 5f at 29: base 0xfe0010000 pairs (0x1,1) (0x6,38) (0x32,4) (0x80,4) (0x87,37) (0xb2,4) (0xc8,2) (0x100,4) (0x107,37) (0x132,4) (0x148,2) (0x204,3) (0x20c,2) (0x212,2) (0x215,6) (0x224,5) (0x22a,1) (0x240,16) (0x27d,1) (0x280,1) (0x207,3)
  load op 5e at 74: base 0xfe0011000 pairs (0x35,8) (0xa2,1) (0x242,1) (0x248,1) (0x24a,2) (0x25b,6) (0x262,1) (0x2bb,5) (0x2c4,16) (0x2e4,8) (0x380,2) (0x383,2) (0x41d,3) (0x24d,1)
  load op 61 at 105: base 0xfe0008000 pairs (0x0,0)
  load op 5f at 110: base 0xfe0010000 pairs (0x0,0)
  load op 5e at 115: base 0xfe0011000 pairs (0x0,0)
  load op 61 at 125: base 0xfe0008000 pairs (0x0,0)
  load op 5f at 130: base 0xfe0010000 pairs (0x0,0)
  load op 5e at 135: base 0xfe0011000 pairs (0x0,0)
submit #54 hib 150 dwords at 0xfe0000000: pass 12 rewrite 2 drop 2 unmapped 0 cc 2 mappings 771 ... OK rc 0 15.38 ms
submit #55 hib 2 dwords at 0xfe003a200: pass 1 rewrite 0 drop 0 unmapped 0 cc 0 mappings 771 ... OK rc 0 15.38 ms
  load op 9f at 38: addr 0xfe0040068 idx 0 fmt 1 regoff 0x0 n 921 (table contents not committed)
  load op 63 at 43: addr 0xfe0042068 idx 0 fmt 1 regoff 0x0 n 174 (table contents not committed)
  load op 64 at 48: addr 0xfe00425d8 idx 0 fmt 1 regoff 0x0 n 49 (table contents not committed)
submit #56 dcb 96 dwords at 0xfe0042920: pass 20 rewrite 0 drop 4 unmapped 1 cc 0 mappings 771 ... OK rc 0 15.30 ms
  load op 9f at 36: addr 0xfe0040068 idx 0 fmt 1 regoff 0x0 n 921 (table contents not committed)
  load op 63 at 41: addr 0xfe0042068 idx 0 fmt 1 regoff 0x0 n 174 (table contents not committed)
  load op 64 at 46: addr 0xfe00425d8 idx 0 fmt 1 regoff 0x0 n 57 (table contents not committed)
  load op 9f at 88: addr 0x503c01500 idx 0 fmt 1 regoff 0x0 n 136 (table contents not committed)
  load op 64 at 93: addr 0x503c00500 idx 0 fmt 1 regoff 0x0 n 3 (table contents not committed)
  load op 63 at 98: addr 0x503bff500 idx 0 fmt 1 regoff 0x0 n 3 (table contents not committed)
  load op 9f at 1541: addr 0xfe0040068 idx 0 fmt 1 regoff 0x0 n 921 (table contents not committed)
  load op 9f at 1548: addr 0x503c01940 idx 0 fmt 1 regoff 0x0 n 70 (table contents not committed)
  load op 63 at 1553: addr 0x908e5ff90 idx 0 fmt 1 regoff 0x0 n 6 (table contents not committed)
  load op 9f at 1558: addr 0x908e5ffc0 idx 0 fmt 1 regoff 0x0 n 10 (table contents not committed)
  load op 63 at 1563: addr 0x908e5f7d0 idx 0 fmt 1 regoff 0x0 n 6 (table contents not committed)
  load op 9f at 1568: addr 0x908e5f800 idx 0 fmt 1 regoff 0x0 n 9 (table contents not committed)
  load op 64 at 1573: addr 0x503c00518 idx 0 fmt 1 regoff 0x0 n 5 (table contents not committed)
  load op 9f at 1691: addr 0x503c01b70 idx 0 fmt 1 regoff 0x0 n 131 (table contents not committed)
  load op 64 at 1698: addr 0x503c00540 idx 0 fmt 1 regoff 0x0 n 1 (table contents not committed)
  load op 9f at 1730: addr 0xfe0040068 idx 0 fmt 1 regoff 0x0 n 921 (table contents not committed)
  load op 9f at 1737: addr 0x503c01f88 idx 0 fmt 1 regoff 0x0 n 70 (table contents not committed)
  load op 63 at 1742: addr 0x908e5ff90 idx 0 fmt 1 regoff 0x0 n 6 (table contents not committed)
  load op 9f at 1747: addr 0x908e5ffc0 idx 0 fmt 1 regoff 0x0 n 10 (table contents not committed)
  load op 63 at 1752: addr 0x908e5f7d0 idx 0 fmt 1 regoff 0x0 n 6 (table contents not committed)
  load op 9f at 1757: addr 0x908e5f800 idx 0 fmt 1 regoff 0x0 n 9 (table contents not committed)
  load op 64 at 1762: addr 0x503c00548 idx 0 fmt 1 regoff 0x0 n 5 (table contents not committed)
  load op 63 at 1858: addr 0x503bff518 idx 0 fmt 1 regoff 0x0 n 10 (table contents not committed)
  load op 63 at 2049: addr 0x503bff568 idx 0 fmt 1 regoff 0x0 n 28 (table contents not committed)
  load op 64 at 2123: addr 0x503c00570 idx 0 fmt 1 regoff 0x0 n 5 (table contents not committed)
  load op 9f at 2130: addr 0x503c021b8 idx 0 fmt 1 regoff 0x0 n 96 (table contents not committed)
  load op 9f at 2135: addr 0x503bfe390 idx 0 fmt 1 regoff 0x0 n 194 (table contents not committed)
submit #57 dcb 2647 dwords at 0x503502500: pass 236 rewrite 68 drop 175 unmapped 50 cc 4 mappings 771 ... OK rc 0 15.68 ms
  load op 9f at 38: addr 0xfe0040068 idx 0 fmt 1 regoff 0x0 n 921 (table contents not committed)
  load op 63 at 43: addr 0xfe0042068 idx 0 fmt 1 regoff 0x0 n 174 (table contents not committed)
  load op 64 at 48: addr 0xfe00425d8 idx 0 fmt 1 regoff 0x0 n 57 (table contents not committed)
  load op 9f at 90: addr 0x505a01500 idx 0 fmt 1 regoff 0x0 n 5 (table contents not committed)
  load op 64 at 95: addr 0x505a00500 idx 0 fmt 1 regoff 0x0 n 2 (table contents not committed)
  load op 63 at 100: addr 0x5059ff500 idx 0 fmt 1 regoff 0x0 n 3 (table contents not committed)
submit #58 dcb 851 dwords at 0x505602500: pass 47 rewrite 29 drop 71 unmapped 25 cc 0 mappings 771 ... OK rc 0 15.59 ms
  load op 9f at 35: addr 0xfe0040068 idx 0 fmt 1 regoff 0x0 n 921 (table contents not committed)
  load op 63 at 40: addr 0xfe0042068 idx 0 fmt 1 regoff 0x0 n 174 (table contents not committed)
  load op 64 at 45: addr 0xfe00425d8 idx 0 fmt 1 regoff 0x0 n 57 (table contents not committed)
  load op 9f at 87: addr 0x506801500 idx 0 fmt 1 regoff 0x0 n 136 (table contents not committed)
  load op 64 at 92: addr 0x506800500 idx 0 fmt 1 regoff 0x0 n 3 (table contents not committed)
  load op 63 at 97: addr 0x5067ff500 idx 0 fmt 1 regoff 0x0 n 3 (table contents not committed)
  load op 9f at 212: addr 0xfe0040068 idx 0 fmt 1 regoff 0x0 n 921 (table contents not committed)
  load op 9f at 219: addr 0x506801940 idx 0 fmt 1 regoff 0x0 n 70 (table contents not committed)
  load op 63 at 224: addr 0x908e5ff90 idx 0 fmt 1 regoff 0x0 n 6 (table contents not committed)
  load op 9f at 229: addr 0x908e5ffc0 idx 0 fmt 1 regoff 0x0 n 10 (table contents not committed)
  load op 63 at 234: addr 0x908e5f7d0 idx 0 fmt 1 regoff 0x0 n 6 (table contents not committed)
  load op 9f at 239: addr 0x908e5f800 idx 0 fmt 1 regoff 0x0 n 9 (table contents not committed)
  load op 64 at 244: addr 0x506800518 idx 0 fmt 1 regoff 0x0 n 5 (table contents not committed)
  load op 9f at 340: addr 0x506801b70 idx 0 fmt 1 regoff 0x0 n 131 (table contents not committed)
  load op 64 at 347: addr 0x506800540 idx 0 fmt 1 regoff 0x0 n 1 (table contents not committed)
  load op 9f at 379: addr 0xfe0040068 idx 0 fmt 1 regoff 0x0 n 921 (table contents not committed)
  load op 9f at 386: addr 0x506801f88 idx 0 fmt 1 regoff 0x0 n 70 (table contents not committed)
  load op 63 at 391: addr 0x908e5ff90 idx 0 fmt 1 regoff 0x0 n 6 (table contents not committed)
  load op 9f at 396: addr 0x908e5ffc0 idx 0 fmt 1 regoff 0x0 n 10 (table contents not committed)
  load op 63 at 401: addr 0x908e5f7d0 idx 0 fmt 1 regoff 0x0 n 6 (table contents not committed)
  load op 9f at 406: addr 0x908e5f800 idx 0 fmt 1 regoff 0x0 n 9 (table contents not committed)
  load op 64 at 411: addr 0x506800548 idx 0 fmt 1 regoff 0x0 n 5 (table contents not committed)
  load op 9f at 548: addr 0x5068021b8 idx 0 fmt 1 regoff 0x0 n 98 (table contents not committed)
  load op 64 at 555: addr 0x506800570 idx 0 fmt 1 regoff 0x0 n 1 (table contents not committed)
  load op 9f at 560: addr 0x5067fe500 idx 0 fmt 1 regoff 0x0 n 33 (table contents not committed)
  load op 9f at 592: addr 0xfe0040068 idx 0 fmt 1 regoff 0x0 n 921 (table contents not committed)
  load op 9f at 599: addr 0x5067fe608 idx 0 fmt 1 regoff 0x0 n 70 (table contents not committed)
  load op 63 at 604: addr 0x908e5ff90 idx 0 fmt 1 regoff 0x0 n 6 (table contents not committed)
  load op 9f at 609: addr 0x908e5ffc0 idx 0 fmt 1 regoff 0x0 n 10 (table contents not committed)
  load op 63 at 614: addr 0x908e5f7d0 idx 0 fmt 1 regoff 0x0 n 6 (table contents not committed)
  load op 9f at 619: addr 0x908e5f800 idx 0 fmt 1 regoff 0x0 n 9 (table contents not committed)
  load op 64 at 624: addr 0x506800578 idx 0 fmt 1 regoff 0x0 n 5 (table contents not committed)
submit #59 dcb 798 dwords at 0x506202500: pass 103 rewrite 18 drop 39 unmapped 10 cc 6 mappings 771 ... OK rc 0 15.83 ms
  load op 9f at 36: addr 0xfe0040068 idx 0 fmt 1 regoff 0x0 n 921 (table contents not committed)
  load op 63 at 41: addr 0xfe0042068 idx 0 fmt 1 regoff 0x0 n 174 (table contents not committed)
  load op 64 at 46: addr 0xfe00425d8 idx 0 fmt 1 regoff 0x0 n 57 (table contents not committed)
  load op 9f at 88: addr 0x504e01500 idx 0 fmt 1 regoff 0x0 n 5 (table contents not committed)
  load op 64 at 93: addr 0x504e00500 idx 0 fmt 1 regoff 0x0 n 2 (table contents not committed)
  load op 63 at 98: addr 0x504dff500 idx 0 fmt 1 regoff 0x0 n 3 (table contents not committed)
  load op 9f at 756: addr 0xfe0040068 idx 0 fmt 1 regoff 0x0 n 921 (table contents not committed)
  load op 9f at 763: addr 0x504e01528 idx 0 fmt 1 regoff 0x0 n 74 (table contents not committed)
  load op 63 at 768: addr 0x908e5ff90 idx 0 fmt 1 regoff 0x0 n 6 (table contents not committed)
  load op 9f at 773: addr 0x908e5ffc0 idx 0 fmt 1 regoff 0x0 n 10 (table contents not committed)
  load op 64 at 778: addr 0x504e00510 idx 0 fmt 1 regoff 0x0 n 5 (table contents not committed)
  load op 9f at 901: addr 0xfe0040068 idx 0 fmt 1 regoff 0x0 n 921 (table contents not committed)
  load op 9f at 908: addr 0x504e01778 idx 0 fmt 1 regoff 0x0 n 74 (table contents not committed)
  load op 63 at 913: addr 0x908e5ff90 idx 0 fmt 1 regoff 0x0 n 6 (table contents not committed)
  load op 9f at 918: addr 0x908e5ffc0 idx 0 fmt 1 regoff 0x0 n 10 (table contents not committed)
  load op 64 at 923: addr 0x504e00538 idx 0 fmt 1 regoff 0x0 n 5 (table contents not committed)
  load op 9f at 1046: addr 0xfe0040068 idx 0 fmt 1 regoff 0x0 n 921 (table contents not committed)
  load op 9f at 1053: addr 0x504e019c8 idx 0 fmt 1 regoff 0x0 n 74 (table contents not committed)
  load op 63 at 1058: addr 0x908e5ff90 idx 0 fmt 1 regoff 0x0 n 6 (table contents not committed)
  load op 9f at 1063: addr 0x908e5ffc0 idx 0 fmt 1 regoff 0x0 n 10 (table contents not committed)
  load op 64 at 1068: addr 0x504e00560 idx 0 fmt 1 regoff 0x0 n 5 (table contents not committed)
submit #60 dcb 1248 dwords at 0x504a02500: pass 151 rewrite 25 drop 66 unmapped 14 cc 6 mappings 771 ... OK rc 0 15.62 ms
  load op 9f at 28: addr 0xfe0040068 idx 0 fmt 1 regoff 0x0 n 921 (table contents not committed)
  load op 63 at 33: addr 0xfe0042068 idx 0 fmt 1 regoff 0x0 n 174 (table contents not committed)
  load op 64 at 38: addr 0xfe00425d8 idx 0 fmt 1 regoff 0x0 n 57 (table contents not committed)
  load op 9f at 80: addr 0x502701500 idx 0 fmt 1 regoff 0x0 n 295 (table contents not committed)
  load op 64 at 85: addr 0x502700500 idx 0 fmt 1 regoff 0x0 n 7 (table contents not committed)
  load op 63 at 90: addr 0x5026ff500 idx 0 fmt 1 regoff 0x0 n 13 (table contents not committed)
  load op 63 at 342: addr 0x5026ff568 idx 0 fmt 1 regoff 0x0 n 10 (table contents not committed)
  load op 63 at 734: addr 0x5026ff5b8 idx 0 fmt 1 regoff 0x0 n 18 (table contents not committed)
  load op 63 at 1217: addr 0x5026ff648 idx 0 fmt 1 regoff 0x0 n 10 (table contents not committed)
  load op 63 at 1249: addr 0x5026ff698 idx 0 fmt 1 regoff 0x0 n 10 (table contents not committed)
  load op 63 at 1281: addr 0x5026ff6e8 idx 0 fmt 1 regoff 0x0 n 10 (table contents not committed)
  load op 63 at 1313: addr 0x5026ff738 idx 0 fmt 1 regoff 0x0 n 10 (table contents not committed)
  load op 9f at 1724: addr 0xfe0040068 idx 0 fmt 1 regoff 0x0 n 921 (table contents not committed)
  load op 9f at 1731: addr 0x502701e38 idx 0 fmt 1 regoff 0x0 n 74 (table contents not committed)
  load op 63 at 1736: addr 0x908e5ff90 idx 0 fmt 1 regoff 0x0 n 6 (table contents not committed)
  load op 9f at 1741: addr 0x908e5ffc0 idx 0 fmt 1 regoff 0x0 n 10 (table contents not committed)
  load op 64 at 1746: addr 0x502700538 idx 0 fmt 1 regoff 0x0 n 5 (table contents not committed)
  load op 9f at 1799: addr 0x502702088 idx 0 fmt 1 regoff 0x0 n 132 (table contents not committed)
  load op 63 at 1804: addr 0x5026ff788 idx 0 fmt 1 regoff 0x0 n 30 (table contents not committed)
  load op 64 at 1884: addr 0x502700560 idx 0 fmt 1 regoff 0x0 n 5 (table contents not committed)
  load op 9f at 1891: addr 0x5026fd440 idx 0 fmt 1 regoff 0x0 n 175 (table contents not committed)
  load op 63 at 2106: addr 0x5026ff878 idx 0 fmt 1 regoff 0x0 n 20 (table contents not committed)
  load op 9f at 3069: addr 0xfe0040068 idx 0 fmt 1 regoff 0x0 n 921 (table contents not committed)
  load op 9f at 3076: addr 0x5026fd9b8 idx 0 fmt 1 regoff 0x0 n 70 (table contents not committed)
  load op 63 at 3081: addr 0x908e5ff90 idx 0 fmt 1 regoff 0x0 n 6 (table contents not committed)
  load op 9f at 3086: addr 0x908e5ffc0 idx 0 fmt 1 regoff 0x0 n 10 (table contents not committed)
  load op 63 at 3091: addr 0x908e5f7d0 idx 0 fmt 1 regoff 0x0 n 6 (table contents not committed)
  load op 9f at 3096: addr 0x908e5f800 idx 0 fmt 1 regoff 0x0 n 9 (table contents not committed)
  load op 64 at 3101: addr 0x502700588 idx 0 fmt 1 regoff 0x0 n 5 (table contents not committed)
  load op 9f at 3140: addr 0x5026fdbe8 idx 0 fmt 1 regoff 0x0 n 19 (table contents not committed)
  load op 63 at 3145: addr 0x5026ff918 idx 0 fmt 1 regoff 0x0 n 12 (table contents not committed)
  load op 9f at 3268: addr 0xfe0040068 idx 0 fmt 1 regoff 0x0 n 921 (table contents not committed)
  load op 9f at 3275: addr 0x5026fdc80 idx 0 fmt 1 regoff 0x0 n 74 (table contents not committed)
  load op 63 at 3280: addr 0x908e5ff90 idx 0 fmt 1 regoff 0x0 n 6 (table contents not committed)
  load op 9f at 3285: addr 0x908e5ffc0 idx 0 fmt 1 regoff 0x0 n 10 (table contents not committed)
  load op 64 at 3290: addr 0x5027005b0 idx 0 fmt 1 regoff 0x0 n 5 (table contents not committed)
  load op 9f at 3329: addr 0x5026fded0 idx 0 fmt 1 regoff 0x0 n 166 (table contents not committed)
  load op 63 at 3334: addr 0x5026ff978 idx 0 fmt 1 regoff 0x0 n 30 (table contents not committed)
  load op 64 at 3430: addr 0x5027005d8 idx 0 fmt 1 regoff 0x0 n 5 (table contents not committed)
  load op 9f at 3437: addr 0x5026fc320 idx 0 fmt 1 regoff 0x0 n 135 (table contents not committed)
  load op 63 at 3675: addr 0x5026ffa68 idx 0 fmt 1 regoff 0x0 n 36 (table contents not committed)
  load op 64 at 4540: addr 0x502700600 idx 0 fmt 1 regoff 0x0 n 6 (table contents not committed)
  load op 9f at 4545: addr 0x5026fc758 idx 0 fmt 1 regoff 0x0 n 376 (table contents not committed)
  load op 9f at 4552: addr 0x5026fb118 idx 0 fmt 1 regoff 0x0 n 205 (table contents not committed)
  load op 9f at 4853: addr 0xfe0040068 idx 0 fmt 1 regoff 0x0 n 921 (table contents not committed)
  load op 9f at 4860: addr 0x5026fb780 idx 0 fmt 1 regoff 0x0 n 74 (table contents not committed)
  load op 63 at 4865: addr 0x908e5ff90 idx 0 fmt 1 regoff 0x0 n 6 (table contents not committed)
  load op 9f at 4870: addr 0x908e5ffc0 idx 0 fmt 1 regoff 0x0 n 10 (table contents not committed)
  load op 64 at 4875: addr 0x502700630 idx 0 fmt 1 regoff 0x0 n 5 (table contents not committed)
  load op 63 at 4914: addr 0x5026ffb88 idx 0 fmt 1 regoff 0x0 n 21 (table contents not committed)
  load op 9f at 4925: addr 0x5026fb9d0 idx 0 fmt 1 regoff 0x0 n 223 (table contents not committed)
  load op 63 at 5714: addr 0x5026ffc30 idx 0 fmt 1 regoff 0x0 n 10 (table contents not committed)
  load op 63 at 5831: addr 0x5026ffc80 idx 0 fmt 1 regoff 0x0 n 28 (table contents not committed)
  load op 64 at 5910: addr 0x502700658 idx 0 fmt 1 regoff 0x0 n 5 (table contents not committed)
  load op 9f at 5917: addr 0x5026f9e30 idx 0 fmt 1 regoff 0x0 n 67 (table contents not committed)
  load op 9f at 6045: addr 0x5026fa048 idx 0 fmt 1 regoff 0x0 n 121 (table contents not committed)
  load op 63 at 6050: addr 0x5026ffd60 idx 0 fmt 1 regoff 0x0 n 18 (table contents not committed)
  load op 64 at 6055: addr 0x502700680 idx 0 fmt 1 regoff 0x0 n 3 (table contents not committed)
  load op 9f at 6204: addr 0x5026fa410 idx 0 fmt 1 regoff 0x0 n 121 (table contents not committed)
  load op 63 at 6209: addr 0x5026ffdf0 idx 0 fmt 1 regoff 0x0 n 18 (table contents not committed)
  load op 64 at 6214: addr 0x502700698 idx 0 fmt 1 regoff 0x0 n 3 (table contents not committed)
  load op 63 at 6578: addr 0x5026ffe80 idx 0 fmt 1 regoff 0x0 n 10 (table contents not committed)
  load op 9f at 7058: addr 0x5026fa7d8 idx 0 fmt 1 regoff 0x0 n 195 (table contents not committed)
  load op 9f at 7063: addr 0x5026f8d80 idx 0 fmt 1 regoff 0x0 n 85 (table contents not committed)
  load op 63 at 7068: addr 0x5026ffed0 idx 0 fmt 1 regoff 0x0 n 18 (table contents not committed)
  load op 64 at 7073: addr 0x5027006b0 idx 0 fmt 1 regoff 0x0 n 3 (table contents not committed)
  load op 9f at 7186: addr 0x5026f9028 idx 0 fmt 1 regoff 0x0 n 129 (table contents not committed)
  load op 63 at 7191: addr 0x5026fff60 idx 0 fmt 1 regoff 0x0 n 18 (table contents not committed)
  load op 64 at 7196: addr 0x5027006c8 idx 0 fmt 1 regoff 0x0 n 3 (table contents not committed)
  load op 9f at 7309: addr 0x5026f9430 idx 0 fmt 1 regoff 0x0 n 129 (table contents not committed)
  load op 63 at 7314: addr 0x5026ffff0 idx 0 fmt 1 regoff 0x0 n 18 (table contents not committed)
  load op 64 at 7319: addr 0x5027006e0 idx 0 fmt 1 regoff 0x0 n 3 (table contents not committed)
  load op 9f at 7432: addr 0x5026f9838 idx 0 fmt 1 regoff 0x0 n 58 (table contents not committed)
  load op 9f at 7537: addr 0x5026f9a08 idx 0 fmt 1 regoff 0x0 n 66 (table contents not committed)
  load op 9f at 7642: addr 0x5026f9c18 idx 0 fmt 1 regoff 0x0 n 37 (table contents not committed)
  load op 9f at 7647: addr 0x5026f7300 idx 0 fmt 1 regoff 0x0 n 21 (table contents not committed)
  load op 9f at 7752: addr 0x5026f73a8 idx 0 fmt 1 regoff 0x0 n 66 (table contents not committed)
  load op 9f at 7857: addr 0x5026f75b8 idx 0 fmt 1 regoff 0x0 n 58 (table contents not committed)
  load op 9f at 7962: addr 0x5026f7788 idx 0 fmt 1 regoff 0x0 n 130 (table contents not committed)
  load op 63 at 7967: addr 0x502700080 idx 0 fmt 1 regoff 0x0 n 18 (table contents not committed)
  load op 64 at 7972: addr 0x5027006f8 idx 0 fmt 1 regoff 0x0 n 3 (table contents not committed)
  load op 9f at 8099: addr 0x5026f7b98 idx 0 fmt 1 regoff 0x0 n 135 (table contents not committed)
  load op 63 at 8104: addr 0x502700110 idx 0 fmt 1 regoff 0x0 n 18 (table contents not committed)
  load op 64 at 8109: addr 0x502700710 idx 0 fmt 1 regoff 0x0 n 3 (table contents not committed)
  load op 63 at 8687: addr 0x5027001a0 idx 0 fmt 1 regoff 0x0 n 28 (table contents not committed)
  load op 64 at 9264: addr 0x502700728 idx 0 fmt 1 regoff 0x0 n 5 (table contents not committed)
  load op 9f at 9269: addr 0x5026f7fd0 idx 0 fmt 1 regoff 0x0 n 97 (table contents not committed)
  load op 9f at 9276: addr 0x5026f5868 idx 0 fmt 1 regoff 0x0 n 183 (table contents not committed)
submit #61 dcb 9774 dwords at 0x502002500: pass 649 rewrite 259 drop 668 unmapped 228 cc 8 mappings 771 ... OK rc 0 16.53 ms
submit #62 cc 3 dwords at 0x313b17cf4: pass 0 rewrite 1 drop 0 unmapped 0 cc 1 mappings 771 ... OK rc 0 15.55 ms
  load op 61 at 10: base 0xfe0008000 pairs (0x0,215) (0xd8,272) (0x1f5,4) (0x1ff,158) (0x2a0,2) (0x2a3,1) (0x2a5,66) (0x2f5,203)
  load op 5f at 29: base 0xfe0010000 pairs (0x1,1) (0x6,38) (0x32,4) (0x80,4) (0x87,37) (0xb2,4) (0xc8,2) (0x100,4) (0x107,37) (0x132,4) (0x148,2) (0x204,3) (0x20c,2) (0x212,2) (0x215,6) (0x224,5) (0x22a,1) (0x240,16) (0x27d,1) (0x280,1) (0x207,3)
  load op 5e at 74: base 0xfe0011000 pairs (0x35,8) (0xa2,1) (0x242,1) (0x248,1) (0x24a,2) (0x25b,6) (0x262,1) (0x2bb,5) (0x2c4,16) (0x2e4,8) (0x380,2) (0x383,2) (0x41d,3) (0x24d,1)
  load op 61 at 105: base 0xfe0008000 pairs (0x0,0)
  load op 5f at 110: base 0xfe0010000 pairs (0x0,0)
  load op 5e at 115: base 0xfe0011000 pairs (0x0,0)
  load op 61 at 125: base 0xfe0008000 pairs (0x0,0)
  load op 5f at 130: base 0xfe0010000 pairs (0x0,0)
  load op 5e at 135: base 0xfe0011000 pairs (0x0,0)
submit #63 hib 150 dwords at 0xfe0000000: pass 12 rewrite 2 drop 2 unmapped 0 cc 2 mappings 771 ... OK rc 0 15.74 ms
submit #64 hib 2 dwords at 0xfe003a200: pass 1 rewrite 0 drop 0 unmapped 0 cc 0 mappings 771 ... OK rc 0 15.34 ms
  load op 9f at 38: addr 0xfe0040068 idx 0 fmt 1 regoff 0x0 n 921 (table contents not committed)
  load op 63 at 43: addr 0xfe0042068 idx 0 fmt 1 regoff 0x0 n 174 (table contents not committed)
  load op 64 at 48: addr 0xfe00425d8 idx 0 fmt 1 regoff 0x0 n 49 (table contents not committed)
submit #65 dcb 96 dwords at 0xfe0042920: pass 20 rewrite 0 drop 4 unmapped 1 cc 0 mappings 771 ... OK rc 0 15.40 ms
  load op 9f at 36: addr 0xfe0040068 idx 0 fmt 1 regoff 0x0 n 921 (table contents not committed)
  load op 63 at 41: addr 0xfe0042068 idx 0 fmt 1 regoff 0x0 n 174 (table contents not committed)
  load op 64 at 46: addr 0xfe00425d8 idx 0 fmt 1 regoff 0x0 n 57 (table contents not committed)
  load op 9f at 88: addr 0x504301500 idx 0 fmt 1 regoff 0x0 n 136 (table contents not committed)
  load op 64 at 93: addr 0x504300500 idx 0 fmt 1 regoff 0x0 n 3 (table contents not committed)
  load op 63 at 98: addr 0x5042ff500 idx 0 fmt 1 regoff 0x0 n 3 (table contents not committed)
  load op 9f at 1541: addr 0xfe0040068 idx 0 fmt 1 regoff 0x0 n 921 (table contents not committed)
  load op 9f at 1548: addr 0x504301940 idx 0 fmt 1 regoff 0x0 n 70 (table contents not committed)
  load op 63 at 1553: addr 0x908e5ff90 idx 0 fmt 1 regoff 0x0 n 6 (table contents not committed)
  load op 9f at 1558: addr 0x908e5ffc0 idx 0 fmt 1 regoff 0x0 n 10 (table contents not committed)
  load op 63 at 1563: addr 0x908e5f7d0 idx 0 fmt 1 regoff 0x0 n 6 (table contents not committed)
  load op 9f at 1568: addr 0x908e5f800 idx 0 fmt 1 regoff 0x0 n 9 (table contents not committed)
  load op 64 at 1573: addr 0x504300518 idx 0 fmt 1 regoff 0x0 n 5 (table contents not committed)
  load op 9f at 1691: addr 0x504301b70 idx 0 fmt 1 regoff 0x0 n 131 (table contents not committed)
  load op 64 at 1698: addr 0x504300540 idx 0 fmt 1 regoff 0x0 n 1 (table contents not committed)
  load op 9f at 1730: addr 0xfe0040068 idx 0 fmt 1 regoff 0x0 n 921 (table contents not committed)
  load op 9f at 1737: addr 0x504301f88 idx 0 fmt 1 regoff 0x0 n 70 (table contents not committed)
  load op 63 at 1742: addr 0x908e5ff90 idx 0 fmt 1 regoff 0x0 n 6 (table contents not committed)
  load op 9f at 1747: addr 0x908e5ffc0 idx 0 fmt 1 regoff 0x0 n 10 (table contents not committed)
  load op 63 at 1752: addr 0x908e5f7d0 idx 0 fmt 1 regoff 0x0 n 6 (table contents not committed)
  load op 9f at 1757: addr 0x908e5f800 idx 0 fmt 1 regoff 0x0 n 9 (table contents not committed)
  load op 64 at 1762: addr 0x504300548 idx 0 fmt 1 regoff 0x0 n 5 (table contents not committed)
  load op 63 at 1858: addr 0x5042ff518 idx 0 fmt 1 regoff 0x0 n 10 (table contents not committed)
  load op 63 at 2049: addr 0x5042ff568 idx 0 fmt 1 regoff 0x0 n 28 (table contents not committed)
  load op 64 at 2123: addr 0x504300570 idx 0 fmt 1 regoff 0x0 n 5 (table contents not committed)
  load op 9f at 2130: addr 0x5043021b8 idx 0 fmt 1 regoff 0x0 n 96 (table contents not committed)
  load op 9f at 2135: addr 0x5042fe390 idx 0 fmt 1 regoff 0x0 n 194 (table contents not committed)
submit #66 dcb 2647 dwords at 0x503c02500: pass 236 rewrite 68 drop 175 unmapped 50 cc 4 mappings 771 ... OK rc 0 15.76 ms
  load op 9f at 38: addr 0xfe0040068 idx 0 fmt 1 regoff 0x0 n 921 (table contents not committed)
  load op 63 at 43: addr 0xfe0042068 idx 0 fmt 1 regoff 0x0 n 174 (table contents not committed)
  load op 64 at 48: addr 0xfe00425d8 idx 0 fmt 1 regoff 0x0 n 57 (table contents not committed)
  load op 9f at 90: addr 0x505e01500 idx 0 fmt 1 regoff 0x0 n 5 (table contents not committed)
  load op 64 at 95: addr 0x505e00500 idx 0 fmt 1 regoff 0x0 n 2 (table contents not committed)
  load op 63 at 100: addr 0x505dff500 idx 0 fmt 1 regoff 0x0 n 3 (table contents not committed)
submit #67 dcb 851 dwords at 0x505a02500: pass 47 rewrite 29 drop 71 unmapped 25 cc 0 mappings 771 ... OK rc 0 15.42 ms
  load op 9f at 35: addr 0xfe0040068 idx 0 fmt 1 regoff 0x0 n 921 (table contents not committed)
  load op 63 at 40: addr 0xfe0042068 idx 0 fmt 1 regoff 0x0 n 174 (table contents not committed)
  load op 64 at 45: addr 0xfe00425d8 idx 0 fmt 1 regoff 0x0 n 57 (table contents not committed)
  load op 9f at 87: addr 0x506e01500 idx 0 fmt 1 regoff 0x0 n 136 (table contents not committed)
  load op 64 at 92: addr 0x506e00500 idx 0 fmt 1 regoff 0x0 n 3 (table contents not committed)
  load op 63 at 97: addr 0x506dff500 idx 0 fmt 1 regoff 0x0 n 3 (table contents not committed)
  load op 9f at 212: addr 0xfe0040068 idx 0 fmt 1 regoff 0x0 n 921 (table contents not committed)
  load op 9f at 219: addr 0x506e01940 idx 0 fmt 1 regoff 0x0 n 70 (table contents not committed)
  load op 63 at 224: addr 0x908e5ff90 idx 0 fmt 1 regoff 0x0 n 6 (table contents not committed)
  load op 9f at 229: addr 0x908e5ffc0 idx 0 fmt 1 regoff 0x0 n 10 (table contents not committed)
  load op 63 at 234: addr 0x908e5f7d0 idx 0 fmt 1 regoff 0x0 n 6 (table contents not committed)
  load op 9f at 239: addr 0x908e5f800 idx 0 fmt 1 regoff 0x0 n 9 (table contents not committed)
  load op 64 at 244: addr 0x506e00518 idx 0 fmt 1 regoff 0x0 n 5 (table contents not committed)
  load op 9f at 340: addr 0x506e01b70 idx 0 fmt 1 regoff 0x0 n 131 (table contents not committed)
  load op 64 at 347: addr 0x506e00540 idx 0 fmt 1 regoff 0x0 n 1 (table contents not committed)
  load op 9f at 379: addr 0xfe0040068 idx 0 fmt 1 regoff 0x0 n 921 (table contents not committed)
  load op 9f at 386: addr 0x506e01f88 idx 0 fmt 1 regoff 0x0 n 70 (table contents not committed)
  load op 63 at 391: addr 0x908e5ff90 idx 0 fmt 1 regoff 0x0 n 6 (table contents not committed)
  load op 9f at 396: addr 0x908e5ffc0 idx 0 fmt 1 regoff 0x0 n 10 (table contents not committed)
  load op 63 at 401: addr 0x908e5f7d0 idx 0 fmt 1 regoff 0x0 n 6 (table contents not committed)
  load op 9f at 406: addr 0x908e5f800 idx 0 fmt 1 regoff 0x0 n 9 (table contents not committed)
  load op 64 at 411: addr 0x506e00548 idx 0 fmt 1 regoff 0x0 n 5 (table contents not committed)
  load op 9f at 548: addr 0x506e021b8 idx 0 fmt 1 regoff 0x0 n 98 (table contents not committed)
  load op 64 at 555: addr 0x506e00570 idx 0 fmt 1 regoff 0x0 n 1 (table contents not committed)
  load op 9f at 560: addr 0x506dfe500 idx 0 fmt 1 regoff 0x0 n 33 (table contents not committed)
  load op 9f at 592: addr 0xfe0040068 idx 0 fmt 1 regoff 0x0 n 921 (table contents not committed)
  load op 9f at 599: addr 0x506dfe608 idx 0 fmt 1 regoff 0x0 n 70 (table contents not committed)
  load op 63 at 604: addr 0x908e5ff90 idx 0 fmt 1 regoff 0x0 n 6 (table contents not committed)
  load op 9f at 609: addr 0x908e5ffc0 idx 0 fmt 1 regoff 0x0 n 10 (table contents not committed)
  load op 63 at 614: addr 0x908e5f7d0 idx 0 fmt 1 regoff 0x0 n 6 (table contents not committed)
  load op 9f at 619: addr 0x908e5f800 idx 0 fmt 1 regoff 0x0 n 9 (table contents not committed)
  load op 64 at 624: addr 0x506e00578 idx 0 fmt 1 regoff 0x0 n 5 (table contents not committed)
submit #68 dcb 798 dwords at 0x506802500: pass 103 rewrite 18 drop 39 unmapped 10 cc 6 mappings 771 ... OK rc 0 15.81 ms
  load op 9f at 36: addr 0xfe0040068 idx 0 fmt 1 regoff 0x0 n 921 (table contents not committed)
  load op 63 at 41: addr 0xfe0042068 idx 0 fmt 1 regoff 0x0 n 174 (table contents not committed)
  load op 64 at 46: addr 0xfe00425d8 idx 0 fmt 1 regoff 0x0 n 57 (table contents not committed)
  load op 9f at 88: addr 0x505201500 idx 0 fmt 1 regoff 0x0 n 5 (table contents not committed)
  load op 64 at 93: addr 0x505200500 idx 0 fmt 1 regoff 0x0 n 2 (table contents not committed)
  load op 63 at 98: addr 0x5051ff500 idx 0 fmt 1 regoff 0x0 n 3 (table contents not committed)
  load op 9f at 756: addr 0xfe0040068 idx 0 fmt 1 regoff 0x0 n 921 (table contents not committed)
  load op 9f at 763: addr 0x505201528 idx 0 fmt 1 regoff 0x0 n 74 (table contents not committed)
  load op 63 at 768: addr 0x908e5ff90 idx 0 fmt 1 regoff 0x0 n 6 (table contents not committed)
  load op 9f at 773: addr 0x908e5ffc0 idx 0 fmt 1 regoff 0x0 n 10 (table contents not committed)
  load op 64 at 778: addr 0x505200510 idx 0 fmt 1 regoff 0x0 n 5 (table contents not committed)
  load op 9f at 901: addr 0xfe0040068 idx 0 fmt 1 regoff 0x0 n 921 (table contents not committed)
  load op 9f at 908: addr 0x505201778 idx 0 fmt 1 regoff 0x0 n 74 (table contents not committed)
  load op 63 at 913: addr 0x908e5ff90 idx 0 fmt 1 regoff 0x0 n 6 (table contents not committed)
  load op 9f at 918: addr 0x908e5ffc0 idx 0 fmt 1 regoff 0x0 n 10 (table contents not committed)
  load op 64 at 923: addr 0x505200538 idx 0 fmt 1 regoff 0x0 n 5 (table contents not committed)
  load op 9f at 1046: addr 0xfe0040068 idx 0 fmt 1 regoff 0x0 n 921 (table contents not committed)
  load op 9f at 1053: addr 0x5052019c8 idx 0 fmt 1 regoff 0x0 n 74 (table contents not committed)
  load op 63 at 1058: addr 0x908e5ff90 idx 0 fmt 1 regoff 0x0 n 6 (table contents not committed)
  load op 9f at 1063: addr 0x908e5ffc0 idx 0 fmt 1 regoff 0x0 n 10 (table contents not committed)
  load op 64 at 1068: addr 0x505200560 idx 0 fmt 1 regoff 0x0 n 5 (table contents not committed)
submit #69 dcb 1248 dwords at 0x504e02500: pass 151 rewrite 25 drop 66 unmapped 14 cc 6 mappings 771 ... OK rc 0 15.81 ms
  load op 9f at 28: addr 0xfe0040068 idx 0 fmt 1 regoff 0x0 n 921 (table contents not committed)
  load op 63 at 33: addr 0xfe0042068 idx 0 fmt 1 regoff 0x0 n 174 (table contents not committed)
  load op 64 at 38: addr 0xfe00425d8 idx 0 fmt 1 regoff 0x0 n 57 (table contents not committed)
  load op 9f at 80: addr 0x502e01500 idx 0 fmt 1 regoff 0x0 n 295 (table contents not committed)
  load op 64 at 85: addr 0x502e00500 idx 0 fmt 1 regoff 0x0 n 7 (table contents not committed)
  load op 63 at 90: addr 0x502dff500 idx 0 fmt 1 regoff 0x0 n 13 (table contents not committed)
  load op 63 at 342: addr 0x502dff568 idx 0 fmt 1 regoff 0x0 n 10 (table contents not committed)
  load op 63 at 734: addr 0x502dff5b8 idx 0 fmt 1 regoff 0x0 n 18 (table contents not committed)
  load op 63 at 1217: addr 0x502dff648 idx 0 fmt 1 regoff 0x0 n 10 (table contents not committed)
  load op 63 at 1249: addr 0x502dff698 idx 0 fmt 1 regoff 0x0 n 10 (table contents not committed)
  load op 63 at 1281: addr 0x502dff6e8 idx 0 fmt 1 regoff 0x0 n 10 (table contents not committed)
  load op 63 at 1313: addr 0x502dff738 idx 0 fmt 1 regoff 0x0 n 10 (table contents not committed)
  load op 9f at 1724: addr 0xfe0040068 idx 0 fmt 1 regoff 0x0 n 921 (table contents not committed)
  load op 9f at 1731: addr 0x502e01e38 idx 0 fmt 1 regoff 0x0 n 74 (table contents not committed)
  load op 63 at 1736: addr 0x908e5ff90 idx 0 fmt 1 regoff 0x0 n 6 (table contents not committed)
  load op 9f at 1741: addr 0x908e5ffc0 idx 0 fmt 1 regoff 0x0 n 10 (table contents not committed)
  load op 64 at 1746: addr 0x502e00538 idx 0 fmt 1 regoff 0x0 n 5 (table contents not committed)
  load op 9f at 1799: addr 0x502e02088 idx 0 fmt 1 regoff 0x0 n 132 (table contents not committed)
  load op 63 at 1804: addr 0x502dff788 idx 0 fmt 1 regoff 0x0 n 30 (table contents not committed)
  load op 64 at 1884: addr 0x502e00560 idx 0 fmt 1 regoff 0x0 n 5 (table contents not committed)
  load op 9f at 1891: addr 0x502dfd440 idx 0 fmt 1 regoff 0x0 n 175 (table contents not committed)
  load op 63 at 2106: addr 0x502dff878 idx 0 fmt 1 regoff 0x0 n 20 (table contents not committed)
  load op 9f at 3069: addr 0xfe0040068 idx 0 fmt 1 regoff 0x0 n 921 (table contents not committed)
  load op 9f at 3076: addr 0x502dfd9b8 idx 0 fmt 1 regoff 0x0 n 70 (table contents not committed)
  load op 63 at 3081: addr 0x908e5ff90 idx 0 fmt 1 regoff 0x0 n 6 (table contents not committed)
  load op 9f at 3086: addr 0x908e5ffc0 idx 0 fmt 1 regoff 0x0 n 10 (table contents not committed)
  load op 63 at 3091: addr 0x908e5f7d0 idx 0 fmt 1 regoff 0x0 n 6 (table contents not committed)
  load op 9f at 3096: addr 0x908e5f800 idx 0 fmt 1 regoff 0x0 n 9 (table contents not committed)
  load op 64 at 3101: addr 0x502e00588 idx 0 fmt 1 regoff 0x0 n 5 (table contents not committed)
  load op 9f at 3140: addr 0x502dfdbe8 idx 0 fmt 1 regoff 0x0 n 19 (table contents not committed)
  load op 63 at 3145: addr 0x502dff918 idx 0 fmt 1 regoff 0x0 n 12 (table contents not committed)
  load op 9f at 3268: addr 0xfe0040068 idx 0 fmt 1 regoff 0x0 n 921 (table contents not committed)
  load op 9f at 3275: addr 0x502dfdc80 idx 0 fmt 1 regoff 0x0 n 74 (table contents not committed)
  load op 63 at 3280: addr 0x908e5ff90 idx 0 fmt 1 regoff 0x0 n 6 (table contents not committed)
  load op 9f at 3285: addr 0x908e5ffc0 idx 0 fmt 1 regoff 0x0 n 10 (table contents not committed)
  load op 64 at 3290: addr 0x502e005b0 idx 0 fmt 1 regoff 0x0 n 5 (table contents not committed)
  load op 9f at 3329: addr 0x502dfded0 idx 0 fmt 1 regoff 0x0 n 166 (table contents not committed)
  load op 63 at 3334: addr 0x502dff978 idx 0 fmt 1 regoff 0x0 n 30 (table contents not committed)
  load op 64 at 3430: addr 0x502e005d8 idx 0 fmt 1 regoff 0x0 n 5 (table contents not committed)
  load op 9f at 3437: addr 0x502dfc320 idx 0 fmt 1 regoff 0x0 n 135 (table contents not committed)
  load op 63 at 3675: addr 0x502dffa68 idx 0 fmt 1 regoff 0x0 n 36 (table contents not committed)
  load op 64 at 4540: addr 0x502e00600 idx 0 fmt 1 regoff 0x0 n 6 (table contents not committed)
  load op 9f at 4545: addr 0x502dfc758 idx 0 fmt 1 regoff 0x0 n 376 (table contents not committed)
  load op 9f at 4552: addr 0x502dfb118 idx 0 fmt 1 regoff 0x0 n 205 (table contents not committed)
  load op 9f at 4853: addr 0xfe0040068 idx 0 fmt 1 regoff 0x0 n 921 (table contents not committed)
  load op 9f at 4860: addr 0x502dfb780 idx 0 fmt 1 regoff 0x0 n 74 (table contents not committed)
  load op 63 at 4865: addr 0x908e5ff90 idx 0 fmt 1 regoff 0x0 n 6 (table contents not committed)
  load op 9f at 4870: addr 0x908e5ffc0 idx 0 fmt 1 regoff 0x0 n 10 (table contents not committed)
  load op 64 at 4875: addr 0x502e00630 idx 0 fmt 1 regoff 0x0 n 5 (table contents not committed)
  load op 63 at 4914: addr 0x502dffb88 idx 0 fmt 1 regoff 0x0 n 21 (table contents not committed)
  load op 9f at 4925: addr 0x502dfb9d0 idx 0 fmt 1 regoff 0x0 n 223 (table contents not committed)
  load op 63 at 5714: addr 0x502dffc30 idx 0 fmt 1 regoff 0x0 n 10 (table contents not committed)
  load op 63 at 5831: addr 0x502dffc80 idx 0 fmt 1 regoff 0x0 n 28 (table contents not committed)
  load op 64 at 5910: addr 0x502e00658 idx 0 fmt 1 regoff 0x0 n 5 (table contents not committed)
  load op 9f at 5917: addr 0x502df9e30 idx 0 fmt 1 regoff 0x0 n 67 (table contents not committed)
  load op 9f at 6045: addr 0x502dfa048 idx 0 fmt 1 regoff 0x0 n 121 (table contents not committed)
  load op 63 at 6050: addr 0x502dffd60 idx 0 fmt 1 regoff 0x0 n 18 (table contents not committed)
  load op 64 at 6055: addr 0x502e00680 idx 0 fmt 1 regoff 0x0 n 3 (table contents not committed)
  load op 9f at 6204: addr 0x502dfa410 idx 0 fmt 1 regoff 0x0 n 121 (table contents not committed)
  load op 63 at 6209: addr 0x502dffdf0 idx 0 fmt 1 regoff 0x0 n 18 (table contents not committed)
  load op 64 at 6214: addr 0x502e00698 idx 0 fmt 1 regoff 0x0 n 3 (table contents not committed)
  load op 63 at 6578: addr 0x502dffe80 idx 0 fmt 1 regoff 0x0 n 10 (table contents not committed)
  load op 9f at 7058: addr 0x502dfa7d8 idx 0 fmt 1 regoff 0x0 n 195 (table contents not committed)
  load op 9f at 7063: addr 0x502df8d80 idx 0 fmt 1 regoff 0x0 n 85 (table contents not committed)
  load op 63 at 7068: addr 0x502dffed0 idx 0 fmt 1 regoff 0x0 n 18 (table contents not committed)
  load op 64 at 7073: addr 0x502e006b0 idx 0 fmt 1 regoff 0x0 n 3 (table contents not committed)
  load op 9f at 7186: addr 0x502df9028 idx 0 fmt 1 regoff 0x0 n 129 (table contents not committed)
  load op 63 at 7191: addr 0x502dfff60 idx 0 fmt 1 regoff 0x0 n 18 (table contents not committed)
  load op 64 at 7196: addr 0x502e006c8 idx 0 fmt 1 regoff 0x0 n 3 (table contents not committed)
  load op 9f at 7309: addr 0x502df9430 idx 0 fmt 1 regoff 0x0 n 129 (table contents not committed)
  load op 63 at 7314: addr 0x502dffff0 idx 0 fmt 1 regoff 0x0 n 18 (table contents not committed)
  load op 64 at 7319: addr 0x502e006e0 idx 0 fmt 1 regoff 0x0 n 3 (table contents not committed)
  load op 9f at 7432: addr 0x502df9838 idx 0 fmt 1 regoff 0x0 n 58 (table contents not committed)
  load op 9f at 7537: addr 0x502df9a08 idx 0 fmt 1 regoff 0x0 n 66 (table contents not committed)
  load op 9f at 7642: addr 0x502df9c18 idx 0 fmt 1 regoff 0x0 n 37 (table contents not committed)
  load op 9f at 7647: addr 0x502df7300 idx 0 fmt 1 regoff 0x0 n 21 (table contents not committed)
  load op 9f at 7752: addr 0x502df73a8 idx 0 fmt 1 regoff 0x0 n 66 (table contents not committed)
  load op 9f at 7857: addr 0x502df75b8 idx 0 fmt 1 regoff 0x0 n 58 (table contents not committed)
  load op 9f at 7962: addr 0x502df7788 idx 0 fmt 1 regoff 0x0 n 130 (table contents not committed)
  load op 63 at 7967: addr 0x502e00080 idx 0 fmt 1 regoff 0x0 n 18 (table contents not committed)
  load op 64 at 7972: addr 0x502e006f8 idx 0 fmt 1 regoff 0x0 n 3 (table contents not committed)
  load op 9f at 8099: addr 0x502df7b98 idx 0 fmt 1 regoff 0x0 n 135 (table contents not committed)
  load op 63 at 8104: addr 0x502e00110 idx 0 fmt 1 regoff 0x0 n 18 (table contents not committed)
  load op 64 at 8109: addr 0x502e00710 idx 0 fmt 1 regoff 0x0 n 3 (table contents not committed)
  load op 63 at 8687: addr 0x502e001a0 idx 0 fmt 1 regoff 0x0 n 28 (table contents not committed)
  load op 64 at 9264: addr 0x502e00728 idx 0 fmt 1 regoff 0x0 n 5 (table contents not committed)
  load op 9f at 9269: addr 0x502df7fd0 idx 0 fmt 1 regoff 0x0 n 97 (table contents not committed)
  load op 9f at 9276: addr 0x502df5868 idx 0 fmt 1 regoff 0x0 n 183 (table contents not committed)
submit #70 dcb 9774 dwords at 0x502702500: pass 649 rewrite 259 drop 668 unmapped 228 cc 8 mappings 771 ... OK rc 0 16.61 ms
unmap 0x335070000 +0x2e0000 (no longer rw anonymous) ... ok
map 0x200284000 +0x4000 ... ok
map 0x335070000 +0x2c4000 ... ok
map 0x335338000 +0x18000 ... ok
map 0x335380000 +0x8000 ... ok
map 0x37dfe8000 +0x8000 ... ok
vmas 110 total 13075.0 MiB resident 3086.0 MiB mapped 3086.0 MiB
submit #71 cc 3 dwords at 0x313b17cf4: pass 0 rewrite 1 drop 0 unmapped 0 cc 1 mappings 775 ... OK rc 0 15.99 ms
  load op 61 at 10: base 0xfe0008000 pairs (0x0,215) (0xd8,272) (0x1f5,4) (0x1ff,158) (0x2a0,2) (0x2a3,1) (0x2a5,66) (0x2f5,203)
  load op 5f at 29: base 0xfe0010000 pairs (0x1,1) (0x6,38) (0x32,4) (0x80,4) (0x87,37) (0xb2,4) (0xc8,2) (0x100,4) (0x107,37) (0x132,4) (0x148,2) (0x204,3) (0x20c,2) (0x212,2) (0x215,6) (0x224,5) (0x22a,1) (0x240,16) (0x27d,1) (0x280,1) (0x207,3)
  load op 5e at 74: base 0xfe0011000 pairs (0x35,8) (0xa2,1) (0x242,1) (0x248,1) (0x24a,2) (0x25b,6) (0x262,1) (0x2bb,5) (0x2c4,16) (0x2e4,8) (0x380,2) (0x383,2) (0x41d,3) (0x24d,1)
  load op 61 at 105: base 0xfe0008000 pairs (0x0,0)
  load op 5f at 110: base 0xfe0010000 pairs (0x0,0)
  load op 5e at 115: base 0xfe0011000 pairs (0x0,0)
  load op 61 at 125: base 0xfe0008000 pairs (0x0,0)
  load op 5f at 130: base 0xfe0010000 pairs (0x0,0)
  load op 5e at 135: base 0xfe0011000 pairs (0x0,0)
submit #72 hib 150 dwords at 0xfe0000000: pass 12 rewrite 2 drop 2 unmapped 0 cc 2 mappings 775 ... OK rc 0 15.39 ms
submit #73 hib 2 dwords at 0xfe003a200: pass 1 rewrite 0 drop 0 unmapped 0 cc 0 mappings 775 ... OK rc 0 15.35 ms
  load op 9f at 38: addr 0xfe0040068 idx 0 fmt 1 regoff 0x0 n 921 (table contents not committed)
  load op 63 at 43: addr 0xfe0042068 idx 0 fmt 1 regoff 0x0 n 174 (table contents not committed)
  load op 64 at 48: addr 0xfe00425d8 idx 0 fmt 1 regoff 0x0 n 49 (table contents not committed)
submit #74 dcb 96 dwords at 0xfe0042920: pass 20 rewrite 0 drop 4 unmapped 1 cc 0 mappings 775 ... OK rc 0 15.41 ms
  load op 9f at 36: addr 0xfe0040068 idx 0 fmt 1 regoff 0x0 n 921 (table contents not committed)
  load op 63 at 41: addr 0xfe0042068 idx 0 fmt 1 regoff 0x0 n 174 (table contents not committed)
  load op 64 at 46: addr 0xfe00425d8 idx 0 fmt 1 regoff 0x0 n 57 (table contents not committed)
  load op 9f at 88: addr 0x504a01500 idx 0 fmt 1 regoff 0x0 n 136 (table contents not committed)
  load op 64 at 93: addr 0x504a00500 idx 0 fmt 1 regoff 0x0 n 3 (table contents not committed)
  load op 63 at 98: addr 0x5049ff500 idx 0 fmt 1 regoff 0x0 n 3 (table contents not committed)
  load op 9f at 1541: addr 0xfe0040068 idx 0 fmt 1 regoff 0x0 n 921 (table contents not committed)
  load op 9f at 1548: addr 0x504a01940 idx 0 fmt 1 regoff 0x0 n 70 (table contents not committed)
  load op 63 at 1553: addr 0x908e5ff90 idx 0 fmt 1 regoff 0x0 n 6 (table contents not committed)
  load op 9f at 1558: addr 0x908e5ffc0 idx 0 fmt 1 regoff 0x0 n 10 (table contents not committed)
  load op 63 at 1563: addr 0x908e5f7d0 idx 0 fmt 1 regoff 0x0 n 6 (table contents not committed)
  load op 9f at 1568: addr 0x908e5f800 idx 0 fmt 1 regoff 0x0 n 9 (table contents not committed)
  load op 64 at 1573: addr 0x504a00518 idx 0 fmt 1 regoff 0x0 n 5 (table contents not committed)
  load op 9f at 1691: addr 0x504a01b70 idx 0 fmt 1 regoff 0x0 n 131 (table contents not committed)
  load op 64 at 1698: addr 0x504a00540 idx 0 fmt 1 regoff 0x0 n 1 (table contents not committed)
  load op 9f at 1730: addr 0xfe0040068 idx 0 fmt 1 regoff 0x0 n 921 (table contents not committed)
  load op 9f at 1737: addr 0x504a01f88 idx 0 fmt 1 regoff 0x0 n 70 (table contents not committed)
  load op 63 at 1742: addr 0x908e5ff90 idx 0 fmt 1 regoff 0x0 n 6 (table contents not committed)
  load op 9f at 1747: addr 0x908e5ffc0 idx 0 fmt 1 regoff 0x0 n 10 (table contents not committed)
  load op 63 at 1752: addr 0x908e5f7d0 idx 0 fmt 1 regoff 0x0 n 6 (table contents not committed)
  load op 9f at 1757: addr 0x908e5f800 idx 0 fmt 1 regoff 0x0 n 9 (table contents not committed)
  load op 64 at 1762: addr 0x504a00548 idx 0 fmt 1 regoff 0x0 n 5 (table contents not committed)
  load op 63 at 1858: addr 0x5049ff518 idx 0 fmt 1 regoff 0x0 n 10 (table contents not committed)
  load op 63 at 2049: addr 0x5049ff568 idx 0 fmt 1 regoff 0x0 n 28 (table contents not committed)
  load op 64 at 2123: addr 0x504a00570 idx 0 fmt 1 regoff 0x0 n 5 (table contents not committed)
  load op 9f at 2130: addr 0x504a021b8 idx 0 fmt 1 regoff 0x0 n 96 (table contents not committed)
  load op 9f at 2135: addr 0x5049fe390 idx 0 fmt 1 regoff 0x0 n 194 (table contents not committed)
submit #75 dcb 2647 dwords at 0x504302500: pass 236 rewrite 68 drop 175 unmapped 50 cc 4 mappings 775 ... OK rc 0 15.94 ms
  load op 9f at 38: addr 0xfe0040068 idx 0 fmt 1 regoff 0x0 n 921 (table contents not committed)
  load op 63 at 43: addr 0xfe0042068 idx 0 fmt 1 regoff 0x0 n 174 (table contents not committed)
  load op 64 at 48: addr 0xfe00425d8 idx 0 fmt 1 regoff 0x0 n 57 (table contents not committed)
  load op 9f at 90: addr 0x506201500 idx 0 fmt 1 regoff 0x0 n 5 (table contents not committed)
  load op 64 at 95: addr 0x506200500 idx 0 fmt 1 regoff 0x0 n 2 (table contents not committed)
  load op 63 at 100: addr 0x5061ff500 idx 0 fmt 1 regoff 0x0 n 3 (table contents not committed)
submit #76 dcb 851 dwords at 0x505e02500: pass 47 rewrite 29 drop 71 unmapped 25 cc 0 mappings 775 ... OK rc 0 23.08 ms
  load op 9f at 35: addr 0xfe0040068 idx 0 fmt 1 regoff 0x0 n 921 (table contents not committed)
  load op 63 at 40: addr 0xfe0042068 idx 0 fmt 1 regoff 0x0 n 174 (table contents not committed)
  load op 64 at 45: addr 0xfe00425d8 idx 0 fmt 1 regoff 0x0 n 57 (table contents not committed)
  load op 9f at 87: addr 0x507401500 idx 0 fmt 1 regoff 0x0 n 136 (table contents not committed)
  load op 64 at 92: addr 0x507400500 idx 0 fmt 1 regoff 0x0 n 3 (table contents not committed)
  load op 63 at 97: addr 0x5073ff500 idx 0 fmt 1 regoff 0x0 n 3 (table contents not committed)
  load op 9f at 212: addr 0xfe0040068 idx 0 fmt 1 regoff 0x0 n 921 (table contents not committed)
  load op 9f at 219: addr 0x507401940 idx 0 fmt 1 regoff 0x0 n 70 (table contents not committed)
  load op 63 at 224: addr 0x908e5ff90 idx 0 fmt 1 regoff 0x0 n 6 (table contents not committed)
  load op 9f at 229: addr 0x908e5ffc0 idx 0 fmt 1 regoff 0x0 n 10 (table contents not committed)
  load op 63 at 234: addr 0x908e5f7d0 idx 0 fmt 1 regoff 0x0 n 6 (table contents not committed)
  load op 9f at 239: addr 0x908e5f800 idx 0 fmt 1 regoff 0x0 n 9 (table contents not committed)
  load op 64 at 244: addr 0x507400518 idx 0 fmt 1 regoff 0x0 n 5 (table contents not committed)
  load op 9f at 340: addr 0x507401b70 idx 0 fmt 1 regoff 0x0 n 131 (table contents not committed)
  load op 64 at 347: addr 0x507400540 idx 0 fmt 1 regoff 0x0 n 1 (table contents not committed)
  load op 9f at 379: addr 0xfe0040068 idx 0 fmt 1 regoff 0x0 n 921 (table contents not committed)
  load op 9f at 386: addr 0x507401f88 idx 0 fmt 1 regoff 0x0 n 70 (table contents not committed)
  load op 63 at 391: addr 0x908e5ff90 idx 0 fmt 1 regoff 0x0 n 6 (table contents not committed)
  load op 9f at 396: addr 0x908e5ffc0 idx 0 fmt 1 regoff 0x0 n 10 (table contents not committed)
  load op 63 at 401: addr 0x908e5f7d0 idx 0 fmt 1 regoff 0x0 n 6 (table contents not committed)
  load op 9f at 406: addr 0x908e5f800 idx 0 fmt 1 regoff 0x0 n 9 (table contents not committed)
  load op 64 at 411: addr 0x507400548 idx 0 fmt 1 regoff 0x0 n 5 (table contents not committed)
  load op 9f at 548: addr 0x5074021b8 idx 0 fmt 1 regoff 0x0 n 98 (table contents not committed)
  load op 64 at 555: addr 0x507400570 idx 0 fmt 1 regoff 0x0 n 1 (table contents not committed)
  load op 9f at 560: addr 0x5073fe500 idx 0 fmt 1 regoff 0x0 n 33 (table contents not committed)
  load op 9f at 592: addr 0xfe0040068 idx 0 fmt 1 regoff 0x0 n 921 (table contents not committed)
  load op 9f at 599: addr 0x5073fe608 idx 0 fmt 1 regoff 0x0 n 70 (table contents not committed)
  load op 63 at 604: addr 0x908e5ff90 idx 0 fmt 1 regoff 0x0 n 6 (table contents not committed)
  load op 9f at 609: addr 0x908e5ffc0 idx 0 fmt 1 regoff 0x0 n 10 (table contents not committed)
  load op 63 at 614: addr 0x908e5f7d0 idx 0 fmt 1 regoff 0x0 n 6 (table contents not committed)
  load op 9f at 619: addr 0x908e5f800 idx 0 fmt 1 regoff 0x0 n 9 (table contents not committed)
  load op 64 at 624: addr 0x507400578 idx 0 fmt 1 regoff 0x0 n 5 (table contents not committed)
submit #77 dcb 798 dwords at 0x506e02500: pass 103 rewrite 18 drop 39 unmapped 10 cc 6 mappings 775 ... OK rc 0 15.96 ms
  load op 9f at 36: addr 0xfe0040068 idx 0 fmt 1 regoff 0x0 n 921 (table contents not committed)
  load op 63 at 41: addr 0xfe0042068 idx 0 fmt 1 regoff 0x0 n 174 (table contents not committed)
  load op 64 at 46: addr 0xfe00425d8 idx 0 fmt 1 regoff 0x0 n 57 (table contents not committed)
  load op 9f at 88: addr 0x505601500 idx 0 fmt 1 regoff 0x0 n 5 (table contents not committed)
  load op 64 at 93: addr 0x505600500 idx 0 fmt 1 regoff 0x0 n 2 (table contents not committed)
  load op 63 at 98: addr 0x5055ff500 idx 0 fmt 1 regoff 0x0 n 3 (table contents not committed)
  load op 9f at 756: addr 0xfe0040068 idx 0 fmt 1 regoff 0x0 n 921 (table contents not committed)
  load op 9f at 763: addr 0x505601528 idx 0 fmt 1 regoff 0x0 n 74 (table contents not committed)
  load op 63 at 768: addr 0x908e5ff90 idx 0 fmt 1 regoff 0x0 n 6 (table contents not committed)
  load op 9f at 773: addr 0x908e5ffc0 idx 0 fmt 1 regoff 0x0 n 10 (table contents not committed)
  load op 64 at 778: addr 0x505600510 idx 0 fmt 1 regoff 0x0 n 5 (table contents not committed)
  load op 9f at 901: addr 0xfe0040068 idx 0 fmt 1 regoff 0x0 n 921 (table contents not committed)
  load op 9f at 908: addr 0x505601778 idx 0 fmt 1 regoff 0x0 n 74 (table contents not committed)
  load op 63 at 913: addr 0x908e5ff90 idx 0 fmt 1 regoff 0x0 n 6 (table contents not committed)
  load op 9f at 918: addr 0x908e5ffc0 idx 0 fmt 1 regoff 0x0 n 10 (table contents not committed)
  load op 64 at 923: addr 0x505600538 idx 0 fmt 1 regoff 0x0 n 5 (table contents not committed)
  load op 9f at 1046: addr 0xfe0040068 idx 0 fmt 1 regoff 0x0 n 921 (table contents not committed)
  load op 9f at 1053: addr 0x5056019c8 idx 0 fmt 1 regoff 0x0 n 74 (table contents not committed)
  load op 63 at 1058: addr 0x908e5ff90 idx 0 fmt 1 regoff 0x0 n 6 (table contents not committed)
  load op 9f at 1063: addr 0x908e5ffc0 idx 0 fmt 1 regoff 0x0 n 10 (table contents not committed)
  load op 64 at 1068: addr 0x505600560 idx 0 fmt 1 regoff 0x0 n 5 (table contents not committed)
submit #78 dcb 1248 dwords at 0x505202500: pass 151 rewrite 25 drop 66 unmapped 14 cc 6 mappings 775 ... OK rc 0 15.49 ms
  load op 9f at 28: addr 0xfe0040068 idx 0 fmt 1 regoff 0x0 n 921 (table contents not committed)
  load op 63 at 33: addr 0xfe0042068 idx 0 fmt 1 regoff 0x0 n 174 (table contents not committed)
  load op 64 at 38: addr 0xfe00425d8 idx 0 fmt 1 regoff 0x0 n 57 (table contents not committed)
  load op 9f at 80: addr 0x503501500 idx 0 fmt 1 regoff 0x0 n 295 (table contents not committed)
  load op 64 at 85: addr 0x503500500 idx 0 fmt 1 regoff 0x0 n 7 (table contents not committed)
  load op 63 at 90: addr 0x5034ff500 idx 0 fmt 1 regoff 0x0 n 13 (table contents not committed)
  load op 63 at 342: addr 0x5034ff568 idx 0 fmt 1 regoff 0x0 n 10 (table contents not committed)
  load op 63 at 734: addr 0x5034ff5b8 idx 0 fmt 1 regoff 0x0 n 18 (table contents not committed)
  load op 63 at 1217: addr 0x5034ff648 idx 0 fmt 1 regoff 0x0 n 10 (table contents not committed)
  load op 63 at 1249: addr 0x5034ff698 idx 0 fmt 1 regoff 0x0 n 10 (table contents not committed)
  load op 63 at 1281: addr 0x5034ff6e8 idx 0 fmt 1 regoff 0x0 n 10 (table contents not committed)
  load op 63 at 1313: addr 0x5034ff738 idx 0 fmt 1 regoff 0x0 n 10 (table contents not committed)
  load op 9f at 1724: addr 0xfe0040068 idx 0 fmt 1 regoff 0x0 n 921 (table contents not committed)
  load op 9f at 1731: addr 0x503501e38 idx 0 fmt 1 regoff 0x0 n 74 (table contents not committed)
  load op 63 at 1736: addr 0x908e5ff90 idx 0 fmt 1 regoff 0x0 n 6 (table contents not committed)
  load op 9f at 1741: addr 0x908e5ffc0 idx 0 fmt 1 regoff 0x0 n 10 (table contents not committed)
  load op 64 at 1746: addr 0x503500538 idx 0 fmt 1 regoff 0x0 n 5 (table contents not committed)
  load op 9f at 1799: addr 0x503502088 idx 0 fmt 1 regoff 0x0 n 132 (table contents not committed)
  load op 63 at 1804: addr 0x5034ff788 idx 0 fmt 1 regoff 0x0 n 30 (table contents not committed)
  load op 64 at 1884: addr 0x503500560 idx 0 fmt 1 regoff 0x0 n 5 (table contents not committed)
  load op 9f at 1891: addr 0x5034fd440 idx 0 fmt 1 regoff 0x0 n 175 (table contents not committed)
  load op 63 at 2106: addr 0x5034ff878 idx 0 fmt 1 regoff 0x0 n 20 (table contents not committed)
  load op 9f at 3069: addr 0xfe0040068 idx 0 fmt 1 regoff 0x0 n 921 (table contents not committed)
  load op 9f at 3076: addr 0x5034fd9b8 idx 0 fmt 1 regoff 0x0 n 70 (table contents not committed)
  load op 63 at 3081: addr 0x908e5ff90 idx 0 fmt 1 regoff 0x0 n 6 (table contents not committed)
  load op 9f at 3086: addr 0x908e5ffc0 idx 0 fmt 1 regoff 0x0 n 10 (table contents not committed)
  load op 63 at 3091: addr 0x908e5f7d0 idx 0 fmt 1 regoff 0x0 n 6 (table contents not committed)
  load op 9f at 3096: addr 0x908e5f800 idx 0 fmt 1 regoff 0x0 n 9 (table contents not committed)
  load op 64 at 3101: addr 0x503500588 idx 0 fmt 1 regoff 0x0 n 5 (table contents not committed)
  load op 9f at 3140: addr 0x5034fdbe8 idx 0 fmt 1 regoff 0x0 n 19 (table contents not committed)
  load op 63 at 3145: addr 0x5034ff918 idx 0 fmt 1 regoff 0x0 n 12 (table contents not committed)
  load op 9f at 3268: addr 0xfe0040068 idx 0 fmt 1 regoff 0x0 n 921 (table contents not committed)
  load op 9f at 3275: addr 0x5034fdc80 idx 0 fmt 1 regoff 0x0 n 74 (table contents not committed)
  load op 63 at 3280: addr 0x908e5ff90 idx 0 fmt 1 regoff 0x0 n 6 (table contents not committed)
  load op 9f at 3285: addr 0x908e5ffc0 idx 0 fmt 1 regoff 0x0 n 10 (table contents not committed)
  load op 64 at 3290: addr 0x5035005b0 idx 0 fmt 1 regoff 0x0 n 5 (table contents not committed)
  load op 9f at 3329: addr 0x5034fded0 idx 0 fmt 1 regoff 0x0 n 166 (table contents not committed)
  load op 63 at 3334: addr 0x5034ff978 idx 0 fmt 1 regoff 0x0 n 30 (table contents not committed)
  load op 64 at 3430: addr 0x5035005d8 idx 0 fmt 1 regoff 0x0 n 5 (table contents not committed)
  load op 9f at 3437: addr 0x5034fc320 idx 0 fmt 1 regoff 0x0 n 135 (table contents not committed)
  load op 63 at 3675: addr 0x5034ffa68 idx 0 fmt 1 regoff 0x0 n 36 (table contents not committed)
  load op 64 at 4540: addr 0x503500600 idx 0 fmt 1 regoff 0x0 n 6 (table contents not committed)
  load op 9f at 4545: addr 0x5034fc758 idx 0 fmt 1 regoff 0x0 n 376 (table contents not committed)
  load op 9f at 4552: addr 0x5034fb118 idx 0 fmt 1 regoff 0x0 n 205 (table contents not committed)
  load op 9f at 4853: addr 0xfe0040068 idx 0 fmt 1 regoff 0x0 n 921 (table contents not committed)
  load op 9f at 4860: addr 0x5034fb780 idx 0 fmt 1 regoff 0x0 n 74 (table contents not committed)
  load op 63 at 4865: addr 0x908e5ff90 idx 0 fmt 1 regoff 0x0 n 6 (table contents not committed)
  load op 9f at 4870: addr 0x908e5ffc0 idx 0 fmt 1 regoff 0x0 n 10 (table contents not committed)
  load op 64 at 4875: addr 0x503500630 idx 0 fmt 1 regoff 0x0 n 5 (table contents not committed)
  load op 63 at 4914: addr 0x5034ffb88 idx 0 fmt 1 regoff 0x0 n 21 (table contents not committed)
  load op 9f at 4925: addr 0x5034fb9d0 idx 0 fmt 1 regoff 0x0 n 223 (table contents not committed)
  load op 63 at 5714: addr 0x5034ffc30 idx 0 fmt 1 regoff 0x0 n 10 (table contents not committed)
  load op 63 at 5831: addr 0x5034ffc80 idx 0 fmt 1 regoff 0x0 n 28 (table contents not committed)
  load op 64 at 5910: addr 0x503500658 idx 0 fmt 1 regoff 0x0 n 5 (table contents not committed)
  load op 9f at 5917: addr 0x5034f9e30 idx 0 fmt 1 regoff 0x0 n 67 (table contents not committed)
  load op 9f at 6045: addr 0x5034fa048 idx 0 fmt 1 regoff 0x0 n 121 (table contents not committed)
  load op 63 at 6050: addr 0x5034ffd60 idx 0 fmt 1 regoff 0x0 n 18 (table contents not committed)
  load op 64 at 6055: addr 0x503500680 idx 0 fmt 1 regoff 0x0 n 3 (table contents not committed)
  load op 9f at 6204: addr 0x5034fa410 idx 0 fmt 1 regoff 0x0 n 121 (table contents not committed)
  load op 63 at 6209: addr 0x5034ffdf0 idx 0 fmt 1 regoff 0x0 n 18 (table contents not committed)
  load op 64 at 6214: addr 0x503500698 idx 0 fmt 1 regoff 0x0 n 3 (table contents not committed)
  load op 63 at 6578: addr 0x5034ffe80 idx 0 fmt 1 regoff 0x0 n 10 (table contents not committed)
  load op 9f at 7058: addr 0x5034fa7d8 idx 0 fmt 1 regoff 0x0 n 195 (table contents not committed)
  load op 9f at 7063: addr 0x5034f8d80 idx 0 fmt 1 regoff 0x0 n 85 (table contents not committed)
  load op 63 at 7068: addr 0x5034ffed0 idx 0 fmt 1 regoff 0x0 n 18 (table contents not committed)
  load op 64 at 7073: addr 0x5035006b0 idx 0 fmt 1 regoff 0x0 n 3 (table contents not committed)
  load op 9f at 7186: addr 0x5034f9028 idx 0 fmt 1 regoff 0x0 n 129 (table contents not committed)
  load op 63 at 7191: addr 0x5034fff60 idx 0 fmt 1 regoff 0x0 n 18 (table contents not committed)
  load op 64 at 7196: addr 0x5035006c8 idx 0 fmt 1 regoff 0x0 n 3 (table contents not committed)
  load op 9f at 7309: addr 0x5034f9430 idx 0 fmt 1 regoff 0x0 n 129 (table contents not committed)
  load op 63 at 7314: addr 0x5034ffff0 idx 0 fmt 1 regoff 0x0 n 18 (table contents not committed)
  load op 64 at 7319: addr 0x5035006e0 idx 0 fmt 1 regoff 0x0 n 3 (table contents not committed)
  load op 9f at 7432: addr 0x5034f9838 idx 0 fmt 1 regoff 0x0 n 58 (table contents not committed)
  load op 9f at 7537: addr 0x5034f9a08 idx 0 fmt 1 regoff 0x0 n 66 (table contents not committed)
  load op 9f at 7642: addr 0x5034f9c18 idx 0 fmt 1 regoff 0x0 n 37 (table contents not committed)
  load op 9f at 7647: addr 0x5034f7300 idx 0 fmt 1 regoff 0x0 n 21 (table contents not committed)
  load op 9f at 7752: addr 0x5034f73a8 idx 0 fmt 1 regoff 0x0 n 66 (table contents not committed)
  load op 9f at 7857: addr 0x5034f75b8 idx 0 fmt 1 regoff 0x0 n 58 (table contents not committed)
  load op 9f at 7962: addr 0x5034f7788 idx 0 fmt 1 regoff 0x0 n 130 (table contents not committed)
  load op 63 at 7967: addr 0x503500080 idx 0 fmt 1 regoff 0x0 n 18 (table contents not committed)
  load op 64 at 7972: addr 0x5035006f8 idx 0 fmt 1 regoff 0x0 n 3 (table contents not committed)
  load op 9f at 8099: addr 0x5034f7b98 idx 0 fmt 1 regoff 0x0 n 135 (table contents not committed)
  load op 63 at 8104: addr 0x503500110 idx 0 fmt 1 regoff 0x0 n 18 (table contents not committed)
  load op 64 at 8109: addr 0x503500710 idx 0 fmt 1 regoff 0x0 n 3 (table contents not committed)
  load op 63 at 8687: addr 0x5035001a0 idx 0 fmt 1 regoff 0x0 n 28 (table contents not committed)
  load op 64 at 9264: addr 0x503500728 idx 0 fmt 1 regoff 0x0 n 5 (table contents not committed)
  load op 9f at 9269: addr 0x5034f7fd0 idx 0 fmt 1 regoff 0x0 n 97 (table contents not committed)
  load op 9f at 9276: addr 0x5034f5868 idx 0 fmt 1 regoff 0x0 n 183 (table contents not committed)
submit #79 dcb 9774 dwords at 0x502e02500: pass 649 rewrite 259 drop 668 unmapped 228 cc 8 mappings 775 ... OK rc 0 24.18 ms
map 0x335388000 +0x10000 ... ok
map 0x100d380000 +0x50000 ... ok
vmas 110 total 13075.0 MiB resident 3086.4 MiB mapped 3086.4 MiB
submit #80 cc 3 dwords at 0x313b17cf4: pass 0 rewrite 1 drop 0 unmapped 0 cc 1 mappings 777 ... OK rc 0 17.86 ms
map 0x335398000 +0x70000 ... ok
vmas 110 total 13075.0 MiB resident 3086.8 MiB mapped 3086.9 MiB
  load op 61 at 10: base 0xfe0008000 pairs (0x0,215) (0xd8,272) (0x1f5,4) (0x1ff,158) (0x2a0,2) (0x2a3,1) (0x2a5,66) (0x2f5,203)
  load op 5f at 29: base 0xfe0010000 pairs (0x1,1) (0x6,38) (0x32,4) (0x80,4) (0x87,37) (0xb2,4) (0xc8,2) (0x100,4) (0x107,37) (0x132,4) (0x148,2) (0x204,3) (0x20c,2) (0x212,2) (0x215,6) (0x224,5) (0x22a,1) (0x240,16) (0x27d,1) (0x280,1) (0x207,3)
  load op 5e at 74: base 0xfe0011000 pairs (0x35,8) (0xa2,1) (0x242,1) (0x248,1) (0x24a,2) (0x25b,6) (0x262,1) (0x2bb,5) (0x2c4,16) (0x2e4,8) (0x380,2) (0x383,2) (0x41d,3) (0x24d,1)
  load op 61 at 105: base 0xfe0008000 pairs (0x0,0)
  load op 5f at 110: base 0xfe0010000 pairs (0x0,0)
  load op 5e at 115: base 0xfe0011000 pairs (0x0,0)
  load op 61 at 125: base 0xfe0008000 pairs (0x0,0)
  load op 5f at 130: base 0xfe0010000 pairs (0x0,0)
  load op 5e at 135: base 0xfe0011000 pairs (0x0,0)
submit #81 hib 150 dwords at 0xfe0000000: pass 12 rewrite 2 drop 2 unmapped 0 cc 2 mappings 778 ... OK rc 0 15.41 ms
submit #82 hib 2 dwords at 0xfe003a200: pass 1 rewrite 0 drop 0 unmapped 0 cc 0 mappings 778 ... OK rc 0 15.87 ms
  load op 9f at 38: addr 0xfe0040068 idx 0 fmt 1 regoff 0x0 n 921 (table contents not committed)
  load op 63 at 43: addr 0xfe0042068 idx 0 fmt 1 regoff 0x0 n 174 (table contents not committed)
  load op 64 at 48: addr 0xfe00425d8 idx 0 fmt 1 regoff 0x0 n 49 (table contents not committed)
submit #83 dcb 96 dwords at 0xfe0042920: pass 20 rewrite 0 drop 4 unmapped 1 cc 0 mappings 778 ... OK rc 0 15.60 ms
map 0x335408000 +0x50000 ... ok
map 0x100d3d0000 +0x100000 ... ok
map 0x10ca3a0000 +0x40000 ... ok
map 0x111a2c0000 +0x170000 ... ok
vmas 110 total 13075.0 MiB resident 3089.8 MiB mapped 3089.9 MiB
  load op 9f at 36: addr 0xfe0040068 idx 0 fmt 1 regoff 0x0 n 921 (table contents not committed)
  load op 63 at 41: addr 0xfe0042068 idx 0 fmt 1 regoff 0x0 n 174 (table contents not committed)
  load op 64 at 46: addr 0xfe00425d8 idx 0 fmt 1 regoff 0x0 n 57 (table contents not committed)
  load op 9f at 88: addr 0x503c01500 idx 0 fmt 1 regoff 0x0 n 136 (table contents not committed)
  load op 64 at 93: addr 0x503c00500 idx 0 fmt 1 regoff 0x0 n 3 (table contents not committed)
  load op 63 at 98: addr 0x503bff500 idx 0 fmt 1 regoff 0x0 n 3 (table contents not committed)
  load op 9f at 1541: addr 0xfe0040068 idx 0 fmt 1 regoff 0x0 n 921 (table contents not committed)
  load op 9f at 1548: addr 0x503c01940 idx 0 fmt 1 regoff 0x0 n 70 (table contents not committed)
  load op 63 at 1553: addr 0x908e5ff90 idx 0 fmt 1 regoff 0x0 n 6 (table contents not committed)
  load op 9f at 1558: addr 0x908e5ffc0 idx 0 fmt 1 regoff 0x0 n 10 (table contents not committed)
  load op 63 at 1563: addr 0x908e5f7d0 idx 0 fmt 1 regoff 0x0 n 6 (table contents not committed)
  load op 9f at 1568: addr 0x908e5f800 idx 0 fmt 1 regoff 0x0 n 9 (table contents not committed)
  load op 64 at 1573: addr 0x503c00518 idx 0 fmt 1 regoff 0x0 n 5 (table contents not committed)
  load op 9f at 1691: addr 0x503c01b70 idx 0 fmt 1 regoff 0x0 n 131 (table contents not committed)
  load op 64 at 1698: addr 0x503c00540 idx 0 fmt 1 regoff 0x0 n 1 (table contents not committed)
  load op 9f at 1730: addr 0xfe0040068 idx 0 fmt 1 regoff 0x0 n 921 (table contents not committed)
  load op 9f at 1737: addr 0x503c01f88 idx 0 fmt 1 regoff 0x0 n 70 (table contents not committed)
  load op 63 at 1742: addr 0x908e5ff90 idx 0 fmt 1 regoff 0x0 n 6 (table contents not committed)
  load op 9f at 1747: addr 0x908e5ffc0 idx 0 fmt 1 regoff 0x0 n 10 (table contents not committed)
  load op 63 at 1752: addr 0x908e5f7d0 idx 0 fmt 1 regoff 0x0 n 6 (table contents not committed)
  load op 9f at 1757: addr 0x908e5f800 idx 0 fmt 1 regoff 0x0 n 9 (table contents not committed)
  load op 64 at 1762: addr 0x503c00548 idx 0 fmt 1 regoff 0x0 n 5 (table contents not committed)
  load op 63 at 1858: addr 0x503bff518 idx 0 fmt 1 regoff 0x0 n 10 (table contents not committed)
  load op 63 at 2049: addr 0x503bff568 idx 0 fmt 1 regoff 0x0 n 28 (table contents not committed)
  load op 64 at 2123: addr 0x503c00570 idx 0 fmt 1 regoff 0x0 n 5 (table contents not committed)
  load op 9f at 2130: addr 0x503c021b8 idx 0 fmt 1 regoff 0x0 n 96 (table contents not committed)
  load op 9f at 2135: addr 0x503bfe390 idx 0 fmt 1 regoff 0x0 n 194 (table contents not committed)
submit #84 dcb 2647 dwords at 0x503502500: pass 236 rewrite 68 drop 175 unmapped 50 cc 4 mappings 782 ... OK rc 0 15.81 ms
map 0x301b10000 +0x50000 ... ok
map 0x302230000 +0x10000 ... ok
map 0x335458000 +0x140000 ... ok
map 0x335598000 +0x10000 ... ok
map 0x3355a8000 +0x110000 ... ok
map 0x4036e0000 +0x320000 ... ok
map 0x500980000 +0x10000 ... ok
map 0x100d4d0000 +0xf60000 ... ok
map 0x10ca3e0000 +0x20000 ... ok
map 0x111a430000 +0xb40000 ... ok
map 0x111af70000 +0x800000 ... ok
vmas 110 total 13075.0 MiB resident 3130.2 MiB mapped 3130.5 MiB
  load op 9f at 38: addr 0xfe0040068 idx 0 fmt 1 regoff 0x0 n 921 (table contents not committed)
  load op 63 at 43: addr 0xfe0042068 idx 0 fmt 1 regoff 0x0 n 174 (table contents not committed)
  load op 64 at 48: addr 0xfe00425d8 idx 0 fmt 1 regoff 0x0 n 57 (table contents not committed)
  load op 9f at 90: addr 0x505a01500 idx 0 fmt 1 regoff 0x0 n 5 (table contents not committed)
  load op 64 at 95: addr 0x505a00500 idx 0 fmt 1 regoff 0x0 n 2 (table contents not committed)
  load op 63 at 100: addr 0x5059ff500 idx 0 fmt 1 regoff 0x0 n 3 (table contents not committed)
submit #85 dcb 851 dwords at 0x505602500: pass 47 rewrite 29 drop 71 unmapped 25 cc 0 mappings 793 ... OK rc 0 15.62 ms
  load op 9f at 35: addr 0xfe0040068 idx 0 fmt 1 regoff 0x0 n 921 (table contents not committed)
  load op 63 at 40: addr 0xfe0042068 idx 0 fmt 1 regoff 0x0 n 174 (table contents not committed)
  load op 64 at 45: addr 0xfe00425d8 idx 0 fmt 1 regoff 0x0 n 57 (table contents not committed)
  load op 9f at 87: addr 0x506801500 idx 0 fmt 1 regoff 0x0 n 136 (table contents not committed)
  load op 64 at 92: addr 0x506800500 idx 0 fmt 1 regoff 0x0 n 3 (table contents not committed)
  load op 63 at 97: addr 0x5067ff500 idx 0 fmt 1 regoff 0x0 n 3 (table contents not committed)
  load op 9f at 212: addr 0xfe0040068 idx 0 fmt 1 regoff 0x0 n 921 (table contents not committed)
  load op 9f at 219: addr 0x506801940 idx 0 fmt 1 regoff 0x0 n 70 (table contents not committed)
  load op 63 at 224: addr 0x908e5ff90 idx 0 fmt 1 regoff 0x0 n 6 (table contents not committed)
  load op 9f at 229: addr 0x908e5ffc0 idx 0 fmt 1 regoff 0x0 n 10 (table contents not committed)
  load op 63 at 234: addr 0x908e5f7d0 idx 0 fmt 1 regoff 0x0 n 6 (table contents not committed)
  load op 9f at 239: addr 0x908e5f800 idx 0 fmt 1 regoff 0x0 n 9 (table contents not committed)
  load op 64 at 244: addr 0x506800518 idx 0 fmt 1 regoff 0x0 n 5 (table contents not committed)
  load op 9f at 340: addr 0x506801b70 idx 0 fmt 1 regoff 0x0 n 131 (table contents not committed)
  load op 64 at 347: addr 0x506800540 idx 0 fmt 1 regoff 0x0 n 1 (table contents not committed)
  load op 9f at 379: addr 0xfe0040068 idx 0 fmt 1 regoff 0x0 n 921 (table contents not committed)
  load op 9f at 386: addr 0x506801f88 idx 0 fmt 1 regoff 0x0 n 70 (table contents not committed)
  load op 63 at 391: addr 0x908e5ff90 idx 0 fmt 1 regoff 0x0 n 6 (table contents not committed)
  load op 9f at 396: addr 0x908e5ffc0 idx 0 fmt 1 regoff 0x0 n 10 (table contents not committed)
  load op 63 at 401: addr 0x908e5f7d0 idx 0 fmt 1 regoff 0x0 n 6 (table contents not committed)
  load op 9f at 406: addr 0x908e5f800 idx 0 fmt 1 regoff 0x0 n 9 (table contents not committed)
  load op 64 at 411: addr 0x506800548 idx 0 fmt 1 regoff 0x0 n 5 (table contents not committed)
  load op 9f at 548: addr 0x5068021b8 idx 0 fmt 1 regoff 0x0 n 98 (table contents not committed)
  load op 64 at 555: addr 0x506800570 idx 0 fmt 1 regoff 0x0 n 1 (table contents not committed)
  load op 9f at 560: addr 0x5067fe500 idx 0 fmt 1 regoff 0x0 n 33 (table contents not committed)
  load op 9f at 592: addr 0xfe0040068 idx 0 fmt 1 regoff 0x0 n 921 (table contents not committed)
  load op 9f at 599: addr 0x5067fe608 idx 0 fmt 1 regoff 0x0 n 70 (table contents not committed)
  load op 63 at 604: addr 0x908e5ff90 idx 0 fmt 1 regoff 0x0 n 6 (table contents not committed)
  load op 9f at 609: addr 0x908e5ffc0 idx 0 fmt 1 regoff 0x0 n 10 (table contents not committed)
  load op 63 at 614: addr 0x908e5f7d0 idx 0 fmt 1 regoff 0x0 n 6 (table contents not committed)
  load op 9f at 619: addr 0x908e5f800 idx 0 fmt 1 regoff 0x0 n 9 (table contents not committed)
  load op 64 at 624: addr 0x506800578 idx 0 fmt 1 regoff 0x0 n 5 (table contents not committed)
submit #86 dcb 798 dwords at 0x506202500: pass 103 rewrite 18 drop 39 unmapped 10 cc 6 mappings 793 ... OK rc 0 16.08 ms
  load op 9f at 36: addr 0xfe0040068 idx 0 fmt 1 regoff 0x0 n 921 (table contents not committed)
  load op 63 at 41: addr 0xfe0042068 idx 0 fmt 1 regoff 0x0 n 174 (table contents not committed)
  load op 64 at 46: addr 0xfe00425d8 idx 0 fmt 1 regoff 0x0 n 57 (table contents not committed)
  load op 9f at 88: addr 0x504e01500 idx 0 fmt 1 regoff 0x0 n 5 (table contents not committed)
  load op 64 at 93: addr 0x504e00500 idx 0 fmt 1 regoff 0x0 n 2 (table contents not committed)
  load op 63 at 98: addr 0x504dff500 idx 0 fmt 1 regoff 0x0 n 3 (table contents not committed)
  load op 9f at 756: addr 0xfe0040068 idx 0 fmt 1 regoff 0x0 n 921 (table contents not committed)
  load op 9f at 763: addr 0x504e01528 idx 0 fmt 1 regoff 0x0 n 74 (table contents not committed)
  load op 63 at 768: addr 0x908e5ff90 idx 0 fmt 1 regoff 0x0 n 6 (table contents not committed)
  load op 9f at 773: addr 0x908e5ffc0 idx 0 fmt 1 regoff 0x0 n 10 (table contents not committed)
  load op 64 at 778: addr 0x504e00510 idx 0 fmt 1 regoff 0x0 n 5 (table contents not committed)
  load op 9f at 901: addr 0xfe0040068 idx 0 fmt 1 regoff 0x0 n 921 (table contents not committed)
  load op 9f at 908: addr 0x504e01778 idx 0 fmt 1 regoff 0x0 n 74 (table contents not committed)
  load op 63 at 913: addr 0x908e5ff90 idx 0 fmt 1 regoff 0x0 n 6 (table contents not committed)
  load op 9f at 918: addr 0x908e5ffc0 idx 0 fmt 1 regoff 0x0 n 10 (table contents not committed)
  load op 64 at 923: addr 0x504e00538 idx 0 fmt 1 regoff 0x0 n 5 (table contents not committed)
  load op 9f at 1046: addr 0xfe0040068 idx 0 fmt 1 regoff 0x0 n 921 (table contents not committed)
  load op 9f at 1053: addr 0x504e019c8 idx 0 fmt 1 regoff 0x0 n 74 (table contents not committed)
  load op 63 at 1058: addr 0x908e5ff90 idx 0 fmt 1 regoff 0x0 n 6 (table contents not committed)
  load op 9f at 1063: addr 0x908e5ffc0 idx 0 fmt 1 regoff 0x0 n 10 (table contents not committed)
  load op 64 at 1068: addr 0x504e00560 idx 0 fmt 1 regoff 0x0 n 5 (table contents not committed)
submit #87 dcb 1248 dwords at 0x504a02500: pass 151 rewrite 25 drop 66 unmapped 14 cc 6 mappings 793 ... OK rc 0 16.20 ms
  load op 9f at 28: addr 0xfe0040068 idx 0 fmt 1 regoff 0x0 n 921 (table contents not committed)
  load op 63 at 33: addr 0xfe0042068 idx 0 fmt 1 regoff 0x0 n 174 (table contents not committed)
  load op 64 at 38: addr 0xfe00425d8 idx 0 fmt 1 regoff 0x0 n 57 (table contents not committed)
  load op 9f at 80: addr 0x502701500 idx 0 fmt 1 regoff 0x0 n 295 (table contents not committed)
  load op 64 at 85: addr 0x502700500 idx 0 fmt 1 regoff 0x0 n 7 (table contents not committed)
  load op 63 at 90: addr 0x5026ff500 idx 0 fmt 1 regoff 0x0 n 13 (table contents not committed)
  load op 63 at 342: addr 0x5026ff568 idx 0 fmt 1 regoff 0x0 n 10 (table contents not committed)
  load op 63 at 734: addr 0x5026ff5b8 idx 0 fmt 1 regoff 0x0 n 18 (table contents not committed)
  load op 63 at 1217: addr 0x5026ff648 idx 0 fmt 1 regoff 0x0 n 10 (table contents not committed)
  load op 63 at 1249: addr 0x5026ff698 idx 0 fmt 1 regoff 0x0 n 10 (table contents not committed)
  load op 63 at 1281: addr 0x5026ff6e8 idx 0 fmt 1 regoff 0x0 n 10 (table contents not committed)
  load op 63 at 1313: addr 0x5026ff738 idx 0 fmt 1 regoff 0x0 n 10 (table contents not committed)
  load op 9f at 1724: addr 0xfe0040068 idx 0 fmt 1 regoff 0x0 n 921 (table contents not committed)
  load op 9f at 1731: addr 0x502701e38 idx 0 fmt 1 regoff 0x0 n 74 (table contents not committed)
  load op 63 at 1736: addr 0x908e5ff90 idx 0 fmt 1 regoff 0x0 n 6 (table contents not committed)
  load op 9f at 1741: addr 0x908e5ffc0 idx 0 fmt 1 regoff 0x0 n 10 (table contents not committed)
  load op 64 at 1746: addr 0x502700538 idx 0 fmt 1 regoff 0x0 n 5 (table contents not committed)
  load op 9f at 1799: addr 0x502702088 idx 0 fmt 1 regoff 0x0 n 132 (table contents not committed)
  load op 63 at 1804: addr 0x5026ff788 idx 0 fmt 1 regoff 0x0 n 30 (table contents not committed)
  load op 64 at 1884: addr 0x502700560 idx 0 fmt 1 regoff 0x0 n 5 (table contents not committed)
  load op 9f at 1891: addr 0x5026fd440 idx 0 fmt 1 regoff 0x0 n 175 (table contents not committed)
  load op 63 at 2106: addr 0x5026ff878 idx 0 fmt 1 regoff 0x0 n 20 (table contents not committed)
  load op 9f at 3069: addr 0xfe0040068 idx 0 fmt 1 regoff 0x0 n 921 (table contents not committed)
  load op 9f at 3076: addr 0x5026fd9b8 idx 0 fmt 1 regoff 0x0 n 70 (table contents not committed)
  load op 63 at 3081: addr 0x908e5ff90 idx 0 fmt 1 regoff 0x0 n 6 (table contents not committed)
  load op 9f at 3086: addr 0x908e5ffc0 idx 0 fmt 1 regoff 0x0 n 10 (table contents not committed)
  load op 63 at 3091: addr 0x908e5f7d0 idx 0 fmt 1 regoff 0x0 n 6 (table contents not committed)
  load op 9f at 3096: addr 0x908e5f800 idx 0 fmt 1 regoff 0x0 n 9 (table contents not committed)
  load op 64 at 3101: addr 0x502700588 idx 0 fmt 1 regoff 0x0 n 5 (table contents not committed)
  load op 9f at 3140: addr 0x5026fdbe8 idx 0 fmt 1 regoff 0x0 n 19 (table contents not committed)
  load op 63 at 3145: addr 0x5026ff918 idx 0 fmt 1 regoff 0x0 n 12 (table contents not committed)
  load op 9f at 3268: addr 0xfe0040068 idx 0 fmt 1 regoff 0x0 n 921 (table contents not committed)
  load op 9f at 3275: addr 0x5026fdc80 idx 0 fmt 1 regoff 0x0 n 74 (table contents not committed)
  load op 63 at 3280: addr 0x908e5ff90 idx 0 fmt 1 regoff 0x0 n 6 (table contents not committed)
  load op 9f at 3285: addr 0x908e5ffc0 idx 0 fmt 1 regoff 0x0 n 10 (table contents not committed)
  load op 64 at 3290: addr 0x5027005b0 idx 0 fmt 1 regoff 0x0 n 5 (table contents not committed)
  load op 9f at 3329: addr 0x5026fded0 idx 0 fmt 1 regoff 0x0 n 166 (table contents not committed)
  load op 63 at 3334: addr 0x5026ff978 idx 0 fmt 1 regoff 0x0 n 30 (table contents not committed)
  load op 64 at 3430: addr 0x5027005d8 idx 0 fmt 1 regoff 0x0 n 5 (table contents not committed)
  load op 9f at 3437: addr 0x5026fc320 idx 0 fmt 1 regoff 0x0 n 135 (table contents not committed)
  load op 63 at 3675: addr 0x5026ffa68 idx 0 fmt 1 regoff 0x0 n 36 (table contents not committed)
  load op 64 at 4540: addr 0x502700600 idx 0 fmt 1 regoff 0x0 n 6 (table contents not committed)
  load op 9f at 4545: addr 0x5026fc758 idx 0 fmt 1 regoff 0x0 n 376 (table contents not committed)
  load op 9f at 4552: addr 0x5026fb118 idx 0 fmt 1 regoff 0x0 n 205 (table contents not committed)
  load op 9f at 4853: addr 0xfe0040068 idx 0 fmt 1 regoff 0x0 n 921 (table contents not committed)
  load op 9f at 4860: addr 0x5026fb780 idx 0 fmt 1 regoff 0x0 n 74 (table contents not committed)
  load op 63 at 4865: addr 0x908e5ff90 idx 0 fmt 1 regoff 0x0 n 6 (table contents not committed)
  load op 9f at 4870: addr 0x908e5ffc0 idx 0 fmt 1 regoff 0x0 n 10 (table contents not committed)
  load op 64 at 4875: addr 0x502700630 idx 0 fmt 1 regoff 0x0 n 5 (table contents not committed)
  load op 63 at 4914: addr 0x5026ffb88 idx 0 fmt 1 regoff 0x0 n 21 (table contents not committed)
  load op 9f at 4925: addr 0x5026fb9d0 idx 0 fmt 1 regoff 0x0 n 223 (table contents not committed)
  load op 63 at 5714: addr 0x5026ffc30 idx 0 fmt 1 regoff 0x0 n 10 (table contents not committed)
  load op 63 at 5831: addr 0x5026ffc80 idx 0 fmt 1 regoff 0x0 n 28 (table contents not committed)
  load op 64 at 5910: addr 0x502700658 idx 0 fmt 1 regoff 0x0 n 5 (table contents not committed)
  load op 9f at 5917: addr 0x5026f9e30 idx 0 fmt 1 regoff 0x0 n 67 (table contents not committed)
  load op 9f at 6045: addr 0x5026fa048 idx 0 fmt 1 regoff 0x0 n 121 (table contents not committed)
  load op 63 at 6050: addr 0x5026ffd60 idx 0 fmt 1 regoff 0x0 n 18 (table contents not committed)
  load op 64 at 6055: addr 0x502700680 idx 0 fmt 1 regoff 0x0 n 3 (table contents not committed)
  load op 9f at 6204: addr 0x5026fa410 idx 0 fmt 1 regoff 0x0 n 121 (table contents not committed)
  load op 63 at 6209: addr 0x5026ffdf0 idx 0 fmt 1 regoff 0x0 n 18 (table contents not committed)
  load op 64 at 6214: addr 0x502700698 idx 0 fmt 1 regoff 0x0 n 3 (table contents not committed)
  load op 63 at 6578: addr 0x5026ffe80 idx 0 fmt 1 regoff 0x0 n 10 (table contents not committed)
  load op 9f at 7058: addr 0x5026fa7d8 idx 0 fmt 1 regoff 0x0 n 195 (table contents not committed)
  load op 9f at 7063: addr 0x5026f8d80 idx 0 fmt 1 regoff 0x0 n 85 (table contents not committed)
  load op 63 at 7068: addr 0x5026ffed0 idx 0 fmt 1 regoff 0x0 n 18 (table contents not committed)
  load op 64 at 7073: addr 0x5027006b0 idx 0 fmt 1 regoff 0x0 n 3 (table contents not committed)
  load op 9f at 7186: addr 0x5026f9028 idx 0 fmt 1 regoff 0x0 n 129 (table contents not committed)
  load op 63 at 7191: addr 0x5026fff60 idx 0 fmt 1 regoff 0x0 n 18 (table contents not committed)
  load op 64 at 7196: addr 0x5027006c8 idx 0 fmt 1 regoff 0x0 n 3 (table contents not committed)
  load op 9f at 7309: addr 0x5026f9430 idx 0 fmt 1 regoff 0x0 n 129 (table contents not committed)
  load op 63 at 7314: addr 0x5026ffff0 idx 0 fmt 1 regoff 0x0 n 18 (table contents not committed)
  load op 64 at 7319: addr 0x5027006e0 idx 0 fmt 1 regoff 0x0 n 3 (table contents not committed)
  load op 9f at 7432: addr 0x5026f9838 idx 0 fmt 1 regoff 0x0 n 58 (table contents not committed)
  load op 9f at 7537: addr 0x5026f9a08 idx 0 fmt 1 regoff 0x0 n 66 (table contents not committed)
  load op 9f at 7642: addr 0x5026f9c18 idx 0 fmt 1 regoff 0x0 n 37 (table contents not committed)
  load op 9f at 7647: addr 0x5026f7300 idx 0 fmt 1 regoff 0x0 n 21 (table contents not committed)
  load op 9f at 7752: addr 0x5026f73a8 idx 0 fmt 1 regoff 0x0 n 66 (table contents not committed)
  load op 9f at 7857: addr 0x5026f75b8 idx 0 fmt 1 regoff 0x0 n 58 (table contents not committed)
  load op 9f at 7962: addr 0x5026f7788 idx 0 fmt 1 regoff 0x0 n 130 (table contents not committed)
  load op 63 at 7967: addr 0x502700080 idx 0 fmt 1 regoff 0x0 n 18 (table contents not committed)
  load op 64 at 7972: addr 0x5027006f8 idx 0 fmt 1 regoff 0x0 n 3 (table contents not committed)
  load op 9f at 8099: addr 0x5026f7b98 idx 0 fmt 1 regoff 0x0 n 135 (table contents not committed)
  load op 63 at 8104: addr 0x502700110 idx 0 fmt 1 regoff 0x0 n 18 (table contents not committed)
  load op 64 at 8109: addr 0x502700710 idx 0 fmt 1 regoff 0x0 n 3 (table contents not committed)
  load op 63 at 8687: addr 0x5027001a0 idx 0 fmt 1 regoff 0x0 n 28 (table contents not committed)
  load op 64 at 9264: addr 0x502700728 idx 0 fmt 1 regoff 0x0 n 5 (table contents not committed)
  load op 9f at 9269: addr 0x5026f7fd0 idx 0 fmt 1 regoff 0x0 n 97 (table contents not committed)
  load op 9f at 9276: addr 0x5026f5868 idx 0 fmt 1 regoff 0x0 n 183 (table contents not committed)
submit #88 dcb 9774 dwords at 0x502002500: pass 649 rewrite 259 drop 668 unmapped 228 cc 8 mappings 793 ... OK rc 0 16.82 ms
map 0x304200000 +0x10000 ... ok
vmas 110 total 13075.0 MiB resident 3130.6 MiB mapped 3130.6 MiB
submit #89 cc 3 dwords at 0x313b17cf4: pass 0 rewrite 1 drop 0 unmapped 0 cc 1 mappings 794 ... OK rc 0 16.36 ms
  load op 61 at 10: base 0xfe0008000 pairs (0x0,215) (0xd8,272) (0x1f5,4) (0x1ff,158) (0x2a0,2) (0x2a3,1) (0x2a5,66) (0x2f5,203)
  load op 5f at 29: base 0xfe0010000 pairs (0x1,1) (0x6,38) (0x32,4) (0x80,4) (0x87,37) (0xb2,4) (0xc8,2) (0x100,4) (0x107,37) (0x132,4) (0x148,2) (0x204,3) (0x20c,2) (0x212,2) (0x215,6) (0x224,5) (0x22a,1) (0x240,16) (0x27d,1) (0x280,1) (0x207,3)
  load op 5e at 74: base 0xfe0011000 pairs (0x35,8) (0xa2,1) (0x242,1) (0x248,1) (0x24a,2) (0x25b,6) (0x262,1) (0x2bb,5) (0x2c4,16) (0x2e4,8) (0x380,2) (0x383,2) (0x41d,3) (0x24d,1)
  load op 61 at 105: base 0xfe0008000 pairs (0x0,0)
  load op 5f at 110: base 0xfe0010000 pairs (0x0,0)
  load op 5e at 115: base 0xfe0011000 pairs (0x0,0)
  load op 61 at 125: base 0xfe0008000 pairs (0x0,0)
  load op 5f at 130: base 0xfe0010000 pairs (0x0,0)
  load op 5e at 135: base 0xfe0011000 pairs (0x0,0)
submit #90 hib 150 dwords at 0xfe0000000: pass 12 rewrite 2 drop 2 unmapped 0 cc 2 mappings 794 ... OK rc 0 15.83 ms
submit #91 hib 2 dwords at 0xfe003a200: pass 1 rewrite 0 drop 0 unmapped 0 cc 0 mappings 794 ... OK rc 0 15.54 ms
  load op 9f at 38: addr 0xfe0040068 idx 0 fmt 1 regoff 0x0 n 921 (table contents not committed)
  load op 63 at 43: addr 0xfe0042068 idx 0 fmt 1 regoff 0x0 n 174 (table contents not committed)
  load op 64 at 48: addr 0xfe00425d8 idx 0 fmt 1 regoff 0x0 n 49 (table contents not committed)
submit #92 dcb 96 dwords at 0xfe0042920: pass 20 rewrite 0 drop 4 unmapped 1 cc 0 mappings 794 ... OK rc 0 15.64 ms
  load op 9f at 36: addr 0xfe0040068 idx 0 fmt 1 regoff 0x0 n 921 (table contents not committed)
  load op 63 at 41: addr 0xfe0042068 idx 0 fmt 1 regoff 0x0 n 174 (table contents not committed)
  load op 64 at 46: addr 0xfe00425d8 idx 0 fmt 1 regoff 0x0 n 57 (table contents not committed)
  load op 9f at 88: addr 0x504301500 idx 0 fmt 1 regoff 0x0 n 136 (table contents not committed)
  load op 64 at 93: addr 0x504300500 idx 0 fmt 1 regoff 0x0 n 3 (table contents not committed)
  load op 63 at 98: addr 0x5042ff500 idx 0 fmt 1 regoff 0x0 n 3 (table contents not committed)
  load op 9f at 1541: addr 0xfe0040068 idx 0 fmt 1 regoff 0x0 n 921 (table contents not committed)
  load op 9f at 1548: addr 0x504301940 idx 0 fmt 1 regoff 0x0 n 70 (table contents not committed)
  load op 63 at 1553: addr 0x908e5ff90 idx 0 fmt 1 regoff 0x0 n 6 (table contents not committed)
  load op 9f at 1558: addr 0x908e5ffc0 idx 0 fmt 1 regoff 0x0 n 10 (table contents not committed)
  load op 63 at 1563: addr 0x908e5f7d0 idx 0 fmt 1 regoff 0x0 n 6 (table contents not committed)
  load op 9f at 1568: addr 0x908e5f800 idx 0 fmt 1 regoff 0x0 n 9 (table contents not committed)
  load op 64 at 1573: addr 0x504300518 idx 0 fmt 1 regoff 0x0 n 5 (table contents not committed)
  load op 9f at 1691: addr 0x504301b70 idx 0 fmt 1 regoff 0x0 n 131 (table contents not committed)
  load op 64 at 1698: addr 0x504300540 idx 0 fmt 1 regoff 0x0 n 1 (table contents not committed)
  load op 9f at 1730: addr 0xfe0040068 idx 0 fmt 1 regoff 0x0 n 921 (table contents not committed)
  load op 9f at 1737: addr 0x504301f88 idx 0 fmt 1 regoff 0x0 n 70 (table contents not committed)
  load op 63 at 1742: addr 0x908e5ff90 idx 0 fmt 1 regoff 0x0 n 6 (table contents not committed)
  load op 9f at 1747: addr 0x908e5ffc0 idx 0 fmt 1 regoff 0x0 n 10 (table contents not committed)
  load op 63 at 1752: addr 0x908e5f7d0 idx 0 fmt 1 regoff 0x0 n 6 (table contents not committed)
  load op 9f at 1757: addr 0x908e5f800 idx 0 fmt 1 regoff 0x0 n 9 (table contents not committed)
  load op 64 at 1762: addr 0x504300548 idx 0 fmt 1 regoff 0x0 n 5 (table contents not committed)
  load op 63 at 1858: addr 0x5042ff518 idx 0 fmt 1 regoff 0x0 n 10 (table contents not committed)
  load op 63 at 2049: addr 0x5042ff568 idx 0 fmt 1 regoff 0x0 n 28 (table contents not committed)
  load op 64 at 2123: addr 0x504300570 idx 0 fmt 1 regoff 0x0 n 5 (table contents not committed)
  load op 9f at 2130: addr 0x5043021b8 idx 0 fmt 1 regoff 0x0 n 96 (table contents not committed)
  load op 9f at 2135: addr 0x5042fe390 idx 0 fmt 1 regoff 0x0 n 194 (table contents not committed)
submit #93 dcb 2647 dwords at 0x503c02500: pass 236 rewrite 68 drop 175 unmapped 50 cc 4 mappings 794 ... OK rc 0 15.97 ms
  load op 9f at 38: addr 0xfe0040068 idx 0 fmt 1 regoff 0x0 n 921 (table contents not committed)
  load op 63 at 43: addr 0xfe0042068 idx 0 fmt 1 regoff 0x0 n 174 (table contents not committed)
  load op 64 at 48: addr 0xfe00425d8 idx 0 fmt 1 regoff 0x0 n 57 (table contents not committed)
  load op 9f at 90: addr 0x505e01500 idx 0 fmt 1 regoff 0x0 n 5 (table contents not committed)
  load op 64 at 95: addr 0x505e00500 idx 0 fmt 1 regoff 0x0 n 2 (table contents not committed)
  load op 63 at 100: addr 0x505dff500 idx 0 fmt 1 regoff 0x0 n 3 (table contents not committed)
submit #94 dcb 851 dwords at 0x505a02500: pass 47 rewrite 29 drop 71 unmapped 25 cc 0 mappings 794 ... OK rc 0 15.83 ms
  load op 9f at 35: addr 0xfe0040068 idx 0 fmt 1 regoff 0x0 n 921 (table contents not committed)
  load op 63 at 40: addr 0xfe0042068 idx 0 fmt 1 regoff 0x0 n 174 (table contents not committed)
  load op 64 at 45: addr 0xfe00425d8 idx 0 fmt 1 regoff 0x0 n 57 (table contents not committed)
  load op 9f at 87: addr 0x506e01500 idx 0 fmt 1 regoff 0x0 n 136 (table contents not committed)
  load op 64 at 92: addr 0x506e00500 idx 0 fmt 1 regoff 0x0 n 3 (table contents not committed)
  load op 63 at 97: addr 0x506dff500 idx 0 fmt 1 regoff 0x0 n 3 (table contents not committed)
  load op 9f at 212: addr 0xfe0040068 idx 0 fmt 1 regoff 0x0 n 921 (table contents not committed)
  load op 9f at 219: addr 0x506e01940 idx 0 fmt 1 regoff 0x0 n 70 (table contents not committed)
  load op 63 at 224: addr 0x908e5ff90 idx 0 fmt 1 regoff 0x0 n 6 (table contents not committed)
  load op 9f at 229: addr 0x908e5ffc0 idx 0 fmt 1 regoff 0x0 n 10 (table contents not committed)
  load op 63 at 234: addr 0x908e5f7d0 idx 0 fmt 1 regoff 0x0 n 6 (table contents not committed)
  load op 9f at 239: addr 0x908e5f800 idx 0 fmt 1 regoff 0x0 n 9 (table contents not committed)
  load op 64 at 244: addr 0x506e00518 idx 0 fmt 1 regoff 0x0 n 5 (table contents not committed)
  load op 9f at 340: addr 0x506e01b70 idx 0 fmt 1 regoff 0x0 n 131 (table contents not committed)
  load op 64 at 347: addr 0x506e00540 idx 0 fmt 1 regoff 0x0 n 1 (table contents not committed)
  load op 9f at 379: addr 0xfe0040068 idx 0 fmt 1 regoff 0x0 n 921 (table contents not committed)
  load op 9f at 386: addr 0x506e01f88 idx 0 fmt 1 regoff 0x0 n 70 (table contents not committed)
  load op 63 at 391: addr 0x908e5ff90 idx 0 fmt 1 regoff 0x0 n 6 (table contents not committed)
  load op 9f at 396: addr 0x908e5ffc0 idx 0 fmt 1 regoff 0x0 n 10 (table contents not committed)
  load op 63 at 401: addr 0x908e5f7d0 idx 0 fmt 1 regoff 0x0 n 6 (table contents not committed)
  load op 9f at 406: addr 0x908e5f800 idx 0 fmt 1 regoff 0x0 n 9 (table contents not committed)
  load op 64 at 411: addr 0x506e00548 idx 0 fmt 1 regoff 0x0 n 5 (table contents not committed)
  load op 9f at 548: addr 0x506e021b8 idx 0 fmt 1 regoff 0x0 n 98 (table contents not committed)
  load op 64 at 555: addr 0x506e00570 idx 0 fmt 1 regoff 0x0 n 1 (table contents not committed)
  load op 9f at 560: addr 0x506dfe500 idx 0 fmt 1 regoff 0x0 n 33 (table contents not committed)
  load op 9f at 592: addr 0xfe0040068 idx 0 fmt 1 regoff 0x0 n 921 (table contents not committed)
  load op 9f at 599: addr 0x506dfe608 idx 0 fmt 1 regoff 0x0 n 70 (table contents not committed)
  load op 63 at 604: addr 0x908e5ff90 idx 0 fmt 1 regoff 0x0 n 6 (table contents not committed)
  load op 9f at 609: addr 0x908e5ffc0 idx 0 fmt 1 regoff 0x0 n 10 (table contents not committed)
  load op 63 at 614: addr 0x908e5f7d0 idx 0 fmt 1 regoff 0x0 n 6 (table contents not committed)
  load op 9f at 619: addr 0x908e5f800 idx 0 fmt 1 regoff 0x0 n 9 (table contents not committed)
  load op 64 at 624: addr 0x506e00578 idx 0 fmt 1 regoff 0x0 n 5 (table contents not committed)
submit #95 dcb 798 dwords at 0x506802500: pass 103 rewrite 18 drop 39 unmapped 10 cc 6 mappings 794 ... OK rc 0 15.95 ms
  load op 9f at 36: addr 0xfe0040068 idx 0 fmt 1 regoff 0x0 n 921 (table contents not committed)
  load op 63 at 41: addr 0xfe0042068 idx 0 fmt 1 regoff 0x0 n 174 (table contents not committed)
  load op 64 at 46: addr 0xfe00425d8 idx 0 fmt 1 regoff 0x0 n 57 (table contents not committed)
  load op 9f at 88: addr 0x505201500 idx 0 fmt 1 regoff 0x0 n 5 (table contents not committed)
  load op 64 at 93: addr 0x505200500 idx 0 fmt 1 regoff 0x0 n 2 (table contents not committed)
  load op 63 at 98: addr 0x5051ff500 idx 0 fmt 1 regoff 0x0 n 3 (table contents not committed)
  load op 9f at 756: addr 0xfe0040068 idx 0 fmt 1 regoff 0x0 n 921 (table contents not committed)
  load op 9f at 763: addr 0x505201528 idx 0 fmt 1 regoff 0x0 n 74 (table contents not committed)
  load op 63 at 768: addr 0x908e5ff90 idx 0 fmt 1 regoff 0x0 n 6 (table contents not committed)
  load op 9f at 773: addr 0x908e5ffc0 idx 0 fmt 1 regoff 0x0 n 10 (table contents not committed)
  load op 64 at 778: addr 0x505200510 idx 0 fmt 1 regoff 0x0 n 5 (table contents not committed)
  load op 9f at 901: addr 0xfe0040068 idx 0 fmt 1 regoff 0x0 n 921 (table contents not committed)
  load op 9f at 908: addr 0x505201778 idx 0 fmt 1 regoff 0x0 n 74 (table contents not committed)
  load op 63 at 913: addr 0x908e5ff90 idx 0 fmt 1 regoff 0x0 n 6 (table contents not committed)
  load op 9f at 918: addr 0x908e5ffc0 idx 0 fmt 1 regoff 0x0 n 10 (table contents not committed)
  load op 64 at 923: addr 0x505200538 idx 0 fmt 1 regoff 0x0 n 5 (table contents not committed)
  load op 9f at 1046: addr 0xfe0040068 idx 0 fmt 1 regoff 0x0 n 921 (table contents not committed)
  load op 9f at 1053: addr 0x5052019c8 idx 0 fmt 1 regoff 0x0 n 74 (table contents not committed)
  load op 63 at 1058: addr 0x908e5ff90 idx 0 fmt 1 regoff 0x0 n 6 (table contents not committed)
  load op 9f at 1063: addr 0x908e5ffc0 idx 0 fmt 1 regoff 0x0 n 10 (table contents not committed)
  load op 64 at 1068: addr 0x505200560 idx 0 fmt 1 regoff 0x0 n 5 (table contents not committed)
submit #96 dcb 1248 dwords at 0x504e02500: pass 151 rewrite 25 drop 66 unmapped 14 cc 6 mappings 794 ... OK rc 0 15.73 ms
  load op 9f at 28: addr 0xfe0040068 idx 0 fmt 1 regoff 0x0 n 921 (table contents not committed)
  load op 63 at 33: addr 0xfe0042068 idx 0 fmt 1 regoff 0x0 n 174 (table contents not committed)
  load op 64 at 38: addr 0xfe00425d8 idx 0 fmt 1 regoff 0x0 n 57 (table contents not committed)
  load op 9f at 80: addr 0x502e01500 idx 0 fmt 1 regoff 0x0 n 295 (table contents not committed)
  load op 64 at 85: addr 0x502e00500 idx 0 fmt 1 regoff 0x0 n 7 (table contents not committed)
  load op 63 at 90: addr 0x502dff500 idx 0 fmt 1 regoff 0x0 n 13 (table contents not committed)
  load op 63 at 342: addr 0x502dff568 idx 0 fmt 1 regoff 0x0 n 10 (table contents not committed)
  load op 63 at 734: addr 0x502dff5b8 idx 0 fmt 1 regoff 0x0 n 18 (table contents not committed)
  load op 63 at 1217: addr 0x502dff648 idx 0 fmt 1 regoff 0x0 n 10 (table contents not committed)
  load op 63 at 1249: addr 0x502dff698 idx 0 fmt 1 regoff 0x0 n 10 (table contents not committed)
  load op 63 at 1281: addr 0x502dff6e8 idx 0 fmt 1 regoff 0x0 n 10 (table contents not committed)
  load op 63 at 1313: addr 0x502dff738 idx 0 fmt 1 regoff 0x0 n 10 (table contents not committed)
  load op 9f at 1724: addr 0xfe0040068 idx 0 fmt 1 regoff 0x0 n 921 (table contents not committed)
  load op 9f at 1731: addr 0x502e01e38 idx 0 fmt 1 regoff 0x0 n 74 (table contents not committed)
  load op 63 at 1736: addr 0x908e5ff90 idx 0 fmt 1 regoff 0x0 n 6 (table contents not committed)
  load op 9f at 1741: addr 0x908e5ffc0 idx 0 fmt 1 regoff 0x0 n 10 (table contents not committed)
  load op 64 at 1746: addr 0x502e00538 idx 0 fmt 1 regoff 0x0 n 5 (table contents not committed)
  load op 9f at 1799: addr 0x502e02088 idx 0 fmt 1 regoff 0x0 n 132 (table contents not committed)
  load op 63 at 1804: addr 0x502dff788 idx 0 fmt 1 regoff 0x0 n 30 (table contents not committed)
  load op 64 at 1884: addr 0x502e00560 idx 0 fmt 1 regoff 0x0 n 5 (table contents not committed)
  load op 9f at 1891: addr 0x502dfd440 idx 0 fmt 1 regoff 0x0 n 175 (table contents not committed)
  load op 63 at 2106: addr 0x502dff878 idx 0 fmt 1 regoff 0x0 n 20 (table contents not committed)
  load op 9f at 3069: addr 0xfe0040068 idx 0 fmt 1 regoff 0x0 n 921 (table contents not committed)
  load op 9f at 3076: addr 0x502dfd9b8 idx 0 fmt 1 regoff 0x0 n 70 (table contents not committed)
  load op 63 at 3081: addr 0x908e5ff90 idx 0 fmt 1 regoff 0x0 n 6 (table contents not committed)
  load op 9f at 3086: addr 0x908e5ffc0 idx 0 fmt 1 regoff 0x0 n 10 (table contents not committed)
  load op 63 at 3091: addr 0x908e5f7d0 idx 0 fmt 1 regoff 0x0 n 6 (table contents not committed)
  load op 9f at 3096: addr 0x908e5f800 idx 0 fmt 1 regoff 0x0 n 9 (table contents not committed)
  load op 64 at 3101: addr 0x502e00588 idx 0 fmt 1 regoff 0x0 n 5 (table contents not committed)
  load op 9f at 3140: addr 0x502dfdbe8 idx 0 fmt 1 regoff 0x0 n 19 (table contents not committed)
  load op 63 at 3145: addr 0x502dff918 idx 0 fmt 1 regoff 0x0 n 12 (table contents not committed)
  load op 9f at 3268: addr 0xfe0040068 idx 0 fmt 1 regoff 0x0 n 921 (table contents not committed)
  load op 9f at 3275: addr 0x502dfdc80 idx 0 fmt 1 regoff 0x0 n 74 (table contents not committed)
  load op 63 at 3280: addr 0x908e5ff90 idx 0 fmt 1 regoff 0x0 n 6 (table contents not committed)
  load op 9f at 3285: addr 0x908e5ffc0 idx 0 fmt 1 regoff 0x0 n 10 (table contents not committed)
  load op 64 at 3290: addr 0x502e005b0 idx 0 fmt 1 regoff 0x0 n 5 (table contents not committed)
  load op 9f at 3329: addr 0x502dfded0 idx 0 fmt 1 regoff 0x0 n 166 (table contents not committed)
  load op 63 at 3334: addr 0x502dff978 idx 0 fmt 1 regoff 0x0 n 30 (table contents not committed)
  load op 64 at 3430: addr 0x502e005d8 idx 0 fmt 1 regoff 0x0 n 5 (table contents not committed)
  load op 9f at 3437: addr 0x502dfc320 idx 0 fmt 1 regoff 0x0 n 135 (table contents not committed)
  load op 63 at 3675: addr 0x502dffa68 idx 0 fmt 1 regoff 0x0 n 36 (table contents not committed)
  load op 64 at 4540: addr 0x502e00600 idx 0 fmt 1 regoff 0x0 n 6 (table contents not committed)
  load op 9f at 4545: addr 0x502dfc758 idx 0 fmt 1 regoff 0x0 n 376 (table contents not committed)
  load op 9f at 4552: addr 0x502dfb118 idx 0 fmt 1 regoff 0x0 n 205 (table contents not committed)
  load op 9f at 4853: addr 0xfe0040068 idx 0 fmt 1 regoff 0x0 n 921 (table contents not committed)
  load op 9f at 4860: addr 0x502dfb780 idx 0 fmt 1 regoff 0x0 n 74 (table contents not committed)
  load op 63 at 4865: addr 0x908e5ff90 idx 0 fmt 1 regoff 0x0 n 6 (table contents not committed)
  load op 9f at 4870: addr 0x908e5ffc0 idx 0 fmt 1 regoff 0x0 n 10 (table contents not committed)
  load op 64 at 4875: addr 0x502e00630 idx 0 fmt 1 regoff 0x0 n 5 (table contents not committed)
  load op 63 at 4914: addr 0x502dffb88 idx 0 fmt 1 regoff 0x0 n 21 (table contents not committed)
  load op 9f at 4925: addr 0x502dfb9d0 idx 0 fmt 1 regoff 0x0 n 223 (table contents not committed)
  load op 63 at 5714: addr 0x502dffc30 idx 0 fmt 1 regoff 0x0 n 10 (table contents not committed)
  load op 63 at 5831: addr 0x502dffc80 idx 0 fmt 1 regoff 0x0 n 28 (table contents not committed)
  load op 64 at 5910: addr 0x502e00658 idx 0 fmt 1 regoff 0x0 n 5 (table contents not committed)
  load op 9f at 5917: addr 0x502df9e30 idx 0 fmt 1 regoff 0x0 n 67 (table contents not committed)
  load op 9f at 6045: addr 0x502dfa048 idx 0 fmt 1 regoff 0x0 n 121 (table contents not committed)
  load op 63 at 6050: addr 0x502dffd60 idx 0 fmt 1 regoff 0x0 n 18 (table contents not committed)
  load op 64 at 6055: addr 0x502e00680 idx 0 fmt 1 regoff 0x0 n 3 (table contents not committed)
  load op 9f at 6204: addr 0x502dfa410 idx 0 fmt 1 regoff 0x0 n 121 (table contents not committed)
  load op 63 at 6209: addr 0x502dffdf0 idx 0 fmt 1 regoff 0x0 n 18 (table contents not committed)
  load op 64 at 6214: addr 0x502e00698 idx 0 fmt 1 regoff 0x0 n 3 (table contents not committed)
  load op 63 at 6578: addr 0x502dffe80 idx 0 fmt 1 regoff 0x0 n 10 (table contents not committed)
  load op 9f at 7058: addr 0x502dfa7d8 idx 0 fmt 1 regoff 0x0 n 195 (table contents not committed)
  load op 9f at 7063: addr 0x502df8d80 idx 0 fmt 1 regoff 0x0 n 85 (table contents not committed)
  load op 63 at 7068: addr 0x502dffed0 idx 0 fmt 1 regoff 0x0 n 18 (table contents not committed)
  load op 64 at 7073: addr 0x502e006b0 idx 0 fmt 1 regoff 0x0 n 3 (table contents not committed)
  load op 9f at 7186: addr 0x502df9028 idx 0 fmt 1 regoff 0x0 n 129 (table contents not committed)
  load op 63 at 7191: addr 0x502dfff60 idx 0 fmt 1 regoff 0x0 n 18 (table contents not committed)
  load op 64 at 7196: addr 0x502e006c8 idx 0 fmt 1 regoff 0x0 n 3 (table contents not committed)
  load op 9f at 7309: addr 0x502df9430 idx 0 fmt 1 regoff 0x0 n 129 (table contents not committed)
  load op 63 at 7314: addr 0x502dffff0 idx 0 fmt 1 regoff 0x0 n 18 (table contents not committed)
  load op 64 at 7319: addr 0x502e006e0 idx 0 fmt 1 regoff 0x0 n 3 (table contents not committed)
  load op 9f at 7432: addr 0x502df9838 idx 0 fmt 1 regoff 0x0 n 58 (table contents not committed)
  load op 9f at 7537: addr 0x502df9a08 idx 0 fmt 1 regoff 0x0 n 66 (table contents not committed)
  load op 9f at 7642: addr 0x502df9c18 idx 0 fmt 1 regoff 0x0 n 37 (table contents not committed)
  load op 9f at 7647: addr 0x502df7300 idx 0 fmt 1 regoff 0x0 n 21 (table contents not committed)
  load op 9f at 7752: addr 0x502df73a8 idx 0 fmt 1 regoff 0x0 n 66 (table contents not committed)
  load op 9f at 7857: addr 0x502df75b8 idx 0 fmt 1 regoff 0x0 n 58 (table contents not committed)
  load op 9f at 7962: addr 0x502df7788 idx 0 fmt 1 regoff 0x0 n 130 (table contents not committed)
  load op 63 at 7967: addr 0x502e00080 idx 0 fmt 1 regoff 0x0 n 18 (table contents not committed)
  load op 64 at 7972: addr 0x502e006f8 idx 0 fmt 1 regoff 0x0 n 3 (table contents not committed)
  load op 9f at 8099: addr 0x502df7b98 idx 0 fmt 1 regoff 0x0 n 135 (table contents not committed)
  load op 63 at 8104: addr 0x502e00110 idx 0 fmt 1 regoff 0x0 n 18 (table contents not committed)
  load op 64 at 8109: addr 0x502e00710 idx 0 fmt 1 regoff 0x0 n 3 (table contents not committed)
  load op 63 at 8687: addr 0x502e001a0 idx 0 fmt 1 regoff 0x0 n 28 (table contents not committed)
  load op 64 at 9264: addr 0x502e00728 idx 0 fmt 1 regoff 0x0 n 5 (table contents not committed)
  load op 9f at 9269: addr 0x502df7fd0 idx 0 fmt 1 regoff 0x0 n 97 (table contents not committed)
  load op 9f at 9276: addr 0x502df5868 idx 0 fmt 1 regoff 0x0 n 183 (table contents not committed)
submit #97 dcb 9774 dwords at 0x502702500: pass 649 rewrite 259 drop 668 unmapped 228 cc 8 mappings 794 ... OK rc 0 16.67 ms
map 0x100e430000 +0x70000 ... ok
vmas 110 total 13075.0 MiB resident 3131.0 MiB mapped 3131.0 MiB
submit #98 cc 3 dwords at 0x313b17cf4: pass 0 rewrite 1 drop 0 unmapped 0 cc 1 mappings 795 ... OK rc 0 15.62 ms
map 0x3356b8000 +0x20000 ... ok
vmas 110 total 13075.0 MiB resident 3131.1 MiB mapped 3131.2 MiB
  load op 61 at 10: base 0xfe0008000 pairs (0x0,215) (0xd8,272) (0x1f5,4) (0x1ff,158) (0x2a0,2) (0x2a3,1) (0x2a5,66) (0x2f5,203)
  load op 5f at 29: base 0xfe0010000 pairs (0x1,1) (0x6,38) (0x32,4) (0x80,4) (0x87,37) (0xb2,4) (0xc8,2) (0x100,4) (0x107,37) (0x132,4) (0x148,2) (0x204,3) (0x20c,2) (0x212,2) (0x215,6) (0x224,5) (0x22a,1) (0x240,16) (0x27d,1) (0x280,1) (0x207,3)
  load op 5e at 74: base 0xfe0011000 pairs (0x35,8) (0xa2,1) (0x242,1) (0x248,1) (0x24a,2) (0x25b,6) (0x262,1) (0x2bb,5) (0x2c4,16) (0x2e4,8) (0x380,2) (0x383,2) (0x41d,3) (0x24d,1)
  load op 61 at 105: base 0xfe0008000 pairs (0x0,0)
  load op 5f at 110: base 0xfe0010000 pairs (0x0,0)
  load op 5e at 115: base 0xfe0011000 pairs (0x0,0)
  load op 61 at 125: base 0xfe0008000 pairs (0x0,0)
  load op 5f at 130: base 0xfe0010000 pairs (0x0,0)
  load op 5e at 135: base 0xfe0011000 pairs (0x0,0)
submit #99 hib 150 dwords at 0xfe0000000: pass 12 rewrite 2 drop 2 unmapped 0 cc 2 mappings 796 ... OK rc 0 15.99 ms
submit #100 hib 2 dwords at 0xfe003a200: pass 1 rewrite 0 drop 0 unmapped 0 cc 0 mappings 796 ... OK rc 0 16.77 ms
  load op 9f at 38: addr 0xfe0040068 idx 0 fmt 1 regoff 0x0 n 921 (table contents not committed)
  load op 63 at 43: addr 0xfe0042068 idx 0 fmt 1 regoff 0x0 n 174 (table contents not committed)
  load op 64 at 48: addr 0xfe00425d8 idx 0 fmt 1 regoff 0x0 n 49 (table contents not committed)
submit #101 dcb 96 dwords at 0xfe0042920: pass 20 rewrite 0 drop 4 unmapped 1 cc 0 mappings 796 ... OK rc 0 22.48 ms
map 0x3356d8000 +0x10000 ... ok
map 0x3356e8000 +0x10000 ... ok
map 0x100e4a0000 +0x30000 ... ok
map 0x10ca400000 +0x40000 ... ok
map 0x111b770000 +0xa60000 ... ok
vmas 110 total 13075.0 MiB resident 3142.0 MiB mapped 3142.1 MiB
hint CB0 0x53b6a0000: window 0x5396a0000+0x4000000, mapped +0.0 MiB
hint CB0 0x570e67000: window 0x56ee60000+0x4000000, mapped +1.7 MiB
  load op 9f at 36: addr 0xfe0040068 idx 0 fmt 1 regoff 0x0 n 921 (table contents not committed)
  load op 63 at 41: addr 0xfe0042068 idx 0 fmt 1 regoff 0x0 n 174 (table contents not committed)
  load op 64 at 46: addr 0xfe00425d8 idx 0 fmt 1 regoff 0x0 n 57 (table contents not committed)
  load op 9f at 88: addr 0x504a01500 idx 0 fmt 1 regoff 0x0 n 136 (table contents not committed)
  load op 64 at 93: addr 0x504a00500 idx 0 fmt 1 regoff 0x0 n 3 (table contents not committed)
  load op 63 at 98: addr 0x5049ff500 idx 0 fmt 1 regoff 0x0 n 3 (table contents not committed)
  load op 9f at 1460: addr 0xfe0040068 idx 0 fmt 1 regoff 0x0 n 921 (table contents not committed)
  load op 9f at 1467: addr 0x504a01940 idx 0 fmt 1 regoff 0x0 n 70 (table contents not committed)
  load op 63 at 1472: addr 0x908e5ff90 idx 0 fmt 1 regoff 0x0 n 6 (table contents not committed)
  load op 9f at 1477: addr 0x908e5ffc0 idx 0 fmt 1 regoff 0x0 n 10 (table contents not committed)
  load op 63 at 1482: addr 0x908e5f7d0 idx 0 fmt 1 regoff 0x0 n 6 (table contents not committed)
  load op 9f at 1487: addr 0x908e5f800 idx 0 fmt 1 regoff 0x0 n 9 (table contents not committed)
  load op 64 at 1492: addr 0x504a00518 idx 0 fmt 1 regoff 0x0 n 5 (table contents not committed)
  load op 9f at 1861: addr 0x504a01b70 idx 0 fmt 1 regoff 0x0 n 131 (table contents not committed)
  load op 64 at 1868: addr 0x504a00540 idx 0 fmt 1 regoff 0x0 n 1 (table contents not committed)
  load op 9f at 1900: addr 0xfe0040068 idx 0 fmt 1 regoff 0x0 n 921 (table contents not committed)
  load op 9f at 1907: addr 0x504a01f88 idx 0 fmt 1 regoff 0x0 n 70 (table contents not committed)
  load op 63 at 1912: addr 0x908e5ff90 idx 0 fmt 1 regoff 0x0 n 6 (table contents not committed)
  load op 9f at 1917: addr 0x908e5ffc0 idx 0 fmt 1 regoff 0x0 n 10 (table contents not committed)
  load op 63 at 1922: addr 0x908e5f7d0 idx 0 fmt 1 regoff 0x0 n 6 (table contents not committed)
  load op 9f at 1927: addr 0x908e5f800 idx 0 fmt 1 regoff 0x0 n 9 (table contents not committed)
  load op 64 at 1932: addr 0x504a00548 idx 0 fmt 1 regoff 0x0 n 5 (table contents not committed)
  load op 9f at 2050: addr 0x504a021b8 idx 0 fmt 1 regoff 0x0 n 98 (table contents not committed)
  load op 64 at 2057: addr 0x504a00570 idx 0 fmt 1 regoff 0x0 n 1 (table contents not committed)
  load op 9f at 2062: addr 0x5049fe500 idx 0 fmt 1 regoff 0x0 n 33 (table contents not committed)
  load op 9f at 2094: addr 0xfe0040068 idx 0 fmt 1 regoff 0x0 n 921 (table contents not committed)
  load op 9f at 2101: addr 0x5049fe608 idx 0 fmt 1 regoff 0x0 n 70 (table contents not committed)
  load op 63 at 2106: addr 0x908e5ff90 idx 0 fmt 1 regoff 0x0 n 6 (table contents not committed)
  load op 9f at 2111: addr 0x908e5ffc0 idx 0 fmt 1 regoff 0x0 n 10 (table contents not committed)
  load op 63 at 2116: addr 0x908e5f7d0 idx 0 fmt 1 regoff 0x0 n 6 (table contents not committed)
  load op 9f at 2121: addr 0x908e5f800 idx 0 fmt 1 regoff 0x0 n 9 (table contents not committed)
  load op 64 at 2126: addr 0x504a00578 idx 0 fmt 1 regoff 0x0 n 5 (table contents not committed)
  load op 63 at 2222: addr 0x5049ff518 idx 0 fmt 1 regoff 0x0 n 10 (table contents not committed)
  load op 63 at 2413: addr 0x5049ff568 idx 0 fmt 1 regoff 0x0 n 28 (table contents not committed)
  load op 64 at 2487: addr 0x504a005a0 idx 0 fmt 1 regoff 0x0 n 5 (table contents not committed)
  load op 9f at 2494: addr 0x5049fe838 idx 0 fmt 1 regoff 0x0 n 290 (table contents not committed)
submit #102 dcb 3006 dwords at 0x504302500: pass 293 rewrite 73 drop 185 unmapped 52 cc 6 mappings 802 ... OK rc 0 15.96 ms
map 0x302c00000 +0x10000 ... ok
map 0x3356f8000 +0x1d0000 ... ok
map 0x3358c8000 +0x10000 ... ok
map 0x403a00000 +0x10000 ... ok
map 0x100e4d0000 +0x230000 ... ok
map 0x10ca440000 +0x80000 ... ok
map 0x111c1d0000 +0x4880000 ... ok
vmas 110 total 13075.0 MiB resident 3220.8 MiB mapped 3221.0 MiB
  load op 9f at 38: addr 0xfe0040068 idx 0 fmt 1 regoff 0x0 n 921 (table contents not committed)
  load op 63 at 43: addr 0xfe0042068 idx 0 fmt 1 regoff 0x0 n 174 (table contents not committed)
  load op 64 at 48: addr 0xfe00425d8 idx 0 fmt 1 regoff 0x0 n 57 (table contents not committed)
  load op 9f at 90: addr 0x506201500 idx 0 fmt 1 regoff 0x0 n 5 (table contents not committed)
  load op 64 at 95: addr 0x506200500 idx 0 fmt 1 regoff 0x0 n 2 (table contents not committed)
  load op 63 at 100: addr 0x5061ff500 idx 0 fmt 1 regoff 0x0 n 3 (table contents not committed)
submit #103 dcb 851 dwords at 0x505e02500: pass 47 rewrite 29 drop 71 unmapped 25 cc 0 mappings 809 ... OK rc 0 16.02 ms
hint CB0 0x570e08000: window 0x56ee00000+0x4000000, mapped +0.0 MiB
hint CB0 0x570e11000: window 0x56ee10000+0x4000000, mapped +0.0 MiB
hint CB0 0x570e3e000: window 0x56ee30000+0x4000000, mapped +0.0 MiB
  load op 9f at 35: addr 0xfe0040068 idx 0 fmt 1 regoff 0x0 n 921 (table contents not committed)
  load op 63 at 40: addr 0xfe0042068 idx 0 fmt 1 regoff 0x0 n 174 (table contents not committed)
  load op 64 at 45: addr 0xfe00425d8 idx 0 fmt 1 regoff 0x0 n 57 (table contents not committed)