direct: enabled, stage all, cu mask 0xffffffff, bo list with mappings
map 0x200000000 +0x10000 ... ok
map 0x200010000 +0x8000 ... ok
map 0x200018000 +0x10000 ... ok
map 0x200028000 +0x10000 ... ok
map 0x200038000 +0x10000 ... ok
map 0x300000000 +0x934000 ... ok
map 0x300938000 +0x10000 ... ok
map 0x300948000 +0x20000 ... ok
map 0x300a58000 +0x14000 ... ok
map 0x300a70000 +0x14000 ... ok
map 0x300c78000 +0x14000 ... ok
map 0x300e80000 +0x14000 ... ok
map 0x301088000 +0x14000 ... ok
map 0x301290000 +0x14000 ... ok
map 0x301498000 +0x14000 ... ok
map 0x3016a0000 +0x14000 ... ok
map 0x3018a8000 +0x14000 ... ok
map 0x301ab0000 +0x20000 ... ok
map 0x301de0000 +0x10000 ... ok
map 0x301df0000 +0x440000 ... ok
map 0x3022b0000 +0x800000 ... ok
map 0x303530000 +0x10000 ... ok
map 0x303930000 +0x50000 ... ok
map 0x303b70000 +0x20000 ... ok
map 0x303ba0000 +0x10000 ... ok
map 0x303bc0000 +0x10000 ... ok
map 0x303dc0000 +0x40000 ... ok
map 0x3041f0000 +0x10000 ... ok
map 0x3045f0000 +0x20000 ... ok
map 0x304a00000 +0x10000 ... ok
map 0x304e00000 +0x20000 ... ok
map 0x305210000 +0x10000 ... ok
map 0x305610000 +0x20000 ... ok
map 0x305a20000 +0x10000 ... ok
map 0x305e20000 +0x20000 ... ok
map 0x306230000 +0x20000 ... ok
map 0x306640000 +0x10000 ... ok
map 0x306a40000 +0x20000 ... ok
map 0x306e50000 +0x10000 ... ok
map 0x307250000 +0x20000 ... ok
map 0x307660000 +0x10000 ... ok
map 0x307a60000 +0x9f0000 ... ok
map 0x308840000 +0x20000 ... ok
map 0x308870000 +0x10000 ... ok
map 0x308880000 +0x10000 ... ok
map 0x308890000 +0x10000 ... ok
map 0x3088a0000 +0x10000 ... ok
map 0x308b20000 +0x450000 ... ok
map 0x30cb60000 +0xc0000 ... ok
map 0x30cd50000 +0x10000 ... ok
map 0x37dff0000 +0x10000 ... ok
map 0x400000000 +0x10000 ... ok
map 0x400200000 +0x10000 ... ok
map 0x400280000 +0x10000 ... ok
map 0x4002a0000 +0x10000 ... ok
map 0x400320000 +0x10000 ... ok
map 0x400340000 +0x10000 ... ok
map 0x4003c0000 +0x10000 ... ok
map 0x4003e0000 +0x10000 ... ok
map 0x400460000 +0x10000 ... ok
map 0x400480000 +0x10000 ... ok
map 0x400500000 +0x10000 ... ok
map 0x400520000 +0x10000 ... ok
map 0x4005a0000 +0x10000 ... ok
map 0x4005c0000 +0x10000 ... ok
map 0x400640000 +0x10000 ... ok
map 0x400660000 +0x10000 ... ok
map 0x4006e0000 +0x10000 ... ok
map 0x400700000 +0x10000 ... ok
map 0x400780000 +0x10000 ... ok
map 0x4007a0000 +0x13a0000 ... ok
map 0x40b7f0000 +0x10000 ... ok
map 0x500000000 +0x530000 ... ok
map 0x502000000 +0x10000 ... ok
map 0x507400000 +0x10000 ... ok
map 0x551a50000 +0x10000 ... ok
map 0x553b80000 +0x10000 ... ok
map 0x553be0000 +0x10000 ... ok
map 0x553c00000 +0x10000 ... ok
map 0x553c20000 +0x10000 ... ok
map 0x553c40000 +0x2b20000 ... ok
map 0x556760000 +0x10000 ... ok
map 0x7efbf4000 +0x200000 ... ok
map 0x900000000 +0x74c0000 ... ok
map 0x9074c0000 +0x1420000 ... ok
map 0x9088e0000 +0x580000 ... ok
map 0x908e60000 +0x5fd0000 ... ok
map 0x90eea0000 +0x20000 ... ok
map 0x90eec0000 +0x10000 ... ok
map 0x90f270000 +0x10000 ... ok
map 0x90f280000 +0x20000 ... ok
map 0x90f2a0000 +0xe0000 ... ok
map 0x90f380000 +0x168000 ... ok
map 0x90f4e8000 +0xd30000 ... ok
map 0x920000000 +0xcc000 ... ok
map 0x9200cc000 +0x40000 ... ok
map 0x92010c000 +0xc000 ... ok
map 0x920118000 +0x2c000 ... ok
map 0x930000000 +0x3f4000 ... ok
map 0x9303f4000 +0x190000 ... ok
map 0x930584000 +0x4000 ... ok
map 0x930588000 +0x200000 ... ok
map 0x940000000 +0x18000 ... ok
map 0x940018000 +0x10000 ... ok
map 0x940028000 +0x10000 ... ok
map 0x940038000 +0x10000 ... ok
map 0x940048000 +0x10000 ... ok
map 0x950000000 +0xc000 ... ok
map 0x95000c000 +0x10000 ... ok
map 0x95001c000 +0x8000 ... ok
map 0x950024000 +0x4000 ... ok
map 0x960000000 +0x28000 ... ok
map 0x960028000 +0x10000 ... ok
map 0x960038000 +0x10000 ... ok
map 0x971608000 +0x8000 ... ok
map 0x980000000 +0x4000 ... ok
map 0x980004000 +0x10000 ... ok
map 0x980084000 +0x8000 ... ok
map 0x990000000 +0x5c000 ... ok
map 0x99005c000 +0xa0000 ... ok
map 0x9900fc000 +0x74000 ... ok
map 0x990170000 +0x8000 ... ok
map 0xf00000000 +0x10000 ... ok
map 0xf00010000 +0x100000 ... ok
map 0xf00140000 +0x10000 ... ok
map 0xf01140000 +0x10000 ... ok
map 0xf01150000 +0x10000 ... ok
map 0xf01160000 +0x10000 ... ok
map 0xf01170000 +0x10000 ... ok
map 0xf01180000 +0x10000 ... ok
map 0xf01190000 +0x10000 ... ok
map 0xf011a0000 +0x10000 ... ok
map 0xf011b0000 +0x10000 ... ok
map 0xf011c0000 +0x10000 ... ok
map 0xf011d0000 +0x10000 ... ok
map 0xf011e0000 +0x10000 ... ok
map 0xf011f0000 +0x10000 ... ok
map 0xf01200000 +0x10000 ... ok
map 0xf01210000 +0x10000 ... ok
map 0xf01220000 +0x10000 ... ok
map 0xf01230000 +0x10000 ... ok
map 0xf01240000 +0x10000 ... ok
map 0xf01250000 +0x10000 ... ok
map 0xf01260000 +0x10000 ... ok
map 0xf01270000 +0x10000 ... ok
map 0xf01280000 +0x10000 ... ok
map 0xf01290000 +0x10000 ... ok
map 0xf012a0000 +0x10000 ... ok
map 0xf012b0000 +0x10000 ... ok
map 0xf012c0000 +0x10000 ... ok
map 0xf012d0000 +0x10000 ... ok
map 0xf012e0000 +0x10000 ... ok
map 0xf012f0000 +0x10000 ... ok
map 0xf01300000 +0x10000 ... ok
map 0xfe0000000 +0x204000 ... ok
map 0xfe0300000 +0x10000 ... ok
map 0xfe03b0000 +0x20000 ... ok
swapped pages taken as resident so far: 0
vmas 45 total 8175.8 MiB resident 376.2 MiB mapped 382.5 MiB
learned 0x52e000000: window 0x52e000000+0x6000000, mapped +96.0 MiB
learned 0x53e000000: window 0x53e000000+0x6000000, mapped +96.0 MiB
learned 0x536000000: window 0x536000000+0x6000000, mapped +96.0 MiB
learned 0x55a000000: window 0x55a000000+0x6000000, mapped +96.0 MiB
learned 0x54e000000: window 0x54e000000+0x6000000, mapped +91.9 MiB
learned 0x51a000000: window 0x51a000000+0x6000000, mapped +96.0 MiB
submit #0 acb 2 dwords at 0xfe003a200: pass 1 rewrite 0 drop 0 unmapped 0 cc 0 mappings 168 ... OK rc 0 13.95 ms
map 0x200048000 +0x10000 ... ok
map 0x200058000 +0x10000 ... ok
map 0x200068000 +0x8000 ... ok
map 0x302ab0000 +0x10000 ... ok
map 0x303b90000 +0x10000 ... ok
map 0x30cc20000 +0x130000 ... ok
map 0x30cd60000 +0x1930000 ... ok
map 0x30e6a0000 +0x290000 ... ok
map 0x30e940000 +0x10000 ... ok
map 0x30ed40000 +0x20000 ... ok
map 0x30ed70000 +0x1250000 ... ok
map 0x30ffd0000 +0x290000 ... ok
map 0x310270000 +0x10000 ... ok
map 0x310670000 +0x10000 ... ok
map 0x310690000 +0x10000 ... ok
map 0x3106a0000 +0xf0000 ... ok
map 0x310790000 +0xe0000 ... ok
map 0x310870000 +0xf0000 ... ok
map 0x310960000 +0xe0000 ... ok
map 0x310a40000 +0xf0000 ... ok
map 0x310b30000 +0xe0000 ... ok
map 0x310c10000 +0x350000 ... ok
map 0x310f60000 +0x830000 ... ok
map 0x311960000 +0x10000 ... ok
map 0x313010000 +0x30000 ... ok
map 0x313130000 +0x10000 ... ok
map 0x313220000 +0x10000 ... ok
map 0x3132a0000 +0x10000 ... ok
map 0x313320000 +0x10000 ... ok
map 0x3133a0000 +0x10000 ... ok
map 0x313420000 +0x10000 ... ok
map 0x3134a0000 +0x10000 ... ok
map 0x313520000 +0xcc000 ... ok
map 0x3135f0000 +0x14000 ... ok
map 0x313638000 +0x14000 ... ok
map 0x313650000 +0x20000 ... ok
map 0x313680000 +0x4000 ... ok
map 0x313688000 +0x14000 ... ok
map 0x3136a0000 +0x14000 ... ok
map 0x3136b8000 +0x14000 ... ok
map 0x3136d0000 +0x14000 ... ok
map 0x3136e8000 +0x14000 ... ok
map 0x313700000 +0x14000 ... ok
map 0x313b08000 +0x20000 ... ok
map 0x37dfe8000 +0x8000 ... ok
map 0x401b40000 +0x10000 ... ok
map 0x401b50000 +0x10000 ... ok
swapped pages taken as resident so far: 0
vmas 55 total 12783.8 MiB resident 1022.2 MiB mapped 1024.4 MiB
submit #1 acb 55 dwords at 0xfe00427a0: pass 7 rewrite 0 drop 1 unmapped 0 cc 0 mappings 215 ... OK rc 0 5.05 ms
submit #2 acb 2 dwords at 0xfe003a200: pass 1 rewrite 0 drop 0 unmapped 0 cc 0 mappings 215 ... OK rc 0 5.00 ms
submit #3 acb 55 dwords at 0xfe00427a0: pass 7 rewrite 0 drop 1 unmapped 0 cc 0 mappings 215 ... OK rc 0 4.97 ms
submit #4 cc 3 dwords at 0x7efdf28e4: pass 0 rewrite 1 drop 0 unmapped 0 cc 1 mappings 215 ... OK rc 0 5.22 ms
submit #5 acb 2 dwords at 0xfe003a200: pass 1 rewrite 0 drop 0 unmapped 0 cc 0 mappings 215 ... OK rc 0 5.01 ms
submit #6 acb 55 dwords at 0xfe00427a0: pass 7 rewrite 0 drop 1 unmapped 0 cc 0 mappings 215 ... OK rc 0 4.98 ms
  load op 61 at 10: base 0xfe0008000 pairs (0x0,215) (0xd8,272) (0x1f5,4) (0x1ff,158) (0x2a0,2) (0x2a3,1) (0x2a5,66) (0x2f5,203)
  load op 5f at 29: base 0xfe0010000 pairs (0x1,1) (0x6,38) (0x32,4) (0x80,4) (0x87,37) (0xb2,4) (0xc8,2) (0x100,4) (0x107,37) (0x132,4) (0x148,2) (0x204,3) (0x20c,2) (0x212,2) (0x215,6) (0x224,5) (0x22a,1) (0x240,16) (0x27d,1) (0x280,1) (0x207,3)
  load op 5e at 74: base 0xfe0011000 pairs (0x35,8) (0xa2,1) (0x242,1) (0x248,1) (0x24a,2) (0x25b,6) (0x262,1) (0x2bb,5) (0x2c4,16) (0x2e4,8) (0x380,2) (0x383,2) (0x41d,3) (0x24d,1)
  load op 61 at 105: base 0xfe0008000 pairs (0x0,0)
  load op 5f at 110: base 0xfe0010000 pairs (0x0,0)
  load op 5e at 115: base 0xfe0011000 pairs (0x0,0)
  load op 61 at 125: base 0xfe0008000 pairs (0x0,0)
  load op 5f at 130: base 0xfe0010000 pairs (0x0,0)
  load op 5e at 135: base 0xfe0011000 pairs (0x0,0)
submit #7 hib 150 dwords at 0xfe0000000: pass 12 rewrite 2 drop 2 unmapped 0 cc 2 mappings 215 ... OK rc 0 5.32 ms
submit #8 acb 2 dwords at 0xfe003a200: pass 1 rewrite 0 drop 0 unmapped 0 cc 0 mappings 215 ... OK rc 0 4.97 ms
submit #9 acb 55 dwords at 0xfe00427a0: pass 7 rewrite 0 drop 1 unmapped 0 cc 0 mappings 215 ... OK rc 0 4.97 ms
submit #10 hib 2 dwords at 0xfe003a200: pass 1 rewrite 0 drop 0 unmapped 0 cc 0 mappings 215 ... OK rc 0 4.96 ms
submit #11 acb 2 dwords at 0xfe003a200: pass 1 rewrite 0 drop 0 unmapped 0 cc 0 mappings 215 ... OK rc 0 4.95 ms
submit #12 acb 55 dwords at 0xfe00427a0: pass 7 rewrite 0 drop 1 unmapped 0 cc 0 mappings 215 ... OK rc 0 5.04 ms
submit #13 acb 2 dwords at 0xfe003a200: pass 1 rewrite 0 drop 0 unmapped 0 cc 0 mappings 215 ... OK rc 0 5.02 ms
submit #14 acb 55 dwords at 0xfe00427a0: pass 7 rewrite 0 drop 1 unmapped 0 cc 0 mappings 215 ... OK rc 0 4.99 ms
  load op 9f at 38: addr 0xfe0040068 idx 0 fmt 1 regoff 0x0 n 921 (table contents not committed)
  load op 63 at 43: addr 0xfe0042068 idx 0 fmt 1 regoff 0x0 n 174 (table contents not committed)
  load op 64 at 48: addr 0xfe00425d8 idx 0 fmt 1 regoff 0x0 n 49 (table contents not committed)
submit #15 dcb 96 dwords at 0xfe0042920: pass 20 rewrite 2 drop 2 unmapped 0 cc 0 mappings 215 ... OK rc 0 7.60 ms
submit #16 acb 2 dwords at 0xfe003a200: pass 1 rewrite 0 drop 0 unmapped 0 cc 0 mappings 215 ... OK rc 0 4.98 ms
submit #17 acb 55 dwords at 0xfe00427a0: pass 7 rewrite 0 drop 1 unmapped 0 cc 0 mappings 215 ... OK rc 0 5.01 ms
submit #18 acb 2 dwords at 0xfe003a200: pass 1 rewrite 0 drop 0 unmapped 0 cc 0 mappings 215 ... OK rc 0 5.06 ms
map 0x200070000 +0x8000 ... ok
map 0x2001e8000 +0xc000 ... ok
map 0x302ac0000 +0x20000 ... ok
map 0x303980000 +0x10000 ... ok
map 0x313b68000 +0x10000 ... ok
map 0x314368000 +0x4000 ... ok
map 0x314370000 +0x14000 ... ok
map 0x314388000 +0x40000 ... ok
map 0x3143c8000 +0x30000 ... ok
map 0x3143f8000 +0x80000 ... ok
map 0x314478000 +0x40000 ... ok
map 0x3144b8000 +0x20000 ... ok
map 0x3144d8000 +0x10000 ... ok
map 0x3144e8000 +0x10000 ... ok
map 0x3144f8000 +0x10000 ... ok
map 0x314508000 +0x10000 ... ok
map 0x314518000 +0x3b0000 ... ok
map 0x401b70000 +0x10000 ... ok
map 0x403670000 +0x10000 ... ok
map 0x403680000 +0x10000 ... ok
map 0x500530000 +0x270000 ... ok
map 0x56d860000 +0x10000 ... ok
map 0x56d870000 +0x10000 ... ok
map 0x56d8c0000 +0x10000 ... ok
map 0x56d930000 +0x10000 ... ok
map 0x56d990000 +0x10000 ... ok
map 0x56d9a0000 +0x10000 ... ok
map 0x56d9b0000 +0x10000 ... ok
map 0x56d9c0000 +0x10000 ... ok
map 0x56dda0000 +0x10000 ... ok
map 0x56e240000 +0x10000 ... ok
map 0x56e250000 +0x10000 ... ok
map 0x56e260000 +0x10000 ... ok
map 0x56e270000 +0x10000 ... ok
map 0x56e650000 +0x10000 ... ok
map 0x56ed50000 +0x20000 ... ok
map 0x600000000 +0x10000 ... ok
map 0x607ff0000 +0x10000 ... ok
map 0x7eebd4000 +0x200000 ... ok
map 0x7eedd8000 +0x200000 ... ok
map 0x7eefdc000 +0x200000 ... ok
map 0x7ef1e0000 +0x200000 ... ok
map 0x7ef3e4000 +0x200000 ... ok
map 0x7ef5e8000 +0x200000 ... ok
map 0x7ef7ec000 +0x200000 ... ok
map 0x7ef9f0000 +0x200000 ... ok
map 0x10ea000000 +0x60000 ... ok
map 0x10ea060000 +0x60000 ... ok
map 0x10ea0c0000 +0x20000 ... ok
map 0x10ea0e0000 +0x160000 ... ok
map 0x10ea240000 +0xb0000 ... ok
map 0x10ea2f0000 +0xac0000 ... ok
map 0x10eadb0000 +0x60000 ... ok
map 0x10eae10000 +0x20000 ... ok
swapped pages taken as resident so far: 0
vmas 66 total 12993.3 MiB resident 1062.1 MiB mapped 1064.0 MiB
submit #19 acb 55 dwords at 0xfe00427a0: pass 7 rewrite 0 drop 1 unmapped 0 cc 0 mappings 269 ... OK rc 0 5.41 ms
map 0x2001f4000 +0x4000 ... ok
map 0x2001f8000 +0x10000 ... ok
map 0x200208000 +0x10000 ... ok
map 0x302ae0000 +0xb0000 ... ok
map 0x303540000 +0x10000 ... ok
map 0x303bd0000 +0x20000 ... ok
map 0x3148c8000 +0x140000 ... ok
map 0x314a08000 +0x50000 ... ok
map 0x314a58000 +0x40000 ... ok
map 0x314a98000 +0x30000 ... ok
map 0x314ac8000 +0x20000 ... ok
map 0x314ae8000 +0x20000 ... ok
map 0x314b08000 +0x10000 ... ok
map 0x314b18000 +0x10000 ... ok
map 0x314b28000 +0x10000 ... ok
map 0x314b38000 +0x140000 ... ok
map 0x314c78000 +0x40000 ... ok
map 0x314cb8000 +0x40000 ... ok
map 0x314cf8000 +0x40000 ... ok
map 0x314d38000 +0x20000 ... ok
map 0x314d58000 +0x10000 ... ok
map 0x314d68000 +0x10000 ... ok
map 0x314d78000 +0x10000 ... ok
map 0x314d88000 +0x10000 ... ok
map 0x314d98000 +0x150000 ... ok
map 0x314ee8000 +0x40000 ... ok
map 0x314f28000 +0x40000 ... ok
map 0x314f68000 +0x30000 ... ok
map 0x314f98000 +0x20000 ... ok
map 0x314fb8000 +0x20000 ... ok
map 0x314fd8000 +0x10000 ... ok
map 0x314fe8000 +0x10000 ... ok
map 0x314ff8000 +0x10000 ... ok
map 0x315008000 +0x140000 ... ok
map 0x315148000 +0x40000 ... ok
map 0x315188000 +0x40000 ... ok
map 0x3151c8000 +0x40000 ... ok
map 0x315208000 +0x20000 ... ok
map 0x315228000 +0x10000 ... ok
map 0x315238000 +0x10000 ... ok
map 0x315248000 +0x10000 ... ok
map 0x315258000 +0x10000 ... ok
map 0x315268000 +0x150000 ... ok
map 0x3153b8000 +0x70000 ... ok
map 0x315428000 +0x10000 ... ok
map 0x315438000 +0x20000 ... ok
map 0x315458000 +0x20000 ... ok
map 0x315478000 +0x30000 ... ok
map 0x3154a8000 +0x10000 ... ok
map 0x3154d8000 +0x10000 ... ok
map 0x315518000 +0x10000 ... ok
map 0x315558000 +0x10000 ... ok
map 0x315598000 +0x10000 ... ok
map 0x3155d8000 +0x10000 ... ok
map 0x315618000 +0x10000 ... ok
map 0x315628000 +0x10000 ... ok
map 0x315668000 +0x10000 ... ok
map 0x315678000 +0x10000 ... ok
map 0x315688000 +0x20000 ... ok
map 0x3156a8000 +0x20000 ... ok
map 0x3156c8000 +0x40000 ... ok
map 0x315708000 +0x10000 ... ok
map 0x315718000 +0x50000 ... ok
map 0x315768000 +0x10000 ... ok
map 0x315778000 +0x10000 ... ok
map 0x315788000 +0xc000 ... ok
map 0x315b88000 +0x14000 ... ok
map 0x315f90000 +0x20000 ... ok
map 0x315fe0000 +0xaa00000 ... FAILED
map 0x320a20000 +0x20000 ... ok
map 0x321230000 +0x20000 ... FAILED
map 0x321280000 +0x60000 ... ok
map 0x3212e0000 +0x9e0000 ... ok
map 0x37dfe0000 +0x8000 ... ok
map 0x403690000 +0x40000 ... ok
map 0x5007a0000 +0x90000 ... ok
map 0x56f790000 +0x60000 ... ok
map 0x56f9e0000 +0x10000 ... ok
map 0x5705e0000 +0x10000 ... ok
map 0x5707e0000 +0x10000 ... ok
map 0x5707f0000 +0x10000 ... ok
map 0x570a90000 +0x10000 ... ok
map 0x570b50000 +0x20000 ... ok
map 0x570b70000 +0x10000 ... ok
map 0x570f40000 +0x30000 ... ok
map 0x571450000 +0x30000 ... ok
map 0x571480000 +0x10000 ... ok
map 0x571940000 +0x10000 ... ok
map 0x571a60000 +0x20000 ... ok
map 0x571a80000 +0x10000 ... ok
map 0x7ee3d8000 +0x120000 ... ok
map 0x7ee4fc000 +0x120000 ... ok
map 0x7ee620000 +0x120000 ... ok
map 0x7ee744000 +0x120000 ... ok
map 0x7ee868000 +0x120000 ... ok
map 0x7ee98c000 +0x120000 ... ok
map 0x7eeab0000 +0x120000 ... ok
map 0x90f220000 +0x30000 ... ok
map 0x1000000000 +0x100000 ... ok
map 0x1054e00000 +0x1ae0000 ... ok
swapped pages taken as resident so far: 0
vmas 77 total 13001.3 MiB resident 1294.9 MiB mapped 1127.5 MiB
submit #20 acb 2 dwords at 0xfe003a200: pass 1 rewrite 0 drop 0 unmapped 0 cc 0 mappings 367 ... OK rc 0 6.93 ms
map 0x200218000 +0xc000 ... ok
map 0x315fe0000 +0x4000 ... ok
map 0x315fe8000 +0xa9f8000 ... ok
map 0x320a14000 +0xc000 ... ok
map 0x320a40000 +0x4000 ... ok
map 0x321224000 +0x28000 ... ok
map 0x321cc0000 +0x1980000 ... ok
map 0x323820000 +0x10000 ... ok
map 0x7eddcc000 +0x200000 ... ok
map 0x7edfd0000 +0x200000 ... ok
map 0x7ee1d4000 +0x200000 ... ok
swapped pages taken as resident so far: 0
vmas 83 total 13007.3 MiB resident 1329.1 MiB mapped 1329.3 MiB
submit #21 acb 55 dwords at 0xfe00427a0: pass 7 rewrite 0 drop 1 unmapped 0 cc 0 mappings 378 ... OK rc 0 6.90 ms
map 0x323640000 +0x1e0000 ... ok
map 0x323830000 +0x7b0000 ... ok
map 0x4036d0000 +0x10000 ... ok
map 0x500830000 +0x10000 ... ok
map 0x579800000 +0x10000 ... ok
map 0x1000100000 +0x40000 ... ok
map 0x10eae30000 +0x570000 ... ok
swapped pages taken as resident so far: 0
vmas 83 total 13007.3 MiB resident 1344.5 MiB mapped 1344.8 MiB
submit #22 acb 2 dwords at 0xfe003a200: pass 1 rewrite 0 drop 0 unmapped 0 cc 0 mappings 385 ... EFAULT, resync ... unmap 0x321cc0000 +0x1980000 (no longer rw anonymous) ... ok
map 0x200224000 +0x4000 ... ok
map 0x200228000 +0x10000 ... ok
map 0x200238000 +0x10000 ... ok
map 0x300a48000 +0x10000 ... ok
map 0x301690000 +0x10000 ... ok
map 0x308450000 +0x10000 ... ok
map 0x311970000 +0x20000 ... ok
map 0x311990000 +0x30000 ... ok
map 0x321cc0000 +0x26c000 ... ok
map 0x321f30000 +0x1710000 ... ok
map 0x323fe0000 +0x20000 ... ok
map 0x3240f0000 +0x3a0000 ... ok
map 0x324580000 +0x7c000 ... ok
map 0x324670000 +0x2a0000 ... ok
map 0x324910000 +0x10000 ... ok
map 0x500840000 +0x10000 ... ok
map 0x502700000 +0x10000 ... ok
map 0x502df0000 +0x20000 ... ok
map 0x503c00000 +0x10000 ... ok
map 0x5042f0000 +0x20000 ... ok
map 0x504e00000 +0x10000 ... ok
map 0x5051f0000 +0x20000 ... ok
map 0x505a00000 +0x10000 ... ok
map 0x505df0000 +0x20000 ... ok
map 0x506800000 +0x10000 ... ok
map 0x506df0000 +0x20000 ... ok
map 0x50cc30000 +0x10000 ... ok
map 0x7ea6a0000 +0x500000 ... ok
map 0x7eaba4000 +0x500000 ... ok
map 0x7eb0a8000 +0x500000 ... ok
map 0x7eb5ac000 +0x500000 ... ok
map 0x7ebab0000 +0x500000 ... ok
map 0x7ebfb4000 +0x500000 ... ok
map 0x7ec4b8000 +0x500000 ... ok
map 0x7ec9bc000 +0x500000 ... ok
map 0x7ecec0000 +0x500000 ... ok
map 0x7ed3c4000 +0x500000 ... ok
map 0x7ed8c8000 +0x500000 ... ok
map 0x1000140000 +0x300000 ... ok
map 0x10eb3a0000 +0xc80000 ... ok
swapped pages taken as resident so far: 0
vmas 96 total 13062.4 MiB resident 1422.5 MiB mapped 1423.9 MiB
OK rc 0 (retried) 7.30 ms
map 0x324920000 +0x80000 ... ok
map 0x3249a0000 +0x10000 ... ok
swapped pages taken as resident so far: 0
vmas 96 total 13062.4 MiB resident 1424.4 MiB mapped 1424.4 MiB
submit #23 acb 55 dwords at 0xfe00427a0: pass 7 rewrite 0 drop 1 unmapped 0 cc 0 mappings 426 ... OK rc 0 7.32 ms
submit #24 cc 3 dwords at 0x313b17cd4: pass 0 rewrite 1 drop 0 unmapped 0 cc 1 mappings 426 ... OK rc 0 7.27 ms
submit #25 acb 2 dwords at 0xfe003a200: pass 1 rewrite 0 drop 0 unmapped 0 cc 0 mappings 426 ... OK rc 0 7.44 ms
submit #26 acb 55 dwords at 0xfe00427a0: pass 7 rewrite 0 drop 1 unmapped 0 cc 0 mappings 426 ... OK rc 0 7.23 ms
  load op 61 at 10: base 0xfe0008000 pairs (0x0,215) (0xd8,272) (0x1f5,4) (0x1ff,158) (0x2a0,2) (0x2a3,1) (0x2a5,66) (0x2f5,203)
  load op 5f at 29: base 0xfe0010000 pairs (0x1,1) (0x6,38) (0x32,4) (0x80,4) (0x87,37) (0xb2,4) (0xc8,2) (0x100,4) (0x107,37) (0x132,4) (0x148,2) (0x204,3) (0x20c,2) (0x212,2) (0x215,6) (0x224,5) (0x22a,1) (0x240,16) (0x27d,1) (0x280,1) (0x207,3)
  load op 5e at 74: base 0xfe0011000 pairs (0x35,8) (0xa2,1) (0x242,1) (0x248,1) (0x24a,2) (0x25b,6) (0x262,1) (0x2bb,5) (0x2c4,16) (0x2e4,8) (0x380,2) (0x383,2) (0x41d,3) (0x24d,1)
  load op 61 at 105: base 0xfe0008000 pairs (0x0,0)
  load op 5f at 110: base 0xfe0010000 pairs (0x0,0)
  load op 5e at 115: base 0xfe0011000 pairs (0x0,0)
  load op 61 at 125: base 0xfe0008000 pairs (0x0,0)
  load op 5f at 130: base 0xfe0010000 pairs (0x0,0)
  load op 5e at 135: base 0xfe0011000 pairs (0x0,0)
submit #27 hib 150 dwords at 0xfe0000000: pass 12 rewrite 2 drop 2 unmapped 0 cc 2 mappings 426 ... OK rc 0 7.26 ms
submit #28 acb 2 dwords at 0xfe003a200: pass 1 rewrite 0 drop 0 unmapped 0 cc 0 mappings 426 ... OK rc 0 7.23 ms
submit #29 acb 55 dwords at 0xfe00427a0: pass 7 rewrite 0 drop 1 unmapped 0 cc 0 mappings 426 ... OK rc 0 7.31 ms
submit #30 hib 2 dwords at 0xfe003a200: pass 1 rewrite 0 drop 0 unmapped 0 cc 0 mappings 426 ... OK rc 0 7.23 ms
submit #31 acb 2 dwords at 0xfe003a200: pass 1 rewrite 0 drop 0 unmapped 0 cc 0 mappings 426 ... OK rc 0 7.25 ms
submit #32 acb 55 dwords at 0xfe00427a0: pass 7 rewrite 0 drop 1 unmapped 0 cc 0 mappings 426 ... OK rc 0 7.24 ms
map 0xf00110000 +0x10000 ... ok
swapped pages taken as resident so far: 0
vmas 96 total 13062.4 MiB resident 1424.4 MiB mapped 1424.5 MiB
  load op 9f at 38: addr 0xfe0040068 idx 0 fmt 1 regoff 0x0 n 921 (table contents not committed)
  load op 63 at 43: addr 0xfe0042068 idx 0 fmt 1 regoff 0x0 n 174 (table contents not committed)
  load op 64 at 48: addr 0xfe00425d8 idx 0 fmt 1 regoff 0x0 n 49 (table contents not committed)
submit #33 dcb 96 dwords at 0xfe0042920: pass 20 rewrite 2 drop 2 unmapped 0 cc 0 mappings 427 ... OK rc 0 7.34 ms
submit #34 acb 2 dwords at 0xfe003a200: pass 1 rewrite 0 drop 0 unmapped 0 cc 0 mappings 427 ... OK rc 0 7.25 ms
submit #35 acb 55 dwords at 0xfe00427a0: pass 7 rewrite 0 drop 1 unmapped 0 cc 0 mappings 427 ... OK rc 0 7.31 ms
submit #36 cc 3 dwords at 0x313b17cf4: pass 0 rewrite 1 drop 0 unmapped 0 cc 1 mappings 427 ... OK rc 0 7.22 ms
submit #37 acb 2 dwords at 0xfe003a200: pass 1 rewrite 0 drop 0 unmapped 0 cc 0 mappings 427 ... OK rc 0 7.25 ms
submit #38 acb 55 dwords at 0xfe00427a0: pass 7 rewrite 0 drop 1 unmapped 0 cc 0 mappings 427 ... OK rc 0 7.27 ms
  load op 61 at 10: base 0xfe0008000 pairs (0x0,215) (0xd8,272) (0x1f5,4) (0x1ff,158) (0x2a0,2) (0x2a3,1) (0x2a5,66) (0x2f5,203)
  load op 5f at 29: base 0xfe0010000 pairs (0x1,1) (0x6,38) (0x32,4) (0x80,4) (0x87,37) (0xb2,4) (0xc8,2) (0x100,4) (0x107,37) (0x132,4) (0x148,2) (0x204,3) (0x20c,2) (0x212,2) (0x215,6) (0x224,5) (0x22a,1) (0x240,16) (0x27d,1) (0x280,1) (0x207,3)
  load op 5e at 74: base 0xfe0011000 pairs (0x35,8) (0xa2,1) (0x242,1) (0x248,1) (0x24a,2) (0x25b,6) (0x262,1) (0x2bb,5) (0x2c4,16) (0x2e4,8) (0x380,2) (0x383,2) (0x41d,3) (0x24d,1)
  load op 61 at 105: base 0xfe0008000 pairs (0x0,0)
  load op 5f at 110: base 0xfe0010000 pairs (0x0,0)
  load op 5e at 115: base 0xfe0011000 pairs (0x0,0)
  load op 61 at 125: base 0xfe0008000 pairs (0x0,0)
  load op 5f at 130: base 0xfe0010000 pairs (0x0,0)
  load op 5e at 135: base 0xfe0011000 pairs (0x0,0)
submit #39 hib 150 dwords at 0xfe0000000: pass 12 rewrite 2 drop 2 unmapped 0 cc 2 mappings 427 ... OK rc 0 7.50 ms
submit #40 acb 2 dwords at 0xfe003a200: pass 1 rewrite 0 drop 0 unmapped 0 cc 0 mappings 427 ... OK rc 0 7.25 ms
submit #41 acb 55 dwords at 0xfe00427a0: pass 7 rewrite 0 drop 1 unmapped 0 cc 0 mappings 427 ... OK rc 0 7.23 ms
submit #42 hib 2 dwords at 0xfe003a200: pass 1 rewrite 0 drop 0 unmapped 0 cc 0 mappings 427 ... OK rc 0 7.24 ms
submit #43 acb 2 dwords at 0xfe003a200: pass 1 rewrite 0 drop 0 unmapped 0 cc 0 mappings 427 ... OK rc 0 7.48 ms
submit #44 acb 55 dwords at 0xfe00427a0: pass 7 rewrite 0 drop 1 unmapped 0 cc 0 mappings 427 ... OK rc 0 7.63 ms
  load op 9f at 38: addr 0xfe0040068 idx 0 fmt 1 regoff 0x0 n 921 (table contents not committed)
  load op 63 at 43: addr 0xfe0042068 idx 0 fmt 1 regoff 0x0 n 174 (table contents not committed)
  load op 64 at 48: addr 0xfe00425d8 idx 0 fmt 1 regoff 0x0 n 49 (table contents not committed)
submit #45 dcb 96 dwords at 0xfe0042920: pass 20 rewrite 2 drop 2 unmapped 0 cc 0 mappings 427 ... OK rc 0 7.31 ms
submit #46 acb 2 dwords at 0xfe003a200: pass 1 rewrite 0 drop 0 unmapped 0 cc 0 mappings 427 ... OK rc 0 7.27 ms
submit #47 acb 55 dwords at 0xfe00427a0: pass 7 rewrite 0 drop 1 unmapped 0 cc 0 mappings 427 ... OK rc 0 7.23 ms
hint CB0 0x538bc0000: window 0x536bc0000+0x4000000, mapped +0.0 MiB
hint CB0 0x55675f000: window 0x554750000+0x4000000, mapped +31.9 MiB
hint CB0 0x563800000: window 0x561800000+0x4000000, mapped +64.0 MiB
hint CB0 0x55c00d000: window 0x55a000000+0x4000000, mapped +0.0 MiB
hint CB0 0x5637f0000: window 0x5617f0000+0x4000000, mapped +0.1 MiB
hint CB0 0x516830000: window 0x514830000+0x4000000, mapped +64.0 MiB
hint CB0 0x56c05e000: window 0x56a050000+0x4000000, mapped +63.4 MiB
hint DB_HTILE 0x514050000: window 0x512050000+0x4000000, mapped +39.9 MiB
hint DB_Z_READ 0x513560000: window 0x511560000+0x4000000, mapped +10.9 MiB
hint DB_STENCIL_READ 0x513dd0000: window 0x511dd0000+0x4000000, mapped +0.0 MiB
  load op 9f at 36: addr 0xfe0040068 idx 0 fmt 1 regoff 0x0 n 921 (table contents not committed)
  load op 63 at 41: addr 0xfe0042068 idx 0 fmt 1 regoff 0x0 n 174 (table contents not committed)
  load op 64 at 46: addr 0xfe00425d8 idx 0 fmt 1 regoff 0x0 n 57 (table contents not committed)
  load op 9f at 88: addr 0x504301500 idx 0 fmt 1 regoff 0x0 n 136 (table contents not committed)
  load op 64 at 93: addr 0x504300500 idx 0 fmt 1 regoff 0x0 n 3 (table contents not committed)
  load op 63 at 98: addr 0x5042ff500 idx 0 fmt 1 regoff 0x0 n 3 (table contents not committed)
  load op 9f at 1460: addr 0xfe0040068 idx 0 fmt 1 regoff 0x0 n 921 (table contents not committed)
  load op 9f at 1467: addr 0x504301940 idx 0 fmt 1 regoff 0x0 n 70 (table contents not committed)
  load op 63 at 1472: addr 0x908e5ff90 idx 0 fmt 1 regoff 0x0 n 6 (table contents not committed)
  load op 9f at 1477: addr 0x908e5ffc0 idx 0 fmt 1 regoff 0x0 n 10 (table contents not committed)
  load op 63 at 1482: addr 0x908e5f7d0 idx 0 fmt 1 regoff 0x0 n 6 (table contents not committed)
  load op 9f at 1487: addr 0x908e5f800 idx 0 fmt 1 regoff 0x0 n 9 (table contents not committed)
  load op 64 at 1492: addr 0x504300518 idx 0 fmt 1 regoff 0x0 n 5 (table contents not committed)
  load op 9f at 2112: addr 0x504301b70 idx 0 fmt 1 regoff 0x0 n 131 (table contents not committed)
  load op 64 at 2119: addr 0x504300540 idx 0 fmt 1 regoff 0x0 n 1 (table contents not committed)
  load op 9f at 2151: addr 0xfe0040068 idx 0 fmt 1 regoff 0x0 n 921 (table contents not committed)
  load op 9f at 2158: addr 0x504301f88 idx 0 fmt 1 regoff 0x0 n 70 (table contents not committed)
  load op 63 at 2163: addr 0x908e5ff90 idx 0 fmt 1 regoff 0x0 n 6 (table contents not committed)
  load op 9f at 2168: addr 0x908e5ffc0 idx 0 fmt 1 regoff 0x0 n 10 (table contents not committed)
  load op 63 at 2173: addr 0x908e5f7d0 idx 0 fmt 1 regoff 0x0 n 6 (table contents not committed)
  load op 9f at 2178: addr 0x908e5f800 idx 0 fmt 1 regoff 0x0 n 9 (table contents not committed)
  load op 64 at 2183: addr 0x504300548 idx 0 fmt 1 regoff 0x0 n 5 (table contents not committed)
  load op 9f at 2301: addr 0x5043021b8 idx 0 fmt 1 regoff 0x0 n 98 (table contents not committed)
  load op 64 at 2308: addr 0x504300570 idx 0 fmt 1 regoff 0x0 n 1 (table contents not committed)
  load op 9f at 2313: addr 0x5042fe500 idx 0 fmt 1 regoff 0x0 n 33 (table contents not committed)
  load op 9f at 2345: addr 0xfe0040068 idx 0 fmt 1 regoff 0x0 n 921 (table contents not committed)
  load op 9f at 2352: addr 0x5042fe608 idx 0 fmt 1 regoff 0x0 n 70 (table contents not committed)
  load op 63 at 2357: addr 0x908e5ff90 idx 0 fmt 1 regoff 0x0 n 6 (table contents not committed)
  load op 9f at 2362: addr 0x908e5ffc0 idx 0 fmt 1 regoff 0x0 n 10 (table contents not committed)
  load op 63 at 2367: addr 0x908e5f7d0 idx 0 fmt 1 regoff 0x0 n 6 (table contents not committed)
  load op 9f at 2372: addr 0x908e5f800 idx 0 fmt 1 regoff 0x0 n 9 (table contents not committed)
  load op 64 at 2377: addr 0x504300578 idx 0 fmt 1 regoff 0x0 n 5 (table contents not committed)
  load op 63 at 2473: addr 0x5042ff518 idx 0 fmt 1 regoff 0x0 n 10 (table contents not committed)
  load op 63 at 2664: addr 0x5042ff568 idx 0 fmt 1 regoff 0x0 n 28 (table contents not committed)
  load op 64 at 2738: addr 0x5043005a0 idx 0 fmt 1 regoff 0x0 n 5 (table contents not committed)
  load op 9f at 2745: addr 0x5042fe838 idx 0 fmt 1 regoff 0x0 n 290 (table contents not committed)
submit #48 dcb 3257 dwords at 0x503c02500: pass 333 rewrite 135 drop 132 unmapped 0 cc 6 mappings 439 ... OK rc 0 8.81 ms
state stack #48: push 3 pop 3 conditional 1 unmatched 0; restored 2763 regs (+2811 dwords); tables 18, unreadable 0
pipestat #48 (3257 dwords): ia_verts 12 ia_prims 4 vs 12 gs_inv 4 gs_prims 0 c_inv 4 c_prims 4 ps 2073600 cs 2374912
submit #49 acb 2 dwords at 0xfe003a200: pass 1 rewrite 0 drop 0 unmapped 0 cc 0 mappings 439 ... OK rc 0 8.46 ms
submit #50 acb 55 dwords at 0xfe00427a0: pass 7 rewrite 0 drop 1 unmapped 0 cc 0 mappings 439 ... OK rc 0 8.56 ms
  load op 9f at 38: addr 0xfe0040068 idx 0 fmt 1 regoff 0x0 n 921 (table contents not committed)
  load op 63 at 43: addr 0xfe0042068 idx 0 fmt 1 regoff 0x0 n 174 (table contents not committed)
  load op 64 at 48: addr 0xfe00425d8 idx 0 fmt 1 regoff 0x0 n 57 (table contents not committed)
  load op 9f at 90: addr 0x505e01500 idx 0 fmt 1 regoff 0x0 n 5 (table contents not committed)
  load op 64 at 95: addr 0x505e00500 idx 0 fmt 1 regoff 0x0 n 2 (table contents not committed)
  load op 63 at 100: addr 0x505dff500 idx 0 fmt 1 regoff 0x0 n 3 (table contents not committed)
submit #51 dcb 851 dwords at 0x505a02500: pass 47 rewrite 55 drop 45 unmapped 0 cc 0 mappings 439 ... OK rc 0 8.82 ms
pipestat #51 (851 dwords): ia_verts 0 ia_prims 0 vs 0 gs_inv 0 gs_prims 0 c_inv 0 c_prims 0 ps 0 cs 81920
submit #52 acb 2 dwords at 0xfe003a200: pass 1 rewrite 0 drop 0 unmapped 0 cc 0 mappings 439 ... OK rc 0 8.70 ms
submit #53 acb 55 dwords at 0xfe00427a0: pass 7 rewrite 0 drop 1 unmapped 0 cc 0 mappings 439 ... OK rc 0 8.51 ms
hint CB0 0x510d10000: window 0x50ed10000+0x4000000, mapped +40.3 MiB
hint CB0 0x56d898000: window 0x56b890000+0x4000000, mapped +23.4 MiB
hint CB0 0x512570000: window 0x510570000+0x4000000, mapped +0.0 MiB
  load op 9f at 35: addr 0xfe0040068 idx 0 fmt 1 regoff 0x0 n 921 (table contents not committed)
  load op 63 at 40: addr 0xfe0042068 idx 0 fmt 1 regoff 0x0 n 174 (table contents not committed)
  load op 64 at 45: addr 0xfe00425d8 idx 0 fmt 1 regoff 0x0 n 57 (table contents not committed)
  load op 9f at 87: addr 0x506e01500 idx 0 fmt 1 regoff 0x0 n 136 (table contents not committed)
  load op 64 at 92: addr 0x506e00500 idx 0 fmt 1 regoff 0x0 n 3 (table contents not committed)
  load op 63 at 97: addr 0x506dff500 idx 0 fmt 1 regoff 0x0 n 3 (table contents not committed)
  load op 9f at 212: addr 0xfe0040068 idx 0 fmt 1 regoff 0x0 n 921 (table contents not committed)
  load op 9f at 219: addr 0x506e01940 idx 0 fmt 1 regoff 0x0 n 70 (table contents not committed)
  load op 63 at 224: addr 0x908e5ff90 idx 0 fmt 1 regoff 0x0 n 6 (table contents not committed)
  load op 9f at 229: addr 0x908e5ffc0 idx 0 fmt 1 regoff 0x0 n 10 (table contents not committed)
  load op 63 at 234: addr 0x908e5f7d0 idx 0 fmt 1 regoff 0x0 n 6 (table contents not committed)
  load op 9f at 239: addr 0x908e5f800 idx 0 fmt 1 regoff 0x0 n 9 (table contents not committed)
  load op 64 at 244: addr 0x506e00518 idx 0 fmt 1 regoff 0x0 n 5 (table contents not committed)
  load op 9f at 340: addr 0x506e01b70 idx 0 fmt 1 regoff 0x0 n 131 (table contents not committed)
  load op 64 at 347: addr 0x506e00540 idx 0 fmt 1 regoff 0x0 n 1 (table contents not committed)
  load op 9f at 379: addr 0xfe0040068 idx 0 fmt 1 regoff 0x0 n 921 (table contents not committed)
  load op 9f at 386: addr 0x506e01f88 idx 0 fmt 1 regoff 0x0 n 70 (table contents not committed)
  load op 63 at 391: addr 0x908e5ff90 idx 0 fmt 1 regoff 0x0 n 6 (table contents not committed)
  load op 9f at 396: addr 0x908e5ffc0 idx 0 fmt 1 regoff 0x0 n 10 (table contents not committed)
  load op 63 at 401: addr 0x908e5f7d0 idx 0 fmt 1 regoff 0x0 n 6 (table contents not committed)
  load op 9f at 406: addr 0x908e5f800 idx 0 fmt 1 regoff 0x0 n 9 (table contents not committed)
  load op 64 at 411: addr 0x506e00548 idx 0 fmt 1 regoff 0x0 n 5 (table contents not committed)
  load op 9f at 548: addr 0x506e021b8 idx 0 fmt 1 regoff 0x0 n 98 (table contents not committed)
  load op 64 at 555: addr 0x506e00570 idx 0 fmt 1 regoff 0x0 n 1 (table contents not committed)
  load op 9f at 560: addr 0x506dfe500 idx 0 fmt 1 regoff 0x0 n 33 (table contents not committed)
  load op 9f at 592: addr 0xfe0040068 idx 0 fmt 1 regoff 0x0 n 921 (table contents not committed)
  load op 9f at 599: addr 0x506dfe608 idx 0 fmt 1 regoff 0x0 n 70 (table contents not committed)
  load op 63 at 604: addr 0x908e5ff90 idx 0 fmt 1 regoff 0x0 n 6 (table contents not committed)
  load op 9f at 609: addr 0x908e5ffc0 idx 0 fmt 1 regoff 0x0 n 10 (table contents not committed)
  load op 63 at 614: addr 0x908e5f7d0 idx 0 fmt 1 regoff 0x0 n 6 (table contents not committed)
  load op 9f at 619: addr 0x908e5f800 idx 0 fmt 1 regoff 0x0 n 9 (table contents not committed)
  load op 64 at 624: addr 0x506e00578 idx 0 fmt 1 regoff 0x0 n 5 (table contents not committed)
submit #54 dcb 798 dwords at 0x506802500: pass 103 rewrite 35 drop 22 unmapped 0 cc 6 mappings 445 ... OK rc 0 9.35 ms
state stack #54: push 3 pop 3 conditional 1 unmatched 0; restored 2763 regs (+2811 dwords); tables 17, unreadable 0
pipestat #54 (798 dwords): ia_verts 9 ia_prims 3 vs 9 gs_inv 3 gs_prims 0 c_inv 3 c_prims 3 ps 0 cs 0
submit #55 acb 2 dwords at 0xfe003a200: pass 1 rewrite 0 drop 0 unmapped 0 cc 0 mappings 445 ... OK rc 0 8.79 ms
submit #56 acb 55 dwords at 0xfe00427a0: pass 7 rewrite 0 drop 1 unmapped 0 cc 0 mappings 445 ... OK rc 0 8.74 ms
hint DB_HTILE 0x55c050000: window 0x55a050000+0x4000000, mapped +0.0 MiB
hint DB_Z_READ 0x527430000: window 0x525430000+0x4000000, mapped +64.0 MiB
  load op 9f at 36: addr 0xfe0040068 idx 0 fmt 1 regoff 0x0 n 921 (table contents not committed)
  load op 63 at 41: addr 0xfe0042068 idx 0 fmt 1 regoff 0x0 n 174 (table contents not committed)
  load op 64 at 46: addr 0xfe00425d8 idx 0 fmt 1 regoff 0x0 n 57 (table contents not committed)
  load op 9f at 88: addr 0x505201500 idx 0 fmt 1 regoff 0x0 n 5 (table contents not committed)
  load op 64 at 93: addr 0x505200500 idx 0 fmt 1 regoff 0x0 n 2 (table contents not committed)
  load op 63 at 98: addr 0x5051ff500 idx 0 fmt 1 regoff 0x0 n 3 (table contents not committed)
  load op 9f at 756: addr 0xfe0040068 idx 0 fmt 1 regoff 0x0 n 921 (table contents not committed)
  load op 9f at 763: addr 0x505201528 idx 0 fmt 1 regoff 0x0 n 74 (table contents not committed)
  load op 63 at 768: addr 0x908e5ff90 idx 0 fmt 1 regoff 0x0 n 6 (table contents not committed)
  load op 9f at 773: addr 0x908e5ffc0 idx 0 fmt 1 regoff 0x0 n 10 (table contents not committed)
  load op 64 at 778: addr 0x505200510 idx 0 fmt 1 regoff 0x0 n 5 (table contents not committed)
  load op 9f at 901: addr 0xfe0040068 idx 0 fmt 1 regoff 0x0 n 921 (table contents not committed)
  load op 9f at 908: addr 0x505201778 idx 0 fmt 1 regoff 0x0 n 74 (table contents not committed)
  load op 63 at 913: addr 0x908e5ff90 idx 0 fmt 1 regoff 0x0 n 6 (table contents not committed)
  load op 9f at 918: addr 0x908e5ffc0 idx 0 fmt 1 regoff 0x0 n 10 (table contents not committed)
  load op 64 at 923: addr 0x505200538 idx 0 fmt 1 regoff 0x0 n 5 (table contents not committed)
  load op 9f at 1046: addr 0xfe0040068 idx 0 fmt 1 regoff 0x0 n 921 (table contents not committed)
  load op 9f at 1053: addr 0x5052019c8 idx 0 fmt 1 regoff 0x0 n 74 (table contents not committed)
  load op 63 at 1058: addr 0x908e5ff90 idx 0 fmt 1 regoff 0x0 n 6 (table contents not committed)
  load op 9f at 1063: addr 0x908e5ffc0 idx 0 fmt 1 regoff 0x0 n 10 (table contents not committed)
  load op 64 at 1068: addr 0x505200560 idx 0 fmt 1 regoff 0x0 n 5 (table contents not committed)
submit #57 dcb 1248 dwords at 0x504e02500: pass 151 rewrite 46 drop 45 unmapped 0 cc 6 mappings 446 ... OK rc 0 9.65 ms
state stack #57: push 3 pop 3 conditional 1 unmatched 0; restored 2763 regs (+2811 dwords); tables 11, unreadable 0
pipestat #57 (1248 dwords): ia_verts 9 ia_prims 3 vs 9 gs_inv 3 gs_prims 0 c_inv 3 c_prims 3 ps 0 cs 36864
flip 1/0 buffer 0x507410000 +0x1fe0000: sum 0x0 nonzero 0/8160 pattern 0
  target CB0 0x55675f000: distinct 3 min 0x00000000 max 0xffffffff,   target CB0 0x55675f000: nonzero 2/1024
  target CB0 0x563800000: distinct 1 min 0x00000000 max 0x00000000,   target CB0 0x563800000: nonzero 0/1024
  target CB0 0x55c00d000: distinct 4 min 0x00000000 max 0xffffffff,   target CB0 0x55c00d000: nonzero 147/1024
  target CB0 0x5637f0000: distinct 1 min 0x00000000 max 0x00000000,   target CB0 0x5637f0000: nonzero 0/1024
  target CB0 0x516830000: distinct 1 min 0x38003800 max 0x38003800,   target CB0 0x516830000: nonzero 1024/1024
map 0x507410000 +0x1fe0000 ...   target CB0 0x56c05e000: distinct 2 min 0x00000000 max 0xffffffff,   target CB0 0x56c05e000: nonzero 2/1024
  target DB_HTILE 0x514050000: distinct 2 min 0x00000000 max 0xfffffff0,   target DB_HTILE 0x514050000: nonzero 48/1024
  target DB_Z_READ 0x513560000: distinct 1 min 0x00000000 max 0x00000000,   target DB_Z_READ 0x513560000: nonzero 0/1024
  target DB_STENCIL_READ 0x513dd0000: distinct 3 min 0x00000000 max 0xfffffff0,   target DB_STENCIL_READ 0x513dd0000: nonzero 558/1024
  target CB0 0x510d10000: distinct 1 min 0x00000000 max 0x00000000,   target CB0 0x510d10000: nonzero 0/1024
  target CB0 0x556759000: distinct 3 min 0x00000000 max 0xffffffff,   target CB0 0x556759000: nonzero 8/1024
  target CB0 0x56d898000: distinct 4 min 0x00000000 max 0x3ec00000, ok
  target CB0 0x56d898000: nonzero 22/1024
  target CB0 0x512570000: distinct 1 min 0x70e270e2 max 0x70e270e2,   target CB0 0x512570000: nonzero 1024/1024
  target CB0 0x56c058000: distinct 3 min 0x00000000 max 0xffffffff,   target CB0 0x56c058000: nonzero 8/1024
  target DB_HTILE 0x55c050000: distinct 3 min 0x00000000 max 0xffffffff,   target DB_HTILE 0x55c050000: nonzero 144/1024
  target DB_Z_READ 0x527430000: distinct 1 min 0xffffffff max 0xffffffff,   target DB_Z_READ 0x527430000: nonzero 1024/1024
swapped pages taken as resident so far: 0
vmas 96 total 13062.4 MiB resident 1858.3 MiB mapped 1858.3 MiB
submit #58 acb 2 dwords at 0xfe003a200: pass 1 rewrite 0 drop 0 unmapped 0 cc 0 mappings 447 ... OK rc 0 9.33 ms
submit #59 acb 55 dwords at 0xfe00427a0: pass 7 rewrite 0 drop 1 unmapped 0 cc 0 mappings 447 ... OK rc 0 9.40 ms
submit #60 acb 2 dwords at 0xfe003a200: pass 1 rewrite 0 drop 0 unmapped 0 cc 0 mappings 447 ... OK rc 0 9.36 ms
submit #61 acb 55 dwords at 0xfe00427a0: pass 7 rewrite 0 drop 1 unmapped 0 cc 0 mappings 447 ... OK rc 0 9.41 ms
submit #62 acb 2 dwords at 0xfe003a200: pass 1 rewrite 0 drop 0 unmapped 0 cc 0 mappings 447 ... OK rc 0 9.33 ms
submit #63 acb 55 dwords at 0xfe00427a0: pass 7 rewrite 0 drop 1 unmapped 0 cc 0 mappings 447 ... OK rc 0 9.46 ms
submit #64 acb 2 dwords at 0xfe003a200: pass 1 rewrite 0 drop 0 unmapped 0 cc 0 mappings 447 ... OK rc 0 9.21 ms
submit #65 acb 55 dwords at 0xfe00427a0: pass 7 rewrite 0 drop 1 unmapped 0 cc 0 mappings 447 ... OK rc 0 9.31 ms
submit #66 acb 2 dwords at 0xfe003a200: pass 1 rewrite 0 drop 0 unmapped 0 cc 0 mappings 447 ... OK rc 0 9.34 ms
submit #67 acb 55 dwords at 0xfe00427a0: pass 7 rewrite 0 drop 1 unmapped 0 cc 0 mappings 447 ... OK rc 0 9.22 ms
submit #68 acb 2 dwords at 0xfe003a200: pass 1 rewrite 0 drop 0 unmapped 0 cc 0 mappings 447 ... OK rc 0 9.22 ms
submit #69 acb 55 dwords at 0xfe00427a0: pass 7 rewrite 0 drop 1 unmapped 0 cc 0 mappings 447 ... OK rc 0 9.38 ms
submit #70 acb 2 dwords at 0xfe003a200: pass 1 rewrite 0 drop 0 unmapped 0 cc 0 mappings 447 ... OK rc 0 9.42 ms
submit #71 acb 55 dwords at 0xfe00427a0: pass 7 rewrite 0 drop 1 unmapped 0 cc 0 mappings 447 ... OK rc 0 9.41 ms
submit #72 acb 2 dwords at 0xfe003a200: pass 1 rewrite 0 drop 0 unmapped 0 cc 0 mappings 447 ... OK rc 0 9.24 ms
submit #73 acb 55 dwords at 0xfe00427a0: pass 7 rewrite 0 drop 1 unmapped 0 cc 0 mappings 447 ... OK rc 0 9.30 ms
map 0xf00120000 +0x10000 ... ok
swapped pages taken as resident so far: 0
vmas 96 total 13062.4 MiB resident 1858.3 MiB mapped 1858.4 MiB
submit #74 acb 2 dwords at 0xfe003a200: pass 1 rewrite 0 drop 0 unmapped 0 cc 0 mappings 448 ... OK rc 0 9.29 ms
submit #75 acb 55 dwords at 0xfe00427a0: pass 7 rewrite 0 drop 1 unmapped 0 cc 0 mappings 448 ... OK rc 0 9.24 ms
submit #76 acb 2 dwords at 0xfe003a200: pass 1 rewrite 0 drop 0 unmapped 0 cc 0 mappings 448 ... OK rc 0 9.29 ms
submit #77 acb 55 dwords at 0xfe00427a0: pass 7 rewrite 0 drop 1 unmapped 0 cc 0 mappings 448 ... OK rc 0 9.19 ms
submit #78 acb 2 dwords at 0xfe003a200: pass 1 rewrite 0 drop 0 unmapped 0 cc 0 mappings 448 ... OK rc 0 9.21 ms
submit #79 acb 55 dwords at 0xfe00427a0: pass 7 rewrite 0 drop 1 unmapped 0 cc 0 mappings 448 ... OK rc 0 9.24 ms
acb head: 1287 of 1336 dwords go ahead of the wait at 1287 on 0x400202f80
submit #80 acb 1287 dwords at 0x4002a55c0: pass 118 rewrite 35 drop 63 unmapped 0 cc 0 mappings 448 ... OK rc 0 9.68 ms
cpu-wait WAIT_REG_MEM64 at 115 on 0x400202d40: satisfied after 1101.2 ms
submit #81 acb 2 dwords at 0xfe003a200: pass 1 rewrite 0 drop 0 unmapped 0 cc 0 mappings 448 ... OK rc 0 9.21 ms
submit #82 acb 55 dwords at 0xfe00427a0: pass 7 rewrite 0 drop 1 unmapped 0 cc 0 mappings 448 ... OK rc 0 9.35 ms
submit #83 acb 2 dwords at 0xfe003a200: pass 1 rewrite 0 drop 0 unmapped 0 cc 0 mappings 448 ... OK rc 0 9.37 ms
submit #84 acb 55 dwords at 0xfe00427a0: pass 7 rewrite 0 drop 1 unmapped 0 cc 0 mappings 448 ... OK rc 0 9.25 ms
submit #85 acb 2 dwords at 0xfe003a200: pass 1 rewrite 0 drop 0 unmapped 0 cc 0 mappings 448 ... OK rc 0 9.23 ms
submit #86 acb 55 dwords at 0xfe00427a0: pass 7 rewrite 0 drop 1 unmapped 0 cc 0 mappings 448 ... OK rc 0 9.19 ms
submit #87 acb 2 dwords at 0xfe003a200: pass 1 rewrite 0 drop 0 unmapped 0 cc 0 mappings 448 ... OK rc 0 9.19 ms
submit #88 acb 55 dwords at 0xfe00427a0: pass 7 rewrite 0 drop 1 unmapped 0 cc 0 mappings 448 ... OK rc 0 9.18 ms
submit #89 acb 2 dwords at 0xfe003a200: pass 1 rewrite 0 drop 0 unmapped 0 cc 0 mappings 448 ... OK rc 0 9.41 ms
submit #90 acb 55 dwords at 0xfe00427a0: pass 7 rewrite 0 drop 1 unmapped 0 cc 0 mappings 448 ... OK rc 0 9.17 ms
submit #91 acb 2 dwords at 0xfe003a200: pass 1 rewrite 0 drop 0 unmapped 0 cc 0 mappings 448 ... OK rc 0 9.11 ms
submit #92 acb 55 dwords at 0xfe00427a0: pass 7 rewrite 0 drop 1 unmapped 0 cc 0 mappings 448 ... OK rc 0 9.11 ms
submit #93 acb 2 dwords at 0xfe003a200: pass 1 rewrite 0 drop 0 unmapped 0 cc 0 mappings 448 ... OK rc 0 9.10 ms
submit #94 acb 55 dwords at 0xfe00427a0: pass 7 rewrite 0 drop 1 unmapped 0 cc 0 mappings 448 ... OK rc 0 9.09 ms
submit #95 acb 2 dwords at 0xfe003a200: pass 1 rewrite 0 drop 0 unmapped 0 cc 0 mappings 448 ... OK rc 0 9.07 ms
submit #96 acb 55 dwords at 0xfe00427a0: pass 7 rewrite 0 drop 1 unmapped 0 cc 0 mappings 448 ... OK rc 0 9.14 ms
submit #97 acb 2 dwords at 0xfe003a200: pass 1 rewrite 0 drop 0 unmapped 0 cc 0 mappings 448 ... OK rc 0 9.11 ms
cpu-wait WAIT_REG_MEM64 at 87 on 0x400202d80: satisfied after 0.0 ms
submit #98 acb 463 dwords at 0x4004867c0: pass 43 rewrite 11 drop 27 unmapped 0 cc 0 mappings 448 ... OK rc 0 9.40 ms
cpu-wait WAIT_REG_MEM64 at 1629 on 0x400202dc0: satisfied after 933.4 ms
cpu-wait WAIT_REG_MEM64 at 9340 on 0x55d4d00b6e60: satisfied after 0.0 ms
submit #99 acb 2 dwords at 0xfe003a200: pass 1 rewrite 0 drop 0 unmapped 0 cc 0 mappings 448 ... OK rc 0 9.12 ms
submit #100 acb 55 dwords at 0xfe00427a0: pass 7 rewrite 0 drop 1 unmapped 0 cc 0 mappings 448 ... OK rc 0 9.10 ms
hint CB0 0x5104a0000: window 0x50e4a0000+0x4000000, mapped +8.4 MiB
hint CB0 0x56d88c000: window 0x56b880000+0x4000000, mapped +0.0 MiB
hint CB0 0x514080000: window 0x512080000+0x4000000, mapped +0.0 MiB
hint CB0 0x56d8b8000: window 0x56b8b0000+0x4000000, mapped +0.1 MiB
hint CB0 0x53ad00000: window 0x538d00000+0x4000000, mapped +13.0 MiB
hint CB0 0x570800000: window 0x56e800000+0x4000000, mapped +46.1 MiB
hint CB0 0x53b9f0000: window 0x5399f0000+0x4000000, mapped +12.9 MiB
hint CB0 0x53be70000: window 0x539e70000+0x4000000, mapped +4.5 MiB
hint CB0 0x53aa00000: window 0x538a00000+0x4000000, mapped +0.0 MiB
hint CB0 0x57082c000: window 0x56e820000+0x4000000, mapped +0.1 MiB
hint CB0 0x5708cc000: window 0x56e8c0000+0x4000000, mapped +0.6 MiB
hint CB0 0x53a500000: window 0x538500000+0x4000000, mapped +0.0 MiB
hint CB0 0x5708e4000: window 0x56e8e0000+0x4000000, mapped +0.1 MiB
hint CB0 0x53b270000: window 0x539270000+0x4000000, mapped +0.0 MiB
hint CB0 0x53b330000: window 0x539330000+0x4000000, mapped +0.0 MiB
hint CB0 0x53b3f0000: window 0x5393f0000+0x4000000, mapped +0.0 MiB
hint CB0 0x53b430000: window 0x539430000+0x4000000, mapped +0.0 MiB
hint CB0 0x53b470000: window 0x539470000+0x4000000, mapped +0.0 MiB
hint CB0 0x53b480000: window 0x539480000+0x4000000, mapped +0.0 MiB
hint CB0 0x53d410000: window 0x53b410000+0x4000000, mapped +1.6 MiB
hint CB0 0x5708d8000: window 0x56e8d0000+0x4000000, mapped +0.0 MiB
hint CB0 0x570854000: window 0x56e850000+0x4000000, mapped +0.0 MiB
hint CB0 0x507410000: window 0x505410000+0x4000000, mapped +31.7 MiB
  indirect op 16 at 1246: base 0x5074063c0 +0x0 -> 1 1 1 0 0
  indirect op 16 at 1278: base 0x5074063e0 +0x0 -> 1 1 1 0 0
  indirect op 16 at 1310: base 0x50740a520 +0x0 -> 1 1 1 0 0
  indirect op 16 at 1342: base 0x50740a540 +0x0 -> 1 1 1 0 0
  indirect op 25 at 4584: base 0x56ddaffa0 +0x0 -> 1 512 0 0 0
  load op 9f at 28: addr 0xfe0040068 idx 0 fmt 1 regoff 0x0 n 921 (table contents not committed)
  load op 63 at 33: addr 0xfe0042068 idx 0 fmt 1 regoff 0x0 n 174 (table contents not committed)
  load op 64 at 38: addr 0xfe00425d8 idx 0 fmt 1 regoff 0x0 n 57 (table contents not committed)
  load op 9f at 80: addr 0x502e01500 idx 0 fmt 1 regoff 0x0 n 295 (table contents not committed)
  load op 64 at 85: addr 0x502e00500 idx 0 fmt 1 regoff 0x0 n 7 (table contents not committed)
  load op 63 at 90: addr 0x502dff500 idx 0 fmt 1 regoff 0x0 n 13 (table contents not committed)
  load op 63 at 342: addr 0x502dff568 idx 0 fmt 1 regoff 0x0 n 10 (table contents not committed)
  load op 63 at 734: addr 0x502dff5b8 idx 0 fmt 1 regoff 0x0 n 18 (table contents not committed)
  load op 63 at 1217: addr 0x502dff648 idx 0 fmt 1 regoff 0x0 n 10 (table contents not committed)
  load op 63 at 1249: addr 0x502dff698 idx 0 fmt 1 regoff 0x0 n 10 (table contents not committed)
  load op 63 at 1281: addr 0x502dff6e8 idx 0 fmt 1 regoff 0x0 n 10 (table contents not committed)
  load op 63 at 1313: addr 0x502dff738 idx 0 fmt 1 regoff 0x0 n 10 (table contents not committed)
  load op 9f at 1724: addr 0xfe0040068 idx 0 fmt 1 regoff 0x0 n 921 (table contents not committed)
  load op 9f at 1731: addr 0x502e01e38 idx 0 fmt 1 regoff 0x0 n 74 (table contents not committed)
  load op 63 at 1736: addr 0x908e5ff90 idx 0 fmt 1 regoff 0x0 n 6 (table contents not committed)
  load op 9f at 1741: addr 0x908e5ffc0 idx 0 fmt 1 regoff 0x0 n 10 (table contents not committed)
  load op 64 at 1746: addr 0x502e00538 idx 0 fmt 1 regoff 0x0 n 5 (table contents not committed)
  load op 9f at 1799: addr 0x502e02088 idx 0 fmt 1 regoff 0x0 n 132 (table contents not committed)
  load op 63 at 1804: addr 0x502dff788 idx 0 fmt 1 regoff 0x0 n 30 (table contents not committed)
  load op 64 at 1884: addr 0x502e00560 idx 0 fmt 1 regoff 0x0 n 5 (table contents not committed)
  load op 9f at 1891: addr 0x502dfd440 idx 0 fmt 1 regoff 0x0 n 175 (table contents not committed)
  load op 63 at 2106: addr 0x502dff878 idx 0 fmt 1 regoff 0x0 n 20 (table contents not committed)
  load op 9f at 3069: addr 0xfe0040068 idx 0 fmt 1 regoff 0x0 n 921 (table contents not committed)
  load op 9f at 3076: addr 0x502dfd9b8 idx 0 fmt 1 regoff 0x0 n 70 (table contents not committed)
  load op 63 at 3081: addr 0x908e5ff90 idx 0 fmt 1 regoff 0x0 n 6 (table contents not committed)
  load op 9f at 3086: addr 0x908e5ffc0 idx 0 fmt 1 regoff 0x0 n 10 (table contents not committed)
  load op 63 at 3091: addr 0x908e5f7d0 idx 0 fmt 1 regoff 0x0 n 6 (table contents not committed)
  load op 9f at 3096: addr 0x908e5f800 idx 0 fmt 1 regoff 0x0 n 9 (table contents not committed)
  load op 64 at 3101: addr 0x502e00588 idx 0 fmt 1 regoff 0x0 n 5 (table contents not committed)
  load op 9f at 3140: addr 0x502dfdbe8 idx 0 fmt 1 regoff 0x0 n 19 (table contents not committed)
  load op 63 at 3145: addr 0x502dff918 idx 0 fmt 1 regoff 0x0 n 12 (table contents not committed)
  load op 9f at 3268: addr 0xfe0040068 idx 0 fmt 1 regoff 0x0 n 921 (table contents not committed)
  load op 9f at 3275: addr 0x502dfdc80 idx 0 fmt 1 regoff 0x0 n 74 (table contents not committed)
  load op 63 at 3280: addr 0x908e5ff90 idx 0 fmt 1 regoff 0x0 n 6 (table contents not committed)
  load op 9f at 3285: addr 0x908e5ffc0 idx 0 fmt 1 regoff 0x0 n 10 (table contents not committed)
  load op 64 at 3290: addr 0x502e005b0 idx 0 fmt 1 regoff 0x0 n 5 (table contents not committed)
  load op 9f at 3329: addr 0x502dfded0 idx 0 fmt 1 regoff 0x0 n 166 (table contents not committed)
  load op 63 at 3334: addr 0x502dff978 idx 0 fmt 1 regoff 0x0 n 30 (table contents not committed)
  load op 64 at 3430: addr 0x502e005d8 idx 0 fmt 1 regoff 0x0 n 5 (table contents not committed)
  load op 9f at 3437: addr 0x502dfc320 idx 0 fmt 1 regoff 0x0 n 135 (table contents not committed)
  load op 63 at 3675: addr 0x502dffa68 idx 0 fmt 1 regoff 0x0 n 36 (table contents not committed)
  load op 64 at 4540: addr 0x502e00600 idx 0 fmt 1 regoff 0x0 n 6 (table contents not committed)
  load op 9f at 4545: addr 0x502dfc758 idx 0 fmt 1 regoff 0x0 n 376 (table contents not committed)
  load op 9f at 4552: addr 0x502dfb118 idx 0 fmt 1 regoff 0x0 n 205 (table contents not committed)
  load op 9f at 4853: addr 0xfe0040068 idx 0 fmt 1 regoff 0x0 n 921 (table contents not committed)
  load op 9f at 4860: addr 0x502dfb780 idx 0 fmt 1 regoff 0x0 n 74 (table contents not committed)
  load op 63 at 4865: addr 0x908e5ff90 idx 0 fmt 1 regoff 0x0 n 6 (table contents not committed)
  load op 9f at 4870: addr 0x908e5ffc0 idx 0 fmt 1 regoff 0x0 n 10 (table contents not committed)
  load op 64 at 4875: addr 0x502e00630 idx 0 fmt 1 regoff 0x0 n 5 (table contents not committed)
  load op 63 at 4914: addr 0x502dffb88 idx 0 fmt 1 regoff 0x0 n 21 (table contents not committed)
  load op 9f at 4925: addr 0x502dfb9d0 idx 0 fmt 1 regoff 0x0 n 223 (table contents not committed)
  load op 63 at 5714: addr 0x502dffc30 idx 0 fmt 1 regoff 0x0 n 10 (table contents not committed)
  load op 63 at 5831: addr 0x502dffc80 idx 0 fmt 1 regoff 0x0 n 28 (table contents not committed)
  load op 64 at 5910: addr 0x502e00658 idx 0 fmt 1 regoff 0x0 n 5 (table contents not committed)
  load op 9f at 5917: addr 0x502df9e30 idx 0 fmt 1 regoff 0x0 n 67 (table contents not committed)
  load op 9f at 6045: addr 0x502dfa048 idx 0 fmt 1 regoff 0x0 n 121 (table contents not committed)
  load op 63 at 6050: addr 0x502dffd60 idx 0 fmt 1 regoff 0x0 n 18 (table contents not committed)
  load op 64 at 6055: addr 0x502e00680 idx 0 fmt 1 regoff 0x0 n 3 (table contents not committed)
  load op 9f at 6204: addr 0x502dfa410 idx 0 fmt 1 regoff 0x0 n 121 (table contents not committed)
  load op 63 at 6209: addr 0x502dffdf0 idx 0 fmt 1 regoff 0x0 n 18 (table contents not committed)
  load op 64 at 6214: addr 0x502e00698 idx 0 fmt 1 regoff 0x0 n 3 (table contents not committed)
  load op 63 at 6578: addr 0x502dffe80 idx 0 fmt 1 regoff 0x0 n 10 (table contents not committed)
  load op 9f at 7058: addr 0x502dfa7d8 idx 0 fmt 1 regoff 0x0 n 195 (table contents not committed)
  load op 9f at 7063: addr 0x502df8d80 idx 0 fmt 1 regoff 0x0 n 85 (table contents not committed)
  load op 63 at 7068: addr 0x502dffed0 idx 0 fmt 1 regoff 0x0 n 18 (table contents not committed)
  load op 64 at 7073: addr 0x502e006b0 idx 0 fmt 1 regoff 0x0 n 3 (table contents not committed)
  load op 9f at 7186: addr 0x502df9028 idx 0 fmt 1 regoff 0x0 n 129 (table contents not committed)
  load op 63 at 7191: addr 0x502dfff60 idx 0 fmt 1 regoff 0x0 n 18 (table contents not committed)
  load op 64 at 7196: addr 0x502e006c8 idx 0 fmt 1 regoff 0x0 n 3 (table contents not committed)
  load op 9f at 7309: addr 0x502df9430 idx 0 fmt 1 regoff 0x0 n 129 (table contents not committed)
  load op 63 at 7314: addr 0x502dffff0 idx 0 fmt 1 regoff 0x0 n 18 (table contents not committed)
  load op 64 at 7319: addr 0x502e006e0 idx 0 fmt 1 regoff 0x0 n 3 (table contents not committed)
  load op 9f at 7432: addr 0x502df9838 idx 0 fmt 1 regoff 0x0 n 58 (table contents not committed)
  load op 9f at 7537: addr 0x502df9a08 idx 0 fmt 1 regoff 0x0 n 66 (table contents not committed)
  load op 9f at 7642: addr 0x502df9c18 idx 0 fmt 1 regoff 0x0 n 37 (table contents not committed)
  load op 9f at 7647: addr 0x502df7300 idx 0 fmt 1 regoff 0x0 n 21 (table contents not committed)
  load op 9f at 7752: addr 0x502df73a8 idx 0 fmt 1 regoff 0x0 n 66 (table contents not committed)
  load op 9f at 7857: addr 0x502df75b8 idx 0 fmt 1 regoff 0x0 n 58 (table contents not committed)
  load op 9f at 7962: addr 0x502df7788 idx 0 fmt 1 regoff 0x0 n 130 (table contents not committed)
  load op 63 at 7967: addr 0x502e00080 idx 0 fmt 1 regoff 0x0 n 18 (table contents not committed)
  load op 64 at 7972: addr 0x502e006f8 idx 0 fmt 1 regoff 0x0 n 3 (table contents not committed)
  load op 9f at 8099: addr 0x502df7b98 idx 0 fmt 1 regoff 0x0 n 135 (table contents not committed)
  load op 63 at 8104: addr 0x502e00110 idx 0 fmt 1 regoff 0x0 n 18 (table contents not committed)
  load op 64 at 8109: addr 0x502e00710 idx 0 fmt 1 regoff 0x0 n 3 (table contents not committed)
  load op 63 at 8687: addr 0x502e001a0 idx 0 fmt 1 regoff 0x0 n 10 (table contents not committed)
  load op 63 at 9273: addr 0x502e001f0 idx 0 fmt 1 regoff 0x0 n 28 (table contents not committed)
  load op 64 at 9381: addr 0x502e00728 idx 0 fmt 1 regoff 0x0 n 5 (table contents not committed)
  load op 9f at 9386: addr 0x502df7fd0 idx 0 fmt 1 regoff 0x0 n 97 (table contents not committed)
  load op 9f at 9393: addr 0x502df5868 idx 0 fmt 1 regoff 0x0 n 183 (table contents not committed)
submit #101 dcb 9891 dwords at 0x502702500: pass 669 rewrite 494 drop 434 unmapped 1 cc 8 mappings 473 ... OK rc 0 12.34 ms
state stack #101: push 4 pop 4 conditional 1 unmatched 0; restored 3684 regs (+3748 dwords); tables 40, unreadable 0
pipestat #101 (9891 dwords): ia_verts 575 ia_prims 533 vs 575 gs_inv 533 gs_prims 0 c_inv 192 c_prims 25 ps 29068656 cs 6754305
map 0x3249b0000 +0xd0000 ... ok
map 0x5034f0000 +0x20000 ... ok
map 0x5049f0000 +0x20000 ... ok
map 0x50e430000 +0x10000 ... ok
swapped pages taken as resident so far: 0
vmas 96 total 13062.4 MiB resident 1978.6 MiB mapped 1978.8 MiB
submit #102 acb 2 dwords at 0xfe003a200: pass 1 rewrite 0 drop 0 unmapped 0 cc 0 mappings 477 ... OK rc 0 10.18 ms
map 0x200248000 +0x10000 ... ok
map 0x300c68000 +0x10000 ... ok
swapped pages taken as resident so far: 0
vmas 96 total 13062.5 MiB resident 1978.8 MiB mapped 1978.9 MiB
submit #103 acb 55 dwords at 0xfe00427a0: pass 7 rewrite 0 drop 1 unmapped 0 cc 0 mappings 479 ... OK rc 0 9.80 ms
submit #104 cc 3 dwords at 0x313b17cf4: pass 0 rewrite 1 drop 0 unmapped 0 cc 1 mappings 479 ... OK rc 0 9.73 ms
submit #105 acb 2 dwords at 0xfe003a200: pass 1 rewrite 0 drop 0 unmapped 0 cc 0 mappings 479 ... OK rc 0 9.76 ms
submit #106 acb 55 dwords at 0xfe00427a0: pass 7 rewrite 0 drop 1 unmapped 0 cc 0 mappings 479 ... OK rc 0 9.72 ms
  load op 61 at 10: base 0xfe0008000 pairs (0x0,215) (0xd8,272) (0x1f5,4) (0x1ff,158) (0x2a0,2) (0x2a3,1) (0x2a5,66) (0x2f5,203)
  load op 5f at 29: base 0xfe0010000 pairs (0x1,1) (0x6,38) (0x32,4) (0x80,4) (0x87,37) (0xb2,4) (0xc8,2) (0x100,4) (0x107,37) (0x132,4) (0x148,2) (0x204,3) (0x20c,2) (0x212,2) (0x215,6) (0x224,5) (0x22a,1) (0x240,16) (0x27d,1) (0x280,1) (0x207,3)
  load op 5e at 74: base 0xfe0011000 pairs (0x35,8) (0xa2,1) (0x242,1) (0x248,1) (0x24a,2) (0x25b,6) (0x262,1) (0x2bb,5) (0x2c4,16) (0x2e4,8) (0x380,2) (0x383,2) (0x41d,3) (0x24d,1)
  load op 61 at 105: base 0xfe0008000 pairs (0x0,0)
  load op 5f at 110: base 0xfe0010000 pairs (0x0,0)
  load op 5e at 115: base 0xfe0011000 pairs (0x0,0)
  load op 61 at 125: base 0xfe0008000 pairs (0x0,0)
  load op 5f at 130: base 0xfe0010000 pairs (0x0,0)
  load op 5e at 135: base 0xfe0011000 pairs (0x0,0)
submit #107 hib 150 dwords at 0xfe0000000: pass 12 rewrite 2 drop 2 unmapped 0 cc 2 mappings 479 ... OK rc 0 9.87 ms
submit #108 acb 2 dwords at 0xfe003a200: pass 1 rewrite 0 drop 0 unmapped 0 cc 0 mappings 479 ... OK rc 0 9.87 ms
submit #109 acb 55 dwords at 0xfe00427a0: pass 7 rewrite 0 drop 1 unmapped 0 cc 0 mappings 479 ... OK rc 0 9.80 ms
map 0xf00130000 +0x10000 ... ok
swapped pages taken as resident so far: 0
vmas 96 total 13062.5 MiB resident 1978.9 MiB mapped 1978.9 MiB
submit #110 hib 2 dwords at 0xfe003a200: pass 1 rewrite 0 drop 0 unmapped 0 cc 0 mappings 480 ... OK rc 0 9.83 ms
submit #111 acb 2 dwords at 0xfe003a200: pass 1 rewrite 0 drop 0 unmapped 0 cc 0 mappings 480 ... OK rc 0 9.84 ms
submit #112 acb 55 dwords at 0xfe00427a0: pass 7 rewrite 0 drop 1 unmapped 0 cc 0 mappings 480 ... OK rc 0 9.77 ms
submit #113 acb 2 dwords at 0xfe003a200: pass 1 rewrite 0 drop 0 unmapped 0 cc 0 mappings 480 ... OK rc 0 9.76 ms
submit #114 acb 55 dwords at 0xfe00427a0: pass 7 rewrite 0 drop 1 unmapped 0 cc 0 mappings 480 ... OK rc 0 9.78 ms
  load op 9f at 38: addr 0xfe0040068 idx 0 fmt 1 regoff 0x0 n 921 (table contents not committed)
  load op 63 at 43: addr 0xfe0042068 idx 0 fmt 1 regoff 0x0 n 174 (table contents not committed)
  load op 64 at 48: addr 0xfe00425d8 idx 0 fmt 1 regoff 0x0 n 49 (table contents not committed)
submit #115 dcb 96 dwords at 0xfe0042920: pass 20 rewrite 2 drop 2 unmapped 0 cc 0 mappings 480 ... OK rc 0 9.99 ms
submit #116 acb 2 dwords at 0xfe003a200: pass 1 rewrite 0 drop 0 unmapped 0 cc 0 mappings 480 ... OK rc 0 9.76 ms
submit #117 acb 55 dwords at 0xfe00427a0: pass 7 rewrite 0 drop 1 unmapped 0 cc 0 mappings 480 ... OK rc 0 9.80 ms
  load op 9f at 36: addr 0xfe0040068 idx 0 fmt 1 regoff 0x0 n 921 (table contents not committed)
  load op 63 at 41: addr 0xfe0042068 idx 0 fmt 1 regoff 0x0 n 174 (table contents not committed)
  load op 64 at 46: addr 0xfe00425d8 idx 0 fmt 1 regoff 0x0 n 57 (table contents not committed)
  load op 9f at 88: addr 0x504a01500 idx 0 fmt 1 regoff 0x0 n 136 (table contents not committed)
  load op 64 at 93: addr 0x504a00500 idx 0 fmt 1 regoff 0x0 n 3 (table contents not committed)
  load op 63 at 98: addr 0x5049ff500 idx 0 fmt 1 regoff 0x0 n 3 (table contents not committed)
  load op 9f at 1541: addr 0xfe0040068 idx 0 fmt 1 regoff 0x0 n 921 (table contents not committed)
  load op 9f at 1548: addr 0x504a01940 idx 0 fmt 1 regoff 0x0 n 70 (table contents not committed)
  load op 63 at 1553: addr 0x908e5ff90 idx 0 fmt 1 regoff 0x0 n 6 (table contents not committed)
  load op 9f at 1558: addr 0x908e5ffc0 idx 0 fmt 1 regoff 0x0 n 10 (table contents not committed)
  load op 63 at 1563: addr 0x908e5f7d0 idx 0 fmt 1 regoff 0x0 n 6 (table contents not committed)
  load op 9f at 1568: addr 0x908e5f800 idx 0 fmt 1 regoff 0x0 n 9 (table contents not committed)
  load op 64 at 1573: addr 0x504a00518 idx 0 fmt 1 regoff 0x0 n 5 (table contents not committed)
  load op 9f at 1691: addr 0x504a01b70 idx 0 fmt 1 regoff 0x0 n 131 (table contents not committed)
  load op 64 at 1698: addr 0x504a00540 idx 0 fmt 1 regoff 0x0 n 1 (table contents not committed)
  load op 9f at 1730: addr 0xfe0040068 idx 0 fmt 1 regoff 0x0 n 921 (table contents not committed)
  load op 9f at 1737: addr 0x504a01f88 idx 0 fmt 1 regoff 0x0 n 70 (table contents not committed)
  load op 63 at 1742: addr 0x908e5ff90 idx 0 fmt 1 regoff 0x0 n 6 (table contents not committed)
  load op 9f at 1747: addr 0x908e5ffc0 idx 0 fmt 1 regoff 0x0 n 10 (table contents not committed)
  load op 63 at 1752: addr 0x908e5f7d0 idx 0 fmt 1 regoff 0x0 n 6 (table contents not committed)
  load op 9f at 1757: addr 0x908e5f800 idx 0 fmt 1 regoff 0x0 n 9 (table contents not committed)
  load op 64 at 1762: addr 0x504a00548 idx 0 fmt 1 regoff 0x0 n 5 (table contents not committed)
  load op 63 at 1858: addr 0x5049ff518 idx 0 fmt 1 regoff 0x0 n 10 (table contents not committed)
  load op 63 at 2049: addr 0x5049ff568 idx 0 fmt 1 regoff 0x0 n 28 (table contents not committed)
  load op 64 at 2123: addr 0x504a00570 idx 0 fmt 1 regoff 0x0 n 5 (table contents not committed)
  load op 9f at 2130: addr 0x504a021b8 idx 0 fmt 1 regoff 0x0 n 96 (table contents not committed)
  load op 9f at 2135: addr 0x5049fe390 idx 0 fmt 1 regoff 0x0 n 194 (table contents not committed)
submit #118 dcb 2647 dwords at 0x504302500: pass 236 rewrite 123 drop 120 unmapped 0 cc 4 mappings 480 ... OK rc 0 10.12 ms
state stack #118: push 2 pop 2 conditional 1 unmatched 0; restored 1842 regs (+1874 dwords); tables 13, unreadable 0
pipestat #118 (2647 dwords): ia_verts 9 ia_prims 3 vs 9 gs_inv 3 gs_prims 0 c_inv 3 c_prims 3 ps 2073600 cs 1244160
submit #119 acb 2 dwords at 0xfe003a200: pass 1 rewrite 0 drop 0 unmapped 0 cc 0 mappings 480 ... OK rc 0 9.77 ms
submit #120 acb 55 dwords at 0xfe00427a0: pass 7 rewrite 0 drop 1 unmapped 0 cc 0 mappings 480 ... OK rc 0 9.76 ms
  load op 9f at 38: addr 0xfe0040068 idx 0 fmt 1 regoff 0x0 n 921 (table contents not committed)
  load op 63 at 43: addr 0xfe0042068 idx 0 fmt 1 regoff 0x0 n 174 (table contents not committed)
  load op 64 at 48: addr 0xfe00425d8 idx 0 fmt 1 regoff 0x0 n 57 (table contents not committed)
  load op 9f at 90: addr 0x506201500 idx 0 fmt 1 regoff 0x0 n 5 (table contents not committed)
  load op 64 at 95: addr 0x506200500 idx 0 fmt 1 regoff 0x0 n 2 (table contents not committed)
  load op 63 at 100: addr 0x5061ff500 idx 0 fmt 1 regoff 0x0 n 3 (table contents not committed)
submit #121 dcb 851 dwords at 0x505e02500: pass 47 rewrite 55 drop 45 unmapped 0 cc 0 mappings 480 ... OK rc 0 9.82 ms
pipestat #121 (851 dwords): ia_verts 0 ia_prims 0 vs 0 gs_inv 0 gs_prims 0 c_inv 0 c_prims 0 ps 0 cs 81920
submit #122 acb 2 dwords at 0xfe003a200: pass 1 rewrite 0 drop 0 unmapped 0 cc 0 mappings 480 ... OK rc 0 9.72 ms
submit #123 acb 55 dwords at 0xfe00427a0: pass 7 rewrite 0 drop 1 unmapped 0 cc 0 mappings 480 ... OK rc 0 9.74 ms
  load op 9f at 35: addr 0xfe0040068 idx 0 fmt 1 regoff 0x0 n 921 (table contents not committed)
  load op 63 at 40: addr 0xfe0042068 idx 0 fmt 1 regoff 0x0 n 174 (table contents not committed)
  load op 64 at 45: addr 0xfe00425d8 idx 0 fmt 1 regoff 0x0 n 57 (table contents not committed)
  load op 9f at 87: addr 0x507401500 idx 0 fmt 1 regoff 0x0 n 136 (table contents not committed)
  load op 64 at 92: addr 0x507400500 idx 0 fmt 1 regoff 0x0 n 3 (table contents not committed)
  load op 63 at 97: addr 0x5073ff500 idx 0 fmt 1 regoff 0x0 n 3 (table contents not committed)
  load op 9f at 212: addr 0xfe0040068 idx 0 fmt 1 regoff 0x0 n 921 (table contents not committed)
  load op 9f at 219: addr 0x507401940 idx 0 fmt 1 regoff 0x0 n 70 (table contents not committed)
  load op 63 at 224: addr 0x908e5ff90 idx 0 fmt 1 regoff 0x0 n 6 (table contents not committed)
  load op 9f at 229: addr 0x908e5ffc0 idx 0 fmt 1 regoff 0x0 n 10 (table contents not committed)
  load op 63 at 234: addr 0x908e5f7d0 idx 0 fmt 1 regoff 0x0 n 6 (table contents not committed)
  load op 9f at 239: addr 0x908e5f800 idx 0 fmt 1 regoff 0x0 n 9 (table contents not committed)
  load op 64 at 244: addr 0x507400518 idx 0 fmt 1 regoff 0x0 n 5 (table contents not committed)
  load op 9f at 340: addr 0x507401b70 idx 0 fmt 1 regoff 0x0 n 131 (table contents not committed)
  load op 64 at 347: addr 0x507400540 idx 0 fmt 1 regoff 0x0 n 1 (table contents not committed)
  load op 9f at 379: addr 0xfe0040068 idx 0 fmt 1 regoff 0x0 n 921 (table contents not committed)
  load op 9f at 386: addr 0x507401f88 idx 0 fmt 1 regoff 0x0 n 70 (table contents not committed)
  load op 63 at 391: addr 0x908e5ff90 idx 0 fmt 1 regoff 0x0 n 6 (table contents not committed)
  load op 9f at 396: addr 0x908e5ffc0 idx 0 fmt 1 regoff 0x0 n 10 (table contents not committed)
  load op 63 at 401: addr 0x908e5f7d0 idx 0 fmt 1 regoff 0x0 n 6 (table contents not committed)
  load op 9f at 406: addr 0x908e5f800 idx 0 fmt 1 regoff 0x0 n 9 (table contents not committed)
  load op 64 at 411: addr 0x507400548 idx 0 fmt 1 regoff 0x0 n 5 (table contents not committed)
  load op 9f at 548: addr 0x5074021b8 idx 0 fmt 1 regoff 0x0 n 98 (table contents not committed)
  load op 64 at 555: addr 0x507400570 idx 0 fmt 1 regoff 0x0 n 1 (table contents not committed)
  load op 9f at 560: addr 0x5073fe500 idx 0 fmt 1 regoff 0x0 n 33 (table contents not committed)
  load op 9f at 592: addr 0xfe0040068 idx 0 fmt 1 regoff 0x0 n 921 (table contents not committed)
  load op 9f at 599: addr 0x5073fe608 idx 0 fmt 1 regoff 0x0 n 70 (table contents not committed)
  load op 63 at 604: addr 0x908e5ff90 idx 0 fmt 1 regoff 0x0 n 6 (table contents not committed)
  load op 9f at 609: addr 0x908e5ffc0 idx 0 fmt 1 regoff 0x0 n 10 (table contents not committed)
  load op 63 at 614: addr 0x908e5f7d0 idx 0 fmt 1 regoff 0x0 n 6 (table contents not committed)
  load op 9f at 619: addr 0x908e5f800 idx 0 fmt 1 regoff 0x0 n 9 (table contents not committed)
  load op 64 at 624: addr 0x507400578 idx 0 fmt 1 regoff 0x0 n 5 (table contents not committed)
submit #124 dcb 798 dwords at 0x506e02500: pass 103 rewrite 35 drop 22 unmapped 0 cc 6 mappings 480 ... OK rc 0 10.29 ms
state stack #124: push 3 pop 3 conditional 1 unmatched 0; restored 2763 regs (+2811 dwords); tables 17, unreadable 0
pipestat #124 (798 dwords): ia_verts 9 ia_prims 3 vs 9 gs_inv 3 gs_prims 0 c_inv 3 c_prims 3 ps 0 cs 0
submit #125 acb 2 dwords at 0xfe003a200: pass 1 rewrite 0 drop 0 unmapped 0 cc 0 mappings 480 ... OK rc 0 9.74 ms
submit #126 acb 55 dwords at 0xfe00427a0: pass 7 rewrite 0 drop 1 unmapped 0 cc 0 mappings 480 ... OK rc 0 9.72 ms
  load op 9f at 36: addr 0xfe0040068 idx 0 fmt 1 regoff 0x0 n 921 (table contents not committed)
  load op 63 at 41: addr 0xfe0042068 idx 0 fmt 1 regoff 0x0 n 174 (table contents not committed)
  load op 64 at 46: addr 0xfe00425d8 idx 0 fmt 1 regoff 0x0 n 57 (table contents not committed)
  load op 9f at 88: addr 0x505601500 idx 0 fmt 1 regoff 0x0 n 5 (table contents not committed)
  load op 64 at 93: addr 0x505600500 idx 0 fmt 1 regoff 0x0 n 2 (table contents not committed)
  load op 63 at 98: addr 0x5055ff500 idx 0 fmt 1 regoff 0x0 n 3 (table contents not committed)
  load op 9f at 756: addr 0xfe0040068 idx 0 fmt 1 regoff 0x0 n 921 (table contents not committed)
  load op 9f at 763: addr 0x505601528 idx 0 fmt 1 regoff 0x0 n 74 (table contents not committed)
  load op 63 at 768: addr 0x908e5ff90 idx 0 fmt 1 regoff 0x0 n 6 (table contents not committed)
  load op 9f at 773: addr 0x908e5ffc0 idx 0 fmt 1 regoff 0x0 n 10 (table contents not committed)
  load op 64 at 778: addr 0x505600510 idx 0 fmt 1 regoff 0x0 n 5 (table contents not committed)
  load op 9f at 901: addr 0xfe0040068 idx 0 fmt 1 regoff 0x0 n 921 (table contents not committed)
  load op 9f at 908: addr 0x505601778 idx 0 fmt 1 regoff 0x0 n 74 (table contents not committed)
  load op 63 at 913: addr 0x908e5ff90 idx 0 fmt 1 regoff 0x0 n 6 (table contents not committed)
  load op 9f at 918: addr 0x908e5ffc0 idx 0 fmt 1 regoff 0x0 n 10 (table contents not committed)
  load op 64 at 923: addr 0x505600538 idx 0 fmt 1 regoff 0x0 n 5 (table contents not committed)
  load op 9f at 1046: addr 0xfe0040068 idx 0 fmt 1 regoff 0x0 n 921 (table contents not committed)
  load op 9f at 1053: addr 0x5056019c8 idx 0 fmt 1 regoff 0x0 n 74 (table contents not committed)
  load op 63 at 1058: addr 0x908e5ff90 idx 0 fmt 1 regoff 0x0 n 6 (table contents not committed)
  load op 9f at 1063: addr 0x908e5ffc0 idx 0 fmt 1 regoff 0x0 n 10 (table contents not committed)
  load op 64 at 1068: addr 0x505600560 idx 0 fmt 1 regoff 0x0 n 5 (table contents not committed)
submit #127 dcb 1248 dwords at 0x505202500: pass 151 rewrite 46 drop 45 unmapped 0 cc 6 mappings 480 ... OK rc 0 9.94 ms
state stack #127: push 3 pop 3 conditional 1 unmatched 0; restored 2763 regs (+2811 dwords); tables 11, unreadable 0
pipestat #127 (1248 dwords): ia_verts 9 ia_prims 3 vs 9 gs_inv 3 gs_prims 0 c_inv 3 c_prims 3 ps 0 cs 36864
flip 1/1 buffer 0x5093f0000 +0x1fe0000: sum 0x0 nonzero 0/8160 pattern 0
  target CB0 0x507410000: distinct 53 min 0xc0000000 max 0xc340d034,   target CB0 0x507410000: nonzero 1024/1024
  target CB0 0x563800000: distinct 1 min 0x00000000 max 0x00000000,   target CB0 0x563800000: nonzero 0/1024
  target CB0 0x55c00d000: distinct 4 min 0x00000000 max 0xffffffff,   target CB0 0x55c00d000: nonzero 147/1024
  target CB0 0x5637f0000: distinct 1 min 0x00000000 max 0x00000000,   target CB0 0x5637f0000: nonzero 0/1024
  target CB0 0x516830000: distinct 1 min 0x38003800 max 0x38003800,   target CB0 0x516830000: nonzero 1024/1024
  target CB0 0x56c05e000: distinct 2 min 0x00000000 max 0xffffffff,   target CB0 0x56c05e000: nonzero 2/1024
  target DB_HTILE 0x514050000: distinct 2 min 0x00000000 max 0xfffffff0,   target DB_HTILE 0x514050000: nonzero 48/1024
  target DB_Z_READ 0x513560000: distinct 1 min 0x3f800000 max 0x3f800000,   target DB_Z_READ 0x513560000: nonzero 1024/1024
  target DB_STENCIL_READ 0x513dd0000: distinct 3 min 0x00000000 max 0xfffffff0,   target DB_STENCIL_READ 0x513dd0000: nonzero 558/1024
  target CB0 0x510d10000: distinct 1 min 0x00000000 max 0x00000000,   target CB0 0x510d10000: nonzero 0/1024
  target CB0 0x556759000: distinct 3 min 0x00000000 max 0xffffffff,   target CB0 0x556759000: nonzero 8/1024
  target CB0 0x56d898000: distinct 4 min 0x00000000 max 0x3ec00000, map 0x509410000 +0x1fc0000 ...   target CB0 0x56d898000: nonzero 22/1024
  target CB0 0x512570000: distinct 1 min 0x00000000 max 0x00000000,   target CB0 0x512570000: nonzero 0/1024
  target CB0 0x56c058000: distinct 3 min 0x00000000 max 0xffffffff,   target CB0 0x56c058000: nonzero 8/1024
  target DB_HTILE 0x55c050000: distinct 3 min 0x00000000 max 0xffffffff,   target DB_HTILE 0x55c050000: nonzero 144/1024
  target DB_Z_READ 0x527430000: distinct 1 min 0xffffffff max 0xffffffff,   target DB_Z_READ 0x527430000: nonzero 1024/1024
ok
swapped pages taken as resident so far: 0
vmas 96 total 13062.5 MiB resident 2010.7 MiB mapped 2010.7 MiB
submit #128 acb 2 dwords at 0xfe003a200: pass 1 rewrite 0 drop 0 unmapped 0 cc 0 mappings 481 ... OK rc 0 10.18 ms
submit #129 acb 55 dwords at 0xfe00427a0: pass 7 rewrite 0 drop 1 unmapped 0 cc 0 mappings 481 ... OK rc 0 9.93 ms
submit #130 acb 2 dwords at 0xfe003a200: pass 1 rewrite 0 drop 0 unmapped 0 cc 0 mappings 481 ... OK rc 0 9.89 ms
submit #131 acb 55 dwords at 0xfe00427a0: pass 7 rewrite 0 drop 1 unmapped 0 cc 0 mappings 481 ... OK rc 0 9.91 ms
submit #132 acb 2 dwords at 0xfe003a200: pass 1 rewrite 0 drop 0 unmapped 0 cc 0 mappings 481 ... OK rc 0 10.45 ms
submit #133 acb 55 dwords at 0xfe00427a0: pass 7 rewrite 0 drop 1 unmapped 0 cc 0 mappings 481 ... OK rc 0 9.88 ms
submit #134 acb 2 dwords at 0xfe003a200: pass 1 rewrite 0 drop 0 unmapped 0 cc 0 mappings 481 ... OK rc 0 9.94 ms
submit #135 acb 55 dwords at 0xfe00427a0: pass 7 rewrite 0 drop 1 unmapped 0 cc 0 mappings 481 ... OK rc 0 9.96 ms
submit #136 acb 2 dwords at 0xfe003a200: pass 1 rewrite 0 drop 0 unmapped 0 cc 0 mappings 481 ... OK rc 0 9.88 ms
submit #137 acb 55 dwords at 0xfe00427a0: pass 7 rewrite 0 drop 1 unmapped 0 cc 0 mappings 481 ... OK rc 0 9.85 ms
acb head: 1287 of 1336 dwords go ahead of the wait at 1287 on 0x400203b80
submit #138 acb 1287 dwords at 0x400345640: pass 118 rewrite 35 drop 63 unmapped 0 cc 0 mappings 481 ... OK rc 0 10.37 ms
cpu-wait WAIT_REG_MEM64 at 115 on 0x400203940: satisfied after 481.9 ms
submit #139 acb 2 dwords at 0xfe003a200: pass 1 rewrite 0 drop 0 unmapped 0 cc 0 mappings 481 ... OK rc 0 9.96 ms
cpu-wait WAIT_REG_MEM64 at 87 on 0x400203980: satisfied after 0.0 ms
submit #140 acb 463 dwords at 0x400526840: pass 43 rewrite 11 drop 27 unmapped 0 cc 0 mappings 481 ... OK rc 0 10.48 ms
cpu-wait WAIT_REG_MEM64 at 1629 on 0x4002039c0: satisfied after 107.1 ms
cpu-wait WAIT_REG_MEM64 at 9340 on 0x55d4d00b6e68: satisfied after 0.0 ms
hint CB0 0x5093f0000: window 0x5073f0000+0x4000000, mapped +0.1 MiB
  indirect op 16 at 1246: base 0x5074063c0 +0x0 -> 1 1 1 0 0
  indirect op 16 at 1278: base 0x5074063e0 +0x0 -> 1 1 1 0 0
  indirect op 16 at 1310: base 0x50740a520 +0x0 -> 1 1 1 0 0
  indirect op 16 at 1342: base 0x50740a540 +0x0 -> 1 1 1 0 0
  indirect op 25 at 4584: base 0x56ddaffa0 +0x0 -> 1 512 0 0 0
  load op 9f at 28: addr 0xfe0040068 idx 0 fmt 1 regoff 0x0 n 921 (table contents not committed)
  load op 63 at 33: addr 0xfe0042068 idx 0 fmt 1 regoff 0x0 n 174 (table contents not committed)
  load op 64 at 38: addr 0xfe00425d8 idx 0 fmt 1 regoff 0x0 n 57 (table contents not committed)
  load op 9f at 80: addr 0x503501500 idx 0 fmt 1 regoff 0x0 n 295 (table contents not committed)
  load op 64 at 85: addr 0x503500500 idx 0 fmt 1 regoff 0x0 n 7 (table contents not committed)
  load op 63 at 90: addr 0x5034ff500 idx 0 fmt 1 regoff 0x0 n 13 (table contents not committed)
  load op 63 at 342: addr 0x5034ff568 idx 0 fmt 1 regoff 0x0 n 10 (table contents not committed)
  load op 63 at 734: addr 0x5034ff5b8 idx 0 fmt 1 regoff 0x0 n 18 (table contents not committed)
  load op 63 at 1217: addr 0x5034ff648 idx 0 fmt 1 regoff 0x0 n 10 (table contents not committed)
  load op 63 at 1249: addr 0x5034ff698 idx 0 fmt 1 regoff 0x0 n 10 (table contents not committed)
  load op 63 at 1281: addr 0x5034ff6e8 idx 0 fmt 1 regoff 0x0 n 10 (table contents not committed)
  load op 63 at 1313: addr 0x5034ff738 idx 0 fmt 1 regoff 0x0 n 10 (table contents not committed)
  load op 9f at 1724: addr 0xfe0040068 idx 0 fmt 1 regoff 0x0 n 921 (table contents not committed)
  load op 9f at 1731: addr 0x503501e38 idx 0 fmt 1 regoff 0x0 n 74 (table contents not committed)
  load op 63 at 1736: addr 0x908e5ff90 idx 0 fmt 1 regoff 0x0 n 6 (table contents not committed)
  load op 9f at 1741: addr 0x908e5ffc0 idx 0 fmt 1 regoff 0x0 n 10 (table contents not committed)
  load op 64 at 1746: addr 0x503500538 idx 0 fmt 1 regoff 0x0 n 5 (table contents not committed)
  load op 9f at 1799: addr 0x503502088 idx 0 fmt 1 regoff 0x0 n 132 (table contents not committed)
  load op 63 at 1804: addr 0x5034ff788 idx 0 fmt 1 regoff 0x0 n 30 (table contents not committed)
  load op 64 at 1884: addr 0x503500560 idx 0 fmt 1 regoff 0x0 n 5 (table contents not committed)
  load op 9f at 1891: addr 0x5034fd440 idx 0 fmt 1 regoff 0x0 n 175 (table contents not committed)
  load op 63 at 2106: addr 0x5034ff878 idx 0 fmt 1 regoff 0x0 n 20 (table contents not committed)
  load op 9f at 3069: addr 0xfe0040068 idx 0 fmt 1 regoff 0x0 n 921 (table contents not committed)
  load op 9f at 3076: addr 0x5034fd9b8 idx 0 fmt 1 regoff 0x0 n 70 (table contents not committed)
  load op 63 at 3081: addr 0x908e5ff90 idx 0 fmt 1 regoff 0x0 n 6 (table contents not committed)
  load op 9f at 3086: addr 0x908e5ffc0 idx 0 fmt 1 regoff 0x0 n 10 (table contents not committed)
  load op 63 at 3091: addr 0x908e5f7d0 idx 0 fmt 1 regoff 0x0 n 6 (table contents not committed)
  load op 9f at 3096: addr 0x908e5f800 idx 0 fmt 1 regoff 0x0 n 9 (table contents not committed)
  load op 64 at 3101: addr 0x503500588 idx 0 fmt 1 regoff 0x0 n 5 (table contents not committed)
  load op 9f at 3140: addr 0x5034fdbe8 idx 0 fmt 1 regoff 0x0 n 19 (table contents not committed)
  load op 63 at 3145: addr 0x5034ff918 idx 0 fmt 1 regoff 0x0 n 12 (table contents not committed)
  load op 9f at 3268: addr 0xfe0040068 idx 0 fmt 1 regoff 0x0 n 921 (table contents not committed)
  load op 9f at 3275: addr 0x5034fdc80 idx 0 fmt 1 regoff 0x0 n 74 (table contents not committed)
  load op 63 at 3280: addr 0x908e5ff90 idx 0 fmt 1 regoff 0x0 n 6 (table contents not committed)
  load op 9f at 3285: addr 0x908e5ffc0 idx 0 fmt 1 regoff 0x0 n 10 (table contents not committed)
  load op 64 at 3290: addr 0x5035005b0 idx 0 fmt 1 regoff 0x0 n 5 (table contents not committed)
  load op 9f at 3329: addr 0x5034fded0 idx 0 fmt 1 regoff 0x0 n 166 (table contents not committed)
  load op 63 at 3334: addr 0x5034ff978 idx 0 fmt 1 regoff 0x0 n 30 (table contents not committed)
  load op 64 at 3430: addr 0x5035005d8 idx 0 fmt 1 regoff 0x0 n 5 (table contents not committed)
  load op 9f at 3437: addr 0x5034fc320 idx 0 fmt 1 regoff 0x0 n 135 (table contents not committed)
  load op 63 at 3675: addr 0x5034ffa68 idx 0 fmt 1 regoff 0x0 n 36 (table contents not committed)
  load op 64 at 4540: addr 0x503500600 idx 0 fmt 1 regoff 0x0 n 6 (table contents not committed)
  load op 9f at 4545: addr 0x5034fc758 idx 0 fmt 1 regoff 0x0 n 376 (table contents not committed)
  load op 9f at 4552: addr 0x5034fb118 idx 0 fmt 1 regoff 0x0 n 205 (table contents not committed)
  load op 9f at 4853: addr 0xfe0040068 idx 0 fmt 1 regoff 0x0 n 921 (table contents not committed)
  load op 9f at 4860: addr 0x5034fb780 idx 0 fmt 1 regoff 0x0 n 74 (table contents not committed)
  load op 63 at 4865: addr 0x908e5ff90 idx 0 fmt 1 regoff 0x0 n 6 (table contents not committed)
  load op 9f at 4870: addr 0x908e5ffc0 idx 0 fmt 1 regoff 0x0 n 10 (table contents not committed)
  load op 64 at 4875: addr 0x503500630 idx 0 fmt 1 regoff 0x0 n 5 (table contents not committed)
  load op 63 at 4914: addr 0x5034ffb88 idx 0 fmt 1 regoff 0x0 n 21 (table contents not committed)
  load op 9f at 4925: addr 0x5034fb9d0 idx 0 fmt 1 regoff 0x0 n 223 (table contents not committed)
  load op 63 at 5714: addr 0x5034ffc30 idx 0 fmt 1 regoff 0x0 n 10 (table contents not committed)
  load op 63 at 5831: addr 0x5034ffc80 idx 0 fmt 1 regoff 0x0 n 28 (table contents not committed)
  load op 64 at 5910: addr 0x503500658 idx 0 fmt 1 regoff 0x0 n 5 (table contents not committed)
  load op 9f at 5917: addr 0x5034f9e30 idx 0 fmt 1 regoff 0x0 n 67 (table contents not committed)
  load op 9f at 6045: addr 0x5034fa048 idx 0 fmt 1 regoff 0x0 n 121 (table contents not committed)
  load op 63 at 6050: addr 0x5034ffd60 idx 0 fmt 1 regoff 0x0 n 18 (table contents not committed)
  load op 64 at 6055: addr 0x503500680 idx 0 fmt 1 regoff 0x0 n 3 (table contents not committed)
  load op 9f at 6204: addr 0x5034fa410 idx 0 fmt 1 regoff 0x0 n 121 (table contents not committed)
  load op 63 at 6209: addr 0x5034ffdf0 idx 0 fmt 1 regoff 0x0 n 18 (table contents not committed)
  load op 64 at 6214: addr 0x503500698 idx 0 fmt 1 regoff 0x0 n 3 (table contents not committed)
  load op 63 at 6578: addr 0x5034ffe80 idx 0 fmt 1 regoff 0x0 n 10 (table contents not committed)
  load op 9f at 7058: addr 0x5034fa7d8 idx 0 fmt 1 regoff 0x0 n 195 (table contents not committed)
  load op 9f at 7063: addr 0x5034f8d80 idx 0 fmt 1 regoff 0x0 n 85 (table contents not committed)
  load op 63 at 7068: addr 0x5034ffed0 idx 0 fmt 1 regoff 0x0 n 18 (table contents not committed)
  load op 64 at 7073: addr 0x5035006b0 idx 0 fmt 1 regoff 0x0 n 3 (table contents not committed)
  load op 9f at 7186: addr 0x5034f9028 idx 0 fmt 1 regoff 0x0 n 129 (table contents not committed)
  load op 63 at 7191: addr 0x5034fff60 idx 0 fmt 1 regoff 0x0 n 18 (table contents not committed)
  load op 64 at 7196: addr 0x5035006c8 idx 0 fmt 1 regoff 0x0 n 3 (table contents not committed)
  load op 9f at 7309: addr 0x5034f9430 idx 0 fmt 1 regoff 0x0 n 129 (table contents not committed)
  load op 63 at 7314: addr 0x5034ffff0 idx 0 fmt 1 regoff 0x0 n 18 (table contents not committed)
  load op 64 at 7319: addr 0x5035006e0 idx 0 fmt 1 regoff 0x0 n 3 (table contents not committed)
  load op 9f at 7432: addr 0x5034f9838 idx 0 fmt 1 regoff 0x0 n 58 (table contents not committed)
  load op 9f at 7537: addr 0x5034f9a08 idx 0 fmt 1 regoff 0x0 n 66 (table contents not committed)
  load op 9f at 7642: addr 0x5034f9c18 idx 0 fmt 1 regoff 0x0 n 37 (table contents not committed)
  load op 9f at 7647: addr 0x5034f7300 idx 0 fmt 1 regoff 0x0 n 21 (table contents not committed)
  load op 9f at 7752: addr 0x5034f73a8 idx 0 fmt 1 regoff 0x0 n 66 (table contents not committed)
  load op 9f at 7857: addr 0x5034f75b8 idx 0 fmt 1 regoff 0x0 n 58 (table contents not committed)
  load op 9f at 7962: addr 0x5034f7788 idx 0 fmt 1 regoff 0x0 n 130 (table contents not committed)
  load op 63 at 7967: addr 0x503500080 idx 0 fmt 1 regoff 0x0 n 18 (table contents not committed)
  load op 64 at 7972: addr 0x5035006f8 idx 0 fmt 1 regoff 0x0 n 3 (table contents not committed)
  load op 9f at 8099: addr 0x5034f7b98 idx 0 fmt 1 regoff 0x0 n 135 (table contents not committed)
  load op 63 at 8104: addr 0x503500110 idx 0 fmt 1 regoff 0x0 n 18 (table contents not committed)
  load op 64 at 8109: addr 0x503500710 idx 0 fmt 1 regoff 0x0 n 3 (table contents not committed)
  load op 63 at 8687: addr 0x5035001a0 idx 0 fmt 1 regoff 0x0 n 10 (table contents not committed)
  load op 63 at 9273: addr 0x5035001f0 idx 0 fmt 1 regoff 0x0 n 28 (table contents not committed)
  load op 64 at 9381: addr 0x503500728 idx 0 fmt 1 regoff 0x0 n 5 (table contents not committed)
  load op 9f at 9386: addr 0x5034f7fd0 idx 0 fmt 1 regoff 0x0 n 97 (table contents not committed)
  load op 9f at 9393: addr 0x5034f5868 idx 0 fmt 1 regoff 0x0 n 183 (table contents not committed)
submit #141 dcb 9891 dwords at 0x502e02500: pass 669 rewrite 494 drop 434 unmapped 1 cc 8 mappings 482 ... OK rc 0 12.51 ms
state stack #141: push 4 pop 4 conditional 1 unmatched 0; restored 3684 regs (+3748 dwords); tables 40, unreadable 0
pipestat #141 (9891 dwords): ia_verts 575 ia_prims 533 vs 575 gs_inv 533 gs_prims 0 c_inv 192 c_prims 92 ps 29068656 cs 6754305
map 0x324a80000 +0x70000 ... ok
map 0x324be0000 +0x140000 ... ok
map 0x5026f0000 +0x10000 ... ok
map 0x503bf0000 +0x10000 ... ok
map 0x504df0000 +0x10000 ... ok
map 0x50b430000 +0x10000 ... ok
swapped pages taken as resident so far: 0
vmas 96 total 13062.5 MiB resident 2012.5 MiB mapped 2012.8 MiB
submit #142 acb 2 dwords at 0xfe003a200: pass 1 rewrite 0 drop 0 unmapped 0 cc 0 mappings 488 ... OK rc 0 10.22 ms
map 0x200258000 +0x10000 ... ok
map 0x200268000 +0x10000 ... ok
map 0x200278000 +0xc000 ... ok
map 0x301488000 +0x10000 ... ok
map 0x324d50000 +0x20000 ... ok
map 0x324da0000 +0x10000 ... ok
map 0x324de0000 +0x10000 ... ok
map 0x324e20000 +0x10000 ... ok
map 0x324e60000 +0x10000 ... ok
map 0x324ea0000 +0x10000 ... ok
map 0x324ee0000 +0x20000 ... ok
map 0x324f00000 +0x10000 ... ok
map 0x324f10000 +0x10000 ... ok
map 0x324f20000 +0x10000 ... ok
map 0x324f30000 +0x10000 ... ok
map 0x324f40000 +0x10000 ... ok
map 0x324f50000 +0x10000 ... ok
map 0x324f60000 +0x10000 ... ok
map 0x324f70000 +0x10000 ... ok
map 0x324f80000 +0x10000 ... ok
map 0x324f90000 +0x10000 ... ok
map 0x324fa0000 +0x10000 ... ok
map 0x324fb0000 +0x10000 ... ok
map 0x324fc0000 +0x10000 ... ok
map 0x324fd0000 +0x10000 ... ok
map 0x324fe0000 +0x10000 ... ok
map 0x324ff0000 +0x10000 ... ok
map 0x325000000 +0x10000 ... ok
map 0x325010000 +0x10000 ... ok
map 0x325020000 +0xd60000 ... ok
map 0x325e50000 +0x10000 ... ok
map 0x325e60000 +0x10000 ... ok
map 0x325e80000 +0x130000 ... ok
map 0x326030000 +0x130000 ... ok
map 0x326160000 +0x40000 ... ok
map 0x3261a0000 +0x10000 ... ok
map 0x3261b0000 +0x10000 ... ok
map 0x3261c0000 +0x3b0000 ... ok
map 0x326650000 +0x10000 ... ok
map 0x326730000 +0x10000 ... ok
map 0x326820000 +0x90000 ... ok
map 0x3268b0000 +0x10000 ... ok
map 0x3268c0000 +0x40000 ... ok
map 0x326900000 +0x10000 ... ok
map 0x326910000 +0x10000 ... ok
map 0x326920000 +0x10000 ... ok
map 0x326930000 +0x10000 ... ok
map 0x326940000 +0x10000 ... ok
map 0x326950000 +0x10000 ... ok
map 0x326960000 +0x10000 ... ok
map 0x326970000 +0x10000 ... ok
map 0x326980000 +0x10000 ... ok
map 0x326990000 +0x10000 ... ok
map 0x3269a0000 +0x10000 ... ok
map 0x3269b0000 +0x10000 ... ok
map 0x3269c0000 +0x10000 ... ok
map 0x3269d0000 +0x10000 ... ok
map 0x3269e0000 +0x10000 ... ok
map 0x3269f0000 +0x10000 ... ok
map 0x326a00000 +0x10000 ... ok
map 0x326a10000 +0x10000 ... ok
map 0x326a20000 +0x10000 ... ok
map 0x326a30000 +0x10000 ... ok
map 0x326a40000 +0x10000 ... ok
map 0x326a50000 +0x10000 ... ok
map 0x326a60000 +0x20000 ... ok
map 0x326a80000 +0x80000 ... ok
map 0x326b00000 +0x70000 ... ok
map 0x326b70000 +0x20000 ... ok
map 0x326b90000 +0x10000 ... ok
map 0x326ba0000 +0x10000 ... ok
map 0x326bb0000 +0xb0000 ... ok
map 0x326c60000 +0x40000 ... ok
map 0x326ca0000 +0x40000 ... ok
map 0x326ce0000 +0x30000 ... ok
map 0x326d10000 +0x50000 ... ok
map 0x326d60000 +0x20000 ... ok
map 0x326d80000 +0x20000 ... ok
map 0x326da0000 +0x60000 ... ok
map 0x326e00000 +0x80000 ... ok
map 0x326e80000 +0x30000 ... ok
map 0x326eb0000 +0x10000 ... ok
map 0x326ec0000 +0x30000 ... ok
map 0x326ef0000 +0x50000 ... ok
map 0x326f40000 +0x30000 ... ok
map 0x326f70000 +0x80000 ... ok
map 0x326ff0000 +0x70000 ... ok
map 0x327060000 +0x30000 ... ok
map 0x327090000 +0x10000 ... ok
map 0x3270a0000 +0x30000 ... ok
map 0x3270d0000 +0x40000 ... ok
map 0x327110000 +0x40000 ... ok
map 0x327150000 +0x80000 ... ok
map 0x3271d0000 +0x30000 ... ok
map 0x327200000 +0xb0000 ... ok
map 0x3273a0000 +0x140000 ... ok
map 0x327510000 +0x20000 ... ok
map 0x327530000 +0x10000 ... ok
map 0x327540000 +0x10000 ... ok
map 0x327550000 +0x10000 ... ok
map 0x327560000 +0x10000 ... ok
map 0x327570000 +0x10000 ... ok
map 0x327580000 +0x10000 ... ok
map 0x327590000 +0x10000 ... ok
map 0x3275a0000 +0x10000 ... ok
map 0x3275b0000 +0x10000 ... ok
map 0x3275c0000 +0x10000 ... ok
map 0x3275d0000 +0x10000 ... ok
map 0x3275e0000 +0x10000 ... ok
map 0x3275f0000 +0x10000 ... ok
map 0x327600000 +0x10000 ... ok
map 0x327610000 +0x10000 ... ok
map 0x327620000 +0x10000 ... ok
map 0x327630000 +0x10000 ... ok
map 0x327640000 +0x10000 ... ok
map 0x327650000 +0x10000 ... ok
map 0x327660000 +0xd70000 ... ok
map 0x328490000 +0x10000 ... ok
map 0x3284a0000 +0x10000 ... ok
map 0x3284c0000 +0x130000 ... ok
map 0x328670000 +0x140000 ... ok
map 0x3287b0000 +0x40000 ... ok
map 0x3287f0000 +0x10000 ... ok
map 0x328800000 +0x10000 ... ok
map 0x328810000 +0x3a0000 ... ok
map 0x328c90000 +0x10000 ... ok
map 0x328d80000 +0x10000 ... ok
map 0x328e60000 +0x90000 ... ok
map 0x328ef0000 +0x20000 ... ok
map 0x328f10000 +0x10000 ... ok
map 0x328f20000 +0x10000 ... ok
map 0x328f30000 +0x20000 ... ok
map 0x328f50000 +0x10000 ... ok
map 0x328f60000 +0x10000 ... ok
map 0x328f70000 +0x10000 ... ok
map 0x328f80000 +0x10000 ... ok
map 0x328f90000 +0x10000 ... ok
map 0x328fa0000 +0x10000 ... ok
map 0x328fb0000 +0x10000 ... ok
map 0x328fc0000 +0x10000 ... ok
map 0x328fd0000 +0x10000 ... ok
map 0x328fe0000 +0x10000 ... ok
map 0x328ff0000 +0x10000 ... ok
map 0x329000000 +0x10000 ... ok
map 0x329010000 +0x10000 ... ok
map 0x329020000 +0x10000 ... ok
map 0x329030000 +0x10000 ... ok
map 0x329040000 +0x10000 ... ok
map 0x329050000 +0x10000 ... ok
map 0x329060000 +0x10000 ... ok
map 0x329070000 +0x10000 ... ok
map 0x329080000 +0x10000 ... ok
map 0x329090000 +0x20000 ... ok
map 0x3290b0000 +0x10000 ... ok
map 0x3290c0000 +0x40000 ... ok
map 0x329100000 +0x30000 ... ok
map 0x329130000 +0x80000 ... ok
map 0x3291b0000 +0x10000 ... ok
map 0x3291c0000 +0x20000 ... ok
map 0x3291e0000 +0x10000 ... ok
map 0x3291f0000 +0x40000 ... ok
map 0x329230000 +0x30000 ... ok
map 0x329260000 +0x30000 ... ok
map 0x329290000 +0x60000 ... ok
map 0x3292f0000 +0x20000 ... ok
map 0x329310000 +0x80000 ... ok
map 0x329390000 +0x10000 ... ok
map 0x3293a0000 +0x20000 ... ok
map 0x3293c0000 +0x10000 ... ok
map 0x3293d0000 +0x40000 ... ok
map 0x329410000 +0x30000 ... ok
map 0x329440000 +0x30000 ... ok
map 0x329470000 +0x50000 ... ok
map 0x3294c0000 +0x10000 ... ok
map 0x3294d0000 +0x30000 ... ok
map 0x329500000 +0x70000 ... ok
map 0x329570000 +0x30000 ... ok
map 0x3295a0000 +0x10000 ... ok
map 0x3295b0000 +0x70000 ... ok
map 0x329620000 +0x80000 ... ok
map 0x3296a0000 +0x10000 ... ok
map 0x3296b0000 +0x20000 ... ok
map 0x3296d0000 +0x10000 ... ok
map 0x3296e0000 +0x70000 ... ok
map 0x329750000 +0x30000 ... ok
map 0x329780000 +0x80000 ... ok
map 0x329800000 +0x80000 ... ok
map 0x329880000 +0x10000 ... ok
map 0x329890000 +0x70000 ... ok
map 0x3299f0000 +0x140000 ... ok
map 0x329b60000 +0x20000 ... ok
map 0x329b80000 +0x10000 ... ok
map 0x329b90000 +0x10000 ... ok
map 0x329ba0000 +0x10000 ... ok
map 0x329bb0000 +0x10000 ... ok
map 0x329bc0000 +0x10000 ... ok
map 0x329bd0000 +0x10000 ... ok
map 0x329be0000 +0x10000 ... ok
map 0x329bf0000 +0x10000 ... ok
map 0x329c00000 +0x10000 ... ok
map 0x329c10000 +0x10000 ... ok
map 0x329c20000 +0x10000 ... ok
map 0x329c30000 +0x10000 ... ok
map 0x329c40000 +0x10000 ... ok
map 0x329c50000 +0x10000 ... ok
map 0x329c60000 +0x10000 ... ok
map 0x329c70000 +0x10000 ... ok
map 0x329c80000 +0x10000 ... ok
map 0x329c90000 +0x10000 ... ok
map 0x329ca0000 +0xd70000 ... ok
map 0x32aae0000 +0x10000 ... ok
map 0x32ab10000 +0x130000 ... ok
map 0x32acc0000 +0x130000 ... ok
map 0x32adf0000 +0x50000 ... ok
map 0x32ae40000 +0x10000 ... ok
map 0x32ae50000 +0x3b0000 ... ok
map 0x32b2d0000 +0x10000 ... ok
map 0x32b3c0000 +0x10000 ... ok
map 0x32b4b0000 +0x90000 ... ok
map 0x32b540000 +0x10000 ... ok
map 0x32b550000 +0x50000 ... ok
map 0x32b5a0000 +0x10000 ... ok
map 0x32b5b0000 +0x10000 ... ok
map 0x32b5c0000 +0x10000 ... ok
map 0x32b5d0000 +0x10000 ... ok
map 0x32b5e0000 +0x10000 ... ok
map 0x32b5f0000 +0x10000 ... ok
map 0x32b600000 +0x10000 ... ok
map 0x32b610000 +0x10000 ... ok
map 0x32b620000 +0x10000 ... ok
map 0x32b630000 +0x10000 ... ok
map 0x32b640000 +0x10000 ... ok
map 0x32b650000 +0x10000 ... ok
map 0x32b660000 +0x10000 ... ok
map 0x32b670000 +0x10000 ... ok
map 0x32b680000 +0x10000 ... ok
map 0x32b690000 +0x10000 ... ok
map 0x32b6a0000 +0x10000 ... ok
map 0x32b6b0000 +0x10000 ... ok
map 0x32b6c0000 +0x10000 ... ok
map 0x32b6d0000 +0x10000 ... ok
map 0x32b6e0000 +0x10000 ... ok
map 0x32b6f0000 +0x50000 ... ok
map 0x32b740000 +0x30000 ... ok
map 0x32b770000 +0x80000 ... ok
map 0x32b7f0000 +0x10000 ... ok
map 0x32b800000 +0x30000 ... ok
map 0x32b830000 +0x40000 ... ok
map 0x32b870000 +0x20000 ... ok
map 0x32b890000 +0x10000 ... ok
map 0x32b8a0000 +0x90000 ... ok
map 0x32b930000 +0x20000 ... ok
map 0x32b950000 +0x40000 ... ok
map 0x32b990000 +0x40000 ... ok
map 0x32b9d0000 +0x30000 ... ok
map 0x32ba00000 +0x10000 ... ok
map 0x32ba10000 +0x40000 ... ok
map 0x32ba50000 +0x30000 ... ok
map 0x32ba80000 +0x90000 ... ok
map 0x32bb10000 +0x30000 ... ok
map 0x32bb40000 +0x40000 ... ok
map 0x32bb80000 +0x20000 ... ok
map 0x32bba0000 +0x20000 ... ok
map 0x32bbc0000 +0x20000 ... ok
map 0x32bbe0000 +0x50000 ... ok
map 0x32bc30000 +0x30000 ... ok
map 0x32bc60000 +0x80000 ... ok
map 0x32bce0000 +0x40000 ... ok
map 0x32bd20000 +0x40000 ... ok
map 0x32bd60000 +0x30000 ... ok
map 0x32bd90000 +0x10000 ... ok
map 0x32bda0000 +0x30000 ... ok
map 0x32bdd0000 +0x50000 ... ok
map 0x32be20000 +0x20000 ... ok
map 0x32be40000 +0x80000 ... ok
map 0x32bec0000 +0x80000 ... ok
map 0x32c030000 +0x140000 ... ok
map 0x32c1a0000 +0x20000 ... ok
map 0x32c1c0000 +0x10000 ... ok
map 0x32c1d0000 +0x10000 ... ok
map 0x32c1e0000 +0x10000 ... ok
map 0x32c1f0000 +0x10000 ... ok
map 0x32c200000 +0x10000 ... ok
map 0x32c210000 +0x10000 ... ok
map 0x32c220000 +0x10000 ... ok
map 0x32c230000 +0x10000 ... ok
map 0x32c240000 +0x10000 ... ok
map 0x32c250000 +0x10000 ... ok
map 0x32c260000 +0x10000 ... ok
map 0x32c270000 +0x10000 ... ok
map 0x32c280000 +0x10000 ... ok
map 0x32c290000 +0x10000 ... ok
map 0x32c2a0000 +0x10000 ... ok
map 0x32c2b0000 +0x10000 ... ok
map 0x32c2c0000 +0x10000 ... ok
map 0x32c2d0000 +0x10000 ... ok
map 0x32c2e0000 +0x10000 ... ok
map 0x32c2f0000 +0xd70000 ... ok
map 0x32d120000 +0x10000 ... ok
map 0x32d130000 +0x10000 ... ok
map 0x32d150000 +0x130000 ... ok
map 0x32d300000 +0x150000 ... ok
map 0x32d450000 +0x30000 ... ok
map 0x32d480000 +0x10000 ... ok
map 0x32d490000 +0x10000 ... ok
map 0x32d4a0000 +0x3b0000 ... ok
map 0x32d930000 +0x10000 ... ok
map 0x32da20000 +0x10000 ... ok
map 0x32db00000 +0xa0000 ... ok
map 0x32dba0000 +0x30000 ... ok
map 0x32dbd0000 +0x20000 ... ok
map 0x32dbf0000 +0x10000 ... ok
map 0x32dc00000 +0x10000 ... ok
map 0x32dc10000 +0x10000 ... ok
map 0x32dc20000 +0x10000 ... ok
map 0x32dc30000 +0x10000 ... ok
map 0x32dc40000 +0x10000 ... ok
map 0x32dc50000 +0x10000 ... ok
map 0x32dc60000 +0x10000 ... ok
map 0x32dc70000 +0x10000 ... ok
map 0x32dc80000 +0x10000 ... ok
map 0x32dc90000 +0x10000 ... ok
map 0x32dca0000 +0x10000 ... ok
map 0x32dcb0000 +0x10000 ... ok
map 0x32dcc0000 +0x10000 ... ok
map 0x32dcd0000 +0x10000 ... ok
map 0x32dce0000 +0x10000 ... ok
map 0x32dcf0000 +0x10000 ... ok
map 0x32dd00000 +0x10000 ... ok
map 0x32dd10000 +0x10000 ... ok
map 0x32dd20000 +0x10000 ... ok
map 0x32dd30000 +0x10000 ... ok
map 0x32dd40000 +0x40000 ... ok
map 0x32dd80000 +0x30000 ... ok
map 0x32ddb0000 +0x10000 ... ok
map 0x32ddc0000 +0x40000 ... ok
map 0x32de00000 +0x20000 ... ok
map 0x32de20000 +0x90000 ... ok
map 0x32deb0000 +0x10000 ... ok
map 0x32dec0000 +0x10000 ... ok
map 0x32ded0000 +0x20000 ... ok
map 0x32def0000 +0x30000 ... ok
map 0x32df20000 +0x40000 ... ok
map 0x32df60000 +0x30000 ... ok
map 0x32df90000 +0x50000 ... ok
map 0x32dfe0000 +0x30000 ... ok
map 0x32e010000 +0x80000 ... ok
map 0x32e090000 +0x10000 ... ok
map 0x32e0a0000 +0x20000 ... ok
map 0x32e0c0000 +0x10000 ... ok
map 0x32e0d0000 +0x30000 ... ok
map 0x32e100000 +0x30000 ... ok
map 0x32e130000 +0x40000 ... ok
map 0x32e170000 +0x40000 ... ok
map 0x32e1b0000 +0x20000 ... ok
map 0x32e1d0000 +0x20000 ... ok
map 0x32e1f0000 +0x80000 ... ok
map 0x32e270000 +0x30000 ... ok
map 0x32e2a0000 +0x10000 ... ok
map 0x32e2b0000 +0x60000 ... ok
map 0x32e310000 +0x90000 ... ok
map 0x32e3a0000 +0x10000 ... ok
map 0x32e3b0000 +0x10000 ... ok
map 0x32e3c0000 +0x20000 ... ok
map 0x32e3e0000 +0x20000 ... ok
map 0x32e400000 +0x40000 ... ok
map 0x32e440000 +0x20000 ... ok
map 0x32e460000 +0x20000 ... ok
map 0x32e480000 +0x90000 ... ok
map 0x32e510000 +0x70000 ... ok
map 0x32e670000 +0x140000 ... ok
map 0x32e7e0000 +0x10000 ... ok
map 0x32e7f0000 +0x10000 ... ok
map 0x32e800000 +0x10000 ... ok
map 0x32e810000 +0x10000 ... ok
map 0x32e820000 +0x10000 ... ok
map 0x32e830000 +0x10000 ... ok
map 0x32e840000 +0x10000 ... ok
map 0x32e850000 +0x10000 ... ok
map 0x32e860000 +0x10000 ... ok
map 0x32e870000 +0x10000 ... ok
map 0x32e880000 +0x10000 ... ok
map 0x32e890000 +0x10000 ... ok
map 0x32e8a0000 +0x10000 ... ok
map 0x32e8b0000 +0x10000 ... ok
map 0x32e8c0000 +0x10000 ... ok
map 0x32e8d0000 +0x10000 ... ok
map 0x32e8e0000 +0x10000 ... ok
map 0x32e8f0000 +0x10000 ... ok
map 0x32e900000 +0x10000 ... ok
map 0x32e910000 +0x10000 ... ok
map 0x32e920000 +0x590000 ... ok
map 0x32eeb0000 +0x7e0000 ... ok
map 0x32f760000 +0x10000 ... ok
map 0x32f790000 +0x130000 ... ok
map 0x32f940000 +0x170000 ... ok
map 0x32fab0000 +0x10000 ... ok
map 0x32fac0000 +0x10000 ... ok
map 0x32fad0000 +0x3b0000 ... ok
map 0x32ff50000 +0x10000 ... ok
map 0x330040000 +0x10000 ... ok
map 0x330130000 +0x90000 ... ok
map 0x3301c0000 +0x10000 ... ok
map 0x3301d0000 +0x10000 ... ok
map 0x3301e0000 +0x30000 ... ok
map 0x330210000 +0x10000 ... ok
map 0x330220000 +0x10000 ... ok
map 0x330230000 +0x10000 ... ok
map 0x330240000 +0x10000 ... ok
map 0x330250000 +0x10000 ... ok
map 0x330260000 +0x10000 ... ok
map 0x330270000 +0x10000 ... ok
map 0x330280000 +0x10000 ... ok
map 0x330290000 +0x10000 ... ok
map 0x3302a0000 +0x10000 ... ok
map 0x3302b0000 +0x10000 ... ok
map 0x3302c0000 +0x10000 ... ok
map 0x3302d0000 +0x10000 ... ok
map 0x3302e0000 +0x10000 ... ok
map 0x3302f0000 +0x10000 ... ok
map 0x330300000 +0x10000 ... ok
map 0x330310000 +0x10000 ... ok
map 0x330320000 +0x10000 ... ok
map 0x330330000 +0x10000 ... ok
map 0x330340000 +0x10000 ... ok
map 0x330350000 +0x10000 ... ok
map 0x330360000 +0x40000 ... ok
map 0x3303a0000 +0x10000 ... ok
map 0x3303b0000 +0x20000 ... ok
map 0x3303d0000 +0x60000 ... ok
map 0x330430000 +0x30000 ... ok
map 0x330460000 +0x60000 ... ok
map 0x3304c0000 +0x10000 ... ok
map 0x3304d0000 +0x30000 ... ok
map 0x330500000 +0x50000 ... ok
map 0x330550000 +0x30000 ... ok
map 0x330580000 +0x40000 ... ok
map 0x3305c0000 +0x40000 ... ok
map 0x330600000 +0x40000 ... ok
map 0x330640000 +0x70000 ... ok
map 0x3306b0000 +0x20000 ... ok
map 0x3306d0000 +0x10000 ... ok
map 0x3306e0000 +0x80000 ... ok
map 0x330760000 +0x80000 ... ok
map 0x3307e0000 +0x30000 ... ok
map 0x330810000 +0x80000 ... ok
map 0x330890000 +0x10000 ... ok
map 0x3308a0000 +0x20000 ... ok
map 0x3308c0000 +0x90000 ... ok
map 0x330950000 +0x60000 ... ok
map 0x3309b0000 +0x10000 ... ok
map 0x3309c0000 +0x30000 ... ok
map 0x3309f0000 +0x80000 ... ok
map 0x330a70000 +0x30000 ... ok
map 0x330aa0000 +0x10000 ... ok
map 0x330ab0000 +0x40000 ... ok
map 0x330af0000 +0x60000 ... ok
map 0x330b50000 +0xc0000 ... ok
map 0x500850000 +0x10000 ... ok
map 0x7e9a14000 +0x120000 ... ok
map 0x7e9b38000 +0x120000 ... ok
map 0x7e9c5c000 +0x120000 ... ok
map 0x7e9d80000 +0x120000 ... ok
map 0x7e9ea4000 +0x120000 ... ok
map 0x7e9fc8000 +0x120000 ... ok
map 0x7ea0ec000 +0x120000 ... ok
map 0x7ea210000 +0x120000 ... ok
map 0x7ea334000 +0x120000 ... ok
map 0x7ea458000 +0x120000 ... ok
map 0x7ea57c000 +0x120000 ... ok
map 0x1000440000 +0x67a0000 ... ok
map 0x10568e0000 +0x22a0000 ... ok
map 0x10ec020000 +0x90000 ... ok
map 0x10ec0b0000 +0x990000 ... ok
swapped pages taken as resident so far: 0
vmas 107 total 13075.0 MiB resident 2333.1 MiB mapped 2339.2 MiB
submit #143 acb 55 dwords at 0xfe00427a0: pass 7 rewrite 0 drop 1 unmapped 0 cc 0 mappings 962 ... OK rc 0 12.58 ms
map 0x301ad0000 +0x10000 ... ok
map 0x330c10000 +0x2230000 ... ok
map 0x332e40000 +0x10000 ... ok
map 0x332e50000 +0x10000 ... ok
map 0x332e60000 +0x10000 ... ok
map 0x332e70000 +0x9c0000 ... ok
map 0x333830000 +0xd0000 ... ok
map 0x1006be0000 +0x70000 ... ok
swapped pages taken as resident so far: 0
vmas 107 total 13075.0 MiB resident 2384.5 MiB mapped 2384.7 MiB
submit #144 acb 2 dwords at 0xfe003a200: pass 1 rewrite 0 drop 0 unmapped 0 cc 0 mappings 970 ... OK rc 0 14.30 ms
cpu-wait WAIT_REG_MEM64 at 0 on 0x400202f80: satisfied after 0.0 ms
map 0x333900000 +0x10000 ... ok
map 0x1006c50000 +0x30000 ... ok
swapped pages taken as resident so far: 0
vmas 107 total 13075.0 MiB resident 2384.8 MiB mapped 2384.9 MiB
submit #145 cc 3 dwords at 0x313b17cf4: pass 0 rewrite 1 drop 0 unmapped 0 cc 1 mappings 972 ... OK rc 0 12.87 ms
map 0x1006c80000 +0x20000 ... ok
swapped pages taken as resident so far: 0
vmas 107 total 13075.0 MiB resident 2385.0 MiB mapped 2385.0 MiB
submit #146 acb 49 dwords at 0x4002a69dc: pass 2 rewrite 3 drop 3 unmapped 0 cc 0 mappings 973 ... OK rc 0 13.94 ms
map 0x333910000 +0x10000 ... ok
map 0x1006ca0000 +0x30000 ... ok
swapped pages taken as resident so far: 0
vmas 107 total 13075.0 MiB resident 2385.2 MiB mapped 2385.3 MiB
submit #147 acb 2 dwords at 0xfe003a200: pass 1 rewrite 0 drop 0 unmapped 0 cc 0 mappings 975 ... OK rc 0 12.93 ms
cpu-wait WAIT_REG_MEM64 at 0 on 0x400203b80: satisfied after 0.0 ms
map 0x333920000 +0x10000 ... ok
map 0x1006cd0000 +0x20000 ... ok
map 0x1006d00000 +0x10000 ... ok
map 0x1058b80000 +0x400000 ... ok
swapped pages taken as resident so far: 0
vmas 107 total 13075.0 MiB resident 2389.3 MiB mapped 2389.5 MiB
  load op 61 at 10: base 0xfe0008000 pairs (0x0,215) (0xd8,272) (0x1f5,4) (0x1ff,158) (0x2a0,2) (0x2a3,1) (0x2a5,66) (0x2f5,203)
  load op 5f at 29: base 0xfe0010000 pairs (0x1,1) (0x6,38) (0x32,4) (0x80,4) (0x87,37) (0xb2,4) (0xc8,2) (0x100,4) (0x107,37) (0x132,4) (0x148,2) (0x204,3) (0x20c,2) (0x212,2) (0x215,6) (0x224,5) (0x22a,1) (0x240,16) (0x27d,1) (0x280,1) (0x207,3)
  load op 5e at 74: base 0xfe0011000 pairs (0x35,8) (0xa2,1) (0x242,1) (0x248,1) (0x24a,2) (0x25b,6) (0x262,1) (0x2bb,5) (0x2c4,16) (0x2e4,8) (0x380,2) (0x383,2) (0x41d,3) (0x24d,1)
  load op 61 at 105: base 0xfe0008000 pairs (0x0,0)
  load op 5f at 110: base 0xfe0010000 pairs (0x0,0)
  load op 5e at 115: base 0xfe0011000 pairs (0x0,0)
  load op 61 at 125: base 0xfe0008000 pairs (0x0,0)
  load op 5f at 130: base 0xfe0010000 pairs (0x0,0)
  load op 5e at 135: base 0xfe0011000 pairs (0x0,0)
submit #148 hib 150 dwords at 0xfe0000000: pass 12 rewrite 2 drop 2 unmapped 0 cc 2 mappings 979 ... OK rc 0 12.65 ms
map 0x1006cf0000 +0x10000 ... ok
map 0x1006d10000 +0x70000 ... ok
map 0x1058f80000 +0x14e0000 ... ok
swapped pages taken as resident so far: 0
vmas 107 total 13075.0 MiB resident 2410.9 MiB mapped 2410.9 MiB
submit #149 acb 49 dwords at 0x400346a5c: pass 2 rewrite 3 drop 3 unmapped 0 cc 0 mappings 982 ... OK rc 0 12.96 ms
map 0x333930000 +0x10000 ... ok
map 0x1006d80000 +0x80000 ... ok
swapped pages taken as resident so far: 0
vmas 107 total 13075.0 MiB resident 2411.4 MiB mapped 2411.5 MiB
submit #150 hib 2 dwords at 0xfe003a200: pass 1 rewrite 0 drop 0 unmapped 0 cc 0 mappings 984 ... OK rc 0 12.66 ms
map 0x1006e00000 +0x20000 ... ok
swapped pages taken as resident so far: 0
vmas 107 total 13075.0 MiB resident 2411.6 MiB mapped 2411.6 MiB
  load op 9f at 38: addr 0xfe0040068 idx 0 fmt 1 regoff 0x0 n 921 (table contents not committed)
  load op 63 at 43: addr 0xfe0042068 idx 0 fmt 1 regoff 0x0 n 174 (table contents not committed)
  load op 64 at 48: addr 0xfe00425d8 idx 0 fmt 1 regoff 0x0 n 49 (table contents not committed)
submit #151 dcb 96 dwords at 0xfe0042920: pass 20 rewrite 2 drop 2 unmapped 0 cc 0 mappings 985 ... OK rc 0 12.98 ms
map 0x333940000 +0x10000 ... ok
map 0x1006e20000 +0x50000 ... ok
swapped pages taken as resident so far: 0
vmas 107 total 13075.0 MiB resident 2411.9 MiB mapped 2412.0 MiB
  load op 9f at 36: addr 0xfe0040068 idx 0 fmt 1 regoff 0x0 n 921 (table contents not committed)
  load op 63 at 41: addr 0xfe0042068 idx 0 fmt 1 regoff 0x0 n 174 (table contents not committed)
  load op 64 at 46: addr 0xfe00425d8 idx 0 fmt 1 regoff 0x0 n 57 (table contents not committed)
  load op 9f at 88: addr 0x503c01500 idx 0 fmt 1 regoff 0x0 n 136 (table contents not committed)
  load op 64 at 93: addr 0x503c00500 idx 0 fmt 1 regoff 0x0 n 3 (table contents not committed)
  load op 63 at 98: addr 0x503bff500 idx 0 fmt 1 regoff 0x0 n 3 (table contents not committed)
  load op 9f at 1541: addr 0xfe0040068 idx 0 fmt 1 regoff 0x0 n 921 (table contents not committed)
  load op 9f at 1548: addr 0x503c01940 idx 0 fmt 1 regoff 0x0 n 70 (table contents not committed)
  load op 63 at 1553: addr 0x908e5ff90 idx 0 fmt 1 regoff 0x0 n 6 (table contents not committed)
  load op 9f at 1558: addr 0x908e5ffc0 idx 0 fmt 1 regoff 0x0 n 10 (table contents not committed)
  load op 63 at 1563: addr 0x908e5f7d0 idx 0 fmt 1 regoff 0x0 n 6 (table contents not committed)
  load op 9f at 1568: addr 0x908e5f800 idx 0 fmt 1 regoff 0x0 n 9 (table contents not committed)
  load op 64 at 1573: addr 0x503c00518 idx 0 fmt 1 regoff 0x0 n 5 (table contents not committed)
  load op 9f at 1691: addr 0x503c01b70 idx 0 fmt 1 regoff 0x0 n 131 (table contents not committed)
  load op 64 at 1698: addr 0x503c00540 idx 0 fmt 1 regoff 0x0 n 1 (table contents not committed)
  load op 9f at 1730: addr 0xfe0040068 idx 0 fmt 1 regoff 0x0 n 921 (table contents not committed)
  load op 9f at 1737: addr 0x503c01f88 idx 0 fmt 1 regoff 0x0 n 70 (table contents not committed)
  load op 63 at 1742: addr 0x908e5ff90 idx 0 fmt 1 regoff 0x0 n 6 (table contents not committed)
  load op 9f at 1747: addr 0x908e5ffc0 idx 0 fmt 1 regoff 0x0 n 10 (table contents not committed)
  load op 63 at 1752: addr 0x908e5f7d0 idx 0 fmt 1 regoff 0x0 n 6 (table contents not committed)
  load op 9f at 1757: addr 0x908e5f800 idx 0 fmt 1 regoff 0x0 n 9 (table contents not committed)
  load op 64 at 1762: addr 0x503c00548 idx 0 fmt 1 regoff 0x0 n 5 (table contents not committed)
  load op 63 at 1858: addr 0x503bff518 idx 0 fmt 1 regoff 0x0 n 10 (table contents not committed)
  load op 63 at 2049: addr 0x503bff568 idx 0 fmt 1 regoff 0x0 n 28 (table contents not committed)
  load op 64 at 2123: addr 0x503c00570 idx 0 fmt 1 regoff 0x0 n 5 (table contents not committed)
  load op 9f at 2130: addr 0x503c021b8 idx 0 fmt 1 regoff 0x0 n 96 (table contents not committed)
  load op 9f at 2135: addr 0x503bfe390 idx 0 fmt 1 regoff 0x0 n 194 (table contents not committed)
submit #152 dcb 2647 dwords at 0x503502500: pass 236 rewrite 123 drop 120 unmapped 0 cc 4 mappings 987 ... OK rc 0 13.09 ms
state stack #152: push 2 pop 2 conditional 1 unmatched 0; restored 1842 regs (+1874 dwords); tables 13, unreadable 0
pipestat #152 (2647 dwords): ia_verts 9 ia_prims 3 vs 9 gs_inv 3 gs_prims 0 c_inv 3 c_prims 3 ps 2073600 cs 1244160
map 0x333950000 +0x50000 ... ok
map 0x1006e70000 +0xc80000 ... ok
swapped pages taken as resident so far: 0
vmas 107 total 13075.0 MiB resident 2424.7 MiB mapped 2424.8 MiB
  load op 9f at 38: addr 0xfe0040068 idx 0 fmt 1 regoff 0x0 n 921 (table contents not committed)
  load op 63 at 43: addr 0xfe0042068 idx 0 fmt 1 regoff 0x0 n 174 (table contents not committed)
  load op 64 at 48: addr 0xfe00425d8 idx 0 fmt 1 regoff 0x0 n 57 (table contents not committed)
  load op 9f at 90: addr 0x505a01500 idx 0 fmt 1 regoff 0x0 n 5 (table contents not committed)
  load op 64 at 95: addr 0x505a00500 idx 0 fmt 1 regoff 0x0 n 2 (table contents not committed)
  load op 63 at 100: addr 0x5059ff500 idx 0 fmt 1 regoff 0x0 n 3 (table contents not committed)
submit #153 dcb 851 dwords at 0x505602500: pass 47 rewrite 55 drop 45 unmapped 0 cc 0 mappings 989 ... OK rc 0 12.76 ms
pipestat #153 (851 dwords): ia_verts 0 ia_prims 0 vs 0 gs_inv 0 gs_prims 0 c_inv 0 c_prims 0 ps 0 cs 81920
map 0x302b90000 +0x10000 ... ok
map 0x3119c0000 +0x30000 ... ok
map 0x3339a0000 +0x100000 ... ok
map 0x500860000 +0x10000 ... ok
map 0x1007af0000 +0x3b0000 ... ok
map 0x10eca40000 +0x580000 ... ok
map 0x10ecfc0000 +0x20000 ... ok
map 0x10ecfe0000 +0x2230000 ... ok
swapped pages taken as resident so far: 0
vmas 107 total 13075.0 MiB resident 2469.4 MiB mapped 2469.6 MiB
submit #154 acb 2 dwords at 0xfe003a200: pass 1 rewrite 0 drop 0 unmapped 0 cc 0 mappings 997 ... OK rc 0 15.65 ms
cpu-wait WAIT_REG_MEM64 at 87 on 0x400201a40: satisfied after 0.0 ms
map 0x3119f0000 +0x20000 ... ok
map 0x333aa0000 +0x100000 ... ok
map 0x333ba0000 +0x10000 ... ok
map 0x500870000 +0x10000 ... ok
map 0x10ca020000 +0x20000 ... ok
map 0x10ef210000 +0x23b0000 ... ok
swapped pages taken as resident so far: 0
vmas 107 total 13075.0 MiB resident 2506.6 MiB mapped 2506.7 MiB
  load op 9f at 35: addr 0xfe0040068 idx 0 fmt 1 regoff 0x0 n 921 (table contents not committed)
  load op 63 at 40: addr 0xfe0042068 idx 0 fmt 1 regoff 0x0 n 174 (table contents not committed)
  load op 64 at 45: addr 0xfe00425d8 idx 0 fmt 1 regoff 0x0 n 57 (table contents not committed)
  load op 9f at 87: addr 0x506801500 idx 0 fmt 1 regoff 0x0 n 136 (table contents not committed)
  load op 64 at 92: addr 0x506800500 idx 0 fmt 1 regoff 0x0 n 3 (table contents not committed)
  load op 63 at 97: addr 0x5067ff500 idx 0 fmt 1 regoff 0x0 n 3 (table contents not committed)
  load op 9f at 212: addr 0xfe0040068 idx 0 fmt 1 regoff 0x0 n 921 (table contents not committed)
  load op 9f at 219: addr 0x506801940 idx 0 fmt 1 regoff 0x0 n 70 (table contents not committed)
  load op 63 at 224: addr 0x908e5ff90 idx 0 fmt 1 regoff 0x0 n 6 (table contents not committed)
  load op 9f at 229: addr 0x908e5ffc0 idx 0 fmt 1 regoff 0x0 n 10 (table contents not committed)
  load op 63 at 234: addr 0x908e5f7d0 idx 0 fmt 1 regoff 0x0 n 6 (table contents not committed)
  load op 9f at 239: addr 0x908e5f800 idx 0 fmt 1 regoff 0x0 n 9 (table contents not committed)
  load op 64 at 244: addr 0x506800518 idx 0 fmt 1 regoff 0x0 n 5 (table contents not committed)
  load op 9f at 340: addr 0x506801b70 idx 0 fmt 1 regoff 0x0 n 131 (table contents not committed)
  load op 64 at 347: addr 0x506800540 idx 0 fmt 1 regoff 0x0 n 1 (table contents not committed)
  load op 9f at 379: addr 0xfe0040068 idx 0 fmt 1 regoff 0x0 n 921 (table contents not committed)
  load op 9f at 386: addr 0x506801f88 idx 0 fmt 1 regoff 0x0 n 70 (table contents not committed)
  load op 63 at 391: addr 0x908e5ff90 idx 0 fmt 1 regoff 0x0 n 6 (table contents not committed)
  load op 9f at 396: addr 0x908e5ffc0 idx 0 fmt 1 regoff 0x0 n 10 (table contents not committed)
  load op 63 at 401: addr 0x908e5f7d0 idx 0 fmt 1 regoff 0x0 n 6 (table contents not committed)
  load op 9f at 406: addr 0x908e5f800 idx 0 fmt 1 regoff 0x0 n 9 (table contents not committed)
  load op 64 at 411: addr 0x506800548 idx 0 fmt 1 regoff 0x0 n 5 (table contents not committed)
  load op 9f at 548: addr 0x5068021b8 idx 0 fmt 1 regoff 0x0 n 98 (table contents not committed)
  load op 64 at 555: addr 0x506800570 idx 0 fmt 1 regoff 0x0 n 1 (table contents not committed)
  load op 9f at 560: addr 0x5067fe500 idx 0 fmt 1 regoff 0x0 n 33 (table contents not committed)
  load op 9f at 592: addr 0xfe0040068 idx 0 fmt 1 regoff 0x0 n 921 (table contents not committed)
  load op 9f at 599: addr 0x5067fe608 idx 0 fmt 1 regoff 0x0 n 70 (table contents not committed)
  load op 63 at 604: addr 0x908e5ff90 idx 0 fmt 1 regoff 0x0 n 6 (table contents not committed)
  load op 9f at 609: addr 0x908e5ffc0 idx 0 fmt 1 regoff 0x0 n 10 (table contents not committed)
  load op 63 at 614: addr 0x908e5f7d0 idx 0 fmt 1 regoff 0x0 n 6 (table contents not committed)
  load op 9f at 619: addr 0x908e5f800 idx 0 fmt 1 regoff 0x0 n 9 (table contents not committed)
  load op 64 at 624: addr 0x506800578 idx 0 fmt 1 regoff 0x0 n 5 (table contents not committed)
submit #155 dcb 798 dwords at 0x506202500: pass 103 rewrite 35 drop 22 unmapped 0 cc 6 mappings 1003 ... OK rc 0 13.43 ms
state stack #155: push 3 pop 3 conditional 1 unmatched 0; restored 2763 regs (+2811 dwords); tables 17, unreadable 0
pipestat #155 (798 dwords): ia_verts 9 ia_prims 3 vs 9 gs_inv 3 gs_prims 0 c_inv 3 c_prims 3 ps 0 cs 0
map 0x302ba0000 +0x60000 ... ok
map 0x311a10000 +0x80000 ... ok
map 0x333bb0000 +0xe0000 ... ok
map 0x333c90000 +0x20000 ... ok
map 0x333cb0000 +0x290000 ... ok
map 0x500880000 +0x50000 ... ok
map 0x1007ea0000 +0xf0000 ... ok
map 0x10ca040000 +0x140000 ... ok
map 0x10f15c0000 +0xad40000 ... ok
swapped pages taken as resident so far: 0
vmas 107 total 13075.0 MiB resident 2686.6 MiB mapped 2686.9 MiB
submit #156 acb 463 dwords at 0x4003e6740: pass 43 rewrite 11 drop 27 unmapped 0 cc 0 mappings 1012 ... OK rc 0 16.65 ms
acb head: 1287 of 1336 dwords go ahead of the wait at 1287 on 0x400202380
map 0x303550000 +0x10000 ... ok
map 0x311a90000 +0x90000 ... ok
map 0x333f40000 +0x180000 ... ok
map 0x3340c0000 +0x10000 ... ok
map 0x5008d0000 +0x20000 ... ok
map 0x1007f90000 +0x40000 ... ok
map 0x10fc300000 +0x1790000 ... ok
swapped pages taken as resident so far: 0
vmas 107 total 13075.0 MiB resident 2712.7 MiB mapped 2713.0 MiB
  load op 9f at 36: addr 0xfe0040068 idx 0 fmt 1 regoff 0x0 n 921 (table contents not committed)
  load op 63 at 41: addr 0xfe0042068 idx 0 fmt 1 regoff 0x0 n 174 (table contents not committed)
  load op 64 at 46: addr 0xfe00425d8 idx 0 fmt 1 regoff 0x0 n 57 (table contents not committed)
  load op 9f at 88: addr 0x504e01500 idx 0 fmt 1 regoff 0x0 n 5 (table contents not committed)
  load op 64 at 93: addr 0x504e00500 idx 0 fmt 1 regoff 0x0 n 2 (table contents not committed)
  load op 63 at 98: addr 0x504dff500 idx 0 fmt 1 regoff 0x0 n 3 (table contents not committed)
  load op 9f at 756: addr 0xfe0040068 idx 0 fmt 1 regoff 0x0 n 921 (table contents not committed)
  load op 9f at 763: addr 0x504e01528 idx 0 fmt 1 regoff 0x0 n 74 (table contents not committed)
  load op 63 at 768: addr 0x908e5ff90 idx 0 fmt 1 regoff 0x0 n 6 (table contents not committed)
  load op 9f at 773: addr 0x908e5ffc0 idx 0 fmt 1 regoff 0x0 n 10 (table contents not committed)
  load op 64 at 778: addr 0x504e00510 idx 0 fmt 1 regoff 0x0 n 5 (table contents not committed)
  load op 9f at 901: addr 0xfe0040068 idx 0 fmt 1 regoff 0x0 n 921 (table contents not committed)
  load op 9f at 908: addr 0x504e01778 idx 0 fmt 1 regoff 0x0 n 74 (table contents not committed)
  load op 63 at 913: addr 0x908e5ff90 idx 0 fmt 1 regoff 0x0 n 6 (table contents not committed)
  load op 9f at 918: addr 0x908e5ffc0 idx 0 fmt 1 regoff 0x0 n 10 (table contents not committed)
  load op 64 at 923: addr 0x504e00538 idx 0 fmt 1 regoff 0x0 n 5 (table contents not committed)
  load op 9f at 1046: addr 0xfe0040068 idx 0 fmt 1 regoff 0x0 n 921 (table contents not committed)
  load op 9f at 1053: addr 0x504e019c8 idx 0 fmt 1 regoff 0x0 n 74 (table contents not committed)
  load op 63 at 1058: addr 0x908e5ff90 idx 0 fmt 1 regoff 0x0 n 6 (table contents not committed)
  load op 9f at 1063: addr 0x908e5ffc0 idx 0 fmt 1 regoff 0x0 n 10 (table contents not committed)
  load op 64 at 1068: addr 0x504e00560 idx 0 fmt 1 regoff 0x0 n 5 (table contents not committed)
submit #157 dcb 1248 dwords at 0x504a02500: pass 151 rewrite 46 drop 45 unmapped 0 cc 6 mappings 1019 ... OK rc 0 14.58 ms
state stack #157: push 3 pop 3 conditional 1 unmatched 0; restored 2763 regs (+2811 dwords); tables 11, unreadable 0
pipestat #157 (1248 dwords): ia_verts 9 ia_prims 3 vs 9 gs_inv 3 gs_prims 0 c_inv 3 c_prims 3 ps 0 cs 36864
map 0x311b20000 +0x50000 ... ok
map 0x311b70000 +0x90000 ... ok
flip 3 dumped: /home/kjaniszewski/bc5-data/captures/kytyplus-20261001-0855/gc/flip-003.raw
flip 1/0 buffer 0x507410000 +0x1fe0000: sum 0x17ea65194594 nonzero 8100/8160 pattern 0
  target CB0 0x5093f0000: distinct 53 min 0xc0000000 max 0xc340d034,   target CB0 0x5093f0000: nonzero 1024/1024
  target CB0 0x563800000: distinct 1 min 0x00000000 max 0x00000000,   target CB0 0x563800000: nonzero 0/1024
  target CB0 0x55c00d000: distinct 4 min 0x00000000 max 0xffffffff,   target CB0 0x55c00d000: nonzero 147/1024
  target CB0 0x5637f0000: distinct 1 min 0x00000000 max 0x00000000,   target CB0 0x5637f0000: nonzero 0/1024
map 0x3340d0000 +0x1f0000 ...   target CB0 0x516830000: distinct 1 min 0x38003800 max 0x38003800, ok
  target CB0 0x516830000: nonzero 1024/1024
map 0x3342c0000 +0x10000 ...   target CB0 0x56c05e000: distinct 2 min 0x00000000 max 0xffffffff, ok
  target CB0 0x56c05e000: nonzero 2/1024
  target DB_HTILE 0x514050000: distinct 2 min 0x00000000 max 0xfffffff0,   target DB_HTILE 0x514050000: nonzero 48/1024
  target DB_Z_READ 0x513560000: distinct 1 min 0x3f800000 max 0x3f800000,   target DB_Z_READ 0x513560000: nonzero 1024/1024
  target DB_STENCIL_READ 0x513dd0000: distinct 3 min 0x00000000 max 0xfffffff0,   target DB_STENCIL_READ 0x513dd0000: nonzero 558/1024
  target CB0 0x510d10000: distinct 1 min 0x00000000 max 0x00000000,   target CB0 0x510d10000: nonzero 0/1024
  target CB0 0x556759000: distinct 3 min 0x00000000 max 0xffffffff,   target CB0 0x556759000: nonzero 8/1024
  target CB0 0x56d898000: distinct 4 min 0x00000000 max 0x3ec00000,   target CB0 0x56d898000: nonzero 22/1024
  target CB0 0x512570000: distinct 1 min 0x00000000 max 0x00000000,   target CB0 0x512570000: nonzero 0/1024
  target CB0 0x56c058000: distinct 3 min 0x00000000 max 0xffffffff,   target CB0 0x56c058000: nonzero 8/1024
  target DB_HTILE 0x55c050000: distinct 3 min 0x00000000 max 0xffffffff, map 0x5008f0000 +0x20000 ...   target DB_HTILE 0x55c050000: nonzero 144/1024
ok
  target DB_Z_READ 0x527430000: distinct 1 min 0xffffffff max 0xffffffff,   target DB_Z_READ 0x527430000: nonzero 1024/1024
map 0x1007fd0000 +0x110000 ... ok
map 0x10ca180000 +0x60000 ... ok
map 0x10fda90000 +0x6850000 ... ok
swapped pages taken as resident so far: 0
vmas 107 total 13075.0 MiB resident 2821.5 MiB mapped 2821.7 MiB
submit #158 acb 1287 dwords at 0x400205540: pass 118 rewrite 35 drop 63 unmapped 0 cc 0 mappings 1027 ... OK rc 0 15.58 ms
cpu-wait WAIT_REG_MEM64 at 115 on 0x400201d40: satisfied after 0.0 ms
cpu-wait WAIT_REG_MEM64 at 1629 on 0x400201840: satisfied after 0.0 ms
cpu-wait WAIT_REG_MEM64 at 9340 on 0x55d4d00b6e60: satisfied after 0.0 ms
map 0x10ca1e0000 +0x60000 ... ok
map 0x11042e0000 +0x1de0000 ... ok
swapped pages taken as resident so far: 0
vmas 107 total 13075.0 MiB resident 2852.0 MiB mapped 2852.0 MiB
  indirect op 16 at 1246: base 0x5074063c0 +0x0 -> 1 1 1 0 0
  indirect op 16 at 1278: base 0x5074063e0 +0x0 -> 1 1 1 0 0
  indirect op 16 at 1310: base 0x50740a520 +0x0 -> 1 1 1 0 0
  indirect op 16 at 1342: base 0x50740a540 +0x0 -> 1 1 1 0 0
  indirect op 25 at 4584: base 0x56ddaffa0 +0x0 -> 1 512 0 0 0
  load op 9f at 28: addr 0xfe0040068 idx 0 fmt 1 regoff 0x0 n 921 (table contents not committed)
  load op 63 at 33: addr 0xfe0042068 idx 0 fmt 1 regoff 0x0 n 174 (table contents not committed)
  load op 64 at 38: addr 0xfe00425d8 idx 0 fmt 1 regoff 0x0 n 57 (table contents not committed)
  load op 9f at 80: addr 0x502701500 idx 0 fmt 1 regoff 0x0 n 295 (table contents not committed)
  load op 64 at 85: addr 0x502700500 idx 0 fmt 1 regoff 0x0 n 7 (table contents not committed)
  load op 63 at 90: addr 0x5026ff500 idx 0 fmt 1 regoff 0x0 n 13 (table contents not committed)
  load op 63 at 342: addr 0x5026ff568 idx 0 fmt 1 regoff 0x0 n 10 (table contents not committed)
  load op 63 at 734: addr 0x5026ff5b8 idx 0 fmt 1 regoff 0x0 n 18 (table contents not committed)
  load op 63 at 1217: addr 0x5026ff648 idx 0 fmt 1 regoff 0x0 n 10 (table contents not committed)
  load op 63 at 1249: addr 0x5026ff698 idx 0 fmt 1 regoff 0x0 n 10 (table contents not committed)
  load op 63 at 1281: addr 0x5026ff6e8 idx 0 fmt 1 regoff 0x0 n 10 (table contents not committed)
  load op 63 at 1313: addr 0x5026ff738 idx 0 fmt 1 regoff 0x0 n 10 (table contents not committed)
  load op 9f at 1724: addr 0xfe0040068 idx 0 fmt 1 regoff 0x0 n 921 (table contents not committed)
  load op 9f at 1731: addr 0x502701e38 idx 0 fmt 1 regoff 0x0 n 74 (table contents not committed)
  load op 63 at 1736: addr 0x908e5ff90 idx 0 fmt 1 regoff 0x0 n 6 (table contents not committed)
  load op 9f at 1741: addr 0x908e5ffc0 idx 0 fmt 1 regoff 0x0 n 10 (table contents not committed)
  load op 64 at 1746: addr 0x502700538 idx 0 fmt 1 regoff 0x0 n 5 (table contents not committed)
  load op 9f at 1799: addr 0x502702088 idx 0 fmt 1 regoff 0x0 n 132 (table contents not committed)
  load op 63 at 1804: addr 0x5026ff788 idx 0 fmt 1 regoff 0x0 n 30 (table contents not committed)
  load op 64 at 1884: addr 0x502700560 idx 0 fmt 1 regoff 0x0 n 5 (table contents not committed)
  load op 9f at 1891: addr 0x5026fd440 idx 0 fmt 1 regoff 0x0 n 175 (table contents not committed)
  load op 63 at 2106: addr 0x5026ff878 idx 0 fmt 1 regoff 0x0 n 20 (table contents not committed)
  load op 9f at 3069: addr 0xfe0040068 idx 0 fmt 1 regoff 0x0 n 921 (table contents not committed)
  load op 9f at 3076: addr 0x5026fd9b8 idx 0 fmt 1 regoff 0x0 n 70 (table contents not committed)
  load op 63 at 3081: addr 0x908e5ff90 idx 0 fmt 1 regoff 0x0 n 6 (table contents not committed)
  load op 9f at 3086: addr 0x908e5ffc0 idx 0 fmt 1 regoff 0x0 n 10 (table contents not committed)
  load op 63 at 3091: addr 0x908e5f7d0 idx 0 fmt 1 regoff 0x0 n 6 (table contents not committed)
  load op 9f at 3096: addr 0x908e5f800 idx 0 fmt 1 regoff 0x0 n 9 (table contents not committed)
  load op 64 at 3101: addr 0x502700588 idx 0 fmt 1 regoff 0x0 n 5 (table contents not committed)
  load op 9f at 3140: addr 0x5026fdbe8 idx 0 fmt 1 regoff 0x0 n 19 (table contents not committed)
  load op 63 at 3145: addr 0x5026ff918 idx 0 fmt 1 regoff 0x0 n 12 (table contents not committed)
  load op 9f at 3268: addr 0xfe0040068 idx 0 fmt 1 regoff 0x0 n 921 (table contents not committed)
  load op 9f at 3275: addr 0x5026fdc80 idx 0 fmt 1 regoff 0x0 n 74 (table contents not committed)
  load op 63 at 3280: addr 0x908e5ff90 idx 0 fmt 1 regoff 0x0 n 6 (table contents not committed)
  load op 9f at 3285: addr 0x908e5ffc0 idx 0 fmt 1 regoff 0x0 n 10 (table contents not committed)
  load op 64 at 3290: addr 0x5027005b0 idx 0 fmt 1 regoff 0x0 n 5 (table contents not committed)
  load op 9f at 3329: addr 0x5026fded0 idx 0 fmt 1 regoff 0x0 n 166 (table contents not committed)
  load op 63 at 3334: addr 0x5026ff978 idx 0 fmt 1 regoff 0x0 n 30 (table contents not committed)
  load op 64 at 3430: addr 0x5027005d8 idx 0 fmt 1 regoff 0x0 n 5 (table contents not committed)
  load op 9f at 3437: addr 0x5026fc320 idx 0 fmt 1 regoff 0x0 n 135 (table contents not committed)
  load op 63 at 3675: addr 0x5026ffa68 idx 0 fmt 1 regoff 0x0 n 36 (table contents not committed)
  load op 64 at 4540: addr 0x502700600 idx 0 fmt 1 regoff 0x0 n 6 (table contents not committed)
  load op 9f at 4545: addr 0x5026fc758 idx 0 fmt 1 regoff 0x0 n 376 (table contents not committed)
  load op 9f at 4552: addr 0x5026fb118 idx 0 fmt 1 regoff 0x0 n 205 (table contents not committed)
  load op 9f at 4853: addr 0xfe0040068 idx 0 fmt 1 regoff 0x0 n 921 (table contents not committed)
  load op 9f at 4860: addr 0x5026fb780 idx 0 fmt 1 regoff 0x0 n 74 (table contents not committed)
  load op 63 at 4865: addr 0x908e5ff90 idx 0 fmt 1 regoff 0x0 n 6 (table contents not committed)
  load op 9f at 4870: addr 0x908e5ffc0 idx 0 fmt 1 regoff 0x0 n 10 (table contents not committed)
  load op 64 at 4875: addr 0x502700630 idx 0 fmt 1 regoff 0x0 n 5 (table contents not committed)
  load op 63 at 4914: addr 0x5026ffb88 idx 0 fmt 1 regoff 0x0 n 21 (table contents not committed)
  load op 9f at 4925: addr 0x5026fb9d0 idx 0 fmt 1 regoff 0x0 n 223 (table contents not committed)
  load op 63 at 5714: addr 0x5026ffc30 idx 0 fmt 1 regoff 0x0 n 10 (table contents not committed)
  load op 63 at 5831: addr 0x5026ffc80 idx 0 fmt 1 regoff 0x0 n 28 (table contents not committed)
  load op 64 at 5910: addr 0x502700658 idx 0 fmt 1 regoff 0x0 n 5 (table contents not committed)
  load op 9f at 5917: addr 0x5026f9e30 idx 0 fmt 1 regoff 0x0 n 67 (table contents not committed)
  load op 9f at 6045: addr 0x5026fa048 idx 0 fmt 1 regoff 0x0 n 121 (table contents not committed)
  load op 63 at 6050: addr 0x5026ffd60 idx 0 fmt 1 regoff 0x0 n 18 (table contents not committed)
  load op 64 at 6055: addr 0x502700680 idx 0 fmt 1 regoff 0x0 n 3 (table contents not committed)
  load op 9f at 6204: addr 0x5026fa410 idx 0 fmt 1 regoff 0x0 n 121 (table contents not committed)
  load op 63 at 6209: addr 0x5026ffdf0 idx 0 fmt 1 regoff 0x0 n 18 (table contents not committed)
  load op 64 at 6214: addr 0x502700698 idx 0 fmt 1 regoff 0x0 n 3 (table contents not committed)
  load op 63 at 6578: addr 0x5026ffe80 idx 0 fmt 1 regoff 0x0 n 10 (table contents not committed)
  load op 9f at 7058: addr 0x5026fa7d8 idx 0 fmt 1 regoff 0x0 n 195 (table contents not committed)
  load op 9f at 7063: addr 0x5026f8d80 idx 0 fmt 1 regoff 0x0 n 85 (table contents not committed)
  load op 63 at 7068: addr 0x5026ffed0 idx 0 fmt 1 regoff 0x0 n 18 (table contents not committed)
  load op 64 at 7073: addr 0x5027006b0 idx 0 fmt 1 regoff 0x0 n 3 (table contents not committed)
  load op 9f at 7186: addr 0x5026f9028 idx 0 fmt 1 regoff 0x0 n 129 (table contents not committed)
  load op 63 at 7191: addr 0x5026fff60 idx 0 fmt 1 regoff 0x0 n 18 (table contents not committed)
  load op 64 at 7196: addr 0x5027006c8 idx 0 fmt 1 regoff 0x0 n 3 (table contents not committed)
  load op 9f at 7309: addr 0x5026f9430 idx 0 fmt 1 regoff 0x0 n 129 (table contents not committed)
  load op 63 at 7314: addr 0x5026ffff0 idx 0 fmt 1 regoff 0x0 n 18 (table contents not committed)
  load op 64 at 7319: addr 0x5027006e0 idx 0 fmt 1 regoff 0x0 n 3 (table contents not committed)
  load op 9f at 7432: addr 0x5026f9838 idx 0 fmt 1 regoff 0x0 n 58 (table contents not committed)
  load op 9f at 7537: addr 0x5026f9a08 idx 0 fmt 1 regoff 0x0 n 66 (table contents not committed)
  load op 9f at 7642: addr 0x5026f9c18 idx 0 fmt 1 regoff 0x0 n 37 (table contents not committed)
  load op 9f at 7647: addr 0x5026f7300 idx 0 fmt 1 regoff 0x0 n 21 (table contents not committed)
  load op 9f at 7752: addr 0x5026f73a8 idx 0 fmt 1 regoff 0x0 n 66 (table contents not committed)
  load op 9f at 7857: addr 0x5026f75b8 idx 0 fmt 1 regoff 0x0 n 58 (table contents not committed)
  load op 9f at 7962: addr 0x5026f7788 idx 0 fmt 1 regoff 0x0 n 130 (table contents not committed)
  load op 63 at 7967: addr 0x502700080 idx 0 fmt 1 regoff 0x0 n 18 (table contents not committed)
  load op 64 at 7972: addr 0x5027006f8 idx 0 fmt 1 regoff 0x0 n 3 (table contents not committed)
  load op 9f at 8099: addr 0x5026f7b98 idx 0 fmt 1 regoff 0x0 n 135 (table contents not committed)
  load op 63 at 8104: addr 0x502700110 idx 0 fmt 1 regoff 0x0 n 18 (table contents not committed)
  load op 64 at 8109: addr 0x502700710 idx 0 fmt 1 regoff 0x0 n 3 (table contents not committed)
  load op 63 at 8687: addr 0x5027001a0 idx 0 fmt 1 regoff 0x0 n 10 (table contents not committed)
  load op 63 at 9273: addr 0x5027001f0 idx 0 fmt 1 regoff 0x0 n 28 (table contents not committed)
  load op 64 at 9381: addr 0x502700728 idx 0 fmt 1 regoff 0x0 n 5 (table contents not committed)
  load op 9f at 9386: addr 0x5026f7fd0 idx 0 fmt 1 regoff 0x0 n 97 (table contents not committed)
  load op 9f at 9393: addr 0x5026f5868 idx 0 fmt 1 regoff 0x0 n 183 (table contents not committed)
submit #159 dcb 9891 dwords at 0x502002500: pass 669 rewrite 494 drop 434 unmapped 1 cc 8 mappings 1029 ... OK rc 0 47.96 ms
state stack #159: push 4 pop 4 conditional 1 unmatched 0; restored 3684 regs (+3748 dwords); tables 40, unreadable 0
pipestat #159 (9891 dwords): ia_verts 575 ia_prims 533 vs 575 gs_inv 533 gs_prims 0 c_inv 192 c_prims 91 ps 29068656 cs 6754305
map 0x300e70000 +0x10000 ... ok
map 0x301ae0000 +0x30000 ... ok
map 0x303990000 +0x10000 ... ok
map 0x308460000 +0x70000 ... ok
map 0x311c00000 +0x2f0000 ... ok
map 0x3342d0000 +0xa00000 ... ok
map 0x334cd0000 +0x10000 ... ok
map 0x334ce0000 +0x180000 ... ok
map 0x500910000 +0x60000 ... ok
map 0x10080e0000 +0x4630000 ... ok
map 0x105a460000 +0x2320000 ... ok
map 0x10ca240000 +0xe0000 ... ok
map 0x11060c0000 +0xedb0000 ... ok
swapped pages taken as resident so far: 0
vmas 107 total 13075.0 MiB resident 3211.1 MiB mapped 3211.5 MiB
submit #160 acb 2 dwords at 0xfe003a200: pass 1 rewrite 0 drop 0 unmapped 0 cc 0 mappings 1042 ... OK rc 0 17.07 ms
cpu-wait WAIT_REG_MEM64 at 0 on 0x400202380: satisfied after 0.0 ms
map 0x100c710000 +0x50000 ... ok
map 0x1114e70000 +0xae0000 ... ok
swapped pages taken as resident so far: 0
vmas 107 total 13075.0 MiB resident 3222.7 MiB mapped 3222.7 MiB
submit #161 cc 3 dwords at 0x313b17cf4: pass 0 rewrite 1 drop 0 unmapped 0 cc 1 mappings 1044 ... OK rc 0 16.69 ms
map 0x334e60000 +0x60000 ... ok
map 0x334ec0000 +0x10000 ... ok
map 0x1115950000 +0xb20000 ... ok
swapped pages taken as resident so far: 0
vmas 107 total 13075.0 MiB resident 3234.1 MiB mapped 3234.2 MiB
submit #162 acb 49 dwords at 0x40020695c: pass 2 rewrite 3 drop 3 unmapped 0 cc 0 mappings 1047 ... OK rc 0 18.29 ms
map 0x334ed0000 +0x70000 ... ok
map 0x334f40000 +0x10000 ... ok
map 0x100c760000 +0x10000 ... ok
map 0x1116470000 +0x320000 ... ok
swapped pages taken as resident so far: 0
vmas 107 total 13075.0 MiB resident 3237.8 MiB mapped 3237.9 MiB
  load op 61 at 10: base 0xfe0008000 pairs (0x0,215) (0xd8,272) (0x1f5,4) (0x1ff,158) (0x2a0,2) (0x2a3,1) (0x2a5,66) (0x2f5,203)
  load op 5f at 29: base 0xfe0010000 pairs (0x1,1) (0x6,38) (0x32,4) (0x80,4) (0x87,37) (0xb2,4) (0xc8,2) (0x100,4) (0x107,37) (0x132,4) (0x148,2) (0x204,3) (0x20c,2) (0x212,2) (0x215,6) (0x224,5) (0x22a,1) (0x240,16) (0x27d,1) (0x280,1) (0x207,3)
  load op 5e at 74: base 0xfe0011000 pairs (0x35,8) (0xa2,1) (0x242,1) (0x248,1) (0x24a,2) (0x25b,6) (0x262,1) (0x2bb,5) (0x2c4,16) (0x2e4,8) (0x380,2) (0x383,2) (0x41d,3) (0x24d,1)
  load op 61 at 105: base 0xfe0008000 pairs (0x0,0)
  load op 5f at 110: base 0xfe0010000 pairs (0x0,0)
  load op 5e at 115: base 0xfe0011000 pairs (0x0,0)
  load op 61 at 125: base 0xfe0008000 pairs (0x0,0)
  load op 5f at 130: base 0xfe0010000 pairs (0x0,0)
  load op 5e at 135: base 0xfe0011000 pairs (0x0,0)
submit #163 hib 150 dwords at 0xfe0000000: pass 12 rewrite 2 drop 2 unmapped 0 cc 2 mappings 1051 ... OK rc 0 17.03 ms
map 0x334f50000 +0x60000 ... ok
map 0x100c770000 +0x250000 ... ok
map 0x1116790000 +0x570000 ... ok
swapped pages taken as resident so far: 0
vmas 107 total 13075.0 MiB resident 3245.9 MiB mapped 3246.0 MiB
submit #164 hib 2 dwords at 0xfe003a200: pass 1 rewrite 0 drop 0 unmapped 0 cc 0 mappings 1054 ... OK rc 0 16.55 ms
map 0x100c9c0000 +0x50000 ... ok
swapped pages taken as resident so far: 0
vmas 107 total 13075.0 MiB resident 3246.3 MiB mapped 3246.4 MiB
  load op 9f at 38: addr 0xfe0040068 idx 0 fmt 1 regoff 0x0 n 921 (table contents not committed)
  load op 63 at 43: addr 0xfe0042068 idx 0 fmt 1 regoff 0x0 n 174 (table contents not committed)
  load op 64 at 48: addr 0xfe00425d8 idx 0 fmt 1 regoff 0x0 n 49 (table contents not committed)
submit #165 dcb 96 dwords at 0xfe0042920: pass 20 rewrite 2 drop 2 unmapped 0 cc 0 mappings 1055 ... OK rc 0 16.79 ms
  load op 9f at 36: addr 0xfe0040068 idx 0 fmt 1 regoff 0x0 n 921 (table contents not committed)
  load op 63 at 41: addr 0xfe0042068 idx 0 fmt 1 regoff 0x0 n 174 (table contents not committed)
  load op 64 at 46: addr 0xfe00425d8 idx 0 fmt 1 regoff 0x0 n 57 (table contents not committed)
  load op 9f at 88: addr 0x504301500 idx 0 fmt 1 regoff 0x0 n 136 (table contents not committed)
  load op 64 at 93: addr 0x504300500 idx 0 fmt 1 regoff 0x0 n 3 (table contents not committed)
  load op 63 at 98: addr 0x5042ff500 idx 0 fmt 1 regoff 0x0 n 3 (table contents not committed)
  load op 9f at 1541: addr 0xfe0040068 idx 0 fmt 1 regoff 0x0 n 921 (table contents not committed)
  load op 9f at 1548: addr 0x504301940 idx 0 fmt 1 regoff 0x0 n 70 (table contents not committed)
  load op 63 at 1553: addr 0x908e5ff90 idx 0 fmt 1 regoff 0x0 n 6 (table contents not committed)
  load op 9f at 1558: addr 0x908e5ffc0 idx 0 fmt 1 regoff 0x0 n 10 (table contents not committed)
  load op 63 at 1563: addr 0x908e5f7d0 idx 0 fmt 1 regoff 0x0 n 6 (table contents not committed)
  load op 9f at 1568: addr 0x908e5f800 idx 0 fmt 1 regoff 0x0 n 9 (table contents not committed)
  load op 64 at 1573: addr 0x504300518 idx 0 fmt 1 regoff 0x0 n 5 (table contents not committed)
  load op 9f at 1691: addr 0x504301b70 idx 0 fmt 1 regoff 0x0 n 131 (table contents not committed)
  load op 64 at 1698: addr 0x504300540 idx 0 fmt 1 regoff 0x0 n 1 (table contents not committed)
  load op 9f at 1730: addr 0xfe0040068 idx 0 fmt 1 regoff 0x0 n 921 (table contents not committed)
  load op 9f at 1737: addr 0x504301f88 idx 0 fmt 1 regoff 0x0 n 70 (table contents not committed)
  load op 63 at 1742: addr 0x908e5ff90 idx 0 fmt 1 regoff 0x0 n 6 (table contents not committed)
  load op 9f at 1747: addr 0x908e5ffc0 idx 0 fmt 1 regoff 0x0 n 10 (table contents not committed)
  load op 63 at 1752: addr 0x908e5f7d0 idx 0 fmt 1 regoff 0x0 n 6 (table contents not committed)
  load op 9f at 1757: addr 0x908e5f800 idx 0 fmt 1 regoff 0x0 n 9 (table contents not committed)
  load op 64 at 1762: addr 0x504300548 idx 0 fmt 1 regoff 0x0 n 5 (table contents not committed)
  load op 63 at 1858: addr 0x5042ff518 idx 0 fmt 1 regoff 0x0 n 10 (table contents not committed)
  load op 63 at 2049: addr 0x5042ff568 idx 0 fmt 1 regoff 0x0 n 28 (table contents not committed)
  load op 64 at 2123: addr 0x504300570 idx 0 fmt 1 regoff 0x0 n 5 (table contents not committed)
  load op 9f at 2130: addr 0x5043021b8 idx 0 fmt 1 regoff 0x0 n 96 (table contents not committed)
  load op 9f at 2135: addr 0x5042fe390 idx 0 fmt 1 regoff 0x0 n 194 (table contents not committed)
submit #166 dcb 2647 dwords at 0x503c02500: pass 236 rewrite 123 drop 120 unmapped 0 cc 4 mappings 1055 ... OK rc 0 16.80 ms
state stack #166: push 2 pop 2 conditional 1 unmatched 0; restored 1842 regs (+1874 dwords); tables 13, unreadable 0
pipestat #166 (2647 dwords): ia_verts 9 ia_prims 3 vs 9 gs_inv 3 gs_prims 0 c_inv 3 c_prims 3 ps 2073600 cs 1244160
map 0x334fb0000 +0xa0000 ... ok
map 0x500970000 +0x10000 ... ok
map 0x100ca10000 +0x340000 ... ok
map 0x105c780000 +0xe70000 ... ok
map 0x10ca320000 +0x20000 ... ok
map 0x1116d00000 +0x520000 ... ok
swapped pages taken as resident so far: 0
vmas 107 total 13075.0 MiB resident 3269.8 MiB mapped 3270.0 MiB
  load op 9f at 38: addr 0xfe0040068 idx 0 fmt 1 regoff 0x0 n 921 (table contents not committed)
  load op 63 at 43: addr 0xfe0042068 idx 0 fmt 1 regoff 0x0 n 174 (table contents not committed)
  load op 64 at 48: addr 0xfe00425d8 idx 0 fmt 1 regoff 0x0 n 57 (table contents not committed)
  load op 9f at 90: addr 0x505e01500 idx 0 fmt 1 regoff 0x0 n 5 (table contents not committed)
  load op 64 at 95: addr 0x505e00500 idx 0 fmt 1 regoff 0x0 n 2 (table contents not committed)
  load op 63 at 100: addr 0x505dff500 idx 0 fmt 1 regoff 0x0 n 3 (table contents not committed)
submit #167 dcb 851 dwords at 0x505a02500: pass 47 rewrite 55 drop 45 unmapped 0 cc 0 mappings 1061 ... OK rc 0 17.10 ms
pipestat #167 (851 dwords): ia_verts 0 ia_prims 0 vs 0 gs_inv 0 gs_prims 0 c_inv 0 c_prims 0 ps 0 cs 81920
map 0x335050000 +0x10000 ... ok
map 0x335060000 +0x10000 ... ok
map 0x100cd50000 +0x50000 ... ok
map 0x10ca340000 +0x20000 ... ok
map 0x1117220000 +0x150000 ... ok
swapped pages taken as resident so far: 0
vmas 107 total 13075.0 MiB resident 3271.7 MiB mapped 3271.9 MiB
submit #168 acb 2 dwords at 0xfe003a200: pass 1 rewrite 0 drop 0 unmapped 0 cc 0 mappings 1066 ... OK rc 0 18.49 ms
cpu-wait WAIT_REG_MEM64 at 87 on 0x400202d80: satisfied after 0.0 ms
map 0x100cda0000 +0x20000 ... ok
map 0x1117370000 +0x220000 ... ok
swapped pages taken as resident so far: 0
vmas 107 total 13075.0 MiB resident 3274.1 MiB mapped 3274.1 MiB
  load op 9f at 35: addr 0xfe0040068 idx 0 fmt 1 regoff 0x0 n 921 (table contents not committed)
  load op 63 at 40: addr 0xfe0042068 idx 0 fmt 1 regoff 0x0 n 174 (table contents not committed)
  load op 64 at 45: addr 0xfe00425d8 idx 0 fmt 1 regoff 0x0 n 57 (table contents not committed)
  load op 9f at 87: addr 0x506e01500 idx 0 fmt 1 regoff 0x0 n 136 (table contents not committed)
  load op 64 at 92: addr 0x506e00500 idx 0 fmt 1 regoff 0x0 n 3 (table contents not committed)
  load op 63 at 97: addr 0x506dff500 idx 0 fmt 1 regoff 0x0 n 3 (table contents not committed)
  load op 9f at 212: addr 0xfe0040068 idx 0 fmt 1 regoff 0x0 n 921 (table contents not committed)
  load op 9f at 219: addr 0x506e01940 idx 0 fmt 1 regoff 0x0 n 70 (table contents not committed)
  load op 63 at 224: addr 0x908e5ff90 idx 0 fmt 1 regoff 0x0 n 6 (table contents not committed)
  load op 9f at 229: addr 0x908e5ffc0 idx 0 fmt 1 regoff 0x0 n 10 (table contents not committed)
  load op 63 at 234: addr 0x908e5f7d0 idx 0 fmt 1 regoff 0x0 n 6 (table contents not committed)
  load op 9f at 239: addr 0x908e5f800 idx 0 fmt 1 regoff 0x0 n 9 (table contents not committed)
  load op 64 at 244: addr 0x506e00518 idx 0 fmt 1 regoff 0x0 n 5 (table contents not committed)
  load op 9f at 340: addr 0x506e01b70 idx 0 fmt 1 regoff 0x0 n 131 (table contents not committed)
  load op 64 at 347: addr 0x506e00540 idx 0 fmt 1 regoff 0x0 n 1 (table contents not committed)
  load op 9f at 379: addr 0xfe0040068 idx 0 fmt 1 regoff 0x0 n 921 (table contents not committed)
  load op 9f at 386: addr 0x506e01f88 idx 0 fmt 1 regoff 0x0 n 70 (table contents not committed)
  load op 63 at 391: addr 0x908e5ff90 idx 0 fmt 1 regoff 0x0 n 6 (table contents not committed)
  load op 9f at 396: addr 0x908e5ffc0 idx 0 fmt 1 regoff 0x0 n 10 (table contents not committed)
  load op 63 at 401: addr 0x908e5f7d0 idx 0 fmt 1 regoff 0x0 n 6 (table contents not committed)
  load op 9f at 406: addr 0x908e5f800 idx 0 fmt 1 regoff 0x0 n 9 (table contents not committed)
  load op 64 at 411: addr 0x506e00548 idx 0 fmt 1 regoff 0x0 n 5 (table contents not committed)
  load op 9f at 548: addr 0x506e021b8 idx 0 fmt 1 regoff 0x0 n 98 (table contents not committed)
  load op 64 at 555: addr 0x506e00570 idx 0 fmt 1 regoff 0x0 n 1 (table contents not committed)
  load op 9f at 560: addr 0x506dfe500 idx 0 fmt 1 regoff 0x0 n 33 (table contents not committed)
  load op 9f at 592: addr 0xfe0040068 idx 0 fmt 1 regoff 0x0 n 921 (table contents not committed)
  load op 9f at 599: addr 0x506dfe608 idx 0 fmt 1 regoff 0x0 n 70 (table contents not committed)
  load op 63 at 604: addr 0x908e5ff90 idx 0 fmt 1 regoff 0x0 n 6 (table contents not committed)
  load op 9f at 609: addr 0x908e5ffc0 idx 0 fmt 1 regoff 0x0 n 10 (table contents not committed)
  load op 63 at 614: addr 0x908e5f7d0 idx 0 fmt 1 regoff 0x0 n 6 (table contents not committed)
  load op 9f at 619: addr 0x908e5f800 idx 0 fmt 1 regoff 0x0 n 9 (table contents not committed)
  load op 64 at 624: addr 0x506e00578 idx 0 fmt 1 regoff 0x0 n 5 (table contents not committed)
submit #169 dcb 798 dwords at 0x506802500: pass 103 rewrite 35 drop 22 unmapped 0 cc 6 mappings 1068 ... OK rc 0 17.00 ms
state stack #169: push 3 pop 3 conditional 1 unmatched 0; restored 2763 regs (+2811 dwords); tables 17, unreadable 0
pipestat #169 (798 dwords): ia_verts 9 ia_prims 3 vs 9 gs_inv 3 gs_prims 0 c_inv 3 c_prims 3 ps 0 cs 0
map 0x335070000 +0x2b0000 ... ok
map 0x335320000 +0x10000 ... ok
map 0x100cdc0000 +0x5c0000 ... ok
map 0x10ca360000 +0x40000 ... ok
map 0x1117590000 +0x270000 ... ok
map 0x1117800000 +0x2ac0000 ... ok
swapped pages taken as resident so far: 0
vmas 107 total 13075.0 MiB resident 3327.9 MiB mapped 3328.0 MiB
submit #170 acb 463 dwords at 0x4004867c0: pass 43 rewrite 11 drop 27 unmapped 0 cc 0 mappings 1074 ... OK rc 0 17.31 ms
acb head: 1287 of 1336 dwords go ahead of the wait at 1287 on 0x400202f80
  load op 9f at 36: addr 0xfe0040068 idx 0 fmt 1 regoff 0x0 n 921 (table contents not committed)
  load op 63 at 41: addr 0xfe0042068 idx 0 fmt 1 regoff 0x0 n 174 (table contents not committed)
  load op 64 at 46: addr 0xfe00425d8 idx 0 fmt 1 regoff 0x0 n 57 (table contents not committed)
  load op 9f at 88: addr 0x505201500 idx 0 fmt 1 regoff 0x0 n 5 (table contents not committed)
  load op 64 at 93: addr 0x505200500 idx 0 fmt 1 regoff 0x0 n 2 (table contents not committed)
  load op 63 at 98: addr 0x5051ff500 idx 0 fmt 1 regoff 0x0 n 3 (table contents not committed)
  load op 9f at 756: addr 0xfe0040068 idx 0 fmt 1 regoff 0x0 n 921 (table contents not committed)
  load op 9f at 763: addr 0x505201528 idx 0 fmt 1 regoff 0x0 n 74 (table contents not committed)
  load op 63 at 768: addr 0x908e5ff90 idx 0 fmt 1 regoff 0x0 n 6 (table contents not committed)
  load op 9f at 773: addr 0x908e5ffc0 idx 0 fmt 1 regoff 0x0 n 10 (table contents not committed)
  load op 64 at 778: addr 0x505200510 idx 0 fmt 1 regoff 0x0 n 5 (table contents not committed)
  load op 9f at 901: addr 0xfe0040068 idx 0 fmt 1 regoff 0x0 n 921 (table contents not committed)
  load op 9f at 908: addr 0x505201778 idx 0 fmt 1 regoff 0x0 n 74 (table contents not committed)
  load op 63 at 913: addr 0x908e5ff90 idx 0 fmt 1 regoff 0x0 n 6 (table contents not committed)
  load op 9f at 918: addr 0x908e5ffc0 idx 0 fmt 1 regoff 0x0 n 10 (table contents not committed)
  load op 64 at 923: addr 0x505200538 idx 0 fmt 1 regoff 0x0 n 5 (table contents not committed)
  load op 9f at 1046: addr 0xfe0040068 idx 0 fmt 1 regoff 0x0 n 921 (table contents not committed)
  load op 9f at 1053: addr 0x5052019c8 idx 0 fmt 1 regoff 0x0 n 74 (table contents not committed)
  load op 63 at 1058: addr 0x908e5ff90 idx 0 fmt 1 regoff 0x0 n 6 (table contents not committed)
  load op 9f at 1063: addr 0x908e5ffc0 idx 0 fmt 1 regoff 0x0 n 10 (table contents not committed)
  load op 64 at 1068: addr 0x505200560 idx 0 fmt 1 regoff 0x0 n 5 (table contents not committed)
submit #171 dcb 1248 dwords at 0x504e02500: pass 151 rewrite 46 drop 45 unmapped 0 cc 6 mappings 1074 ... OK rc 0 17.11 ms
state stack #171: push 3 pop 3 conditional 1 unmatched 0; restored 2763 regs (+2811 dwords); tables 11, unreadable 0
pipestat #171 (1248 dwords): ia_verts 9 ia_prims 3 vs 9 gs_inv 3 gs_prims 0 c_inv 3 c_prims 3 ps 0 cs 36864
flip 1/1 buffer 0x5093f0000 +0x1fe0000: sum 0x17ea65194594 nonzero 8100/8160 pattern 0
  target CB0 0x507410000: distinct 53 min 0xc0000000 max 0xc340d034,   target CB0 0x507410000: nonzero 1024/1024
  target CB0 0x563800000: distinct 1 min 0x00000000 max 0x00000000,   target CB0 0x563800000: nonzero 0/1024
  target CB0 0x55c00d000: distinct 4 min 0x00000000 max 0xffffffff,   target CB0 0x55c00d000: nonzero 147/1024
  target CB0 0x5637f0000: distinct 1 min 0x00000000 max 0x00000000,   target CB0 0x5637f0000: nonzero 0/1024
  target CB0 0x516830000: distinct 1 min 0x38003800 max 0x38003800,   target CB0 0x516830000: nonzero 1024/1024
  target CB0 0x56c05e000: distinct 2 min 0x00000000 max 0xffffffff,   target CB0 0x56c05e000: nonzero 2/1024
  target DB_HTILE 0x514050000: distinct 2 min 0x00000000 max 0xfffffff0,   target DB_HTILE 0x514050000: nonzero 48/1024
  target DB_Z_READ 0x513560000: distinct 1 min 0x3f800000 max 0x3f800000,   target DB_Z_READ 0x513560000: nonzero 1024/1024
  target DB_STENCIL_READ 0x513dd0000: distinct 3 min 0x00000000 max 0xfffffff0,   target DB_STENCIL_READ 0x513dd0000: nonzero 558/1024
  target CB0 0x510d10000: distinct 1 min 0x00000000 max 0x00000000,   target CB0 0x510d10000: nonzero 0/1024
  target CB0 0x556759000: distinct 3 min 0x00000000 max 0xffffffff,   target CB0 0x556759000: nonzero 8/1024
  target CB0 0x56d898000: distinct 4 min 0x00000000 max 0x3ec00000,   target CB0 0x56d898000: nonzero 22/1024
  target CB0 0x512570000: distinct 1 min 0x00000000 max 0x00000000,   target CB0 0x512570000: nonzero 0/1024
  target CB0 0x56c058000: distinct 3 min 0x00000000 max 0xffffffff,   target CB0 0x56c058000: nonzero 8/1024
  target DB_HTILE 0x55c050000: distinct 3 min 0x00000000 max 0xffffffff,   target DB_HTILE 0x55c050000: nonzero 144/1024
  target DB_Z_READ 0x527430000: distinct 1 min 0xffffffff max 0xffffffff,   target DB_Z_READ 0x527430000: nonzero 1024/1024
submit #172 acb 1287 dwords at 0x4002a55c0: pass 118 rewrite 35 drop 63 unmapped 0 cc 0 mappings 1074 ... OK rc 0 17.48 ms
cpu-wait WAIT_REG_MEM64 at 115 on 0x400202d40: satisfied after 0.0 ms
cpu-wait WAIT_REG_MEM64 at 1629 on 0x400202dc0: satisfied after 0.0 ms
cpu-wait WAIT_REG_MEM64 at 9223 on 0x55d4d00b6e68: satisfied after 0.0 ms
  indirect op 16 at 1246: base 0x5074063c0 +0x0 -> 1 1 1 0 0
  indirect op 16 at 1278: base 0x5074063e0 +0x0 -> 1 1 1 0 0
  indirect op 16 at 1310: base 0x50740a520 +0x0 -> 1 1 1 0 0
  indirect op 16 at 1342: base 0x50740a540 +0x0 -> 1 1 1 0 0
  indirect op 25 at 4584: base 0x56ddaffa0 +0x0 -> 1 512 0 0 0
  load op 9f at 28: addr 0xfe0040068 idx 0 fmt 1 regoff 0x0 n 921 (table contents not committed)
  load op 63 at 33: addr 0xfe0042068 idx 0 fmt 1 regoff 0x0 n 174 (table contents not committed)
  load op 64 at 38: addr 0xfe00425d8 idx 0 fmt 1 regoff 0x0 n 57 (table contents not committed)
  load op 9f at 80: addr 0x502e01500 idx 0 fmt 1 regoff 0x0 n 295 (table contents not committed)
  load op 64 at 85: addr 0x502e00500 idx 0 fmt 1 regoff 0x0 n 7 (table contents not committed)
  load op 63 at 90: addr 0x502dff500 idx 0 fmt 1 regoff 0x0 n 13 (table contents not committed)
  load op 63 at 342: addr 0x502dff568 idx 0 fmt 1 regoff 0x0 n 10 (table contents not committed)
  load op 63 at 734: addr 0x502dff5b8 idx 0 fmt 1 regoff 0x0 n 18 (table contents not committed)
  load op 63 at 1217: addr 0x502dff648 idx 0 fmt 1 regoff 0x0 n 10 (table contents not committed)
  load op 63 at 1249: addr 0x502dff698 idx 0 fmt 1 regoff 0x0 n 10 (table contents not committed)
  load op 63 at 1281: addr 0x502dff6e8 idx 0 fmt 1 regoff 0x0 n 10 (table contents not committed)
  load op 63 at 1313: addr 0x502dff738 idx 0 fmt 1 regoff 0x0 n 10 (table contents not committed)
  load op 9f at 1724: addr 0xfe0040068 idx 0 fmt 1 regoff 0x0 n 921 (table contents not committed)
  load op 9f at 1731: addr 0x502e01e38 idx 0 fmt 1 regoff 0x0 n 74 (table contents not committed)
  load op 63 at 1736: addr 0x908e5ff90 idx 0 fmt 1 regoff 0x0 n 6 (table contents not committed)
  load op 9f at 1741: addr 0x908e5ffc0 idx 0 fmt 1 regoff 0x0 n 10 (table contents not committed)
  load op 64 at 1746: addr 0x502e00538 idx 0 fmt 1 regoff 0x0 n 5 (table contents not committed)
  load op 9f at 1799: addr 0x502e02088 idx 0 fmt 1 regoff 0x0 n 132 (table contents not committed)
  load op 63 at 1804: addr 0x502dff788 idx 0 fmt 1 regoff 0x0 n 30 (table contents not committed)
  load op 64 at 1884: addr 0x502e00560 idx 0 fmt 1 regoff 0x0 n 5 (table contents not committed)
  load op 9f at 1891: addr 0x502dfd440 idx 0 fmt 1 regoff 0x0 n 175 (table contents not committed)
  load op 63 at 2106: addr 0x502dff878 idx 0 fmt 1 regoff 0x0 n 20 (table contents not committed)
  load op 9f at 3069: addr 0xfe0040068 idx 0 fmt 1 regoff 0x0 n 921 (table contents not committed)
  load op 9f at 3076: addr 0x502dfd9b8 idx 0 fmt 1 regoff 0x0 n 70 (table contents not committed)
  load op 63 at 3081: addr 0x908e5ff90 idx 0 fmt 1 regoff 0x0 n 6 (table contents not committed)
  load op 9f at 3086: addr 0x908e5ffc0 idx 0 fmt 1 regoff 0x0 n 10 (table contents not committed)
  load op 63 at 3091: addr 0x908e5f7d0 idx 0 fmt 1 regoff 0x0 n 6 (table contents not committed)
  load op 9f at 3096: addr 0x908e5f800 idx 0 fmt 1 regoff 0x0 n 9 (table contents not committed)
  load op 64 at 3101: addr 0x502e00588 idx 0 fmt 1 regoff 0x0 n 5 (table contents not committed)
  load op 9f at 3140: addr 0x502dfdbe8 idx 0 fmt 1 regoff 0x0 n 19 (table contents not committed)
  load op 63 at 3145: addr 0x502dff918 idx 0 fmt 1 regoff 0x0 n 12 (table contents not committed)
  load op 9f at 3268: addr 0xfe0040068 idx 0 fmt 1 regoff 0x0 n 921 (table contents not committed)
  load op 9f at 3275: addr 0x502dfdc80 idx 0 fmt 1 regoff 0x0 n 74 (table contents not committed)
  load op 63 at 3280: addr 0x908e5ff90 idx 0 fmt 1 regoff 0x0 n 6 (table contents not committed)
  load op 9f at 3285: addr 0x908e5ffc0 idx 0 fmt 1 regoff 0x0 n 10 (table contents not committed)
  load op 64 at 3290: addr 0x502e005b0 idx 0 fmt 1 regoff 0x0 n 5 (table contents not committed)
  load op 9f at 3329: addr 0x502dfded0 idx 0 fmt 1 regoff 0x0 n 166 (table contents not committed)
  load op 63 at 3334: addr 0x502dff978 idx 0 fmt 1 regoff 0x0 n 30 (table contents not committed)
  load op 64 at 3430: addr 0x502e005d8 idx 0 fmt 1 regoff 0x0 n 5 (table contents not committed)
  load op 9f at 3437: addr 0x502dfc320 idx 0 fmt 1 regoff 0x0 n 135 (table contents not committed)
  load op 63 at 3675: addr 0x502dffa68 idx 0 fmt 1 regoff 0x0 n 36 (table contents not committed)
  load op 64 at 4540: addr 0x502e00600 idx 0 fmt 1 regoff 0x0 n 6 (table contents not committed)
  load op 9f at 4545: addr 0x502dfc758 idx 0 fmt 1 regoff 0x0 n 376 (table contents not committed)
  load op 9f at 4552: addr 0x502dfb118 idx 0 fmt 1 regoff 0x0 n 205 (table contents not committed)
  load op 9f at 4853: addr 0xfe0040068 idx 0 fmt 1 regoff 0x0 n 921 (table contents not committed)
  load op 9f at 4860: addr 0x502dfb780 idx 0 fmt 1 regoff 0x0 n 74 (table contents not committed)
  load op 63 at 4865: addr 0x908e5ff90 idx 0 fmt 1 regoff 0x0 n 6 (table contents not committed)
  load op 9f at 4870: addr 0x908e5ffc0 idx 0 fmt 1 regoff 0x0 n 10 (table contents not committed)
  load op 64 at 4875: addr 0x502e00630 idx 0 fmt 1 regoff 0x0 n 5 (table contents not committed)
  load op 63 at 4914: addr 0x502dffb88 idx 0 fmt 1 regoff 0x0 n 21 (table contents not committed)
  load op 9f at 4925: addr 0x502dfb9d0 idx 0 fmt 1 regoff 0x0 n 223 (table contents not committed)
  load op 63 at 5714: addr 0x502dffc30 idx 0 fmt 1 regoff 0x0 n 10 (table contents not committed)
  load op 63 at 5831: addr 0x502dffc80 idx 0 fmt 1 regoff 0x0 n 28 (table contents not committed)
  load op 64 at 5910: addr 0x502e00658 idx 0 fmt 1 regoff 0x0 n 5 (table contents not committed)
  load op 9f at 5917: addr 0x502df9e30 idx 0 fmt 1 regoff 0x0 n 67 (table contents not committed)
  load op 9f at 6045: addr 0x502dfa048 idx 0 fmt 1 regoff 0x0 n 121 (table contents not committed)
  load op 63 at 6050: addr 0x502dffd60 idx 0 fmt 1 regoff 0x0 n 18 (table contents not committed)
  load op 64 at 6055: addr 0x502e00680 idx 0 fmt 1 regoff 0x0 n 3 (table contents not committed)
  load op 9f at 6204: addr 0x502dfa410 idx 0 fmt 1 regoff 0x0 n 121 (table contents not committed)
  load op 63 at 6209: addr 0x502dffdf0 idx 0 fmt 1 regoff 0x0 n 18 (table contents not committed)
  load op 64 at 6214: addr 0x502e00698 idx 0 fmt 1 regoff 0x0 n 3 (table contents not committed)
  load op 63 at 6578: addr 0x502dffe80 idx 0 fmt 1 regoff 0x0 n 10 (table contents not committed)
  load op 9f at 7058: addr 0x502dfa7d8 idx 0 fmt 1 regoff 0x0 n 195 (table contents not committed)
  load op 9f at 7063: addr 0x502df8d80 idx 0 fmt 1 regoff 0x0 n 85 (table contents not committed)
  load op 63 at 7068: addr 0x502dffed0 idx 0 fmt 1 regoff 0x0 n 18 (table contents not committed)
  load op 64 at 7073: addr 0x502e006b0 idx 0 fmt 1 regoff 0x0 n 3 (table contents not committed)
  load op 9f at 7186: addr 0x502df9028 idx 0 fmt 1 regoff 0x0 n 129 (table contents not committed)
  load op 63 at 7191: addr 0x502dfff60 idx 0 fmt 1 regoff 0x0 n 18 (table contents not committed)
  load op 64 at 7196: addr 0x502e006c8 idx 0 fmt 1 regoff 0x0 n 3 (table contents not committed)
  load op 9f at 7309: addr 0x502df9430 idx 0 fmt 1 regoff 0x0 n 129 (table contents not committed)
  load op 63 at 7314: addr 0x502dffff0 idx 0 fmt 1 regoff 0x0 n 18 (table contents not committed)
  load op 64 at 7319: addr 0x502e006e0 idx 0 fmt 1 regoff 0x0 n 3 (table contents not committed)
  load op 9f at 7432: addr 0x502df9838 idx 0 fmt 1 regoff 0x0 n 58 (table contents not committed)
  load op 9f at 7537: addr 0x502df9a08 idx 0 fmt 1 regoff 0x0 n 66 (table contents not committed)
  load op 9f at 7642: addr 0x502df9c18 idx 0 fmt 1 regoff 0x0 n 37 (table contents not committed)
  load op 9f at 7647: addr 0x502df7300 idx 0 fmt 1 regoff 0x0 n 21 (table contents not committed)
  load op 9f at 7752: addr 0x502df73a8 idx 0 fmt 1 regoff 0x0 n 66 (table contents not committed)
  load op 9f at 7857: addr 0x502df75b8 idx 0 fmt 1 regoff 0x0 n 58 (table contents not committed)
  load op 9f at 7962: addr 0x502df7788 idx 0 fmt 1 regoff 0x0 n 130 (table contents not committed)
  load op 63 at 7967: addr 0x502e00080 idx 0 fmt 1 regoff 0x0 n 18 (table contents not committed)
  load op 64 at 7972: addr 0x502e006f8 idx 0 fmt 1 regoff 0x0 n 3 (table contents not committed)
  load op 9f at 8099: addr 0x502df7b98 idx 0 fmt 1 regoff 0x0 n 135 (table contents not committed)
  load op 63 at 8104: addr 0x502e00110 idx 0 fmt 1 regoff 0x0 n 18 (table contents not committed)
  load op 64 at 8109: addr 0x502e00710 idx 0 fmt 1 regoff 0x0 n 3 (table contents not committed)
  load op 63 at 8687: addr 0x502e001a0 idx 0 fmt 1 regoff 0x0 n 28 (table contents not committed)
  load op 64 at 9264: addr 0x502e00728 idx 0 fmt 1 regoff 0x0 n 5 (table contents not committed)
  load op 9f at 9269: addr 0x502df7fd0 idx 0 fmt 1 regoff 0x0 n 97 (table contents not committed)
  load op 9f at 9276: addr 0x502df5868 idx 0 fmt 1 regoff 0x0 n 183 (table contents not committed)
submit #173 dcb 9774 dwords at 0x502702500: pass 651 rewrite 493 drop 432 unmapped 1 cc 8 mappings 1074 ... OK rc 0 19.32 ms
state stack #173: push 4 pop 4 conditional 1 unmatched 0; restored 3684 regs (+3748 dwords); tables 40, unreadable 0
pipestat #173 (9774 dwords): ia_verts 575 ia_prims 533 vs 575 gs_inv 533 gs_prims 0 c_inv 192 c_prims 91 ps 29068656 cs 4665345
map 0x335330000 +0x20000 ... ok
swapped pages taken as resident so far: 0
vmas 107 total 13075.0 MiB resident 3328.2 MiB mapped 3328.2 MiB
submit #174 acb 2 dwords at 0xfe003a200: pass 1 rewrite 0 drop 0 unmapped 0 cc 0 mappings 1075 ... OK rc 0 17.13 ms
cpu-wait WAIT_REG_MEM64 at 0 on 0x400202f80: satisfied after 0.0 ms
submit #175 cc 3 dwords at 0x313b17cf4: pass 0 rewrite 1 drop 0 unmapped 0 cc 1 mappings 1075 ... OK rc 0 17.32 ms
submit #176 acb 49 dwords at 0x4002a69dc: pass 2 rewrite 3 drop 3 unmapped 0 cc 0 mappings 1075 ... OK rc 0 17.27 ms
  load op 61 at 10: base 0xfe0008000 pairs (0x0,215) (0xd8,272) (0x1f5,4) (0x1ff,158) (0x2a0,2) (0x2a3,1) (0x2a5,66) (0x2f5,203)
  load op 5f at 29: base 0xfe0010000 pairs (0x1,1) (0x6,38) (0x32,4) (0x80,4) (0x87,37) (0xb2,4) (0xc8,2) (0x100,4) (0x107,37) (0x132,4) (0x148,2) (0x204,3) (0x20c,2) (0x212,2) (0x215,6) (0x224,5) (0x22a,1) (0x240,16) (0x27d,1) (0x280,1) (0x207,3)
  load op 5e at 74: base 0xfe0011000 pairs (0x35,8) (0xa2,1) (0x242,1) (0x248,1) (0x24a,2) (0x25b,6) (0x262,1) (0x2bb,5) (0x2c4,16) (0x2e4,8) (0x380,2) (0x383,2) (0x41d,3) (0x24d,1)
  load op 61 at 105: base 0xfe0008000 pairs (0x0,0)
  load op 5f at 110: base 0xfe0010000 pairs (0x0,0)
  load op 5e at 115: base 0xfe0011000 pairs (0x0,0)
  load op 61 at 125: base 0xfe0008000 pairs (0x0,0)
  load op 5f at 130: base 0xfe0010000 pairs (0x0,0)
  load op 5e at 135: base 0xfe0011000 pairs (0x0,0)
submit #177 hib 150 dwords at 0xfe0000000: pass 12 rewrite 2 drop 2 unmapped 0 cc 2 mappings 1075 ... OK rc 0 16.99 ms
submit #178 hib 2 dwords at 0xfe003a200: pass 1 rewrite 0 drop 0 unmapped 0 cc 0 mappings 1075 ... OK rc 0 17.14 ms
  load op 9f at 38: addr 0xfe0040068 idx 0 fmt 1 regoff 0x0 n 921 (table contents not committed)
  load op 63 at 43: addr 0xfe0042068 idx 0 fmt 1 regoff 0x0 n 174 (table contents not committed)
  load op 64 at 48: addr 0xfe00425d8 idx 0 fmt 1 regoff 0x0 n 49 (table contents not committed)
submit #179 dcb 96 dwords at 0xfe0042920: pass 20 rewrite 2 drop 2 unmapped 0 cc 0 mappings 1075 ... OK rc 0 17.14 ms
hint CB0 0x539100000: window 0x537100000+0x4000000, mapped +0.0 MiB
hint CB0 0x570a9d000: window 0x56ea90000+0x4000000, mapped +1.7 MiB
hint CB0 0x519df0000: window 0x517df0000+0x4000000, mapped +23.8 MiB
hint DB_HTILE 0x516870000: window 0x514870000+0x4000000, mapped +0.0 MiB
hint DB_Z_READ 0x5157a0000: window 0x5137a0000+0x4000000, mapped +0.0 MiB
hint DB_STENCIL_READ 0x5164b0000: window 0x5144b0000+0x4000000, mapped +0.0 MiB
  load op 9f at 36: addr 0xfe0040068 idx 0 fmt 1 regoff 0x0 n 921 (table contents not committed)
  load op 63 at 41: addr 0xfe0042068 idx 0 fmt 1 regoff 0x0 n 174 (table contents not committed)
  load op 64 at 46: addr 0xfe00425d8 idx 0 fmt 1 regoff 0x0 n 57 (table contents not committed)
  load op 9f at 88: addr 0x504a01500 idx 0 fmt 1 regoff 0x0 n 136 (table contents not committed)
  load op 64 at 93: addr 0x504a00500 idx 0 fmt 1 regoff 0x0 n 3 (table contents not committed)
  load op 63 at 98: addr 0x5049ff500 idx 0 fmt 1 regoff 0x0 n 3 (table contents not committed)
  load op 9f at 1460: addr 0xfe0040068 idx 0 fmt 1 regoff 0x0 n 921 (table contents not committed)
  load op 9f at 1467: addr 0x504a01940 idx 0 fmt 1 regoff 0x0 n 70 (table contents not committed)
  load op 63 at 1472: addr 0x908e5ff90 idx 0 fmt 1 regoff 0x0 n 6 (table contents not committed)
  load op 9f at 1477: addr 0x908e5ffc0 idx 0 fmt 1 regoff 0x0 n 10 (table contents not committed)
  load op 63 at 1482: addr 0x908e5f7d0 idx 0 fmt 1 regoff 0x0 n 6 (table contents not committed)
  load op 9f at 1487: addr 0x908e5f800 idx 0 fmt 1 regoff 0x0 n 9 (table contents not committed)
  load op 64 at 1492: addr 0x504a00518 idx 0 fmt 1 regoff 0x0 n 5 (table contents not committed)
  load op 9f at 1861: addr 0x504a01b70 idx 0 fmt 1 regoff 0x0 n 131 (table contents not committed)
  load op 64 at 1868: addr 0x504a00540 idx 0 fmt 1 regoff 0x0 n 1 (table contents not committed)
  load op 9f at 1900: addr 0xfe0040068 idx 0 fmt 1 regoff 0x0 n 921 (table contents not committed)
  load op 9f at 1907: addr 0x504a01f88 idx 0 fmt 1 regoff 0x0 n 70 (table contents not committed)
  load op 63 at 1912: addr 0x908e5ff90 idx 0 fmt 1 regoff 0x0 n 6 (table contents not committed)
  load op 9f at 1917: addr 0x908e5ffc0 idx 0 fmt 1 regoff 0x0 n 10 (table contents not committed)
  load op 63 at 1922: addr 0x908e5f7d0 idx 0 fmt 1 regoff 0x0 n 6 (table contents not committed)
  load op 9f at 1927: addr 0x908e5f800 idx 0 fmt 1 regoff 0x0 n 9 (table contents not committed)
  load op 64 at 1932: addr 0x504a00548 idx 0 fmt 1 regoff 0x0 n 5 (table contents not committed)
  load op 9f at 2050: addr 0x504a021b8 idx 0 fmt 1 regoff 0x0 n 98 (table contents not committed)
  load op 64 at 2057: addr 0x504a00570 idx 0 fmt 1 regoff 0x0 n 1 (table contents not committed)
  load op 9f at 2062: addr 0x5049fe500 idx 0 fmt 1 regoff 0x0 n 33 (table contents not committed)
  load op 9f at 2094: addr 0xfe0040068 idx 0 fmt 1 regoff 0x0 n 921 (table contents not committed)
  load op 9f at 2101: addr 0x5049fe608 idx 0 fmt 1 regoff 0x0 n 70 (table contents not committed)
  load op 63 at 2106: addr 0x908e5ff90 idx 0 fmt 1 regoff 0x0 n 6 (table contents not committed)
  load op 9f at 2111: addr 0x908e5ffc0 idx 0 fmt 1 regoff 0x0 n 10 (table contents not committed)
  load op 63 at 2116: addr 0x908e5f7d0 idx 0 fmt 1 regoff 0x0 n 6 (table contents not committed)
  load op 9f at 2121: addr 0x908e5f800 idx 0 fmt 1 regoff 0x0 n 9 (table contents not committed)
  load op 64 at 2126: addr 0x504a00578 idx 0 fmt 1 regoff 0x0 n 5 (table contents not committed)
  load op 63 at 2222: addr 0x5049ff518 idx 0 fmt 1 regoff 0x0 n 10 (table contents not committed)
  load op 63 at 2413: addr 0x5049ff568 idx 0 fmt 1 regoff 0x0 n 28 (table contents not committed)
  load op 64 at 2487: addr 0x504a005a0 idx 0 fmt 1 regoff 0x0 n 5 (table contents not committed)
  load op 9f at 2494: addr 0x5049fe838 idx 0 fmt 1 regoff 0x0 n 290 (table contents not committed)
submit #180 dcb 3006 dwords at 0x504302500: pass 293 rewrite 132 drop 126 unmapped 0 cc 6 mappings 1077 ... OK rc 0 17.36 ms
state stack #180: push 3 pop 3 conditional 1 unmatched 0; restored 2763 regs (+2811 dwords); tables 18, unreadable 0
pipestat #180 (3006 dwords): ia_verts 12 ia_prims 4 vs 12 gs_inv 4 gs_prims 0 c_inv 4 c_prims 4 ps 3326976 cs 1462784
  load op 9f at 38: addr 0xfe0040068 idx 0 fmt 1 regoff 0x0 n 921 (table contents not committed)
  load op 63 at 43: addr 0xfe0042068 idx 0 fmt 1 regoff 0x0 n 174 (table contents not committed)
  load op 64 at 48: addr 0xfe00425d8 idx 0 fmt 1 regoff 0x0 n 57 (table contents not committed)
  load op 9f at 90: addr 0x506201500 idx 0 fmt 1 regoff 0x0 n 5 (table contents not committed)
  load op 64 at 95: addr 0x506200500 idx 0 fmt 1 regoff 0x0 n 2 (table contents not committed)
  load op 63 at 100: addr 0x5061ff500 idx 0 fmt 1 regoff 0x0 n 3 (table contents not committed)
submit #181 dcb 851 dwords at 0x505e02500: pass 47 rewrite 55 drop 45 unmapped 0 cc 0 mappings 1077 ... OK rc 0 17.01 ms
pipestat #181 (851 dwords): ia_verts 0 ia_prims 0 vs 0 gs_inv 0 gs_prims 0 c_inv 0 c_prims 0 ps 0 cs 122880
submit #182 acb 2 dwords at 0xfe003a200: pass 1 rewrite 0 drop 0 unmapped 0 cc 0 mappings 1077 ... OK rc 0 17.11 ms
cpu-wait WAIT_REG_MEM64 at 87 on 0x400203980: satisfied after 0.0 ms
hint CB0 0x511650000: window 0x50f650000+0x4000000, mapped +0.0 MiB
hint CB0 0x570a3c000: window 0x56ea30000+0x4000000, mapped +0.0 MiB
hint CB0 0x570a45000: window 0x56ea40000+0x4000000, mapped +0.0 MiB
hint CB0 0x513d80000: window 0x511d80000+0x4000000, mapped +0.0 MiB
hint CB0 0x570a72000: window 0x56ea70000+0x4000000, mapped +0.0 MiB
  load op 9f at 35: addr 0xfe0040068 idx 0 fmt 1 regoff 0x0 n 921 (table contents not committed)
  load op 63 at 40: addr 0xfe0042068 idx 0 fmt 1 regoff 0x0 n 174 (table contents not committed)
  load op 64 at 45: addr 0xfe00425d8 idx 0 fmt 1 regoff 0x0 n 57 (table contents not committed)
  load op 9f at 87: addr 0x507401500 idx 0 fmt 1 regoff 0x0 n 136 (table contents not committed)
  load op 64 at 92: addr 0x507400500 idx 0 fmt 1 regoff 0x0 n 3 (table contents not committed)
  load op 63 at 97: addr 0x5073ff500 idx 0 fmt 1 regoff 0x0 n 3 (table contents not committed)
  load op 9f at 212: addr 0xfe0040068 idx 0 fmt 1 regoff 0x0 n 921 (table contents not committed)
  load op 9f at 219: addr 0x507401940 idx 0 fmt 1 regoff 0x0 n 70 (table contents not committed)
  load op 63 at 224: addr 0x908e5ff90 idx 0 fmt 1 regoff 0x0 n 6 (table contents not committed)
  load op 9f at 229: addr 0x908e5ffc0 idx 0 fmt 1 regoff 0x0 n 10 (table contents not committed)
  load op 63 at 234: addr 0x908e5f7d0 idx 0 fmt 1 regoff 0x0 n 6 (table contents not committed)
  load op 9f at 239: addr 0x908e5f800 idx 0 fmt 1 regoff 0x0 n 9 (table contents not committed)
  load op 64 at 244: addr 0x507400518 idx 0 fmt 1 regoff 0x0 n 5 (table contents not committed)
  load op 9f at 340: addr 0x507401b70 idx 0 fmt 1 regoff 0x0 n 131 (table contents not committed)
  load op 64 at 347: addr 0x507400540 idx 0 fmt 1 regoff 0x0 n 1 (table contents not committed)
  load op 9f at 379: addr 0xfe0040068 idx 0 fmt 1 regoff 0x0 n 921 (table contents not committed)
  load op 9f at 386: addr 0x507401f88 idx 0 fmt 1 regoff 0x0 n 70 (table contents not committed)
  load op 63 at 391: addr 0x908e5ff90 idx 0 fmt 1 regoff 0x0 n 6 (table contents not committed)
  load op 9f at 396: addr 0x908e5ffc0 idx 0 fmt 1 regoff 0x0 n 10 (table contents not committed)
  load op 63 at 401: addr 0x908e5f7d0 idx 0 fmt 1 regoff 0x0 n 6 (table contents not committed)
  load op 9f at 406: addr 0x908e5f800 idx 0 fmt 1 regoff 0x0 n 9 (table contents not committed)
  load op 64 at 411: addr 0x507400548 idx 0 fmt 1 regoff 0x0 n 5 (table contents not committed)
  load op 9f at 548: addr 0x5074021b8 idx 0 fmt 1 regoff 0x0 n 98 (table contents not committed)
  load op 64 at 555: addr 0x507400570 idx 0 fmt 1 regoff 0x0 n 1 (table contents not committed)
  load op 9f at 560: addr 0x5073fe500 idx 0 fmt 1 regoff 0x0 n 33 (table contents not committed)
  load op 9f at 592: addr 0xfe0040068 idx 0 fmt 1 regoff 0x0 n 921 (table contents not committed)
  load op 9f at 599: addr 0x5073fe608 idx 0 fmt 1 regoff 0x0 n 70 (table contents not committed)
  load op 63 at 604: addr 0x908e5ff90 idx 0 fmt 1 regoff 0x0 n 6 (table contents not committed)
  load op 9f at 609: addr 0x908e5ffc0 idx 0 fmt 1 regoff 0x0 n 10 (table contents not committed)
  load op 63 at 614: addr 0x908e5f7d0 idx 0 fmt 1 regoff 0x0 n 6 (table contents not committed)
  load op 9f at 619: addr 0x908e5f800 idx 0 fmt 1 regoff 0x0 n 9 (table contents not committed)
  load op 64 at 624: addr 0x507400578 idx 0 fmt 1 regoff 0x0 n 5 (table contents not committed)
submit #183 dcb 798 dwords at 0x506e02500: pass 103 rewrite 35 drop 22 unmapped 0 cc 6 mappings 1077 ... OK rc 0 17.68 ms
state stack #183: push 3 pop 3 conditional 1 unmatched 0; restored 2763 regs (+2811 dwords); tables 17, unreadable 0
pipestat #183 (798 dwords): ia_verts 9 ia_prims 3 vs 9 gs_inv 3 gs_prims 0 c_inv 3 c_prims 3 ps 0 cs 0
submit #184 acb 463 dwords at 0x400526840: pass 43 rewrite 11 drop 27 unmapped 0 cc 0 mappings 1077 ... OK rc 0 17.37 ms
acb head: 1287 of 1336 dwords go ahead of the wait at 1287 on 0x400203b80
  load op 9f at 36: addr 0xfe0040068 idx 0 fmt 1 regoff 0x0 n 921 (table contents not committed)
  load op 63 at 41: addr 0xfe0042068 idx 0 fmt 1 regoff 0x0 n 174 (table contents not committed)
  load op 64 at 46: addr 0xfe00425d8 idx 0 fmt 1 regoff 0x0 n 57 (table contents not committed)
  load op 9f at 88: addr 0x505601500 idx 0 fmt 1 regoff 0x0 n 5 (table contents not committed)
  load op 64 at 93: addr 0x505600500 idx 0 fmt 1 regoff 0x0 n 2 (table contents not committed)
  load op 63 at 98: addr 0x5055ff500 idx 0 fmt 1 regoff 0x0 n 3 (table contents not committed)
  load op 9f at 756: addr 0xfe0040068 idx 0 fmt 1 regoff 0x0 n 921 (table contents not committed)
  load op 9f at 763: addr 0x505601528 idx 0 fmt 1 regoff 0x0 n 74 (table contents not committed)
  load op 63 at 768: addr 0x908e5ff90 idx 0 fmt 1 regoff 0x0 n 6 (table contents not committed)
  load op 9f at 773: addr 0x908e5ffc0 idx 0 fmt 1 regoff 0x0 n 10 (table contents not committed)
  load op 64 at 778: addr 0x505600510 idx 0 fmt 1 regoff 0x0 n 5 (table contents not committed)
  load op 9f at 901: addr 0xfe0040068 idx 0 fmt 1 regoff 0x0 n 921 (table contents not committed)
  load op 9f at 908: addr 0x505601778 idx 0 fmt 1 regoff 0x0 n 74 (table contents not committed)
  load op 63 at 913: addr 0x908e5ff90 idx 0 fmt 1 regoff 0x0 n 6 (table contents not committed)
  load op 9f at 918: addr 0x908e5ffc0 idx 0 fmt 1 regoff 0x0 n 10 (table contents not committed)
  load op 64 at 923: addr 0x505600538 idx 0 fmt 1 regoff 0x0 n 5 (table contents not committed)
  load op 9f at 1046: addr 0xfe0040068 idx 0 fmt 1 regoff 0x0 n 921 (table contents not committed)
  load op 9f at 1053: addr 0x5056019c8 idx 0 fmt 1 regoff 0x0 n 74 (table contents not committed)
  load op 63 at 1058: addr 0x908e5ff90 idx 0 fmt 1 regoff 0x0 n 6 (table contents not committed)
  load op 9f at 1063: addr 0x908e5ffc0 idx 0 fmt 1 regoff 0x0 n 10 (table contents not committed)
  load op 64 at 1068: addr 0x505600560 idx 0 fmt 1 regoff 0x0 n 5 (table contents not committed)
submit #185 dcb 1248 dwords at 0x505202500: pass 151 rewrite 46 drop 45 unmapped 0 cc 6 mappings 1077 ... OK rc 0 17.28 ms
state stack #185: push 3 pop 3 conditional 1 unmatched 0; restored 2763 regs (+2811 dwords); tables 11, unreadable 0
pipestat #185 (1248 dwords): ia_verts 9 ia_prims 3 vs 9 gs_inv 3 gs_prims 0 c_inv 3 c_prims 3 ps 0 cs 36864
flip 1/0 buffer 0x507410000 +0x1fe0000: sum 0x17ea65194594 nonzero 8100/8160 pattern 0
  target CB0 0x570a9d000: distinct 6 min 0x00000000 max 0xffffffff,   target CB0 0x570a9d000: nonzero 8/1024
  target CB0 0x563800000: distinct 1 min 0x00000000 max 0x00000000,   target CB0 0x563800000: nonzero 0/1024
  target CB0 0x55c00d000: distinct 4 min 0x00000000 max 0xffffffff,   target CB0 0x55c00d000: nonzero 147/1024
  target CB0 0x5637f0000: distinct 1 min 0x00000000 max 0x00000000,   target CB0 0x5637f0000: nonzero 0/1024
  target CB0 0x519df0000: distinct 1 min 0x38003800 max 0x38003800,   target CB0 0x519df0000: nonzero 1024/1024
  target CB0 0x570a99000: distinct 6 min 0x00000000 max 0xffffffff,   target CB0 0x570a99000: nonzero 10/1024
  target DB_HTILE 0x516870000: distinct 2 min 0x38003800 max 0xfffffff0,   target DB_HTILE 0x516870000: nonzero 1024/1024
  target DB_Z_READ 0x5157a0000: distinct 1 min 0x00000000 max 0x00000000,   target DB_Z_READ 0x5157a0000: nonzero 0/1024
  target DB_STENCIL_READ 0x5164b0000: distinct 3 min 0x00000000 max 0xfffffff0,   target DB_STENCIL_READ 0x5164b0000: nonzero 881/1024
  target CB0 0x511650000: distinct 1 min 0x00000000 max 0x00000000,   target CB0 0x511650000: nonzero 0/1024
  target CB0 0x570a3c000: distinct 7 min 0x00000000 max 0xffffffff,   target CB0 0x570a3c000: nonzero 58/1024
  target CB0 0x570a45000: distinct 7 min 0x00000000 max 0xffffffff,   target CB0 0x570a45000: nonzero 49/1024
  target CB0 0x513d80000: distinct 1 min 0x00000000 max 0x00000000,   target CB0 0x513d80000: nonzero 0/1024
  target CB0 0x570a72000: distinct 6 min 0x00000000 max 0xffffffff,   target CB0 0x570a72000: nonzero 19/1024
  target DB_HTILE 0x55c050000: distinct 3 min 0x00000000 max 0xffffffff,   target DB_HTILE 0x55c050000: nonzero 144/1024
  target DB_Z_READ 0x527430000: distinct 1 min 0xffffffff max 0xffffffff,   target DB_Z_READ 0x527430000: nonzero 1024/1024
submit #186 acb 1287 dwords at 0x400345640: pass 118 rewrite 35 drop 63 unmapped 0 cc 0 mappings 1077 ... OK rc 0 17.78 ms
cpu-wait WAIT_REG_MEM64 at 115 on 0x400203940: satisfied after 0.0 ms
cpu-wait WAIT_REG_MEM64 at 1629 on 0x4002039c0: satisfied after 0.0 ms
cpu-wait WAIT_REG_MEM64 at 9223 on 0x55d4d00b6e60: satisfied after 0.0 ms
hint CB0 0x510940000: window 0x50e940000+0x4000000, mapped +0.0 MiB
hint CB0 0x570a2d000: window 0x56ea20000+0x4000000, mapped +0.0 MiB
hint CB0 0x5168c0000: window 0x5148c0000+0x4000000, mapped +0.0 MiB
hint CB0 0x53be90000: window 0x539e90000+0x4000000, mapped +0.0 MiB
hint CB0 0x570b9c000: window 0x56eb90000+0x4000000, mapped +1.0 MiB
hint CB0 0x53d4a0000: window 0x53b4a0000+0x4000000, mapped +0.0 MiB
hint CB0 0x53db80000: window 0x53bb80000+0x4000000, mapped +0.0 MiB
hint CB0 0x53ba80000: window 0x539a80000+0x4000000, mapped +0.0 MiB
hint CB0 0x570be5000: window 0x56ebe0000+0x4000000, mapped +0.3 MiB
hint CB0 0x570c99000: window 0x56ec90000+0x4000000, mapped +0.7 MiB
hint CB0 0x53b300000: window 0x539300000+0x4000000, mapped +0.0 MiB
hint CB0 0x570cb1000: window 0x56ecb0000+0x4000000, mapped +0.1 MiB
hint CB0 0x53b580000: window 0x539580000+0x4000000, mapped +0.0 MiB
hint CB0 0x570b6f000: window 0x56eb60000+0x4000000, mapped +0.0 MiB
hint CB0 0x53cb60000: window 0x53ab60000+0x4000000, mapped +0.0 MiB
hint CB0 0x53b640000: window 0x539640000+0x4000000, mapped +0.0 MiB
hint CB0 0x53b680000: window 0x539680000+0x4000000, mapped +0.0 MiB
hint CB0 0x53cc20000: window 0x53ac20000+0x4000000, mapped +0.0 MiB
hint CB0 0x53cc30000: window 0x53ac30000+0x4000000, mapped +0.0 MiB
hint CB0 0x53c2f0000: window 0x53a2f0000+0x4000000, mapped +0.0 MiB
hint CB0 0x570ca5000: window 0x56eca0000+0x4000000, mapped +0.0 MiB
hint CB0 0x570c21000: window 0x56ec20000+0x4000000, mapped +0.0 MiB
  indirect op 16 at 1246: base 0x5074063c0 +0x0 -> 1 1 1 0 0
  indirect op 16 at 1278: base 0x5074063e0 +0x0 -> 1 1 1 0 0
  indirect op 16 at 1310: base 0x50740a520 +0x0 -> 1 1 1 0 0
  indirect op 16 at 1342: base 0x50740a540 +0x0 -> 1 1 1 0 0
  indirect op 25 at 4584: base 0x56ddaffa0 +0x0 -> 1 512 0 0 0
  load op 9f at 28: addr 0xfe0040068 idx 0 fmt 1 regoff 0x0 n 921 (table contents not committed)
  load op 63 at 33: addr 0xfe0042068 idx 0 fmt 1 regoff 0x0 n 174 (table contents not committed)
  load op 64 at 38: addr 0xfe00425d8 idx 0 fmt 1 regoff 0x0 n 57 (table contents not committed)
  load op 9f at 80: addr 0x503501500 idx 0 fmt 1 regoff 0x0 n 295 (table contents not committed)
  load op 64 at 85: addr 0x503500500 idx 0 fmt 1 regoff 0x0 n 7 (table contents not committed)
  load op 63 at 90: addr 0x5034ff500 idx 0 fmt 1 regoff 0x0 n 13 (table contents not committed)
  load op 63 at 342: addr 0x5034ff568 idx 0 fmt 1 regoff 0x0 n 10 (table contents not committed)
  load op 63 at 734: addr 0x5034ff5b8 idx 0 fmt 1 regoff 0x0 n 18 (table contents not committed)
  load op 63 at 1217: addr 0x5034ff648 idx 0 fmt 1 regoff 0x0 n 10 (table contents not committed)
  load op 63 at 1249: addr 0x5034ff698 idx 0 fmt 1 regoff 0x0 n 10 (table contents not committed)
  load op 63 at 1281: addr 0x5034ff6e8 idx 0 fmt 1 regoff 0x0 n 10 (table contents not committed)
  load op 63 at 1313: addr 0x5034ff738 idx 0 fmt 1 regoff 0x0 n 10 (table contents not committed)
  load op 9f at 1724: addr 0xfe0040068 idx 0 fmt 1 regoff 0x0 n 921 (table contents not committed)
  load op 9f at 1731: addr 0x503501e38 idx 0 fmt 1 regoff 0x0 n 74 (table contents not committed)
  load op 63 at 1736: addr 0x908e5ff90 idx 0 fmt 1 regoff 0x0 n 6 (table contents not committed)
  load op 9f at 1741: addr 0x908e5ffc0 idx 0 fmt 1 regoff 0x0 n 10 (table contents not committed)
  load op 64 at 1746: addr 0x503500538 idx 0 fmt 1 regoff 0x0 n 5 (table contents not committed)
  load op 9f at 1799: addr 0x503502088 idx 0 fmt 1 regoff 0x0 n 132 (table contents not committed)
  load op 63 at 1804: addr 0x5034ff788 idx 0 fmt 1 regoff 0x0 n 30 (table contents not committed)
  load op 64 at 1884: addr 0x503500560 idx 0 fmt 1 regoff 0x0 n 5 (table contents not committed)
  load op 9f at 1891: addr 0x5034fd440 idx 0 fmt 1 regoff 0x0 n 175 (table contents not committed)
  load op 63 at 2106: addr 0x5034ff878 idx 0 fmt 1 regoff 0x0 n 20 (table contents not committed)
  load op 9f at 3069: addr 0xfe0040068 idx 0 fmt 1 regoff 0x0 n 921 (table contents not committed)
  load op 9f at 3076: addr 0x5034fd9b8 idx 0 fmt 1 regoff 0x0 n 70 (table contents not committed)
  load op 63 at 3081: addr 0x908e5ff90 idx 0 fmt 1 regoff 0x0 n 6 (table contents not committed)
  load op 9f at 3086: addr 0x908e5ffc0 idx 0 fmt 1 regoff 0x0 n 10 (table contents not committed)
  load op 63 at 3091: addr 0x908e5f7d0 idx 0 fmt 1 regoff 0x0 n 6 (table contents not committed)
  load op 9f at 3096: addr 0x908e5f800 idx 0 fmt 1 regoff 0x0 n 9 (table contents not committed)
  load op 64 at 3101: addr 0x503500588 idx 0 fmt 1 regoff 0x0 n 5 (table contents not committed)
  load op 9f at 3140: addr 0x5034fdbe8 idx 0 fmt 1 regoff 0x0 n 19 (table contents not committed)
  load op 63 at 3145: addr 0x5034ff918 idx 0 fmt 1 regoff 0x0 n 12 (table contents not committed)
  load op 9f at 3268: addr 0xfe0040068 idx 0 fmt 1 regoff 0x0 n 921 (table contents not committed)
  load op 9f at 3275: addr 0x5034fdc80 idx 0 fmt 1 regoff 0x0 n 74 (table contents not committed)
  load op 63 at 3280: addr 0x908e5ff90 idx 0 fmt 1 regoff 0x0 n 6 (table contents not committed)
  load op 9f at 3285: addr 0x908e5ffc0 idx 0 fmt 1 regoff 0x0 n 10 (table contents not committed)
  load op 64 at 3290: addr 0x5035005b0 idx 0 fmt 1 regoff 0x0 n 5 (table contents not committed)
  load op 9f at 3329: addr 0x5034fded0 idx 0 fmt 1 regoff 0x0 n 166 (table contents not committed)
  load op 63 at 3334: addr 0x5034ff978 idx 0 fmt 1 regoff 0x0 n 30 (table contents not committed)
  load op 64 at 3430: addr 0x5035005d8 idx 0 fmt 1 regoff 0x0 n 5 (table contents not committed)
  load op 9f at 3437: addr 0x5034fc320 idx 0 fmt 1 regoff 0x0 n 135 (table contents not committed)
  load op 63 at 3675: addr 0x5034ffa68 idx 0 fmt 1 regoff 0x0 n 36 (table contents not committed)
  load op 64 at 4540: addr 0x503500600 idx 0 fmt 1 regoff 0x0 n 6 (table contents not committed)
  load op 9f at 4545: addr 0x5034fc758 idx 0 fmt 1 regoff 0x0 n 376 (table contents not committed)
  load op 9f at 4552: addr 0x5034fb118 idx 0 fmt 1 regoff 0x0 n 205 (table contents not committed)
  load op 9f at 4853: addr 0xfe0040068 idx 0 fmt 1 regoff 0x0 n 921 (table contents not committed)
  load op 9f at 4860: addr 0x5034fb780 idx 0 fmt 1 regoff 0x0 n 74 (table contents not committed)
  load op 63 at 4865: addr 0x908e5ff90 idx 0 fmt 1 regoff 0x0 n 6 (table contents not committed)
  load op 9f at 4870: addr 0x908e5ffc0 idx 0 fmt 1 regoff 0x0 n 10 (table contents not committed)
  load op 64 at 4875: addr 0x503500630 idx 0 fmt 1 regoff 0x0 n 5 (table contents not committed)
  load op 63 at 4914: addr 0x5034ffb88 idx 0 fmt 1 regoff 0x0 n 21 (table contents not committed)
  load op 9f at 4925: addr 0x5034fb9d0 idx 0 fmt 1 regoff 0x0 n 223 (table contents not committed)
  load op 63 at 5714: addr 0x5034ffc30 idx 0 fmt 1 regoff 0x0 n 10 (table contents not committed)
  load op 63 at 5831: addr 0x5034ffc80 idx 0 fmt 1 regoff 0x0 n 28 (table contents not committed)
  load op 64 at 5910: addr 0x503500658 idx 0 fmt 1 regoff 0x0 n 5 (table contents not committed)
  load op 9f at 5917: addr 0x5034f9e30 idx 0 fmt 1 regoff 0x0 n 67 (table contents not committed)
  load op 9f at 6045: addr 0x5034fa048 idx 0 fmt 1 regoff 0x0 n 121 (table contents not committed)
  load op 63 at 6050: addr 0x5034ffd60 idx 0 fmt 1 regoff 0x0 n 18 (table contents not committed)
  load op 64 at 6055: addr 0x503500680 idx 0 fmt 1 regoff 0x0 n 3 (table contents not committed)
  load op 9f at 6204: addr 0x5034fa410 idx 0 fmt 1 regoff 0x0 n 121 (table contents not committed)
  load op 63 at 6209: addr 0x5034ffdf0 idx 0 fmt 1 regoff 0x0 n 18 (table contents not committed)
  load op 64 at 6214: addr 0x503500698 idx 0 fmt 1 regoff 0x0 n 3 (table contents not committed)
  load op 63 at 6578: addr 0x5034ffe80 idx 0 fmt 1 regoff 0x0 n 10 (table contents not committed)
  load op 9f at 7058: addr 0x5034fa7d8 idx 0 fmt 1 regoff 0x0 n 195 (table contents not committed)
  load op 9f at 7063: addr 0x5034f8d80 idx 0 fmt 1 regoff 0x0 n 85 (table contents not committed)
  load op 63 at 7068: addr 0x5034ffed0 idx 0 fmt 1 regoff 0x0 n 18 (table contents not committed)
  load op 64 at 7073: addr 0x5035006b0 idx 0 fmt 1 regoff 0x0 n 3 (table contents not committed)
  load op 9f at 7186: addr 0x5034f9028 idx 0 fmt 1 regoff 0x0 n 129 (table contents not committed)
  load op 63 at 7191: addr 0x5034fff60 idx 0 fmt 1 regoff 0x0 n 18 (table contents not committed)
  load op 64 at 7196: addr 0x5035006c8 idx 0 fmt 1 regoff 0x0 n 3 (table contents not committed)
  load op 9f at 7309: addr 0x5034f9430 idx 0 fmt 1 regoff 0x0 n 129 (table contents not committed)
  load op 63 at 7314: addr 0x5034ffff0 idx 0 fmt 1 regoff 0x0 n 18 (table contents not committed)
  load op 64 at 7319: addr 0x5035006e0 idx 0 fmt 1 regoff 0x0 n 3 (table contents not committed)
  load op 9f at 7432: addr 0x5034f9838 idx 0 fmt 1 regoff 0x0 n 58 (table contents not committed)
  load op 9f at 7537: addr 0x5034f9a08 idx 0 fmt 1 regoff 0x0 n 66 (table contents not committed)
  load op 9f at 7642: addr 0x5034f9c18 idx 0 fmt 1 regoff 0x0 n 37 (table contents not committed)
  load op 9f at 7647: addr 0x5034f7300 idx 0 fmt 1 regoff 0x0 n 21 (table contents not committed)
  load op 9f at 7752: addr 0x5034f73a8 idx 0 fmt 1 regoff 0x0 n 66 (table contents not committed)
  load op 9f at 7857: addr 0x5034f75b8 idx 0 fmt 1 regoff 0x0 n 58 (table contents not committed)
  load op 9f at 7962: addr 0x5034f7788 idx 0 fmt 1 regoff 0x0 n 130 (table contents not committed)
  load op 63 at 7967: addr 0x503500080 idx 0 fmt 1 regoff 0x0 n 18 (table contents not committed)
  load op 64 at 7972: addr 0x5035006f8 idx 0 fmt 1 regoff 0x0 n 3 (table contents not committed)
  load op 9f at 8099: addr 0x5034f7b98 idx 0 fmt 1 regoff 0x0 n 135 (table contents not committed)
  load op 63 at 8104: addr 0x503500110 idx 0 fmt 1 regoff 0x0 n 18 (table contents not committed)
  load op 64 at 8109: addr 0x503500710 idx 0 fmt 1 regoff 0x0 n 3 (table contents not committed)
  load op 63 at 8687: addr 0x5035001a0 idx 0 fmt 1 regoff 0x0 n 28 (table contents not committed)
  load op 64 at 9264: addr 0x503500728 idx 0 fmt 1 regoff 0x0 n 5 (table contents not committed)
  load op 9f at 9269: addr 0x5034f7fd0 idx 0 fmt 1 regoff 0x0 n 97 (table contents not committed)
  load op 9f at 9276: addr 0x5034f5868 idx 0 fmt 1 regoff 0x0 n 183 (table contents not committed)
submit #187 dcb 9774 dwords at 0x502e02500: pass 651 rewrite 493 drop 432 unmapped 1 cc 8 mappings 1081 ... OK rc 0 19.86 ms
state stack #187: push 4 pop 4 conditional 1 unmatched 0; restored 3684 regs (+3748 dwords); tables 40, unreadable 0
pipestat #187 (9774 dwords): ia_verts 575 ia_prims 533 vs 575 gs_inv 533 gs_prims 0 c_inv 192 c_prims 24 ps 36588912 cs 6777857
map 0x335350000 +0x20000 ... ok
swapped pages taken as resident so far: 0
vmas 107 total 13075.0 MiB resident 3355.9 MiB mapped 3355.9 MiB
submit #188 acb 2 dwords at 0xfe003a200: pass 1 rewrite 0 drop 0 unmapped 0 cc 0 mappings 1082 ... OK rc 0 17.10 ms
cpu-wait WAIT_REG_MEM64 at 0 on 0x400203b80: satisfied after 0.0 ms
submit #189 cc 3 dwords at 0x313b17cf4: pass 0 rewrite 1 drop 0 unmapped 0 cc 1 mappings 1082 ... OK rc 0 17.33 ms
submit #190 acb 49 dwords at 0x400346a5c: pass 2 rewrite 3 drop 3 unmapped 0 cc 0 mappings 1082 ... OK rc 0 17.52 ms
  load op 61 at 10: base 0xfe0008000 pairs (0x0,215) (0xd8,272) (0x1f5,4) (0x1ff,158) (0x2a0,2) (0x2a3,1) (0x2a5,66) (0x2f5,203)
  load op 5f at 29: base 0xfe0010000 pairs (0x1,1) (0x6,38) (0x32,4) (0x80,4) (0x87,37) (0xb2,4) (0xc8,2) (0x100,4) (0x107,37) (0x132,4) (0x148,2) (0x204,3) (0x20c,2) (0x212,2) (0x215,6) (0x224,5) (0x22a,1) (0x240,16) (0x27d,1) (0x280,1) (0x207,3)
  load op 5e at 74: base 0xfe0011000 pairs (0x35,8) (0xa2,1) (0x242,1) (0x248,1) (0x24a,2) (0x25b,6) (0x262,1) (0x2bb,5) (0x2c4,16) (0x2e4,8) (0x380,2) (0x383,2) (0x41d,3) (0x24d,1)
  load op 61 at 105: base 0xfe0008000 pairs (0x0,0)
  load op 5f at 110: base 0xfe0010000 pairs (0x0,0)
  load op 5e at 115: base 0xfe0011000 pairs (0x0,0)
  load op 61 at 125: base 0xfe0008000 pairs (0x0,0)
  load op 5f at 130: base 0xfe0010000 pairs (0x0,0)
  load op 5e at 135: base 0xfe0011000 pairs (0x0,0)
submit #191 hib 150 dwords at 0xfe0000000: pass 12 rewrite 2 drop 2 unmapped 0 cc 2 mappings 1082 ... OK rc 0 17.26 ms
submit #192 hib 2 dwords at 0xfe003a200: pass 1 rewrite 0 drop 0 unmapped 0 cc 0 mappings 1082 ... OK rc 0 17.11 ms
  load op 9f at 38: addr 0xfe0040068 idx 0 fmt 1 regoff 0x0 n 921 (table contents not committed)
  load op 63 at 43: addr 0xfe0042068 idx 0 fmt 1 regoff 0x0 n 174 (table contents not committed)
  load op 64 at 48: addr 0xfe00425d8 idx 0 fmt 1 regoff 0x0 n 49 (table contents not committed)
submit #193 dcb 96 dwords at 0xfe0042920: pass 20 rewrite 2 drop 2 unmapped 0 cc 0 mappings 1082 ... OK rc 0 17.17 ms
  load op 9f at 36: addr 0xfe0040068 idx 0 fmt 1 regoff 0x0 n 921 (table contents not committed)
  load op 63 at 41: addr 0xfe0042068 idx 0 fmt 1 regoff 0x0 n 174 (table contents not committed)
  load op 64 at 46: addr 0xfe00425d8 idx 0 fmt 1 regoff 0x0 n 57 (table contents not committed)
  load op 9f at 88: addr 0x503c01500 idx 0 fmt 1 regoff 0x0 n 136 (table contents not committed)
  load op 64 at 93: addr 0x503c00500 idx 0 fmt 1 regoff 0x0 n 3 (table contents not committed)
  load op 63 at 98: addr 0x503bff500 idx 0 fmt 1 regoff 0x0 n 3 (table contents not committed)
  load op 9f at 1541: addr 0xfe0040068 idx 0 fmt 1 regoff 0x0 n 921 (table contents not committed)
  load op 9f at 1548: addr 0x503c01940 idx 0 fmt 1 regoff 0x0 n 70 (table contents not committed)
  load op 63 at 1553: addr 0x908e5ff90 idx 0 fmt 1 regoff 0x0 n 6 (table contents not committed)
  load op 9f at 1558: addr 0x908e5ffc0 idx 0 fmt 1 regoff 0x0 n 10 (table contents not committed)
  load op 63 at 1563: addr 0x908e5f7d0 idx 0 fmt 1 regoff 0x0 n 6 (table contents not committed)
  load op 9f at 1568: addr 0x908e5f800 idx 0 fmt 1 regoff 0x0 n 9 (table contents not committed)
  load op 64 at 1573: addr 0x503c00518 idx 0 fmt 1 regoff 0x0 n 5 (table contents not committed)
  load op 9f at 1691: addr 0x503c01b70 idx 0 fmt 1 regoff 0x0 n 131 (table contents not committed)
  load op 64 at 1698: addr 0x503c00540 idx 0 fmt 1 regoff 0x0 n 1 (table contents not committed)
  load op 9f at 1730: addr 0xfe0040068 idx 0 fmt 1 regoff 0x0 n 921 (table contents not committed)
  load op 9f at 1737: addr 0x503c01f88 idx 0 fmt 1 regoff 0x0 n 70 (table contents not committed)
  load op 63 at 1742: addr 0x908e5ff90 idx 0 fmt 1 regoff 0x0 n 6 (table contents not committed)
  load op 9f at 1747: addr 0x908e5ffc0 idx 0 fmt 1 regoff 0x0 n 10 (table contents not committed)
  load op 63 at 1752: addr 0x908e5f7d0 idx 0 fmt 1 regoff 0x0 n 6 (table contents not committed)
  load op 9f at 1757: addr 0x908e5f800 idx 0 fmt 1 regoff 0x0 n 9 (table contents not committed)
  load op 64 at 1762: addr 0x503c00548 idx 0 fmt 1 regoff 0x0 n 5 (table contents not committed)
  load op 63 at 1858: addr 0x503bff518 idx 0 fmt 1 regoff 0x0 n 10 (table contents not committed)
  load op 63 at 2049: addr 0x503bff568 idx 0 fmt 1 regoff 0x0 n 28 (table contents not committed)
  load op 64 at 2123: addr 0x503c00570 idx 0 fmt 1 regoff 0x0 n 5 (table contents not committed)
  load op 9f at 2130: addr 0x503c021b8 idx 0 fmt 1 regoff 0x0 n 96 (table contents not committed)
  load op 9f at 2135: addr 0x503bfe390 idx 0 fmt 1 regoff 0x0 n 194 (table contents not committed)
submit #194 dcb 2647 dwords at 0x503502500: pass 236 rewrite 123 drop 120 unmapped 0 cc 4 mappings 1082 ... OK rc 0 17.80 ms
state stack #194: push 2 pop 2 conditional 1 unmatched 0; restored 1842 regs (+1874 dwords); tables 13, unreadable 0
pipestat #194 (2647 dwords): ia_verts 9 ia_prims 3 vs 9 gs_inv 3 gs_prims 0 c_inv 3 c_prims 3 ps 3326976 cs 1339648
  load op 9f at 38: addr 0xfe0040068 idx 0 fmt 1 regoff 0x0 n 921 (table contents not committed)
  load op 63 at 43: addr 0xfe0042068 idx 0 fmt 1 regoff 0x0 n 174 (table contents not committed)
  load op 64 at 48: addr 0xfe00425d8 idx 0 fmt 1 regoff 0x0 n 57 (table contents not committed)
  load op 9f at 90: addr 0x505a01500 idx 0 fmt 1 regoff 0x0 n 5 (table contents not committed)
  load op 64 at 95: addr 0x505a00500 idx 0 fmt 1 regoff 0x0 n 2 (table contents not committed)
  load op 63 at 100: addr 0x5059ff500 idx 0 fmt 1 regoff 0x0 n 3 (table contents not committed)
submit #195 dcb 851 dwords at 0x505602500: pass 47 rewrite 55 drop 45 unmapped 0 cc 0 mappings 1082 ... OK rc 0 17.15 ms
pipestat #195 (851 dwords): ia_verts 0 ia_prims 0 vs 0 gs_inv 0 gs_prims 0 c_inv 0 c_prims 0 ps 0 cs 122880
submit #196 acb 2 dwords at 0xfe003a200: pass 1 rewrite 0 drop 0 unmapped 0 cc 0 mappings 1082 ... OK rc 0 17.01 ms
cpu-wait WAIT_REG_MEM64 at 87 on 0x400201a40: satisfied after 0.0 ms
  load op 9f at 35: addr 0xfe0040068 idx 0 fmt 1 regoff 0x0 n 921 (table contents not committed)
  load op 63 at 40: addr 0xfe0042068 idx 0 fmt 1 regoff 0x0 n 174 (table contents not committed)
  load op 64 at 45: addr 0xfe00425d8 idx 0 fmt 1 regoff 0x0 n 57 (table contents not committed)
  load op 9f at 87: addr 0x506801500 idx 0 fmt 1 regoff 0x0 n 136 (table contents not committed)
  load op 64 at 92: addr 0x506800500 idx 0 fmt 1 regoff 0x0 n 3 (table contents not committed)
  load op 63 at 97: addr 0x5067ff500 idx 0 fmt 1 regoff 0x0 n 3 (table contents not committed)
  load op 9f at 212: addr 0xfe0040068 idx 0 fmt 1 regoff 0x0 n 921 (table contents not committed)
  load op 9f at 219: addr 0x506801940 idx 0 fmt 1 regoff 0x0 n 70 (table contents not committed)
  load op 63 at 224: addr 0x908e5ff90 idx 0 fmt 1 regoff 0x0 n 6 (table contents not committed)
  load op 9f at 229: addr 0x908e5ffc0 idx 0 fmt 1 regoff 0x0 n 10 (table contents not committed)
  load op 63 at 234: addr 0x908e5f7d0 idx 0 fmt 1 regoff 0x0 n 6 (table contents not committed)
  load op 9f at 239: addr 0x908e5f800 idx 0 fmt 1 regoff 0x0 n 9 (table contents not committed)
  load op 64 at 244: addr 0x506800518 idx 0 fmt 1 regoff 0x0 n 5 (table contents not committed)
  load op 9f at 340: addr 0x506801b70 idx 0 fmt 1 regoff 0x0 n 131 (table contents not committed)
  load op 64 at 347: addr 0x506800540 idx 0 fmt 1 regoff 0x0 n 1 (table contents not committed)
  load op 9f at 379: addr 0xfe0040068 idx 0 fmt 1 regoff 0x0 n 921 (table contents not committed)
  load op 9f at 386: addr 0x506801f88 idx 0 fmt 1 regoff 0x0 n 70 (table contents not committed)
  load op 63 at 391: addr 0x908e5ff90 idx 0 fmt 1 regoff 0x0 n 6 (table contents not committed)
  load op 9f at 396: addr 0x908e5ffc0 idx 0 fmt 1 regoff 0x0 n 10 (table contents not committed)
  load op 63 at 401: addr 0x908e5f7d0 idx 0 fmt 1 regoff 0x0 n 6 (table contents not committed)
  load op 9f at 406: addr 0x908e5f800 idx 0 fmt 1 regoff 0x0 n 9 (table contents not committed)
  load op 64 at 411: addr 0x506800548 idx 0 fmt 1 regoff 0x0 n 5 (table contents not committed)
  load op 9f at 548: addr 0x5068021b8 idx 0 fmt 1 regoff 0x0 n 98 (table contents not committed)
  load op 64 at 555: addr 0x506800570 idx 0 fmt 1 regoff 0x0 n 1 (table contents not committed)
  load op 9f at 560: addr 0x5067fe500 idx 0 fmt 1 regoff 0x0 n 33 (table contents not committed)
  load op 9f at 592: addr 0xfe0040068 idx 0 fmt 1 regoff 0x0 n 921 (table contents not committed)
  load op 9f at 599: addr 0x5067fe608 idx 0 fmt 1 regoff 0x0 n 70 (table contents not committed)
  load op 63 at 604: addr 0x908e5ff90 idx 0 fmt 1 regoff 0x0 n 6 (table contents not committed)
  load op 9f at 609: addr 0x908e5ffc0 idx 0 fmt 1 regoff 0x0 n 10 (table contents not committed)
  load op 63 at 614: addr 0x908e5f7d0 idx 0 fmt 1 regoff 0x0 n 6 (table contents not committed)
  load op 9f at 619: addr 0x908e5f800 idx 0 fmt 1 regoff 0x0 n 9 (table contents not committed)
  load op 64 at 624: addr 0x506800578 idx 0 fmt 1 regoff 0x0 n 5 (table contents not committed)
submit #197 dcb 798 dwords at 0x506202500: pass 103 rewrite 35 drop 22 unmapped 0 cc 6 mappings 1082 ... OK rc 0 17.65 ms
state stack #197: push 3 pop 3 conditional 1 unmatched 0; restored 2763 regs (+2811 dwords); tables 17, unreadable 0
pipestat #197 (798 dwords): ia_verts 9 ia_prims 3 vs 9 gs_inv 3 gs_prims 0 c_inv 3 c_prims 3 ps 0 cs 0
submit #198 acb 463 dwords at 0x4003e6740: pass 43 rewrite 11 drop 27 unmapped 0 cc 0 mappings 1082 ... OK rc 0 17.39 ms
acb head: 1287 of 1336 dwords go ahead of the wait at 1287 on 0x400202380
  load op 9f at 36: addr 0xfe0040068 idx 0 fmt 1 regoff 0x0 n 921 (table contents not committed)
  load op 63 at 41: addr 0xfe0042068 idx 0 fmt 1 regoff 0x0 n 174 (table contents not committed)
  load op 64 at 46: addr 0xfe00425d8 idx 0 fmt 1 regoff 0x0 n 57 (table contents not committed)
  load op 9f at 88: addr 0x504e01500 idx 0 fmt 1 regoff 0x0 n 5 (table contents not committed)
  load op 64 at 93: addr 0x504e00500 idx 0 fmt 1 regoff 0x0 n 2 (table contents not committed)
  load op 63 at 98: addr 0x504dff500 idx 0 fmt 1 regoff 0x0 n 3 (table contents not committed)
  load op 9f at 756: addr 0xfe0040068 idx 0 fmt 1 regoff 0x0 n 921 (table contents not committed)
  load op 9f at 763: addr 0x504e01528 idx 0 fmt 1 regoff 0x0 n 74 (table contents not committed)
  load op 63 at 768: addr 0x908e5ff90 idx 0 fmt 1 regoff 0x0 n 6 (table contents not committed)
  load op 9f at 773: addr 0x908e5ffc0 idx 0 fmt 1 regoff 0x0 n 10 (table contents not committed)
  load op 64 at 778: addr 0x504e00510 idx 0 fmt 1 regoff 0x0 n 5 (table contents not committed)
  load op 9f at 901: addr 0xfe0040068 idx 0 fmt 1 regoff 0x0 n 921 (table contents not committed)
  load op 9f at 908: addr 0x504e01778 idx 0 fmt 1 regoff 0x0 n 74 (table contents not committed)
  load op 63 at 913: addr 0x908e5ff90 idx 0 fmt 1 regoff 0x0 n 6 (table contents not committed)
  load op 9f at 918: addr 0x908e5ffc0 idx 0 fmt 1 regoff 0x0 n 10 (table contents not committed)
  load op 64 at 923: addr 0x504e00538 idx 0 fmt 1 regoff 0x0 n 5 (table contents not committed)
  load op 9f at 1046: addr 0xfe0040068 idx 0 fmt 1 regoff 0x0 n 921 (table contents not committed)
  load op 9f at 1053: addr 0x504e019c8 idx 0 fmt 1 regoff 0x0 n 74 (table contents not committed)
  load op 63 at 1058: addr 0x908e5ff90 idx 0 fmt 1 regoff 0x0 n 6 (table contents not committed)
  load op 9f at 1063: addr 0x908e5ffc0 idx 0 fmt 1 regoff 0x0 n 10 (table contents not committed)
  load op 64 at 1068: addr 0x504e00560 idx 0 fmt 1 regoff 0x0 n 5 (table contents not committed)
submit #199 dcb 1248 dwords at 0x504a02500: pass 151 rewrite 46 drop 45 unmapped 0 cc 6 mappings 1082 ... OK rc 0 17.50 ms
state stack #199: push 3 pop 3 conditional 1 unmatched 0; restored 2763 regs (+2811 dwords); tables 11, unreadable 0
pipestat #199 (1248 dwords): ia_verts 9 ia_prims 3 vs 9 gs_inv 3 gs_prims 0 c_inv 3 c_prims 3 ps 0 cs 36864
flip 1/1 buffer 0x5093f0000 +0x1fe0000: sum 0x17ea65194594 nonzero 8100/8160 pattern 0
  target CB0 0x507410000: distinct 53 min 0xc0000000 max 0xc340d034,   target CB0 0x507410000: nonzero 1024/1024
  target CB0 0x563800000: distinct 1 min 0x00000000 max 0x00000000,   target CB0 0x563800000: nonzero 0/1024
  target CB0 0x55c00d000: distinct 4 min 0x00000000 max 0xffffffff,   target CB0 0x55c00d000: nonzero 147/1024
  target CB0 0x5637f0000: distinct 1 min 0x00000000 max 0x00000000,   target CB0 0x5637f0000: nonzero 0/1024
  target CB0 0x519df0000: distinct 1 min 0x38003800 max 0x38003800,   target CB0 0x519df0000: nonzero 1024/1024
  target CB0 0x570a99000: distinct 8 min 0x00000000 max 0xffffffff,   target CB0 0x570a99000: nonzero 85/1024
  target DB_HTILE 0x516870000: distinct 3 min 0x00000000 max 0xfffffff0,   target DB_HTILE 0x516870000: nonzero 80/1024
  target DB_Z_READ 0x5157a0000: distinct 1 min 0x3f800000 max 0x3f800000,   target DB_Z_READ 0x5157a0000: nonzero 1024/1024
  target DB_STENCIL_READ 0x5164b0000: distinct 3 min 0x00000000 max 0xfffffff0,   target DB_STENCIL_READ 0x5164b0000: nonzero 881/1024
  target CB0 0x511650000: distinct 1 min 0x00000000 max 0x00000000,   target CB0 0x511650000: nonzero 0/1024
  target CB0 0x570a3c000: distinct 9 min 0x00000000 max 0xffffffff,   target CB0 0x570a3c000: nonzero 133/1024
  target CB0 0x570a45000: distinct 9 min 0x00000000 max 0xffffffff,   target CB0 0x570a45000: nonzero 124/1024
  target CB0 0x513d80000: distinct 1 min 0x00000000 max 0x00000000,   target CB0 0x513d80000: nonzero 0/1024
  target CB0 0x570a72000: distinct 8 min 0x00000000 max 0xffffffff,   target CB0 0x570a72000: nonzero 94/1024
  target DB_HTILE 0x55c050000: distinct 3 min 0x00000000 max 0xffffffff,   target DB_HTILE 0x55c050000: nonzero 144/1024
  target DB_Z_READ 0x527430000: distinct 1 min 0xffffffff max 0xffffffff,   target DB_Z_READ 0x527430000: nonzero 1024/1024
submit #200 acb 1287 dwords at 0x400205540: pass 118 rewrite 35 drop 63 unmapped 0 cc 0 mappings 1082 ... OK rc 0 17.81 ms
cpu-wait WAIT_REG_MEM64 at 115 on 0x400201d40: satisfied after 0.0 ms
cpu-wait WAIT_REG_MEM64 at 1629 on 0x400201840: satisfied after 0.0 ms
cpu-wait WAIT_REG_MEM64 at 9223 on 0x55d4d00b6e68: satisfied after 0.0 ms
  indirect op 16 at 1246: base 0x5074063c0 +0x0 -> 1 1 1 0 0
  indirect op 16 at 1278: base 0x5074063e0 +0x0 -> 1 1 1 0 0
  indirect op 16 at 1310: base 0x50740a520 +0x0 -> 1 1 1 0 0
  indirect op 16 at 1342: base 0x50740a540 +0x0 -> 1 1 1 0 0
  indirect op 25 at 4584: base 0x56ddaffa0 +0x0 -> 1 512 0 0 0
  load op 9f at 28: addr 0xfe0040068 idx 0 fmt 1 regoff 0x0 n 921 (table contents not committed)
  load op 63 at 33: addr 0xfe0042068 idx 0 fmt 1 regoff 0x0 n 174 (table contents not committed)
  load op 64 at 38: addr 0xfe00425d8 idx 0 fmt 1 regoff 0x0 n 57 (table contents not committed)
  load op 9f at 80: addr 0x502701500 idx 0 fmt 1 regoff 0x0 n 295 (table contents not committed)
  load op 64 at 85: addr 0x502700500 idx 0 fmt 1 regoff 0x0 n 7 (table contents not committed)
  load op 63 at 90: addr 0x5026ff500 idx 0 fmt 1 regoff 0x0 n 13 (table contents not committed)
  load op 63 at 342: addr 0x5026ff568 idx 0 fmt 1 regoff 0x0 n 10 (table contents not committed)
  load op 63 at 734: addr 0x5026ff5b8 idx 0 fmt 1 regoff 0x0 n 18 (table contents not committed)
  load op 63 at 1217: addr 0x5026ff648 idx 0 fmt 1 regoff 0x0 n 10 (table contents not committed)
  load op 63 at 1249: addr 0x5026ff698 idx 0 fmt 1 regoff 0x0 n 10 (table contents not committed)
  load op 63 at 1281: addr 0x5026ff6e8 idx 0 fmt 1 regoff 0x0 n 10 (table contents not committed)
  load op 63 at 1313: addr 0x5026ff738 idx 0 fmt 1 regoff 0x0 n 10 (table contents not committed)
  load op 9f at 1724: addr 0xfe0040068 idx 0 fmt 1 regoff 0x0 n 921 (table contents not committed)
  load op 9f at 1731: addr 0x502701e38 idx 0 fmt 1 regoff 0x0 n 74 (table contents not committed)
  load op 63 at 1736: addr 0x908e5ff90 idx 0 fmt 1 regoff 0x0 n 6 (table contents not committed)
  load op 9f at 1741: addr 0x908e5ffc0 idx 0 fmt 1 regoff 0x0 n 10 (table contents not committed)
  load op 64 at 1746: addr 0x502700538 idx 0 fmt 1 regoff 0x0 n 5 (table contents not committed)
  load op 9f at 1799: addr 0x502702088 idx 0 fmt 1 regoff 0x0 n 132 (table contents not committed)
  load op 63 at 1804: addr 0x5026ff788 idx 0 fmt 1 regoff 0x0 n 30 (table contents not committed)
  load op 64 at 1884: addr 0x502700560 idx 0 fmt 1 regoff 0x0 n 5 (table contents not committed)
  load op 9f at 1891: addr 0x5026fd440 idx 0 fmt 1 regoff 0x0 n 175 (table contents not committed)
  load op 63 at 2106: addr 0x5026ff878 idx 0 fmt 1 regoff 0x0 n 20 (table contents not committed)
  load op 9f at 3069: addr 0xfe0040068 idx 0 fmt 1 regoff 0x0 n 921 (table contents not committed)
  load op 9f at 3076: addr 0x5026fd9b8 idx 0 fmt 1 regoff 0x0 n 70 (table contents not committed)
  load op 63 at 3081: addr 0x908e5ff90 idx 0 fmt 1 regoff 0x0 n 6 (table contents not committed)
  load op 9f at 3086: addr 0x908e5ffc0 idx 0 fmt 1 regoff 0x0 n 10 (table contents not committed)
  load op 63 at 3091: addr 0x908e5f7d0 idx 0 fmt 1 regoff 0x0 n 6 (table contents not committed)
  load op 9f at 3096: addr 0x908e5f800 idx 0 fmt 1 regoff 0x0 n 9 (table contents not committed)
  load op 64 at 3101: addr 0x502700588 idx 0 fmt 1 regoff 0x0 n 5 (table contents not committed)
  load op 9f at 3140: addr 0x5026fdbe8 idx 0 fmt 1 regoff 0x0 n 19 (table contents not committed)
  load op 63 at 3145: addr 0x5026ff918 idx 0 fmt 1 regoff 0x0 n 12 (table contents not committed)
  load op 9f at 3268: addr 0xfe0040068 idx 0 fmt 1 regoff 0x0 n 921 (table contents not committed)
  load op 9f at 3275: addr 0x5026fdc80 idx 0 fmt 1 regoff 0x0 n 74 (table contents not committed)
  load op 63 at 3280: addr 0x908e5ff90 idx 0 fmt 1 regoff 0x0 n 6 (table contents not committed)
  load op 9f at 3285: addr 0x908e5ffc0 idx 0 fmt 1 regoff 0x0 n 10 (table contents not committed)
  load op 64 at 3290: addr 0x5027005b0 idx 0 fmt 1 regoff 0x0 n 5 (table contents not committed)
  load op 9f at 3329: addr 0x5026fded0 idx 0 fmt 1 regoff 0x0 n 166 (table contents not committed)
  load op 63 at 3334: addr 0x5026ff978 idx 0 fmt 1 regoff 0x0 n 30 (table contents not committed)
  load op 64 at 3430: addr 0x5027005d8 idx 0 fmt 1 regoff 0x0 n 5 (table contents not committed)
  load op 9f at 3437: addr 0x5026fc320 idx 0 fmt 1 regoff 0x0 n 135 (table contents not committed)
  load op 63 at 3675: addr 0x5026ffa68 idx 0 fmt 1 regoff 0x0 n 36 (table contents not committed)
  load op 64 at 4540: addr 0x502700600 idx 0 fmt 1 regoff 0x0 n 6 (table contents not committed)
  load op 9f at 4545: addr 0x5026fc758 idx 0 fmt 1 regoff 0x0 n 376 (table contents not committed)
  load op 9f at 4552: addr 0x5026fb118 idx 0 fmt 1 regoff 0x0 n 205 (table contents not committed)
  load op 9f at 4853: addr 0xfe0040068 idx 0 fmt 1 regoff 0x0 n 921 (table contents not committed)
  load op 9f at 4860: addr 0x5026fb780 idx 0 fmt 1 regoff 0x0 n 74 (table contents not committed)
  load op 63 at 4865: addr 0x908e5ff90 idx 0 fmt 1 regoff 0x0 n 6 (table contents not committed)
  load op 9f at 4870: addr 0x908e5ffc0 idx 0 fmt 1 regoff 0x0 n 10 (table contents not committed)
  load op 64 at 4875: addr 0x502700630 idx 0 fmt 1 regoff 0x0 n 5 (table contents not committed)
  load op 63 at 4914: addr 0x5026ffb88 idx 0 fmt 1 regoff 0x0 n 21 (table contents not committed)
  load op 9f at 4925: addr 0x5026fb9d0 idx 0 fmt 1 regoff 0x0 n 223 (table contents not committed)
  load op 63 at 5714: addr 0x5026ffc30 idx 0 fmt 1 regoff 0x0 n 10 (table contents not committed)
  load op 63 at 5831: addr 0x5026ffc80 idx 0 fmt 1 regoff 0x0 n 28 (table contents not committed)
  load op 64 at 5910: addr 0x502700658 idx 0 fmt 1 regoff 0x0 n 5 (table contents not committed)
  load op 9f at 5917: addr 0x5026f9e30 idx 0 fmt 1 regoff 0x0 n 67 (table contents not committed)
  load op 9f at 6045: addr 0x5026fa048 idx 0 fmt 1 regoff 0x0 n 121 (table contents not committed)
  load op 63 at 6050: addr 0x5026ffd60 idx 0 fmt 1 regoff 0x0 n 18 (table contents not committed)
  load op 64 at 6055: addr 0x502700680 idx 0 fmt 1 regoff 0x0 n 3 (table contents not committed)
  load op 9f at 6204: addr 0x5026fa410 idx 0 fmt 1 regoff 0x0 n 121 (table contents not committed)
  load op 63 at 6209: addr 0x5026ffdf0 idx 0 fmt 1 regoff 0x0 n 18 (table contents not committed)
  load op 64 at 6214: addr 0x502700698 idx 0 fmt 1 regoff 0x0 n 3 (table contents not committed)
  load op 63 at 6578: addr 0x5026ffe80 idx 0 fmt 1 regoff 0x0 n 10 (table contents not committed)
  load op 9f at 7058: addr 0x5026fa7d8 idx 0 fmt 1 regoff 0x0 n 195 (table contents not committed)
  load op 9f at 7063: addr 0x5026f8d80 idx 0 fmt 1 regoff 0x0 n 85 (table contents not committed)
  load op 63 at 7068: addr 0x5026ffed0 idx 0 fmt 1 regoff 0x0 n 18 (table contents not committed)
  load op 64 at 7073: addr 0x5027006b0 idx 0 fmt 1 regoff 0x0 n 3 (table contents not committed)
  load op 9f at 7186: addr 0x5026f9028 idx 0 fmt 1 regoff 0x0 n 129 (table contents not committed)
  load op 63 at 7191: addr 0x5026fff60 idx 0 fmt 1 regoff 0x0 n 18 (table contents not committed)
  load op 64 at 7196: addr 0x5027006c8 idx 0 fmt 1 regoff 0x0 n 3 (table contents not committed)
  load op 9f at 7309: addr 0x5026f9430 idx 0 fmt 1 regoff 0x0 n 129 (table contents not committed)
  load op 63 at 7314: addr 0x5026ffff0 idx 0 fmt 1 regoff 0x0 n 18 (table contents not committed)
  load op 64 at 7319: addr 0x5027006e0 idx 0 fmt 1 regoff 0x0 n 3 (table contents not committed)
  load op 9f at 7432: addr 0x5026f9838 idx 0 fmt 1 regoff 0x0 n 58 (table contents not committed)
  load op 9f at 7537: addr 0x5026f9a08 idx 0 fmt 1 regoff 0x0 n 66 (table contents not committed)
  load op 9f at 7642: addr 0x5026f9c18 idx 0 fmt 1 regoff 0x0 n 37 (table contents not committed)
  load op 9f at 7647: addr 0x5026f7300 idx 0 fmt 1 regoff 0x0 n 21 (table contents not committed)
  load op 9f at 7752: addr 0x5026f73a8 idx 0 fmt 1 regoff 0x0 n 66 (table contents not committed)
  load op 9f at 7857: addr 0x5026f75b8 idx 0 fmt 1 regoff 0x0 n 58 (table contents not committed)
  load op 9f at 7962: addr 0x5026f7788 idx 0 fmt 1 regoff 0x0 n 130 (table contents not committed)
  load op 63 at 7967: addr 0x502700080 idx 0 fmt 1 regoff 0x0 n 18 (table contents not committed)
  load op 64 at 7972: addr 0x5027006f8 idx 0 fmt 1 regoff 0x0 n 3 (table contents not committed)
  load op 9f at 8099: addr 0x5026f7b98 idx 0 fmt 1 regoff 0x0 n 135 (table contents not committed)
  load op 63 at 8104: addr 0x502700110 idx 0 fmt 1 regoff 0x0 n 18 (table contents not committed)
  load op 64 at 8109: addr 0x502700710 idx 0 fmt 1 regoff 0x0 n 3 (table contents not committed)
  load op 63 at 8687: addr 0x5027001a0 idx 0 fmt 1 regoff 0x0 n 28 (table contents not committed)
  load op 64 at 9264: addr 0x502700728 idx 0 fmt 1 regoff 0x0 n 5 (table contents not committed)
  load op 9f at 9269: addr 0x5026f7fd0 idx 0 fmt 1 regoff 0x0 n 97 (table contents not committed)
  load op 9f at 9276: addr 0x5026f5868 idx 0 fmt 1 regoff 0x0 n 183 (table contents not committed)
submit #201 dcb 9774 dwords at 0x502002500: pass 651 rewrite 493 drop 432 unmapped 1 cc 8 mappings 1082 ... OK rc 0 19.87 ms
state stack #201: push 4 pop 4 conditional 1 unmatched 0; restored 3684 regs (+3748 dwords); tables 40, unreadable 0
pipestat #201 (9774 dwords): ia_verts 575 ia_prims 533 vs 575 gs_inv 533 gs_prims 0 c_inv 192 c_prims 91 ps 36588912 cs 6777857
submit #202 acb 2 dwords at 0xfe003a200: pass 1 rewrite 0 drop 0 unmapped 0 cc 0 mappings 1082 ... OK rc 0 17.17 ms
cpu-wait WAIT_REG_MEM64 at 0 on 0x400202380: satisfied after 0.0 ms
submit #203 cc 3 dwords at 0x313b17cf4: pass 0 rewrite 1 drop 0 unmapped 0 cc 1 mappings 1082 ... OK rc 0 17.12 ms
submit #204 acb 49 dwords at 0x40020695c: pass 2 rewrite 3 drop 3 unmapped 0 cc 0 mappings 1082 ... OK rc 0 17.02 ms
  load op 61 at 10: base 0xfe0008000 pairs (0x0,215) (0xd8,272) (0x1f5,4) (0x1ff,158) (0x2a0,2) (0x2a3,1) (0x2a5,66) (0x2f5,203)
  load op 5f at 29: base 0xfe0010000 pairs (0x1,1) (0x6,38) (0x32,4) (0x80,4) (0x87,37) (0xb2,4) (0xc8,2) (0x100,4) (0x107,37) (0x132,4) (0x148,2) (0x204,3) (0x20c,2) (0x212,2) (0x215,6) (0x224,5) (0x22a,1) (0x240,16) (0x27d,1) (0x280,1) (0x207,3)
  load op 5e at 74: base 0xfe0011000 pairs (0x35,8) (0xa2,1) (0x242,1) (0x248,1) (0x24a,2) (0x25b,6) (0x262,1) (0x2bb,5) (0x2c4,16) (0x2e4,8) (0x380,2) (0x383,2) (0x41d,3) (0x24d,1)
  load op 61 at 105: base 0xfe0008000 pairs (0x0,0)
  load op 5f at 110: base 0xfe0010000 pairs (0x0,0)
  load op 5e at 115: base 0xfe0011000 pairs (0x0,0)
  load op 61 at 125: base 0xfe0008000 pairs (0x0,0)
  load op 5f at 130: base 0xfe0010000 pairs (0x0,0)
  load op 5e at 135: base 0xfe0011000 pairs (0x0,0)
submit #205 hib 150 dwords at 0xfe0000000: pass 12 rewrite 2 drop 2 unmapped 0 cc 2 mappings 1082 ... OK rc 0 17.11 ms
submit #206 hib 2 dwords at 0xfe003a200: pass 1 rewrite 0 drop 0 unmapped 0 cc 0 mappings 1082 ... OK rc 0 17.17 ms
  load op 9f at 38: addr 0xfe0040068 idx 0 fmt 1 regoff 0x0 n 921 (table contents not committed)
  load op 63 at 43: addr 0xfe0042068 idx 0 fmt 1 regoff 0x0 n 174 (table contents not committed)
  load op 64 at 48: addr 0xfe00425d8 idx 0 fmt 1 regoff 0x0 n 49 (table contents not committed)
submit #207 dcb 96 dwords at 0xfe0042920: pass 20 rewrite 2 drop 2 unmapped 0 cc 0 mappings 1082 ... OK rc 0 17.27 ms
  load op 9f at 36: addr 0xfe0040068 idx 0 fmt 1 regoff 0x0 n 921 (table contents not committed)
  load op 63 at 41: addr 0xfe0042068 idx 0 fmt 1 regoff 0x0 n 174 (table contents not committed)
  load op 64 at 46: addr 0xfe00425d8 idx 0 fmt 1 regoff 0x0 n 57 (table contents not committed)
  load op 9f at 88: addr 0x504301500 idx 0 fmt 1 regoff 0x0 n 136 (table contents not committed)
  load op 64 at 93: addr 0x504300500 idx 0 fmt 1 regoff 0x0 n 3 (table contents not committed)
  load op 63 at 98: addr 0x5042ff500 idx 0 fmt 1 regoff 0x0 n 3 (table contents not committed)
  load op 9f at 1541: addr 0xfe0040068 idx 0 fmt 1 regoff 0x0 n 921 (table contents not committed)
  load op 9f at 1548: addr 0x504301940 idx 0 fmt 1 regoff 0x0 n 70 (table contents not committed)
  load op 63 at 1553: addr 0x908e5ff90 idx 0 fmt 1 regoff 0x0 n 6 (table contents not committed)
  load op 9f at 1558: addr 0x908e5ffc0 idx 0 fmt 1 regoff 0x0 n 10 (table contents not committed)
  load op 63 at 1563: addr 0x908e5f7d0 idx 0 fmt 1 regoff 0x0 n 6 (table contents not committed)
  load op 9f at 1568: addr 0x908e5f800 idx 0 fmt 1 regoff 0x0 n 9 (table contents not committed)
  load op 64 at 1573: addr 0x504300518 idx 0 fmt 1 regoff 0x0 n 5 (table contents not committed)
  load op 9f at 1691: addr 0x504301b70 idx 0 fmt 1 regoff 0x0 n 131 (table contents not committed)
  load op 64 at 1698: addr 0x504300540 idx 0 fmt 1 regoff 0x0 n 1 (table contents not committed)
  load op 9f at 1730: addr 0xfe0040068 idx 0 fmt 1 regoff 0x0 n 921 (table contents not committed)
  load op 9f at 1737: addr 0x504301f88 idx 0 fmt 1 regoff 0x0 n 70 (table contents not committed)
  load op 63 at 1742: addr 0x908e5ff90 idx 0 fmt 1 regoff 0x0 n 6 (table contents not committed)
  load op 9f at 1747: addr 0x908e5ffc0 idx 0 fmt 1 regoff 0x0 n 10 (table contents not committed)
  load op 63 at 1752: addr 0x908e5f7d0 idx 0 fmt 1 regoff 0x0 n 6 (table contents not committed)
  load op 9f at 1757: addr 0x908e5f800 idx 0 fmt 1 regoff 0x0 n 9 (table contents not committed)
  load op 64 at 1762: addr 0x504300548 idx 0 fmt 1 regoff 0x0 n 5 (table contents not committed)
  load op 63 at 1858: addr 0x5042ff518 idx 0 fmt 1 regoff 0x0 n 10 (table contents not committed)
  load op 63 at 2049: addr 0x5042ff568 idx 0 fmt 1 regoff 0x0 n 28 (table contents not committed)
  load op 64 at 2123: addr 0x504300570 idx 0 fmt 1 regoff 0x0 n 5 (table contents not committed)
  load op 9f at 2130: addr 0x5043021b8 idx 0 fmt 1 regoff 0x0 n 96 (table contents not committed)
  load op 9f at 2135: addr 0x5042fe390 idx 0 fmt 1 regoff 0x0 n 194 (table contents not committed)
submit #208 dcb 2647 dwords at 0x503c02500: pass 236 rewrite 123 drop 120 unmapped 0 cc 4 mappings 1082 ... OK rc 0 17.44 ms
state stack #208: push 2 pop 2 conditional 1 unmatched 0; restored 1842 regs (+1874 dwords); tables 13, unreadable 0
pipestat #208 (2647 dwords): ia_verts 9 ia_prims 3 vs 9 gs_inv 3 gs_prims 0 c_inv 3 c_prims 3 ps 3326976 cs 1339648
  load op 9f at 38: addr 0xfe0040068 idx 0 fmt 1 regoff 0x0 n 921 (table contents not committed)
  load op 63 at 43: addr 0xfe0042068 idx 0 fmt 1 regoff 0x0 n 174 (table contents not committed)
  load op 64 at 48: addr 0xfe00425d8 idx 0 fmt 1 regoff 0x0 n 57 (table contents not committed)
  load op 9f at 90: addr 0x505e01500 idx 0 fmt 1 regoff 0x0 n 5 (table contents not committed)
  load op 64 at 95: addr 0x505e00500 idx 0 fmt 1 regoff 0x0 n 2 (table contents not committed)
  load op 63 at 100: addr 0x505dff500 idx 0 fmt 1 regoff 0x0 n 3 (table contents not committed)
submit #209 dcb 851 dwords at 0x505a02500: pass 47 rewrite 55 drop 45 unmapped 0 cc 0 mappings 1082 ... OK rc 0 17.34 ms
pipestat #209 (851 dwords): ia_verts 0 ia_prims 0 vs 0 gs_inv 0 gs_prims 0 c_inv 0 c_prims 0 ps 0 cs 122880
submit #210 acb 2 dwords at 0xfe003a200: pass 1 rewrite 0 drop 0 unmapped 0 cc 0 mappings 1082 ... OK rc 0 17.15 ms
cpu-wait WAIT_REG_MEM64 at 87 on 0x400202d80: satisfied after 0.0 ms
  load op 9f at 35: addr 0xfe0040068 idx 0 fmt 1 regoff 0x0 n 921 (table contents not committed)
  load op 63 at 40: addr 0xfe0042068 idx 0 fmt 1 regoff 0x0 n 174 (table contents not committed)
  load op 64 at 45: addr 0xfe00425d8 idx 0 fmt 1 regoff 0x0 n 57 (table contents not committed)
  load op 9f at 87: addr 0x506e01500 idx 0 fmt 1 regoff 0x0 n 136 (table contents not committed)
  load op 64 at 92: addr 0x506e00500 idx 0 fmt 1 regoff 0x0 n 3 (table contents not committed)
  load op 63 at 97: addr 0x506dff500 idx 0 fmt 1 regoff 0x0 n 3 (table contents not committed)
  load op 9f at 212: addr 0xfe0040068 idx 0 fmt 1 regoff 0x0 n 921 (table contents not committed)
  load op 9f at 219: addr 0x506e01940 idx 0 fmt 1 regoff 0x0 n 70 (table contents not committed)
  load op 63 at 224: addr 0x908e5ff90 idx 0 fmt 1 regoff 0x0 n 6 (table contents not committed)
  load op 9f at 229: addr 0x908e5ffc0 idx 0 fmt 1 regoff 0x0 n 10 (table contents not committed)
  load op 63 at 234: addr 0x908e5f7d0 idx 0 fmt 1 regoff 0x0 n 6 (table contents not committed)
  load op 9f at 239: addr 0x908e5f800 idx 0 fmt 1 regoff 0x0 n 9 (table contents not committed)
  load op 64 at 244: addr 0x506e00518 idx 0 fmt 1 regoff 0x0 n 5 (table contents not committed)
  load op 9f at 340: addr 0x506e01b70 idx 0 fmt 1 regoff 0x0 n 131 (table contents not committed)
  load op 64 at 347: addr 0x506e00540 idx 0 fmt 1 regoff 0x0 n 1 (table contents not committed)
  load op 9f at 379: addr 0xfe0040068 idx 0 fmt 1 regoff 0x0 n 921 (table contents not committed)
  load op 9f at 386: addr 0x506e01f88 idx 0 fmt 1 regoff 0x0 n 70 (table contents not committed)
  load op 63 at 391: addr 0x908e5ff90 idx 0 fmt 1 regoff 0x0 n 6 (table contents not committed)
  load op 9f at 396: addr 0x908e5ffc0 idx 0 fmt 1 regoff 0x0 n 10 (table contents not committed)
  load op 63 at 401: addr 0x908e5f7d0 idx 0 fmt 1 regoff 0x0 n 6 (table contents not committed)
  load op 9f at 406: addr 0x908e5f800 idx 0 fmt 1 regoff 0x0 n 9 (table contents not committed)
  load op 64 at 411: addr 0x506e00548 idx 0 fmt 1 regoff 0x0 n 5 (table contents not committed)
  load op 9f at 548: addr 0x506e021b8 idx 0 fmt 1 regoff 0x0 n 98 (table contents not committed)
  load op 64 at 555: addr 0x506e00570 idx 0 fmt 1 regoff 0x0 n 1 (table contents not committed)
  load op 9f at 560: addr 0x506dfe500 idx 0 fmt 1 regoff 0x0 n 33 (table contents not committed)
  load op 9f at 592: addr 0xfe0040068 idx 0 fmt 1 regoff 0x0 n 921 (table contents not committed)
  load op 9f at 599: addr 0x506dfe608 idx 0 fmt 1 regoff 0x0 n 70 (table contents not committed)
  load op 63 at 604: addr 0x908e5ff90 idx 0 fmt 1 regoff 0x0 n 6 (table contents not committed)
  load op 9f at 609: addr 0x908e5ffc0 idx 0 fmt 1 regoff 0x0 n 10 (table contents not committed)
  load op 63 at 614: addr 0x908e5f7d0 idx 0 fmt 1 regoff 0x0 n 6 (table contents not committed)
  load op 9f at 619: addr 0x908e5f800 idx 0 fmt 1 regoff 0x0 n 9 (table contents not committed)
  load op 64 at 624: addr 0x506e00578 idx 0 fmt 1 regoff 0x0 n 5 (table contents not committed)
submit #211 dcb 798 dwords at 0x506802500: pass 103 rewrite 35 drop 22 unmapped 0 cc 6 mappings 1082 ... OK rc 0 17.47 ms
state stack #211: push 3 pop 3 conditional 1 unmatched 0; restored 2763 regs (+2811 dwords); tables 17, unreadable 0
pipestat #211 (798 dwords): ia_verts 9 ia_prims 3 vs 9 gs_inv 3 gs_prims 0 c_inv 3 c_prims 3 ps 0 cs 0
submit #212 acb 463 dwords at 0x4004867c0: pass 43 rewrite 11 drop 27 unmapped 0 cc 0 mappings 1082 ... OK rc 0 17.72 ms
acb head: 1287 of 1336 dwords go ahead of the wait at 1287 on 0x400202f80
  load op 9f at 36: addr 0xfe0040068 idx 0 fmt 1 regoff 0x0 n 921 (table contents not committed)
  load op 63 at 41: addr 0xfe0042068 idx 0 fmt 1 regoff 0x0 n 174 (table contents not committed)
  load op 64 at 46: addr 0xfe00425d8 idx 0 fmt 1 regoff 0x0 n 57 (table contents not committed)
  load op 9f at 88: addr 0x505201500 idx 0 fmt 1 regoff 0x0 n 5 (table contents not committed)
  load op 64 at 93: addr 0x505200500 idx 0 fmt 1 regoff 0x0 n 2 (table contents not committed)
  load op 63 at 98: addr 0x5051ff500 idx 0 fmt 1 regoff 0x0 n 3 (table contents not committed)
  load op 9f at 756: addr 0xfe0040068 idx 0 fmt 1 regoff 0x0 n 921 (table contents not committed)
  load op 9f at 763: addr 0x505201528 idx 0 fmt 1 regoff 0x0 n 74 (table contents not committed)
  load op 63 at 768: addr 0x908e5ff90 idx 0 fmt 1 regoff 0x0 n 6 (table contents not committed)
  load op 9f at 773: addr 0x908e5ffc0 idx 0 fmt 1 regoff 0x0 n 10 (table contents not committed)
  load op 64 at 778: addr 0x505200510 idx 0 fmt 1 regoff 0x0 n 5 (table contents not committed)
  load op 9f at 901: addr 0xfe0040068 idx 0 fmt 1 regoff 0x0 n 921 (table contents not committed)
  load op 9f at 908: addr 0x505201778 idx 0 fmt 1 regoff 0x0 n 74 (table contents not committed)
  load op 63 at 913: addr 0x908e5ff90 idx 0 fmt 1 regoff 0x0 n 6 (table contents not committed)
  load op 9f at 918: addr 0x908e5ffc0 idx 0 fmt 1 regoff 0x0 n 10 (table contents not committed)
  load op 64 at 923: addr 0x505200538 idx 0 fmt 1 regoff 0x0 n 5 (table contents not committed)
  load op 9f at 1046: addr 0xfe0040068 idx 0 fmt 1 regoff 0x0 n 921 (table contents not committed)
  load op 9f at 1053: addr 0x5052019c8 idx 0 fmt 1 regoff 0x0 n 74 (table contents not committed)
  load op 63 at 1058: addr 0x908e5ff90 idx 0 fmt 1 regoff 0x0 n 6 (table contents not committed)
  load op 9f at 1063: addr 0x908e5ffc0 idx 0 fmt 1 regoff 0x0 n 10 (table contents not committed)
  load op 64 at 1068: addr 0x505200560 idx 0 fmt 1 regoff 0x0 n 5 (table contents not committed)
submit #213 dcb 1248 dwords at 0x504e02500: pass 151 rewrite 46 drop 45 unmapped 0 cc 6 mappings 1082 ... OK rc 0 17.43 ms
state stack #213: push 3 pop 3 conditional 1 unmatched 0; restored 2763 regs (+2811 dwords); tables 11, unreadable 0
pipestat #213 (1248 dwords): ia_verts 9 ia_prims 3 vs 9 gs_inv 3 gs_prims 0 c_inv 3 c_prims 3 ps 0 cs 36864
flip 1/0 buffer 0x507410000 +0x1fe0000: sum 0x17ea65194594 nonzero 8100/8160 pattern 0
  target CB0 0x5093f0000: distinct 53 min 0xc0000000 max 0xc340d034,   target CB0 0x5093f0000: nonzero 1024/1024
  target CB0 0x563800000: distinct 1 min 0x00000000 max 0x00000000,   target CB0 0x563800000: nonzero 0/1024
  target CB0 0x55c00d000: distinct 4 min 0x00000000 max 0xffffffff,   target CB0 0x55c00d000: nonzero 147/1024
  target CB0 0x5637f0000: distinct 1 min 0x00000000 max 0x00000000,   target CB0 0x5637f0000: nonzero 0/1024
  target CB0 0x519df0000: distinct 1 min 0x38003800 max 0x38003800,   target CB0 0x519df0000: nonzero 1024/1024
  target CB0 0x570a99000: distinct 8 min 0x00000000 max 0xffffffff,   target CB0 0x570a99000: nonzero 85/1024
  target DB_HTILE 0x516870000: distinct 3 min 0x00000000 max 0xfffffff0,   target DB_HTILE 0x516870000: nonzero 80/1024
  target DB_Z_READ 0x5157a0000: distinct 1 min 0x3f800000 max 0x3f800000,   target DB_Z_READ 0x5157a0000: nonzero 1024/1024
  target DB_STENCIL_READ 0x5164b0000: distinct 3 min 0x00000000 max 0xfffffff0,   target DB_STENCIL_READ 0x5164b0000: nonzero 881/1024
  target CB0 0x511650000: distinct 1 min 0x00000000 max 0x00000000,   target CB0 0x511650000: nonzero 0/1024
  target CB0 0x570a3c000: distinct 9 min 0x00000000 max 0xffffffff,   target CB0 0x570a3c000: nonzero 133/1024
  target CB0 0x570a45000: distinct 9 min 0x00000000 max 0xffffffff,   target CB0 0x570a45000: nonzero 124/1024
  target CB0 0x513d80000: distinct 1 min 0x00000000 max 0x00000000,   target CB0 0x513d80000: nonzero 0/1024
  target CB0 0x570a72000: distinct 8 min 0x00000000 max 0xffffffff,   target CB0 0x570a72000: nonzero 94/1024
  target DB_HTILE 0x55c050000: distinct 3 min 0x00000000 max 0xffffffff,   target DB_HTILE 0x55c050000: nonzero 144/1024
  target DB_Z_READ 0x527430000: distinct 1 min 0xffffffff max 0xffffffff,   target DB_Z_READ 0x527430000: nonzero 1024/1024
submit #214 acb 1287 dwords at 0x4002a55c0: pass 118 rewrite 35 drop 63 unmapped 0 cc 0 mappings 1082 ... OK rc 0 17.80 ms
cpu-wait WAIT_REG_MEM64 at 115 on 0x400202d40: satisfied after 0.0 ms
cpu-wait WAIT_REG_MEM64 at 1629 on 0x400202dc0: satisfied after 0.0 ms
cpu-wait WAIT_REG_MEM64 at 9223 on 0x55d4d00b6e60: satisfied after 0.0 ms
  indirect op 16 at 1246: base 0x5074063c0 +0x0 -> 1 1 1 0 0
  indirect op 16 at 1278: base 0x5074063e0 +0x0 -> 1 1 1 0 0
  indirect op 16 at 1310: base 0x50740a520 +0x0 -> 1 1 1 0 0
  indirect op 16 at 1342: base 0x50740a540 +0x0 -> 1 1 1 0 0
  indirect op 25 at 4584: base 0x56ddaffa0 +0x0 -> 1 512 0 0 0
  load op 9f at 28: addr 0xfe0040068 idx 0 fmt 1 regoff 0x0 n 921 (table contents not committed)
  load op 63 at 33: addr 0xfe0042068 idx 0 fmt 1 regoff 0x0 n 174 (table contents not committed)
  load op 64 at 38: addr 0xfe00425d8 idx 0 fmt 1 regoff 0x0 n 57 (table contents not committed)
  load op 9f at 80: addr 0x502e01500 idx 0 fmt 1 regoff 0x0 n 295 (table contents not committed)
  load op 64 at 85: addr 0x502e00500 idx 0 fmt 1 regoff 0x0 n 7 (table contents not committed)
  load op 63 at 90: addr 0x502dff500 idx 0 fmt 1 regoff 0x0 n 13 (table contents not committed)
  load op 63 at 342: addr 0x502dff568 idx 0 fmt 1 regoff 0x0 n 10 (table contents not committed)
  load op 63 at 734: addr 0x502dff5b8 idx 0 fmt 1 regoff 0x0 n 18 (table contents not committed)
  load op 63 at 1217: addr 0x502dff648 idx 0 fmt 1 regoff 0x0 n 10 (table contents not committed)
  load op 63 at 1249: addr 0x502dff698 idx 0 fmt 1 regoff 0x0 n 10 (table contents not committed)
  load op 63 at 1281: addr 0x502dff6e8 idx 0 fmt 1 regoff 0x0 n 10 (table contents not committed)
  load op 63 at 1313: addr 0x502dff738 idx 0 fmt 1 regoff 0x0 n 10 (table contents not committed)
  load op 9f at 1724: addr 0xfe0040068 idx 0 fmt 1 regoff 0x0 n 921 (table contents not committed)
  load op 9f at 1731: addr 0x502e01e38 idx 0 fmt 1 regoff 0x0 n 74 (table contents not committed)
  load op 63 at 1736: addr 0x908e5ff90 idx 0 fmt 1 regoff 0x0 n 6 (table contents not committed)
  load op 9f at 1741: addr 0x908e5ffc0 idx 0 fmt 1 regoff 0x0 n 10 (table contents not committed)
  load op 64 at 1746: addr 0x502e00538 idx 0 fmt 1 regoff 0x0 n 5 (table contents not committed)
  load op 9f at 1799: addr 0x502e02088 idx 0 fmt 1 regoff 0x0 n 132 (table contents not committed)
  load op 63 at 1804: addr 0x502dff788 idx 0 fmt 1 regoff 0x0 n 30 (table contents not committed)
  load op 64 at 1884: addr 0x502e00560 idx 0 fmt 1 regoff 0x0 n 5 (table contents not committed)
  load op 9f at 1891: addr 0x502dfd440 idx 0 fmt 1 regoff 0x0 n 175 (table contents not committed)
  load op 63 at 2106: addr 0x502dff878 idx 0 fmt 1 regoff 0x0 n 20 (table contents not committed)
  load op 9f at 3069: addr 0xfe0040068 idx 0 fmt 1 regoff 0x0 n 921 (table contents not committed)
  load op 9f at 3076: addr 0x502dfd9b8 idx 0 fmt 1 regoff 0x0 n 70 (table contents not committed)
  load op 63 at 3081: addr 0x908e5ff90 idx 0 fmt 1 regoff 0x0 n 6 (table contents not committed)
  load op 9f at 3086: addr 0x908e5ffc0 idx 0 fmt 1 regoff 0x0 n 10 (table contents not committed)
  load op 63 at 3091: addr 0x908e5f7d0 idx 0 fmt 1 regoff 0x0 n 6 (table contents not committed)
  load op 9f at 3096: addr 0x908e5f800 idx 0 fmt 1 regoff 0x0 n 9 (table contents not committed)
  load op 64 at 3101: addr 0x502e00588 idx 0 fmt 1 regoff 0x0 n 5 (table contents not committed)
  load op 9f at 3140: addr 0x502dfdbe8 idx 0 fmt 1 regoff 0x0 n 19 (table contents not committed)
  load op 63 at 3145: addr 0x502dff918 idx 0 fmt 1 regoff 0x0 n 12 (table contents not committed)
  load op 9f at 3268: addr 0xfe0040068 idx 0 fmt 1 regoff 0x0 n 921 (table contents not committed)
  load op 9f at 3275: addr 0x502dfdc80 idx 0 fmt 1 regoff 0x0 n 74 (table contents not committed)
  load op 63 at 3280: addr 0x908e5ff90 idx 0 fmt 1 regoff 0x0 n 6 (table contents not committed)
  load op 9f at 3285: addr 0x908e5ffc0 idx 0 fmt 1 regoff 0x0 n 10 (table contents not committed)
  load op 64 at 3290: addr 0x502e005b0 idx 0 fmt 1 regoff 0x0 n 5 (table contents not committed)
  load op 9f at 3329: addr 0x502dfded0 idx 0 fmt 1 regoff 0x0 n 166 (table contents not committed)
  load op 63 at 3334: addr 0x502dff978 idx 0 fmt 1 regoff 0x0 n 30 (table contents not committed)
  load op 64 at 3430: addr 0x502e005d8 idx 0 fmt 1 regoff 0x0 n 5 (table contents not committed)
  load op 9f at 3437: addr 0x502dfc320 idx 0 fmt 1 regoff 0x0 n 135 (table contents not committed)
  load op 63 at 3675: addr 0x502dffa68 idx 0 fmt 1 regoff 0x0 n 36 (table contents not committed)
  load op 64 at 4540: addr 0x502e00600 idx 0 fmt 1 regoff 0x0 n 6 (table contents not committed)
  load op 9f at 4545: addr 0x502dfc758 idx 0 fmt 1 regoff 0x0 n 376 (table contents not committed)
  load op 9f at 4552: addr 0x502dfb118 idx 0 fmt 1 regoff 0x0 n 205 (table contents not committed)
  load op 9f at 4853: addr 0xfe0040068 idx 0 fmt 1 regoff 0x0 n 921 (table contents not committed)
  load op 9f at 4860: addr 0x502dfb780 idx 0 fmt 1 regoff 0x0 n 74 (table contents not committed)
  load op 63 at 4865: addr 0x908e5ff90 idx 0 fmt 1 regoff 0x0 n 6 (table contents not committed)
  load op 9f at 4870: addr 0x908e5ffc0 idx 0 fmt 1 regoff 0x0 n 10 (table contents not committed)
  load op 64 at 4875: addr 0x502e00630 idx 0 fmt 1 regoff 0x0 n 5 (table contents not committed)
  load op 63 at 4914: addr 0x502dffb88 idx 0 fmt 1 regoff 0x0 n 21 (table contents not committed)
  load op 9f at 4925: addr 0x502dfb9d0 idx 0 fmt 1 regoff 0x0 n 223 (table contents not committed)
  load op 63 at 5714: addr 0x502dffc30 idx 0 fmt 1 regoff 0x0 n 10 (table contents not committed)
  load op 63 at 5831: addr 0x502dffc80 idx 0 fmt 1 regoff 0x0 n 28 (table contents not committed)
  load op 64 at 5910: addr 0x502e00658 idx 0 fmt 1 regoff 0x0 n 5 (table contents not committed)
  load op 9f at 5917: addr 0x502df9e30 idx 0 fmt 1 regoff 0x0 n 67 (table contents not committed)
  load op 9f at 6045: addr 0x502dfa048 idx 0 fmt 1 regoff 0x0 n 121 (table contents not committed)
  load op 63 at 6050: addr 0x502dffd60 idx 0 fmt 1 regoff 0x0 n 18 (table contents not committed)
  load op 64 at 6055: addr 0x502e00680 idx 0 fmt 1 regoff 0x0 n 3 (table contents not committed)
  load op 9f at 6204: addr 0x502dfa410 idx 0 fmt 1 regoff 0x0 n 121 (table contents not committed)
  load op 63 at 6209: addr 0x502dffdf0 idx 0 fmt 1 regoff 0x0 n 18 (table contents not committed)
  load op 64 at 6214: addr 0x502e00698 idx 0 fmt 1 regoff 0x0 n 3 (table contents not committed)
  load op 63 at 6578: addr 0x502dffe80 idx 0 fmt 1 regoff 0x0 n 10 (table contents not committed)
  load op 9f at 7058: addr 0x502dfa7d8 idx 0 fmt 1 regoff 0x0 n 195 (table contents not committed)
  load op 9f at 7063: addr 0x502df8d80 idx 0 fmt 1 regoff 0x0 n 85 (table contents not committed)
  load op 63 at 7068: addr 0x502dffed0 idx 0 fmt 1 regoff 0x0 n 18 (table contents not committed)
  load op 64 at 7073: addr 0x502e006b0 idx 0 fmt 1 regoff 0x0 n 3 (table contents not committed)
  load op 9f at 7186: addr 0x502df9028 idx 0 fmt 1 regoff 0x0 n 129 (table contents not committed)
  load op 63 at 7191: addr 0x502dfff60 idx 0 fmt 1 regoff 0x0 n 18 (table contents not committed)
  load op 64 at 7196: addr 0x502e006c8 idx 0 fmt 1 regoff 0x0 n 3 (table contents not committed)
  load op 9f at 7309: addr 0x502df9430 idx 0 fmt 1 regoff 0x0 n 129 (table contents not committed)
  load op 63 at 7314: addr 0x502dffff0 idx 0 fmt 1 regoff 0x0 n 18 (table contents not committed)
  load op 64 at 7319: addr 0x502e006e0 idx 0 fmt 1 regoff 0x0 n 3 (table contents not committed)
  load op 9f at 7432: addr 0x502df9838 idx 0 fmt 1 regoff 0x0 n 58 (table contents not committed)
  load op 9f at 7537: addr 0x502df9a08 idx 0 fmt 1 regoff 0x0 n 66 (table contents not committed)
  load op 9f at 7642: addr 0x502df9c18 idx 0 fmt 1 regoff 0x0 n 37 (table contents not committed)
  load op 9f at 7647: addr 0x502df7300 idx 0 fmt 1 regoff 0x0 n 21 (table contents not committed)
  load op 9f at 7752: addr 0x502df73a8 idx 0 fmt 1 regoff 0x0 n 66 (table contents not committed)
  load op 9f at 7857: addr 0x502df75b8 idx 0 fmt 1 regoff 0x0 n 58 (table contents not committed)
  load op 9f at 7962: addr 0x502df7788 idx 0 fmt 1 regoff 0x0 n 130 (table contents not committed)
  load op 63 at 7967: addr 0x502e00080 idx 0 fmt 1 regoff 0x0 n 18 (table contents not committed)
  load op 64 at 7972: addr 0x502e006f8 idx 0 fmt 1 regoff 0x0 n 3 (table contents not committed)
  load op 9f at 8099: addr 0x502df7b98 idx 0 fmt 1 regoff 0x0 n 135 (table contents not committed)
  load op 63 at 8104: addr 0x502e00110 idx 0 fmt 1 regoff 0x0 n 18 (table contents not committed)
  load op 64 at 8109: addr 0x502e00710 idx 0 fmt 1 regoff 0x0 n 3 (table contents not committed)
  load op 63 at 8687: addr 0x502e001a0 idx 0 fmt 1 regoff 0x0 n 28 (table contents not committed)
  load op 64 at 9264: addr 0x502e00728 idx 0 fmt 1 regoff 0x0 n 5 (table contents not committed)
  load op 9f at 9269: addr 0x502df7fd0 idx 0 fmt 1 regoff 0x0 n 97 (table contents not committed)
  load op 9f at 9276: addr 0x502df5868 idx 0 fmt 1 regoff 0x0 n 183 (table contents not committed)
submit #215 dcb 9774 dwords at 0x502702500: pass 651 rewrite 493 drop 432 unmapped 1 cc 8 mappings 1082 ... OK rc 0 19.95 ms
state stack #215: push 4 pop 4 conditional 1 unmatched 0; restored 3684 regs (+3748 dwords); tables 40, unreadable 0
pipestat #215 (9774 dwords): ia_verts 575 ia_prims 533 vs 575 gs_inv 533 gs_prims 0 c_inv 192 c_prims 92 ps 36588912 cs 6777857
map 0x335370000 +0x10000 ... ok
swapped pages taken as resident so far: 0
vmas 107 total 13075.0 MiB resident 3355.9 MiB mapped 3356.0 MiB
submit #216 acb 2 dwords at 0xfe003a200: pass 1 rewrite 0 drop 0 unmapped 0 cc 0 mappings 1083 ... EFAULT, resync ... unmap 0x335330000 +0x20000 (no longer rw anonymous) ... ok
map 0x200284000 +0x4000 ... ok
map 0x335330000 +0x4000 ... ok
map 0x335338000 +0x18000 ... ok
map 0x335380000 +0x8000 ... ok
map 0x37dfd8000 +0x8000 ... ok
swapped pages taken as resident so far: 0
vmas 108 total 13075.0 MiB resident 3356.0 MiB mapped 3356.0 MiB
OK rc 0 (retried) 17.34 ms
cpu-wait WAIT_REG_MEM64 at 0 on 0x400202f80: satisfied after 0.0 ms
submit #217 cc 3 dwords at 0x313b17cf4: pass 0 rewrite 1 drop 0 unmapped 0 cc 1 mappings 1087 ... OK rc 0 17.14 ms
submit #218 acb 49 dwords at 0x4002a69dc: pass 2 rewrite 3 drop 3 unmapped 0 cc 0 mappings 1087 ... OK rc 0 17.11 ms
  load op 61 at 10: base 0xfe0008000 pairs (0x0,215) (0xd8,272) (0x1f5,4) (0x1ff,158) (0x2a0,2) (0x2a3,1) (0x2a5,66) (0x2f5,203)
  load op 5f at 29: base 0xfe0010000 pairs (0x1,1) (0x6,38) (0x32,4) (0x80,4) (0x87,37) (0xb2,4) (0xc8,2) (0x100,4) (0x107,37) (0x132,4) (0x148,2) (0x204,3) (0x20c,2) (0x212,2) (0x215,6) (0x224,5) (0x22a,1) (0x240,16) (0x27d,1) (0x280,1) (0x207,3)
  load op 5e at 74: base 0xfe0011000 pairs (0x35,8) (0xa2,1) (0x242,1) (0x248,1) (0x24a,2) (0x25b,6) (0x262,1) (0x2bb,5) (0x2c4,16) (0x2e4,8) (0x380,2) (0x383,2) (0x41d,3) (0x24d,1)
  load op 61 at 105: base 0xfe0008000 pairs (0x0,0)
  load op 5f at 110: base 0xfe0010000 pairs (0x0,0)
  load op 5e at 115: base 0xfe0011000 pairs (0x0,0)
  load op 61 at 125: base 0xfe0008000 pairs (0x0,0)
  load op 5f at 130: base 0xfe0010000 pairs (0x0,0)
  load op 5e at 135: base 0xfe0011000 pairs (0x0,0)
submit #219 hib 150 dwords at 0xfe0000000: pass 12 rewrite 2 drop 2 unmapped 0 cc 2 mappings 1087 ... OK rc 0 17.22 ms
submit #220 hib 2 dwords at 0xfe003a200: pass 1 rewrite 0 drop 0 unmapped 0 cc 0 mappings 1087 ... OK rc 0 17.20 ms
  load op 9f at 38: addr 0xfe0040068 idx 0 fmt 1 regoff 0x0 n 921 (table contents not committed)
  load op 63 at 43: addr 0xfe0042068 idx 0 fmt 1 regoff 0x0 n 174 (table contents not committed)
  load op 64 at 48: addr 0xfe00425d8 idx 0 fmt 1 regoff 0x0 n 49 (table contents not committed)
submit #221 dcb 96 dwords at 0xfe0042920: pass 20 rewrite 2 drop 2 unmapped 0 cc 0 mappings 1087 ... OK rc 0 17.03 ms
  load op 9f at 36: addr 0xfe0040068 idx 0 fmt 1 regoff 0x0 n 921 (table contents not committed)
  load op 63 at 41: addr 0xfe0042068 idx 0 fmt 1 regoff 0x0 n 174 (table contents not committed)
  load op 64 at 46: addr 0xfe00425d8 idx 0 fmt 1 regoff 0x0 n 57 (table contents not committed)
  load op 9f at 88: addr 0x504a01500 idx 0 fmt 1 regoff 0x0 n 136 (table contents not committed)
  load op 64 at 93: addr 0x504a00500 idx 0 fmt 1 regoff 0x0 n 3 (table contents not committed)
  load op 63 at 98: addr 0x5049ff500 idx 0 fmt 1 regoff 0x0 n 3 (table contents not committed)
  load op 9f at 1541: addr 0xfe0040068 idx 0 fmt 1 regoff 0x0 n 921 (table contents not committed)
  load op 9f at 1548: addr 0x504a01940 idx 0 fmt 1 regoff 0x0 n 70 (table contents not committed)
  load op 63 at 1553: addr 0x908e5ff90 idx 0 fmt 1 regoff 0x0 n 6 (table contents not committed)
  load op 9f at 1558: addr 0x908e5ffc0 idx 0 fmt 1 regoff 0x0 n 10 (table contents not committed)
  load op 63 at 1563: addr 0x908e5f7d0 idx 0 fmt 1 regoff 0x0 n 6 (table contents not committed)
  load op 9f at 1568: addr 0x908e5f800 idx 0 fmt 1 regoff 0x0 n 9 (table contents not committed)
  load op 64 at 1573: addr 0x504a00518 idx 0 fmt 1 regoff 0x0 n 5 (table contents not committed)
  load op 9f at 1691: addr 0x504a01b70 idx 0 fmt 1 regoff 0x0 n 131 (table contents not committed)
  load op 64 at 1698: addr 0x504a00540 idx 0 fmt 1 regoff 0x0 n 1 (table contents not committed)
  load op 9f at 1730: addr 0xfe0040068 idx 0 fmt 1 regoff 0x0 n 921 (table contents not committed)
  load op 9f at 1737: addr 0x504a01f88 idx 0 fmt 1 regoff 0x0 n 70 (table contents not committed)
  load op 63 at 1742: addr 0x908e5ff90 idx 0 fmt 1 regoff 0x0 n 6 (table contents not committed)
  load op 9f at 1747: addr 0x908e5ffc0 idx 0 fmt 1 regoff 0x0 n 10 (table contents not committed)
  load op 63 at 1752: addr 0x908e5f7d0 idx 0 fmt 1 regoff 0x0 n 6 (table contents not committed)
  load op 9f at 1757: addr 0x908e5f800 idx 0 fmt 1 regoff 0x0 n 9 (table contents not committed)
  load op 64 at 1762: addr 0x504a00548 idx 0 fmt 1 regoff 0x0 n 5 (table contents not committed)
  load op 63 at 1858: addr 0x5049ff518 idx 0 fmt 1 regoff 0x0 n 10 (table contents not committed)
  load op 63 at 2049: addr 0x5049ff568 idx 0 fmt 1 regoff 0x0 n 28 (table contents not committed)
  load op 64 at 2123: addr 0x504a00570 idx 0 fmt 1 regoff 0x0 n 5 (table contents not committed)
  load op 9f at 2130: addr 0x504a021b8 idx 0 fmt 1 regoff 0x0 n 96 (table contents not committed)
  load op 9f at 2135: addr 0x5049fe390 idx 0 fmt 1 regoff 0x0 n 194 (table contents not committed)
submit #222 dcb 2647 dwords at 0x504302500: pass 236 rewrite 123 drop 120 unmapped 0 cc 4 mappings 1087 ... OK rc 0 17.47 ms
state stack #222: push 2 pop 2 conditional 1 unmatched 0; restored 1842 regs (+1874 dwords); tables 13, unreadable 0
pipestat #222 (2647 dwords): ia_verts 9 ia_prims 3 vs 9 gs_inv 3 gs_prims 0 c_inv 3 c_prims 3 ps 3326976 cs 1339648
  load op 9f at 38: addr 0xfe0040068 idx 0 fmt 1 regoff 0x0 n 921 (table contents not committed)
  load op 63 at 43: addr 0xfe0042068 idx 0 fmt 1 regoff 0x0 n 174 (table contents not committed)
  load op 64 at 48: addr 0xfe00425d8 idx 0 fmt 1 regoff 0x0 n 57 (table contents not committed)
  load op 9f at 90: addr 0x506201500 idx 0 fmt 1 regoff 0x0 n 5 (table contents not committed)
  load op 64 at 95: addr 0x506200500 idx 0 fmt 1 regoff 0x0 n 2 (table contents not committed)
  load op 63 at 100: addr 0x5061ff500 idx 0 fmt 1 regoff 0x0 n 3 (table contents not committed)
submit #223 dcb 851 dwords at 0x505e02500: pass 47 rewrite 55 drop 45 unmapped 0 cc 0 mappings 1087 ... OK rc 0 17.12 ms
pipestat #223 (851 dwords): ia_verts 0 ia_prims 0 vs 0 gs_inv 0 gs_prims 0 c_inv 0 c_prims 0 ps 0 cs 122880
submit #224 acb 2 dwords at 0xfe003a200: pass 1 rewrite 0 drop 0 unmapped 0 cc 0 mappings 1087 ... OK rc 0 17.23 ms
cpu-wait WAIT_REG_MEM64 at 87 on 0x400203980: satisfied after 0.0 ms
  load op 9f at 35: addr 0xfe0040068 idx 0 fmt 1 regoff 0x0 n 921 (table contents not committed)
  load op 63 at 40: addr 0xfe0042068 idx 0 fmt 1 regoff 0x0 n 174 (table contents not committed)
  load op 64 at 45: addr 0xfe00425d8 idx 0 fmt 1 regoff 0x0 n 57 (table contents not committed)
  load op 9f at 87: addr 0x507401500 idx 0 fmt 1 regoff 0x0 n 136 (table contents not committed)
  load op 64 at 92: addr 0x507400500 idx 0 fmt 1 regoff 0x0 n 3 (table contents not committed)
  load op 63 at 97: addr 0x5073ff500 idx 0 fmt 1 regoff 0x0 n 3 (table contents not committed)
  load op 9f at 212: addr 0xfe0040068 idx 0 fmt 1 regoff 0x0 n 921 (table contents not committed)
  load op 9f at 219: addr 0x507401940 idx 0 fmt 1 regoff 0x0 n 70 (table contents not committed)
  load op 63 at 224: addr 0x908e5ff90 idx 0 fmt 1 regoff 0x0 n 6 (table contents not committed)
  load op 9f at 229: addr 0x908e5ffc0 idx 0 fmt 1 regoff 0x0 n 10 (table contents not committed)
  load op 63 at 234: addr 0x908e5f7d0 idx 0 fmt 1 regoff 0x0 n 6 (table contents not committed)
  load op 9f at 239: addr 0x908e5f800 idx 0 fmt 1 regoff 0x0 n 9 (table contents not committed)
  load op 64 at 244: addr 0x507400518 idx 0 fmt 1 regoff 0x0 n 5 (table contents not committed)
  load op 9f at 340: addr 0x507401b70 idx 0 fmt 1 regoff 0x0 n 131 (table contents not committed)
  load op 64 at 347: addr 0x507400540 idx 0 fmt 1 regoff 0x0 n 1 (table contents not committed)
  load op 9f at 379: addr 0xfe0040068 idx 0 fmt 1 regoff 0x0 n 921 (table contents not committed)
  load op 9f at 386: addr 0x507401f88 idx 0 fmt 1 regoff 0x0 n 70 (table contents not committed)
  load op 63 at 391: addr 0x908e5ff90 idx 0 fmt 1 regoff 0x0 n 6 (table contents not committed)
  load op 9f at 396: addr 0x908e5ffc0 idx 0 fmt 1 regoff 0x0 n 10 (table contents not committed)
  load op 63 at 401: addr 0x908e5f7d0 idx 0 fmt 1 regoff 0x0 n 6 (table contents not committed)
  load op 9f at 406: addr 0x908e5f800 idx 0 fmt 1 regoff 0x0 n 9 (table contents not committed)
  load op 64 at 411: addr 0x507400548 idx 0 fmt 1 regoff 0x0 n 5 (table contents not committed)
  load op 9f at 548: addr 0x5074021b8 idx 0 fmt 1 regoff 0x0 n 98 (table contents not committed)
  load op 64 at 555: addr 0x507400570 idx 0 fmt 1 regoff 0x0 n 1 (table contents not committed)
  load op 9f at 560: addr 0x5073fe500 idx 0 fmt 1 regoff 0x0 n 33 (table contents not committed)
  load op 9f at 592: addr 0xfe0040068 idx 0 fmt 1 regoff 0x0 n 921 (table contents not committed)
  load op 9f at 599: addr 0x5073fe608 idx 0 fmt 1 regoff 0x0 n 70 (table contents not committed)
  load op 63 at 604: addr 0x908e5ff90 idx 0 fmt 1 regoff 0x0 n 6 (table contents not committed)
  load op 9f at 609: addr 0x908e5ffc0 idx 0 fmt 1 regoff 0x0 n 10 (table contents not committed)
  load op 63 at 614: addr 0x908e5f7d0 idx 0 fmt 1 regoff 0x0 n 6 (table contents not committed)
  load op 9f at 619: addr 0x908e5f800 idx 0 fmt 1 regoff 0x0 n 9 (table contents not committed)
  load op 64 at 624: addr 0x507400578 idx 0 fmt 1 regoff 0x0 n 5 (table contents not committed)
submit #225 dcb 798 dwords at 0x506e02500: pass 103 rewrite 35 drop 22 unmapped 0 cc 6 mappings 1087 ... OK rc 0 17.48 ms
state stack #225: push 3 pop 3 conditional 1 unmatched 0; restored 2763 regs (+2811 dwords); tables 17, unreadable 0
pipestat #225 (798 dwords): ia_verts 9 ia_prims 3 vs 9 gs_inv 3 gs_prims 0 c_inv 3 c_prims 3 ps 0 cs 0
submit #226 acb 463 dwords at 0x400526840: pass 43 rewrite 11 drop 27 unmapped 0 cc 0 mappings 1087 ... OK rc 0 17.39 ms
acb head: 1287 of 1336 dwords go ahead of the wait at 1287 on 0x400203b80
  load op 9f at 36: addr 0xfe0040068 idx 0 fmt 1 regoff 0x0 n 921 (table contents not committed)
  load op 63 at 41: addr 0xfe0042068 idx 0 fmt 1 regoff 0x0 n 174 (table contents not committed)
  load op 64 at 46: addr 0xfe00425d8 idx 0 fmt 1 regoff 0x0 n 57 (table contents not committed)
  load op 9f at 88: addr 0x505601500 idx 0 fmt 1 regoff 0x0 n 5 (table contents not committed)
  load op 64 at 93: addr 0x505600500 idx 0 fmt 1 regoff 0x0 n 2 (table contents not committed)
  load op 63 at 98: addr 0x5055ff500 idx 0 fmt 1 regoff 0x0 n 3 (table contents not committed)
  load op 9f at 756: addr 0xfe0040068 idx 0 fmt 1 regoff 0x0 n 921 (table contents not committed)
  load op 9f at 763: addr 0x505601528 idx 0 fmt 1 regoff 0x0 n 74 (table contents not committed)
  load op 63 at 768: addr 0x908e5ff90 idx 0 fmt 1 regoff 0x0 n 6 (table contents not committed)
  load op 9f at 773: addr 0x908e5ffc0 idx 0 fmt 1 regoff 0x0 n 10 (table contents not committed)
  load op 64 at 778: addr 0x505600510 idx 0 fmt 1 regoff 0x0 n 5 (table contents not committed)
  load op 9f at 901: addr 0xfe0040068 idx 0 fmt 1 regoff 0x0 n 921 (table contents not committed)
  load op 9f at 908: addr 0x505601778 idx 0 fmt 1 regoff 0x0 n 74 (table contents not committed)
  load op 63 at 913: addr 0x908e5ff90 idx 0 fmt 1 regoff 0x0 n 6 (table contents not committed)
  load op 9f at 918: addr 0x908e5ffc0 idx 0 fmt 1 regoff 0x0 n 10 (table contents not committed)
  load op 64 at 923: addr 0x505600538 idx 0 fmt 1 regoff 0x0 n 5 (table contents not committed)
  load op 9f at 1046: addr 0xfe0040068 idx 0 fmt 1 regoff 0x0 n 921 (table contents not committed)
  load op 9f at 1053: addr 0x5056019c8 idx 0 fmt 1 regoff 0x0 n 74 (table contents not committed)
  load op 63 at 1058: addr 0x908e5ff90 idx 0 fmt 1 regoff 0x0 n 6 (table contents not committed)
  load op 9f at 1063: addr 0x908e5ffc0 idx 0 fmt 1 regoff 0x0 n 10 (table contents not committed)
  load op 64 at 1068: addr 0x505600560 idx 0 fmt 1 regoff 0x0 n 5 (table contents not committed)
submit #227 dcb 1248 dwords at 0x505202500: pass 151 rewrite 46 drop 45 unmapped 0 cc 6 mappings 1087 ... OK rc 0 17.58 ms
state stack #227: push 3 pop 3 conditional 1 unmatched 0; restored 2763 regs (+2811 dwords); tables 11, unreadable 0
pipestat #227 (1248 dwords): ia_verts 9 ia_prims 3 vs 9 gs_inv 3 gs_prims 0 c_inv 3 c_prims 3 ps 0 cs 36864
flip 1/1 buffer 0x5093f0000 +0x1fe0000: sum 0x17ea65194594 nonzero 8100/8160 pattern 0
  target CB0 0x507410000: distinct 53 min 0xc0000000 max 0xc340d034,   target CB0 0x507410000: nonzero 1024/1024
  target CB0 0x563800000: distinct 1 min 0x00000000 max 0x00000000,   target CB0 0x563800000: nonzero 0/1024
  target CB0 0x55c00d000: distinct 4 min 0x00000000 max 0xffffffff,   target CB0 0x55c00d000: nonzero 147/1024
  target CB0 0x5637f0000: distinct 1 min 0x00000000 max 0x00000000,   target CB0 0x5637f0000: nonzero 0/1024
  target CB0 0x519df0000: distinct 1 min 0x38003800 max 0x38003800,   target CB0 0x519df0000: nonzero 1024/1024
  target CB0 0x570a99000: distinct 8 min 0x00000000 max 0xffffffff,   target CB0 0x570a99000: nonzero 85/1024
  target DB_HTILE 0x516870000: distinct 3 min 0x00000000 max 0xfffffff0,   target DB_HTILE 0x516870000: nonzero 80/1024
  target DB_Z_READ 0x5157a0000: distinct 1 min 0x3f800000 max 0x3f800000,   target DB_Z_READ 0x5157a0000: nonzero 1024/1024
  target DB_STENCIL_READ 0x5164b0000: distinct 3 min 0x00000000 max 0xfffffff0,   target DB_STENCIL_READ 0x5164b0000: nonzero 881/1024
  target CB0 0x511650000: distinct 1 min 0x00000000 max 0x00000000,   target CB0 0x511650000: nonzero 0/1024
  target CB0 0x570a3c000: distinct 9 min 0x00000000 max 0xffffffff,   target CB0 0x570a3c000: nonzero 133/1024
  target CB0 0x570a45000: distinct 9 min 0x00000000 max 0xffffffff,   target CB0 0x570a45000: nonzero 124/1024
  target CB0 0x513d80000: distinct 1 min 0x00000000 max 0x00000000,   target CB0 0x513d80000: nonzero 0/1024
  target CB0 0x570a72000: distinct 8 min 0x00000000 max 0xffffffff,   target CB0 0x570a72000: nonzero 94/1024
  target DB_HTILE 0x55c050000: distinct 3 min 0x00000000 max 0xffffffff,   target DB_HTILE 0x55c050000: nonzero 144/1024
  target DB_Z_READ 0x527430000: distinct 1 min 0xffffffff max 0xffffffff,   target DB_Z_READ 0x527430000: nonzero 1024/1024
submit #228 acb 1287 dwords at 0x400345640: pass 118 rewrite 35 drop 63 unmapped 0 cc 0 mappings 1087 ... OK rc 0 17.92 ms
cpu-wait WAIT_REG_MEM64 at 115 on 0x400203940: satisfied after 0.0 ms
cpu-wait WAIT_REG_MEM64 at 1629 on 0x4002039c0: satisfied after 0.0 ms
cpu-wait WAIT_REG_MEM64 at 9223 on 0x55d4d00b6e68: satisfied after 0.0 ms
  indirect op 16 at 1246: base 0x5074063c0 +0x0 -> 1 1 1 0 0
  indirect op 16 at 1278: base 0x5074063e0 +0x0 -> 1 1 1 0 0
  indirect op 16 at 1310: base 0x50740a520 +0x0 -> 1 1 1 0 0
  indirect op 16 at 1342: base 0x50740a540 +0x0 -> 1 1 1 0 0
  indirect op 25 at 4584: base 0x56ddaffa0 +0x0 -> 1 512 0 0 0
  load op 9f at 28: addr 0xfe0040068 idx 0 fmt 1 regoff 0x0 n 921 (table contents not committed)
  load op 63 at 33: addr 0xfe0042068 idx 0 fmt 1 regoff 0x0 n 174 (table contents not committed)
  load op 64 at 38: addr 0xfe00425d8 idx 0 fmt 1 regoff 0x0 n 57 (table contents not committed)
  load op 9f at 80: addr 0x503501500 idx 0 fmt 1 regoff 0x0 n 295 (table contents not committed)
  load op 64 at 85: addr 0x503500500 idx 0 fmt 1 regoff 0x0 n 7 (table contents not committed)
  load op 63 at 90: addr 0x5034ff500 idx 0 fmt 1 regoff 0x0 n 13 (table contents not committed)
  load op 63 at 342: addr 0x5034ff568 idx 0 fmt 1 regoff 0x0 n 10 (table contents not committed)
  load op 63 at 734: addr 0x5034ff5b8 idx 0 fmt 1 regoff 0x0 n 18 (table contents not committed)
  load op 63 at 1217: addr 0x5034ff648 idx 0 fmt 1 regoff 0x0 n 10 (table contents not committed)
  load op 63 at 1249: addr 0x5034ff698 idx 0 fmt 1 regoff 0x0 n 10 (table contents not committed)
  load op 63 at 1281: addr 0x5034ff6e8 idx 0 fmt 1 regoff 0x0 n 10 (table contents not committed)
  load op 63 at 1313: addr 0x5034ff738 idx 0 fmt 1 regoff 0x0 n 10 (table contents not committed)
  load op 9f at 1724: addr 0xfe0040068 idx 0 fmt 1 regoff 0x0 n 921 (table contents not committed)
  load op 9f at 1731: addr 0x503501e38 idx 0 fmt 1 regoff 0x0 n 74 (table contents not committed)
  load op 63 at 1736: addr 0x908e5ff90 idx 0 fmt 1 regoff 0x0 n 6 (table contents not committed)
  load op 9f at 1741: addr 0x908e5ffc0 idx 0 fmt 1 regoff 0x0 n 10 (table contents not committed)
  load op 64 at 1746: addr 0x503500538 idx 0 fmt 1 regoff 0x0 n 5 (table contents not committed)
  load op 9f at 1799: addr 0x503502088 idx 0 fmt 1 regoff 0x0 n 132 (table contents not committed)
  load op 63 at 1804: addr 0x5034ff788 idx 0 fmt 1 regoff 0x0 n 30 (table contents not committed)
  load op 64 at 1884: addr 0x503500560 idx 0 fmt 1 regoff 0x0 n 5 (table contents not committed)
  load op 9f at 1891: addr 0x5034fd440 idx 0 fmt 1 regoff 0x0 n 175 (table contents not committed)
  load op 63 at 2106: addr 0x5034ff878 idx 0 fmt 1 regoff 0x0 n 20 (table contents not committed)
  load op 9f at 3069: addr 0xfe0040068 idx 0 fmt 1 regoff 0x0 n 921 (table contents not committed)
  load op 9f at 3076: addr 0x5034fd9b8 idx 0 fmt 1 regoff 0x0 n 70 (table contents not committed)
  load op 63 at 3081: addr 0x908e5ff90 idx 0 fmt 1 regoff 0x0 n 6 (table contents not committed)
  load op 9f at 3086: addr 0x908e5ffc0 idx 0 fmt 1 regoff 0x0 n 10 (table contents not committed)
  load op 63 at 3091: addr 0x908e5f7d0 idx 0 fmt 1 regoff 0x0 n 6 (table contents not committed)
  load op 9f at 3096: addr 0x908e5f800 idx 0 fmt 1 regoff 0x0 n 9 (table contents not committed)
  load op 64 at 3101: addr 0x503500588 idx 0 fmt 1 regoff 0x0 n 5 (table contents not committed)
  load op 9f at 3140: addr 0x5034fdbe8 idx 0 fmt 1 regoff 0x0 n 19 (table contents not committed)
  load op 63 at 3145: addr 0x5034ff918 idx 0 fmt 1 regoff 0x0 n 12 (table contents not committed)
  load op 9f at 3268: addr 0xfe0040068 idx 0 fmt 1 regoff 0x0 n 921 (table contents not committed)
  load op 9f at 3275: addr 0x5034fdc80 idx 0 fmt 1 regoff 0x0 n 74 (table contents not committed)
  load op 63 at 3280: addr 0x908e5ff90 idx 0 fmt 1 regoff 0x0 n 6 (table contents not committed)
  load op 9f at 3285: addr 0x908e5ffc0 idx 0 fmt 1 regoff 0x0 n 10 (table contents not committed)
  load op 64 at 3290: addr 0x5035005b0 idx 0 fmt 1 regoff 0x0 n 5 (table contents not committed)
  load op 9f at 3329: addr 0x5034fded0 idx 0 fmt 1 regoff 0x0 n 166 (table contents not committed)
  load op 63 at 3334: addr 0x5034ff978 idx 0 fmt 1 regoff 0x0 n 30 (table contents not committed)
  load op 64 at 3430: addr 0x5035005d8 idx 0 fmt 1 regoff 0x0 n 5 (table contents not committed)
  load op 9f at 3437: addr 0x5034fc320 idx 0 fmt 1 regoff 0x0 n 135 (table contents not committed)
  load op 63 at 3675: addr 0x5034ffa68 idx 0 fmt 1 regoff 0x0 n 36 (table contents not committed)
  load op 64 at 4540: addr 0x503500600 idx 0 fmt 1 regoff 0x0 n 6 (table contents not committed)
  load op 9f at 4545: addr 0x5034fc758 idx 0 fmt 1 regoff 0x0 n 376 (table contents not committed)
  load op 9f at 4552: addr 0x5034fb118 idx 0 fmt 1 regoff 0x0 n 205 (table contents not committed)
  load op 9f at 4853: addr 0xfe0040068 idx 0 fmt 1 regoff 0x0 n 921 (table contents not committed)
  load op 9f at 4860: addr 0x5034fb780 idx 0 fmt 1 regoff 0x0 n 74 (table contents not committed)
  load op 63 at 4865: addr 0x908e5ff90 idx 0 fmt 1 regoff 0x0 n 6 (table contents not committed)
  load op 9f at 4870: addr 0x908e5ffc0 idx 0 fmt 1 regoff 0x0 n 10 (table contents not committed)
  load op 64 at 4875: addr 0x503500630 idx 0 fmt 1 regoff 0x0 n 5 (table contents not committed)
  load op 63 at 4914: addr 0x5034ffb88 idx 0 fmt 1 regoff 0x0 n 21 (table contents not committed)
  load op 9f at 4925: addr 0x5034fb9d0 idx 0 fmt 1 regoff 0x0 n 223 (table contents not committed)
  load op 63 at 5714: addr 0x5034ffc30 idx 0 fmt 1 regoff 0x0 n 10 (table contents not committed)
  load op 63 at 5831: addr 0x5034ffc80 idx 0 fmt 1 regoff 0x0 n 28 (table contents not committed)
  load op 64 at 5910: addr 0x503500658 idx 0 fmt 1 regoff 0x0 n 5 (table contents not committed)
  load op 9f at 5917: addr 0x5034f9e30 idx 0 fmt 1 regoff 0x0 n 67 (table contents not committed)
  load op 9f at 6045: addr 0x5034fa048 idx 0 fmt 1 regoff 0x0 n 121 (table contents not committed)
  load op 63 at 6050: addr 0x5034ffd60 idx 0 fmt 1 regoff 0x0 n 18 (table contents not committed)
  load op 64 at 6055: addr 0x503500680 idx 0 fmt 1 regoff 0x0 n 3 (table contents not committed)
  load op 9f at 6204: addr 0x5034fa410 idx 0 fmt 1 regoff 0x0 n 121 (table contents not committed)
  load op 63 at 6209: addr 0x5034ffdf0 idx 0 fmt 1 regoff 0x0 n 18 (table contents not committed)
  load op 64 at 6214: addr 0x503500698 idx 0 fmt 1 regoff 0x0 n 3 (table contents not committed)
  load op 63 at 6578: addr 0x5034ffe80 idx 0 fmt 1 regoff 0x0 n 10 (table contents not committed)
  load op 9f at 7058: addr 0x5034fa7d8 idx 0 fmt 1 regoff 0x0 n 195 (table contents not committed)
  load op 9f at 7063: addr 0x5034f8d80 idx 0 fmt 1 regoff 0x0 n 85 (table contents not committed)
  load op 63 at 7068: addr 0x5034ffed0 idx 0 fmt 1 regoff 0x0 n 18 (table contents not committed)
  load op 64 at 7073: addr 0x5035006b0 idx 0 fmt 1 regoff 0x0 n 3 (table contents not committed)
  load op 9f at 7186: addr 0x5034f9028 idx 0 fmt 1 regoff 0x0 n 129 (table contents not committed)
  load op 63 at 7191: addr 0x5034fff60 idx 0 fmt 1 regoff 0x0 n 18 (table contents not committed)
  load op 64 at 7196: addr 0x5035006c8 idx 0 fmt 1 regoff 0x0 n 3 (table contents not committed)
  load op 9f at 7309: addr 0x5034f9430 idx 0 fmt 1 regoff 0x0 n 129 (table contents not committed)
  load op 63 at 7314: addr 0x5034ffff0 idx 0 fmt 1 regoff 0x0 n 18 (table contents not committed)
  load op 64 at 7319: addr 0x5035006e0 idx 0 fmt 1 regoff 0x0 n 3 (table contents not committed)
  load op 9f at 7432: addr 0x5034f9838 idx 0 fmt 1 regoff 0x0 n 58 (table contents not committed)
  load op 9f at 7537: addr 0x5034f9a08 idx 0 fmt 1 regoff 0x0 n 66 (table contents not committed)
  load op 9f at 7642: addr 0x5034f9c18 idx 0 fmt 1 regoff 0x0 n 37 (table contents not committed)
  load op 9f at 7647: addr 0x5034f7300 idx 0 fmt 1 regoff 0x0 n 21 (table contents not committed)
  load op 9f at 7752: addr 0x5034f73a8 idx 0 fmt 1 regoff 0x0 n 66 (table contents not committed)
  load op 9f at 7857: addr 0x5034f75b8 idx 0 fmt 1 regoff 0x0 n 58 (table contents not committed)
  load op 9f at 7962: addr 0x5034f7788 idx 0 fmt 1 regoff 0x0 n 130 (table contents not committed)
  load op 63 at 7967: addr 0x503500080 idx 0 fmt 1 regoff 0x0 n 18 (table contents not committed)
  load op 64 at 7972: addr 0x5035006f8 idx 0 fmt 1 regoff 0x0 n 3 (table contents not committed)
  load op 9f at 8099: addr 0x5034f7b98 idx 0 fmt 1 regoff 0x0 n 135 (table contents not committed)
  load op 63 at 8104: addr 0x503500110 idx 0 fmt 1 regoff 0x0 n 18 (table contents not committed)
  load op 64 at 8109: addr 0x503500710 idx 0 fmt 1 regoff 0x0 n 3 (table contents not committed)
  load op 63 at 8687: addr 0x5035001a0 idx 0 fmt 1 regoff 0x0 n 28 (table contents not committed)
  load op 64 at 9264: addr 0x503500728 idx 0 fmt 1 regoff 0x0 n 5 (table contents not committed)
  load op 9f at 9269: addr 0x5034f7fd0 idx 0 fmt 1 regoff 0x0 n 97 (table contents not committed)
  load op 9f at 9276: addr 0x5034f5868 idx 0 fmt 1 regoff 0x0 n 183 (table contents not committed)
submit #229 dcb 9774 dwords at 0x502e02500: pass 651 rewrite 493 drop 432 unmapped 1 cc 8 mappings 1087 ... OK rc 0 20.05 ms
state stack #229: push 4 pop 4 conditional 1 unmatched 0; restored 3684 regs (+3748 dwords); tables 40, unreadable 0
pipestat #229 (9774 dwords): ia_verts 575 ia_prims 533 vs 575 gs_inv 533 gs_prims 0 c_inv 192 c_prims 92 ps 36588912 cs 6777857
map 0x335388000 +0x50000 ... ok
map 0x100d380000 +0x50000 ... ok
swapped pages taken as resident so far: 0
vmas 108 total 13075.0 MiB resident 3356.6 MiB mapped 3356.7 MiB
submit #230 acb 2 dwords at 0xfe003a200: pass 1 rewrite 0 drop 0 unmapped 0 cc 0 mappings 1089 ... OK rc 0 17.69 ms
cpu-wait WAIT_REG_MEM64 at 0 on 0x400203b80: satisfied after 0.0 ms
map 0x3353d8000 +0x30000 ... ok
swapped pages taken as resident so far: 0
vmas 108 total 13075.0 MiB resident 3356.8 MiB mapped 3356.9 MiB
submit #231 cc 3 dwords at 0x313b17cf4: pass 0 rewrite 1 drop 0 unmapped 0 cc 1 mappings 1090 ... OK rc 0 17.17 ms
submit #232 acb 49 dwords at 0x400346a5c: pass 2 rewrite 3 drop 3 unmapped 0 cc 0 mappings 1090 ... OK rc 0 17.19 ms
map 0x335408000 +0x20000 ... ok
map 0x335428000 +0x10000 ... ok
map 0x100d3d0000 +0x110000 ... ok
map 0x10ca3a0000 +0x40000 ... ok
map 0x111a2c0000 +0x630000 ... ok
swapped pages taken as resident so far: 0
vmas 108 total 13075.0 MiB resident 3364.5 MiB mapped 3364.5 MiB
  load op 61 at 10: base 0xfe0008000 pairs (0x0,215) (0xd8,272) (0x1f5,4) (0x1ff,158) (0x2a0,2) (0x2a3,1) (0x2a5,66) (0x2f5,203)
  load op 5f at 29: base 0xfe0010000 pairs (0x1,1) (0x6,38) (0x32,4) (0x80,4) (0x87,37) (0xb2,4) (0xc8,2) (0x100,4) (0x107,37) (0x132,4) (0x148,2) (0x204,3) (0x20c,2) (0x212,2) (0x215,6) (0x224,5) (0x22a,1) (0x240,16) (0x27d,1) (0x280,1) (0x207,3)
  load op 5e at 74: base 0xfe0011000 pairs (0x35,8) (0xa2,1) (0x242,1) (0x248,1) (0x24a,2) (0x25b,6) (0x262,1) (0x2bb,5) (0x2c4,16) (0x2e4,8) (0x380,2) (0x383,2) (0x41d,3) (0x24d,1)
  load op 61 at 105: base 0xfe0008000 pairs (0x0,0)
  load op 5f at 110: base 0xfe0010000 pairs (0x0,0)
  load op 5e at 115: base 0xfe0011000 pairs (0x0,0)
  load op 61 at 125: base 0xfe0008000 pairs (0x0,0)
  load op 5f at 130: base 0xfe0010000 pairs (0x0,0)
  load op 5e at 135: base 0xfe0011000 pairs (0x0,0)
submit #233 hib 150 dwords at 0xfe0000000: pass 12 rewrite 2 drop 2 unmapped 0 cc 2 mappings 1095 ... OK rc 0 17.59 ms
map 0x302230000 +0x10000 ... ok
map 0x335438000 +0x160000 ... ok
map 0x335598000 +0x40000 ... ok
map 0x3355d8000 +0x10000 ... ok
map 0x500980000 +0x10000 ... ok
map 0x100d4e0000 +0xab0000 ... ok
map 0x111a8f0000 +0x680000 ... ok
map 0x111af70000 +0x1e0000 ... ok
swapped pages taken as resident so far: 0
vmas 108 total 13075.0 MiB resident 3385.1 MiB mapped 3385.4 MiB
submit #234 hib 2 dwords at 0xfe003a200: pass 1 rewrite 0 drop 0 unmapped 0 cc 0 mappings 1103 ... OK rc 0 17.55 ms
map 0x3355e8000 +0x20000 ... ok
map 0x100df90000 +0x450000 ... ok
map 0x111b150000 +0xc0000 ... ok
swapped pages taken as resident so far: 0
vmas 108 total 13075.0 MiB resident 3390.5 MiB mapped 3390.6 MiB
  load op 9f at 38: addr 0xfe0040068 idx 0 fmt 1 regoff 0x0 n 921 (table contents not committed)
  load op 63 at 43: addr 0xfe0042068 idx 0 fmt 1 regoff 0x0 n 174 (table contents not committed)
  load op 64 at 48: addr 0xfe00425d8 idx 0 fmt 1 regoff 0x0 n 49 (table contents not committed)
submit #235 dcb 96 dwords at 0xfe0042920: pass 20 rewrite 2 drop 2 unmapped 0 cc 0 mappings 1106 ... OK rc 0 17.35 ms
map 0x301b10000 +0x50000 ... ok
map 0x335608000 +0xb0000 ... ok
map 0x4036e0000 +0x320000 ... ok
map 0x100e3e0000 +0x50000 ... ok
map 0x10ca3e0000 +0x20000 ... ok
map 0x111b210000 +0x560000 ... ok
swapped pages taken as resident so far: 0
vmas 108 total 13075.0 MiB resident 3400.4 MiB mapped 3400.5 MiB
  load op 9f at 36: addr 0xfe0040068 idx 0 fmt 1 regoff 0x0 n 921 (table contents not committed)
  load op 63 at 41: addr 0xfe0042068 idx 0 fmt 1 regoff 0x0 n 174 (table contents not committed)
  load op 64 at 46: addr 0xfe00425d8 idx 0 fmt 1 regoff 0x0 n 57 (table contents not committed)
  load op 9f at 88: addr 0x503c01500 idx 0 fmt 1 regoff 0x0 n 136 (table contents not committed)
  load op 64 at 93: addr 0x503c00500 idx 0 fmt 1 regoff 0x0 n 3 (table contents not committed)
  load op 63 at 98: addr 0x503bff500 idx 0 fmt 1 regoff 0x0 n 3 (table contents not committed)
  load op 9f at 1541: addr 0xfe0040068 idx 0 fmt 1 regoff 0x0 n 921 (table contents not committed)
  load op 9f at 1548: addr 0x503c01940 idx 0 fmt 1 regoff 0x0 n 70 (table contents not committed)
  load op 63 at 1553: addr 0x908e5ff90 idx 0 fmt 1 regoff 0x0 n 6 (table contents not committed)
  load op 9f at 1558: addr 0x908e5ffc0 idx 0 fmt 1 regoff 0x0 n 10 (table contents not committed)
  load op 63 at 1563: addr 0x908e5f7d0 idx 0 fmt 1 regoff 0x0 n 6 (table contents not committed)
  load op 9f at 1568: addr 0x908e5f800 idx 0 fmt 1 regoff 0x0 n 9 (table contents not committed)
  load op 64 at 1573: addr 0x503c00518 idx 0 fmt 1 regoff 0x0 n 5 (table contents not committed)
  load op 9f at 1691: addr 0x503c01b70 idx 0 fmt 1 regoff 0x0 n 131 (table contents not committed)
  load op 64 at 1698: addr 0x503c00540 idx 0 fmt 1 regoff 0x0 n 1 (table contents not committed)
  load op 9f at 1730: addr 0xfe0040068 idx 0 fmt 1 regoff 0x0 n 921 (table contents not committed)
  load op 9f at 1737: addr 0x503c01f88 idx 0 fmt 1 regoff 0x0 n 70 (table contents not committed)
  load op 63 at 1742: addr 0x908e5ff90 idx 0 fmt 1 regoff 0x0 n 6 (table contents not committed)
  load op 9f at 1747: addr 0x908e5ffc0 idx 0 fmt 1 regoff 0x0 n 10 (table contents not committed)
  load op 63 at 1752: addr 0x908e5f7d0 idx 0 fmt 1 regoff 0x0 n 6 (table contents not committed)
  load op 9f at 1757: addr 0x908e5f800 idx 0 fmt 1 regoff 0x0 n 9 (table contents not committed)
  load op 64 at 1762: addr 0x503c00548 idx 0 fmt 1 regoff 0x0 n 5 (table contents not committed)
  load op 63 at 1858: addr 0x503bff518 idx 0 fmt 1 regoff 0x0 n 10 (table contents not committed)
  load op 63 at 2049: addr 0x503bff568 idx 0 fmt 1 regoff 0x0 n 28 (table contents not committed)
  load op 64 at 2123: addr 0x503c00570 idx 0 fmt 1 regoff 0x0 n 5 (table contents not committed)
  load op 9f at 2130: addr 0x503c021b8 idx 0 fmt 1 regoff 0x0 n 96 (table contents not committed)
  load op 9f at 2135: addr 0x503bfe390 idx 0 fmt 1 regoff 0x0 n 194 (table contents not committed)
submit #236 dcb 2647 dwords at 0x503502500: pass 236 rewrite 123 drop 120 unmapped 0 cc 4 mappings 1112 ... OK rc 0 17.78 ms
state stack #236: push 2 pop 2 conditional 1 unmatched 0; restored 1842 regs (+1874 dwords); tables 13, unreadable 0
pipestat #236 (2647 dwords): ia_verts 9 ia_prims 3 vs 9 gs_inv 3 gs_prims 0 c_inv 3 c_prims 3 ps 3326976 cs 1339648
  load op 9f at 38: addr 0xfe0040068 idx 0 fmt 1 regoff 0x0 n 921 (table contents not committed)
  load op 63 at 43: addr 0xfe0042068 idx 0 fmt 1 regoff 0x0 n 174 (table contents not committed)
  load op 64 at 48: addr 0xfe00425d8 idx 0 fmt 1 regoff 0x0 n 57 (table contents not committed)
  load op 9f at 90: addr 0x505a01500 idx 0 fmt 1 regoff 0x0 n 5 (table contents not committed)
  load op 64 at 95: addr 0x505a00500 idx 0 fmt 1 regoff 0x0 n 2 (table contents not committed)
  load op 63 at 100: addr 0x5059ff500 idx 0 fmt 1 regoff 0x0 n 3 (table contents not committed)
submit #237 dcb 851 dwords at 0x505602500: pass 47 rewrite 55 drop 45 unmapped 0 cc 0 mappings 1112 ... OK rc 0 17.36 ms
pipestat #237 (851 dwords): ia_verts 0 ia_prims 0 vs 0 gs_inv 0 gs_prims 0 c_inv 0 c_prims 0 ps 0 cs 122880
submit #238 acb 2 dwords at 0xfe003a200: pass 1 rewrite 0 drop 0 unmapped 0 cc 0 mappings 1112 ... OK rc 0 17.30 ms
cpu-wait WAIT_REG_MEM64 at 87 on 0x400201a40: satisfied after 0.0 ms
  load op 9f at 35: addr 0xfe0040068 idx 0 fmt 1 regoff 0x0 n 921 (table contents not committed)
  load op 63 at 40: addr 0xfe0042068 idx 0 fmt 1 regoff 0x0 n 174 (table contents not committed)
  load op 64 at 45: addr 0xfe00425d8 idx 0 fmt 1 regoff 0x0 n 57 (table contents not committed)
  load op 9f at 87: addr 0x506801500 idx 0 fmt 1 regoff 0x0 n 136 (table contents not committed)
  load op 64 at 92: addr 0x506800500 idx 0 fmt 1 regoff 0x0 n 3 (table contents not committed)
  load op 63 at 97: addr 0x5067ff500 idx 0 fmt 1 regoff 0x0 n 3 (table contents not committed)
  load op 9f at 212: addr 0xfe0040068 idx 0 fmt 1 regoff 0x0 n 921 (table contents not committed)
  load op 9f at 219: addr 0x506801940 idx 0 fmt 1 regoff 0x0 n 70 (table contents not committed)
  load op 63 at 224: addr 0x908e5ff90 idx 0 fmt 1 regoff 0x0 n 6 (table contents not committed)
  load op 9f at 229: addr 0x908e5ffc0 idx 0 fmt 1 regoff 0x0 n 10 (table contents not committed)
  load op 63 at 234: addr 0x908e5f7d0 idx 0 fmt 1 regoff 0x0 n 6 (table contents not committed)
  load op 9f at 239: addr 0x908e5f800 idx 0 fmt 1 regoff 0x0 n 9 (table contents not committed)
  load op 64 at 244: addr 0x506800518 idx 0 fmt 1 regoff 0x0 n 5 (table contents not committed)
  load op 9f at 340: addr 0x506801b70 idx 0 fmt 1 regoff 0x0 n 131 (table contents not committed)
  load op 64 at 347: addr 0x506800540 idx 0 fmt 1 regoff 0x0 n 1 (table contents not committed)
  load op 9f at 379: addr 0xfe0040068 idx 0 fmt 1 regoff 0x0 n 921 (table contents not committed)
  load op 9f at 386: addr 0x506801f88 idx 0 fmt 1 regoff 0x0 n 70 (table contents not committed)
  load op 63 at 391: addr 0x908e5ff90 idx 0 fmt 1 regoff 0x0 n 6 (table contents not committed)
  load op 9f at 396: addr 0x908e5ffc0 idx 0 fmt 1 regoff 0x0 n 10 (table contents not committed)
  load op 63 at 401: addr 0x908e5f7d0 idx 0 fmt 1 regoff 0x0 n 6 (table contents not committed)
  load op 9f at 406: addr 0x908e5f800 idx 0 fmt 1 regoff 0x0 n 9 (table contents not committed)
  load op 64 at 411: addr 0x506800548 idx 0 fmt 1 regoff 0x0 n 5 (table contents not committed)
  load op 9f at 548: addr 0x5068021b8 idx 0 fmt 1 regoff 0x0 n 98 (table contents not committed)
  load op 64 at 555: addr 0x506800570 idx 0 fmt 1 regoff 0x0 n 1 (table contents not committed)
  load op 9f at 560: addr 0x5067fe500 idx 0 fmt 1 regoff 0x0 n 33 (table contents not committed)
  load op 9f at 592: addr 0xfe0040068 idx 0 fmt 1 regoff 0x0 n 921 (table contents not committed)
  load op 9f at 599: addr 0x5067fe608 idx 0 fmt 1 regoff 0x0 n 70 (table contents not committed)
  load op 63 at 604: addr 0x908e5ff90 idx 0 fmt 1 regoff 0x0 n 6 (table contents not committed)
  load op 9f at 609: addr 0x908e5ffc0 idx 0 fmt 1 regoff 0x0 n 10 (table contents not committed)
  load op 63 at 614: addr 0x908e5f7d0 idx 0 fmt 1 regoff 0x0 n 6 (table contents not committed)
  load op 9f at 619: addr 0x908e5f800 idx 0 fmt 1 regoff 0x0 n 9 (table contents not committed)
  load op 64 at 624: addr 0x506800578 idx 0 fmt 1 regoff 0x0 n 5 (table contents not committed)
submit #239 dcb 798 dwords at 0x506202500: pass 103 rewrite 35 drop 22 unmapped 0 cc 6 mappings 1112 ... OK rc 0 18.32 ms
state stack #239: push 3 pop 3 conditional 1 unmatched 0; restored 2763 regs (+2811 dwords); tables 17, unreadable 0
pipestat #239 (798 dwords): ia_verts 9 ia_prims 3 vs 9 gs_inv 3 gs_prims 0 c_inv 3 c_prims 3 ps 0 cs 0
submit #240 acb 463 dwords at 0x4003e6740: pass 43 rewrite 11 drop 27 unmapped 0 cc 0 mappings 1112 ... OK rc 0 17.60 ms
acb head: 1287 of 1336 dwords go ahead of the wait at 1287 on 0x400202380
  load op 9f at 36: addr 0xfe0040068 idx 0 fmt 1 regoff 0x0 n 921 (table contents not committed)
  load op 63 at 41: addr 0xfe0042068 idx 0 fmt 1 regoff 0x0 n 174 (table contents not committed)
  load op 64 at 46: addr 0xfe00425d8 idx 0 fmt 1 regoff 0x0 n 57 (table contents not committed)
  load op 9f at 88: addr 0x504e01500 idx 0 fmt 1 regoff 0x0 n 5 (table contents not committed)
  load op 64 at 93: addr 0x504e00500 idx 0 fmt 1 regoff 0x0 n 2 (table contents not committed)
  load op 63 at 98: addr 0x504dff500 idx 0 fmt 1 regoff 0x0 n 3 (table contents not committed)
  load op 9f at 756: addr 0xfe0040068 idx 0 fmt 1 regoff 0x0 n 921 (table contents not committed)
  load op 9f at 763: addr 0x504e01528 idx 0 fmt 1 regoff 0x0 n 74 (table contents not committed)
  load op 63 at 768: addr 0x908e5ff90 idx 0 fmt 1 regoff 0x0 n 6 (table contents not committed)
  load op 9f at 773: addr 0x908e5ffc0 idx 0 fmt 1 regoff 0x0 n 10 (table contents not committed)
  load op 64 at 778: addr 0x504e00510 idx 0 fmt 1 regoff 0x0 n 5 (table contents not committed)
  load op 9f at 901: addr 0xfe0040068 idx 0 fmt 1 regoff 0x0 n 921 (table contents not committed)
  load op 9f at 908: addr 0x504e01778 idx 0 fmt 1 regoff 0x0 n 74 (table contents not committed)
  load op 63 at 913: addr 0x908e5ff90 idx 0 fmt 1 regoff 0x0 n 6 (table contents not committed)
  load op 9f at 918: addr 0x908e5ffc0 idx 0 fmt 1 regoff 0x0 n 10 (table contents not committed)
  load op 64 at 923: addr 0x504e00538 idx 0 fmt 1 regoff 0x0 n 5 (table contents not committed)
  load op 9f at 1046: addr 0xfe0040068 idx 0 fmt 1 regoff 0x0 n 921 (table contents not committed)
  load op 9f at 1053: addr 0x504e019c8 idx 0 fmt 1 regoff 0x0 n 74 (table contents not committed)
  load op 63 at 1058: addr 0x908e5ff90 idx 0 fmt 1 regoff 0x0 n 6 (table contents not committed)
  load op 9f at 1063: addr 0x908e5ffc0 idx 0 fmt 1 regoff 0x0 n 10 (table contents not committed)
  load op 64 at 1068: addr 0x504e00560 idx 0 fmt 1 regoff 0x0 n 5 (table contents not committed)
submit #241 dcb 1248 dwords at 0x504a02500: pass 151 rewrite 46 drop 45 unmapped 0 cc 6 mappings 1112 ... OK rc 0 17.77 ms
state stack #241: push 3 pop 3 conditional 1 unmatched 0; restored 2763 regs (+2811 dwords); tables 11, unreadable 0
pipestat #241 (1248 dwords): ia_verts 9 ia_prims 3 vs 9 gs_inv 3 gs_prims 0 c_inv 3 c_prims 3 ps 0 cs 36864
flip 1/0 buffer 0x507410000 +0x1fe0000: sum 0x17ea65194594 nonzero 8100/8160 pattern 0
  target CB0 0x5093f0000: distinct 53 min 0xc0000000 max 0xc340d034,   target CB0 0x5093f0000: nonzero 1024/1024
  target CB0 0x563800000: distinct 1 min 0x00000000 max 0x00000000,   target CB0 0x563800000: nonzero 0/1024
  target CB0 0x55c00d000: distinct 4 min 0x00000000 max 0xffffffff,   target CB0 0x55c00d000: nonzero 147/1024
  target CB0 0x5637f0000: distinct 1 min 0x00000000 max 0x00000000,   target CB0 0x5637f0000: nonzero 0/1024
  target CB0 0x519df0000: distinct 1 min 0x38003800 max 0x38003800,   target CB0 0x519df0000: nonzero 1024/1024
  target CB0 0x570a99000: distinct 8 min 0x00000000 max 0xffffffff,   target CB0 0x570a99000: nonzero 85/1024
  target DB_HTILE 0x516870000: distinct 3 min 0x00000000 max 0xfffffff0,   target DB_HTILE 0x516870000: nonzero 80/1024
  target DB_Z_READ 0x5157a0000: distinct 1 min 0x3f800000 max 0x3f800000,   target DB_Z_READ 0x5157a0000: nonzero 1024/1024
  target DB_STENCIL_READ 0x5164b0000: distinct 3 min 0x00000000 max 0xfffffff0,   target DB_STENCIL_READ 0x5164b0000: nonzero 881/1024
  target CB0 0x511650000: distinct 1 min 0x00000000 max 0x00000000,   target CB0 0x511650000: nonzero 0/1024
  target CB0 0x570a3c000: distinct 9 min 0x00000000 max 0xffffffff,   target CB0 0x570a3c000: nonzero 133/1024
  target CB0 0x570a45000: distinct 9 min 0x00000000 max 0xffffffff,   target CB0 0x570a45000: nonzero 124/1024
  target CB0 0x513d80000: distinct 1 min 0x00000000 max 0x00000000,   target CB0 0x513d80000: nonzero 0/1024
  target CB0 0x570a72000: distinct 8 min 0x00000000 max 0xffffffff,   target CB0 0x570a72000: nonzero 94/1024
  target DB_HTILE 0x55c050000: distinct 3 min 0x00000000 max 0xffffffff,   target DB_HTILE 0x55c050000: nonzero 144/1024
  target DB_Z_READ 0x527430000: distinct 1 min 0xffffffff max 0xffffffff,   target DB_Z_READ 0x527430000: nonzero 1024/1024
submit #242 acb 1287 dwords at 0x400205540: pass 118 rewrite 35 drop 63 unmapped 0 cc 0 mappings 1112 ... OK rc 0 18.39 ms
cpu-wait WAIT_REG_MEM64 at 115 on 0x400201d40: satisfied after 0.0 ms
cpu-wait WAIT_REG_MEM64 at 1629 on 0x400201840: satisfied after 0.0 ms
cpu-wait WAIT_REG_MEM64 at 9223 on 0x55d4d00b6e60: satisfied after 0.0 ms
  indirect op 16 at 1246: base 0x5074063c0 +0x0 -> 1 1 1 0 0
  indirect op 16 at 1278: base 0x5074063e0 +0x0 -> 1 1 1 0 0
  indirect op 16 at 1310: base 0x50740a520 +0x0 -> 1 1 1 0 0
  indirect op 16 at 1342: base 0x50740a540 +0x0 -> 1 1 1 0 0
  indirect op 25 at 4584: base 0x56ddaffa0 +0x0 -> 1 512 0 0 0
  load op 9f at 28: addr 0xfe0040068 idx 0 fmt 1 regoff 0x0 n 921 (table contents not committed)
  load op 63 at 33: addr 0xfe0042068 idx 0 fmt 1 regoff 0x0 n 174 (table contents not committed)
  load op 64 at 38: addr 0xfe00425d8 idx 0 fmt 1 regoff 0x0 n 57 (table contents not committed)
  load op 9f at 80: addr 0x502701500 idx 0 fmt 1 regoff 0x0 n 295 (table contents not committed)
  load op 64 at 85: addr 0x502700500 idx 0 fmt 1 regoff 0x0 n 7 (table contents not committed)
  load op 63 at 90: addr 0x5026ff500 idx 0 fmt 1 regoff 0x0 n 13 (table contents not committed)
  load op 63 at 342: addr 0x5026ff568 idx 0 fmt 1 regoff 0x0 n 10 (table contents not committed)
  load op 63 at 734: addr 0x5026ff5b8 idx 0 fmt 1 regoff 0x0 n 18 (table contents not committed)
  load op 63 at 1217: addr 0x5026ff648 idx 0 fmt 1 regoff 0x0 n 10 (table contents not committed)
  load op 63 at 1249: addr 0x5026ff698 idx 0 fmt 1 regoff 0x0 n 10 (table contents not committed)
  load op 63 at 1281: addr 0x5026ff6e8 idx 0 fmt 1 regoff 0x0 n 10 (table contents not committed)
  load op 63 at 1313: addr 0x5026ff738 idx 0 fmt 1 regoff 0x0 n 10 (table contents not committed)
  load op 9f at 1724: addr 0xfe0040068 idx 0 fmt 1 regoff 0x0 n 921 (table contents not committed)
  load op 9f at 1731: addr 0x502701e38 idx 0 fmt 1 regoff 0x0 n 74 (table contents not committed)
  load op 63 at 1736: addr 0x908e5ff90 idx 0 fmt 1 regoff 0x0 n 6 (table contents not committed)
  load op 9f at 1741: addr 0x908e5ffc0 idx 0 fmt 1 regoff 0x0 n 10 (table contents not committed)
  load op 64 at 1746: addr 0x502700538 idx 0 fmt 1 regoff 0x0 n 5 (table contents not committed)
  load op 9f at 1799: addr 0x502702088 idx 0 fmt 1 regoff 0x0 n 132 (table contents not committed)
  load op 63 at 1804: addr 0x5026ff788 idx 0 fmt 1 regoff 0x0 n 30 (table contents not committed)
  load op 64 at 1884: addr 0x502700560 idx 0 fmt 1 regoff 0x0 n 5 (table contents not committed)
  load op 9f at 1891: addr 0x5026fd440 idx 0 fmt 1 regoff 0x0 n 175 (table contents not committed)
  load op 63 at 2106: addr 0x5026ff878 idx 0 fmt 1 regoff 0x0 n 20 (table contents not committed)
  load op 9f at 3069: addr 0xfe0040068 idx 0 fmt 1 regoff 0x0 n 921 (table contents not committed)
  load op 9f at 3076: addr 0x5026fd9b8 idx 0 fmt 1 regoff 0x0 n 70 (table contents not committed)
  load op 63 at 3081: addr 0x908e5ff90 idx 0 fmt 1 regoff 0x0 n 6 (table contents not committed)
  load op 9f at 3086: addr 0x908e5ffc0 idx 0 fmt 1 regoff 0x0 n 10 (table contents not committed)
  load op 63 at 3091: addr 0x908e5f7d0 idx 0 fmt 1 regoff 0x0 n 6 (table contents not committed)
  load op 9f at 3096: addr 0x908e5f800 idx 0 fmt 1 regoff 0x0 n 9 (table contents not committed)
  load op 64 at 3101: addr 0x502700588 idx 0 fmt 1 regoff 0x0 n 5 (table contents not committed)
  load op 9f at 3140: addr 0x5026fdbe8 idx 0 fmt 1 regoff 0x0 n 19 (table contents not committed)
  load op 63 at 3145: addr 0x5026ff918 idx 0 fmt 1 regoff 0x0 n 12 (table contents not committed)
  load op 9f at 3268: addr 0xfe0040068 idx 0 fmt 1 regoff 0x0 n 921 (table contents not committed)
  load op 9f at 3275: addr 0x5026fdc80 idx 0 fmt 1 regoff 0x0 n 74 (table contents not committed)
  load op 63 at 3280: addr 0x908e5ff90 idx 0 fmt 1 regoff 0x0 n 6 (table contents not committed)
  load op 9f at 3285: addr 0x908e5ffc0 idx 0 fmt 1 regoff 0x0 n 10 (table contents not committed)
  load op 64 at 3290: addr 0x5027005b0 idx 0 fmt 1 regoff 0x0 n 5 (table contents not committed)
  load op 9f at 3329: addr 0x5026fded0 idx 0 fmt 1 regoff 0x0 n 166 (table contents not committed)
  load op 63 at 3334: addr 0x5026ff978 idx 0 fmt 1 regoff 0x0 n 30 (table contents not committed)
  load op 64 at 3430: addr 0x5027005d8 idx 0 fmt 1 regoff 0x0 n 5 (table contents not committed)
  load op 9f at 3437: addr 0x5026fc320 idx 0 fmt 1 regoff 0x0 n 135 (table contents not committed)
  load op 63 at 3675: addr 0x5026ffa68 idx 0 fmt 1 regoff 0x0 n 36 (table contents not committed)
  load op 64 at 4540: addr 0x502700600 idx 0 fmt 1 regoff 0x0 n 6 (table contents not committed)
  load op 9f at 4545: addr 0x5026fc758 idx 0 fmt 1 regoff 0x0 n 376 (table contents not committed)
  load op 9f at 4552: addr 0x5026fb118 idx 0 fmt 1 regoff 0x0 n 205 (table contents not committed)
  load op 9f at 4853: addr 0xfe0040068 idx 0 fmt 1 regoff 0x0 n 921 (table contents not committed)
  load op 9f at 4860: addr 0x5026fb780 idx 0 fmt 1 regoff 0x0 n 74 (table contents not committed)
  load op 63 at 4865: addr 0x908e5ff90 idx 0 fmt 1 regoff 0x0 n 6 (table contents not committed)
  load op 9f at 4870: addr 0x908e5ffc0 idx 0 fmt 1 regoff 0x0 n 10 (table contents not committed)
  load op 64 at 4875: addr 0x502700630 idx 0 fmt 1 regoff 0x0 n 5 (table contents not committed)
  load op 63 at 4914: addr 0x5026ffb88 idx 0 fmt 1 regoff 0x0 n 21 (table contents not committed)
  load op 9f at 4925: addr 0x5026fb9d0 idx 0 fmt 1 regoff 0x0 n 223 (table contents not committed)
  load op 63 at 5714: addr 0x5026ffc30 idx 0 fmt 1 regoff 0x0 n 10 (table contents not committed)
  load op 63 at 5831: addr 0x5026ffc80 idx 0 fmt 1 regoff 0x0 n 28 (table contents not committed)
  load op 64 at 5910: addr 0x502700658 idx 0 fmt 1 regoff 0x0 n 5 (table contents not committed)
  load op 9f at 5917: addr 0x5026f9e30 idx 0 fmt 1 regoff 0x0 n 67 (table contents not committed)
  load op 9f at 6045: addr 0x5026fa048 idx 0 fmt 1 regoff 0x0 n 121 (table contents not committed)
  load op 63 at 6050: addr 0x5026ffd60 idx 0 fmt 1 regoff 0x0 n 18 (table contents not committed)
  load op 64 at 6055: addr 0x502700680 idx 0 fmt 1 regoff 0x0 n 3 (table contents not committed)
  load op 9f at 6204: addr 0x5026fa410 idx 0 fmt 1 regoff 0x0 n 121 (table contents not committed)
  load op 63 at 6209: addr 0x5026ffdf0 idx 0 fmt 1 regoff 0x0 n 18 (table contents not committed)
  load op 64 at 6214: addr 0x502700698 idx 0 fmt 1 regoff 0x0 n 3 (table contents not committed)
  load op 63 at 6578: addr 0x5026ffe80 idx 0 fmt 1 regoff 0x0 n 10 (table contents not committed)
  load op 9f at 7058: addr 0x5026fa7d8 idx 0 fmt 1 regoff 0x0 n 195 (table contents not committed)
  load op 9f at 7063: addr 0x5026f8d80 idx 0 fmt 1 regoff 0x0 n 85 (table contents not committed)
  load op 63 at 7068: addr 0x5026ffed0 idx 0 fmt 1 regoff 0x0 n 18 (table contents not committed)
  load op 64 at 7073: addr 0x5027006b0 idx 0 fmt 1 regoff 0x0 n 3 (table contents not committed)
  load op 9f at 7186: addr 0x5026f9028 idx 0 fmt 1 regoff 0x0 n 129 (table contents not committed)
  load op 63 at 7191: addr 0x5026fff60 idx 0 fmt 1 regoff 0x0 n 18 (table contents not committed)
  load op 64 at 7196: addr 0x5027006c8 idx 0 fmt 1 regoff 0x0 n 3 (table contents not committed)
  load op 9f at 7309: addr 0x5026f9430 idx 0 fmt 1 regoff 0x0 n 129 (table contents not committed)
  load op 63 at 7314: addr 0x5026ffff0 idx 0 fmt 1 regoff 0x0 n 18 (table contents not committed)
  load op 64 at 7319: addr 0x5027006e0 idx 0 fmt 1 regoff 0x0 n 3 (table contents not committed)
  load op 9f at 7432: addr 0x5026f9838 idx 0 fmt 1 regoff 0x0 n 58 (table contents not committed)
  load op 9f at 7537: addr 0x5026f9a08 idx 0 fmt 1 regoff 0x0 n 66 (table contents not committed)
  load op 9f at 7642: addr 0x5026f9c18 idx 0 fmt 1 regoff 0x0 n 37 (table contents not committed)
  load op 9f at 7647: addr 0x5026f7300 idx 0 fmt 1 regoff 0x0 n 21 (table contents not committed)
  load op 9f at 7752: addr 0x5026f73a8 idx 0 fmt 1 regoff 0x0 n 66 (table contents not committed)
  load op 9f at 7857: addr 0x5026f75b8 idx 0 fmt 1 regoff 0x0 n 58 (table contents not committed)
  load op 9f at 7962: addr 0x5026f7788 idx 0 fmt 1 regoff 0x0 n 130 (table contents not committed)
  load op 63 at 7967: addr 0x502700080 idx 0 fmt 1 regoff 0x0 n 18 (table contents not committed)
  load op 64 at 7972: addr 0x5027006f8 idx 0 fmt 1 regoff 0x0 n 3 (table contents not committed)
  load op 9f at 8099: addr 0x5026f7b98 idx 0 fmt 1 regoff 0x0 n 135 (table contents not committed)
  load op 63 at 8104: addr 0x502700110 idx 0 fmt 1 regoff 0x0 n 18 (table contents not committed)
  load op 64 at 8109: addr 0x502700710 idx 0 fmt 1 regoff 0x0 n 3 (table contents not committed)
  load op 63 at 8687: addr 0x5027001a0 idx 0 fmt 1 regoff 0x0 n 28 (table contents not committed)
  load op 64 at 9264: addr 0x502700728 idx 0 fmt 1 regoff 0x0 n 5 (table contents not committed)
  load op 9f at 9269: addr 0x5026f7fd0 idx 0 fmt 1 regoff 0x0 n 97 (table contents not committed)
  load op 9f at 9276: addr 0x5026f5868 idx 0 fmt 1 regoff 0x0 n 183 (table contents not committed)
submit #243 dcb 9774 dwords at 0x502002500: pass 651 rewrite 493 drop 432 unmapped 1 cc 8 mappings 1112 ... OK rc 0 19.99 ms
state stack #243: push 4 pop 4 conditional 1 unmatched 0; restored 3684 regs (+3748 dwords); tables 40, unreadable 0
pipestat #243 (9774 dwords): ia_verts 575 ia_prims 533 vs 575 gs_inv 533 gs_prims 0 c_inv 192 c_prims 92 ps 36588912 cs 6777857
map 0x301078000 +0x10000 ... ok
map 0x304200000 +0x10000 ... ok
swapped pages taken as resident so far: 0
vmas 108 total 13075.0 MiB resident 3400.6 MiB mapped 3400.7 MiB
submit #244 acb 2 dwords at 0xfe003a200: pass 1 rewrite 0 drop 0 unmapped 0 cc 0 mappings 1114 ... OK rc 0 17.67 ms
cpu-wait WAIT_REG_MEM64 at 0 on 0x400202380: satisfied after 0.0 ms
submit #245 cc 3 dwords at 0x313b17cf4: pass 0 rewrite 1 drop 0 unmapped 0 cc 1 mappings 1114 ... OK rc 0 17.31 ms
submit #246 acb 49 dwords at 0x40020695c: pass 2 rewrite 3 drop 3 unmapped 0 cc 0 mappings 1114 ... OK rc 0 17.37 ms
  load op 61 at 10: base 0xfe0008000 pairs (0x0,215) (0xd8,272) (0x1f5,4) (0x1ff,158) (0x2a0,2) (0x2a3,1) (0x2a5,66) (0x2f5,203)
  load op 5f at 29: base 0xfe0010000 pairs (0x1,1) (0x6,38) (0x32,4) (0x80,4) (0x87,37) (0xb2,4) (0xc8,2) (0x100,4) (0x107,37) (0x132,4) (0x148,2) (0x204,3) (0x20c,2) (0x212,2) (0x215,6) (0x224,5) (0x22a,1) (0x240,16) (0x27d,1) (0x280,1) (0x207,3)
  load op 5e at 74: base 0xfe0011000 pairs (0x35,8) (0xa2,1) (0x242,1) (0x248,1) (0x24a,2) (0x25b,6) (0x262,1) (0x2bb,5) (0x2c4,16) (0x2e4,8) (0x380,2) (0x383,2) (0x41d,3) (0x24d,1)
  load op 61 at 105: base 0xfe0008000 pairs (0x0,0)
  load op 5f at 110: base 0xfe0010000 pairs (0x0,0)
  load op 5e at 115: base 0xfe0011000 pairs (0x0,0)
  load op 61 at 125: base 0xfe0008000 pairs (0x0,0)
  load op 5f at 130: base 0xfe0010000 pairs (0x0,0)
  load op 5e at 135: base 0xfe0011000 pairs (0x0,0)
submit #247 hib 150 dwords at 0xfe0000000: pass 12 rewrite 2 drop 2 unmapped 0 cc 2 mappings 1114 ... OK rc 0 17.43 ms
submit #248 hib 2 dwords at 0xfe003a200: pass 1 rewrite 0 drop 0 unmapped 0 cc 0 mappings 1114 ... OK rc 0 17.62 ms
  load op 9f at 38: addr 0xfe0040068 idx 0 fmt 1 regoff 0x0 n 921 (table contents not committed)
  load op 63 at 43: addr 0xfe0042068 idx 0 fmt 1 regoff 0x0 n 174 (table contents not committed)
  load op 64 at 48: addr 0xfe00425d8 idx 0 fmt 1 regoff 0x0 n 49 (table contents not committed)
submit #249 dcb 96 dwords at 0xfe0042920: pass 20 rewrite 2 drop 2 unmapped 0 cc 0 mappings 1114 ... OK rc 0 18.00 ms
  load op 9f at 36: addr 0xfe0040068 idx 0 fmt 1 regoff 0x0 n 921 (table contents not committed)
  load op 63 at 41: addr 0xfe0042068 idx 0 fmt 1 regoff 0x0 n 174 (table contents not committed)
  load op 64 at 46: addr 0xfe00425d8 idx 0 fmt 1 regoff 0x0 n 57 (table contents not committed)
  load op 9f at 88: addr 0x504301500 idx 0 fmt 1 regoff 0x0 n 136 (table contents not committed)
  load op 64 at 93: addr 0x504300500 idx 0 fmt 1 regoff 0x0 n 3 (table contents not committed)
  load op 63 at 98: addr 0x5042ff500 idx 0 fmt 1 regoff 0x0 n 3 (table contents not committed)
  load op 9f at 1541: addr 0xfe0040068 idx 0 fmt 1 regoff 0x0 n 921 (table contents not committed)
  load op 9f at 1548: addr 0x504301940 idx 0 fmt 1 regoff 0x0 n 70 (table contents not committed)
  load op 63 at 1553: addr 0x908e5ff90 idx 0 fmt 1 regoff 0x0 n 6 (table contents not committed)
  load op 9f at 1558: addr 0x908e5ffc0 idx 0 fmt 1 regoff 0x0 n 10 (table contents not committed)
  load op 63 at 1563: addr 0x908e5f7d0 idx 0 fmt 1 regoff 0x0 n 6 (table contents not committed)
  load op 9f at 1568: addr 0x908e5f800 idx 0 fmt 1 regoff 0x0 n 9 (table contents not committed)
  load op 64 at 1573: addr 0x504300518 idx 0 fmt 1 regoff 0x0 n 5 (table contents not committed)
  load op 9f at 1691: addr 0x504301b70 idx 0 fmt 1 regoff 0x0 n 131 (table contents not committed)
  load op 64 at 1698: addr 0x504300540 idx 0 fmt 1 regoff 0x0 n 1 (table contents not committed)
  load op 9f at 1730: addr 0xfe0040068 idx 0 fmt 1 regoff 0x0 n 921 (table contents not committed)
  load op 9f at 1737: addr 0x504301f88 idx 0 fmt 1 regoff 0x0 n 70 (table contents not committed)
  load op 63 at 1742: addr 0x908e5ff90 idx 0 fmt 1 regoff 0x0 n 6 (table contents not committed)
  load op 9f at 1747: addr 0x908e5ffc0 idx 0 fmt 1 regoff 0x0 n 10 (table contents not committed)
  load op 63 at 1752: addr 0x908e5f7d0 idx 0 fmt 1 regoff 0x0 n 6 (table contents not committed)
  load op 9f at 1757: addr 0x908e5f800 idx 0 fmt 1 regoff 0x0 n 9 (table contents not committed)
  load op 64 at 1762: addr 0x504300548 idx 0 fmt 1 regoff 0x0 n 5 (table contents not committed)
  load op 63 at 1858: addr 0x5042ff518 idx 0 fmt 1 regoff 0x0 n 10 (table contents not committed)
  load op 63 at 2049: addr 0x5042ff568 idx 0 fmt 1 regoff 0x0 n 28 (table contents not committed)
  load op 64 at 2123: addr 0x504300570 idx 0 fmt 1 regoff 0x0 n 5 (table contents not committed)
  load op 9f at 2130: addr 0x5043021b8 idx 0 fmt 1 regoff 0x0 n 96 (table contents not committed)
  load op 9f at 2135: addr 0x5042fe390 idx 0 fmt 1 regoff 0x0 n 194 (table contents not committed)
submit #250 dcb 2647 dwords at 0x503c02500: pass 236 rewrite 123 drop 120 unmapped 0 cc 4 mappings 1114 ... OK rc 0 18.08 ms
state stack #250: push 2 pop 2 conditional 1 unmatched 0; restored 1842 regs (+1874 dwords); tables 13, unreadable 0
pipestat #250 (2647 dwords): ia_verts 9 ia_prims 3 vs 9 gs_inv 3 gs_prims 0 c_inv 3 c_prims 3 ps 3326976 cs 1339648
  load op 9f at 38: addr 0xfe0040068 idx 0 fmt 1 regoff 0x0 n 921 (table contents not committed)
  load op 63 at 43: addr 0xfe0042068 idx 0 fmt 1 regoff 0x0 n 174 (table contents not committed)
  load op 64 at 48: addr 0xfe00425d8 idx 0 fmt 1 regoff 0x0 n 57 (table contents not committed)
  load op 9f at 90: addr 0x505e01500 idx 0 fmt 1 regoff 0x0 n 5 (table contents not committed)
  load op 64 at 95: addr 0x505e00500 idx 0 fmt 1 regoff 0x0 n 2 (table contents not committed)
  load op 63 at 100: addr 0x505dff500 idx 0 fmt 1 regoff 0x0 n 3 (table contents not committed)
submit #251 dcb 851 dwords at 0x505a02500: pass 47 rewrite 55 drop 45 unmapped 0 cc 0 mappings 1114 ... OK rc 0 17.86 ms
pipestat #251 (851 dwords): ia_verts 0 ia_prims 0 vs 0 gs_inv 0 gs_prims 0 c_inv 0 c_prims 0 ps 0 cs 122880
submit #252 acb 2 dwords at 0xfe003a200: pass 1 rewrite 0 drop 0 unmapped 0 cc 0 mappings 1114 ... OK rc 0 17.41 ms
cpu-wait WAIT_REG_MEM64 at 87 on 0x400202d80: satisfied after 0.0 ms
  load op 9f at 35: addr 0xfe0040068 idx 0 fmt 1 regoff 0x0 n 921 (table contents not committed)
  load op 63 at 40: addr 0xfe0042068 idx 0 fmt 1 regoff 0x0 n 174 (table contents not committed)
  load op 64 at 45: addr 0xfe00425d8 idx 0 fmt 1 regoff 0x0 n 57 (table contents not committed)
  load op 9f at 87: addr 0x506e01500 idx 0 fmt 1 regoff 0x0 n 136 (table contents not committed)
  load op 64 at 92: addr 0x506e00500 idx 0 fmt 1 regoff 0x0 n 3 (table contents not committed)
  load op 63 at 97: addr 0x506dff500 idx 0 fmt 1 regoff 0x0 n 3 (table contents not committed)
  load op 9f at 212: addr 0xfe0040068 idx 0 fmt 1 regoff 0x0 n 921 (table contents not committed)
  load op 9f at 219: addr 0x506e01940 idx 0 fmt 1 regoff 0x0 n 70 (table contents not committed)
  load op 63 at 224: addr 0x908e5ff90 idx 0 fmt 1 regoff 0x0 n 6 (table contents not committed)
  load op 9f at 229: addr 0x908e5ffc0 idx 0 fmt 1 regoff 0x0 n 10 (table contents not committed)
  load op 63 at 234: addr 0x908e5f7d0 idx 0 fmt 1 regoff 0x0 n 6 (table contents not committed)
  load op 9f at 239: addr 0x908e5f800 idx 0 fmt 1 regoff 0x0 n 9 (table contents not committed)
  load op 64 at 244: addr 0x506e00518 idx 0 fmt 1 regoff 0x0 n 5 (table contents not committed)
  load op 9f at 340: addr 0x506e01b70 idx 0 fmt 1 regoff 0x0 n 131 (table contents not committed)
  load op 64 at 347: addr 0x506e00540 idx 0 fmt 1 regoff 0x0 n 1 (table contents not committed)
  load op 9f at 379: addr 0xfe0040068 idx 0 fmt 1 regoff 0x0 n 921 (table contents not committed)
  load op 9f at 386: addr 0x506e01f88 idx 0 fmt 1 regoff 0x0 n 70 (table contents not committed)
  load op 63 at 391: addr 0x908e5ff90 idx 0 fmt 1 regoff 0x0 n 6 (table contents not committed)
  load op 9f at 396: addr 0x908e5ffc0 idx 0 fmt 1 regoff 0x0 n 10 (table contents not committed)
  load op 63 at 401: addr 0x908e5f7d0 idx 0 fmt 1 regoff 0x0 n 6 (table contents not committed)
  load op 9f at 406: addr 0x908e5f800 idx 0 fmt 1 regoff 0x0 n 9 (table contents not committed)
  load op 64 at 411: addr 0x506e00548 idx 0 fmt 1 regoff 0x0 n 5 (table contents not committed)
  load op 9f at 548: addr 0x506e021b8 idx 0 fmt 1 regoff 0x0 n 98 (table contents not committed)
  load op 64 at 555: addr 0x506e00570 idx 0 fmt 1 regoff 0x0 n 1 (table contents not committed)
  load op 9f at 560: addr 0x506dfe500 idx 0 fmt 1 regoff 0x0 n 33 (table contents not committed)
  load op 9f at 592: addr 0xfe0040068 idx 0 fmt 1 regoff 0x0 n 921 (table contents not committed)
  load op 9f at 599: addr 0x506dfe608 idx 0 fmt 1 regoff 0x0 n 70 (table contents not committed)
  load op 63 at 604: addr 0x908e5ff90 idx 0 fmt 1 regoff 0x0 n 6 (table contents not committed)
  load op 9f at 609: addr 0x908e5ffc0 idx 0 fmt 1 regoff 0x0 n 10 (table contents not committed)
  load op 63 at 614: addr 0x908e5f7d0 idx 0 fmt 1 regoff 0x0 n 6 (table contents not committed)
  load op 9f at 619: addr 0x908e5f800 idx 0 fmt 1 regoff 0x0 n 9 (table contents not committed)
  load op 64 at 624: addr 0x506e00578 idx 0 fmt 1 regoff 0x0 n 5 (table contents not committed)
submit #253 dcb 798 dwords at 0x506802500: pass 103 rewrite 35 drop 22 unmapped 0 cc 6 mappings 1114 ... OK rc 0 17.80 ms
state stack #253: push 3 pop 3 conditional 1 unmatched 0; restored 2763 regs (+2811 dwords); tables 17, unreadable 0
pipestat #253 (798 dwords): ia_verts 9 ia_prims 3 vs 9 gs_inv 3 gs_prims 0 c_inv 3 c_prims 3 ps 0 cs 0
submit #254 acb 463 dwords at 0x4004867c0: pass 43 rewrite 11 drop 27 unmapped 0 cc 0 mappings 1114 ... OK rc 0 17.99 ms
acb head: 1287 of 1336 dwords go ahead of the wait at 1287 on 0x400202f80
  load op 9f at 36: addr 0xfe0040068 idx 0 fmt 1 regoff 0x0 n 921 (table contents not committed)
  load op 63 at 41: addr 0xfe0042068 idx 0 fmt 1 regoff 0x0 n 174 (table contents not committed)
  load op 64 at 46: addr 0xfe00425d8 idx 0 fmt 1 regoff 0x0 n 57 (table contents not committed)
  load op 9f at 88: addr 0x505201500 idx 0 fmt 1 regoff 0x0 n 5 (table contents not committed)
  load op 64 at 93: addr 0x505200500 idx 0 fmt 1 regoff 0x0 n 2 (table contents not committed)
  load op 63 at 98: addr 0x5051ff500 idx 0 fmt 1 regoff 0x0 n 3 (table contents not committed)
  load op 9f at 756: addr 0xfe0040068 idx 0 fmt 1 regoff 0x0 n 921 (table contents not committed)
  load op 9f at 763: addr 0x505201528 idx 0 fmt 1 regoff 0x0 n 74 (table contents not committed)
  load op 63 at 768: addr 0x908e5ff90 idx 0 fmt 1 regoff 0x0 n 6 (table contents not committed)
  load op 9f at 773: addr 0x908e5ffc0 idx 0 fmt 1 regoff 0x0 n 10 (table contents not committed)
  load op 64 at 778: addr 0x505200510 idx 0 fmt 1 regoff 0x0 n 5 (table contents not committed)
  load op 9f at 901: addr 0xfe0040068 idx 0 fmt 1 regoff 0x0 n 921 (table contents not committed)
  load op 9f at 908: addr 0x505201778 idx 0 fmt 1 regoff 0x0 n 74 (table contents not committed)
  load op 63 at 913: addr 0x908e5ff90 idx 0 fmt 1 regoff 0x0 n 6 (table contents not committed)
  load op 9f at 918: addr 0x908e5ffc0 idx 0 fmt 1 regoff 0x0 n 10 (table contents not committed)
  load op 64 at 923: addr 0x505200538 idx 0 fmt 1 regoff 0x0 n 5 (table contents not committed)
  load op 9f at 1046: addr 0xfe0040068 idx 0 fmt 1 regoff 0x0 n 921 (table contents not committed)
  load op 9f at 1053: addr 0x5052019c8 idx 0 fmt 1 regoff 0x0 n 74 (table contents not committed)
  load op 63 at 1058: addr 0x908e5ff90 idx 0 fmt 1 regoff 0x0 n 6 (table contents not committed)
  load op 9f at 1063: addr 0x908e5ffc0 idx 0 fmt 1 regoff 0x0 n 10 (table contents not committed)
  load op 64 at 1068: addr 0x505200560 idx 0 fmt 1 regoff 0x0 n 5 (table contents not committed)
submit #255 dcb 1248 dwords at 0x504e02500: pass 151 rewrite 46 drop 45 unmapped 0 cc 6 mappings 1114 ... OK rc 0 17.56 ms
state stack #255: push 3 pop 3 conditional 1 unmatched 0; restored 2763 regs (+2811 dwords); tables 11, unreadable 0
pipestat #255 (1248 dwords): ia_verts 9 ia_prims 3 vs 9 gs_inv 3 gs_prims 0 c_inv 3 c_prims 3 ps 0 cs 36864
flip 1/1 buffer 0x5093f0000 +0x1fe0000: sum 0x17ea65194594 nonzero 8100/8160 pattern 0
  target CB0 0x507410000: distinct 53 min 0xc0000000 max 0xc340d034,   target CB0 0x507410000: nonzero 1024/1024
  target CB0 0x563800000: distinct 1 min 0x00000000 max 0x00000000,   target CB0 0x563800000: nonzero 0/1024
  target CB0 0x55c00d000: distinct 4 min 0x00000000 max 0xffffffff,   target CB0 0x55c00d000: nonzero 147/1024
  target CB0 0x5637f0000: distinct 1 min 0x00000000 max 0x00000000,   target CB0 0x5637f0000: nonzero 0/1024
  target CB0 0x519df0000: distinct 1 min 0x38003800 max 0x38003800,   target CB0 0x519df0000: nonzero 1024/1024
  target CB0 0x570a99000: distinct 8 min 0x00000000 max 0xffffffff,   target CB0 0x570a99000: nonzero 85/1024
  target DB_HTILE 0x516870000: distinct 3 min 0x00000000 max 0xfffffff0,   target DB_HTILE 0x516870000: nonzero 80/1024
  target DB_Z_READ 0x5157a0000: distinct 1 min 0x3f800000 max 0x3f800000,   target DB_Z_READ 0x5157a0000: nonzero 1024/1024
  target DB_STENCIL_READ 0x5164b0000: distinct 3 min 0x00000000 max 0xfffffff0,   target DB_STENCIL_READ 0x5164b0000: nonzero 881/1024
  target CB0 0x511650000: distinct 1 min 0x00000000 max 0x00000000,   target CB0 0x511650000: nonzero 0/1024
  target CB0 0x570a3c000: distinct 9 min 0x00000000 max 0xffffffff,   target CB0 0x570a3c000: nonzero 133/1024
  target CB0 0x570a45000: distinct 9 min 0x00000000 max 0xffffffff,   target CB0 0x570a45000: nonzero 124/1024
  target CB0 0x513d80000: distinct 1 min 0x00000000 max 0x00000000,   target CB0 0x513d80000: nonzero 0/1024
  target CB0 0x570a72000: distinct 8 min 0x00000000 max 0xffffffff,   target CB0 0x570a72000: nonzero 94/1024
  target DB_HTILE 0x55c050000: distinct 3 min 0x00000000 max 0xffffffff,   target DB_HTILE 0x55c050000: nonzero 144/1024
  target DB_Z_READ 0x527430000: distinct 1 min 0xffffffff max 0xffffffff,   target DB_Z_READ 0x527430000: nonzero 1024/1024
submit #256 acb 1287 dwords at 0x4002a55c0: pass 118 rewrite 35 drop 63 unmapped 0 cc 0 mappings 1114 ... OK rc 0 18.11 ms
cpu-wait WAIT_REG_MEM64 at 115 on 0x400202d40: satisfied after 0.0 ms
cpu-wait WAIT_REG_MEM64 at 1629 on 0x400202dc0: satisfied after 0.0 ms
cpu-wait WAIT_REG_MEM64 at 9223 on 0x55d4d00b6e68: satisfied after 0.0 ms
  indirect op 16 at 1246: base 0x5074063c0 +0x0 -> 1 1 1 0 0
  indirect op 16 at 1278: base 0x5074063e0 +0x0 -> 1 1 1 0 0
  indirect op 16 at 1310: base 0x50740a520 +0x0 -> 1 1 1 0 0
  indirect op 16 at 1342: base 0x50740a540 +0x0 -> 1 1 1 0 0
  indirect op 25 at 4584: base 0x56ddaffa0 +0x0 -> 1 512 0 0 0
  load op 9f at 28: addr 0xfe0040068 idx 0 fmt 1 regoff 0x0 n 921 (table contents not committed)
  load op 63 at 33: addr 0xfe0042068 idx 0 fmt 1 regoff 0x0 n 174 (table contents not committed)
  load op 64 at 38: addr 0xfe00425d8 idx 0 fmt 1 regoff 0x0 n 57 (table contents not committed)
  load op 9f at 80: addr 0x502e01500 idx 0 fmt 1 regoff 0x0 n 295 (table contents not committed)
  load op 64 at 85: addr 0x502e00500 idx 0 fmt 1 regoff 0x0 n 7 (table contents not committed)
  load op 63 at 90: addr 0x502dff500 idx 0 fmt 1 regoff 0x0 n 13 (table contents not committed)
  load op 63 at 342: addr 0x502dff568 idx 0 fmt 1 regoff 0x0 n 10 (table contents not committed)
  load op 63 at 734: addr 0x502dff5b8 idx 0 fmt 1 regoff 0x0 n 18 (table contents not committed)
  load op 63 at 1217: addr 0x502dff648 idx 0 fmt 1 regoff 0x0 n 10 (table contents not committed)
  load op 63 at 1249: addr 0x502dff698 idx 0 fmt 1 regoff 0x0 n 10 (table contents not committed)
  load op 63 at 1281: addr 0x502dff6e8 idx 0 fmt 1 regoff 0x0 n 10 (table contents not committed)
  load op 63 at 1313: addr 0x502dff738 idx 0 fmt 1 regoff 0x0 n 10 (table contents not committed)
  load op 9f at 1724: addr 0xfe0040068 idx 0 fmt 1 regoff 0x0 n 921 (table contents not committed)
  load op 9f at 1731: addr 0x502e01e38 idx 0 fmt 1 regoff 0x0 n 74 (table contents not committed)
  load op 63 at 1736: addr 0x908e5ff90 idx 0 fmt 1 regoff 0x0 n 6 (table contents not committed)
  load op 9f at 1741: addr 0x908e5ffc0 idx 0 fmt 1 regoff 0x0 n 10 (table contents not committed)
  load op 64 at 1746: addr 0x502e00538 idx 0 fmt 1 regoff 0x0 n 5 (table contents not committed)
  load op 9f at 1799: addr 0x502e02088 idx 0 fmt 1 regoff 0x0 n 132 (table contents not committed)
  load op 63 at 1804: addr 0x502dff788 idx 0 fmt 1 regoff 0x0 n 30 (table contents not committed)
  load op 64 at 1884: addr 0x502e00560 idx 0 fmt 1 regoff 0x0 n 5 (table contents not committed)
  load op 9f at 1891: addr 0x502dfd440 idx 0 fmt 1 regoff 0x0 n 175 (table contents not committed)
  load op 63 at 2106: addr 0x502dff878 idx 0 fmt 1 regoff 0x0 n 20 (table contents not committed)
  load op 9f at 3069: addr 0xfe0040068 idx 0 fmt 1 regoff 0x0 n 921 (table contents not committed)
  load op 9f at 3076: addr 0x502dfd9b8 idx 0 fmt 1 regoff 0x0 n 70 (table contents not committed)
  load op 63 at 3081: addr 0x908e5ff90 idx 0 fmt 1 regoff 0x0 n 6 (table contents not committed)
  load op 9f at 3086: addr 0x908e5ffc0 idx 0 fmt 1 regoff 0x0 n 10 (table contents not committed)
  load op 63 at 3091: addr 0x908e5f7d0 idx 0 fmt 1 regoff 0x0 n 6 (table contents not committed)
  load op 9f at 3096: addr 0x908e5f800 idx 0 fmt 1 regoff 0x0 n 9 (table contents not committed)
  load op 64 at 3101: addr 0x502e00588 idx 0 fmt 1 regoff 0x0 n 5 (table contents not committed)
  load op 9f at 3140: addr 0x502dfdbe8 idx 0 fmt 1 regoff 0x0 n 19 (table contents not committed)
  load op 63 at 3145: addr 0x502dff918 idx 0 fmt 1 regoff 0x0 n 12 (table contents not committed)
  load op 9f at 3268: addr 0xfe0040068 idx 0 fmt 1 regoff 0x0 n 921 (table contents not committed)
  load op 9f at 3275: addr 0x502dfdc80 idx 0 fmt 1 regoff 0x0 n 74 (table contents not committed)
  load op 63 at 3280: addr 0x908e5ff90 idx 0 fmt 1 regoff 0x0 n 6 (table contents not committed)
  load op 9f at 3285: addr 0x908e5ffc0 idx 0 fmt 1 regoff 0x0 n 10 (table contents not committed)
  load op 64 at 3290: addr 0x502e005b0 idx 0 fmt 1 regoff 0x0 n 5 (table contents not committed)
  load op 9f at 3329: addr 0x502dfded0 idx 0 fmt 1 regoff 0x0 n 166 (table contents not committed)
  load op 63 at 3334: addr 0x502dff978 idx 0 fmt 1 regoff 0x0 n 30 (table contents not committed)
  load op 64 at 3430: addr 0x502e005d8 idx 0 fmt 1 regoff 0x0 n 5 (table contents not committed)
  load op 9f at 3437: addr 0x502dfc320 idx 0 fmt 1 regoff 0x0 n 135 (table contents not committed)
  load op 63 at 3675: addr 0x502dffa68 idx 0 fmt 1 regoff 0x0 n 36 (table contents not committed)
  load op 64 at 4540: addr 0x502e00600 idx 0 fmt 1 regoff 0x0 n 6 (table contents not committed)
  load op 9f at 4545: addr 0x502dfc758 idx 0 fmt 1 regoff 0x0 n 376 (table contents not committed)
  load op 9f at 4552: addr 0x502dfb118 idx 0 fmt 1 regoff 0x0 n 205 (table contents not committed)
  load op 9f at 4853: addr 0xfe0040068 idx 0 fmt 1 regoff 0x0 n 921 (table contents not committed)
  load op 9f at 4860: addr 0x502dfb780 idx 0 fmt 1 regoff 0x0 n 74 (table contents not committed)
  load op 63 at 4865: addr 0x908e5ff90 idx 0 fmt 1 regoff 0x0 n 6 (table contents not committed)
  load op 9f at 4870: addr 0x908e5ffc0 idx 0 fmt 1 regoff 0x0 n 10 (table contents not committed)
  load op 64 at 4875: addr 0x502e00630 idx 0 fmt 1 regoff 0x0 n 5 (table contents not committed)
  load op 63 at 4914: addr 0x502dffb88 idx 0 fmt 1 regoff 0x0 n 21 (table contents not committed)
  load op 9f at 4925: addr 0x502dfb9d0 idx 0 fmt 1 regoff 0x0 n 223 (table contents not committed)
  load op 63 at 5714: addr 0x502dffc30 idx 0 fmt 1 regoff 0x0 n 10 (table contents not committed)
  load op 63 at 5831: addr 0x502dffc80 idx 0 fmt 1 regoff 0x0 n 28 (table contents not committed)
  load op 64 at 5910: addr 0x502e00658 idx 0 fmt 1 regoff 0x0 n 5 (table contents not committed)
  load op 9f at 5917: addr 0x502df9e30 idx 0 fmt 1 regoff 0x0 n 67 (table contents not committed)
  load op 9f at 6045: addr 0x502dfa048 idx 0 fmt 1 regoff 0x0 n 121 (table contents not committed)
  load op 63 at 6050: addr 0x502dffd60 idx 0 fmt 1 regoff 0x0 n 18 (table contents not committed)
  load op 64 at 6055: addr 0x502e00680 idx 0 fmt 1 regoff 0x0 n 3 (table contents not committed)
  load op 9f at 6204: addr 0x502dfa410 idx 0 fmt 1 regoff 0x0 n 121 (table contents not committed)
  load op 63 at 6209: addr 0x502dffdf0 idx 0 fmt 1 regoff 0x0 n 18 (table contents not committed)
  load op 64 at 6214: addr 0x502e00698 idx 0 fmt 1 regoff 0x0 n 3 (table contents not committed)
  load op 63 at 6578: addr 0x502dffe80 idx 0 fmt 1 regoff 0x0 n 10 (table contents not committed)
  load op 9f at 7058: addr 0x502dfa7d8 idx 0 fmt 1 regoff 0x0 n 195 (table contents not committed)
  load op 9f at 7063: addr 0x502df8d80 idx 0 fmt 1 regoff 0x0 n 85 (table contents not committed)
  load op 63 at 7068: addr 0x502dffed0 idx 0 fmt 1 regoff 0x0 n 18 (table contents not committed)
  load op 64 at 7073: addr 0x502e006b0 idx 0 fmt 1 regoff 0x0 n 3 (table contents not committed)
  load op 9f at 7186: addr 0x502df9028 idx 0 fmt 1 regoff 0x0 n 129 (table contents not committed)
  load op 63 at 7191: addr 0x502dfff60 idx 0 fmt 1 regoff 0x0 n 18 (table contents not committed)
  load op 64 at 7196: addr 0x502e006c8 idx 0 fmt 1 regoff 0x0 n 3 (table contents not committed)
  load op 9f at 7309: addr 0x502df9430 idx 0 fmt 1 regoff 0x0 n 129 (table contents not committed)
  load op 63 at 7314: addr 0x502dffff0 idx 0 fmt 1 regoff 0x0 n 18 (table contents not committed)
  load op 64 at 7319: addr 0x502e006e0 idx 0 fmt 1 regoff 0x0 n 3 (table contents not committed)
  load op 9f at 7432: addr 0x502df9838 idx 0 fmt 1 regoff 0x0 n 58 (table contents not committed)
  load op 9f at 7537: addr 0x502df9a08 idx 0 fmt 1 regoff 0x0 n 66 (table contents not committed)
  load op 9f at 7642: addr 0x502df9c18 idx 0 fmt 1 regoff 0x0 n 37 (table contents not committed)
  load op 9f at 7647: addr 0x502df7300 idx 0 fmt 1 regoff 0x0 n 21 (table contents not committed)
  load op 9f at 7752: addr 0x502df73a8 idx 0 fmt 1 regoff 0x0 n 66 (table contents not committed)
  load op 9f at 7857: addr 0x502df75b8 idx 0 fmt 1 regoff 0x0 n 58 (table contents not committed)
  load op 9f at 7962: addr 0x502df7788 idx 0 fmt 1 regoff 0x0 n 130 (table contents not committed)
  load op 63 at 7967: addr 0x502e00080 idx 0 fmt 1 regoff 0x0 n 18 (table contents not committed)
  load op 64 at 7972: addr 0x502e006f8 idx 0 fmt 1 regoff 0x0 n 3 (table contents not committed)
  load op 9f at 8099: addr 0x502df7b98 idx 0 fmt 1 regoff 0x0 n 135 (table contents not committed)
  load op 63 at 8104: addr 0x502e00110 idx 0 fmt 1 regoff 0x0 n 18 (table contents not committed)
  load op 64 at 8109: addr 0x502e00710 idx 0 fmt 1 regoff 0x0 n 3 (table contents not committed)
  load op 63 at 8687: addr 0x502e001a0 idx 0 fmt 1 regoff 0x0 n 28 (table contents not committed)
  load op 64 at 9264: addr 0x502e00728 idx 0 fmt 1 regoff 0x0 n 5 (table contents not committed)
  load op 9f at 9269: addr 0x502df7fd0 idx 0 fmt 1 regoff 0x0 n 97 (table contents not committed)
  load op 9f at 9276: addr 0x502df5868 idx 0 fmt 1 regoff 0x0 n 183 (table contents not committed)
submit #257 dcb 9774 dwords at 0x502702500: pass 651 rewrite 493 drop 432 unmapped 1 cc 8 mappings 1114 ... OK rc 0 20.46 ms
state stack #257: push 4 pop 4 conditional 1 unmatched 0; restored 3684 regs (+3748 dwords); tables 40, unreadable 0
pipestat #257 (9774 dwords): ia_verts 575 ia_prims 533 vs 575 gs_inv 533 gs_prims 0 c_inv 192 c_prims 91 ps 36588912 cs 6777857
map 0x3356b8000 +0x20000 ... ok
map 0x100e430000 +0x70000 ... ok
swapped pages taken as resident so far: 0
vmas 108 total 13075.0 MiB resident 3401.2 MiB mapped 3401.2 MiB
submit #258 acb 2 dwords at 0xfe003a200: pass 1 rewrite 0 drop 0 unmapped 0 cc 0 mappings 1116 ... OK rc 0 17.83 ms
cpu-wait WAIT_REG_MEM64 at 0 on 0x400202f80: satisfied after 0.0 ms
submit #259 cc 3 dwords at 0x313b17cf4: pass 0 rewrite 1 drop 0 unmapped 0 cc 1 mappings 1116 ... OK rc 0 17.36 ms
submit #260 acb 49 dwords at 0x4002a69dc: pass 2 rewrite 3 drop 3 unmapped 0 cc 0 mappings 1116 ... OK rc 0 17.29 ms
map 0x3356d8000 +0x10000 ... ok
map 0x100e4a0000 +0x10000 ... ok
map 0x111b770000 +0xa30000 ... ok
swapped pages taken as resident so far: 0
vmas 108 total 13075.0 MiB resident 3411.4 MiB mapped 3411.5 MiB
  load op 61 at 10: base 0xfe0008000 pairs (0x0,215) (0xd8,272) (0x1f5,4) (0x1ff,158) (0x2a0,2) (0x2a3,1) (0x2a5,66) (0x2f5,203)
  load op 5f at 29: base 0xfe0010000 pairs (0x1,1) (0x6,38) (0x32,4) (0x80,4) (0x87,37) (0xb2,4) (0xc8,2) (0x100,4) (0x107,37) (0x132,4) (0x148,2) (0x204,3) (0x20c,2) (0x212,2) (0x215,6) (0x224,5) (0x22a,1) (0x240,16) (0x27d,1) (0x280,1) (0x207,3)
  load op 5e at 74: base 0xfe0011000 pairs (0x35,8) (0xa2,1) (0x242,1) (0x248,1) (0x24a,2) (0x25b,6) (0x262,1) (0x2bb,5) (0x2c4,16) (0x2e4,8) (0x380,2) (0x383,2) (0x41d,3) (0x24d,1)
  load op 61 at 105: base 0xfe0008000 pairs (0x0,0)
  load op 5f at 110: base 0xfe0010000 pairs (0x0,0)
  load op 5e at 115: base 0xfe0011000 pairs (0x0,0)
  load op 61 at 125: base 0xfe0008000 pairs (0x0,0)
  load op 5f at 130: base 0xfe0010000 pairs (0x0,0)
  load op 5e at 135: base 0xfe0011000 pairs (0x0,0)
submit #261 hib 150 dwords at 0xfe0000000: pass 12 rewrite 2 drop 2 unmapped 0 cc 2 mappings 1119 ... OK rc 0 19.62 ms
map 0x302c00000 +0x10000 ... ok
map 0x3356e8000 +0x130000 ... ok
map 0x335818000 +0x10000 ... ok
map 0x100e4b0000 +0x240000 ... ok
map 0x10ca400000 +0x80000 ... ok
map 0x111c1a0000 +0x3270000 ... ok
swapped pages taken as resident so far: 0
vmas 108 total 13075.0 MiB resident 3465.9 MiB mapped 3466.0 MiB
submit #262 hib 2 dwords at 0xfe003a200: pass 1 rewrite 0 drop 0 unmapped 0 cc 0 mappings 1125 ... OK rc 0 19.40 ms
map 0x335828000 +0x60000 ... ok
map 0x335888000 +0x10000 ... ok
map 0x403a00000 +0x10000 ... ok
map 0x100e6f0000 +0x10000 ... ok
map 0x10ca480000 +0x40000 ... ok
map 0x111f410000 +0x1640000 ... ok
swapped pages taken as resident so far: 0
vmas 108 total 13075.0 MiB resident 3489.0 MiB mapped 3489.1 MiB
  load op 9f at 38: addr 0xfe0040068 idx 0 fmt 1 regoff 0x0 n 921 (table contents not committed)
  load op 63 at 43: addr 0xfe0042068 idx 0 fmt 1 regoff 0x0 n 174 (table contents not committed)
  load op 64 at 48: addr 0xfe00425d8 idx 0 fmt 1 regoff 0x0 n 49 (table contents not committed)
submit #263 dcb 96 dwords at 0xfe0042920: pass 20 rewrite 2 drop 2 unmapped 0 cc 0 mappings 1131 ... OK rc 0 17.74 ms
map 0x335898000 +0x30000 ... ok
swapped pages taken as resident so far: 0
vmas 108 total 13075.0 MiB resident 3489.3 MiB mapped 3489.3 MiB
hint CB0 0x53b6a0000: window 0x5396a0000+0x4000000, mapped +0.0 MiB
hint CB0 0x570e67000: window 0x56ee60000+0x4000000, mapped +1.7 MiB
  load op 9f at 36: addr 0xfe0040068 idx 0 fmt 1 regoff 0x0 n 921 (table contents not committed)
  load op 63 at 41: addr 0xfe0042068 idx 0 fmt 1 regoff 0x0 n 174 (table contents not committed)
  load op 64 at 46: addr 0xfe00425d8 idx 0 fmt 1 regoff 0x0 n 57 (table contents not committed)
  load op 9f at 88: addr 0x504a01500 idx 0 fmt 1 regoff 0x0 n 136 (table contents not committed)
  load op 64 at 93: addr 0x504a00500 idx 0 fmt 1 regoff 0x0 n 3 (table contents not committed)
  load op 63 at 98: addr 0x5049ff500 idx 0 fmt 1 regoff 0x0 n 3 (table contents not committed)
  load op 9f at 1460: addr 0xfe0040068 idx 0 fmt 1 regoff 0x0 n 921 (table contents not committed)
  load op 9f at 1467: addr 0x504a01940 idx 0 fmt 1 regoff 0x0 n 70 (table contents not committed)
  load op 63 at 1472: addr 0x908e5ff90 idx 0 fmt 1 regoff 0x0 n 6 (table contents not committed)
  load op 9f at 1477: addr 0x908e5ffc0 idx 0 fmt 1 regoff 0x0 n 10 (table contents not committed)
  load op 63 at 1482: addr 0x908e5f7d0 idx 0 fmt 1 regoff 0x0 n 6 (table contents not committed)
  load op 9f at 1487: addr 0x908e5f800 idx 0 fmt 1 regoff 0x0 n 9 (table contents not committed)
  load op 64 at 1492: addr 0x504a00518 idx 0 fmt 1 regoff 0x0 n 5 (table contents not committed)
  load op 9f at 1861: addr 0x504a01b70 idx 0 fmt 1 regoff 0x0 n 131 (table contents not committed)
  load op 64 at 1868: addr 0x504a00540 idx 0 fmt 1 regoff 0x0 n 1 (table contents not committed)
  load op 9f at 1900: addr 0xfe0040068 idx 0 fmt 1 regoff 0x0 n 921 (table contents not committed)
  load op 9f at 1907: addr 0x504a01f88 idx 0 fmt 1 regoff 0x0 n 70 (table contents not committed)
  load op 63 at 1912: addr 0x908e5ff90 idx 0 fmt 1 regoff 0x0 n 6 (table contents not committed)
  load op 9f at 1917: addr 0x908e5ffc0 idx 0 fmt 1 regoff 0x0 n 10 (table contents not committed)
  load op 63 at 1922: addr 0x908e5f7d0 idx 0 fmt 1 regoff 0x0 n 6 (table contents not committed)
  load op 9f at 1927: addr 0x908e5f800 idx 0 fmt 1 regoff 0x0 n 9 (table contents not committed)
  load op 64 at 1932: addr 0x504a00548 idx 0 fmt 1 regoff 0x0 n 5 (table contents not committed)
  load op 9f at 2050: addr 0x504a021b8 idx 0 fmt 1 regoff 0x0 n 98 (table contents not committed)
  load op 64 at 2057: addr 0x504a00570 idx 0 fmt 1 regoff 0x0 n 1 (table contents not committed)
  load op 9f at 2062: addr 0x5049fe500 idx 0 fmt 1 regoff 0x0 n 33 (table contents not committed)
  load op 9f at 2094: addr 0xfe0040068 idx 0 fmt 1 regoff 0x0 n 921 (table contents not committed)
  load op 9f at 2101: addr 0x5049fe608 idx 0 fmt 1 regoff 0x0 n 70 (table contents not committed)
  load op 63 at 2106: addr 0x908e5ff90 idx 0 fmt 1 regoff 0x0 n 6 (table contents not committed)
  load op 9f at 2111: addr 0x908e5ffc0 idx 0 fmt 1 regoff 0x0 n 10 (table contents not committed)
  load op 63 at 2116: addr 0x908e5f7d0 idx 0 fmt 1 regoff 0x0 n 6 (table contents not committed)
  load op 9f at 2121: addr 0x908e5f800 idx 0 fmt 1 regoff 0x0 n 9 (table contents not committed)
  load op 64 at 2126: addr 0x504a00578 idx 0 fmt 1 regoff 0x0 n 5 (table contents not committed)
  load op 63 at 2222: addr 0x5049ff518 idx 0 fmt 1 regoff 0x0 n 10 (table contents not committed)
  load op 63 at 2413: addr 0x5049ff568 idx 0 fmt 1 regoff 0x0 n 28 (table contents not committed)
  load op 64 at 2487: addr 0x504a005a0 idx 0 fmt 1 regoff 0x0 n 5 (table contents not committed)
  load op 9f at 2494: addr 0x5049fe838 idx 0 fmt 1 regoff 0x0 n 290 (table contents not committed)
submit #264 dcb 3006 dwords at 0x504302500: pass 293 rewrite 132 drop 126 unmapped 0 cc 6 mappings 1133 ... OK rc 0 66.99 ms
state stack #264: push 3 pop 3 conditional 1 unmatched 0; restored 2763 regs (+2811 dwords); tables 18, unreadable 0
pipestat #264 (3006 dwords): ia_verts 12 ia_prims 4 vs 12 gs_inv 4 gs_prims 0 c_inv 4 c_prims 4 ps 3326976 cs 1462784
  load op 9f at 38: addr 0xfe0040068 idx 0 fmt 1 regoff 0x0 n 921 (table contents not committed)
  load op 63 at 43: addr 0xfe0042068 idx 0 fmt 1 regoff 0x0 n 174 (table contents not committed)
  load op 64 at 48: addr 0xfe00425d8 idx 0 fmt 1 regoff 0x0 n 57 (table contents not committed)
  load op 9f at 90: addr 0x506201500 idx 0 fmt 1 regoff 0x0 n 5 (table contents not committed)
  load op 64 at 95: addr 0x506200500 idx 0 fmt 1 regoff 0x0 n 2 (table contents not committed)
  load op 63 at 100: addr 0x5061ff500 idx 0 fmt 1 regoff 0x0 n 3 (table contents not committed)
submit #265 dcb 851 dwords at 0x505e02500: pass 47 rewrite 55 drop 45 unmapped 0 cc 0 mappings 1133 ... OK rc 0 17.87 ms
pipestat #265 (851 dwords): ia_verts 0 ia_prims 0 vs 0 gs_inv 0 gs_prims 0 c_inv 0 c_prims 0 ps 0 cs 122880
submit #266 acb 2 dwords at 0xfe003a200: pass 1 rewrite 0 drop 0 unmapped 0 cc 0 mappings 1133 ... OK rc 0 22.80 ms
cpu-wait WAIT_REG_MEM64 at 87 on 0x400203980: satisfied after 0.0 ms
hint CB0 0x570e08000: window 0x56ee00000+0x4000000, mapped +0.0 MiB
hint CB0 0x570e11000: window 0x56ee10000+0x4000000, mapped +0.0 MiB
hint CB0 0x570e3e000: window 0x56ee30000+0x4000000, mapped +0.0 MiB
  load op 9f at 35: addr 0xfe0040068 idx 0 fmt 1 regoff 0x0 n 921 (table contents not committed)
  load op 63 at 40: addr 0xfe0042068 idx 0 fmt 1 regoff 0x0 n 174 (table contents not committed)
  load op 64 at 45: addr 0xfe00425d8 idx 0 fmt 1 regoff 0x0 n 57 (table contents not committed)
  load op 9f at 87: addr 0x507401500 idx 0 fmt 1 regoff 0x0 n 136 (table contents not committed)
  load op 64 at 92: addr 0x507400500 idx 0 fmt 1 regoff 0x0 n 3 (table contents not committed)
  load op 63 at 97: addr 0x5073ff500 idx 0 fmt 1 regoff 0x0 n 3 (table contents not committed)
  load op 9f at 212: addr 0xfe0040068 idx 0 fmt 1 regoff 0x0 n 921 (table contents not committed)
  load op 9f at 219: addr 0x507401940 idx 0 fmt 1 regoff 0x0 n 70 (table contents not committed)
  load op 63 at 224: addr 0x908e5ff90 idx 0 fmt 1 regoff 0x0 n 6 (table contents not committed)
  load op 9f at 229: addr 0x908e5ffc0 idx 0 fmt 1 regoff 0x0 n 10 (table contents not committed)
  load op 63 at 234: addr 0x908e5f7d0 idx 0 fmt 1 regoff 0x0 n 6 (table contents not committed)
  load op 9f at 239: addr 0x908e5f800 idx 0 fmt 1 regoff 0x0 n 9 (table contents not committed)
  load op 64 at 244: addr 0x507400518 idx 0 fmt 1 regoff 0x0 n 5 (table contents not committed)
  load op 9f at 340: addr 0x507401b70 idx 0 fmt 1 regoff 0x0 n 131 (table contents not committed)
  load op 64 at 347: addr 0x507400540 idx 0 fmt 1 regoff 0x0 n 1 (table contents not committed)
  load op 9f at 379: addr 0xfe0040068 idx 0 fmt 1 regoff 0x0 n 921 (table contents not committed)
  load op 9f at 386: addr 0x507401f88 idx 0 fmt 1 regoff 0x0 n 70 (table contents not committed)
  load op 63 at 391: addr 0x908e5ff90 idx 0 fmt 1 regoff 0x0 n 6 (table contents not committed)
  load op 9f at 396: addr 0x908e5ffc0 idx 0 fmt 1 regoff 0x0 n 10 (table contents not committed)
  load op 63 at 401: addr 0x908e5f7d0 idx 0 fmt 1 regoff 0x0 n 6 (table contents not committed)
  load op 9f at 406: addr 0x908e5f800 idx 0 fmt 1 regoff 0x0 n 9 (table contents not committed)
  load op 64 at 411: addr 0x507400548 idx 0 fmt 1 regoff 0x0 n 5 (table contents not committed)
  load op 9f at 548: addr 0x5074021b8 idx 0 fmt 1 regoff 0x0 n 98 (table contents not committed)
  load op 64 at 555: addr 0x507400570 idx 0 fmt 1 regoff 0x0 n 1 (table contents not committed)
  load op 9f at 560: addr 0x5073fe500 idx 0 fmt 1 regoff 0x0 n 33 (table contents not committed)
  load op 9f at 592: addr 0xfe0040068 idx 0 fmt 1 regoff 0x0 n 921 (table contents not committed)
  load op 9f at 599: addr 0x5073fe608 idx 0 fmt 1 regoff 0x0 n 70 (table contents not committed)
  load op 63 at 604: addr 0x908e5ff90 idx 0 fmt 1 regoff 0x0 n 6 (table contents not committed)
  load op 9f at 609: addr 0x908e5ffc0 idx 0 fmt 1 regoff 0x0 n 10 (table contents not committed)
  load op 63 at 614: addr 0x908e5f7d0 idx 0 fmt 1 regoff 0x0 n 6 (table contents not committed)
  load op 9f at 619: addr 0x908e5f800 idx 0 fmt 1 regoff 0x0 n 9 (table contents not committed)
  load op 64 at 624: addr 0x507400578 idx 0 fmt 1 regoff 0x0 n 5 (table contents not committed)
submit #267 dcb 798 dwords at 0x506e02500: pass 103 rewrite 35 drop 22 unmapped 0 cc 6 mappings 1133 ... OK rc 0 18.12 ms
state stack #267: push 3 pop 3 conditional 1 unmatched 0; restored 2763 regs (+2811 dwords); tables 17, unreadable 0
pipestat #267 (798 dwords): ia_verts 9 ia_prims 3 vs 9 gs_inv 3 gs_prims 0 c_inv 3 c_prims 3 ps 0 cs 0
submit #268 acb 463 dwords at 0x400526840: pass 43 rewrite 11 drop 27 unmapped 0 cc 0 mappings 1133 ... OK rc 0 18.05 ms
acb head: 1287 of 1336 dwords go ahead of the wait at 1287 on 0x400203b80
  load op 9f at 36: addr 0xfe0040068 idx 0 fmt 1 regoff 0x0 n 921 (table contents not committed)
  load op 63 at 41: addr 0xfe0042068 idx 0 fmt 1 regoff 0x0 n 174 (table contents not committed)
  load op 64 at 46: addr 0xfe00425d8 idx 0 fmt 1 regoff 0x0 n 57 (table contents not committed)
  load op 9f at 88: addr 0x505601500 idx 0 fmt 1 regoff 0x0 n 5 (table contents not committed)
  load op 64 at 93: addr 0x505600500 idx 0 fmt 1 regoff 0x0 n 2 (table contents not committed)
  load op 63 at 98: addr 0x5055ff500 idx 0 fmt 1 regoff 0x0 n 3 (table contents not committed)
  load op 9f at 756: addr 0xfe0040068 idx 0 fmt 1 regoff 0x0 n 921 (table contents not committed)
  load op 9f at 763: addr 0x505601528 idx 0 fmt 1 regoff 0x0 n 74 (table contents not committed)
  load op 63 at 768: addr 0x908e5ff90 idx 0 fmt 1 regoff 0x0 n 6 (table contents not committed)
  load op 9f at 773: addr 0x908e5ffc0 idx 0 fmt 1 regoff 0x0 n 10 (table contents not committed)
  load op 64 at 778: addr 0x505600510 idx 0 fmt 1 regoff 0x0 n 5 (table contents not committed)
  load op 9f at 901: addr 0xfe0040068 idx 0 fmt 1 regoff 0x0 n 921 (table contents not committed)
  load op 9f at 908: addr 0x505601778 idx 0 fmt 1 regoff 0x0 n 74 (table contents not committed)
  load op 63 at 913: addr 0x908e5ff90 idx 0 fmt 1 regoff 0x0 n 6 (table contents not committed)
  load op 9f at 918: addr 0x908e5ffc0 idx 0 fmt 1 regoff 0x0 n 10 (table contents not committed)
  load op 64 at 923: addr 0x505600538 idx 0 fmt 1 regoff 0x0 n 5 (table contents not committed)
  load op 9f at 1046: addr 0xfe0040068 idx 0 fmt 1 regoff 0x0 n 921 (table contents not committed)
  load op 9f at 1053: addr 0x5056019c8 idx 0 fmt 1 regoff 0x0 n 74 (table contents not committed)
  load op 63 at 1058: addr 0x908e5ff90 idx 0 fmt 1 regoff 0x0 n 6 (table contents not committed)
  load op 9f at 1063: addr 0x908e5ffc0 idx 0 fmt 1 regoff 0x0 n 10 (table contents not committed)
  load op 64 at 1068: addr 0x505600560 idx 0 fmt 1 regoff 0x0 n 5 (table contents not committed)
submit #269 dcb 1248 dwords at 0x505202500: pass 151 rewrite 46 drop 45 unmapped 0 cc 6 mappings 1133 ... OK rc 0 18.16 ms
state stack #269: push 3 pop 3 conditional 1 unmatched 0; restored 2763 regs (+2811 dwords); tables 11, unreadable 0
pipestat #269 (1248 dwords): ia_verts 9 ia_prims 3 vs 9 gs_inv 3 gs_prims 0 c_inv 3 c_prims 3 ps 0 cs 36864
flip 1/0 buffer 0x507410000 +0x1fe0000: sum 0x17ea65194594 nonzero 8100/8160 pattern 0
  target CB0 0x570e67000: distinct 10 min 0x00000000 max 0xffffffff,   target CB0 0x570e67000: nonzero 10/1024
  target CB0 0x563800000: distinct 1 min 0x00000000 max 0x00000000,   target CB0 0x563800000: nonzero 0/1024
  target CB0 0x55c00d000: distinct 4 min 0x00000000 max 0xffffffff,   target CB0 0x55c00d000: nonzero 147/1024
  target CB0 0x5637f0000: distinct 1 min 0x00000000 max 0x00000000,   target CB0 0x5637f0000: nonzero 0/1024
  target CB0 0x519df0000: distinct 1 min 0x38003800 max 0x38003800,   target CB0 0x519df0000: nonzero 1024/1024
  target CB0 0x570e65000: distinct 10 min 0x00000000 max 0xffffffff,   target CB0 0x570e65000: nonzero 12/1024
  target DB_HTILE 0x516870000: distinct 3 min 0x00000000 max 0xfffffff0,   target DB_HTILE 0x516870000: nonzero 80/1024
  target DB_Z_READ 0x5157a0000: distinct 1 min 0x3f800000 max 0x3f800000,   target DB_Z_READ 0x5157a0000: nonzero 1024/1024
  target DB_STENCIL_READ 0x5164b0000: distinct 3 min 0x00000000 max 0xfffffff0,   target DB_STENCIL_READ 0x5164b0000: nonzero 881/1024
  target CB0 0x511650000: distinct 1 min 0x00000000 max 0x00000000,   target CB0 0x511650000: nonzero 0/1024
  target CB0 0x570e08000: distinct 11 min 0x00000000 max 0xffffffff,   target CB0 0x570e08000: nonzero 60/1024
  target CB0 0x570e11000: distinct 11 min 0x00000000 max 0xffffffff,   target CB0 0x570e11000: nonzero 51/1024
  target CB0 0x513d80000: distinct 1 min 0x00000000 max 0x00000000,   target CB0 0x513d80000: nonzero 0/1024
  target CB0 0x570e3e000: distinct 10 min 0x00000000 max 0xffffffff,   target CB0 0x570e3e000: nonzero 21/1024
  target DB_HTILE 0x55c050000: distinct 3 min 0x00000000 max 0xffffffff,   target DB_HTILE 0x55c050000: nonzero 144/1024
  target DB_Z_READ 0x527430000: distinct 1 min 0xffffffff max 0xffffffff,   target DB_Z_READ 0x527430000: nonzero 1024/1024
submit #270 acb 1287 dwords at 0x400345640: pass 118 rewrite 35 drop 63 unmapped 0 cc 0 mappings 1133 ... OK rc 0 18.39 ms
cpu-wait WAIT_REG_MEM64 at 115 on 0x400203940: satisfied after 0.0 ms
cpu-wait WAIT_REG_MEM64 at 1629 on 0x4002039c0: satisfied after 0.0 ms
cpu-wait WAIT_REG_MEM64 at 9223 on 0x55d4d00b6e60: satisfied after 0.0 ms
hint CB0 0x570df9000: window 0x56edf0000+0x4000000, mapped +0.0 MiB
hint CB0 0x570e47000: window 0x56ee40000+0x4000000, mapped +0.0 MiB
hint CB0 0x53e430000: window 0x53c430000+0x4000000, mapped +0.0 MiB
hint CB0 0x570f92000: window 0x56ef90000+0x4000000, mapped +1.2 MiB
hint CB0 0x53fa40000: window 0x53da40000+0x4000000, mapped +0.0 MiB
hint CB0 0x540120000: window 0x53e120000+0x4000000, mapped +0.0 MiB
hint CB0 0x53e020000: window 0x53c020000+0x4000000, mapped +0.0 MiB
hint CB0 0x570fdb000: window 0x56efd0000+0x4000000, mapped +0.2 MiB
hint CB0 0x571137000: window 0x56f130000+0x4000000, mapped +1.4 MiB
hint CB0 0x53d8a0000: window 0x53b8a0000+0x4000000, mapped +0.0 MiB
hint CB0 0x57114f000: window 0x56f140000+0x4000000, mapped +0.1 MiB
hint CB0 0x53db20000: window 0x53bb20000+0x4000000, mapped +0.0 MiB
hint CB0 0x571153000: window 0x56f150000+0x4000000, mapped +0.1 MiB
hint CB0 0x53f100000: window 0x53d100000+0x4000000, mapped +0.0 MiB
hint CB0 0x53dbe0000: window 0x53bbe0000+0x4000000, mapped +0.0 MiB
hint CB0 0x53dc20000: window 0x53bc20000+0x4000000, mapped +0.0 MiB
hint CB0 0x53f1c0000: window 0x53d1c0000+0x4000000, mapped +0.0 MiB
hint CB0 0x53f1d0000: window 0x53d1d0000+0x4000000, mapped +0.0 MiB
hint CB0 0x53e890000: window 0x53c890000+0x4000000, mapped +0.0 MiB
hint CB0 0x571017000: window 0x56f010000+0x4000000, mapped +0.0 MiB
  indirect op 16 at 1246: base 0x5074063c0 +0x0 -> 1 1 1 0 0
  indirect op 16 at 1278: base 0x5074063e0 +0x0 -> 1 1 1 0 0
  indirect op 16 at 1310: base 0x50740a520 +0x0 -> 1 1 1 0 0
  indirect op 16 at 1342: base 0x50740a540 +0x0 -> 1 1 1 0 0
  indirect op 25 at 4584: base 0x56ddaffa0 +0x0 -> 1 512 0 0 0
  load op 9f at 28: addr 0xfe0040068 idx 0 fmt 1 regoff 0x0 n 921 (table contents not committed)
  load op 63 at 33: addr 0xfe0042068 idx 0 fmt 1 regoff 0x0 n 174 (table contents not committed)
  load op 64 at 38: addr 0xfe00425d8 idx 0 fmt 1 regoff 0x0 n 57 (table contents not committed)
  load op 9f at 80: addr 0x503501500 idx 0 fmt 1 regoff 0x0 n 295 (table contents not committed)
  load op 64 at 85: addr 0x503500500 idx 0 fmt 1 regoff 0x0 n 7 (table contents not committed)
  load op 63 at 90: addr 0x5034ff500 idx 0 fmt 1 regoff 0x0 n 13 (table contents not committed)
  load op 63 at 342: addr 0x5034ff568 idx 0 fmt 1 regoff 0x0 n 10 (table contents not committed)
  load op 63 at 734: addr 0x5034ff5b8 idx 0 fmt 1 regoff 0x0 n 18 (table contents not committed)
  load op 63 at 1217: addr 0x5034ff648 idx 0 fmt 1 regoff 0x0 n 10 (table contents not committed)
  load op 63 at 1249: addr 0x5034ff698 idx 0 fmt 1 regoff 0x0 n 10 (table contents not committed)
  load op 63 at 1281: addr 0x5034ff6e8 idx 0 fmt 1 regoff 0x0 n 10 (table contents not committed)
  load op 63 at 1313: addr 0x5034ff738 idx 0 fmt 1 regoff 0x0 n 10 (table contents not committed)
  load op 9f at 1724: addr 0xfe0040068 idx 0 fmt 1 regoff 0x0 n 921 (table contents not committed)
  load op 9f at 1731: addr 0x503501e38 idx 0 fmt 1 regoff 0x0 n 74 (table contents not committed)
  load op 63 at 1736: addr 0x908e5ff90 idx 0 fmt 1 regoff 0x0 n 6 (table contents not committed)
  load op 9f at 1741: addr 0x908e5ffc0 idx 0 fmt 1 regoff 0x0 n 10 (table contents not committed)
  load op 64 at 1746: addr 0x503500538 idx 0 fmt 1 regoff 0x0 n 5 (table contents not committed)
  load op 9f at 1799: addr 0x503502088 idx 0 fmt 1 regoff 0x0 n 132 (table contents not committed)
  load op 63 at 1804: addr 0x5034ff788 idx 0 fmt 1 regoff 0x0 n 30 (table contents not committed)
  load op 64 at 1884: addr 0x503500560 idx 0 fmt 1 regoff 0x0 n 5 (table contents not committed)
  load op 9f at 1891: addr 0x5034fd440 idx 0 fmt 1 regoff 0x0 n 175 (table contents not committed)
  load op 63 at 2106: addr 0x5034ff878 idx 0 fmt 1 regoff 0x0 n 20 (table contents not committed)
  load op 9f at 3069: addr 0xfe0040068 idx 0 fmt 1 regoff 0x0 n 921 (table contents not committed)
  load op 9f at 3076: addr 0x5034fd9b8 idx 0 fmt 1 regoff 0x0 n 70 (table contents not committed)
  load op 63 at 3081: addr 0x908e5ff90 idx 0 fmt 1 regoff 0x0 n 6 (table contents not committed)
  load op 9f at 3086: addr 0x908e5ffc0 idx 0 fmt 1 regoff 0x0 n 10 (table contents not committed)
  load op 63 at 3091: addr 0x908e5f7d0 idx 0 fmt 1 regoff 0x0 n 6 (table contents not committed)
  load op 9f at 3096: addr 0x908e5f800 idx 0 fmt 1 regoff 0x0 n 9 (table contents not committed)
  load op 64 at 3101: addr 0x503500588 idx 0 fmt 1 regoff 0x0 n 5 (table contents not committed)
  load op 9f at 3140: addr 0x5034fdbe8 idx 0 fmt 1 regoff 0x0 n 19 (table contents not committed)
  load op 63 at 3145: addr 0x5034ff918 idx 0 fmt 1 regoff 0x0 n 12 (table contents not committed)
  load op 9f at 3268: addr 0xfe0040068 idx 0 fmt 1 regoff 0x0 n 921 (table contents not committed)
  load op 9f at 3275: addr 0x5034fdc80 idx 0 fmt 1 regoff 0x0 n 74 (table contents not committed)
  load op 63 at 3280: addr 0x908e5ff90 idx 0 fmt 1 regoff 0x0 n 6 (table contents not committed)
  load op 9f at 3285: addr 0x908e5ffc0 idx 0 fmt 1 regoff 0x0 n 10 (table contents not committed)
  load op 64 at 3290: addr 0x5035005b0 idx 0 fmt 1 regoff 0x0 n 5 (table contents not committed)
  load op 9f at 3329: addr 0x5034fded0 idx 0 fmt 1 regoff 0x0 n 166 (table contents not committed)
  load op 63 at 3334: addr 0x5034ff978 idx 0 fmt 1 regoff 0x0 n 30 (table contents not committed)
  load op 64 at 3430: addr 0x5035005d8 idx 0 fmt 1 regoff 0x0 n 5 (table contents not committed)
  load op 9f at 3437: addr 0x5034fc320 idx 0 fmt 1 regoff 0x0 n 135 (table contents not committed)
  load op 63 at 3675: addr 0x5034ffa68 idx 0 fmt 1 regoff 0x0 n 36 (table contents not committed)
  load op 64 at 4540: addr 0x503500600 idx 0 fmt 1 regoff 0x0 n 6 (table contents not committed)
  load op 9f at 4545: addr 0x5034fc758 idx 0 fmt 1 regoff 0x0 n 376 (table contents not committed)
  load op 9f at 4552: addr 0x5034fb118 idx 0 fmt 1 regoff 0x0 n 205 (table contents not committed)
  load op 9f at 4853: addr 0xfe0040068 idx 0 fmt 1 regoff 0x0 n 921 (table contents not committed)
  load op 9f at 4860: addr 0x5034fb780 idx 0 fmt 1 regoff 0x0 n 74 (table contents not committed)
  load op 63 at 4865: addr 0x908e5ff90 idx 0 fmt 1 regoff 0x0 n 6 (table contents not committed)
  load op 9f at 4870: addr 0x908e5ffc0 idx 0 fmt 1 regoff 0x0 n 10 (table contents not committed)
  load op 64 at 4875: addr 0x503500630 idx 0 fmt 1 regoff 0x0 n 5 (table contents not committed)
  load op 63 at 4914: addr 0x5034ffb88 idx 0 fmt 1 regoff 0x0 n 21 (table contents not committed)
  load op 9f at 4925: addr 0x5034fb9d0 idx 0 fmt 1 regoff 0x0 n 223 (table contents not committed)
  load op 63 at 5714: addr 0x5034ffc30 idx 0 fmt 1 regoff 0x0 n 10 (table contents not committed)
  load op 63 at 5831: addr 0x5034ffc80 idx 0 fmt 1 regoff 0x0 n 28 (table contents not committed)
  load op 64 at 5910: addr 0x503500658 idx 0 fmt 1 regoff 0x0 n 5 (table contents not committed)
  load op 9f at 5917: addr 0x5034f9e30 idx 0 fmt 1 regoff 0x0 n 67 (table contents not committed)
  load op 9f at 6045: addr 0x5034fa048 idx 0 fmt 1 regoff 0x0 n 121 (table contents not committed)
  load op 63 at 6050: addr 0x5034ffd60 idx 0 fmt 1 regoff 0x0 n 18 (table contents not committed)
  load op 64 at 6055: addr 0x503500680 idx 0 fmt 1 regoff 0x0 n 3 (table contents not committed)
  load op 9f at 6204: addr 0x5034fa410 idx 0 fmt 1 regoff 0x0 n 121 (table contents not committed)
  load op 63 at 6209: addr 0x5034ffdf0 idx 0 fmt 1 regoff 0x0 n 18 (table contents not committed)
  load op 64 at 6214: addr 0x503500698 idx 0 fmt 1 regoff 0x0 n 3 (table contents not committed)
  load op 63 at 6578: addr 0x5034ffe80 idx 0 fmt 1 regoff 0x0 n 10 (table contents not committed)
  load op 9f at 7058: addr 0x5034fa7d8 idx 0 fmt 1 regoff 0x0 n 195 (table contents not committed)
  load op 9f at 7063: addr 0x5034f8d80 idx 0 fmt 1 regoff 0x0 n 85 (table contents not committed)
  load op 63 at 7068: addr 0x5034ffed0 idx 0 fmt 1 regoff 0x0 n 18 (table contents not committed)
  load op 64 at 7073: addr 0x5035006b0 idx 0 fmt 1 regoff 0x0 n 3 (table contents not committed)
  load op 9f at 7186: addr 0x5034f9028 idx 0 fmt 1 regoff 0x0 n 129 (table contents not committed)
  load op 63 at 7191: addr 0x5034fff60 idx 0 fmt 1 regoff 0x0 n 18 (table contents not committed)
  load op 64 at 7196: addr 0x5035006c8 idx 0 fmt 1 regoff 0x0 n 3 (table contents not committed)
  load op 9f at 7309: addr 0x5034f9430 idx 0 fmt 1 regoff 0x0 n 129 (table contents not committed)
  load op 63 at 7314: addr 0x5034ffff0 idx 0 fmt 1 regoff 0x0 n 18 (table contents not committed)
  load op 64 at 7319: addr 0x5035006e0 idx 0 fmt 1 regoff 0x0 n 3 (table contents not committed)
  load op 9f at 7432: addr 0x5034f9838 idx 0 fmt 1 regoff 0x0 n 58 (table contents not committed)
  load op 9f at 7537: addr 0x5034f9a08 idx 0 fmt 1 regoff 0x0 n 66 (table contents not committed)
  load op 9f at 7642: addr 0x5034f9c18 idx 0 fmt 1 regoff 0x0 n 37 (table contents not committed)
  load op 9f at 7647: addr 0x5034f7300 idx 0 fmt 1 regoff 0x0 n 21 (table contents not committed)
  load op 9f at 7752: addr 0x5034f73a8 idx 0 fmt 1 regoff 0x0 n 66 (table contents not committed)
  load op 9f at 7857: addr 0x5034f75b8 idx 0 fmt 1 regoff 0x0 n 58 (table contents not committed)
  load op 9f at 7962: addr 0x5034f7788 idx 0 fmt 1 regoff 0x0 n 130 (table contents not committed)
  load op 63 at 7967: addr 0x503500080 idx 0 fmt 1 regoff 0x0 n 18 (table contents not committed)
  load op 64 at 7972: addr 0x5035006f8 idx 0 fmt 1 regoff 0x0 n 3 (table contents not committed)
  load op 9f at 8099: addr 0x5034f7b98 idx 0 fmt 1 regoff 0x0 n 135 (table contents not committed)
  load op 63 at 8104: addr 0x503500110 idx 0 fmt 1 regoff 0x0 n 18 (table contents not committed)
  load op 64 at 8109: addr 0x503500710 idx 0 fmt 1 regoff 0x0 n 3 (table contents not committed)
  load op 63 at 8687: addr 0x5035001a0 idx 0 fmt 1 regoff 0x0 n 28 (table contents not committed)
  load op 64 at 9264: addr 0x503500728 idx 0 fmt 1 regoff 0x0 n 5 (table contents not committed)
  load op 9f at 9269: addr 0x5034f7fd0 idx 0 fmt 1 regoff 0x0 n 97 (table contents not committed)
  load op 9f at 9276: addr 0x5034f5868 idx 0 fmt 1 regoff 0x0 n 183 (table contents not committed)
submit #271 dcb 9774 dwords at 0x502e02500: pass 651 rewrite 493 drop 432 unmapped 1 cc 8 mappings 1138 ... OK rc 0 21.31 ms
state stack #271: push 4 pop 4 conditional 1 unmatched 0; restored 3684 regs (+3748 dwords); tables 40, unreadable 0
pipestat #271 (9774 dwords): ia_verts 575 ia_prims 533 vs 575 gs_inv 533 gs_prims 0 c_inv 192 c_prims 91 ps 41556336 cs 8014849
submit #272 acb 2 dwords at 0xfe003a200: pass 1 rewrite 0 drop 0 unmapped 0 cc 0 mappings 1138 ... OK rc 0 17.74 ms
cpu-wait WAIT_REG_MEM64 at 0 on 0x400203b80: satisfied after 0.0 ms
submit #273 cc 3 dwords at 0x313b17cf4: pass 0 rewrite 1 drop 0 unmapped 0 cc 1 mappings 1138 ... OK rc 0 17.77 ms
submit #274 acb 49 dwords at 0x400346a5c: pass 2 rewrite 3 drop 3 unmapped 0 cc 0 mappings 1138 ... OK rc 0 17.72 ms
  load op 61 at 10: base 0xfe0008000 pairs (0x0,215) (0xd8,272) (0x1f5,4) (0x1ff,158) (0x2a0,2) (0x2a3,1) (0x2a5,66) (0x2f5,203)
  load op 5f at 29: base 0xfe0010000 pairs (0x1,1) (0x6,38) (0x32,4) (0x80,4) (0x87,37) (0xb2,4) (0xc8,2) (0x100,4) (0x107,37) (0x132,4) (0x148,2) (0x204,3) (0x20c,2) (0x212,2) (0x215,6) (0x224,5) (0x22a,1) (0x240,16) (0x27d,1) (0x280,1) (0x207,3)
  load op 5e at 74: base 0xfe0011000 pairs (0x35,8) (0xa2,1) (0x242,1) (0x248,1) (0x24a,2) (0x25b,6) (0x262,1) (0x2bb,5) (0x2c4,16) (0x2e4,8) (0x380,2) (0x383,2) (0x41d,3) (0x24d,1)
  load op 61 at 105: base 0xfe0008000 pairs (0x0,0)
  load op 5f at 110: base 0xfe0010000 pairs (0x0,0)
  load op 5e at 115: base 0xfe0011000 pairs (0x0,0)
  load op 61 at 125: base 0xfe0008000 pairs (0x0,0)
  load op 5f at 130: base 0xfe0010000 pairs (0x0,0)
  load op 5e at 135: base 0xfe0011000 pairs (0x0,0)
submit #275 hib 150 dwords at 0xfe0000000: pass 12 rewrite 2 drop 2 unmapped 0 cc 2 mappings 1138 ... OK rc 0 17.86 ms
submit #276 hib 2 dwords at 0xfe003a200: pass 1 rewrite 0 drop 0 unmapped 0 cc 0 mappings 1138 ... OK rc 0 17.80 ms
  load op 9f at 38: addr 0xfe0040068 idx 0 fmt 1 regoff 0x0 n 921 (table contents not committed)
  load op 63 at 43: addr 0xfe0042068 idx 0 fmt 1 regoff 0x0 n 174 (table contents not committed)
  load op 64 at 48: addr 0xfe00425d8 idx 0 fmt 1 regoff 0x0 n 49 (table contents not committed)
submit #277 dcb 96 dwords at 0xfe0042920: pass 20 rewrite 2 drop 2 unmapped 0 cc 0 mappings 1138 ... OK rc 0 17.80 ms
  load op 9f at 36: addr 0xfe0040068 idx 0 fmt 1 regoff 0x0 n 921 (table contents not committed)
  load op 63 at 41: addr 0xfe0042068 idx 0 fmt 1 regoff 0x0 n 174 (table contents not committed)
  load op 64 at 46: addr 0xfe00425d8 idx 0 fmt 1 regoff 0x0 n 57 (table contents not committed)
  load op 9f at 88: addr 0x503c01500 idx 0 fmt 1 regoff 0x0 n 136 (table contents not committed)
  load op 64 at 93: addr 0x503c00500 idx 0 fmt 1 regoff 0x0 n 3 (table contents not committed)
  load op 63 at 98: addr 0x503bff500 idx 0 fmt 1 regoff 0x0 n 3 (table contents not committed)
  load op 9f at 1541: addr 0xfe0040068 idx 0 fmt 1 regoff 0x0 n 921 (table contents not committed)
  load op 9f at 1548: addr 0x503c01940 idx 0 fmt 1 regoff 0x0 n 70 (table contents not committed)
  load op 63 at 1553: addr 0x908e5ff90 idx 0 fmt 1 regoff 0x0 n 6 (table contents not committed)
  load op 9f at 1558: addr 0x908e5ffc0 idx 0 fmt 1 regoff 0x0 n 10 (table contents not committed)
  load op 63 at 1563: addr 0x908e5f7d0 idx 0 fmt 1 regoff 0x0 n 6 (table contents not committed)
  load op 9f at 1568: addr 0x908e5f800 idx 0 fmt 1 regoff 0x0 n 9 (table contents not committed)
  load op 64 at 1573: addr 0x503c00518 idx 0 fmt 1 regoff 0x0 n 5 (table contents not committed)
  load op 9f at 1691: addr 0x503c01b70 idx 0 fmt 1 regoff 0x0 n 131 (table contents not committed)
  load op 64 at 1698: addr 0x503c00540 idx 0 fmt 1 regoff 0x0 n 1 (table contents not committed)
  load op 9f at 1730: addr 0xfe0040068 idx 0 fmt 1 regoff 0x0 n 921 (table contents not committed)
  load op 9f at 1737: addr 0x503c01f88 idx 0 fmt 1 regoff 0x0 n 70 (table contents not committed)
  load op 63 at 1742: addr 0x908e5ff90 idx 0 fmt 1 regoff 0x0 n 6 (table contents not committed)
  load op 9f at 1747: addr 0x908e5ffc0 idx 0 fmt 1 regoff 0x0 n 10 (table contents not committed)
  load op 63 at 1752: addr 0x908e5f7d0 idx 0 fmt 1 regoff 0x0 n 6 (table contents not committed)
  load op 9f at 1757: addr 0x908e5f800 idx 0 fmt 1 regoff 0x0 n 9 (table contents not committed)
  load op 64 at 1762: addr 0x503c00548 idx 0 fmt 1 regoff 0x0 n 5 (table contents not committed)
  load op 63 at 1858: addr 0x503bff518 idx 0 fmt 1 regoff 0x0 n 10 (table contents not committed)
  load op 63 at 2049: addr 0x503bff568 idx 0 fmt 1 regoff 0x0 n 28 (table contents not committed)
  load op 64 at 2123: addr 0x503c00570 idx 0 fmt 1 regoff 0x0 n 5 (table contents not committed)
  load op 9f at 2130: addr 0x503c021b8 idx 0 fmt 1 regoff 0x0 n 96 (table contents not committed)
  load op 9f at 2135: addr 0x503bfe390 idx 0 fmt 1 regoff 0x0 n 194 (table contents not committed)
submit #278 dcb 2647 dwords at 0x503502500: pass 236 rewrite 123 drop 120 unmapped 0 cc 4 mappings 1138 ... OK rc 0 18.10 ms
state stack #278: push 2 pop 2 conditional 1 unmatched 0; restored 1842 regs (+1874 dwords); tables 13, unreadable 0
pipestat #278 (2647 dwords): ia_verts 9 ia_prims 3 vs 9 gs_inv 3 gs_prims 0 c_inv 3 c_prims 3 ps 3326976 cs 1339648
  load op 9f at 38: addr 0xfe0040068 idx 0 fmt 1 regoff 0x0 n 921 (table contents not committed)
  load op 63 at 43: addr 0xfe0042068 idx 0 fmt 1 regoff 0x0 n 174 (table contents not committed)
  load op 64 at 48: addr 0xfe00425d8 idx 0 fmt 1 regoff 0x0 n 57 (table contents not committed)
  load op 9f at 90: addr 0x505a01500 idx 0 fmt 1 regoff 0x0 n 5 (table contents not committed)
  load op 64 at 95: addr 0x505a00500 idx 0 fmt 1 regoff 0x0 n 2 (table contents not committed)
  load op 63 at 100: addr 0x5059ff500 idx 0 fmt 1 regoff 0x0 n 3 (table contents not committed)
submit #279 dcb 851 dwords at 0x505602500: pass 47 rewrite 55 drop 45 unmapped 0 cc 0 mappings 1138 ... OK rc 0 18.08 ms
pipestat #279 (851 dwords): ia_verts 0 ia_prims 0 vs 0 gs_inv 0 gs_prims 0 c_inv 0 c_prims 0 ps 0 cs 122880
submit #280 acb 2 dwords at 0xfe003a200: pass 1 rewrite 0 drop 0 unmapped 0 cc 0 mappings 1138 ... OK rc 0 17.76 ms
cpu-wait WAIT_REG_MEM64 at 87 on 0x400201a40: satisfied after 0.0 ms
  load op 9f at 35: addr 0xfe0040068 idx 0 fmt 1 regoff 0x0 n 921 (table contents not committed)
  load op 63 at 40: addr 0xfe0042068 idx 0 fmt 1 regoff 0x0 n 174 (table contents not committed)
  load op 64 at 45: addr 0xfe00425d8 idx 0 fmt 1 regoff 0x0 n 57 (table contents not committed)
  load op 9f at 87: addr 0x506801500 idx 0 fmt 1 regoff 0x0 n 136 (table contents not committed)
  load op 64 at 92: addr 0x506800500 idx 0 fmt 1 regoff 0x0 n 3 (table contents not committed)
  load op 63 at 97: addr 0x5067ff500 idx 0 fmt 1 regoff 0x0 n 3 (table contents not committed)
  load op 9f at 212: addr 0xfe0040068 idx 0 fmt 1 regoff 0x0 n 921 (table contents not committed)
  load op 9f at 219: addr 0x506801940 idx 0 fmt 1 regoff 0x0 n 70 (table contents not committed)
  load op 63 at 224: addr 0x908e5ff90 idx 0 fmt 1 regoff 0x0 n 6 (table contents not committed)
  load op 9f at 229: addr 0x908e5ffc0 idx 0 fmt 1 regoff 0x0 n 10 (table contents not committed)
  load op 63 at 234: addr 0x908e5f7d0 idx 0 fmt 1 regoff 0x0 n 6 (table contents not committed)
  load op 9f at 239: addr 0x908e5f800 idx 0 fmt 1 regoff 0x0 n 9 (table contents not committed)
  load op 64 at 244: addr 0x506800518 idx 0 fmt 1 regoff 0x0 n 5 (table contents not committed)
  load op 9f at 340: addr 0x506801b70 idx 0 fmt 1 regoff 0x0 n 131 (table contents not committed)
  load op 64 at 347: addr 0x506800540 idx 0 fmt 1 regoff 0x0 n 1 (table contents not committed)
  load op 9f at 379: addr 0xfe0040068 idx 0 fmt 1 regoff 0x0 n 921 (table contents not committed)
  load op 9f at 386: addr 0x506801f88 idx 0 fmt 1 regoff 0x0 n 70 (table contents not committed)
  load op 63 at 391: addr 0x908e5ff90 idx 0 fmt 1 regoff 0x0 n 6 (table contents not committed)
  load op 9f at 396: addr 0x908e5ffc0 idx 0 fmt 1 regoff 0x0 n 10 (table contents not committed)
  load op 63 at 401: addr 0x908e5f7d0 idx 0 fmt 1 regoff 0x0 n 6 (table contents not committed)
  load op 9f at 406: addr 0x908e5f800 idx 0 fmt 1 regoff 0x0 n 9 (table contents not committed)
  load op 64 at 411: addr 0x506800548 idx 0 fmt 1 regoff 0x0 n 5 (table contents not committed)
  load op 9f at 548: addr 0x5068021b8 idx 0 fmt 1 regoff 0x0 n 98 (table contents not committed)
  load op 64 at 555: addr 0x506800570 idx 0 fmt 1 regoff 0x0 n 1 (table contents not committed)
  load op 9f at 560: addr 0x5067fe500 idx 0 fmt 1 regoff 0x0 n 33 (table contents not committed)
  load op 9f at 592: addr 0xfe0040068 idx 0 fmt 1 regoff 0x0 n 921 (table contents not committed)
  load op 9f at 599: addr 0x5067fe608 idx 0 fmt 1 regoff 0x0 n 70 (table contents not committed)
  load op 63 at 604: addr 0x908e5ff90 idx 0 fmt 1 regoff 0x0 n 6 (table contents not committed)
  load op 9f at 609: addr 0x908e5ffc0 idx 0 fmt 1 regoff 0x0 n 10 (table contents not committed)
  load op 63 at 614: addr 0x908e5f7d0 idx 0 fmt 1 regoff 0x0 n 6 (table contents not committed)
  load op 9f at 619: addr 0x908e5f800 idx 0 fmt 1 regoff 0x0 n 9 (table contents not committed)
  load op 64 at 624: addr 0x506800578 idx 0 fmt 1 regoff 0x0 n 5 (table contents not committed)
submit #281 dcb 798 dwords at 0x506202500: pass 103 rewrite 35 drop 22 unmapped 0 cc 6 mappings 1138 ... OK rc 0 18.37 ms
state stack #281: push 3 pop 3 conditional 1 unmatched 0; restored 2763 regs (+2811 dwords); tables 17, unreadable 0
pipestat #281 (798 dwords): ia_verts 9 ia_prims 3 vs 9 gs_inv 3 gs_prims 0 c_inv 3 c_prims 3 ps 0 cs 0
submit #282 acb 463 dwords at 0x4003e6740: pass 43 rewrite 11 drop 27 unmapped 0 cc 0 mappings 1138 ... OK rc 0 17.99 ms
acb head: 1287 of 1336 dwords go ahead of the wait at 1287 on 0x400202380
  load op 9f at 36: addr 0xfe0040068 idx 0 fmt 1 regoff 0x0 n 921 (table contents not committed)
  load op 63 at 41: addr 0xfe0042068 idx 0 fmt 1 regoff 0x0 n 174 (table contents not committed)
  load op 64 at 46: addr 0xfe00425d8 idx 0 fmt 1 regoff 0x0 n 57 (table contents not committed)
  load op 9f at 88: addr 0x504e01500 idx 0 fmt 1 regoff 0x0 n 5 (table contents not committed)
  load op 64 at 93: addr 0x504e00500 idx 0 fmt 1 regoff 0x0 n 2 (table contents not committed)
  load op 63 at 98: addr 0x504dff500 idx 0 fmt 1 regoff 0x0 n 3 (table contents not committed)
  load op 9f at 756: addr 0xfe0040068 idx 0 fmt 1 regoff 0x0 n 921 (table contents not committed)
  load op 9f at 763: addr 0x504e01528 idx 0 fmt 1 regoff 0x0 n 74 (table contents not committed)
  load op 63 at 768: addr 0x908e5ff90 idx 0 fmt 1 regoff 0x0 n 6 (table contents not committed)
  load op 9f at 773: addr 0x908e5ffc0 idx 0 fmt 1 regoff 0x0 n 10 (table contents not committed)
  load op 64 at 778: addr 0x504e00510 idx 0 fmt 1 regoff 0x0 n 5 (table contents not committed)
  load op 9f at 901: addr 0xfe0040068 idx 0 fmt 1 regoff 0x0 n 921 (table contents not committed)
  load op 9f at 908: addr 0x504e01778 idx 0 fmt 1 regoff 0x0 n 74 (table contents not committed)
  load op 63 at 913: addr 0x908e5ff90 idx 0 fmt 1 regoff 0x0 n 6 (table contents not committed)
  load op 9f at 918: addr 0x908e5ffc0 idx 0 fmt 1 regoff 0x0 n 10 (table contents not committed)
  load op 64 at 923: addr 0x504e00538 idx 0 fmt 1 regoff 0x0 n 5 (table contents not committed)
  load op 9f at 1046: addr 0xfe0040068 idx 0 fmt 1 regoff 0x0 n 921 (table contents not committed)
  load op 9f at 1053: addr 0x504e019c8 idx 0 fmt 1 regoff 0x0 n 74 (table contents not committed)
  load op 63 at 1058: addr 0x908e5ff90 idx 0 fmt 1 regoff 0x0 n 6 (table contents not committed)
  load op 9f at 1063: addr 0x908e5ffc0 idx 0 fmt 1 regoff 0x0 n 10 (table contents not committed)
  load op 64 at 1068: addr 0x504e00560 idx 0 fmt 1 regoff 0x0 n 5 (table contents not committed)
submit #283 dcb 1248 dwords at 0x504a02500: pass 151 rewrite 46 drop 45 unmapped 0 cc 6 mappings 1138 ... OK rc 0 17.93 ms
state stack #283: push 3 pop 3 conditional 1 unmatched 0; restored 2763 regs (+2811 dwords); tables 11, unreadable 0
pipestat #283 (1248 dwords): ia_verts 9 ia_prims 3 vs 9 gs_inv 3 gs_prims 0 c_inv 3 c_prims 3 ps 0 cs 36864
flip 1/1 buffer 0x5093f0000 +0x1fe0000: sum 0x17ea65194594 nonzero 8100/8160 pattern 0
  target CB0 0x507410000: distinct 53 min 0xc0000000 max 0xc340d034,   target CB0 0x507410000: nonzero 1024/1024
  target CB0 0x563800000: distinct 1 min 0x00000000 max 0x00000000,   target CB0 0x563800000: nonzero 0/1024
  target CB0 0x55c00d000: distinct 4 min 0x00000000 max 0xffffffff,   target CB0 0x55c00d000: nonzero 147/1024
  target CB0 0x5637f0000: distinct 1 min 0x00000000 max 0x00000000,   target CB0 0x5637f0000: nonzero 0/1024
  target CB0 0x519df0000: distinct 1 min 0x38003800 max 0x38003800,   target CB0 0x519df0000: nonzero 1024/1024
  target CB0 0x570e65000: distinct 12 min 0x00000000 max 0xffffffff,   target CB0 0x570e65000: nonzero 129/1024
  target DB_HTILE 0x516870000: distinct 3 min 0x00000000 max 0xfffffff0,   target DB_HTILE 0x516870000: nonzero 80/1024
  target DB_Z_READ 0x5157a0000: distinct 1 min 0x3f800000 max 0x3f800000,   target DB_Z_READ 0x5157a0000: nonzero 1024/1024
  target DB_STENCIL_READ 0x5164b0000: distinct 3 min 0x00000000 max 0xfffffff0,   target DB_STENCIL_READ 0x5164b0000: nonzero 881/1024
  target CB0 0x511650000: distinct 1 min 0x00000000 max 0x00000000,   target CB0 0x511650000: nonzero 0/1024
  target CB0 0x570e08000: distinct 13 min 0x00000000 max 0xffffffff,   target CB0 0x570e08000: nonzero 177/1024
  target CB0 0x570e11000: distinct 13 min 0x00000000 max 0xffffffff,   target CB0 0x570e11000: nonzero 168/1024
  target CB0 0x513d80000: distinct 1 min 0x00000000 max 0x00000000,   target CB0 0x513d80000: nonzero 0/1024
  target CB0 0x570e3e000: distinct 12 min 0x00000000 max 0xffffffff,   target CB0 0x570e3e000: nonzero 138/1024
  target DB_HTILE 0x55c050000: distinct 3 min 0x00000000 max 0xffffffff,   target DB_HTILE 0x55c050000: nonzero 144/1024
  target DB_Z_READ 0x527430000: distinct 1 min 0xffffffff max 0xffffffff,   target DB_Z_READ 0x527430000: nonzero 1024/1024
submit #284 acb 1287 dwords at 0x400205540: pass 118 rewrite 35 drop 63 unmapped 0 cc 0 mappings 1138 ... OK rc 0 18.39 ms
cpu-wait WAIT_REG_MEM64 at 115 on 0x400201d40: satisfied after 0.0 ms
cpu-wait WAIT_REG_MEM64 at 1629 on 0x400201840: satisfied after 0.0 ms
cpu-wait WAIT_REG_MEM64 at 9223 on 0x55d4d00b6e68: satisfied after 0.0 ms
  indirect op 16 at 1246: base 0x5074063c0 +0x0 -> 1 1 1 0 0
  indirect op 16 at 1278: base 0x5074063e0 +0x0 -> 1 1 1 0 0
  indirect op 16 at 1310: base 0x50740a520 +0x0 -> 1 1 1 0 0
  indirect op 16 at 1342: base 0x50740a540 +0x0 -> 1 1 1 0 0
  indirect op 25 at 4584: base 0x56ddaffa0 +0x0 -> 1 512 0 0 0
  load op 9f at 28: addr 0xfe0040068 idx 0 fmt 1 regoff 0x0 n 921 (table contents not committed)
  load op 63 at 33: addr 0xfe0042068 idx 0 fmt 1 regoff 0x0 n 174 (table contents not committed)
  load op 64 at 38: addr 0xfe00425d8 idx 0 fmt 1 regoff 0x0 n 57 (table contents not committed)
  load op 9f at 80: addr 0x502701500 idx 0 fmt 1 regoff 0x0 n 295 (table contents not committed)
  load op 64 at 85: addr 0x502700500 idx 0 fmt 1 regoff 0x0 n 7 (table contents not committed)
  load op 63 at 90: addr 0x5026ff500 idx 0 fmt 1 regoff 0x0 n 13 (table contents not committed)
  load op 63 at 342: addr 0x5026ff568 idx 0 fmt 1 regoff 0x0 n 10 (table contents not committed)
  load op 63 at 734: addr 0x5026ff5b8 idx 0 fmt 1 regoff 0x0 n 18 (table contents not committed)
  load op 63 at 1217: addr 0x5026ff648 idx 0 fmt 1 regoff 0x0 n 10 (table contents not committed)
  load op 63 at 1249: addr 0x5026ff698 idx 0 fmt 1 regoff 0x0 n 10 (table contents not committed)
  load op 63 at 1281: addr 0x5026ff6e8 idx 0 fmt 1 regoff 0x0 n 10 (table contents not committed)
  load op 63 at 1313: addr 0x5026ff738 idx 0 fmt 1 regoff 0x0 n 10 (table contents not committed)
  load op 9f at 1724: addr 0xfe0040068 idx 0 fmt 1 regoff 0x0 n 921 (table contents not committed)
  load op 9f at 1731: addr 0x502701e38 idx 0 fmt 1 regoff 0x0 n 74 (table contents not committed)
  load op 63 at 1736: addr 0x908e5ff90 idx 0 fmt 1 regoff 0x0 n 6 (table contents not committed)
  load op 9f at 1741: addr 0x908e5ffc0 idx 0 fmt 1 regoff 0x0 n 10 (table contents not committed)
  load op 64 at 1746: addr 0x502700538 idx 0 fmt 1 regoff 0x0 n 5 (table contents not committed)
  load op 9f at 1799: addr 0x502702088 idx 0 fmt 1 regoff 0x0 n 132 (table contents not committed)
  load op 63 at 1804: addr 0x5026ff788 idx 0 fmt 1 regoff 0x0 n 30 (table contents not committed)
  load op 64 at 1884: addr 0x502700560 idx 0 fmt 1 regoff 0x0 n 5 (table contents not committed)
  load op 9f at 1891: addr 0x5026fd440 idx 0 fmt 1 regoff 0x0 n 175 (table contents not committed)
  load op 63 at 2106: addr 0x5026ff878 idx 0 fmt 1 regoff 0x0 n 20 (table contents not committed)
  load op 9f at 3069: addr 0xfe0040068 idx 0 fmt 1 regoff 0x0 n 921 (table contents not committed)
  load op 9f at 3076: addr 0x5026fd9b8 idx 0 fmt 1 regoff 0x0 n 70 (table contents not committed)
  load op 63 at 3081: addr 0x908e5ff90 idx 0 fmt 1 regoff 0x0 n 6 (table contents not committed)
  load op 9f at 3086: addr 0x908e5ffc0 idx 0 fmt 1 regoff 0x0 n 10 (table contents not committed)
  load op 63 at 3091: addr 0x908e5f7d0 idx 0 fmt 1 regoff 0x0 n 6 (table contents not committed)
  load op 9f at 3096: addr 0x908e5f800 idx 0 fmt 1 regoff 0x0 n 9 (table contents not committed)
  load op 64 at 3101: addr 0x502700588 idx 0 fmt 1 regoff 0x0 n 5 (table contents not committed)
  load op 9f at 3140: addr 0x5026fdbe8 idx 0 fmt 1 regoff 0x0 n 19 (table contents not committed)
  load op 63 at 3145: addr 0x5026ff918 idx 0 fmt 1 regoff 0x0 n 12 (table contents not committed)
  load op 9f at 3268: addr 0xfe0040068 idx 0 fmt 1 regoff 0x0 n 921 (table contents not committed)
  load op 9f at 3275: addr 0x5026fdc80 idx 0 fmt 1 regoff 0x0 n 74 (table contents not committed)
  load op 63 at 3280: addr 0x908e5ff90 idx 0 fmt 1 regoff 0x0 n 6 (table contents not committed)
  load op 9f at 3285: addr 0x908e5ffc0 idx 0 fmt 1 regoff 0x0 n 10 (table contents not committed)
  load op 64 at 3290: addr 0x5027005b0 idx 0 fmt 1 regoff 0x0 n 5 (table contents not committed)
  load op 9f at 3329: addr 0x5026fded0 idx 0 fmt 1 regoff 0x0 n 166 (table contents not committed)
  load op 63 at 3334: addr 0x5026ff978 idx 0 fmt 1 regoff 0x0 n 30 (table contents not committed)
  load op 64 at 3430: addr 0x5027005d8 idx 0 fmt 1 regoff 0x0 n 5 (table contents not committed)
  load op 9f at 3437: addr 0x5026fc320 idx 0 fmt 1 regoff 0x0 n 135 (table contents not committed)
  load op 63 at 3675: addr 0x5026ffa68 idx 0 fmt 1 regoff 0x0 n 36 (table contents not committed)
  load op 64 at 4540: addr 0x502700600 idx 0 fmt 1 regoff 0x0 n 6 (table contents not committed)
  load op 9f at 4545: addr 0x5026fc758 idx 0 fmt 1 regoff 0x0 n 376 (table contents not committed)
  load op 9f at 4552: addr 0x5026fb118 idx 0 fmt 1 regoff 0x0 n 205 (table contents not committed)
  load op 9f at 4853: addr 0xfe0040068 idx 0 fmt 1 regoff 0x0 n 921 (table contents not committed)
  load op 9f at 4860: addr 0x5026fb780 idx 0 fmt 1 regoff 0x0 n 74 (table contents not committed)
  load op 63 at 4865: addr 0x908e5ff90 idx 0 fmt 1 regoff 0x0 n 6 (table contents not committed)
  load op 9f at 4870: addr 0x908e5ffc0 idx 0 fmt 1 regoff 0x0 n 10 (table contents not committed)
  load op 64 at 4875: addr 0x502700630 idx 0 fmt 1 regoff 0x0 n 5 (table contents not committed)
  load op 63 at 4914: addr 0x5026ffb88 idx 0 fmt 1 regoff 0x0 n 21 (table contents not committed)
  load op 9f at 4925: addr 0x5026fb9d0 idx 0 fmt 1 regoff 0x0 n 223 (table contents not committed)
  load op 63 at 5714: addr 0x5026ffc30 idx 0 fmt 1 regoff 0x0 n 10 (table contents not committed)
  load op 63 at 5831: addr 0x5026ffc80 idx 0 fmt 1 regoff 0x0 n 28 (table contents not committed)
  load op 64 at 5910: addr 0x502700658 idx 0 fmt 1 regoff 0x0 n 5 (table contents not committed)
  load op 9f at 5917: addr 0x5026f9e30 idx 0 fmt 1 regoff 0x0 n 67 (table contents not committed)
  load op 9f at 6045: addr 0x5026fa048 idx 0 fmt 1 regoff 0x0 n 121 (table contents not committed)
  load op 63 at 6050: addr 0x5026ffd60 idx 0 fmt 1 regoff 0x0 n 18 (table contents not committed)
  load op 64 at 6055: addr 0x502700680 idx 0 fmt 1 regoff 0x0 n 3 (table contents not committed)
  load op 9f at 6204: addr 0x5026fa410 idx 0 fmt 1 regoff 0x0 n 121 (table contents not committed)
  load op 63 at 6209: addr 0x5026ffdf0 idx 0 fmt 1 regoff 0x0 n 18 (table contents not committed)
  load op 64 at 6214: addr 0x502700698 idx 0 fmt 1 regoff 0x0 n 3 (table contents not committed)
  load op 63 at 6578: addr 0x5026ffe80 idx 0 fmt 1 regoff 0x0 n 10 (table contents not committed)
  load op 9f at 7058: addr 0x5026fa7d8 idx 0 fmt 1 regoff 0x0 n 195 (table contents not committed)
  load op 9f at 7063: addr 0x5026f8d80 idx 0 fmt 1 regoff 0x0 n 85 (table contents not committed)
  load op 63 at 7068: addr 0x5026ffed0 idx 0 fmt 1 regoff 0x0 n 18 (table contents not committed)
  load op 64 at 7073: addr 0x5027006b0 idx 0 fmt 1 regoff 0x0 n 3 (table contents not committed)
  load op 9f at 7186: addr 0x5026f9028 idx 0 fmt 1 regoff 0x0 n 129 (table contents not committed)
  load op 63 at 7191: addr 0x5026fff60 idx 0 fmt 1 regoff 0x0 n 18 (table contents not committed)
  load op 64 at 7196: addr 0x5027006c8 idx 0 fmt 1 regoff 0x0 n 3 (table contents not committed)
  load op 9f at 7309: addr 0x5026f9430 idx 0 fmt 1 regoff 0x0 n 129 (table contents not committed)
  load op 63 at 7314: addr 0x5026ffff0 idx 0 fmt 1 regoff 0x0 n 18 (table contents not committed)
  load op 64 at 7319: addr 0x5027006e0 idx 0 fmt 1 regoff 0x0 n 3 (table contents not committed)
  load op 9f at 7432: addr 0x5026f9838 idx 0 fmt 1 regoff 0x0 n 58 (table contents not committed)
  load op 9f at 7537: addr 0x5026f9a08 idx 0 fmt 1 regoff 0x0 n 66 (table contents not committed)
  load op 9f at 7642: addr 0x5026f9c18 idx 0 fmt 1 regoff 0x0 n 37 (table contents not committed)
  load op 9f at 7647: addr 0x5026f7300 idx 0 fmt 1 regoff 0x0 n 21 (table contents not committed)
  load op 9f at 7752: addr 0x5026f73a8 idx 0 fmt 1 regoff 0x0 n 66 (table contents not committed)
  load op 9f at 7857: addr 0x5026f75b8 idx 0 fmt 1 regoff 0x0 n 58 (table contents not committed)
  load op 9f at 7962: addr 0x5026f7788 idx 0 fmt 1 regoff 0x0 n 130 (table contents not committed)
  load op 63 at 7967: addr 0x502700080 idx 0 fmt 1 regoff 0x0 n 18 (table contents not committed)
  load op 64 at 7972: addr 0x5027006f8 idx 0 fmt 1 regoff 0x0 n 3 (table contents not committed)
  load op 9f at 8099: addr 0x5026f7b98 idx 0 fmt 1 regoff 0x0 n 135 (table contents not committed)
  load op 63 at 8104: addr 0x502700110 idx 0 fmt 1 regoff 0x0 n 18 (table contents not committed)
  load op 64 at 8109: addr 0x502700710 idx 0 fmt 1 regoff 0x0 n 3 (table contents not committed)
  load op 63 at 8687: addr 0x5027001a0 idx 0 fmt 1 regoff 0x0 n 28 (table contents not committed)
  load op 64 at 9264: addr 0x502700728 idx 0 fmt 1 regoff 0x0 n 5 (table contents not committed)
  load op 9f at 9269: addr 0x5026f7fd0 idx 0 fmt 1 regoff 0x0 n 97 (table contents not committed)
  load op 9f at 9276: addr 0x5026f5868 idx 0 fmt 1 regoff 0x0 n 183 (table contents not committed)
submit #285 dcb 9774 dwords at 0x502002500: pass 651 rewrite 493 drop 432 unmapped 1 cc 8 mappings 1138 ... OK rc 0 21.18 ms
state stack #285: push 4 pop 4 conditional 1 unmatched 0; restored 3684 regs (+3748 dwords); tables 40, unreadable 0
pipestat #285 (9774 dwords): ia_verts 575 ia_prims 533 vs 575 gs_inv 533 gs_prims 0 c_inv 192 c_prims 91 ps 41556336 cs 8014849
map 0x3358c8000 +0x40000 ... ok
map 0x100e700000 +0x50000 ... ok
swapped pages taken as resident so far: 0
vmas 108 total 13075.0 MiB resident 3494.4 MiB mapped 3494.5 MiB
submit #286 acb 2 dwords at 0xfe003a200: pass 1 rewrite 0 drop 0 unmapped 0 cc 0 mappings 1140 ... OK rc 0 18.02 ms
cpu-wait WAIT_REG_MEM64 at 0 on 0x400202380: satisfied after 0.0 ms
submit #287 cc 3 dwords at 0x313b17cf4: pass 0 rewrite 1 drop 0 unmapped 0 cc 1 mappings 1140 ... OK rc 0 18.01 ms
submit #288 acb 49 dwords at 0x40020695c: pass 2 rewrite 3 drop 3 unmapped 0 cc 0 mappings 1140 ... OK rc 0 17.90 ms
map 0x335908000 +0x10000 ... ok
swapped pages taken as resident so far: 0
vmas 108 total 13075.0 MiB resident 3494.5 MiB mapped 3494.5 MiB
  load op 61 at 10: base 0xfe0008000 pairs (0x0,215) (0xd8,272) (0x1f5,4) (0x1ff,158) (0x2a0,2) (0x2a3,1) (0x2a5,66) (0x2f5,203)
  load op 5f at 29: base 0xfe0010000 pairs (0x1,1) (0x6,38) (0x32,4) (0x80,4) (0x87,37) (0xb2,4) (0xc8,2) (0x100,4) (0x107,37) (0x132,4) (0x148,2) (0x204,3) (0x20c,2) (0x212,2) (0x215,6) (0x224,5) (0x22a,1) (0x240,16) (0x27d,1) (0x280,1) (0x207,3)
  load op 5e at 74: base 0xfe0011000 pairs (0x35,8) (0xa2,1) (0x242,1) (0x248,1) (0x24a,2) (0x25b,6) (0x262,1) (0x2bb,5) (0x2c4,16) (0x2e4,8) (0x380,2) (0x383,2) (0x41d,3) (0x24d,1)
  load op 61 at 105: base 0xfe0008000 pairs (0x0,0)
  load op 5f at 110: base 0xfe0010000 pairs (0x0,0)
  load op 5e at 115: base 0xfe0011000 pairs (0x0,0)
  load op 61 at 125: base 0xfe0008000 pairs (0x0,0)
  load op 5f at 130: base 0xfe0010000 pairs (0x0,0)
  load op 5e at 135: base 0xfe0011000 pairs (0x0,0)
submit #289 hib 150 dwords at 0xfe0000000: pass 12 rewrite 2 drop 2 unmapped 0 cc 2 mappings 1141 ... OK rc 0 17.82 ms
submit #290 hib 2 dwords at 0xfe003a200: pass 1 rewrite 0 drop 0 unmapped 0 cc 0 mappings 1141 ... OK rc 0 17.74 ms
  load op 9f at 38: addr 0xfe0040068 idx 0 fmt 1 regoff 0x0 n 921 (table contents not committed)
  load op 63 at 43: addr 0xfe0042068 idx 0 fmt 1 regoff 0x0 n 174 (table contents not committed)
  load op 64 at 48: addr 0xfe00425d8 idx 0 fmt 1 regoff 0x0 n 49 (table contents not committed)
submit #291 dcb 96 dwords at 0xfe0042920: pass 20 rewrite 2 drop 2 unmapped 0 cc 0 mappings 1141 ... OK rc 0 18.18 ms
  load op 9f at 36: addr 0xfe0040068 idx 0 fmt 1 regoff 0x0 n 921 (table contents not committed)
  load op 63 at 41: addr 0xfe0042068 idx 0 fmt 1 regoff 0x0 n 174 (table contents not committed)
  load op 64 at 46: addr 0xfe00425d8 idx 0 fmt 1 regoff 0x0 n 57 (table contents not committed)
  load op 9f at 88: addr 0x504301500 idx 0 fmt 1 regoff 0x0 n 136 (table contents not committed)
  load op 64 at 93: addr 0x504300500 idx 0 fmt 1 regoff 0x0 n 3 (table contents not committed)
  load op 63 at 98: addr 0x5042ff500 idx 0 fmt 1 regoff 0x0 n 3 (table contents not committed)
  load op 9f at 1541: addr 0xfe0040068 idx 0 fmt 1 regoff 0x0 n 921 (table contents not committed)
  load op 9f at 1548: addr 0x504301940 idx 0 fmt 1 regoff 0x0 n 70 (table contents not committed)
  load op 63 at 1553: addr 0x908e5ff90 idx 0 fmt 1 regoff 0x0 n 6 (table contents not committed)
  load op 9f at 1558: addr 0x908e5ffc0 idx 0 fmt 1 regoff 0x0 n 10 (table contents not committed)
  load op 63 at 1563: addr 0x908e5f7d0 idx 0 fmt 1 regoff 0x0 n 6 (table contents not committed)
  load op 9f at 1568: addr 0x908e5f800 idx 0 fmt 1 regoff 0x0 n 9 (table contents not committed)
  load op 64 at 1573: addr 0x504300518 idx 0 fmt 1 regoff 0x0 n 5 (table contents not committed)
  load op 9f at 1691: addr 0x504301b70 idx 0 fmt 1 regoff 0x0 n 131 (table contents not committed)
  load op 64 at 1698: addr 0x504300540 idx 0 fmt 1 regoff 0x0 n 1 (table contents not committed)
  load op 9f at 1730: addr 0xfe0040068 idx 0 fmt 1 regoff 0x0 n 921 (table contents not committed)
  load op 9f at 1737: addr 0x504301f88 idx 0 fmt 1 regoff 0x0 n 70 (table contents not committed)
  load op 63 at 1742: addr 0x908e5ff90 idx 0 fmt 1 regoff 0x0 n 6 (table contents not committed)
  load op 9f at 1747: addr 0x908e5ffc0 idx 0 fmt 1 regoff 0x0 n 10 (table contents not committed)
  load op 63 at 1752: addr 0x908e5f7d0 idx 0 fmt 1 regoff 0x0 n 6 (table contents not committed)
  load op 9f at 1757: addr 0x908e5f800 idx 0 fmt 1 regoff 0x0 n 9 (table contents not committed)
  load op 64 at 1762: addr 0x504300548 idx 0 fmt 1 regoff 0x0 n 5 (table contents not committed)
  load op 63 at 1858: addr 0x5042ff518 idx 0 fmt 1 regoff 0x0 n 10 (table contents not committed)
  load op 63 at 2049: addr 0x5042ff568 idx 0 fmt 1 regoff 0x0 n 28 (table contents not committed)
  load op 64 at 2123: addr 0x504300570 idx 0 fmt 1 regoff 0x0 n 5 (table contents not committed)
  load op 9f at 2130: addr 0x5043021b8 idx 0 fmt 1 regoff 0x0 n 96 (table contents not committed)
  load op 9f at 2135: addr 0x5042fe390 idx 0 fmt 1 regoff 0x0 n 194 (table contents not committed)
submit #292 dcb 2647 dwords at 0x503c02500: pass 236 rewrite 123 drop 120 unmapped 0 cc 4 mappings 1141 ... OK rc 0 18.02 ms
state stack #292: push 2 pop 2 conditional 1 unmatched 0; restored 1842 regs (+1874 dwords); tables 13, unreadable 0
pipestat #292 (2647 dwords): ia_verts 9 ia_prims 3 vs 9 gs_inv 3 gs_prims 0 c_inv 3 c_prims 3 ps 3326976 cs 1339648
  load op 9f at 38: addr 0xfe0040068 idx 0 fmt 1 regoff 0x0 n 921 (table contents not committed)
  load op 63 at 43: addr 0xfe0042068 idx 0 fmt 1 regoff 0x0 n 174 (table contents not committed)
  load op 64 at 48: addr 0xfe00425d8 idx 0 fmt 1 regoff 0x0 n 57 (table contents not committed)
  load op 9f at 90: addr 0x505e01500 idx 0 fmt 1 regoff 0x0 n 5 (table contents not committed)
  load op 64 at 95: addr 0x505e00500 idx 0 fmt 1 regoff 0x0 n 2 (table contents not committed)
  load op 63 at 100: addr 0x505dff500 idx 0 fmt 1 regoff 0x0 n 3 (table contents not committed)
submit #293 dcb 851 dwords at 0x505a02500: pass 47 rewrite 55 drop 45 unmapped 0 cc 0 mappings 1141 ... OK rc 0 17.92 ms
pipestat #293 (851 dwords): ia_verts 0 ia_prims 0 vs 0 gs_inv 0 gs_prims 0 c_inv 0 c_prims 0 ps 0 cs 122880
submit #294 acb 2 dwords at 0xfe003a200: pass 1 rewrite 0 drop 0 unmapped 0 cc 0 mappings 1141 ... OK rc 0 18.11 ms
cpu-wait WAIT_REG_MEM64 at 87 on 0x400202d80: satisfied after 0.0 ms
  load op 9f at 35: addr 0xfe0040068 idx 0 fmt 1 regoff 0x0 n 921 (table contents not committed)
  load op 63 at 40: addr 0xfe0042068 idx 0 fmt 1 regoff 0x0 n 174 (table contents not committed)
  load op 64 at 45: addr 0xfe00425d8 idx 0 fmt 1 regoff 0x0 n 57 (table contents not committed)
  load op 9f at 87: addr 0x506e01500 idx 0 fmt 1 regoff 0x0 n 136 (table contents not committed)
  load op 64 at 92: addr 0x506e00500 idx 0 fmt 1 regoff 0x0 n 3 (table contents not committed)
  load op 63 at 97: addr 0x506dff500 idx 0 fmt 1 regoff 0x0 n 3 (table contents not committed)
  load op 9f at 212: addr 0xfe0040068 idx 0 fmt 1 regoff 0x0 n 921 (table contents not committed)
  load op 9f at 219: addr 0x506e01940 idx 0 fmt 1 regoff 0x0 n 70 (table contents not committed)
  load op 63 at 224: addr 0x908e5ff90 idx 0 fmt 1 regoff 0x0 n 6 (table contents not committed)
  load op 9f at 229: addr 0x908e5ffc0 idx 0 fmt 1 regoff 0x0 n 10 (table contents not committed)
  load op 63 at 234: addr 0x908e5f7d0 idx 0 fmt 1 regoff 0x0 n 6 (table contents not committed)
  load op 9f at 239: addr 0x908e5f800 idx 0 fmt 1 regoff 0x0 n 9 (table contents not committed)
  load op 64 at 244: addr 0x506e00518 idx 0 fmt 1 regoff 0x0 n 5 (table contents not committed)
  load op 9f at 340: addr 0x506e01b70 idx 0 fmt 1 regoff 0x0 n 131 (table contents not committed)
  load op 64 at 347: addr 0x506e00540 idx 0 fmt 1 regoff 0x0 n 1 (table contents not committed)
  load op 9f at 379: addr 0xfe0040068 idx 0 fmt 1 regoff 0x0 n 921 (table contents not committed)
  load op 9f at 386: addr 0x506e01f88 idx 0 fmt 1 regoff 0x0 n 70 (table contents not committed)
  load op 63 at 391: addr 0x908e5ff90 idx 0 fmt 1 regoff 0x0 n 6 (table contents not committed)
  load op 9f at 396: addr 0x908e5ffc0 idx 0 fmt 1 regoff 0x0 n 10 (table contents not committed)
  load op 63 at 401: addr 0x908e5f7d0 idx 0 fmt 1 regoff 0x0 n 6 (table contents not committed)
  load op 9f at 406: addr 0x908e5f800 idx 0 fmt 1 regoff 0x0 n 9 (table contents not committed)
  load op 64 at 411: addr 0x506e00548 idx 0 fmt 1 regoff 0x0 n 5 (table contents not committed)
  load op 9f at 548: addr 0x506e021b8 idx 0 fmt 1 regoff 0x0 n 98 (table contents not committed)
  load op 64 at 555: addr 0x506e00570 idx 0 fmt 1 regoff 0x0 n 1 (table contents not committed)
  load op 9f at 560: addr 0x506dfe500 idx 0 fmt 1 regoff 0x0 n 33 (table contents not committed)
  load op 9f at 592: addr 0xfe0040068 idx 0 fmt 1 regoff 0x0 n 921 (table contents not committed)
  load op 9f at 599: addr 0x506dfe608 idx 0 fmt 1 regoff 0x0 n 70 (table contents not committed)
  load op 63 at 604: addr 0x908e5ff90 idx 0 fmt 1 regoff 0x0 n 6 (table contents not committed)
  load op 9f at 609: addr 0x908e5ffc0 idx 0 fmt 1 regoff 0x0 n 10 (table contents not committed)
  load op 63 at 614: addr 0x908e5f7d0 idx 0 fmt 1 regoff 0x0 n 6 (table contents not committed)
  load op 9f at 619: addr 0x908e5f800 idx 0 fmt 1 regoff 0x0 n 9 (table contents not committed)
  load op 64 at 624: addr 0x506e00578 idx 0 fmt 1 regoff 0x0 n 5 (table contents not committed)
submit #295 dcb 798 dwords at 0x506802500: pass 103 rewrite 35 drop 22 unmapped 0 cc 6 mappings 1141 ... OK rc 0 18.09 ms
state stack #295: push 3 pop 3 conditional 1 unmatched 0; restored 2763 regs (+2811 dwords); tables 17, unreadable 0
pipestat #295 (798 dwords): ia_verts 9 ia_prims 3 vs 9 gs_inv 3 gs_prims 0 c_inv 3 c_prims 3 ps 0 cs 0
submit #296 acb 463 dwords at 0x4004867c0: pass 43 rewrite 11 drop 27 unmapped 0 cc 0 mappings 1141 ... OK rc 0 18.02 ms
acb head: 1287 of 1336 dwords go ahead of the wait at 1287 on 0x400202f80
  load op 9f at 36: addr 0xfe0040068 idx 0 fmt 1 regoff 0x0 n 921 (table contents not committed)
  load op 63 at 41: addr 0xfe0042068 idx 0 fmt 1 regoff 0x0 n 174 (table contents not committed)
  load op 64 at 46: addr 0xfe00425d8 idx 0 fmt 1 regoff 0x0 n 57 (table contents not committed)
  load op 9f at 88: addr 0x505201500 idx 0 fmt 1 regoff 0x0 n 5 (table contents not committed)
  load op 64 at 93: addr 0x505200500 idx 0 fmt 1 regoff 0x0 n 2 (table contents not committed)
  load op 63 at 98: addr 0x5051ff500 idx 0 fmt 1 regoff 0x0 n 3 (table contents not committed)
  load op 9f at 756: addr 0xfe0040068 idx 0 fmt 1 regoff 0x0 n 921 (table contents not committed)
  load op 9f at 763: addr 0x505201528 idx 0 fmt 1 regoff 0x0 n 74 (table contents not committed)
  load op 63 at 768: addr 0x908e5ff90 idx 0 fmt 1 regoff 0x0 n 6 (table contents not committed)
  load op 9f at 773: addr 0x908e5ffc0 idx 0 fmt 1 regoff 0x0 n 10 (table contents not committed)
  load op 64 at 778: addr 0x505200510 idx 0 fmt 1 regoff 0x0 n 5 (table contents not committed)
  load op 9f at 901: addr 0xfe0040068 idx 0 fmt 1 regoff 0x0 n 921 (table contents not committed)
  load op 9f at 908: addr 0x505201778 idx 0 fmt 1 regoff 0x0 n 74 (table contents not committed)
  load op 63 at 913: addr 0x908e5ff90 idx 0 fmt 1 regoff 0x0 n 6 (table contents not committed)
  load op 9f at 918: addr 0x908e5ffc0 idx 0 fmt 1 regoff 0x0 n 10 (table contents not committed)
  load op 64 at 923: addr 0x505200538 idx 0 fmt 1 regoff 0x0 n 5 (table contents not committed)
  load op 9f at 1046: addr 0xfe0040068 idx 0 fmt 1 regoff 0x0 n 921 (table contents not committed)
  load op 9f at 1053: addr 0x5052019c8 idx 0 fmt 1 regoff 0x0 n 74 (table contents not committed)
  load op 63 at 1058: addr 0x908e5ff90 idx 0 fmt 1 regoff 0x0 n 6 (table contents not committed)
  load op 9f at 1063: addr 0x908e5ffc0 idx 0 fmt 1 regoff 0x0 n 10 (table contents not committed)
  load op 64 at 1068: addr 0x505200560 idx 0 fmt 1 regoff 0x0 n 5 (table contents not committed)
submit #297 dcb 1248 dwords at 0x504e02500: pass 151 rewrite 46 drop 45 unmapped 0 cc 6 mappings 1141 ... OK rc 0 17.91 ms
state stack #297: push 3 pop 3 conditional 1 unmatched 0; restored 2763 regs (+2811 dwords); tables 11, unreadable 0
pipestat #297 (1248 dwords): ia_verts 9 ia_prims 3 vs 9 gs_inv 3 gs_prims 0 c_inv 3 c_prims 3 ps 0 cs 36864
flip 1/0 buffer 0x507410000 +0x1fe0000: sum 0x17ea65194594 nonzero 8100/8160 pattern 0
  target CB0 0x5093f0000: distinct 53 min 0xc0000000 max 0xc340d034,   target CB0 0x5093f0000: nonzero 1024/1024
  target CB0 0x563800000: distinct 1 min 0x00000000 max 0x00000000,   target CB0 0x563800000: nonzero 0/1024
  target CB0 0x55c00d000: distinct 4 min 0x00000000 max 0xffffffff,   target CB0 0x55c00d000: nonzero 147/1024
  target CB0 0x5637f0000: distinct 1 min 0x00000000 max 0x00000000,   target CB0 0x5637f0000: nonzero 0/1024
  target CB0 0x519df0000: distinct 1 min 0x38003800 max 0x38003800,   target CB0 0x519df0000: nonzero 1024/1024
  target CB0 0x570e65000: distinct 12 min 0x00000000 max 0xffffffff,   target CB0 0x570e65000: nonzero 129/1024
  target DB_HTILE 0x516870000: distinct 3 min 0x00000000 max 0xfffffff0,   target DB_HTILE 0x516870000: nonzero 80/1024
  target DB_Z_READ 0x5157a0000: distinct 1 min 0x3f800000 max 0x3f800000,   target DB_Z_READ 0x5157a0000: nonzero 1024/1024
  target DB_STENCIL_READ 0x5164b0000: distinct 3 min 0x00000000 max 0xfffffff0,   target DB_STENCIL_READ 0x5164b0000: nonzero 881/1024
  target CB0 0x511650000: distinct 1 min 0x00000000 max 0x00000000,   target CB0 0x511650000: nonzero 0/1024
  target CB0 0x570e08000: distinct 13 min 0x00000000 max 0xffffffff,   target CB0 0x570e08000: nonzero 177/1024
  target CB0 0x570e11000: distinct 13 min 0x00000000 max 0xffffffff,   target CB0 0x570e11000: nonzero 168/1024
  target CB0 0x513d80000: distinct 1 min 0x00000000 max 0x00000000,   target CB0 0x513d80000: nonzero 0/1024
  target CB0 0x570e3e000: distinct 12 min 0x00000000 max 0xffffffff,   target CB0 0x570e3e000: nonzero 138/1024
  target DB_HTILE 0x55c050000: distinct 3 min 0x00000000 max 0xffffffff,   target DB_HTILE 0x55c050000: nonzero 144/1024
  target DB_Z_READ 0x527430000: distinct 1 min 0xffffffff max 0xffffffff,   target DB_Z_READ 0x527430000: nonzero 1024/1024
submit #298 acb 1287 dwords at 0x4002a55c0: pass 118 rewrite 35 drop 63 unmapped 0 cc 0 mappings 1141 ... OK rc 0 18.43 ms
cpu-wait WAIT_REG_MEM64 at 115 on 0x400202d40: satisfied after 0.0 ms
cpu-wait WAIT_REG_MEM64 at 1629 on 0x400202dc0: satisfied after 0.0 ms
cpu-wait WAIT_REG_MEM64 at 9223 on 0x55d4d00b6e60: satisfied after 0.0 ms
  indirect op 16 at 1246: base 0x5074063c0 +0x0 -> 1 1 1 0 0
  indirect op 16 at 1278: base 0x5074063e0 +0x0 -> 1 1 1 0 0
  indirect op 16 at 1310: base 0x50740a520 +0x0 -> 1 1 1 0 0
  indirect op 16 at 1342: base 0x50740a540 +0x0 -> 1 1 1 0 0
  indirect op 25 at 4584: base 0x56ddaffa0 +0x0 -> 1 512 0 0 0
  load op 9f at 28: addr 0xfe0040068 idx 0 fmt 1 regoff 0x0 n 921 (table contents not committed)
  load op 63 at 33: addr 0xfe0042068 idx 0 fmt 1 regoff 0x0 n 174 (table contents not committed)
  load op 64 at 38: addr 0xfe00425d8 idx 0 fmt 1 regoff 0x0 n 57 (table contents not committed)
  load op 9f at 80: addr 0x502e01500 idx 0 fmt 1 regoff 0x0 n 295 (table contents not committed)
  load op 64 at 85: addr 0x502e00500 idx 0 fmt 1 regoff 0x0 n 7 (table contents not committed)
  load op 63 at 90: addr 0x502dff500 idx 0 fmt 1 regoff 0x0 n 13 (table contents not committed)
  load op 63 at 342: addr 0x502dff568 idx 0 fmt 1 regoff 0x0 n 10 (table contents not committed)
  load op 63 at 734: addr 0x502dff5b8 idx 0 fmt 1 regoff 0x0 n 18 (table contents not committed)
  load op 63 at 1217: addr 0x502dff648 idx 0 fmt 1 regoff 0x0 n 10 (table contents not committed)
  load op 63 at 1249: addr 0x502dff698 idx 0 fmt 1 regoff 0x0 n 10 (table contents not committed)
  load op 63 at 1281: addr 0x502dff6e8 idx 0 fmt 1 regoff 0x0 n 10 (table contents not committed)
  load op 63 at 1313: addr 0x502dff738 idx 0 fmt 1 regoff 0x0 n 10 (table contents not committed)
  load op 9f at 1724: addr 0xfe0040068 idx 0 fmt 1 regoff 0x0 n 921 (table contents not committed)
  load op 9f at 1731: addr 0x502e01e38 idx 0 fmt 1 regoff 0x0 n 74 (table contents not committed)
  load op 63 at 1736: addr 0x908e5ff90 idx 0 fmt 1 regoff 0x0 n 6 (table contents not committed)
  load op 9f at 1741: addr 0x908e5ffc0 idx 0 fmt 1 regoff 0x0 n 10 (table contents not committed)
  load op 64 at 1746: addr 0x502e00538 idx 0 fmt 1 regoff 0x0 n 5 (table contents not committed)
  load op 9f at 1799: addr 0x502e02088 idx 0 fmt 1 regoff 0x0 n 132 (table contents not committed)
  load op 63 at 1804: addr 0x502dff788 idx 0 fmt 1 regoff 0x0 n 30 (table contents not committed)
  load op 64 at 1884: addr 0x502e00560 idx 0 fmt 1 regoff 0x0 n 5 (table contents not committed)
  load op 9f at 1891: addr 0x502dfd440 idx 0 fmt 1 regoff 0x0 n 175 (table contents not committed)
  load op 63 at 2106: addr 0x502dff878 idx 0 fmt 1 regoff 0x0 n 20 (table contents not committed)
  load op 9f at 3069: addr 0xfe0040068 idx 0 fmt 1 regoff 0x0 n 921 (table contents not committed)
  load op 9f at 3076: addr 0x502dfd9b8 idx 0 fmt 1 regoff 0x0 n 70 (table contents not committed)
  load op 63 at 3081: addr 0x908e5ff90 idx 0 fmt 1 regoff 0x0 n 6 (table contents not committed)
  load op 9f at 3086: addr 0x908e5ffc0 idx 0 fmt 1 regoff 0x0 n 10 (table contents not committed)
  load op 63 at 3091: addr 0x908e5f7d0 idx 0 fmt 1 regoff 0x0 n 6 (table contents not committed)
  load op 9f at 3096: addr 0x908e5f800 idx 0 fmt 1 regoff 0x0 n 9 (table contents not committed)
  load op 64 at 3101: addr 0x502e00588 idx 0 fmt 1 regoff 0x0 n 5 (table contents not committed)
  load op 9f at 3140: addr 0x502dfdbe8 idx 0 fmt 1 regoff 0x0 n 19 (table contents not committed)
  load op 63 at 3145: addr 0x502dff918 idx 0 fmt 1 regoff 0x0 n 12 (table contents not committed)
  load op 9f at 3268: addr 0xfe0040068 idx 0 fmt 1 regoff 0x0 n 921 (table contents not committed)
  load op 9f at 3275: addr 0x502dfdc80 idx 0 fmt 1 regoff 0x0 n 74 (table contents not committed)
  load op 63 at 3280: addr 0x908e5ff90 idx 0 fmt 1 regoff 0x0 n 6 (table contents not committed)
  load op 9f at 3285: addr 0x908e5ffc0 idx 0 fmt 1 regoff 0x0 n 10 (table contents not committed)
  load op 64 at 3290: addr 0x502e005b0 idx 0 fmt 1 regoff 0x0 n 5 (table contents not committed)
  load op 9f at 3329: addr 0x502dfded0 idx 0 fmt 1 regoff 0x0 n 166 (table contents not committed)
  load op 63 at 3334: addr 0x502dff978 idx 0 fmt 1 regoff 0x0 n 30 (table contents not committed)
  load op 64 at 3430: addr 0x502e005d8 idx 0 fmt 1 regoff 0x0 n 5 (table contents not committed)
  load op 9f at 3437: addr 0x502dfc320 idx 0 fmt 1 regoff 0x0 n 135 (table contents not committed)
  load op 63 at 3675: addr 0x502dffa68 idx 0 fmt 1 regoff 0x0 n 36 (table contents not committed)
  load op 64 at 4540: addr 0x502e00600 idx 0 fmt 1 regoff 0x0 n 6 (table contents not committed)
  load op 9f at 4545: addr 0x502dfc758 idx 0 fmt 1 regoff 0x0 n 376 (table contents not committed)
  load op 9f at 4552: addr 0x502dfb118 idx 0 fmt 1 regoff 0x0 n 205 (table contents not committed)
  load op 9f at 4853: addr 0xfe0040068 idx 0 fmt 1 regoff 0x0 n 921 (table contents not committed)
  load op 9f at 4860: addr 0x502dfb780 idx 0 fmt 1 regoff 0x0 n 74 (table contents not committed)
  load op 63 at 4865: addr 0x908e5ff90 idx 0 fmt 1 regoff 0x0 n 6 (table contents not committed)
  load op 9f at 4870: addr 0x908e5ffc0 idx 0 fmt 1 regoff 0x0 n 10 (table contents not committed)
  load op 64 at 4875: addr 0x502e00630 idx 0 fmt 1 regoff 0x0 n 5 (table contents not committed)
  load op 63 at 4914: addr 0x502dffb88 idx 0 fmt 1 regoff 0x0 n 21 (table contents not committed)
  load op 9f at 4925: addr 0x502dfb9d0 idx 0 fmt 1 regoff 0x0 n 223 (table contents not committed)
  load op 63 at 5714: addr 0x502dffc30 idx 0 fmt 1 regoff 0x0 n 10 (table contents not committed)
  load op 63 at 5831: addr 0x502dffc80 idx 0 fmt 1 regoff 0x0 n 28 (table contents not committed)
  load op 64 at 5910: addr 0x502e00658 idx 0 fmt 1 regoff 0x0 n 5 (table contents not committed)
  load op 9f at 5917: addr 0x502df9e30 idx 0 fmt 1 regoff 0x0 n 67 (table contents not committed)
  load op 9f at 6045: addr 0x502dfa048 idx 0 fmt 1 regoff 0x0 n 121 (table contents not committed)
  load op 63 at 6050: addr 0x502dffd60 idx 0 fmt 1 regoff 0x0 n 18 (table contents not committed)
  load op 64 at 6055: addr 0x502e00680 idx 0 fmt 1 regoff 0x0 n 3 (table contents not committed)
  load op 9f at 6204: addr 0x502dfa410 idx 0 fmt 1 regoff 0x0 n 121 (table contents not committed)
  load op 63 at 6209: addr 0x502dffdf0 idx 0 fmt 1 regoff 0x0 n 18 (table contents not committed)
  load op 64 at 6214: addr 0x502e00698 idx 0 fmt 1 regoff 0x0 n 3 (table contents not committed)
  load op 63 at 6578: addr 0x502dffe80 idx 0 fmt 1 regoff 0x0 n 10 (table contents not committed)
  load op 9f at 7058: addr 0x502dfa7d8 idx 0 fmt 1 regoff 0x0 n 195 (table contents not committed)
  load op 9f at 7063: addr 0x502df8d80 idx 0 fmt 1 regoff 0x0 n 85 (table contents not committed)
  load op 63 at 7068: addr 0x502dffed0 idx 0 fmt 1 regoff 0x0 n 18 (table contents not committed)
  load op 64 at 7073: addr 0x502e006b0 idx 0 fmt 1 regoff 0x0 n 3 (table contents not committed)
  load op 9f at 7186: addr 0x502df9028 idx 0 fmt 1 regoff 0x0 n 129 (table contents not committed)
  load op 63 at 7191: addr 0x502dfff60 idx 0 fmt 1 regoff 0x0 n 18 (table contents not committed)
  load op 64 at 7196: addr 0x502e006c8 idx 0 fmt 1 regoff 0x0 n 3 (table contents not committed)
  load op 9f at 7309: addr 0x502df9430 idx 0 fmt 1 regoff 0x0 n 129 (table contents not committed)
  load op 63 at 7314: addr 0x502dffff0 idx 0 fmt 1 regoff 0x0 n 18 (table contents not committed)
  load op 64 at 7319: addr 0x502e006e0 idx 0 fmt 1 regoff 0x0 n 3 (table contents not committed)
  load op 9f at 7432: addr 0x502df9838 idx 0 fmt 1 regoff 0x0 n 58 (table contents not committed)
  load op 9f at 7537: addr 0x502df9a08 idx 0 fmt 1 regoff 0x0 n 66 (table contents not committed)
  load op 9f at 7642: addr 0x502df9c18 idx 0 fmt 1 regoff 0x0 n 37 (table contents not committed)
  load op 9f at 7647: addr 0x502df7300 idx 0 fmt 1 regoff 0x0 n 21 (table contents not committed)
  load op 9f at 7752: addr 0x502df73a8 idx 0 fmt 1 regoff 0x0 n 66 (table contents not committed)
  load op 9f at 7857: addr 0x502df75b8 idx 0 fmt 1 regoff 0x0 n 58 (table contents not committed)
  load op 9f at 7962: addr 0x502df7788 idx 0 fmt 1 regoff 0x0 n 130 (table contents not committed)
  load op 63 at 7967: addr 0x502e00080 idx 0 fmt 1 regoff 0x0 n 18 (table contents not committed)
  load op 64 at 7972: addr 0x502e006f8 idx 0 fmt 1 regoff 0x0 n 3 (table contents not committed)
  load op 9f at 8099: addr 0x502df7b98 idx 0 fmt 1 regoff 0x0 n 135 (table contents not committed)
  load op 63 at 8104: addr 0x502e00110 idx 0 fmt 1 regoff 0x0 n 18 (table contents not committed)
  load op 64 at 8109: addr 0x502e00710 idx 0 fmt 1 regoff 0x0 n 3 (table contents not committed)
  load op 63 at 8687: addr 0x502e001a0 idx 0 fmt 1 regoff 0x0 n 28 (table contents not committed)
  load op 64 at 9264: addr 0x502e00728 idx 0 fmt 1 regoff 0x0 n 5 (table contents not committed)
  load op 9f at 9269: addr 0x502df7fd0 idx 0 fmt 1 regoff 0x0 n 97 (table contents not committed)
  load op 9f at 9276: addr 0x502df5868 idx 0 fmt 1 regoff 0x0 n 183 (table contents not committed)
submit #299 dcb 9774 dwords at 0x502702500: pass 651 rewrite 493 drop 432 unmapped 1 cc 8 mappings 1141 ... OK rc 0 21.19 ms
state stack #299: push 4 pop 4 conditional 1 unmatched 0; restored 3684 regs (+3748 dwords); tables 40, unreadable 0
pipestat #299 (9774 dwords): ia_verts 575 ia_prims 533 vs 575 gs_inv 533 gs_prims 0 c_inv 192 c_prims 92 ps 41556336 cs 8014849
submit #300 acb 2 dwords at 0xfe003a200: pass 1 rewrite 0 drop 0 unmapped 0 cc 0 mappings 1141 ... OK rc 0 17.96 ms
cpu-wait WAIT_REG_MEM64 at 0 on 0x400202f80: satisfied after 0.0 ms
submit #301 cc 3 dwords at 0x313b17cf4: pass 0 rewrite 1 drop 0 unmapped 0 cc 1 mappings 1141 ... OK rc 0 17.84 ms
submit #302 acb 49 dwords at 0x4002a69dc: pass 2 rewrite 3 drop 3 unmapped 0 cc 0 mappings 1141 ... OK rc 0 18.16 ms
  load op 61 at 10: base 0xfe0008000 pairs (0x0,215) (0xd8,272) (0x1f5,4) (0x1ff,158) (0x2a0,2) (0x2a3,1) (0x2a5,66) (0x2f5,203)
  load op 5f at 29: base 0xfe0010000 pairs (0x1,1) (0x6,38) (0x32,4) (0x80,4) (0x87,37) (0xb2,4) (0xc8,2) (0x100,4) (0x107,37) (0x132,4) (0x148,2) (0x204,3) (0x20c,2) (0x212,2) (0x215,6) (0x224,5) (0x22a,1) (0x240,16) (0x27d,1) (0x280,1) (0x207,3)
  load op 5e at 74: base 0xfe0011000 pairs (0x35,8) (0xa2,1) (0x242,1) (0x248,1) (0x24a,2) (0x25b,6) (0x262,1) (0x2bb,5) (0x2c4,16) (0x2e4,8) (0x380,2) (0x383,2) (0x41d,3) (0x24d,1)
  load op 61 at 105: base 0xfe0008000 pairs (0x0,0)
  load op 5f at 110: base 0xfe0010000 pairs (0x0,0)
  load op 5e at 115: base 0xfe0011000 pairs (0x0,0)
  load op 61 at 125: base 0xfe0008000 pairs (0x0,0)
  load op 5f at 130: base 0xfe0010000 pairs (0x0,0)
  load op 5e at 135: base 0xfe0011000 pairs (0x0,0)
submit #303 hib 150 dwords at 0xfe0000000: pass 12 rewrite 2 drop 2 unmapped 0 cc 2 mappings 1141 ... OK rc 0 18.25 ms
submit #304 hib 2 dwords at 0xfe003a200: pass 1 rewrite 0 drop 0 unmapped 0 cc 0 mappings 1141 ... OK rc 0 18.09 ms
  load op 9f at 38: addr 0xfe0040068 idx 0 fmt 1 regoff 0x0 n 921 (table contents not committed)
  load op 63 at 43: addr 0xfe0042068 idx 0 fmt 1 regoff 0x0 n 174 (table contents not committed)
  load op 64 at 48: addr 0xfe00425d8 idx 0 fmt 1 regoff 0x0 n 49 (table contents not committed)
submit #305 dcb 96 dwords at 0xfe0042920: pass 20 rewrite 2 drop 2 unmapped 0 cc 0 mappings 1141 ... OK rc 0 17.79 ms
  load op 9f at 36: addr 0xfe0040068 idx 0 fmt 1 regoff 0x0 n 921 (table contents not committed)
  load op 63 at 41: addr 0xfe0042068 idx 0 fmt 1 regoff 0x0 n 174 (table contents not committed)
  load op 64 at 46: addr 0xfe00425d8 idx 0 fmt 1 regoff 0x0 n 57 (table contents not committed)
  load op 9f at 88: addr 0x504a01500 idx 0 fmt 1 regoff 0x0 n 136 (table contents not committed)
  load op 64 at 93: addr 0x504a00500 idx 0 fmt 1 regoff 0x0 n 3 (table contents not committed)
  load op 63 at 98: addr 0x5049ff500 idx 0 fmt 1 regoff 0x0 n 3 (table contents not committed)
  load op 9f at 1541: addr 0xfe0040068 idx 0 fmt 1 regoff 0x0 n 921 (table contents not committed)
  load op 9f at 1548: addr 0x504a01940 idx 0 fmt 1 regoff 0x0 n 70 (table contents not committed)
  load op 63 at 1553: addr 0x908e5ff90 idx 0 fmt 1 regoff 0x0 n 6 (table contents not committed)
  load op 9f at 1558: addr 0x908e5ffc0 idx 0 fmt 1 regoff 0x0 n 10 (table contents not committed)
  load op 63 at 1563: addr 0x908e5f7d0 idx 0 fmt 1 regoff 0x0 n 6 (table contents not committed)
  load op 9f at 1568: addr 0x908e5f800 idx 0 fmt 1 regoff 0x0 n 9 (table contents not committed)
  load op 64 at 1573: addr 0x504a00518 idx 0 fmt 1 regoff 0x0 n 5 (table contents not committed)
  load op 9f at 1691: addr 0x504a01b70 idx 0 fmt 1 regoff 0x0 n 131 (table contents not committed)
  load op 64 at 1698: addr 0x504a00540 idx 0 fmt 1 regoff 0x0 n 1 (table contents not committed)
  load op 9f at 1730: addr 0xfe0040068 idx 0 fmt 1 regoff 0x0 n 921 (table contents not committed)
  load op 9f at 1737: addr 0x504a01f88 idx 0 fmt 1 regoff 0x0 n 70 (table contents not committed)
  load op 63 at 1742: addr 0x908e5ff90 idx 0 fmt 1 regoff 0x0 n 6 (table contents not committed)
  load op 9f at 1747: addr 0x908e5ffc0 idx 0 fmt 1 regoff 0x0 n 10 (table contents not committed)
  load op 63 at 1752: addr 0x908e5f7d0 idx 0 fmt 1 regoff 0x0 n 6 (table contents not committed)
  load op 9f at 1757: addr 0x908e5f800 idx 0 fmt 1 regoff 0x0 n 9 (table contents not committed)
  load op 64 at 1762: addr 0x504a00548 idx 0 fmt 1 regoff 0x0 n 5 (table contents not committed)
  load op 63 at 1858: addr 0x5049ff518 idx 0 fmt 1 regoff 0x0 n 10 (table contents not committed)
  load op 63 at 2049: addr 0x5049ff568 idx 0 fmt 1 regoff 0x0 n 28 (table contents not committed)
  load op 64 at 2123: addr 0x504a00570 idx 0 fmt 1 regoff 0x0 n 5 (table contents not committed)
  load op 9f at 2130: addr 0x504a021b8 idx 0 fmt 1 regoff 0x0 n 96 (table contents not committed)
  load op 9f at 2135: addr 0x5049fe390 idx 0 fmt 1 regoff 0x0 n 194 (table contents not committed)
submit #306 dcb 2647 dwords at 0x504302500: pass 236 rewrite 123 drop 120 unmapped 0 cc 4 mappings 1141 ... OK rc 0 18.16 ms
state stack #306: push 2 pop 2 conditional 1 unmatched 0; restored 1842 regs (+1874 dwords); tables 13, unreadable 0
pipestat #306 (2647 dwords): ia_verts 9 ia_prims 3 vs 9 gs_inv 3 gs_prims 0 c_inv 3 c_prims 3 ps 3326976 cs 1339648
  load op 9f at 38: addr 0xfe0040068 idx 0 fmt 1 regoff 0x0 n 921 (table contents not committed)
  load op 63 at 43: addr 0xfe0042068 idx 0 fmt 1 regoff 0x0 n 174 (table contents not committed)
  load op 64 at 48: addr 0xfe00425d8 idx 0 fmt 1 regoff 0x0 n 57 (table contents not committed)
  load op 9f at 90: addr 0x506201500 idx 0 fmt 1 regoff 0x0 n 5 (table contents not committed)
  load op 64 at 95: addr 0x506200500 idx 0 fmt 1 regoff 0x0 n 2 (table contents not committed)
  load op 63 at 100: addr 0x5061ff500 idx 0 fmt 1 regoff 0x0 n 3 (table contents not committed)
submit #307 dcb 851 dwords at 0x505e02500: pass 47 rewrite 55 drop 45 unmapped 0 cc 0 mappings 1141 ... OK rc 0 17.82 ms
pipestat #307 (851 dwords): ia_verts 0 ia_prims 0 vs 0 gs_inv 0 gs_prims 0 c_inv 0 c_prims 0 ps 0 cs 122880
submit #308 acb 2 dwords at 0xfe003a200: pass 1 rewrite 0 drop 0 unmapped 0 cc 0 mappings 1141 ... OK rc 0 17.79 ms
cpu-wait WAIT_REG_MEM64 at 87 on 0x400203980: satisfied after 0.0 ms
  load op 9f at 35: addr 0xfe0040068 idx 0 fmt 1 regoff 0x0 n 921 (table contents not committed)
  load op 63 at 40: addr 0xfe0042068 idx 0 fmt 1 regoff 0x0 n 174 (table contents not committed)
  load op 64 at 45: addr 0xfe00425d8 idx 0 fmt 1 regoff 0x0 n 57 (table contents not committed)
  load op 9f at 87: addr 0x507401500 idx 0 fmt 1 regoff 0x0 n 136 (table contents not committed)
  load op 64 at 92: addr 0x507400500 idx 0 fmt 1 regoff 0x0 n 3 (table contents not committed)
  load op 63 at 97: addr 0x5073ff500 idx 0 fmt 1 regoff 0x0 n 3 (table contents not committed)
  load op 9f at 212: addr 0xfe0040068 idx 0 fmt 1 regoff 0x0 n 921 (table contents not committed)
  load op 9f at 219: addr 0x507401940 idx 0 fmt 1 regoff 0x0 n 70 (table contents not committed)
  load op 63 at 224: addr 0x908e5ff90 idx 0 fmt 1 regoff 0x0 n 6 (table contents not committed)
  load op 9f at 229: addr 0x908e5ffc0 idx 0 fmt 1 regoff 0x0 n 10 (table contents not committed)
  load op 63 at 234: addr 0x908e5f7d0 idx 0 fmt 1 regoff 0x0 n 6 (table contents not committed)
  load op 9f at 239: addr 0x908e5f800 idx 0 fmt 1 regoff 0x0 n 9 (table contents not committed)
  load op 64 at 244: addr 0x507400518 idx 0 fmt 1 regoff 0x0 n 5 (table contents not committed)
  load op 9f at 340: addr 0x507401b70 idx 0 fmt 1 regoff 0x0 n 131 (table contents not committed)
  load op 64 at 347: addr 0x507400540 idx 0 fmt 1 regoff 0x0 n 1 (table contents not committed)
  load op 9f at 379: addr 0xfe0040068 idx 0 fmt 1 regoff 0x0 n 921 (table contents not committed)
  load op 9f at 386: addr 0x507401f88 idx 0 fmt 1 regoff 0x0 n 70 (table contents not committed)
  load op 63 at 391: addr 0x908e5ff90 idx 0 fmt 1 regoff 0x0 n 6 (table contents not committed)
  load op 9f at 396: addr 0x908e5ffc0 idx 0 fmt 1 regoff 0x0 n 10 (table contents not committed)
  load op 63 at 401: addr 0x908e5f7d0 idx 0 fmt 1 regoff 0x0 n 6 (table contents not committed)
  load op 9f at 406: addr 0x908e5f800 idx 0 fmt 1 regoff 0x0 n 9 (table contents not committed)
  load op 64 at 411: addr 0x507400548 idx 0 fmt 1 regoff 0x0 n 5 (table contents not committed)
  load op 9f at 548: addr 0x5074021b8 idx 0 fmt 1 regoff 0x0 n 98 (table contents not committed)
  load op 64 at 555: addr 0x507400570 idx 0 fmt 1 regoff 0x0 n 1 (table contents not committed)
  load op 9f at 560: addr 0x5073fe500 idx 0 fmt 1 regoff 0x0 n 33 (table contents not committed)
  load op 9f at 592: addr 0xfe0040068 idx 0 fmt 1 regoff 0x0 n 921 (table contents not committed)
  load op 9f at 599: addr 0x5073fe608 idx 0 fmt 1 regoff 0x0 n 70 (table contents not committed)
  load op 63 at 604: addr 0x908e5ff90 idx 0 fmt 1 regoff 0x0 n 6 (table contents not committed)
  load op 9f at 609: addr 0x908e5ffc0 idx 0 fmt 1 regoff 0x0 n 10 (table contents not committed)
  load op 63 at 614: addr 0x908e5f7d0 idx 0 fmt 1 regoff 0x0 n 6 (table contents not committed)
  load op 9f at 619: addr 0x908e5f800 idx 0 fmt 1 regoff 0x0 n 9 (table contents not committed)
  load op 64 at 624: addr 0x507400578 idx 0 fmt 1 regoff 0x0 n 5 (table contents not committed)
submit #309 dcb 798 dwords at 0x506e02500: pass 103 rewrite 35 drop 22 unmapped 0 cc 6 mappings 1141 ... OK rc 0 18.16 ms
state stack #309: push 3 pop 3 conditional 1 unmatched 0; restored 2763 regs (+2811 dwords); tables 17, unreadable 0
pipestat #309 (798 dwords): ia_verts 9 ia_prims 3 vs 9 gs_inv 3 gs_prims 0 c_inv 3 c_prims 3 ps 0 cs 0
submit #310 acb 463 dwords at 0x400526840: pass 43 rewrite 11 drop 27 unmapped 0 cc 0 mappings 1141 ... OK rc 0 18.14 ms
acb head: 1287 of 1336 dwords go ahead of the wait at 1287 on 0x400203b80
  load op 9f at 36: addr 0xfe0040068 idx 0 fmt 1 regoff 0x0 n 921 (table contents not committed)
  load op 63 at 41: addr 0xfe0042068 idx 0 fmt 1 regoff 0x0 n 174 (table contents not committed)
  load op 64 at 46: addr 0xfe00425d8 idx 0 fmt 1 regoff 0x0 n 57 (table contents not committed)
  load op 9f at 88: addr 0x505601500 idx 0 fmt 1 regoff 0x0 n 5 (table contents not committed)
  load op 64 at 93: addr 0x505600500 idx 0 fmt 1 regoff 0x0 n 2 (table contents not committed)
  load op 63 at 98: addr 0x5055ff500 idx 0 fmt 1 regoff 0x0 n 3 (table contents not committed)
  load op 9f at 756: addr 0xfe0040068 idx 0 fmt 1 regoff 0x0 n 921 (table contents not committed)
  load op 9f at 763: addr 0x505601528 idx 0 fmt 1 regoff 0x0 n 74 (table contents not committed)
  load op 63 at 768: addr 0x908e5ff90 idx 0 fmt 1 regoff 0x0 n 6 (table contents not committed)
  load op 9f at 773: addr 0x908e5ffc0 idx 0 fmt 1 regoff 0x0 n 10 (table contents not committed)
  load op 64 at 778: addr 0x505600510 idx 0 fmt 1 regoff 0x0 n 5 (table contents not committed)
  load op 9f at 901: addr 0xfe0040068 idx 0 fmt 1 regoff 0x0 n 921 (table contents not committed)
  load op 9f at 908: addr 0x505601778 idx 0 fmt 1 regoff 0x0 n 74 (table contents not committed)
  load op 63 at 913: addr 0x908e5ff90 idx 0 fmt 1 regoff 0x0 n 6 (table contents not committed)
  load op 9f at 918: addr 0x908e5ffc0 idx 0 fmt 1 regoff 0x0 n 10 (table contents not committed)
  load op 64 at 923: addr 0x505600538 idx 0 fmt 1 regoff 0x0 n 5 (table contents not committed)
  load op 9f at 1046: addr 0xfe0040068 idx 0 fmt 1 regoff 0x0 n 921 (table contents not committed)
  load op 9f at 1053: addr 0x5056019c8 idx 0 fmt 1 regoff 0x0 n 74 (table contents not committed)
  load op 63 at 1058: addr 0x908e5ff90 idx 0 fmt 1 regoff 0x0 n 6 (table contents not committed)
  load op 9f at 1063: addr 0x908e5ffc0 idx 0 fmt 1 regoff 0x0 n 10 (table contents not committed)
  load op 64 at 1068: addr 0x505600560 idx 0 fmt 1 regoff 0x0 n 5 (table contents not committed)
submit #311 dcb 1248 dwords at 0x505202500: pass 151 rewrite 46 drop 45 unmapped 0 cc 6 mappings 1141 ... OK rc 0 17.93 ms
state stack #311: push 3 pop 3 conditional 1 unmatched 0; restored 2763 regs (+2811 dwords); tables 11, unreadable 0
pipestat #311 (1248 dwords): ia_verts 9 ia_prims 3 vs 9 gs_inv 3 gs_prims 0 c_inv 3 c_prims 3 ps 0 cs 36864
flip 1/1 buffer 0x5093f0000 +0x1fe0000: sum 0x17ea65194594 nonzero 8100/8160 pattern 0
  target CB0 0x507410000: distinct 53 min 0xc0000000 max 0xc340d034,   target CB0 0x507410000: nonzero 1024/1024
  target CB0 0x563800000: distinct 1 min 0x00000000 max 0x00000000,   target CB0 0x563800000: nonzero 0/1024
  target CB0 0x55c00d000: distinct 4 min 0x00000000 max 0xffffffff,   target CB0 0x55c00d000: nonzero 147/1024
  target CB0 0x5637f0000: distinct 1 min 0x00000000 max 0x00000000,   target CB0 0x5637f0000: nonzero 0/1024
  target CB0 0x519df0000: distinct 1 min 0x38003800 max 0x38003800,   target CB0 0x519df0000: nonzero 1024/1024
  target CB0 0x570e65000: distinct 12 min 0x00000000 max 0xffffffff,   target CB0 0x570e65000: nonzero 129/1024
  target DB_HTILE 0x516870000: distinct 3 min 0x00000000 max 0xfffffff0,   target DB_HTILE 0x516870000: nonzero 80/1024
  target DB_Z_READ 0x5157a0000: distinct 1 min 0x3f800000 max 0x3f800000,   target DB_Z_READ 0x5157a0000: nonzero 1024/1024
  target DB_STENCIL_READ 0x5164b0000: distinct 3 min 0x00000000 max 0xfffffff0,   target DB_STENCIL_READ 0x5164b0000: nonzero 881/1024
  target CB0 0x511650000: distinct 1 min 0x00000000 max 0x00000000,   target CB0 0x511650000: nonzero 0/1024
  target CB0 0x570e08000: distinct 13 min 0x00000000 max 0xffffffff,   target CB0 0x570e08000: nonzero 177/1024
  target CB0 0x570e11000: distinct 13 min 0x00000000 max 0xffffffff,   target CB0 0x570e11000: nonzero 168/1024
  target CB0 0x513d80000: distinct 1 min 0x00000000 max 0x00000000,   target CB0 0x513d80000: nonzero 0/1024
  target CB0 0x570e3e000: distinct 12 min 0x00000000 max 0xffffffff,   target CB0 0x570e3e000: nonzero 138/1024
  target DB_HTILE 0x55c050000: distinct 3 min 0x00000000 max 0xffffffff,   target DB_HTILE 0x55c050000: nonzero 144/1024
  target DB_Z_READ 0x527430000: distinct 1 min 0xffffffff max 0xffffffff,   target DB_Z_READ 0x527430000: nonzero 1024/1024
submit #312 acb 1287 dwords at 0x400345640: pass 118 rewrite 35 drop 63 unmapped 0 cc 0 mappings 1141 ... OK rc 0 18.39 ms
cpu-wait WAIT_REG_MEM64 at 115 on 0x400203940: satisfied after 0.0 ms
cpu-wait WAIT_REG_MEM64 at 1629 on 0x4002039c0: satisfied after 0.0 ms
cpu-wait WAIT_REG_MEM64 at 9223 on 0x55d4d00b6e68: satisfied after 0.0 ms
  indirect op 16 at 1246: base 0x5074063c0 +0x0 -> 1 1 1 0 0
  indirect op 16 at 1278: base 0x5074063e0 +0x0 -> 1 1 1 0 0
  indirect op 16 at 1310: base 0x50740a520 +0x0 -> 1 1 1 0 0
  indirect op 16 at 1342: base 0x50740a540 +0x0 -> 1 1 1 0 0
  indirect op 25 at 4584: base 0x56ddaffa0 +0x0 -> 1 512 0 0 0
  load op 9f at 28: addr 0xfe0040068 idx 0 fmt 1 regoff 0x0 n 921 (table contents not committed)
  load op 63 at 33: addr 0xfe0042068 idx 0 fmt 1 regoff 0x0 n 174 (table contents not committed)
  load op 64 at 38: addr 0xfe00425d8 idx 0 fmt 1 regoff 0x0 n 57 (table contents not committed)
  load op 9f at 80: addr 0x503501500 idx 0 fmt 1 regoff 0x0 n 295 (table contents not committed)
  load op 64 at 85: addr 0x503500500 idx 0 fmt 1 regoff 0x0 n 7 (table contents not committed)
  load op 63 at 90: addr 0x5034ff500 idx 0 fmt 1 regoff 0x0 n 13 (table contents not committed)
  load op 63 at 342: addr 0x5034ff568 idx 0 fmt 1 regoff 0x0 n 10 (table contents not committed)
  load op 63 at 734: addr 0x5034ff5b8 idx 0 fmt 1 regoff 0x0 n 18 (table contents not committed)
  load op 63 at 1217: addr 0x5034ff648 idx 0 fmt 1 regoff 0x0 n 10 (table contents not committed)
  load op 63 at 1249: addr 0x5034ff698 idx 0 fmt 1 regoff 0x0 n 10 (table contents not committed)
  load op 63 at 1281: addr 0x5034ff6e8 idx 0 fmt 1 regoff 0x0 n 10 (table contents not committed)
  load op 63 at 1313: addr 0x5034ff738 idx 0 fmt 1 regoff 0x0 n 10 (table contents not committed)
  load op 9f at 1724: addr 0xfe0040068 idx 0 fmt 1 regoff 0x0 n 921 (table contents not committed)
  load op 9f at 1731: addr 0x503501e38 idx 0 fmt 1 regoff 0x0 n 74 (table contents not committed)
  load op 63 at 1736: addr 0x908e5ff90 idx 0 fmt 1 regoff 0x0 n 6 (table contents not committed)
  load op 9f at 1741: addr 0x908e5ffc0 idx 0 fmt 1 regoff 0x0 n 10 (table contents not committed)
  load op 64 at 1746: addr 0x503500538 idx 0 fmt 1 regoff 0x0 n 5 (table contents not committed)
  load op 9f at 1799: addr 0x503502088 idx 0 fmt 1 regoff 0x0 n 132 (table contents not committed)
  load op 63 at 1804: addr 0x5034ff788 idx 0 fmt 1 regoff 0x0 n 30 (table contents not committed)
  load op 64 at 1884: addr 0x503500560 idx 0 fmt 1 regoff 0x0 n 5 (table contents not committed)
  load op 9f at 1891: addr 0x5034fd440 idx 0 fmt 1 regoff 0x0 n 175 (table contents not committed)
  load op 63 at 2106: addr 0x5034ff878 idx 0 fmt 1 regoff 0x0 n 20 (table contents not committed)
  load op 9f at 3069: addr 0xfe0040068 idx 0 fmt 1 regoff 0x0 n 921 (table contents not committed)
  load op 9f at 3076: addr 0x5034fd9b8 idx 0 fmt 1 regoff 0x0 n 70 (table contents not committed)
  load op 63 at 3081: addr 0x908e5ff90 idx 0 fmt 1 regoff 0x0 n 6 (table contents not committed)
  load op 9f at 3086: addr 0x908e5ffc0 idx 0 fmt 1 regoff 0x0 n 10 (table contents not committed)
  load op 63 at 3091: addr 0x908e5f7d0 idx 0 fmt 1 regoff 0x0 n 6 (table contents not committed)
  load op 9f at 3096: addr 0x908e5f800 idx 0 fmt 1 regoff 0x0 n 9 (table contents not committed)
  load op 64 at 3101: addr 0x503500588 idx 0 fmt 1 regoff 0x0 n 5 (table contents not committed)
  load op 9f at 3140: addr 0x5034fdbe8 idx 0 fmt 1 regoff 0x0 n 19 (table contents not committed)
  load op 63 at 3145: addr 0x5034ff918 idx 0 fmt 1 regoff 0x0 n 12 (table contents not committed)
  load op 9f at 3268: addr 0xfe0040068 idx 0 fmt 1 regoff 0x0 n 921 (table contents not committed)
  load op 9f at 3275: addr 0x5034fdc80 idx 0 fmt 1 regoff 0x0 n 74 (table contents not committed)
  load op 63 at 3280: addr 0x908e5ff90 idx 0 fmt 1 regoff 0x0 n 6 (table contents not committed)
  load op 9f at 3285: addr 0x908e5ffc0 idx 0 fmt 1 regoff 0x0 n 10 (table contents not committed)
  load op 64 at 3290: addr 0x5035005b0 idx 0 fmt 1 regoff 0x0 n 5 (table contents not committed)
  load op 9f at 3329: addr 0x5034fded0 idx 0 fmt 1 regoff 0x0 n 166 (table contents not committed)
  load op 63 at 3334: addr 0x5034ff978 idx 0 fmt 1 regoff 0x0 n 30 (table contents not committed)
  load op 64 at 3430: addr 0x5035005d8 idx 0 fmt 1 regoff 0x0 n 5 (table contents not committed)
  load op 9f at 3437: addr 0x5034fc320 idx 0 fmt 1 regoff 0x0 n 135 (table contents not committed)
  load op 63 at 3675: addr 0x5034ffa68 idx 0 fmt 1 regoff 0x0 n 36 (table contents not committed)
  load op 64 at 4540: addr 0x503500600 idx 0 fmt 1 regoff 0x0 n 6 (table contents not committed)
  load op 9f at 4545: addr 0x5034fc758 idx 0 fmt 1 regoff 0x0 n 376 (table contents not committed)
  load op 9f at 4552: addr 0x5034fb118 idx 0 fmt 1 regoff 0x0 n 205 (table contents not committed)
  load op 9f at 4853: addr 0xfe0040068 idx 0 fmt 1 regoff 0x0 n 921 (table contents not committed)
  load op 9f at 4860: addr 0x5034fb780 idx 0 fmt 1 regoff 0x0 n 74 (table contents not committed)
  load op 63 at 4865: addr 0x908e5ff90 idx 0 fmt 1 regoff 0x0 n 6 (table contents not committed)
  load op 9f at 4870: addr 0x908e5ffc0 idx 0 fmt 1 regoff 0x0 n 10 (table contents not committed)
  load op 64 at 4875: addr 0x503500630 idx 0 fmt 1 regoff 0x0 n 5 (table contents not committed)
  load op 63 at 4914: addr 0x5034ffb88 idx 0 fmt 1 regoff 0x0 n 21 (table contents not committed)
  load op 9f at 4925: addr 0x5034fb9d0 idx 0 fmt 1 regoff 0x0 n 223 (table contents not committed)
  load op 63 at 5714: addr 0x5034ffc30 idx 0 fmt 1 regoff 0x0 n 10 (table contents not committed)
  load op 63 at 5831: addr 0x5034ffc80 idx 0 fmt 1 regoff 0x0 n 28 (table contents not committed)
  load op 64 at 5910: addr 0x503500658 idx 0 fmt 1 regoff 0x0 n 5 (table contents not committed)
  load op 9f at 5917: addr 0x5034f9e30 idx 0 fmt 1 regoff 0x0 n 67 (table contents not committed)
  load op 9f at 6045: addr 0x5034fa048 idx 0 fmt 1 regoff 0x0 n 121 (table contents not committed)
  load op 63 at 6050: addr 0x5034ffd60 idx 0 fmt 1 regoff 0x0 n 18 (table contents not committed)
  load op 64 at 6055: addr 0x503500680 idx 0 fmt 1 regoff 0x0 n 3 (table contents not committed)
  load op 9f at 6204: addr 0x5034fa410 idx 0 fmt 1 regoff 0x0 n 121 (table contents not committed)
  load op 63 at 6209: addr 0x5034ffdf0 idx 0 fmt 1 regoff 0x0 n 18 (table contents not committed)
  load op 64 at 6214: addr 0x503500698 idx 0 fmt 1 regoff 0x0 n 3 (table contents not committed)
  load op 63 at 6578: addr 0x5034ffe80 idx 0 fmt 1 regoff 0x0 n 10 (table contents not committed)
  load op 9f at 7058: addr 0x5034fa7d8 idx 0 fmt 1 regoff 0x0 n 195 (table contents not committed)
  load op 9f at 7063: addr 0x5034f8d80 idx 0 fmt 1 regoff 0x0 n 85 (table contents not committed)
  load op 63 at 7068: addr 0x5034ffed0 idx 0 fmt 1 regoff 0x0 n 18 (table contents not committed)
  load op 64 at 7073: addr 0x5035006b0 idx 0 fmt 1 regoff 0x0 n 3 (table contents not committed)
  load op 9f at 7186: addr 0x5034f9028 idx 0 fmt 1 regoff 0x0 n 129 (table contents not committed)
  load op 63 at 7191: addr 0x5034fff60 idx 0 fmt 1 regoff 0x0 n 18 (table contents not committed)
  load op 64 at 7196: addr 0x5035006c8 idx 0 fmt 1 regoff 0x0 n 3 (table contents not committed)
  load op 9f at 7309: addr 0x5034f9430 idx 0 fmt 1 regoff 0x0 n 129 (table contents not committed)
  load op 63 at 7314: addr 0x5034ffff0 idx 0 fmt 1 regoff 0x0 n 18 (table contents not committed)
  load op 64 at 7319: addr 0x5035006e0 idx 0 fmt 1 regoff 0x0 n 3 (table contents not committed)
  load op 9f at 7432: addr 0x5034f9838 idx 0 fmt 1 regoff 0x0 n 58 (table contents not committed)
  load op 9f at 7537: addr 0x5034f9a08 idx 0 fmt 1 regoff 0x0 n 66 (table contents not committed)
  load op 9f at 7642: addr 0x5034f9c18 idx 0 fmt 1 regoff 0x0 n 37 (table contents not committed)
  load op 9f at 7647: addr 0x5034f7300 idx 0 fmt 1 regoff 0x0 n 21 (table contents not committed)
  load op 9f at 7752: addr 0x5034f73a8 idx 0 fmt 1 regoff 0x0 n 66 (table contents not committed)
  load op 9f at 7857: addr 0x5034f75b8 idx 0 fmt 1 regoff 0x0 n 58 (table contents not committed)
  load op 9f at 7962: addr 0x5034f7788 idx 0 fmt 1 regoff 0x0 n 130 (table contents not committed)
  load op 63 at 7967: addr 0x503500080 idx 0 fmt 1 regoff 0x0 n 18 (table contents not committed)
  load op 64 at 7972: addr 0x5035006f8 idx 0 fmt 1 regoff 0x0 n 3 (table contents not committed)
  load op 9f at 8099: addr 0x5034f7b98 idx 0 fmt 1 regoff 0x0 n 135 (table contents not committed)
  load op 63 at 8104: addr 0x503500110 idx 0 fmt 1 regoff 0x0 n 18 (table contents not committed)
  load op 64 at 8109: addr 0x503500710 idx 0 fmt 1 regoff 0x0 n 3 (table contents not committed)
  load op 63 at 8687: addr 0x5035001a0 idx 0 fmt 1 regoff 0x0 n 28 (table contents not committed)
  load op 64 at 9264: addr 0x503500728 idx 0 fmt 1 regoff 0x0 n 5 (table contents not committed)
  load op 9f at 9269: addr 0x5034f7fd0 idx 0 fmt 1 regoff 0x0 n 97 (table contents not committed)
  load op 9f at 9276: addr 0x5034f5868 idx 0 fmt 1 regoff 0x0 n 183 (table contents not committed)
submit #313 dcb 9774 dwords at 0x502e02500: pass 651 rewrite 493 drop 432 unmapped 1 cc 8 mappings 1141 ... OK rc 0 21.26 ms
state stack #313: push 4 pop 4 conditional 1 unmatched 0; restored 3684 regs (+3748 dwords); tables 40, unreadable 0
pipestat #313 (9774 dwords): ia_verts 575 ia_prims 533 vs 575 gs_inv 533 gs_prims 0 c_inv 192 c_prims 92 ps 41556336 cs 8014849
map 0x335918000 +0x30000 ... ok
swapped pages taken as resident so far: 0
vmas 108 total 13075.0 MiB resident 3494.7 MiB mapped 3494.7 MiB
submit #314 acb 2 dwords at 0xfe003a200: pass 1 rewrite 0 drop 0 unmapped 0 cc 0 mappings 1142 ... OK rc 0 17.85 ms
cpu-wait WAIT_REG_MEM64 at 0 on 0x400203b80: satisfied after 0.0 ms
submit #315 cc 3 dwords at 0x313b17cf4: pass 0 rewrite 1 drop 0 unmapped 0 cc 1 mappings 1142 ... OK rc 0 18.29 ms
submit #316 acb 49 dwords at 0x400346a5c: pass 2 rewrite 3 drop 3 unmapped 0 cc 0 mappings 1142 ... OK rc 0 17.86 ms
map 0x335948000 +0x10000 ... ok
swapped pages taken as resident so far: 0
vmas 108 total 13075.0 MiB resident 3494.8 MiB mapped 3494.8 MiB
  load op 61 at 10: base 0xfe0008000 pairs (0x0,215) (0xd8,272) (0x1f5,4) (0x1ff,158) (0x2a0,2) (0x2a3,1) (0x2a5,66) (0x2f5,203)
  load op 5f at 29: base 0xfe0010000 pairs (0x1,1) (0x6,38) (0x32,4) (0x80,4) (0x87,37) (0xb2,4) (0xc8,2) (0x100,4) (0x107,37) (0x132,4) (0x148,2) (0x204,3) (0x20c,2) (0x212,2) (0x215,6) (0x224,5) (0x22a,1) (0x240,16) (0x27d,1) (0x280,1) (0x207,3)
  load op 5e at 74: base 0xfe0011000 pairs (0x35,8) (0xa2,1) (0x242,1) (0x248,1) (0x24a,2) (0x25b,6) (0x262,1) (0x2bb,5) (0x2c4,16) (0x2e4,8) (0x380,2) (0x383,2) (0x41d,3) (0x24d,1)
  load op 61 at 105: base 0xfe0008000 pairs (0x0,0)
  load op 5f at 110: base 0xfe0010000 pairs (0x0,0)
  load op 5e at 115: base 0xfe0011000 pairs (0x0,0)
  load op 61 at 125: base 0xfe0008000 pairs (0x0,0)
  load op 5f at 130: base 0xfe0010000 pairs (0x0,0)
  load op 5e at 135: base 0xfe0011000 pairs (0x0,0)
submit #317 hib 150 dwords at 0xfe0000000: pass 12 rewrite 2 drop 2 unmapped 0 cc 2 mappings 1143 ... OK rc 0 17.79 ms
map 0x403a10000 +0x10000 ... ok
swapped pages taken as resident so far: 0
vmas 108 total 13075.0 MiB resident 3494.8 MiB mapped 3494.9 MiB
submit #318 hib 2 dwords at 0xfe003a200: pass 1 rewrite 0 drop 0 unmapped 0 cc 0 mappings 1144 ... OK rc 0 17.73 ms
  load op 9f at 38: addr 0xfe0040068 idx 0 fmt 1 regoff 0x0 n 921 (table contents not committed)
  load op 63 at 43: addr 0xfe0042068 idx 0 fmt 1 regoff 0x0 n 174 (table contents not committed)
  load op 64 at 48: addr 0xfe00425d8 idx 0 fmt 1 regoff 0x0 n 49 (table contents not committed)
submit #319 dcb 96 dwords at 0xfe0042920: pass 20 rewrite 2 drop 2 unmapped 0 cc 0 mappings 1144 ... OK rc 0 18.24 ms
  load op 9f at 36: addr 0xfe0040068 idx 0 fmt 1 regoff 0x0 n 921 (table contents not committed)
  load op 63 at 41: addr 0xfe0042068 idx 0 fmt 1 regoff 0x0 n 174 (table contents not committed)
  load op 64 at 46: addr 0xfe00425d8 idx 0 fmt 1 regoff 0x0 n 57 (table contents not committed)
  load op 9f at 88: addr 0x503c01500 idx 0 fmt 1 regoff 0x0 n 136 (table contents not committed)
  load op 64 at 93: addr 0x503c00500 idx 0 fmt 1 regoff 0x0 n 3 (table contents not committed)
  load op 63 at 98: addr 0x503bff500 idx 0 fmt 1 regoff 0x0 n 3 (table contents not committed)
  load op 9f at 1541: addr 0xfe0040068 idx 0 fmt 1 regoff 0x0 n 921 (table contents not committed)
  load op 9f at 1548: addr 0x503c01940 idx 0 fmt 1 regoff 0x0 n 70 (table contents not committed)
  load op 63 at 1553: addr 0x908e5ff90 idx 0 fmt 1 regoff 0x0 n 6 (table contents not committed)
  load op 9f at 1558: addr 0x908e5ffc0 idx 0 fmt 1 regoff 0x0 n 10 (table contents not committed)
  load op 63 at 1563: addr 0x908e5f7d0 idx 0 fmt 1 regoff 0x0 n 6 (table contents not committed)
  load op 9f at 1568: addr 0x908e5f800 idx 0 fmt 1 regoff 0x0 n 9 (table contents not committed)
  load op 64 at 1573: addr 0x503c00518 idx 0 fmt 1 regoff 0x0 n 5 (table contents not committed)
  load op 9f at 1691: addr 0x503c01b70 idx 0 fmt 1 regoff 0x0 n 131 (table contents not committed)
  load op 64 at 1698: addr 0x503c00540 idx 0 fmt 1 regoff 0x0 n 1 (table contents not committed)
  load op 9f at 1730: addr 0xfe0040068 idx 0 fmt 1 regoff 0x0 n 921 (table contents not committed)
  load op 9f at 1737: addr 0x503c01f88 idx 0 fmt 1 regoff 0x0 n 70 (table contents not committed)
  load op 63 at 1742: addr 0x908e5ff90 idx 0 fmt 1 regoff 0x0 n 6 (table contents not committed)
  load op 9f at 1747: addr 0x908e5ffc0 idx 0 fmt 1 regoff 0x0 n 10 (table contents not committed)
  load op 63 at 1752: addr 0x908e5f7d0 idx 0 fmt 1 regoff 0x0 n 6 (table contents not committed)
  load op 9f at 1757: addr 0x908e5f800 idx 0 fmt 1 regoff 0x0 n 9 (table contents not committed)
  load op 64 at 1762: addr 0x503c00548 idx 0 fmt 1 regoff 0x0 n 5 (table contents not committed)
  load op 63 at 1858: addr 0x503bff518 idx 0 fmt 1 regoff 0x0 n 10 (table contents not committed)
  load op 63 at 2049: addr 0x503bff568 idx 0 fmt 1 regoff 0x0 n 28 (table contents not committed)
  load op 64 at 2123: addr 0x503c00570 idx 0 fmt 1 regoff 0x0 n 5 (table contents not committed)
  load op 9f at 2130: addr 0x503c021b8 idx 0 fmt 1 regoff 0x0 n 96 (table contents not committed)
  load op 9f at 2135: addr 0x503bfe390 idx 0 fmt 1 regoff 0x0 n 194 (table contents not committed)
submit #320 dcb 2647 dwords at 0x503502500: pass 236 rewrite 123 drop 120 unmapped 0 cc 4 mappings 1144 ... OK rc 0 18.01 ms
state stack #320: push 2 pop 2 conditional 1 unmatched 0; restored 1842 regs (+1874 dwords); tables 13, unreadable 0
pipestat #320 (2647 dwords): ia_verts 9 ia_prims 3 vs 9 gs_inv 3 gs_prims 0 c_inv 3 c_prims 3 ps 3326976 cs 1339648
  load op 9f at 38: addr 0xfe0040068 idx 0 fmt 1 regoff 0x0 n 921 (table contents not committed)
  load op 63 at 43: addr 0xfe0042068 idx 0 fmt 1 regoff 0x0 n 174 (table contents not committed)
  load op 64 at 48: addr 0xfe00425d8 idx 0 fmt 1 regoff 0x0 n 57 (table contents not committed)
  load op 9f at 90: addr 0x505a01500 idx 0 fmt 1 regoff 0x0 n 5 (table contents not committed)
  load op 64 at 95: addr 0x505a00500 idx 0 fmt 1 regoff 0x0 n 2 (table contents not committed)
  load op 63 at 100: addr 0x5059ff500 idx 0 fmt 1 regoff 0x0 n 3 (table contents not committed)
submit #321 dcb 851 dwords at 0x505602500: pass 47 rewrite 55 drop 45 unmapped 0 cc 0 mappings 1144 ... OK rc 0 17.84 ms
pipestat #321 (851 dwords): ia_verts 0 ia_prims 0 vs 0 gs_inv 0 gs_prims 0 c_inv 0 c_prims 0 ps 0 cs 122880
submit #322 acb 2 dwords at 0xfe003a200: pass 1 rewrite 0 drop 0 unmapped 0 cc 0 mappings 1144 ... OK rc 0 17.85 ms
cpu-wait WAIT_REG_MEM64 at 87 on 0x400201a40: satisfied after 0.0 ms
  load op 9f at 35: addr 0xfe0040068 idx 0 fmt 1 regoff 0x0 n 921 (table contents not committed)
  load op 63 at 40: addr 0xfe0042068 idx 0 fmt 1 regoff 0x0 n 174 (table contents not committed)
  load op 64 at 45: addr 0xfe00425d8 idx 0 fmt 1 regoff 0x0 n 57 (table contents not committed)
  load op 9f at 87: addr 0x506801500 idx 0 fmt 1 regoff 0x0 n 136 (table contents not committed)
  load op 64 at 92: addr 0x506800500 idx 0 fmt 1 regoff 0x0 n 3 (table contents not committed)
  load op 63 at 97: addr 0x5067ff500 idx 0 fmt 1 regoff 0x0 n 3 (table contents not committed)
  load op 9f at 212: addr 0xfe0040068 idx 0 fmt 1 regoff 0x0 n 921 (table contents not committed)
  load op 9f at 219: addr 0x506801940 idx 0 fmt 1 regoff 0x0 n 70 (table contents not committed)
  load op 63 at 224: addr 0x908e5ff90 idx 0 fmt 1 regoff 0x0 n 6 (table contents not committed)
  load op 9f at 229: addr 0x908e5ffc0 idx 0 fmt 1 regoff 0x0 n 10 (table contents not committed)
  load op 63 at 234: addr 0x908e5f7d0 idx 0 fmt 1 regoff 0x0 n 6 (table contents not committed)
  load op 9f at 239: addr 0x908e5f800 idx 0 fmt 1 regoff 0x0 n 9 (table contents not committed)
  load op 64 at 244: addr 0x506800518 idx 0 fmt 1 regoff 0x0 n 5 (table contents not committed)
  load op 9f at 340: addr 0x506801b70 idx 0 fmt 1 regoff 0x0 n 131 (table contents not committed)
  load op 64 at 347: addr 0x506800540 idx 0 fmt 1 regoff 0x0 n 1 (table contents not committed)
  load op 9f at 379: addr 0xfe0040068 idx 0 fmt 1 regoff 0x0 n 921 (table contents not committed)
  load op 9f at 386: addr 0x506801f88 idx 0 fmt 1 regoff 0x0 n 70 (table contents not committed)
  load op 63 at 391: addr 0x908e5ff90 idx 0 fmt 1 regoff 0x0 n 6 (table contents not committed)
  load op 9f at 396: addr 0x908e5ffc0 idx 0 fmt 1 regoff 0x0 n 10 (table contents not committed)
  load op 63 at 401: addr 0x908e5f7d0 idx 0 fmt 1 regoff 0x0 n 6 (table contents not committed)
  load op 9f at 406: addr 0x908e5f800 idx 0 fmt 1 regoff 0x0 n 9 (table contents not committed)
  load op 64 at 411: addr 0x506800548 idx 0 fmt 1 regoff 0x0 n 5 (table contents not committed)
  load op 9f at 548: addr 0x5068021b8 idx 0 fmt 1 regoff 0x0 n 98 (table contents not committed)
  load op 64 at 555: addr 0x506800570 idx 0 fmt 1 regoff 0x0 n 1 (table contents not committed)
  load op 9f at 560: addr 0x5067fe500 idx 0 fmt 1 regoff 0x0 n 33 (table contents not committed)
  load op 9f at 592: addr 0xfe0040068 idx 0 fmt 1 regoff 0x0 n 921 (table contents not committed)
  load op 9f at 599: addr 0x5067fe608 idx 0 fmt 1 regoff 0x0 n 70 (table contents not committed)
  load op 63 at 604: addr 0x908e5ff90 idx 0 fmt 1 regoff 0x0 n 6 (table contents not committed)
  load op 9f at 609: addr 0x908e5ffc0 idx 0 fmt 1 regoff 0x0 n 10 (table contents not committed)
  load op 63 at 614: addr 0x908e5f7d0 idx 0 fmt 1 regoff 0x0 n 6 (table contents not committed)
  load op 9f at 619: addr 0x908e5f800 idx 0 fmt 1 regoff 0x0 n 9 (table contents not committed)
  load op 64 at 624: addr 0x506800578 idx 0 fmt 1 regoff 0x0 n 5 (table contents not committed)
submit #323 dcb 798 dwords at 0x506202500: pass 103 rewrite 35 drop 22 unmapped 0 cc 6 mappings 1144 ... OK rc 0 18.01 ms
state stack #323: push 3 pop 3 conditional 1 unmatched 0; restored 2763 regs (+2811 dwords); tables 17, unreadable 0
pipestat #323 (798 dwords): ia_verts 9 ia_prims 3 vs 9 gs_inv 3 gs_prims 0 c_inv 3 c_prims 3 ps 0 cs 0
submit #324 acb 463 dwords at 0x4003e6740: pass 43 rewrite 11 drop 27 unmapped 0 cc 0 mappings 1144 ... OK rc 0 18.34 ms
acb head: 1287 of 1336 dwords go ahead of the wait at 1287 on 0x400202380
  load op 9f at 36: addr 0xfe0040068 idx 0 fmt 1 regoff 0x0 n 921 (table contents not committed)
  load op 63 at 41: addr 0xfe0042068 idx 0 fmt 1 regoff 0x0 n 174 (table contents not committed)
  load op 64 at 46: addr 0xfe00425d8 idx 0 fmt 1 regoff 0x0 n 57 (table contents not committed)
  load op 9f at 88: addr 0x504e01500 idx 0 fmt 1 regoff 0x0 n 5 (table contents not committed)
  load op 64 at 93: addr 0x504e00500 idx 0 fmt 1 regoff 0x0 n 2 (table contents not committed)
  load op 63 at 98: addr 0x504dff500 idx 0 fmt 1 regoff 0x0 n 3 (table contents not committed)
  load op 9f at 756: addr 0xfe0040068 idx 0 fmt 1 regoff 0x0 n 921 (table contents not committed)
  load op 9f at 763: addr 0x504e01528 idx 0 fmt 1 regoff 0x0 n 74 (table contents not committed)
  load op 63 at 768: addr 0x908e5ff90 idx 0 fmt 1 regoff 0x0 n 6 (table contents not committed)
  load op 9f at 773: addr 0x908e5ffc0 idx 0 fmt 1 regoff 0x0 n 10 (table contents not committed)
  load op 64 at 778: addr 0x504e00510 idx 0 fmt 1 regoff 0x0 n 5 (table contents not committed)
  load op 9f at 901: addr 0xfe0040068 idx 0 fmt 1 regoff 0x0 n 921 (table contents not committed)
  load op 9f at 908: addr 0x504e01778 idx 0 fmt 1 regoff 0x0 n 74 (table contents not committed)
  load op 63 at 913: addr 0x908e5ff90 idx 0 fmt 1 regoff 0x0 n 6 (table contents not committed)
  load op 9f at 918: addr 0x908e5ffc0 idx 0 fmt 1 regoff 0x0 n 10 (table contents not committed)
  load op 64 at 923: addr 0x504e00538 idx 0 fmt 1 regoff 0x0 n 5 (table contents not committed)
  load op 9f at 1046: addr 0xfe0040068 idx 0 fmt 1 regoff 0x0 n 921 (table contents not committed)
  load op 9f at 1053: addr 0x504e019c8 idx 0 fmt 1 regoff 0x0 n 74 (table contents not committed)
  load op 63 at 1058: addr 0x908e5ff90 idx 0 fmt 1 regoff 0x0 n 6 (table contents not committed)
  load op 9f at 1063: addr 0x908e5ffc0 idx 0 fmt 1 regoff 0x0 n 10 (table contents not committed)
  load op 64 at 1068: addr 0x504e00560 idx 0 fmt 1 regoff 0x0 n 5 (table contents not committed)
submit #325 dcb 1248 dwords at 0x504a02500: pass 151 rewrite 46 drop 45 unmapped 0 cc 6 mappings 1144 ... OK rc 0 18.05 ms
state stack #325: push 3 pop 3 conditional 1 unmatched 0; restored 2763 regs (+2811 dwords); tables 11, unreadable 0
pipestat #325 (1248 dwords): ia_verts 9 ia_prims 3 vs 9 gs_inv 3 gs_prims 0 c_inv 3 c_prims 3 ps 0 cs 36864
flip 1/0 buffer 0x507410000 +0x1fe0000: sum 0x17ea65194594 nonzero 8100/8160 pattern 0
  target CB0 0x5093f0000: distinct 53 min 0xc0000000 max 0xc340d034,   target CB0 0x5093f0000: nonzero 1024/1024
  target CB0 0x563800000: distinct 1 min 0x00000000 max 0x00000000,   target CB0 0x563800000: nonzero 0/1024
  target CB0 0x55c00d000: distinct 4 min 0x00000000 max 0xffffffff,   target CB0 0x55c00d000: nonzero 147/1024
  target CB0 0x5637f0000: distinct 1 min 0x00000000 max 0x00000000,   target CB0 0x5637f0000: nonzero 0/1024
  target CB0 0x519df0000: distinct 1 min 0x38003800 max 0x38003800,   target CB0 0x519df0000: nonzero 1024/1024
  target CB0 0x570e65000: distinct 12 min 0x00000000 max 0xffffffff,   target CB0 0x570e65000: nonzero 129/1024
  target DB_HTILE 0x516870000: distinct 3 min 0x00000000 max 0xfffffff0,   target DB_HTILE 0x516870000: nonzero 80/1024
  target DB_Z_READ 0x5157a0000: distinct 1 min 0x3f800000 max 0x3f800000,   target DB_Z_READ 0x5157a0000: nonzero 1024/1024
  target DB_STENCIL_READ 0x5164b0000: distinct 3 min 0x00000000 max 0xfffffff0,   target DB_STENCIL_READ 0x5164b0000: nonzero 881/1024
  target CB0 0x511650000: distinct 1 min 0x00000000 max 0x00000000,   target CB0 0x511650000: nonzero 0/1024
  target CB0 0x570e08000: distinct 13 min 0x00000000 max 0xffffffff,   target CB0 0x570e08000: nonzero 177/1024
  target CB0 0x570e11000: distinct 13 min 0x00000000 max 0xffffffff,   target CB0 0x570e11000: nonzero 168/1024
  target CB0 0x513d80000: distinct 1 min 0x00000000 max 0x00000000,   target CB0 0x513d80000: nonzero 0/1024
  target CB0 0x570e3e000: distinct 12 min 0x00000000 max 0xffffffff,   target CB0 0x570e3e000: nonzero 138/1024
  target DB_HTILE 0x55c050000: distinct 3 min 0x00000000 max 0xffffffff,   target DB_HTILE 0x55c050000: nonzero 144/1024
  target DB_Z_READ 0x527430000: distinct 1 min 0xffffffff max 0xffffffff,   target DB_Z_READ 0x527430000: nonzero 1024/1024
submit #326 acb 1287 dwords at 0x400205540: pass 118 rewrite 35 drop 63 unmapped 0 cc 0 mappings 1144 ... OK rc 0 18.58 ms
cpu-wait WAIT_REG_MEM64 at 115 on 0x400201d40: satisfied after 0.0 ms
cpu-wait WAIT_REG_MEM64 at 1629 on 0x400201840: satisfied after 0.0 ms
cpu-wait WAIT_REG_MEM64 at 9223 on 0x55d4d00b6e60: satisfied after 0.0 ms
  indirect op 16 at 1246: base 0x5074063c0 +0x0 -> 1 1 1 0 0
  indirect op 16 at 1278: base 0x5074063e0 +0x0 -> 1 1 1 0 0
  indirect op 16 at 1310: base 0x50740a520 +0x0 -> 1 1 1 0 0
  indirect op 16 at 1342: base 0x50740a540 +0x0 -> 1 1 1 0 0
  indirect op 25 at 4584: base 0x56ddaffa0 +0x0 -> 1 512 0 0 0
  load op 9f at 28: addr 0xfe0040068 idx 0 fmt 1 regoff 0x0 n 921 (table contents not committed)
  load op 63 at 33: addr 0xfe0042068 idx 0 fmt 1 regoff 0x0 n 174 (table contents not committed)
  load op 64 at 38: addr 0xfe00425d8 idx 0 fmt 1 regoff 0x0 n 57 (table contents not committed)
  load op 9f at 80: addr 0x502701500 idx 0 fmt 1 regoff 0x0 n 295 (table contents not committed)
  load op 64 at 85: addr 0x502700500 idx 0 fmt 1 regoff 0x0 n 7 (table contents not committed)
  load op 63 at 90: addr 0x5026ff500 idx 0 fmt 1 regoff 0x0 n 13 (table contents not committed)
  load op 63 at 342: addr 0x5026ff568 idx 0 fmt 1 regoff 0x0 n 10 (table contents not committed)
  load op 63 at 734: addr 0x5026ff5b8 idx 0 fmt 1 regoff 0x0 n 18 (table contents not committed)
  load op 63 at 1217: addr 0x5026ff648 idx 0 fmt 1 regoff 0x0 n 10 (table contents not committed)
  load op 63 at 1249: addr 0x5026ff698 idx 0 fmt 1 regoff 0x0 n 10 (table contents not committed)
  load op 63 at 1281: addr 0x5026ff6e8 idx 0 fmt 1 regoff 0x0 n 10 (table contents not committed)
  load op 63 at 1313: addr 0x5026ff738 idx 0 fmt 1 regoff 0x0 n 10 (table contents not committed)
  load op 9f at 1724: addr 0xfe0040068 idx 0 fmt 1 regoff 0x0 n 921 (table contents not committed)
  load op 9f at 1731: addr 0x502701e38 idx 0 fmt 1 regoff 0x0 n 74 (table contents not committed)
  load op 63 at 1736: addr 0x908e5ff90 idx 0 fmt 1 regoff 0x0 n 6 (table contents not committed)
  load op 9f at 1741: addr 0x908e5ffc0 idx 0 fmt 1 regoff 0x0 n 10 (table contents not committed)
  load op 64 at 1746: addr 0x502700538 idx 0 fmt 1 regoff 0x0 n 5 (table contents not committed)
  load op 9f at 1799: addr 0x502702088 idx 0 fmt 1 regoff 0x0 n 132 (table contents not committed)
  load op 63 at 1804: addr 0x5026ff788 idx 0 fmt 1 regoff 0x0 n 30 (table contents not committed)
  load op 64 at 1884: addr 0x502700560 idx 0 fmt 1 regoff 0x0 n 5 (table contents not committed)
  load op 9f at 1891: addr 0x5026fd440 idx 0 fmt 1 regoff 0x0 n 175 (table contents not committed)
  load op 63 at 2106: addr 0x5026ff878 idx 0 fmt 1 regoff 0x0 n 20 (table contents not committed)
  load op 9f at 3069: addr 0xfe0040068 idx 0 fmt 1 regoff 0x0 n 921 (table contents not committed)
  load op 9f at 3076: addr 0x5026fd9b8 idx 0 fmt 1 regoff 0x0 n 70 (table contents not committed)
  load op 63 at 3081: addr 0x908e5ff90 idx 0 fmt 1 regoff 0x0 n 6 (table contents not committed)
  load op 9f at 3086: addr 0x908e5ffc0 idx 0 fmt 1 regoff 0x0 n 10 (table contents not committed)
  load op 63 at 3091: addr 0x908e5f7d0 idx 0 fmt 1 regoff 0x0 n 6 (table contents not committed)
  load op 9f at 3096: addr 0x908e5f800 idx 0 fmt 1 regoff 0x0 n 9 (table contents not committed)
  load op 64 at 3101: addr 0x502700588 idx 0 fmt 1 regoff 0x0 n 5 (table contents not committed)
  load op 9f at 3140: addr 0x5026fdbe8 idx 0 fmt 1 regoff 0x0 n 19 (table contents not committed)
  load op 63 at 3145: addr 0x5026ff918 idx 0 fmt 1 regoff 0x0 n 12 (table contents not committed)
  load op 9f at 3268: addr 0xfe0040068 idx 0 fmt 1 regoff 0x0 n 921 (table contents not committed)
  load op 9f at 3275: addr 0x5026fdc80 idx 0 fmt 1 regoff 0x0 n 74 (table contents not committed)
  load op 63 at 3280: addr 0x908e5ff90 idx 0 fmt 1 regoff 0x0 n 6 (table contents not committed)
  load op 9f at 3285: addr 0x908e5ffc0 idx 0 fmt 1 regoff 0x0 n 10 (table contents not committed)
  load op 64 at 3290: addr 0x5027005b0 idx 0 fmt 1 regoff 0x0 n 5 (table contents not committed)
  load op 9f at 3329: addr 0x5026fded0 idx 0 fmt 1 regoff 0x0 n 166 (table contents not committed)
  load op 63 at 3334: addr 0x5026ff978 idx 0 fmt 1 regoff 0x0 n 30 (table contents not committed)
  load op 64 at 3430: addr 0x5027005d8 idx 0 fmt 1 regoff 0x0 n 5 (table contents not committed)
  load op 9f at 3437: addr 0x5026fc320 idx 0 fmt 1 regoff 0x0 n 135 (table contents not committed)
  load op 63 at 3675: addr 0x5026ffa68 idx 0 fmt 1 regoff 0x0 n 36 (table contents not committed)
  load op 64 at 4540: addr 0x502700600 idx 0 fmt 1 regoff 0x0 n 6 (table contents not committed)
  load op 9f at 4545: addr 0x5026fc758 idx 0 fmt 1 regoff 0x0 n 376 (table contents not committed)
  load op 9f at 4552: addr 0x5026fb118 idx 0 fmt 1 regoff 0x0 n 205 (table contents not committed)
  load op 9f at 4853: addr 0xfe0040068 idx 0 fmt 1 regoff 0x0 n 921 (table contents not committed)
  load op 9f at 4860: addr 0x5026fb780 idx 0 fmt 1 regoff 0x0 n 74 (table contents not committed)
  load op 63 at 4865: addr 0x908e5ff90 idx 0 fmt 1 regoff 0x0 n 6 (table contents not committed)
  load op 9f at 4870: addr 0x908e5ffc0 idx 0 fmt 1 regoff 0x0 n 10 (table contents not committed)
  load op 64 at 4875: addr 0x502700630 idx 0 fmt 1 regoff 0x0 n 5 (table contents not committed)
  load op 63 at 4914: addr 0x5026ffb88 idx 0 fmt 1 regoff 0x0 n 21 (table contents not committed)
  load op 9f at 4925: addr 0x5026fb9d0 idx 0 fmt 1 regoff 0x0 n 223 (table contents not committed)
  load op 63 at 5714: addr 0x5026ffc30 idx 0 fmt 1 regoff 0x0 n 10 (table contents not committed)
  load op 63 at 5831: addr 0x5026ffc80 idx 0 fmt 1 regoff 0x0 n 28 (table contents not committed)
  load op 64 at 5910: addr 0x502700658 idx 0 fmt 1 regoff 0x0 n 5 (table contents not committed)
  load op 9f at 5917: addr 0x5026f9e30 idx 0 fmt 1 regoff 0x0 n 67 (table contents not committed)
  load op 9f at 6045: addr 0x5026fa048 idx 0 fmt 1 regoff 0x0 n 121 (table contents not committed)
  load op 63 at 6050: addr 0x5026ffd60 idx 0 fmt 1 regoff 0x0 n 18 (table contents not committed)
  load op 64 at 6055: addr 0x502700680 idx 0 fmt 1 regoff 0x0 n 3 (table contents not committed)
  load op 9f at 6204: addr 0x5026fa410 idx 0 fmt 1 regoff 0x0 n 121 (table contents not committed)
  load op 63 at 6209: addr 0x5026ffdf0 idx 0 fmt 1 regoff 0x0 n 18 (table contents not committed)
  load op 64 at 6214: addr 0x502700698 idx 0 fmt 1 regoff 0x0 n 3 (table contents not committed)
  load op 63 at 6578: addr 0x5026ffe80 idx 0 fmt 1 regoff 0x0 n 10 (table contents not committed)
  load op 9f at 7058: addr 0x5026fa7d8 idx 0 fmt 1 regoff 0x0 n 195 (table contents not committed)
  load op 9f at 7063: addr 0x5026f8d80 idx 0 fmt 1 regoff 0x0 n 85 (table contents not committed)
  load op 63 at 7068: addr 0x5026ffed0 idx 0 fmt 1 regoff 0x0 n 18 (table contents not committed)
  load op 64 at 7073: addr 0x5027006b0 idx 0 fmt 1 regoff 0x0 n 3 (table contents not committed)
  load op 9f at 7186: addr 0x5026f9028 idx 0 fmt 1 regoff 0x0 n 129 (table contents not committed)
  load op 63 at 7191: addr 0x5026fff60 idx 0 fmt 1 regoff 0x0 n 18 (table contents not committed)
  load op 64 at 7196: addr 0x5027006c8 idx 0 fmt 1 regoff 0x0 n 3 (table contents not committed)
  load op 9f at 7309: addr 0x5026f9430 idx 0 fmt 1 regoff 0x0 n 129 (table contents not committed)
  load op 63 at 7314: addr 0x5026ffff0 idx 0 fmt 1 regoff 0x0 n 18 (table contents not committed)
  load op 64 at 7319: addr 0x5027006e0 idx 0 fmt 1 regoff 0x0 n 3 (table contents not committed)
  load op 9f at 7432: addr 0x5026f9838 idx 0 fmt 1 regoff 0x0 n 58 (table contents not committed)
  load op 9f at 7537: addr 0x5026f9a08 idx 0 fmt 1 regoff 0x0 n 66 (table contents not committed)
  load op 9f at 7642: addr 0x5026f9c18 idx 0 fmt 1 regoff 0x0 n 37 (table contents not committed)
  load op 9f at 7647: addr 0x5026f7300 idx 0 fmt 1 regoff 0x0 n 21 (table contents not committed)
  load op 9f at 7752: addr 0x5026f73a8 idx 0 fmt 1 regoff 0x0 n 66 (table contents not committed)
  load op 9f at 7857: addr 0x5026f75b8 idx 0 fmt 1 regoff 0x0 n 58 (table contents not committed)
  load op 9f at 7962: addr 0x5026f7788 idx 0 fmt 1 regoff 0x0 n 130 (table contents not committed)
  load op 63 at 7967: addr 0x502700080 idx 0 fmt 1 regoff 0x0 n 18 (table contents not committed)
  load op 64 at 7972: addr 0x5027006f8 idx 0 fmt 1 regoff 0x0 n 3 (table contents not committed)
  load op 9f at 8099: addr 0x5026f7b98 idx 0 fmt 1 regoff 0x0 n 135 (table contents not committed)
  load op 63 at 8104: addr 0x502700110 idx 0 fmt 1 regoff 0x0 n 18 (table contents not committed)
  load op 64 at 8109: addr 0x502700710 idx 0 fmt 1 regoff 0x0 n 3 (table contents not committed)
  load op 63 at 8687: addr 0x5027001a0 idx 0 fmt 1 regoff 0x0 n 28 (table contents not committed)
  load op 64 at 9264: addr 0x502700728 idx 0 fmt 1 regoff 0x0 n 5 (table contents not committed)
  load op 9f at 9269: addr 0x5026f7fd0 idx 0 fmt 1 regoff 0x0 n 97 (table contents not committed)
  load op 9f at 9276: addr 0x5026f5868 idx 0 fmt 1 regoff 0x0 n 183 (table contents not committed)
submit #327 dcb 9774 dwords at 0x502002500: pass 651 rewrite 493 drop 432 unmapped 1 cc 8 mappings 1144 ... OK rc 0 21.43 ms
state stack #327: push 4 pop 4 conditional 1 unmatched 0; restored 3684 regs (+3748 dwords); tables 40, unreadable 0
pipestat #327 (9774 dwords): ia_verts 575 ia_prims 533 vs 575 gs_inv 533 gs_prims 0 c_inv 192 c_prims 92 ps 41556336 cs 8014849
submit #328 acb 2 dwords at 0xfe003a200: pass 1 rewrite 0 drop 0 unmapped 0 cc 0 mappings 1144 ... OK rc 0 17.90 ms
cpu-wait WAIT_REG_MEM64 at 0 on 0x400202380: satisfied after 0.0 ms
submit #329 cc 3 dwords at 0x313b17cf4: pass 0 rewrite 1 drop 0 unmapped 0 cc 1 mappings 1144 ... OK rc 0 18.03 ms
submit #330 acb 49 dwords at 0x40020695c: pass 2 rewrite 3 drop 3 unmapped 0 cc 0 mappings 1144 ... OK rc 0 17.96 ms
  load op 61 at 10: base 0xfe0008000 pairs (0x0,215) (0xd8,272) (0x1f5,4) (0x1ff,158) (0x2a0,2) (0x2a3,1) (0x2a5,66) (0x2f5,203)
  load op 5f at 29: base 0xfe0010000 pairs (0x1,1) (0x6,38) (0x32,4) (0x80,4) (0x87,37) (0xb2,4) (0xc8,2) (0x100,4) (0x107,37) (0x132,4) (0x148,2) (0x204,3) (0x20c,2) (0x212,2) (0x215,6) (0x224,5) (0x22a,1) (0x240,16) (0x27d,1) (0x280,1) (0x207,3)
  load op 5e at 74: base 0xfe0011000 pairs (0x35,8) (0xa2,1) (0x242,1) (0x248,1) (0x24a,2) (0x25b,6) (0x262,1) (0x2bb,5) (0x2c4,16) (0x2e4,8) (0x380,2) (0x383,2) (0x41d,3) (0x24d,1)
  load op 61 at 105: base 0xfe0008000 pairs (0x0,0)
  load op 5f at 110: base 0xfe0010000 pairs (0x0,0)
  load op 5e at 115: base 0xfe0011000 pairs (0x0,0)
  load op 61 at 125: base 0xfe0008000 pairs (0x0,0)
  load op 5f at 130: base 0xfe0010000 pairs (0x0,0)
  load op 5e at 135: base 0xfe0011000 pairs (0x0,0)
submit #331 hib 150 dwords at 0xfe0000000: pass 12 rewrite 2 drop 2 unmapped 0 cc 2 mappings 1144 ... OK rc 0 17.97 ms
submit #332 hib 2 dwords at 0xfe003a200: pass 1 rewrite 0 drop 0 unmapped 0 cc 0 mappings 1144 ... OK rc 0 18.06 ms
  load op 9f at 38: addr 0xfe0040068 idx 0 fmt 1 regoff 0x0 n 921 (table contents not committed)
  load op 63 at 43: addr 0xfe0042068 idx 0 fmt 1 regoff 0x0 n 174 (table contents not committed)
  load op 64 at 48: addr 0xfe00425d8 idx 0 fmt 1 regoff 0x0 n 49 (table contents not committed)
submit #333 dcb 96 dwords at 0xfe0042920: pass 20 rewrite 2 drop 2 unmapped 0 cc 0 mappings 1144 ... OK rc 0 17.82 ms
  load op 9f at 36: addr 0xfe0040068 idx 0 fmt 1 regoff 0x0 n 921 (table contents not committed)
  load op 63 at 41: addr 0xfe0042068 idx 0 fmt 1 regoff 0x0 n 174 (table contents not committed)
  load op 64 at 46: addr 0xfe00425d8 idx 0 fmt 1 regoff 0x0 n 57 (table contents not committed)
  load op 9f at 88: addr 0x504301500 idx 0 fmt 1 regoff 0x0 n 136 (table contents not committed)
  load op 64 at 93: addr 0x504300500 idx 0 fmt 1 regoff 0x0 n 3 (table contents not committed)
  load op 63 at 98: addr 0x5042ff500 idx 0 fmt 1 regoff 0x0 n 3 (table contents not committed)
  load op 9f at 1541: addr 0xfe0040068 idx 0 fmt 1 regoff 0x0 n 921 (table contents not committed)
  load op 9f at 1548: addr 0x504301940 idx 0 fmt 1 regoff 0x0 n 70 (table contents not committed)
  load op 63 at 1553: addr 0x908e5ff90 idx 0 fmt 1 regoff 0x0 n 6 (table contents not committed)
  load op 9f at 1558: addr 0x908e5ffc0 idx 0 fmt 1 regoff 0x0 n 10 (table contents not committed)
  load op 63 at 1563: addr 0x908e5f7d0 idx 0 fmt 1 regoff 0x0 n 6 (table contents not committed)
  load op 9f at 1568: addr 0x908e5f800 idx 0 fmt 1 regoff 0x0 n 9 (table contents not committed)
  load op 64 at 1573: addr 0x504300518 idx 0 fmt 1 regoff 0x0 n 5 (table contents not committed)
  load op 9f at 1691: addr 0x504301b70 idx 0 fmt 1 regoff 0x0 n 131 (table contents not committed)
  load op 64 at 1698: addr 0x504300540 idx 0 fmt 1 regoff 0x0 n 1 (table contents not committed)
  load op 9f at 1730: addr 0xfe0040068 idx 0 fmt 1 regoff 0x0 n 921 (table contents not committed)
  load op 9f at 1737: addr 0x504301f88 idx 0 fmt 1 regoff 0x0 n 70 (table contents not committed)
  load op 63 at 1742: addr 0x908e5ff90 idx 0 fmt 1 regoff 0x0 n 6 (table contents not committed)
  load op 9f at 1747: addr 0x908e5ffc0 idx 0 fmt 1 regoff 0x0 n 10 (table contents not committed)
  load op 63 at 1752: addr 0x908e5f7d0 idx 0 fmt 1 regoff 0x0 n 6 (table contents not committed)
  load op 9f at 1757: addr 0x908e5f800 idx 0 fmt 1 regoff 0x0 n 9 (table contents not committed)
  load op 64 at 1762: addr 0x504300548 idx 0 fmt 1 regoff 0x0 n 5 (table contents not committed)
  load op 63 at 1858: addr 0x5042ff518 idx 0 fmt 1 regoff 0x0 n 10 (table contents not committed)
  load op 63 at 2049: addr 0x5042ff568 idx 0 fmt 1 regoff 0x0 n 28 (table contents not committed)
  load op 64 at 2123: addr 0x504300570 idx 0 fmt 1 regoff 0x0 n 5 (table contents not committed)
  load op 9f at 2130: addr 0x5043021b8 idx 0 fmt 1 regoff 0x0 n 96 (table contents not committed)
  load op 9f at 2135: addr 0x5042fe390 idx 0 fmt 1 regoff 0x0 n 194 (table contents not committed)
submit #334 dcb 2647 dwords at 0x503c02500: pass 236 rewrite 123 drop 120 unmapped 0 cc 4 mappings 1144 ... OK rc 0 18.72 ms
state stack #334: push 2 pop 2 conditional 1 unmatched 0; restored 1842 regs (+1874 dwords); tables 13, unreadable 0
pipestat #334 (2647 dwords): ia_verts 9 ia_prims 3 vs 9 gs_inv 3 gs_prims 0 c_inv 3 c_prims 3 ps 3326976 cs 1339648
  load op 9f at 38: addr 0xfe0040068 idx 0 fmt 1 regoff 0x0 n 921 (table contents not committed)
  load op 63 at 43: addr 0xfe0042068 idx 0 fmt 1 regoff 0x0 n 174 (table contents not committed)
  load op 64 at 48: addr 0xfe00425d8 idx 0 fmt 1 regoff 0x0 n 57 (table contents not committed)
  load op 9f at 90: addr 0x505e01500 idx 0 fmt 1 regoff 0x0 n 5 (table contents not committed)
  load op 64 at 95: addr 0x505e00500 idx 0 fmt 1 regoff 0x0 n 2 (table contents not committed)
  load op 63 at 100: addr 0x505dff500 idx 0 fmt 1 regoff 0x0 n 3 (table contents not committed)
submit #335 dcb 851 dwords at 0x505a02500: pass 47 rewrite 55 drop 45 unmapped 0 cc 0 mappings 1144 ... OK rc 0 17.96 ms
pipestat #335 (851 dwords): ia_verts 0 ia_prims 0 vs 0 gs_inv 0 gs_prims 0 c_inv 0 c_prims 0 ps 0 cs 122880
submit #336 acb 2 dwords at 0xfe003a200: pass 1 rewrite 0 drop 0 unmapped 0 cc 0 mappings 1144 ... OK rc 0 17.91 ms
cpu-wait WAIT_REG_MEM64 at 87 on 0x400202d80: satisfied after 0.0 ms
  load op 9f at 35: addr 0xfe0040068 idx 0 fmt 1 regoff 0x0 n 921 (table contents not committed)
  load op 63 at 40: addr 0xfe0042068 idx 0 fmt 1 regoff 0x0 n 174 (table contents not committed)
  load op 64 at 45: addr 0xfe00425d8 idx 0 fmt 1 regoff 0x0 n 57 (table contents not committed)
  load op 9f at 87: addr 0x506e01500 idx 0 fmt 1 regoff 0x0 n 136 (table contents not committed)
  load op 64 at 92: addr 0x506e00500 idx 0 fmt 1 regoff 0x0 n 3 (table contents not committed)
  load op 63 at 97: addr 0x506dff500 idx 0 fmt 1 regoff 0x0 n 3 (table contents not committed)
  load op 9f at 212: addr 0xfe0040068 idx 0 fmt 1 regoff 0x0 n 921 (table contents not committed)
  load op 9f at 219: addr 0x506e01940 idx 0 fmt 1 regoff 0x0 n 70 (table contents not committed)
  load op 63 at 224: addr 0x908e5ff90 idx 0 fmt 1 regoff 0x0 n 6 (table contents not committed)
  load op 9f at 229: addr 0x908e5ffc0 idx 0 fmt 1 regoff 0x0 n 10 (table contents not committed)
  load op 63 at 234: addr 0x908e5f7d0 idx 0 fmt 1 regoff 0x0 n 6 (table contents not committed)
  load op 9f at 239: addr 0x908e5f800 idx 0 fmt 1 regoff 0x0 n 9 (table contents not committed)
  load op 64 at 244: addr 0x506e00518 idx 0 fmt 1 regoff 0x0 n 5 (table contents not committed)
  load op 9f at 340: addr 0x506e01b70 idx 0 fmt 1 regoff 0x0 n 131 (table contents not committed)
  load op 64 at 347: addr 0x506e00540 idx 0 fmt 1 regoff 0x0 n 1 (table contents not committed)
  load op 9f at 379: addr 0xfe0040068 idx 0 fmt 1 regoff 0x0 n 921 (table contents not committed)
  load op 9f at 386: addr 0x506e01f88 idx 0 fmt 1 regoff 0x0 n 70 (table contents not committed)
  load op 63 at 391: addr 0x908e5ff90 idx 0 fmt 1 regoff 0x0 n 6 (table contents not committed)
  load op 9f at 396: addr 0x908e5ffc0 idx 0 fmt 1 regoff 0x0 n 10 (table contents not committed)
  load op 63 at 401: addr 0x908e5f7d0 idx 0 fmt 1 regoff 0x0 n 6 (table contents not committed)
  load op 9f at 406: addr 0x908e5f800 idx 0 fmt 1 regoff 0x0 n 9 (table contents not committed)
  load op 64 at 411: addr 0x506e00548 idx 0 fmt 1 regoff 0x0 n 5 (table contents not committed)
  load op 9f at 548: addr 0x506e021b8 idx 0 fmt 1 regoff 0x0 n 98 (table contents not committed)
  load op 64 at 555: addr 0x506e00570 idx 0 fmt 1 regoff 0x0 n 1 (table contents not committed)
  load op 9f at 560: addr 0x506dfe500 idx 0 fmt 1 regoff 0x0 n 33 (table contents not committed)
  load op 9f at 592: addr 0xfe0040068 idx 0 fmt 1 regoff 0x0 n 921 (table contents not committed)
  load op 9f at 599: addr 0x506dfe608 idx 0 fmt 1 regoff 0x0 n 70 (table contents not committed)
  load op 63 at 604: addr 0x908e5ff90 idx 0 fmt 1 regoff 0x0 n 6 (table contents not committed)
  load op 9f at 609: addr 0x908e5ffc0 idx 0 fmt 1 regoff 0x0 n 10 (table contents not committed)
  load op 63 at 614: addr 0x908e5f7d0 idx 0 fmt 1 regoff 0x0 n 6 (table contents not committed)
  load op 9f at 619: addr 0x908e5f800 idx 0 fmt 1 regoff 0x0 n 9 (table contents not committed)
  load op 64 at 624: addr 0x506e00578 idx 0 fmt 1 regoff 0x0 n 5 (table contents not committed)
submit #337 dcb 798 dwords at 0x506802500: pass 103 rewrite 35 drop 22 unmapped 0 cc 6 mappings 1144 ... OK rc 0 18.32 ms
state stack #337: push 3 pop 3 conditional 1 unmatched 0; restored 2763 regs (+2811 dwords); tables 17, unreadable 0
pipestat #337 (798 dwords): ia_verts 9 ia_prims 3 vs 9 gs_inv 3 gs_prims 0 c_inv 3 c_prims 3 ps 0 cs 0
submit #338 acb 463 dwords at 0x4004867c0: pass 43 rewrite 11 drop 27 unmapped 0 cc 0 mappings 1144 ... OK rc 0 18.52 ms
acb head: 1287 of 1336 dwords go ahead of the wait at 1287 on 0x400202f80
  load op 9f at 36: addr 0xfe0040068 idx 0 fmt 1 regoff 0x0 n 921 (table contents not committed)
  load op 63 at 41: addr 0xfe0042068 idx 0 fmt 1 regoff 0x0 n 174 (table contents not committed)
  load op 64 at 46: addr 0xfe00425d8 idx 0 fmt 1 regoff 0x0 n 57 (table contents not committed)
  load op 9f at 88: addr 0x505201500 idx 0 fmt 1 regoff 0x0 n 5 (table contents not committed)
  load op 64 at 93: addr 0x505200500 idx 0 fmt 1 regoff 0x0 n 2 (table contents not committed)
  load op 63 at 98: addr 0x5051ff500 idx 0 fmt 1 regoff 0x0 n 3 (table contents not committed)
  load op 9f at 756: addr 0xfe0040068 idx 0 fmt 1 regoff 0x0 n 921 (table contents not committed)
  load op 9f at 763: addr 0x505201528 idx 0 fmt 1 regoff 0x0 n 74 (table contents not committed)
  load op 63 at 768: addr 0x908e5ff90 idx 0 fmt 1 regoff 0x0 n 6 (table contents not committed)
  load op 9f at 773: addr 0x908e5ffc0 idx 0 fmt 1 regoff 0x0 n 10 (table contents not committed)
  load op 64 at 778: addr 0x505200510 idx 0 fmt 1 regoff 0x0 n 5 (table contents not committed)
  load op 9f at 901: addr 0xfe0040068 idx 0 fmt 1 regoff 0x0 n 921 (table contents not committed)
  load op 9f at 908: addr 0x505201778 idx 0 fmt 1 regoff 0x0 n 74 (table contents not committed)
  load op 63 at 913: addr 0x908e5ff90 idx 0 fmt 1 regoff 0x0 n 6 (table contents not committed)
  load op 9f at 918: addr 0x908e5ffc0 idx 0 fmt 1 regoff 0x0 n 10 (table contents not committed)
  load op 64 at 923: addr 0x505200538 idx 0 fmt 1 regoff 0x0 n 5 (table contents not committed)
  load op 9f at 1046: addr 0xfe0040068 idx 0 fmt 1 regoff 0x0 n 921 (table contents not committed)
  load op 9f at 1053: addr 0x5052019c8 idx 0 fmt 1 regoff 0x0 n 74 (table contents not committed)
  load op 63 at 1058: addr 0x908e5ff90 idx 0 fmt 1 regoff 0x0 n 6 (table contents not committed)
  load op 9f at 1063: addr 0x908e5ffc0 idx 0 fmt 1 regoff 0x0 n 10 (table contents not committed)
  load op 64 at 1068: addr 0x505200560 idx 0 fmt 1 regoff 0x0 n 5 (table contents not committed)
submit #339 dcb 1248 dwords at 0x504e02500: pass 151 rewrite 46 drop 45 unmapped 0 cc 6 mappings 1144 ... OK rc 0 17.96 ms
state stack #339: push 3 pop 3 conditional 1 unmatched 0; restored 2763 regs (+2811 dwords); tables 11, unreadable 0
pipestat #339 (1248 dwords): ia_verts 9 ia_prims 3 vs 9 gs_inv 3 gs_prims 0 c_inv 3 c_prims 3 ps 0 cs 36864
flip 1/1 buffer 0x5093f0000 +0x1fe0000: sum 0x17ea65194594 nonzero 8100/8160 pattern 0
  target CB0 0x507410000: distinct 53 min 0xc0000000 max 0xc340d034,   target CB0 0x507410000: nonzero 1024/1024
  target CB0 0x563800000: distinct 1 min 0x00000000 max 0x00000000,   target CB0 0x563800000: nonzero 0/1024
  target CB0 0x55c00d000: distinct 4 min 0x00000000 max 0xffffffff,   target CB0 0x55c00d000: nonzero 147/1024
  target CB0 0x5637f0000: distinct 1 min 0x00000000 max 0x00000000,   target CB0 0x5637f0000: nonzero 0/1024
  target CB0 0x519df0000: distinct 1 min 0x38003800 max 0x38003800,   target CB0 0x519df0000: nonzero 1024/1024
  target CB0 0x570e65000: distinct 12 min 0x00000000 max 0xffffffff,   target CB0 0x570e65000: nonzero 129/1024
  target DB_HTILE 0x516870000: distinct 3 min 0x00000000 max 0xfffffff0,   target DB_HTILE 0x516870000: nonzero 80/1024
  target DB_Z_READ 0x5157a0000: distinct 1 min 0x3f800000 max 0x3f800000,   target DB_Z_READ 0x5157a0000: nonzero 1024/1024
  target DB_STENCIL_READ 0x5164b0000: distinct 3 min 0x00000000 max 0xfffffff0,   target DB_STENCIL_READ 0x5164b0000: nonzero 881/1024
  target CB0 0x511650000: distinct 1 min 0x00000000 max 0x00000000,   target CB0 0x511650000: nonzero 0/1024
  target CB0 0x570e08000: distinct 13 min 0x00000000 max 0xffffffff,   target CB0 0x570e08000: nonzero 177/1024
  target CB0 0x570e11000: distinct 13 min 0x00000000 max 0xffffffff,   target CB0 0x570e11000: nonzero 168/1024
  target CB0 0x513d80000: distinct 1 min 0x00000000 max 0x00000000,   target CB0 0x513d80000: nonzero 0/1024
  target CB0 0x570e3e000: distinct 12 min 0x00000000 max 0xffffffff,   target CB0 0x570e3e000: nonzero 138/1024
  target DB_HTILE 0x55c050000: distinct 3 min 0x00000000 max 0xffffffff,   target DB_HTILE 0x55c050000: nonzero 144/1024
  target DB_Z_READ 0x527430000: distinct 1 min 0xffffffff max 0xffffffff,   target DB_Z_READ 0x527430000: nonzero 1024/1024
submit #340 acb 1287 dwords at 0x4002a55c0: pass 118 rewrite 35 drop 63 unmapped 0 cc 0 mappings 1144 ... OK rc 0 18.66 ms
cpu-wait WAIT_REG_MEM64 at 115 on 0x400202d40: satisfied after 0.0 ms
cpu-wait WAIT_REG_MEM64 at 1629 on 0x400202dc0: satisfied after 0.0 ms
cpu-wait WAIT_REG_MEM64 at 9223 on 0x55d4d00b6e68: satisfied after 0.0 ms
  indirect op 16 at 1246: base 0x5074063c0 +0x0 -> 1 1 1 0 0
  indirect op 16 at 1278: base 0x5074063e0 +0x0 -> 1 1 1 0 0
  indirect op 16 at 1310: base 0x50740a520 +0x0 -> 1 1 1 0 0
  indirect op 16 at 1342: base 0x50740a540 +0x0 -> 1 1 1 0 0
  indirect op 25 at 4584: base 0x56ddaffa0 +0x0 -> 1 512 0 0 0
  load op 9f at 28: addr 0xfe0040068 idx 0 fmt 1 regoff 0x0 n 921 (table contents not committed)
  load op 63 at 33: addr 0xfe0042068 idx 0 fmt 1 regoff 0x0 n 174 (table contents not committed)
  load op 64 at 38: addr 0xfe00425d8 idx 0 fmt 1 regoff 0x0 n 57 (table contents not committed)
  load op 9f at 80: addr 0x502e01500 idx 0 fmt 1 regoff 0x0 n 295 (table contents not committed)
  load op 64 at 85: addr 0x502e00500 idx 0 fmt 1 regoff 0x0 n 7 (table contents not committed)
  load op 63 at 90: addr 0x502dff500 idx 0 fmt 1 regoff 0x0 n 13 (table contents not committed)
  load op 63 at 342: addr 0x502dff568 idx 0 fmt 1 regoff 0x0 n 10 (table contents not committed)
  load op 63 at 734: addr 0x502dff5b8 idx 0 fmt 1 regoff 0x0 n 18 (table contents not committed)
  load op 63 at 1217: addr 0x502dff648 idx 0 fmt 1 regoff 0x0 n 10 (table contents not committed)
  load op 63 at 1249: addr 0x502dff698 idx 0 fmt 1 regoff 0x0 n 10 (table contents not committed)
  load op 63 at 1281: addr 0x502dff6e8 idx 0 fmt 1 regoff 0x0 n 10 (table contents not committed)
  load op 63 at 1313: addr 0x502dff738 idx 0 fmt 1 regoff 0x0 n 10 (table contents not committed)
  load op 9f at 1724: addr 0xfe0040068 idx 0 fmt 1 regoff 0x0 n 921 (table contents not committed)
  load op 9f at 1731: addr 0x502e01e38 idx 0 fmt 1 regoff 0x0 n 74 (table contents not committed)
  load op 63 at 1736: addr 0x908e5ff90 idx 0 fmt 1 regoff 0x0 n 6 (table contents not committed)
  load op 9f at 1741: addr 0x908e5ffc0 idx 0 fmt 1 regoff 0x0 n 10 (table contents not committed)
  load op 64 at 1746: addr 0x502e00538 idx 0 fmt 1 regoff 0x0 n 5 (table contents not committed)
  load op 9f at 1799: addr 0x502e02088 idx 0 fmt 1 regoff 0x0 n 132 (table contents not committed)
  load op 63 at 1804: addr 0x502dff788 idx 0 fmt 1 regoff 0x0 n 30 (table contents not committed)
  load op 64 at 1884: addr 0x502e00560 idx 0 fmt 1 regoff 0x0 n 5 (table contents not committed)
  load op 9f at 1891: addr 0x502dfd440 idx 0 fmt 1 regoff 0x0 n 175 (table contents not committed)
  load op 63 at 2106: addr 0x502dff878 idx 0 fmt 1 regoff 0x0 n 20 (table contents not committed)
  load op 9f at 3069: addr 0xfe0040068 idx 0 fmt 1 regoff 0x0 n 921 (table contents not committed)
  load op 9f at 3076: addr 0x502dfd9b8 idx 0 fmt 1 regoff 0x0 n 70 (table contents not committed)
  load op 63 at 3081: addr 0x908e5ff90 idx 0 fmt 1 regoff 0x0 n 6 (table contents not committed)
  load op 9f at 3086: addr 0x908e5ffc0 idx 0 fmt 1 regoff 0x0 n 10 (table contents not committed)
  load op 63 at 3091: addr 0x908e5f7d0 idx 0 fmt 1 regoff 0x0 n 6 (table contents not committed)
  load op 9f at 3096: addr 0x908e5f800 idx 0 fmt 1 regoff 0x0 n 9 (table contents not committed)
  load op 64 at 3101: addr 0x502e00588 idx 0 fmt 1 regoff 0x0 n 5 (table contents not committed)
  load op 9f at 3140: addr 0x502dfdbe8 idx 0 fmt 1 regoff 0x0 n 19 (table contents not committed)
  load op 63 at 3145: addr 0x502dff918 idx 0 fmt 1 regoff 0x0 n 12 (table contents not committed)
  load op 9f at 3268: addr 0xfe0040068 idx 0 fmt 1 regoff 0x0 n 921 (table contents not committed)
  load op 9f at 3275: addr 0x502dfdc80 idx 0 fmt 1 regoff 0x0 n 74 (table contents not committed)
  load op 63 at 3280: addr 0x908e5ff90 idx 0 fmt 1 regoff 0x0 n 6 (table contents not committed)
  load op 9f at 3285: addr 0x908e5ffc0 idx 0 fmt 1 regoff 0x0 n 10 (table contents not committed)
  load op 64 at 3290: addr 0x502e005b0 idx 0 fmt 1 regoff 0x0 n 5 (table contents not committed)
  load op 9f at 3329: addr 0x502dfded0 idx 0 fmt 1 regoff 0x0 n 166 (table contents not committed)
  load op 63 at 3334: addr 0x502dff978 idx 0 fmt 1 regoff 0x0 n 30 (table contents not committed)
  load op 64 at 3430: addr 0x502e005d8 idx 0 fmt 1 regoff 0x0 n 5 (table contents not committed)
  load op 9f at 3437: addr 0x502dfc320 idx 0 fmt 1 regoff 0x0 n 135 (table contents not committed)
  load op 63 at 3675: addr 0x502dffa68 idx 0 fmt 1 regoff 0x0 n 36 (table contents not committed)
  load op 64 at 4540: addr 0x502e00600 idx 0 fmt 1 regoff 0x0 n 6 (table contents not committed)
  load op 9f at 4545: addr 0x502dfc758 idx 0 fmt 1 regoff 0x0 n 376 (table contents not committed)
  load op 9f at 4552: addr 0x502dfb118 idx 0 fmt 1 regoff 0x0 n 205 (table contents not committed)
  load op 9f at 4853: addr 0xfe0040068 idx 0 fmt 1 regoff 0x0 n 921 (table contents not committed)
  load op 9f at 4860: addr 0x502dfb780 idx 0 fmt 1 regoff 0x0 n 74 (table contents not committed)
  load op 63 at 4865: addr 0x908e5ff90 idx 0 fmt 1 regoff 0x0 n 6 (table contents not committed)
  load op 9f at 4870: addr 0x908e5ffc0 idx 0 fmt 1 regoff 0x0 n 10 (table contents not committed)
  load op 64 at 4875: addr 0x502e00630 idx 0 fmt 1 regoff 0x0 n 5 (table contents not committed)
  load op 63 at 4914: addr 0x502dffb88 idx 0 fmt 1 regoff 0x0 n 21 (table contents not committed)
  load op 9f at 4925: addr 0x502dfb9d0 idx 0 fmt 1 regoff 0x0 n 223 (table contents not committed)
  load op 63 at 5714: addr 0x502dffc30 idx 0 fmt 1 regoff 0x0 n 10 (table contents not committed)
  load op 63 at 5831: addr 0x502dffc80 idx 0 fmt 1 regoff 0x0 n 28 (table contents not committed)
  load op 64 at 5910: addr 0x502e00658 idx 0 fmt 1 regoff 0x0 n 5 (table contents not committed)
  load op 9f at 5917: addr 0x502df9e30 idx 0 fmt 1 regoff 0x0 n 67 (table contents not committed)
  load op 9f at 6045: addr 0x502dfa048 idx 0 fmt 1 regoff 0x0 n 121 (table contents not committed)
  load op 63 at 6050: addr 0x502dffd60 idx 0 fmt 1 regoff 0x0 n 18 (table contents not committed)
  load op 64 at 6055: addr 0x502e00680 idx 0 fmt 1 regoff 0x0 n 3 (table contents not committed)
  load op 9f at 6204: addr 0x502dfa410 idx 0 fmt 1 regoff 0x0 n 121 (table contents not committed)
  load op 63 at 6209: addr 0x502dffdf0 idx 0 fmt 1 regoff 0x0 n 18 (table contents not committed)
  load op 64 at 6214: addr 0x502e00698 idx 0 fmt 1 regoff 0x0 n 3 (table contents not committed)
  load op 63 at 6578: addr 0x502dffe80 idx 0 fmt 1 regoff 0x0 n 10 (table contents not committed)
  load op 9f at 7058: addr 0x502dfa7d8 idx 0 fmt 1 regoff 0x0 n 195 (table contents not committed)
  load op 9f at 7063: addr 0x502df8d80 idx 0 fmt 1 regoff 0x0 n 85 (table contents not committed)
  load op 63 at 7068: addr 0x502dffed0 idx 0 fmt 1 regoff 0x0 n 18 (table contents not committed)
  load op 64 at 7073: addr 0x502e006b0 idx 0 fmt 1 regoff 0x0 n 3 (table contents not committed)
  load op 9f at 7186: addr 0x502df9028 idx 0 fmt 1 regoff 0x0 n 129 (table contents not committed)
  load op 63 at 7191: addr 0x502dfff60 idx 0 fmt 1 regoff 0x0 n 18 (table contents not committed)
  load op 64 at 7196: addr 0x502e006c8 idx 0 fmt 1 regoff 0x0 n 3 (table contents not committed)
  load op 9f at 7309: addr 0x502df9430 idx 0 fmt 1 regoff 0x0 n 129 (table contents not committed)
  load op 63 at 7314: addr 0x502dffff0 idx 0 fmt 1 regoff 0x0 n 18 (table contents not committed)
  load op 64 at 7319: addr 0x502e006e0 idx 0 fmt 1 regoff 0x0 n 3 (table contents not committed)
  load op 9f at 7432: addr 0x502df9838 idx 0 fmt 1 regoff 0x0 n 58 (table contents not committed)
  load op 9f at 7537: addr 0x502df9a08 idx 0 fmt 1 regoff 0x0 n 66 (table contents not committed)
  load op 9f at 7642: addr 0x502df9c18 idx 0 fmt 1 regoff 0x0 n 37 (table contents not committed)
  load op 9f at 7647: addr 0x502df7300 idx 0 fmt 1 regoff 0x0 n 21 (table contents not committed)
  load op 9f at 7752: addr 0x502df73a8 idx 0 fmt 1 regoff 0x0 n 66 (table contents not committed)
  load op 9f at 7857: addr 0x502df75b8 idx 0 fmt 1 regoff 0x0 n 58 (table contents not committed)
  load op 9f at 7962: addr 0x502df7788 idx 0 fmt 1 regoff 0x0 n 130 (table contents not committed)
  load op 63 at 7967: addr 0x502e00080 idx 0 fmt 1 regoff 0x0 n 18 (table contents not committed)
  load op 64 at 7972: addr 0x502e006f8 idx 0 fmt 1 regoff 0x0 n 3 (table contents not committed)
  load op 9f at 8099: addr 0x502df7b98 idx 0 fmt 1 regoff 0x0 n 135 (table contents not committed)
  load op 63 at 8104: addr 0x502e00110 idx 0 fmt 1 regoff 0x0 n 18 (table contents not committed)
  load op 64 at 8109: addr 0x502e00710 idx 0 fmt 1 regoff 0x0 n 3 (table contents not committed)
  load op 63 at 8687: addr 0x502e001a0 idx 0 fmt 1 regoff 0x0 n 28 (table contents not committed)
  load op 64 at 9264: addr 0x502e00728 idx 0 fmt 1 regoff 0x0 n 5 (table contents not committed)
  load op 9f at 9269: addr 0x502df7fd0 idx 0 fmt 1 regoff 0x0 n 97 (table contents not committed)
  load op 9f at 9276: addr 0x502df5868 idx 0 fmt 1 regoff 0x0 n 183 (table contents not committed)
submit #341 dcb 9774 dwords at 0x502702500: pass 651 rewrite 493 drop 432 unmapped 1 cc 8 mappings 1144 ... OK rc 0 21.37 ms
state stack #341: push 4 pop 4 conditional 1 unmatched 0; restored 3684 regs (+3748 dwords); tables 40, unreadable 0
pipestat #341 (9774 dwords): ia_verts 575 ia_prims 533 vs 575 gs_inv 533 gs_prims 0 c_inv 192 c_prims 92 ps 41556336 cs 8014849
submit #342 acb 2 dwords at 0xfe003a200: pass 1 rewrite 0 drop 0 unmapped 0 cc 0 mappings 1144 ... OK rc 0 17.76 ms
cpu-wait WAIT_REG_MEM64 at 0 on 0x400202f80: satisfied after 0.0 ms
submit #343 cc 3 dwords at 0x313b17cf4: pass 0 rewrite 1 drop 0 unmapped 0 cc 1 mappings 1144 ... OK rc 0 17.81 ms
submit #344 acb 49 dwords at 0x4002a69dc: pass 2 rewrite 3 drop 3 unmapped 0 cc 0 mappings 1144 ... OK rc 0 17.94 ms
map 0x335958000 +0x10000 ... ok
swapped pages taken as resident so far: 0
vmas 108 total 13075.0 MiB resident 3494.9 MiB mapped 3494.9 MiB
  load op 61 at 10: base 0xfe0008000 pairs (0x0,215) (0xd8,272) (0x1f5,4) (0x1ff,158) (0x2a0,2) (0x2a3,1) (0x2a5,66) (0x2f5,203)
  load op 5f at 29: base 0xfe0010000 pairs (0x1,1) (0x6,38) (0x32,4) (0x80,4) (0x87,37) (0xb2,4) (0xc8,2) (0x100,4) (0x107,37) (0x132,4) (0x148,2) (0x204,3) (0x20c,2) (0x212,2) (0x215,6) (0x224,5) (0x22a,1) (0x240,16) (0x27d,1) (0x280,1) (0x207,3)
  load op 5e at 74: base 0xfe0011000 pairs (0x35,8) (0xa2,1) (0x242,1) (0x248,1) (0x24a,2) (0x25b,6) (0x262,1) (0x2bb,5) (0x2c4,16) (0x2e4,8) (0x380,2) (0x383,2) (0x41d,3) (0x24d,1)
  load op 61 at 105: base 0xfe0008000 pairs (0x0,0)
  load op 5f at 110: base 0xfe0010000 pairs (0x0,0)
  load op 5e at 115: base 0xfe0011000 pairs (0x0,0)
  load op 61 at 125: base 0xfe0008000 pairs (0x0,0)
  load op 5f at 130: base 0xfe0010000 pairs (0x0,0)
  load op 5e at 135: base 0xfe0011000 pairs (0x0,0)
submit #345 hib 150 dwords at 0xfe0000000: pass 12 rewrite 2 drop 2 unmapped 0 cc 2 mappings 1145 ... OK rc 0 17.97 ms
submit #346 hib 2 dwords at 0xfe003a200: pass 1 rewrite 0 drop 0 unmapped 0 cc 0 mappings 1145 ... OK rc 0 17.99 ms
  load op 9f at 38: addr 0xfe0040068 idx 0 fmt 1 regoff 0x0 n 921 (table contents not committed)
  load op 63 at 43: addr 0xfe0042068 idx 0 fmt 1 regoff 0x0 n 174 (table contents not committed)
  load op 64 at 48: addr 0xfe00425d8 idx 0 fmt 1 regoff 0x0 n 49 (table contents not committed)
submit #347 dcb 96 dwords at 0xfe0042920: pass 20 rewrite 2 drop 2 unmapped 0 cc 0 mappings 1145 ... OK rc 0 17.91 ms
hint CB0 0x53c390000: window 0x53a390000+0x4000000, mapped +0.0 MiB
hint CB0 0x57136f000: window 0x56f360000+0x4000000, mapped +2.1 MiB
hint CB0 0x5219a0000: window 0x51f9a0000+0x4000000, mapped +57.6 MiB
hint DB_HTILE 0x51c5b0000: window 0x51a5b0000+0x4000000, mapped +0.0 MiB
hint DB_Z_READ 0x51a6d0000: window 0x5186d0000+0x4000000, mapped +0.0 MiB
hint DB_STENCIL_READ 0x51bf30000: window 0x519f30000+0x4000000, mapped +0.0 MiB
  load op 9f at 36: addr 0xfe0040068 idx 0 fmt 1 regoff 0x0 n 921 (table contents not committed)
  load op 63 at 41: addr 0xfe0042068 idx 0 fmt 1 regoff 0x0 n 174 (table contents not committed)
  load op 64 at 46: addr 0xfe00425d8 idx 0 fmt 1 regoff 0x0 n 57 (table contents not committed)
  load op 9f at 88: addr 0x504a01500 idx 0 fmt 1 regoff 0x0 n 136 (table contents not committed)
  load op 64 at 93: addr 0x504a00500 idx 0 fmt 1 regoff 0x0 n 3 (table contents not committed)
  load op 63 at 98: addr 0x5049ff500 idx 0 fmt 1 regoff 0x0 n 3 (table contents not committed)
  load op 9f at 1460: addr 0xfe0040068 idx 0 fmt 1 regoff 0x0 n 921 (table contents not committed)
  load op 9f at 1467: addr 0x504a01940 idx 0 fmt 1 regoff 0x0 n 70 (table contents not committed)
  load op 63 at 1472: addr 0x908e5ff90 idx 0 fmt 1 regoff 0x0 n 6 (table contents not committed)
  load op 9f at 1477: addr 0x908e5ffc0 idx 0 fmt 1 regoff 0x0 n 10 (table contents not committed)
  load op 63 at 1482: addr 0x908e5f7d0 idx 0 fmt 1 regoff 0x0 n 6 (table contents not committed)
  load op 9f at 1487: addr 0x908e5f800 idx 0 fmt 1 regoff 0x0 n 9 (table contents not committed)
  load op 64 at 1492: addr 0x504a00518 idx 0 fmt 1 regoff 0x0 n 5 (table contents not committed)
  load op 9f at 1861: addr 0x504a01b70 idx 0 fmt 1 regoff 0x0 n 131 (table contents not committed)
  load op 64 at 1868: addr 0x504a00540 idx 0 fmt 1 regoff 0x0 n 1 (table contents not committed)
  load op 9f at 1900: addr 0xfe0040068 idx 0 fmt 1 regoff 0x0 n 921 (table contents not committed)
  load op 9f at 1907: addr 0x504a01f88 idx 0 fmt 1 regoff 0x0 n 70 (table contents not committed)
  load op 63 at 1912: addr 0x908e5ff90 idx 0 fmt 1 regoff 0x0 n 6 (table contents not committed)
  load op 9f at 1917: addr 0x908e5ffc0 idx 0 fmt 1 regoff 0x0 n 10 (table contents not committed)
  load op 63 at 1922: addr 0x908e5f7d0 idx 0 fmt 1 regoff 0x0 n 6 (table contents not committed)
  load op 9f at 1927: addr 0x908e5f800 idx 0 fmt 1 regoff 0x0 n 9 (table contents not committed)
  load op 64 at 1932: addr 0x504a00548 idx 0 fmt 1 regoff 0x0 n 5 (table contents not committed)
  load op 9f at 2050: addr 0x504a021b8 idx 0 fmt 1 regoff 0x0 n 98 (table contents not committed)
  load op 64 at 2057: addr 0x504a00570 idx 0 fmt 1 regoff 0x0 n 1 (table contents not committed)
  load op 9f at 2062: addr 0x5049fe500 idx 0 fmt 1 regoff 0x0 n 33 (table contents not committed)
  load op 9f at 2094: addr 0xfe0040068 idx 0 fmt 1 regoff 0x0 n 921 (table contents not committed)
  load op 9f at 2101: addr 0x5049fe608 idx 0 fmt 1 regoff 0x0 n 70 (table contents not committed)
  load op 63 at 2106: addr 0x908e5ff90 idx 0 fmt 1 regoff 0x0 n 6 (table contents not committed)
  load op 9f at 2111: addr 0x908e5ffc0 idx 0 fmt 1 regoff 0x0 n 10 (table contents not committed)
  load op 63 at 2116: addr 0x908e5f7d0 idx 0 fmt 1 regoff 0x0 n 6 (table contents not committed)
  load op 9f at 2121: addr 0x908e5f800 idx 0 fmt 1 regoff 0x0 n 9 (table contents not committed)
  load op 64 at 2126: addr 0x504a00578 idx 0 fmt 1 regoff 0x0 n 5 (table contents not committed)
  load op 63 at 2222: addr 0x5049ff518 idx 0 fmt 1 regoff 0x0 n 10 (table contents not committed)
  load op 63 at 2413: addr 0x5049ff568 idx 0 fmt 1 regoff 0x0 n 28 (table contents not committed)
  load op 64 at 2487: addr 0x504a005a0 idx 0 fmt 1 regoff 0x0 n 5 (table contents not committed)
  load op 9f at 2494: addr 0x5049fe838 idx 0 fmt 1 regoff 0x0 n 290 (table contents not committed)
submit #348 dcb 3006 dwords at 0x504302500: pass 293 rewrite 132 drop 126 unmapped 0 cc 6 mappings 1147 ... OK rc 0 18.59 ms
state stack #348: push 3 pop 3 conditional 1 unmatched 0; restored 2763 regs (+2811 dwords); tables 18, unreadable 0
pipestat #348 (3006 dwords): ia_verts 12 ia_prims 4 vs 12 gs_inv 4 gs_prims 0 c_inv 4 c_prims 4 ps 6230016 cs 1784064
  load op 9f at 38: addr 0xfe0040068 idx 0 fmt 1 regoff 0x0 n 921 (table contents not committed)
  load op 63 at 43: addr 0xfe0042068 idx 0 fmt 1 regoff 0x0 n 174 (table contents not committed)
  load op 64 at 48: addr 0xfe00425d8 idx 0 fmt 1 regoff 0x0 n 57 (table contents not committed)
  load op 9f at 90: addr 0x506201500 idx 0 fmt 1 regoff 0x0 n 5 (table contents not committed)
  load op 64 at 95: addr 0x506200500 idx 0 fmt 1 regoff 0x0 n 2 (table contents not committed)
  load op 63 at 100: addr 0x5061ff500 idx 0 fmt 1 regoff 0x0 n 3 (table contents not committed)
submit #349 dcb 851 dwords at 0x505e02500: pass 47 rewrite 55 drop 45 unmapped 0 cc 0 mappings 1147 ... OK rc 0 18.27 ms
pipestat #349 (851 dwords): ia_verts 0 ia_prims 0 vs 0 gs_inv 0 gs_prims 0 c_inv 0 c_prims 0 ps 0 cs 229376
submit #350 acb 2 dwords at 0xfe003a200: pass 1 rewrite 0 drop 0 unmapped 0 cc 0 mappings 1147 ... OK rc 0 18.09 ms
cpu-wait WAIT_REG_MEM64 at 87 on 0x400203980: satisfied after 0.0 ms
hint CB0 0x512cf0000: window 0x510cf0000+0x4000000, mapped +0.0 MiB
hint CB0 0x5712c1000: window 0x56f2c0000+0x4000000, mapped +0.0 MiB
hint CB0 0x5712d1000: window 0x56f2d0000+0x4000000, mapped +0.0 MiB
hint CB0 0x517610000: window 0x515610000+0x4000000, mapped +0.0 MiB
hint CB0 0x571325000: window 0x56f320000+0x4000000, mapped +0.0 MiB
  load op 9f at 35: addr 0xfe0040068 idx 0 fmt 1 regoff 0x0 n 921 (table contents not committed)
  load op 63 at 40: addr 0xfe0042068 idx 0 fmt 1 regoff 0x0 n 174 (table contents not committed)
  load op 64 at 45: addr 0xfe00425d8 idx 0 fmt 1 regoff 0x0 n 57 (table contents not committed)
  load op 9f at 87: addr 0x507401500 idx 0 fmt 1 regoff 0x0 n 136 (table contents not committed)
  load op 64 at 92: addr 0x507400500 idx 0 fmt 1 regoff 0x0 n 3 (table contents not committed)
  load op 63 at 97: addr 0x5073ff500 idx 0 fmt 1 regoff 0x0 n 3 (table contents not committed)
  load op 9f at 212: addr 0xfe0040068 idx 0 fmt 1 regoff 0x0 n 921 (table contents not committed)
  load op 9f at 219: addr 0x507401940 idx 0 fmt 1 regoff 0x0 n 70 (table contents not committed)
  load op 63 at 224: addr 0x908e5ff90 idx 0 fmt 1 regoff 0x0 n 6 (table contents not committed)
  load op 9f at 229: addr 0x908e5ffc0 idx 0 fmt 1 regoff 0x0 n 10 (table contents not committed)
  load op 63 at 234: addr 0x908e5f7d0 idx 0 fmt 1 regoff 0x0 n 6 (table contents not committed)
  load op 9f at 239: addr 0x908e5f800 idx 0 fmt 1 regoff 0x0 n 9 (table contents not committed)
  load op 64 at 244: addr 0x507400518 idx 0 fmt 1 regoff 0x0 n 5 (table contents not committed)
  load op 9f at 340: addr 0x507401b70 idx 0 fmt 1 regoff 0x0 n 131 (table contents not committed)
  load op 64 at 347: addr 0x507400540 idx 0 fmt 1 regoff 0x0 n 1 (table contents not committed)
  load op 9f at 379: addr 0xfe0040068 idx 0 fmt 1 regoff 0x0 n 921 (table contents not committed)
  load op 9f at 386: addr 0x507401f88 idx 0 fmt 1 regoff 0x0 n 70 (table contents not committed)
  load op 63 at 391: addr 0x908e5ff90 idx 0 fmt 1 regoff 0x0 n 6 (table contents not committed)
  load op 9f at 396: addr 0x908e5ffc0 idx 0 fmt 1 regoff 0x0 n 10 (table contents not committed)
  load op 63 at 401: addr 0x908e5f7d0 idx 0 fmt 1 regoff 0x0 n 6 (table contents not committed)
  load op 9f at 406: addr 0x908e5f800 idx 0 fmt 1 regoff 0x0 n 9 (table contents not committed)
  load op 64 at 411: addr 0x507400548 idx 0 fmt 1 regoff 0x0 n 5 (table contents not committed)
  load op 9f at 548: addr 0x5074021b8 idx 0 fmt 1 regoff 0x0 n 98 (table contents not committed)
  load op 64 at 555: addr 0x507400570 idx 0 fmt 1 regoff 0x0 n 1 (table contents not committed)
  load op 9f at 560: addr 0x5073fe500 idx 0 fmt 1 regoff 0x0 n 33 (table contents not committed)
  load op 9f at 592: addr 0xfe0040068 idx 0 fmt 1 regoff 0x0 n 921 (table contents not committed)
  load op 9f at 599: addr 0x5073fe608 idx 0 fmt 1 regoff 0x0 n 70 (table contents not committed)
  load op 63 at 604: addr 0x908e5ff90 idx 0 fmt 1 regoff 0x0 n 6 (table contents not committed)
  load op 9f at 609: addr 0x908e5ffc0 idx 0 fmt 1 regoff 0x0 n 10 (table contents not committed)
  load op 63 at 614: addr 0x908e5f7d0 idx 0 fmt 1 regoff 0x0 n 6 (table contents not committed)
  load op 9f at 619: addr 0x908e5f800 idx 0 fmt 1 regoff 0x0 n 9 (table contents not committed)
  load op 64 at 624: addr 0x507400578 idx 0 fmt 1 regoff 0x0 n 5 (table contents not committed)
submit #351 dcb 798 dwords at 0x506e02500: pass 103 rewrite 35 drop 22 unmapped 0 cc 6 mappings 1147 ... OK rc 0 19.18 ms
state stack #351: push 3 pop 3 conditional 1 unmatched 0; restored 2763 regs (+2811 dwords); tables 17, unreadable 0
pipestat #351 (798 dwords): ia_verts 9 ia_prims 3 vs 9 gs_inv 3 gs_prims 0 c_inv 3 c_prims 3 ps 0 cs 0
submit #352 acb 463 dwords at 0x400526840: pass 43 rewrite 11 drop 27 unmapped 0 cc 0 mappings 1147 ... OK rc 0 18.47 ms
acb head: 1287 of 1336 dwords go ahead of the wait at 1287 on 0x400203b80
  load op 9f at 36: addr 0xfe0040068 idx 0 fmt 1 regoff 0x0 n 921 (table contents not committed)
  load op 63 at 41: addr 0xfe0042068 idx 0 fmt 1 regoff 0x0 n 174 (table contents not committed)
  load op 64 at 46: addr 0xfe00425d8 idx 0 fmt 1 regoff 0x0 n 57 (table contents not committed)
  load op 9f at 88: addr 0x505601500 idx 0 fmt 1 regoff 0x0 n 5 (table contents not committed)
  load op 64 at 93: addr 0x505600500 idx 0 fmt 1 regoff 0x0 n 2 (table contents not committed)
  load op 63 at 98: addr 0x5055ff500 idx 0 fmt 1 regoff 0x0 n 3 (table contents not committed)
  load op 9f at 756: addr 0xfe0040068 idx 0 fmt 1 regoff 0x0 n 921 (table contents not committed)
  load op 9f at 763: addr 0x505601528 idx 0 fmt 1 regoff 0x0 n 74 (table contents not committed)
  load op 63 at 768: addr 0x908e5ff90 idx 0 fmt 1 regoff 0x0 n 6 (table contents not committed)
  load op 9f at 773: addr 0x908e5ffc0 idx 0 fmt 1 regoff 0x0 n 10 (table contents not committed)
  load op 64 at 778: addr 0x505600510 idx 0 fmt 1 regoff 0x0 n 5 (table contents not committed)
  load op 9f at 901: addr 0xfe0040068 idx 0 fmt 1 regoff 0x0 n 921 (table contents not committed)
  load op 9f at 908: addr 0x505601778 idx 0 fmt 1 regoff 0x0 n 74 (table contents not committed)
  load op 63 at 913: addr 0x908e5ff90 idx 0 fmt 1 regoff 0x0 n 6 (table contents not committed)
  load op 9f at 918: addr 0x908e5ffc0 idx 0 fmt 1 regoff 0x0 n 10 (table contents not committed)
  load op 64 at 923: addr 0x505600538 idx 0 fmt 1 regoff 0x0 n 5 (table contents not committed)
  load op 9f at 1046: addr 0xfe0040068 idx 0 fmt 1 regoff 0x0 n 921 (table contents not committed)
  load op 9f at 1053: addr 0x5056019c8 idx 0 fmt 1 regoff 0x0 n 74 (table contents not committed)
  load op 63 at 1058: addr 0x908e5ff90 idx 0 fmt 1 regoff 0x0 n 6 (table contents not committed)
  load op 9f at 1063: addr 0x908e5ffc0 idx 0 fmt 1 regoff 0x0 n 10 (table contents not committed)
  load op 64 at 1068: addr 0x505600560 idx 0 fmt 1 regoff 0x0 n 5 (table contents not committed)
submit #353 dcb 1248 dwords at 0x505202500: pass 151 rewrite 46 drop 45 unmapped 0 cc 6 mappings 1147 ... OK rc 0 18.28 ms
state stack #353: push 3 pop 3 conditional 1 unmatched 0; restored 2763 regs (+2811 dwords); tables 11, unreadable 0
pipestat #353 (1248 dwords): ia_verts 9 ia_prims 3 vs 9 gs_inv 3 gs_prims 0 c_inv 3 c_prims 3 ps 0 cs 36864
flip 1/0 buffer 0x507410000 +0x1fe0000: sum 0x17ea65194594 nonzero 8100/8160 pattern 0
  target CB0 0x57136f000: distinct 11 min 0x00000000 max 0xffffffff,   target CB0 0x57136f000: nonzero 11/1024
  target CB0 0x563800000: distinct 1 min 0x00000000 max 0x00000000,   target CB0 0x563800000: nonzero 0/1024
  target CB0 0x55c00d000: distinct 4 min 0x00000000 max 0xffffffff,   target CB0 0x55c00d000: nonzero 147/1024
  target CB0 0x5637f0000: distinct 1 min 0x00000000 max 0x00000000,   target CB0 0x5637f0000: nonzero 0/1024
  target CB0 0x5219a0000: distinct 1 min 0x38003800 max 0x38003800,   target CB0 0x5219a0000: nonzero 1024/1024
  target CB0 0x57136d000: distinct 11 min 0x00000000 max 0xffffffff,   target CB0 0x57136d000: nonzero 13/1024
  target DB_HTILE 0x51c5b0000: distinct 2 min 0x00000000 max 0xfffffff0,   target DB_HTILE 0x51c5b0000: nonzero 128/1024
  target DB_Z_READ 0x51a6d0000: distinct 1 min 0x00000000 max 0x00000000,   target DB_Z_READ 0x51a6d0000: nonzero 0/1024
  target DB_STENCIL_READ 0x51bf30000: distinct 1 min 0x80800000 max 0x80800000,   target DB_STENCIL_READ 0x51bf30000: nonzero 1024/1024
  target CB0 0x512cf0000: distinct 1 min 0x00000000 max 0x00000000,   target CB0 0x512cf0000: nonzero 0/1024
  target CB0 0x5712c1000: distinct 12 min 0x00000000 max 0xffffffff,   target CB0 0x5712c1000: nonzero 101/1024
  target CB0 0x5712d1000: distinct 12 min 0x00000000 max 0xffffffff,   target CB0 0x5712d1000: nonzero 85/1024
  target CB0 0x517610000: distinct 1 min 0x00000000 max 0x00000000,   target CB0 0x517610000: nonzero 0/1024
  target CB0 0x571325000: distinct 11 min 0x00000000 max 0xffffffff,   target CB0 0x571325000: nonzero 29/1024
  target DB_HTILE 0x55c050000: distinct 3 min 0x00000000 max 0xffffffff,   target DB_HTILE 0x55c050000: nonzero 144/1024
  target DB_Z_READ 0x527430000: distinct 1 min 0xffffffff max 0xffffffff,   target DB_Z_READ 0x527430000: nonzero 1024/1024
submit #354 acb 1287 dwords at 0x400345640: pass 118 rewrite 35 drop 63 unmapped 0 cc 0 mappings 1147 ... OK rc 0 19.52 ms
cpu-wait WAIT_REG_MEM64 at 115 on 0x400203940: satisfied after 0.0 ms
cpu-wait WAIT_REG_MEM64 at 1629 on 0x4002039c0: satisfied after 0.0 ms
cpu-wait WAIT_REG_MEM64 at 8538 on 0x55d4d00b6e60: satisfied after 0.0 ms
hint CB0 0x511490000: window 0x50f490000+0x4000000, mapped +0.0 MiB
hint CB0 0x5712a5000: window 0x56f2a0000+0x4000000, mapped +0.0 MiB
hint CB0 0x51c630000: window 0x51a630000+0x4000000, mapped +0.0 MiB
hint CB0 0x571335000: window 0x56f330000+0x4000000, mapped +0.0 MiB
hint CB0 0x540d20000: window 0x53ed20000+0x4000000, mapped +0.0 MiB
hint CB0 0x5714b6000: window 0x56f4b0000+0x4000000, mapped +1.3 MiB
hint CB0 0x544620000: window 0x542620000+0x4000000, mapped +38.1 MiB
hint CB0 0x5716c6000: window 0x56f6c0000+0x4000000, mapped +2.1 MiB
hint CB0 0x53f960000: window 0x53d960000+0x4000000, mapped +0.0 MiB
hint CB0 0x5716de000: window 0x56f6d0000+0x4000000, mapped +0.1 MiB
hint CB0 0x53fbe0000: window 0x53dbe0000+0x4000000, mapped +0.0 MiB
hint CB0 0x571477000: window 0x56f470000+0x4000000, mapped +0.0 MiB
hint CB0 0x53fca0000: window 0x53dca0000+0x4000000, mapped +0.0 MiB
hint CB0 0x5716e2000: window 0x56f6e0000+0x4000000, mapped +0.1 MiB
hint CB0 0x53fd60000: window 0x53dd60000+0x4000000, mapped +0.0 MiB
hint CB0 0x53fda0000: window 0x53dda0000+0x4000000, mapped +0.0 MiB
hint CB0 0x53fde0000: window 0x53dde0000+0x4000000, mapped +0.0 MiB
hint CB0 0x53fdf0000: window 0x53ddf0000+0x4000000, mapped +0.0 MiB
hint CB0 0x544e90000: window 0x542e90000+0x4000000, mapped +8.4 MiB
hint CB0 0x540660000: window 0x53e660000+0x4000000, mapped +0.0 MiB
hint CB0 0x5715a6000: window 0x56f5a0000+0x4000000, mapped +0.0 MiB
  indirect op 16 at 1246: base 0x5074063c0 +0x0 -> 1 1 1 0 0
  indirect op 16 at 1278: base 0x5074063e0 +0x0 -> 1 1 1 0 0
  indirect op 16 at 1310: base 0x50740a520 +0x0 -> 1 1 1 0 0
  indirect op 16 at 1342: base 0x50740a540 +0x0 -> 1 1 1 0 0
  indirect op 25 at 4584: base 0x56ddaffa0 +0x0 -> 1 512 0 0 0
  load op 9f at 28: addr 0xfe0040068 idx 0 fmt 1 regoff 0x0 n 921 (table contents not committed)
  load op 63 at 33: addr 0xfe0042068 idx 0 fmt 1 regoff 0x0 n 174 (table contents not committed)
  load op 64 at 38: addr 0xfe00425d8 idx 0 fmt 1 regoff 0x0 n 57 (table contents not committed)
  load op 9f at 80: addr 0x503501500 idx 0 fmt 1 regoff 0x0 n 295 (table contents not committed)
  load op 64 at 85: addr 0x503500500 idx 0 fmt 1 regoff 0x0 n 7 (table contents not committed)
  load op 63 at 90: addr 0x5034ff500 idx 0 fmt 1 regoff 0x0 n 13 (table contents not committed)
  load op 63 at 342: addr 0x5034ff568 idx 0 fmt 1 regoff 0x0 n 10 (table contents not committed)
  load op 63 at 734: addr 0x5034ff5b8 idx 0 fmt 1 regoff 0x0 n 18 (table contents not committed)
  load op 63 at 1217: addr 0x5034ff648 idx 0 fmt 1 regoff 0x0 n 10 (table contents not committed)
  load op 63 at 1249: addr 0x5034ff698 idx 0 fmt 1 regoff 0x0 n 10 (table contents not committed)
  load op 63 at 1281: addr 0x5034ff6e8 idx 0 fmt 1 regoff 0x0 n 10 (table contents not committed)
  load op 63 at 1313: addr 0x5034ff738 idx 0 fmt 1 regoff 0x0 n 10 (table contents not committed)
  load op 9f at 1724: addr 0xfe0040068 idx 0 fmt 1 regoff 0x0 n 921 (table contents not committed)
  load op 9f at 1731: addr 0x503501e38 idx 0 fmt 1 regoff 0x0 n 74 (table contents not committed)
  load op 63 at 1736: addr 0x908e5ff90 idx 0 fmt 1 regoff 0x0 n 6 (table contents not committed)
  load op 9f at 1741: addr 0x908e5ffc0 idx 0 fmt 1 regoff 0x0 n 10 (table contents not committed)
  load op 64 at 1746: addr 0x503500538 idx 0 fmt 1 regoff 0x0 n 5 (table contents not committed)
  load op 9f at 1799: addr 0x503502088 idx 0 fmt 1 regoff 0x0 n 132 (table contents not committed)
  load op 63 at 1804: addr 0x5034ff788 idx 0 fmt 1 regoff 0x0 n 30 (table contents not committed)
  load op 64 at 1884: addr 0x503500560 idx 0 fmt 1 regoff 0x0 n 5 (table contents not committed)
  load op 9f at 1891: addr 0x5034fd440 idx 0 fmt 1 regoff 0x0 n 175 (table contents not committed)
  load op 63 at 2106: addr 0x5034ff878 idx 0 fmt 1 regoff 0x0 n 20 (table contents not committed)
  load op 9f at 3069: addr 0xfe0040068 idx 0 fmt 1 regoff 0x0 n 921 (table contents not committed)
  load op 9f at 3076: addr 0x5034fd9b8 idx 0 fmt 1 regoff 0x0 n 70 (table contents not committed)
  load op 63 at 3081: addr 0x908e5ff90 idx 0 fmt 1 regoff 0x0 n 6 (table contents not committed)
  load op 9f at 3086: addr 0x908e5ffc0 idx 0 fmt 1 regoff 0x0 n 10 (table contents not committed)
  load op 63 at 3091: addr 0x908e5f7d0 idx 0 fmt 1 regoff 0x0 n 6 (table contents not committed)
  load op 9f at 3096: addr 0x908e5f800 idx 0 fmt 1 regoff 0x0 n 9 (table contents not committed)
  load op 64 at 3101: addr 0x503500588 idx 0 fmt 1 regoff 0x0 n 5 (table contents not committed)
  load op 9f at 3140: addr 0x5034fdbe8 idx 0 fmt 1 regoff 0x0 n 19 (table contents not committed)
  load op 63 at 3145: addr 0x5034ff918 idx 0 fmt 1 regoff 0x0 n 12 (table contents not committed)
  load op 9f at 3268: addr 0xfe0040068 idx 0 fmt 1 regoff 0x0 n 921 (table contents not committed)
  load op 9f at 3275: addr 0x5034fdc80 idx 0 fmt 1 regoff 0x0 n 74 (table contents not committed)
  load op 63 at 3280: addr 0x908e5ff90 idx 0 fmt 1 regoff 0x0 n 6 (table contents not committed)
  load op 9f at 3285: addr 0x908e5ffc0 idx 0 fmt 1 regoff 0x0 n 10 (table contents not committed)
  load op 64 at 3290: addr 0x5035005b0 idx 0 fmt 1 regoff 0x0 n 5 (table contents not committed)
  load op 9f at 3329: addr 0x5034fded0 idx 0 fmt 1 regoff 0x0 n 166 (table contents not committed)
  load op 63 at 3334: addr 0x5034ff978 idx 0 fmt 1 regoff 0x0 n 30 (table contents not committed)
  load op 64 at 3430: addr 0x5035005d8 idx 0 fmt 1 regoff 0x0 n 5 (table contents not committed)
  load op 9f at 3437: addr 0x5034fc320 idx 0 fmt 1 regoff 0x0 n 135 (table contents not committed)
  load op 63 at 3675: addr 0x5034ffa68 idx 0 fmt 1 regoff 0x0 n 36 (table contents not committed)
  load op 64 at 4540: addr 0x503500600 idx 0 fmt 1 regoff 0x0 n 6 (table contents not committed)
  load op 9f at 4545: addr 0x5034fc758 idx 0 fmt 1 regoff 0x0 n 376 (table contents not committed)
  load op 9f at 4552: addr 0x5034fb118 idx 0 fmt 1 regoff 0x0 n 205 (table contents not committed)
  load op 9f at 4853: addr 0xfe0040068 idx 0 fmt 1 regoff 0x0 n 921 (table contents not committed)
  load op 9f at 4860: addr 0x5034fb780 idx 0 fmt 1 regoff 0x0 n 74 (table contents not committed)
  load op 63 at 4865: addr 0x908e5ff90 idx 0 fmt 1 regoff 0x0 n 6 (table contents not committed)
  load op 9f at 4870: addr 0x908e5ffc0 idx 0 fmt 1 regoff 0x0 n 10 (table contents not committed)
  load op 64 at 4875: addr 0x503500630 idx 0 fmt 1 regoff 0x0 n 5 (table contents not committed)
  load op 63 at 4914: addr 0x5034ffb88 idx 0 fmt 1 regoff 0x0 n 21 (table contents not committed)
  load op 9f at 4925: addr 0x5034fb9d0 idx 0 fmt 1 regoff 0x0 n 223 (table contents not committed)
  load op 63 at 5901: addr 0x5034ffc30 idx 0 fmt 1 regoff 0x0 n 10 (table contents not committed)
  load op 64 at 6381: addr 0x503500658 idx 0 fmt 1 regoff 0x0 n 5 (table contents not committed)
  load op 63 at 6388: addr 0x5034ffc80 idx 0 fmt 1 regoff 0x0 n 18 (table contents not committed)
  load op 9f at 6393: addr 0x5034f9dd0 idx 0 fmt 1 regoff 0x0 n 67 (table contents not committed)
  load op 9f at 6506: addr 0x5034f9fe8 idx 0 fmt 1 regoff 0x0 n 129 (table contents not committed)
  load op 63 at 6511: addr 0x5034ffd10 idx 0 fmt 1 regoff 0x0 n 18 (table contents not committed)
  load op 64 at 6516: addr 0x503500680 idx 0 fmt 1 regoff 0x0 n 3 (table contents not committed)
  load op 9f at 6629: addr 0x5034fa3f0 idx 0 fmt 1 regoff 0x0 n 129 (table contents not committed)
  load op 63 at 6634: addr 0x5034ffda0 idx 0 fmt 1 regoff 0x0 n 18 (table contents not committed)
  load op 64 at 6639: addr 0x503500698 idx 0 fmt 1 regoff 0x0 n 3 (table contents not committed)
  load op 9f at 6752: addr 0x5034fa7f8 idx 0 fmt 1 regoff 0x0 n 58 (table contents not committed)
  load op 9f at 6857: addr 0x5034fa9c8 idx 0 fmt 1 regoff 0x0 n 66 (table contents not committed)
  load op 9f at 6962: addr 0x5034fabd8 idx 0 fmt 1 regoff 0x0 n 58 (table contents not committed)
  load op 9f at 7067: addr 0x5034f8140 idx 0 fmt 1 regoff 0x0 n 66 (table contents not committed)
  load op 9f at 7172: addr 0x5034f8350 idx 0 fmt 1 regoff 0x0 n 58 (table contents not committed)
  load op 9f at 7277: addr 0x5034f8520 idx 0 fmt 1 regoff 0x0 n 130 (table contents not committed)
  load op 63 at 7282: addr 0x5034ffe30 idx 0 fmt 1 regoff 0x0 n 18 (table contents not committed)
  load op 64 at 7287: addr 0x5035006b0 idx 0 fmt 1 regoff 0x0 n 3 (table contents not committed)
  load op 9f at 7414: addr 0x5034f8930 idx 0 fmt 1 regoff 0x0 n 135 (table contents not committed)
  load op 63 at 7419: addr 0x5034ffec0 idx 0 fmt 1 regoff 0x0 n 18 (table contents not committed)
  load op 64 at 7424: addr 0x5035006c8 idx 0 fmt 1 regoff 0x0 n 3 (table contents not committed)
  load op 63 at 8002: addr 0x5034fff50 idx 0 fmt 1 regoff 0x0 n 28 (table contents not committed)
  load op 64 at 8579: addr 0x5035006e0 idx 0 fmt 1 regoff 0x0 n 5 (table contents not committed)
  load op 9f at 8584: addr 0x5034f8d68 idx 0 fmt 1 regoff 0x0 n 113 (table contents not committed)
  load op 9f at 8591: addr 0x5034f68b8 idx 0 fmt 1 regoff 0x0 n 168 (table contents not committed)
submit #355 dcb 9089 dwords at 0x502e02500: pass 563 rewrite 485 drop 413 unmapped 1 cc 8 mappings 1153 ... OK rc 0 60.08 ms
state stack #355: push 4 pop 4 conditional 1 unmatched 0; restored 3684 regs (+3748 dwords); tables 35, unreadable 0
pipestat #355 (9089 dwords): ia_verts 566 ia_prims 530 vs 566 gs_inv 530 gs_prims 0 c_inv 189 c_prims 21 ps 40284528 cs 10506241
submit #356 acb 2 dwords at 0xfe003a200: pass 1 rewrite 0 drop 0 unmapped 0 cc 0 mappings 1153 ... OK rc 0 18.47 ms
cpu-wait WAIT_REG_MEM64 at 0 on 0x400203b80: satisfied after 0.0 ms
submit #357 cc 3 dwords at 0x313b17cf4: pass 0 rewrite 1 drop 0 unmapped 0 cc 1 mappings 1153 ... OK rc 0 18.42 ms
submit #358 acb 49 dwords at 0x400346a5c: pass 2 rewrite 3 drop 3 unmapped 0 cc 0 mappings 1153 ... OK rc 0 18.26 ms
  load op 61 at 10: base 0xfe0008000 pairs (0x0,215) (0xd8,272) (0x1f5,4) (0x1ff,158) (0x2a0,2) (0x2a3,1) (0x2a5,66) (0x2f5,203)
  load op 5f at 29: base 0xfe0010000 pairs (0x1,1) (0x6,38) (0x32,4) (0x80,4) (0x87,37) (0xb2,4) (0xc8,2) (0x100,4) (0x107,37) (0x132,4) (0x148,2) (0x204,3) (0x20c,2) (0x212,2) (0x215,6) (0x224,5) (0x22a,1) (0x240,16) (0x27d,1) (0x280,1) (0x207,3)
  load op 5e at 74: base 0xfe0011000 pairs (0x35,8) (0xa2,1) (0x242,1) (0x248,1) (0x24a,2) (0x25b,6) (0x262,1) (0x2bb,5) (0x2c4,16) (0x2e4,8) (0x380,2) (0x383,2) (0x41d,3) (0x24d,1)
  load op 61 at 105: base 0xfe0008000 pairs (0x0,0)
  load op 5f at 110: base 0xfe0010000 pairs (0x0,0)
  load op 5e at 115: base 0xfe0011000 pairs (0x0,0)
  load op 61 at 125: base 0xfe0008000 pairs (0x0,0)
  load op 5f at 130: base 0xfe0010000 pairs (0x0,0)
  load op 5e at 135: base 0xfe0011000 pairs (0x0,0)
submit #359 hib 150 dwords at 0xfe0000000: pass 12 rewrite 2 drop 2 unmapped 0 cc 2 mappings 1153 ... OK rc 0 18.78 ms
submit #360 hib 2 dwords at 0xfe003a200: pass 1 rewrite 0 drop 0 unmapped 0 cc 0 mappings 1153 ... OK rc 0 18.26 ms
  load op 9f at 38: addr 0xfe0040068 idx 0 fmt 1 regoff 0x0 n 921 (table contents not committed)
  load op 63 at 43: addr 0xfe0042068 idx 0 fmt 1 regoff 0x0 n 174 (table contents not committed)
  load op 64 at 48: addr 0xfe00425d8 idx 0 fmt 1 regoff 0x0 n 49 (table contents not committed)
submit #361 dcb 96 dwords at 0xfe0042920: pass 20 rewrite 2 drop 2 unmapped 0 cc 0 mappings 1153 ... OK rc 0 18.37 ms
  load op 9f at 36: addr 0xfe0040068 idx 0 fmt 1 regoff 0x0 n 921 (table contents not committed)
  load op 63 at 41: addr 0xfe0042068 idx 0 fmt 1 regoff 0x0 n 174 (table contents not committed)
  load op 64 at 46: addr 0xfe00425d8 idx 0 fmt 1 regoff 0x0 n 57 (table contents not committed)
  load op 9f at 88: addr 0x503c01500 idx 0 fmt 1 regoff 0x0 n 136 (table contents not committed)
  load op 64 at 93: addr 0x503c00500 idx 0 fmt 1 regoff 0x0 n 3 (table contents not committed)
  load op 63 at 98: addr 0x503bff500 idx 0 fmt 1 regoff 0x0 n 3 (table contents not committed)
  load op 9f at 1541: addr 0xfe0040068 idx 0 fmt 1 regoff 0x0 n 921 (table contents not committed)
  load op 9f at 1548: addr 0x503c01940 idx 0 fmt 1 regoff 0x0 n 70 (table contents not committed)
  load op 63 at 1553: addr 0x908e5ff90 idx 0 fmt 1 regoff 0x0 n 6 (table contents not committed)
  load op 9f at 1558: addr 0x908e5ffc0 idx 0 fmt 1 regoff 0x0 n 10 (table contents not committed)
  load op 63 at 1563: addr 0x908e5f7d0 idx 0 fmt 1 regoff 0x0 n 6 (table contents not committed)
  load op 9f at 1568: addr 0x908e5f800 idx 0 fmt 1 regoff 0x0 n 9 (table contents not committed)
  load op 64 at 1573: addr 0x503c00518 idx 0 fmt 1 regoff 0x0 n 5 (table contents not committed)
  load op 9f at 1691: addr 0x503c01b70 idx 0 fmt 1 regoff 0x0 n 131 (table contents not committed)
  load op 64 at 1698: addr 0x503c00540 idx 0 fmt 1 regoff 0x0 n 1 (table contents not committed)
  load op 9f at 1730: addr 0xfe0040068 idx 0 fmt 1 regoff 0x0 n 921 (table contents not committed)
  load op 9f at 1737: addr 0x503c01f88 idx 0 fmt 1 regoff 0x0 n 70 (table contents not committed)
  load op 63 at 1742: addr 0x908e5ff90 idx 0 fmt 1 regoff 0x0 n 6 (table contents not committed)
  load op 9f at 1747: addr 0x908e5ffc0 idx 0 fmt 1 regoff 0x0 n 10 (table contents not committed)
  load op 63 at 1752: addr 0x908e5f7d0 idx 0 fmt 1 regoff 0x0 n 6 (table contents not committed)
  load op 9f at 1757: addr 0x908e5f800 idx 0 fmt 1 regoff 0x0 n 9 (table contents not committed)
  load op 64 at 1762: addr 0x503c00548 idx 0 fmt 1 regoff 0x0 n 5 (table contents not committed)
  load op 63 at 1858: addr 0x503bff518 idx 0 fmt 1 regoff 0x0 n 10 (table contents not committed)
  load op 63 at 2049: addr 0x503bff568 idx 0 fmt 1 regoff 0x0 n 28 (table contents not committed)
  load op 64 at 2123: addr 0x503c00570 idx 0 fmt 1 regoff 0x0 n 5 (table contents not committed)
  load op 9f at 2130: addr 0x503c021b8 idx 0 fmt 1 regoff 0x0 n 96 (table contents not committed)
  load op 9f at 2135: addr 0x503bfe390 idx 0 fmt 1 regoff 0x0 n 194 (table contents not committed)
submit #362 dcb 2647 dwords at 0x503502500: pass 236 rewrite 123 drop 120 unmapped 0 cc 4 mappings 1153 ... OK rc 0 18.88 ms
state stack #362: push 2 pop 2 conditional 1 unmatched 0; restored 1842 regs (+1874 dwords); tables 13, unreadable 0
pipestat #362 (2647 dwords): ia_verts 9 ia_prims 3 vs 9 gs_inv 3 gs_prims 0 c_inv 3 c_prims 3 ps 6230016 cs 1554432
  load op 9f at 38: addr 0xfe0040068 idx 0 fmt 1 regoff 0x0 n 921 (table contents not committed)
  load op 63 at 43: addr 0xfe0042068 idx 0 fmt 1 regoff 0x0 n 174 (table contents not committed)
  load op 64 at 48: addr 0xfe00425d8 idx 0 fmt 1 regoff 0x0 n 57 (table contents not committed)
  load op 9f at 90: addr 0x505a01500 idx 0 fmt 1 regoff 0x0 n 5 (table contents not committed)
  load op 64 at 95: addr 0x505a00500 idx 0 fmt 1 regoff 0x0 n 2 (table contents not committed)
  load op 63 at 100: addr 0x5059ff500 idx 0 fmt 1 regoff 0x0 n 3 (table contents not committed)
submit #363 dcb 851 dwords at 0x505602500: pass 47 rewrite 55 drop 45 unmapped 0 cc 0 mappings 1153 ... OK rc 0 18.46 ms
pipestat #363 (851 dwords): ia_verts 0 ia_prims 0 vs 0 gs_inv 0 gs_prims 0 c_inv 0 c_prims 0 ps 0 cs 229376
submit #364 acb 2 dwords at 0xfe003a200: pass 1 rewrite 0 drop 0 unmapped 0 cc 0 mappings 1153 ... OK rc 0 18.51 ms
cpu-wait WAIT_REG_MEM64 at 87 on 0x400201a40: satisfied after 0.0 ms
  load op 9f at 35: addr 0xfe0040068 idx 0 fmt 1 regoff 0x0 n 921 (table contents not committed)
  load op 63 at 40: addr 0xfe0042068 idx 0 fmt 1 regoff 0x0 n 174 (table contents not committed)
  load op 64 at 45: addr 0xfe00425d8 idx 0 fmt 1 regoff 0x0 n 57 (table contents not committed)
  load op 9f at 87: addr 0x506801500 idx 0 fmt 1 regoff 0x0 n 136 (table contents not committed)
  load op 64 at 92: addr 0x506800500 idx 0 fmt 1 regoff 0x0 n 3 (table contents not committed)
  load op 63 at 97: addr 0x5067ff500 idx 0 fmt 1 regoff 0x0 n 3 (table contents not committed)
  load op 9f at 212: addr 0xfe0040068 idx 0 fmt 1 regoff 0x0 n 921 (table contents not committed)
  load op 9f at 219: addr 0x506801940 idx 0 fmt 1 regoff 0x0 n 70 (table contents not committed)
  load op 63 at 224: addr 0x908e5ff90 idx 0 fmt 1 regoff 0x0 n 6 (table contents not committed)
  load op 9f at 229: addr 0x908e5ffc0 idx 0 fmt 1 regoff 0x0 n 10 (table contents not committed)
  load op 63 at 234: addr 0x908e5f7d0 idx 0 fmt 1 regoff 0x0 n 6 (table contents not committed)
  load op 9f at 239: addr 0x908e5f800 idx 0 fmt 1 regoff 0x0 n 9 (table contents not committed)
  load op 64 at 244: addr 0x506800518 idx 0 fmt 1 regoff 0x0 n 5 (table contents not committed)
  load op 9f at 340: addr 0x506801b70 idx 0 fmt 1 regoff 0x0 n 131 (table contents not committed)
  load op 64 at 347: addr 0x506800540 idx 0 fmt 1 regoff 0x0 n 1 (table contents not committed)
  load op 9f at 379: addr 0xfe0040068 idx 0 fmt 1 regoff 0x0 n 921 (table contents not committed)
  load op 9f at 386: addr 0x506801f88 idx 0 fmt 1 regoff 0x0 n 70 (table contents not committed)
  load op 63 at 391: addr 0x908e5ff90 idx 0 fmt 1 regoff 0x0 n 6 (table contents not committed)
  load op 9f at 396: addr 0x908e5ffc0 idx 0 fmt 1 regoff 0x0 n 10 (table contents not committed)
  load op 63 at 401: addr 0x908e5f7d0 idx 0 fmt 1 regoff 0x0 n 6 (table contents not committed)
  load op 9f at 406: addr 0x908e5f800 idx 0 fmt 1 regoff 0x0 n 9 (table contents not committed)
  load op 64 at 411: addr 0x506800548 idx 0 fmt 1 regoff 0x0 n 5 (table contents not committed)
  load op 9f at 548: addr 0x5068021b8 idx 0 fmt 1 regoff 0x0 n 98 (table contents not committed)
  load op 64 at 555: addr 0x506800570 idx 0 fmt 1 regoff 0x0 n 1 (table contents not committed)
  load op 9f at 560: addr 0x5067fe500 idx 0 fmt 1 regoff 0x0 n 33 (table contents not committed)
  load op 9f at 592: addr 0xfe0040068 idx 0 fmt 1 regoff 0x0 n 921 (table contents not committed)
  load op 9f at 599: addr 0x5067fe608 idx 0 fmt 1 regoff 0x0 n 70 (table contents not committed)
  load op 63 at 604: addr 0x908e5ff90 idx 0 fmt 1 regoff 0x0 n 6 (table contents not committed)
  load op 9f at 609: addr 0x908e5ffc0 idx 0 fmt 1 regoff 0x0 n 10 (table contents not committed)
  load op 63 at 614: addr 0x908e5f7d0 idx 0 fmt 1 regoff 0x0 n 6 (table contents not committed)
  load op 9f at 619: addr 0x908e5f800 idx 0 fmt 1 regoff 0x0 n 9 (table contents not committed)
  load op 64 at 624: addr 0x506800578 idx 0 fmt 1 regoff 0x0 n 5 (table contents not committed)
submit #365 dcb 798 dwords at 0x506202500: pass 103 rewrite 35 drop 22 unmapped 0 cc 6 mappings 1153 ... OK rc 0 18.91 ms
state stack #365: push 3 pop 3 conditional 1 unmatched 0; restored 2763 regs (+2811 dwords); tables 17, unreadable 0
pipestat #365 (798 dwords): ia_verts 9 ia_prims 3 vs 9 gs_inv 3 gs_prims 0 c_inv 3 c_prims 3 ps 0 cs 0
submit #366 acb 463 dwords at 0x4003e6740: pass 43 rewrite 11 drop 27 unmapped 0 cc 0 mappings 1153 ... OK rc 0 18.66 ms
acb head: 1287 of 1336 dwords go ahead of the wait at 1287 on 0x400202380
  load op 9f at 36: addr 0xfe0040068 idx 0 fmt 1 regoff 0x0 n 921 (table contents not committed)
  load op 63 at 41: addr 0xfe0042068 idx 0 fmt 1 regoff 0x0 n 174 (table contents not committed)
  load op 64 at 46: addr 0xfe00425d8 idx 0 fmt 1 regoff 0x0 n 57 (table contents not committed)
  load op 9f at 88: addr 0x504e01500 idx 0 fmt 1 regoff 0x0 n 5 (table contents not committed)
  load op 64 at 93: addr 0x504e00500 idx 0 fmt 1 regoff 0x0 n 2 (table contents not committed)
  load op 63 at 98: addr 0x504dff500 idx 0 fmt 1 regoff 0x0 n 3 (table contents not committed)
  load op 9f at 756: addr 0xfe0040068 idx 0 fmt 1 regoff 0x0 n 921 (table contents not committed)
  load op 9f at 763: addr 0x504e01528 idx 0 fmt 1 regoff 0x0 n 74 (table contents not committed)
  load op 63 at 768: addr 0x908e5ff90 idx 0 fmt 1 regoff 0x0 n 6 (table contents not committed)
  load op 9f at 773: addr 0x908e5ffc0 idx 0 fmt 1 regoff 0x0 n 10 (table contents not committed)
  load op 64 at 778: addr 0x504e00510 idx 0 fmt 1 regoff 0x0 n 5 (table contents not committed)
  load op 9f at 901: addr 0xfe0040068 idx 0 fmt 1 regoff 0x0 n 921 (table contents not committed)
  load op 9f at 908: addr 0x504e01778 idx 0 fmt 1 regoff 0x0 n 74 (table contents not committed)
  load op 63 at 913: addr 0x908e5ff90 idx 0 fmt 1 regoff 0x0 n 6 (table contents not committed)
  load op 9f at 918: addr 0x908e5ffc0 idx 0 fmt 1 regoff 0x0 n 10 (table contents not committed)
  load op 64 at 923: addr 0x504e00538 idx 0 fmt 1 regoff 0x0 n 5 (table contents not committed)
  load op 9f at 1046: addr 0xfe0040068 idx 0 fmt 1 regoff 0x0 n 921 (table contents not committed)
  load op 9f at 1053: addr 0x504e019c8 idx 0 fmt 1 regoff 0x0 n 74 (table contents not committed)
  load op 63 at 1058: addr 0x908e5ff90 idx 0 fmt 1 regoff 0x0 n 6 (table contents not committed)
  load op 9f at 1063: addr 0x908e5ffc0 idx 0 fmt 1 regoff 0x0 n 10 (table contents not committed)
  load op 64 at 1068: addr 0x504e00560 idx 0 fmt 1 regoff 0x0 n 5 (table contents not committed)
submit #367 dcb 1248 dwords at 0x504a02500: pass 151 rewrite 46 drop 45 unmapped 0 cc 6 mappings 1153 ... OK rc 0 18.67 ms
state stack #367: push 3 pop 3 conditional 1 unmatched 0; restored 2763 regs (+2811 dwords); tables 11, unreadable 0
pipestat #367 (1248 dwords): ia_verts 9 ia_prims 3 vs 9 gs_inv 3 gs_prims 0 c_inv 3 c_prims 3 ps 0 cs 36864
flip 1/1 buffer 0x5093f0000 +0x1fe0000: sum 0x17ea65194594 nonzero 8100/8160 pattern 0
  target CB0 0x507410000: distinct 53 min 0xc0000000 max 0xc340d034,   target CB0 0x507410000: nonzero 1024/1024
  target CB0 0x563800000: distinct 1 min 0x00000000 max 0x00000000,   target CB0 0x563800000: nonzero 0/1024
  target CB0 0x55c00d000: distinct 4 min 0x00000000 max 0xffffffff,   target CB0 0x55c00d000: nonzero 147/1024
  target CB0 0x5637f0000: distinct 1 min 0x00000000 max 0x00000000,   target CB0 0x5637f0000: nonzero 0/1024
  target CB0 0x5219a0000: distinct 1 min 0x38003800 max 0x38003800,   target CB0 0x5219a0000: nonzero 1024/1024
  target CB0 0x57136d000: distinct 14 min 0x00000000 max 0xffffffff,   target CB0 0x57136d000: nonzero 156/1024
  target DB_HTILE 0x51c5b0000: distinct 2 min 0x00000000 max 0xfffffff0,   target DB_HTILE 0x51c5b0000: nonzero 128/1024
  target DB_Z_READ 0x51a6d0000: distinct 1 min 0x3f800000 max 0x3f800000,   target DB_Z_READ 0x51a6d0000: nonzero 1024/1024
  target DB_STENCIL_READ 0x51bf30000: distinct 1 min 0x80800000 max 0x80800000,   target DB_STENCIL_READ 0x51bf30000: nonzero 1024/1024
  target CB0 0x512cf0000: distinct 1 min 0x00000000 max 0x00000000,   target CB0 0x512cf0000: nonzero 0/1024
  target CB0 0x5712c1000: distinct 15 min 0x00000000 max 0xffffffff,   target CB0 0x5712c1000: nonzero 244/1024
  target CB0 0x5712d1000: distinct 15 min 0x00000000 max 0xffffffff,   target CB0 0x5712d1000: nonzero 228/1024
  target CB0 0x517610000: distinct 1 min 0x00000000 max 0x00000000,   target CB0 0x517610000: nonzero 0/1024
  target CB0 0x571325000: distinct 14 min 0x00000000 max 0xffffffff,   target CB0 0x571325000: nonzero 172/1024
  target DB_HTILE 0x55c050000: distinct 3 min 0x00000000 max 0xffffffff,   target DB_HTILE 0x55c050000: nonzero 144/1024
  target DB_Z_READ 0x527430000: distinct 1 min 0xffffffff max 0xffffffff,   target DB_Z_READ 0x527430000: nonzero 1024/1024
submit #368 acb 1287 dwords at 0x400205540: pass 118 rewrite 35 drop 63 unmapped 0 cc 0 mappings 1153 ... OK rc 0 19.54 ms
cpu-wait WAIT_REG_MEM64 at 115 on 0x400201d40: satisfied after 0.0 ms
cpu-wait WAIT_REG_MEM64 at 1629 on 0x400201840: satisfied after 0.0 ms
cpu-wait WAIT_REG_MEM64 at 8538 on 0x55d4d00b6e68: satisfied after 0.0 ms
  indirect op 16 at 1246: base 0x5074063c0 +0x0 -> 1 1 1 0 0
  indirect op 16 at 1278: base 0x5074063e0 +0x0 -> 1 1 1 0 0
  indirect op 16 at 1310: base 0x50740a520 +0x0 -> 1 1 1 0 0
  indirect op 16 at 1342: base 0x50740a540 +0x0 -> 1 1 1 0 0
  indirect op 25 at 4584: base 0x56ddaffa0 +0x0 -> 1 512 0 0 0
  load op 9f at 28: addr 0xfe0040068 idx 0 fmt 1 regoff 0x0 n 921 (table contents not committed)
  load op 63 at 33: addr 0xfe0042068 idx 0 fmt 1 regoff 0x0 n 174 (table contents not committed)
  load op 64 at 38: addr 0xfe00425d8 idx 0 fmt 1 regoff 0x0 n 57 (table contents not committed)
  load op 9f at 80: addr 0x502701500 idx 0 fmt 1 regoff 0x0 n 295 (table contents not committed)
  load op 64 at 85: addr 0x502700500 idx 0 fmt 1 regoff 0x0 n 7 (table contents not committed)
  load op 63 at 90: addr 0x5026ff500 idx 0 fmt 1 regoff 0x0 n 13 (table contents not committed)
  load op 63 at 342: addr 0x5026ff568 idx 0 fmt 1 regoff 0x0 n 10 (table contents not committed)
  load op 63 at 734: addr 0x5026ff5b8 idx 0 fmt 1 regoff 0x0 n 18 (table contents not committed)
  load op 63 at 1217: addr 0x5026ff648 idx 0 fmt 1 regoff 0x0 n 10 (table contents not committed)
  load op 63 at 1249: addr 0x5026ff698 idx 0 fmt 1 regoff 0x0 n 10 (table contents not committed)
  load op 63 at 1281: addr 0x5026ff6e8 idx 0 fmt 1 regoff 0x0 n 10 (table contents not committed)
  load op 63 at 1313: addr 0x5026ff738 idx 0 fmt 1 regoff 0x0 n 10 (table contents not committed)
  load op 9f at 1724: addr 0xfe0040068 idx 0 fmt 1 regoff 0x0 n 921 (table contents not committed)
  load op 9f at 1731: addr 0x502701e38 idx 0 fmt 1 regoff 0x0 n 74 (table contents not committed)
  load op 63 at 1736: addr 0x908e5ff90 idx 0 fmt 1 regoff 0x0 n 6 (table contents not committed)
  load op 9f at 1741: addr 0x908e5ffc0 idx 0 fmt 1 regoff 0x0 n 10 (table contents not committed)
  load op 64 at 1746: addr 0x502700538 idx 0 fmt 1 regoff 0x0 n 5 (table contents not committed)
  load op 9f at 1799: addr 0x502702088 idx 0 fmt 1 regoff 0x0 n 132 (table contents not committed)
  load op 63 at 1804: addr 0x5026ff788 idx 0 fmt 1 regoff 0x0 n 30 (table contents not committed)
  load op 64 at 1884: addr 0x502700560 idx 0 fmt 1 regoff 0x0 n 5 (table contents not committed)
  load op 9f at 1891: addr 0x5026fd440 idx 0 fmt 1 regoff 0x0 n 175 (table contents not committed)
  load op 63 at 2106: addr 0x5026ff878 idx 0 fmt 1 regoff 0x0 n 20 (table contents not committed)
  load op 9f at 3069: addr 0xfe0040068 idx 0 fmt 1 regoff 0x0 n 921 (table contents not committed)
  load op 9f at 3076: addr 0x5026fd9b8 idx 0 fmt 1 regoff 0x0 n 70 (table contents not committed)
  load op 63 at 3081: addr 0x908e5ff90 idx 0 fmt 1 regoff 0x0 n 6 (table contents not committed)
  load op 9f at 3086: addr 0x908e5ffc0 idx 0 fmt 1 regoff 0x0 n 10 (table contents not committed)
  load op 63 at 3091: addr 0x908e5f7d0 idx 0 fmt 1 regoff 0x0 n 6 (table contents not committed)
  load op 9f at 3096: addr 0x908e5f800 idx 0 fmt 1 regoff 0x0 n 9 (table contents not committed)
  load op 64 at 3101: addr 0x502700588 idx 0 fmt 1 regoff 0x0 n 5 (table contents not committed)
  load op 9f at 3140: addr 0x5026fdbe8 idx 0 fmt 1 regoff 0x0 n 19 (table contents not committed)
  load op 63 at 3145: addr 0x5026ff918 idx 0 fmt 1 regoff 0x0 n 12 (table contents not committed)
  load op 9f at 3268: addr 0xfe0040068 idx 0 fmt 1 regoff 0x0 n 921 (table contents not committed)
  load op 9f at 3275: addr 0x5026fdc80 idx 0 fmt 1 regoff 0x0 n 74 (table contents not committed)
  load op 63 at 3280: addr 0x908e5ff90 idx 0 fmt 1 regoff 0x0 n 6 (table contents not committed)
  load op 9f at 3285: addr 0x908e5ffc0 idx 0 fmt 1 regoff 0x0 n 10 (table contents not committed)
  load op 64 at 3290: addr 0x5027005b0 idx 0 fmt 1 regoff 0x0 n 5 (table contents not committed)
  load op 9f at 3329: addr 0x5026fded0 idx 0 fmt 1 regoff 0x0 n 166 (table contents not committed)
  load op 63 at 3334: addr 0x5026ff978 idx 0 fmt 1 regoff 0x0 n 30 (table contents not committed)
  load op 64 at 3430: addr 0x5027005d8 idx 0 fmt 1 regoff 0x0 n 5 (table contents not committed)
  load op 9f at 3437: addr 0x5026fc320 idx 0 fmt 1 regoff 0x0 n 135 (table contents not committed)
  load op 63 at 3675: addr 0x5026ffa68 idx 0 fmt 1 regoff 0x0 n 36 (table contents not committed)
  load op 64 at 4540: addr 0x502700600 idx 0 fmt 1 regoff 0x0 n 6 (table contents not committed)
  load op 9f at 4545: addr 0x5026fc758 idx 0 fmt 1 regoff 0x0 n 376 (table contents not committed)
  load op 9f at 4552: addr 0x5026fb118 idx 0 fmt 1 regoff 0x0 n 205 (table contents not committed)
  load op 9f at 4853: addr 0xfe0040068 idx 0 fmt 1 regoff 0x0 n 921 (table contents not committed)
  load op 9f at 4860: addr 0x5026fb780 idx 0 fmt 1 regoff 0x0 n 74 (table contents not committed)
  load op 63 at 4865: addr 0x908e5ff90 idx 0 fmt 1 regoff 0x0 n 6 (table contents not committed)
  load op 9f at 4870: addr 0x908e5ffc0 idx 0 fmt 1 regoff 0x0 n 10 (table contents not committed)
  load op 64 at 4875: addr 0x502700630 idx 0 fmt 1 regoff 0x0 n 5 (table contents not committed)
  load op 63 at 4914: addr 0x5026ffb88 idx 0 fmt 1 regoff 0x0 n 21 (table contents not committed)
  load op 9f at 4925: addr 0x5026fb9d0 idx 0 fmt 1 regoff 0x0 n 223 (table contents not committed)
  load op 63 at 5901: addr 0x5026ffc30 idx 0 fmt 1 regoff 0x0 n 10 (table contents not committed)
  load op 64 at 6381: addr 0x502700658 idx 0 fmt 1 regoff 0x0 n 5 (table contents not committed)
  load op 63 at 6388: addr 0x5026ffc80 idx 0 fmt 1 regoff 0x0 n 18 (table contents not committed)
  load op 9f at 6393: addr 0x5026f9dd0 idx 0 fmt 1 regoff 0x0 n 67 (table contents not committed)
  load op 9f at 6506: addr 0x5026f9fe8 idx 0 fmt 1 regoff 0x0 n 129 (table contents not committed)
  load op 63 at 6511: addr 0x5026ffd10 idx 0 fmt 1 regoff 0x0 n 18 (table contents not committed)
  load op 64 at 6516: addr 0x502700680 idx 0 fmt 1 regoff 0x0 n 3 (table contents not committed)
  load op 9f at 6629: addr 0x5026fa3f0 idx 0 fmt 1 regoff 0x0 n 129 (table contents not committed)
  load op 63 at 6634: addr 0x5026ffda0 idx 0 fmt 1 regoff 0x0 n 18 (table contents not committed)
  load op 64 at 6639: addr 0x502700698 idx 0 fmt 1 regoff 0x0 n 3 (table contents not committed)
  load op 9f at 6752: addr 0x5026fa7f8 idx 0 fmt 1 regoff 0x0 n 58 (table contents not committed)
  load op 9f at 6857: addr 0x5026fa9c8 idx 0 fmt 1 regoff 0x0 n 66 (table contents not committed)
  load op 9f at 6962: addr 0x5026fabd8 idx 0 fmt 1 regoff 0x0 n 58 (table contents not committed)
  load op 9f at 7067: addr 0x5026f8140 idx 0 fmt 1 regoff 0x0 n 66 (table contents not committed)
  load op 9f at 7172: addr 0x5026f8350 idx 0 fmt 1 regoff 0x0 n 58 (table contents not committed)
  load op 9f at 7277: addr 0x5026f8520 idx 0 fmt 1 regoff 0x0 n 130 (table contents not committed)
  load op 63 at 7282: addr 0x5026ffe30 idx 0 fmt 1 regoff 0x0 n 18 (table contents not committed)
  load op 64 at 7287: addr 0x5027006b0 idx 0 fmt 1 regoff 0x0 n 3 (table contents not committed)
  load op 9f at 7414: addr 0x5026f8930 idx 0 fmt 1 regoff 0x0 n 135 (table contents not committed)
  load op 63 at 7419: addr 0x5026ffec0 idx 0 fmt 1 regoff 0x0 n 18 (table contents not committed)
  load op 64 at 7424: addr 0x5027006c8 idx 0 fmt 1 regoff 0x0 n 3 (table contents not committed)
  load op 63 at 8002: addr 0x5026fff50 idx 0 fmt 1 regoff 0x0 n 28 (table contents not committed)
  load op 64 at 8579: addr 0x5027006e0 idx 0 fmt 1 regoff 0x0 n 5 (table contents not committed)
  load op 9f at 8584: addr 0x5026f8d68 idx 0 fmt 1 regoff 0x0 n 113 (table contents not committed)
  load op 9f at 8591: addr 0x5026f68b8 idx 0 fmt 1 regoff 0x0 n 168 (table contents not committed)
submit #369 dcb 9089 dwords at 0x502002500: pass 563 rewrite 485 drop 413 unmapped 1 cc 8 mappings 1153 ... OK rc 0 21.78 ms
state stack #369: push 4 pop 4 conditional 1 unmatched 0; restored 3684 regs (+3748 dwords); tables 35, unreadable 0
pipestat #369 (9089 dwords): ia_verts 566 ia_prims 530 vs 566 gs_inv 530 gs_prims 0 c_inv 189 c_prims 89 ps 40284528 cs 10506241
submit #370 acb 2 dwords at 0xfe003a200: pass 1 rewrite 0 drop 0 unmapped 0 cc 0 mappings 1153 ... OK rc 0 20.92 ms
cpu-wait WAIT_REG_MEM64 at 0 on 0x400202380: satisfied after 0.0 ms
submit #371 cc 3 dwords at 0x313b17cf4: pass 0 rewrite 1 drop 0 unmapped 0 cc 1 mappings 1153 ... OK rc 0 18.33 ms
submit #372 acb 49 dwords at 0x40020695c: pass 2 rewrite 3 drop 3 unmapped 0 cc 0 mappings 1153 ... OK rc 0 18.37 ms
  load op 61 at 10: base 0xfe0008000 pairs (0x0,215) (0xd8,272) (0x1f5,4) (0x1ff,158) (0x2a0,2) (0x2a3,1) (0x2a5,66) (0x2f5,203)
  load op 5f at 29: base 0xfe0010000 pairs (0x1,1) (0x6,38) (0x32,4) (0x80,4) (0x87,37) (0xb2,4) (0xc8,2) (0x100,4) (0x107,37) (0x132,4) (0x148,2) (0x204,3) (0x20c,2) (0x212,2) (0x215,6) (0x224,5) (0x22a,1) (0x240,16) (0x27d,1) (0x280,1) (0x207,3)
  load op 5e at 74: base 0xfe0011000 pairs (0x35,8) (0xa2,1) (0x242,1) (0x248,1) (0x24a,2) (0x25b,6) (0x262,1) (0x2bb,5) (0x2c4,16) (0x2e4,8) (0x380,2) (0x383,2) (0x41d,3) (0x24d,1)
  load op 61 at 105: base 0xfe0008000 pairs (0x0,0)
  load op 5f at 110: base 0xfe0010000 pairs (0x0,0)
  load op 5e at 115: base 0xfe0011000 pairs (0x0,0)
  load op 61 at 125: base 0xfe0008000 pairs (0x0,0)
  load op 5f at 130: base 0xfe0010000 pairs (0x0,0)
  load op 5e at 135: base 0xfe0011000 pairs (0x0,0)
submit #373 hib 150 dwords at 0xfe0000000: pass 12 rewrite 2 drop 2 unmapped 0 cc 2 mappings 1153 ... OK rc 0 18.39 ms
submit #374 hib 2 dwords at 0xfe003a200: pass 1 rewrite 0 drop 0 unmapped 0 cc 0 mappings 1153 ... OK rc 0 18.42 ms
  load op 9f at 38: addr 0xfe0040068 idx 0 fmt 1 regoff 0x0 n 921 (table contents not committed)
  load op 63 at 43: addr 0xfe0042068 idx 0 fmt 1 regoff 0x0 n 174 (table contents not committed)
  load op 64 at 48: addr 0xfe00425d8 idx 0 fmt 1 regoff 0x0 n 49 (table contents not committed)
submit #375 dcb 96 dwords at 0xfe0042920: pass 20 rewrite 2 drop 2 unmapped 0 cc 0 mappings 1153 ... OK rc 0 18.39 ms
  load op 9f at 36: addr 0xfe0040068 idx 0 fmt 1 regoff 0x0 n 921 (table contents not committed)
  load op 63 at 41: addr 0xfe0042068 idx 0 fmt 1 regoff 0x0 n 174 (table contents not committed)
  load op 64 at 46: addr 0xfe00425d8 idx 0 fmt 1 regoff 0x0 n 57 (table contents not committed)
  load op 9f at 88: addr 0x504301500 idx 0 fmt 1 regoff 0x0 n 136 (table contents not committed)
  load op 64 at 93: addr 0x504300500 idx 0 fmt 1 regoff 0x0 n 3 (table contents not committed)
  load op 63 at 98: addr 0x5042ff500 idx 0 fmt 1 regoff 0x0 n 3 (table contents not committed)
  load op 9f at 1541: addr 0xfe0040068 idx 0 fmt 1 regoff 0x0 n 921 (table contents not committed)
  load op 9f at 1548: addr 0x504301940 idx 0 fmt 1 regoff 0x0 n 70 (table contents not committed)
  load op 63 at 1553: addr 0x908e5ff90 idx 0 fmt 1 regoff 0x0 n 6 (table contents not committed)
  load op 9f at 1558: addr 0x908e5ffc0 idx 0 fmt 1 regoff 0x0 n 10 (table contents not committed)
  load op 63 at 1563: addr 0x908e5f7d0 idx 0 fmt 1 regoff 0x0 n 6 (table contents not committed)
  load op 9f at 1568: addr 0x908e5f800 idx 0 fmt 1 regoff 0x0 n 9 (table contents not committed)
  load op 64 at 1573: addr 0x504300518 idx 0 fmt 1 regoff 0x0 n 5 (table contents not committed)
  load op 9f at 1691: addr 0x504301b70 idx 0 fmt 1 regoff 0x0 n 131 (table contents not committed)
  load op 64 at 1698: addr 0x504300540 idx 0 fmt 1 regoff 0x0 n 1 (table contents not committed)
  load op 9f at 1730: addr 0xfe0040068 idx 0 fmt 1 regoff 0x0 n 921 (table contents not committed)
  load op 9f at 1737: addr 0x504301f88 idx 0 fmt 1 regoff 0x0 n 70 (table contents not committed)
  load op 63 at 1742: addr 0x908e5ff90 idx 0 fmt 1 regoff 0x0 n 6 (table contents not committed)
  load op 9f at 1747: addr 0x908e5ffc0 idx 0 fmt 1 regoff 0x0 n 10 (table contents not committed)
  load op 63 at 1752: addr 0x908e5f7d0 idx 0 fmt 1 regoff 0x0 n 6 (table contents not committed)
  load op 9f at 1757: addr 0x908e5f800 idx 0 fmt 1 regoff 0x0 n 9 (table contents not committed)
  load op 64 at 1762: addr 0x504300548 idx 0 fmt 1 regoff 0x0 n 5 (table contents not committed)
  load op 63 at 1858: addr 0x5042ff518 idx 0 fmt 1 regoff 0x0 n 10 (table contents not committed)
  load op 63 at 2049: addr 0x5042ff568 idx 0 fmt 1 regoff 0x0 n 28 (table contents not committed)
  load op 64 at 2123: addr 0x504300570 idx 0 fmt 1 regoff 0x0 n 5 (table contents not committed)
  load op 9f at 2130: addr 0x5043021b8 idx 0 fmt 1 regoff 0x0 n 96 (table contents not committed)
  load op 9f at 2135: addr 0x5042fe390 idx 0 fmt 1 regoff 0x0 n 194 (table contents not committed)
submit #376 dcb 2647 dwords at 0x503c02500: pass 236 rewrite 123 drop 120 unmapped 0 cc 4 mappings 1153 ... OK rc 0 18.93 ms
state stack #376: push 2 pop 2 conditional 1 unmatched 0; restored 1842 regs (+1874 dwords); tables 13, unreadable 0
pipestat #376 (2647 dwords): ia_verts 9 ia_prims 3 vs 9 gs_inv 3 gs_prims 0 c_inv 3 c_prims 3 ps 6230016 cs 1554432
  load op 9f at 38: addr 0xfe0040068 idx 0 fmt 1 regoff 0x0 n 921 (table contents not committed)
  load op 63 at 43: addr 0xfe0042068 idx 0 fmt 1 regoff 0x0 n 174 (table contents not committed)
  load op 64 at 48: addr 0xfe00425d8 idx 0 fmt 1 regoff 0x0 n 57 (table contents not committed)
  load op 9f at 90: addr 0x505e01500 idx 0 fmt 1 regoff 0x0 n 5 (table contents not committed)
  load op 64 at 95: addr 0x505e00500 idx 0 fmt 1 regoff 0x0 n 2 (table contents not committed)
  load op 63 at 100: addr 0x505dff500 idx 0 fmt 1 regoff 0x0 n 3 (table contents not committed)
submit #377 dcb 851 dwords at 0x505a02500: pass 47 rewrite 55 drop 45 unmapped 0 cc 0 mappings 1153 ... OK rc 0 18.52 ms
pipestat #377 (851 dwords): ia_verts 0 ia_prims 0 vs 0 gs_inv 0 gs_prims 0 c_inv 0 c_prims 0 ps 0 cs 229376
submit #378 acb 2 dwords at 0xfe003a200: pass 1 rewrite 0 drop 0 unmapped 0 cc 0 mappings 1153 ... OK rc 0 18.24 ms
cpu-wait WAIT_REG_MEM64 at 87 on 0x400202d80: satisfied after 0.0 ms
  load op 9f at 35: addr 0xfe0040068 idx 0 fmt 1 regoff 0x0 n 921 (table contents not committed)
  load op 63 at 40: addr 0xfe0042068 idx 0 fmt 1 regoff 0x0 n 174 (table contents not committed)
  load op 64 at 45: addr 0xfe00425d8 idx 0 fmt 1 regoff 0x0 n 57 (table contents not committed)
  load op 9f at 87: addr 0x506e01500 idx 0 fmt 1 regoff 0x0 n 136 (table contents not committed)
  load op 64 at 92: addr 0x506e00500 idx 0 fmt 1 regoff 0x0 n 3 (table contents not committed)
  load op 63 at 97: addr 0x506dff500 idx 0 fmt 1 regoff 0x0 n 3 (table contents not committed)
  load op 9f at 212: addr 0xfe0040068 idx 0 fmt 1 regoff 0x0 n 921 (table contents not committed)
  load op 9f at 219: addr 0x506e01940 idx 0 fmt 1 regoff 0x0 n 70 (table contents not committed)
  load op 63 at 224: addr 0x908e5ff90 idx 0 fmt 1 regoff 0x0 n 6 (table contents not committed)
  load op 9f at 229: addr 0x908e5ffc0 idx 0 fmt 1 regoff 0x0 n 10 (table contents not committed)
  load op 63 at 234: addr 0x908e5f7d0 idx 0 fmt 1 regoff 0x0 n 6 (table contents not committed)
  load op 9f at 239: addr 0x908e5f800 idx 0 fmt 1 regoff 0x0 n 9 (table contents not committed)
  load op 64 at 244: addr 0x506e00518 idx 0 fmt 1 regoff 0x0 n 5 (table contents not committed)
  load op 9f at 340: addr 0x506e01b70 idx 0 fmt 1 regoff 0x0 n 131 (table contents not committed)
  load op 64 at 347: addr 0x506e00540 idx 0 fmt 1 regoff 0x0 n 1 (table contents not committed)
  load op 9f at 379: addr 0xfe0040068 idx 0 fmt 1 regoff 0x0 n 921 (table contents not committed)
  load op 9f at 386: addr 0x506e01f88 idx 0 fmt 1 regoff 0x0 n 70 (table contents not committed)
  load op 63 at 391: addr 0x908e5ff90 idx 0 fmt 1 regoff 0x0 n 6 (table contents not committed)
  load op 9f at 396: addr 0x908e5ffc0 idx 0 fmt 1 regoff 0x0 n 10 (table contents not committed)
  load op 63 at 401: addr 0x908e5f7d0 idx 0 fmt 1 regoff 0x0 n 6 (table contents not committed)
  load op 9f at 406: addr 0x908e5f800 idx 0 fmt 1 regoff 0x0 n 9 (table contents not committed)
  load op 64 at 411: addr 0x506e00548 idx 0 fmt 1 regoff 0x0 n 5 (table contents not committed)
  load op 9f at 548: addr 0x506e021b8 idx 0 fmt 1 regoff 0x0 n 98 (table contents not committed)
  load op 64 at 555: addr 0x506e00570 idx 0 fmt 1 regoff 0x0 n 1 (table contents not committed)
  load op 9f at 560: addr 0x506dfe500 idx 0 fmt 1 regoff 0x0 n 33 (table contents not committed)
  load op 9f at 592: addr 0xfe0040068 idx 0 fmt 1 regoff 0x0 n 921 (table contents not committed)
  load op 9f at 599: addr 0x506dfe608 idx 0 fmt 1 regoff 0x0 n 70 (table contents not committed)
  load op 63 at 604: addr 0x908e5ff90 idx 0 fmt 1 regoff 0x0 n 6 (table contents not committed)
  load op 9f at 609: addr 0x908e5ffc0 idx 0 fmt 1 regoff 0x0 n 10 (table contents not committed)
  load op 63 at 614: addr 0x908e5f7d0 idx 0 fmt 1 regoff 0x0 n 6 (table contents not committed)
  load op 9f at 619: addr 0x908e5f800 idx 0 fmt 1 regoff 0x0 n 9 (table contents not committed)
  load op 64 at 624: addr 0x506e00578 idx 0 fmt 1 regoff 0x0 n 5 (table contents not committed)
submit #379 dcb 798 dwords at 0x506802500: pass 103 rewrite 35 drop 22 unmapped 0 cc 6 mappings 1153 ... OK rc 0 19.18 ms
state stack #379: push 3 pop 3 conditional 1 unmatched 0; restored 2763 regs (+2811 dwords); tables 17, unreadable 0
pipestat #379 (798 dwords): ia_verts 9 ia_prims 3 vs 9 gs_inv 3 gs_prims 0 c_inv 3 c_prims 3 ps 0 cs 0
submit #380 acb 463 dwords at 0x4004867c0: pass 43 rewrite 11 drop 27 unmapped 0 cc 0 mappings 1153 ... OK rc 0 18.58 ms
acb head: 1287 of 1336 dwords go ahead of the wait at 1287 on 0x400202f80
  load op 9f at 36: addr 0xfe0040068 idx 0 fmt 1 regoff 0x0 n 921 (table contents not committed)
  load op 63 at 41: addr 0xfe0042068 idx 0 fmt 1 regoff 0x0 n 174 (table contents not committed)
  load op 64 at 46: addr 0xfe00425d8 idx 0 fmt 1 regoff 0x0 n 57 (table contents not committed)
  load op 9f at 88: addr 0x505201500 idx 0 fmt 1 regoff 0x0 n 5 (table contents not committed)
  load op 64 at 93: addr 0x505200500 idx 0 fmt 1 regoff 0x0 n 2 (table contents not committed)
  load op 63 at 98: addr 0x5051ff500 idx 0 fmt 1 regoff 0x0 n 3 (table contents not committed)
  load op 9f at 756: addr 0xfe0040068 idx 0 fmt 1 regoff 0x0 n 921 (table contents not committed)
  load op 9f at 763: addr 0x505201528 idx 0 fmt 1 regoff 0x0 n 74 (table contents not committed)
  load op 63 at 768: addr 0x908e5ff90 idx 0 fmt 1 regoff 0x0 n 6 (table contents not committed)
  load op 9f at 773: addr 0x908e5ffc0 idx 0 fmt 1 regoff 0x0 n 10 (table contents not committed)
  load op 64 at 778: addr 0x505200510 idx 0 fmt 1 regoff 0x0 n 5 (table contents not committed)
  load op 9f at 901: addr 0xfe0040068 idx 0 fmt 1 regoff 0x0 n 921 (table contents not committed)
  load op 9f at 908: addr 0x505201778 idx 0 fmt 1 regoff 0x0 n 74 (table contents not committed)
  load op 63 at 913: addr 0x908e5ff90 idx 0 fmt 1 regoff 0x0 n 6 (table contents not committed)
  load op 9f at 918: addr 0x908e5ffc0 idx 0 fmt 1 regoff 0x0 n 10 (table contents not committed)
  load op 64 at 923: addr 0x505200538 idx 0 fmt 1 regoff 0x0 n 5 (table contents not committed)
  load op 9f at 1046: addr 0xfe0040068 idx 0 fmt 1 regoff 0x0 n 921 (table contents not committed)
  load op 9f at 1053: addr 0x5052019c8 idx 0 fmt 1 regoff 0x0 n 74 (table contents not committed)
  load op 63 at 1058: addr 0x908e5ff90 idx 0 fmt 1 regoff 0x0 n 6 (table contents not committed)
  load op 9f at 1063: addr 0x908e5ffc0 idx 0 fmt 1 regoff 0x0 n 10 (table contents not committed)
  load op 64 at 1068: addr 0x505200560 idx 0 fmt 1 regoff 0x0 n 5 (table contents not committed)
submit #381 dcb 1248 dwords at 0x504e02500: pass 151 rewrite 46 drop 45 unmapped 0 cc 6 mappings 1153 ... OK rc 0 18.71 ms
state stack #381: push 3 pop 3 conditional 1 unmatched 0; restored 2763 regs (+2811 dwords); tables 11, unreadable 0
pipestat #381 (1248 dwords): ia_verts 9 ia_prims 3 vs 9 gs_inv 3 gs_prims 0 c_inv 3 c_prims 3 ps 0 cs 36864
flip 1/0 buffer 0x507410000 +0x1fe0000: sum 0x17ea65194594 nonzero 8100/8160 pattern 0
  target CB0 0x5093f0000: distinct 53 min 0xc0000000 max 0xc340d034,   target CB0 0x5093f0000: nonzero 1024/1024
  target CB0 0x563800000: distinct 1 min 0x00000000 max 0x00000000,   target CB0 0x563800000: nonzero 0/1024
  target CB0 0x55c00d000: distinct 4 min 0x00000000 max 0xffffffff,   target CB0 0x55c00d000: nonzero 147/1024
  target CB0 0x5637f0000: distinct 1 min 0x00000000 max 0x00000000,   target CB0 0x5637f0000: nonzero 0/1024
  target CB0 0x5219a0000: distinct 1 min 0x38003800 max 0x38003800,   target CB0 0x5219a0000: nonzero 1024/1024
  target CB0 0x57136d000: distinct 14 min 0x00000000 max 0xffffffff,   target CB0 0x57136d000: nonzero 156/1024
  target DB_HTILE 0x51c5b0000: distinct 2 min 0x00000000 max 0xfffffff0,   target DB_HTILE 0x51c5b0000: nonzero 128/1024
  target DB_Z_READ 0x51a6d0000: distinct 1 min 0x3f800000 max 0x3f800000,   target DB_Z_READ 0x51a6d0000: nonzero 1024/1024
  target DB_STENCIL_READ 0x51bf30000: distinct 1 min 0x80800000 max 0x80800000,   target DB_STENCIL_READ 0x51bf30000: nonzero 1024/1024
  target CB0 0x512cf0000: distinct 1 min 0x00000000 max 0x00000000,   target CB0 0x512cf0000: nonzero 0/1024
  target CB0 0x5712c1000: distinct 15 min 0x00000000 max 0xffffffff,   target CB0 0x5712c1000: nonzero 244/1024
  target CB0 0x5712d1000: distinct 15 min 0x00000000 max 0xffffffff,   target CB0 0x5712d1000: nonzero 228/1024
  target CB0 0x517610000: distinct 1 min 0x00000000 max 0x00000000,   target CB0 0x517610000: nonzero 0/1024
  target CB0 0x571325000: distinct 14 min 0x00000000 max 0xffffffff,   target CB0 0x571325000: nonzero 172/1024
  target DB_HTILE 0x55c050000: distinct 3 min 0x00000000 max 0xffffffff,   target DB_HTILE 0x55c050000: nonzero 144/1024
  target DB_Z_READ 0x527430000: distinct 1 min 0xffffffff max 0xffffffff,   target DB_Z_READ 0x527430000: nonzero 1024/1024
submit #382 acb 1287 dwords at 0x4002a55c0: pass 118 rewrite 35 drop 63 unmapped 0 cc 0 mappings 1153 ... OK rc 0 21.41 ms
cpu-wait WAIT_REG_MEM64 at 115 on 0x400202d40: satisfied after 0.0 ms
cpu-wait WAIT_REG_MEM64 at 1629 on 0x400202dc0: satisfied after 0.0 ms
cpu-wait WAIT_REG_MEM64 at 8538 on 0x55d4d00b6e60: satisfied after 0.0 ms
  indirect op 16 at 1246: base 0x5074063c0 +0x0 -> 1 1 1 0 0
  indirect op 16 at 1278: base 0x5074063e0 +0x0 -> 1 1 1 0 0
  indirect op 16 at 1310: base 0x50740a520 +0x0 -> 1 1 1 0 0
  indirect op 16 at 1342: base 0x50740a540 +0x0 -> 1 1 1 0 0
  indirect op 25 at 4584: base 0x56ddaffa0 +0x0 -> 1 512 0 0 0
  load op 9f at 28: addr 0xfe0040068 idx 0 fmt 1 regoff 0x0 n 921 (table contents not committed)
  load op 63 at 33: addr 0xfe0042068 idx 0 fmt 1 regoff 0x0 n 174 (table contents not committed)
  load op 64 at 38: addr 0xfe00425d8 idx 0 fmt 1 regoff 0x0 n 57 (table contents not committed)
  load op 9f at 80: addr 0x502e01500 idx 0 fmt 1 regoff 0x0 n 295 (table contents not committed)
  load op 64 at 85: addr 0x502e00500 idx 0 fmt 1 regoff 0x0 n 7 (table contents not committed)
  load op 63 at 90: addr 0x502dff500 idx 0 fmt 1 regoff 0x0 n 13 (table contents not committed)
  load op 63 at 342: addr 0x502dff568 idx 0 fmt 1 regoff 0x0 n 10 (table contents not committed)
  load op 63 at 734: addr 0x502dff5b8 idx 0 fmt 1 regoff 0x0 n 18 (table contents not committed)
  load op 63 at 1217: addr 0x502dff648 idx 0 fmt 1 regoff 0x0 n 10 (table contents not committed)
  load op 63 at 1249: addr 0x502dff698 idx 0 fmt 1 regoff 0x0 n 10 (table contents not committed)
  load op 63 at 1281: addr 0x502dff6e8 idx 0 fmt 1 regoff 0x0 n 10 (table contents not committed)
  load op 63 at 1313: addr 0x502dff738 idx 0 fmt 1 regoff 0x0 n 10 (table contents not committed)
  load op 9f at 1724: addr 0xfe0040068 idx 0 fmt 1 regoff 0x0 n 921 (table contents not committed)
  load op 9f at 1731: addr 0x502e01e38 idx 0 fmt 1 regoff 0x0 n 74 (table contents not committed)
  load op 63 at 1736: addr 0x908e5ff90 idx 0 fmt 1 regoff 0x0 n 6 (table contents not committed)
  load op 9f at 1741: addr 0x908e5ffc0 idx 0 fmt 1 regoff 0x0 n 10 (table contents not committed)
  load op 64 at 1746: addr 0x502e00538 idx 0 fmt 1 regoff 0x0 n 5 (table contents not committed)
  load op 9f at 1799: addr 0x502e02088 idx 0 fmt 1 regoff 0x0 n 132 (table contents not committed)
  load op 63 at 1804: addr 0x502dff788 idx 0 fmt 1 regoff 0x0 n 30 (table contents not committed)
  load op 64 at 1884: addr 0x502e00560 idx 0 fmt 1 regoff 0x0 n 5 (table contents not committed)
  load op 9f at 1891: addr 0x502dfd440 idx 0 fmt 1 regoff 0x0 n 175 (table contents not committed)
  load op 63 at 2106: addr 0x502dff878 idx 0 fmt 1 regoff 0x0 n 20 (table contents not committed)
  load op 9f at 3069: addr 0xfe0040068 idx 0 fmt 1 regoff 0x0 n 921 (table contents not committed)
  load op 9f at 3076: addr 0x502dfd9b8 idx 0 fmt 1 regoff 0x0 n 70 (table contents not committed)
  load op 63 at 3081: addr 0x908e5ff90 idx 0 fmt 1 regoff 0x0 n 6 (table contents not committed)
  load op 9f at 3086: addr 0x908e5ffc0 idx 0 fmt 1 regoff 0x0 n 10 (table contents not committed)
  load op 63 at 3091: addr 0x908e5f7d0 idx 0 fmt 1 regoff 0x0 n 6 (table contents not committed)
  load op 9f at 3096: addr 0x908e5f800 idx 0 fmt 1 regoff 0x0 n 9 (table contents not committed)
  load op 64 at 3101: addr 0x502e00588 idx 0 fmt 1 regoff 0x0 n 5 (table contents not committed)
  load op 9f at 3140: addr 0x502dfdbe8 idx 0 fmt 1 regoff 0x0 n 19 (table contents not committed)
  load op 63 at 3145: addr 0x502dff918 idx 0 fmt 1 regoff 0x0 n 12 (table contents not committed)
  load op 9f at 3268: addr 0xfe0040068 idx 0 fmt 1 regoff 0x0 n 921 (table contents not committed)
  load op 9f at 3275: addr 0x502dfdc80 idx 0 fmt 1 regoff 0x0 n 74 (table contents not committed)
  load op 63 at 3280: addr 0x908e5ff90 idx 0 fmt 1 regoff 0x0 n 6 (table contents not committed)
  load op 9f at 3285: addr 0x908e5ffc0 idx 0 fmt 1 regoff 0x0 n 10 (table contents not committed)
  load op 64 at 3290: addr 0x502e005b0 idx 0 fmt 1 regoff 0x0 n 5 (table contents not committed)
  load op 9f at 3329: addr 0x502dfded0 idx 0 fmt 1 regoff 0x0 n 166 (table contents not committed)
  load op 63 at 3334: addr 0x502dff978 idx 0 fmt 1 regoff 0x0 n 30 (table contents not committed)
  load op 64 at 3430: addr 0x502e005d8 idx 0 fmt 1 regoff 0x0 n 5 (table contents not committed)
  load op 9f at 3437: addr 0x502dfc320 idx 0 fmt 1 regoff 0x0 n 135 (table contents not committed)
  load op 63 at 3675: addr 0x502dffa68 idx 0 fmt 1 regoff 0x0 n 36 (table contents not committed)
  load op 64 at 4540: addr 0x502e00600 idx 0 fmt 1 regoff 0x0 n 6 (table contents not committed)
  load op 9f at 4545: addr 0x502dfc758 idx 0 fmt 1 regoff 0x0 n 376 (table contents not committed)
  load op 9f at 4552: addr 0x502dfb118 idx 0 fmt 1 regoff 0x0 n 205 (table contents not committed)
  load op 9f at 4853: addr 0xfe0040068 idx 0 fmt 1 regoff 0x0 n 921 (table contents not committed)
  load op 9f at 4860: addr 0x502dfb780 idx 0 fmt 1 regoff 0x0 n 74 (table contents not committed)
  load op 63 at 4865: addr 0x908e5ff90 idx 0 fmt 1 regoff 0x0 n 6 (table contents not committed)
  load op 9f at 4870: addr 0x908e5ffc0 idx 0 fmt 1 regoff 0x0 n 10 (table contents not committed)
  load op 64 at 4875: addr 0x502e00630 idx 0 fmt 1 regoff 0x0 n 5 (table contents not committed)
  load op 63 at 4914: addr 0x502dffb88 idx 0 fmt 1 regoff 0x0 n 21 (table contents not committed)
  load op 9f at 4925: addr 0x502dfb9d0 idx 0 fmt 1 regoff 0x0 n 223 (table contents not committed)
  load op 63 at 5901: addr 0x502dffc30 idx 0 fmt 1 regoff 0x0 n 10 (table contents not committed)
  load op 64 at 6381: addr 0x502e00658 idx 0 fmt 1 regoff 0x0 n 5 (table contents not committed)
  load op 63 at 6388: addr 0x502dffc80 idx 0 fmt 1 regoff 0x0 n 18 (table contents not committed)
  load op 9f at 6393: addr 0x502df9dd0 idx 0 fmt 1 regoff 0x0 n 67 (table contents not committed)
  load op 9f at 6506: addr 0x502df9fe8 idx 0 fmt 1 regoff 0x0 n 129 (table contents not committed)
  load op 63 at 6511: addr 0x502dffd10 idx 0 fmt 1 regoff 0x0 n 18 (table contents not committed)
  load op 64 at 6516: addr 0x502e00680 idx 0 fmt 1 regoff 0x0 n 3 (table contents not committed)
  load op 9f at 6629: addr 0x502dfa3f0 idx 0 fmt 1 regoff 0x0 n 129 (table contents not committed)
  load op 63 at 6634: addr 0x502dffda0 idx 0 fmt 1 regoff 0x0 n 18 (table contents not committed)
  load op 64 at 6639: addr 0x502e00698 idx 0 fmt 1 regoff 0x0 n 3 (table contents not committed)
  load op 9f at 6752: addr 0x502dfa7f8 idx 0 fmt 1 regoff 0x0 n 58 (table contents not committed)
  load op 9f at 6857: addr 0x502dfa9c8 idx 0 fmt 1 regoff 0x0 n 66 (table contents not committed)
  load op 9f at 6962: addr 0x502dfabd8 idx 0 fmt 1 regoff 0x0 n 58 (table contents not committed)
  load op 9f at 7067: addr 0x502df8140 idx 0 fmt 1 regoff 0x0 n 66 (table contents not committed)
  load op 9f at 7172: addr 0x502df8350 idx 0 fmt 1 regoff 0x0 n 58 (table contents not committed)
  load op 9f at 7277: addr 0x502df8520 idx 0 fmt 1 regoff 0x0 n 130 (table contents not committed)
  load op 63 at 7282: addr 0x502dffe30 idx 0 fmt 1 regoff 0x0 n 18 (table contents not committed)
  load op 64 at 7287: addr 0x502e006b0 idx 0 fmt 1 regoff 0x0 n 3 (table contents not committed)
  load op 9f at 7414: addr 0x502df8930 idx 0 fmt 1 regoff 0x0 n 135 (table contents not committed)
  load op 63 at 7419: addr 0x502dffec0 idx 0 fmt 1 regoff 0x0 n 18 (table contents not committed)
  load op 64 at 7424: addr 0x502e006c8 idx 0 fmt 1 regoff 0x0 n 3 (table contents not committed)
  load op 63 at 8002: addr 0x502dfff50 idx 0 fmt 1 regoff 0x0 n 28 (table contents not committed)
  load op 64 at 8579: addr 0x502e006e0 idx 0 fmt 1 regoff 0x0 n 5 (table contents not committed)
  load op 9f at 8584: addr 0x502df8d68 idx 0 fmt 1 regoff 0x0 n 113 (table contents not committed)
  load op 9f at 8591: addr 0x502df68b8 idx 0 fmt 1 regoff 0x0 n 168 (table contents not committed)
submit #383 dcb 9089 dwords at 0x502702500: pass 563 rewrite 485 drop 413 unmapped 1 cc 8 mappings 1153 ... OK rc 0 21.89 ms
state stack #383: push 4 pop 4 conditional 1 unmatched 0; restored 3684 regs (+3748 dwords); tables 35, unreadable 0
pipestat #383 (9089 dwords): ia_verts 566 ia_prims 530 vs 566 gs_inv 530 gs_prims 0 c_inv 189 c_prims 88 ps 40284528 cs 10506241
map 0x335968000 +0x10000 ... ok
swapped pages taken as resident so far: 0
vmas 108 total 13075.0 MiB resident 3604.7 MiB mapped 3604.7 MiB
submit #384 acb 2 dwords at 0xfe003a200: pass 1 rewrite 0 drop 0 unmapped 0 cc 0 mappings 1154 ... OK rc 0 18.96 ms
cpu-wait WAIT_REG_MEM64 at 0 on 0x400202f80: satisfied after 0.0 ms
submit #385 cc 3 dwords at 0x313b17cf4: pass 0 rewrite 1 drop 0 unmapped 0 cc 1 mappings 1154 ... OK rc 0 18.29 ms
submit #386 acb 49 dwords at 0x4002a69dc: pass 2 rewrite 3 drop 3 unmapped 0 cc 0 mappings 1154 ... OK rc 0 18.51 ms
  load op 61 at 10: base 0xfe0008000 pairs (0x0,215) (0xd8,272) (0x1f5,4) (0x1ff,158) (0x2a0,2) (0x2a3,1) (0x2a5,66) (0x2f5,203)
  load op 5f at 29: base 0xfe0010000 pairs (0x1,1) (0x6,38) (0x32,4) (0x80,4) (0x87,37) (0xb2,4) (0xc8,2) (0x100,4) (0x107,37) (0x132,4) (0x148,2) (0x204,3) (0x20c,2) (0x212,2) (0x215,6) (0x224,5) (0x22a,1) (0x240,16) (0x27d,1) (0x280,1) (0x207,3)
  load op 5e at 74: base 0xfe0011000 pairs (0x35,8) (0xa2,1) (0x242,1) (0x248,1) (0x24a,2) (0x25b,6) (0x262,1) (0x2bb,5) (0x2c4,16) (0x2e4,8) (0x380,2) (0x383,2) (0x41d,3) (0x24d,1)
  load op 61 at 105: base 0xfe0008000 pairs (0x0,0)
  load op 5f at 110: base 0xfe0010000 pairs (0x0,0)
  load op 5e at 115: base 0xfe0011000 pairs (0x0,0)
  load op 61 at 125: base 0xfe0008000 pairs (0x0,0)
  load op 5f at 130: base 0xfe0010000 pairs (0x0,0)
  load op 5e at 135: base 0xfe0011000 pairs (0x0,0)
submit #387 hib 150 dwords at 0xfe0000000: pass 12 rewrite 2 drop 2 unmapped 0 cc 2 mappings 1154 ... OK rc 0 18.46 ms
submit #388 hib 2 dwords at 0xfe003a200: pass 1 rewrite 0 drop 0 unmapped 0 cc 0 mappings 1154 ... OK rc 0 18.55 ms
  load op 9f at 38: addr 0xfe0040068 idx 0 fmt 1 regoff 0x0 n 921 (table contents not committed)
  load op 63 at 43: addr 0xfe0042068 idx 0 fmt 1 regoff 0x0 n 174 (table contents not committed)
  load op 64 at 48: addr 0xfe00425d8 idx 0 fmt 1 regoff 0x0 n 49 (table contents not committed)
submit #389 dcb 96 dwords at 0xfe0042920: pass 20 rewrite 2 drop 2 unmapped 0 cc 0 mappings 1154 ... OK rc 0 18.34 ms
  load op 9f at 36: addr 0xfe0040068 idx 0 fmt 1 regoff 0x0 n 921 (table contents not committed)
  load op 63 at 41: addr 0xfe0042068 idx 0 fmt 1 regoff 0x0 n 174 (table contents not committed)
  load op 64 at 46: addr 0xfe00425d8 idx 0 fmt 1 regoff 0x0 n 57 (table contents not committed)
  load op 9f at 88: addr 0x504a01500 idx 0 fmt 1 regoff 0x0 n 136 (table contents not committed)
  load op 64 at 93: addr 0x504a00500 idx 0 fmt 1 regoff 0x0 n 3 (table contents not committed)
  load op 63 at 98: addr 0x5049ff500 idx 0 fmt 1 regoff 0x0 n 3 (table contents not committed)
  load op 9f at 1541: addr 0xfe0040068 idx 0 fmt 1 regoff 0x0 n 921 (table contents not committed)
  load op 9f at 1548: addr 0x504a01940 idx 0 fmt 1 regoff 0x0 n 70 (table contents not committed)
  load op 63 at 1553: addr 0x908e5ff90 idx 0 fmt 1 regoff 0x0 n 6 (table contents not committed)
  load op 9f at 1558: addr 0x908e5ffc0 idx 0 fmt 1 regoff 0x0 n 10 (table contents not committed)
  load op 63 at 1563: addr 0x908e5f7d0 idx 0 fmt 1 regoff 0x0 n 6 (table contents not committed)
  load op 9f at 1568: addr 0x908e5f800 idx 0 fmt 1 regoff 0x0 n 9 (table contents not committed)
  load op 64 at 1573: addr 0x504a00518 idx 0 fmt 1 regoff 0x0 n 5 (table contents not committed)
  load op 9f at 1691: addr 0x504a01b70 idx 0 fmt 1 regoff 0x0 n 131 (table contents not committed)
  load op 64 at 1698: addr 0x504a00540 idx 0 fmt 1 regoff 0x0 n 1 (table contents not committed)
  load op 9f at 1730: addr 0xfe0040068 idx 0 fmt 1 regoff 0x0 n 921 (table contents not committed)
  load op 9f at 1737: addr 0x504a01f88 idx 0 fmt 1 regoff 0x0 n 70 (table contents not committed)
  load op 63 at 1742: addr 0x908e5ff90 idx 0 fmt 1 regoff 0x0 n 6 (table contents not committed)
  load op 9f at 1747: addr 0x908e5ffc0 idx 0 fmt 1 regoff 0x0 n 10 (table contents not committed)
  load op 63 at 1752: addr 0x908e5f7d0 idx 0 fmt 1 regoff 0x0 n 6 (table contents not committed)
  load op 9f at 1757: addr 0x908e5f800 idx 0 fmt 1 regoff 0x0 n 9 (table contents not committed)
  load op 64 at 1762: addr 0x504a00548 idx 0 fmt 1 regoff 0x0 n 5 (table contents not committed)
  load op 63 at 1858: addr 0x5049ff518 idx 0 fmt 1 regoff 0x0 n 10 (table contents not committed)
  load op 63 at 2049: addr 0x5049ff568 idx 0 fmt 1 regoff 0x0 n 28 (table contents not committed)
  load op 64 at 2123: addr 0x504a00570 idx 0 fmt 1 regoff 0x0 n 5 (table contents not committed)
  load op 9f at 2130: addr 0x504a021b8 idx 0 fmt 1 regoff 0x0 n 96 (table contents not committed)
  load op 9f at 2135: addr 0x5049fe390 idx 0 fmt 1 regoff 0x0 n 194 (table contents not committed)
submit #390 dcb 2647 dwords at 0x504302500: pass 236 rewrite 123 drop 120 unmapped 0 cc 4 mappings 1154 ... OK rc 0 18.94 ms
state stack #390: push 2 pop 2 conditional 1 unmatched 0; restored 1842 regs (+1874 dwords); tables 13, unreadable 0
pipestat #390 (2647 dwords): ia_verts 9 ia_prims 3 vs 9 gs_inv 3 gs_prims 0 c_inv 3 c_prims 3 ps 6230016 cs 1554432
  load op 9f at 38: addr 0xfe0040068 idx 0 fmt 1 regoff 0x0 n 921 (table contents not committed)
  load op 63 at 43: addr 0xfe0042068 idx 0 fmt 1 regoff 0x0 n 174 (table contents not committed)
  load op 64 at 48: addr 0xfe00425d8 idx 0 fmt 1 regoff 0x0 n 57 (table contents not committed)
  load op 9f at 90: addr 0x506201500 idx 0 fmt 1 regoff 0x0 n 5 (table contents not committed)
  load op 64 at 95: addr 0x506200500 idx 0 fmt 1 regoff 0x0 n 2 (table contents not committed)
  load op 63 at 100: addr 0x5061ff500 idx 0 fmt 1 regoff 0x0 n 3 (table contents not committed)
submit #391 dcb 851 dwords at 0x505e02500: pass 47 rewrite 55 drop 45 unmapped 0 cc 0 mappings 1154 ... OK rc 0 18.61 ms
pipestat #391 (851 dwords): ia_verts 0 ia_prims 0 vs 0 gs_inv 0 gs_prims 0 c_inv 0 c_prims 0 ps 0 cs 229376
submit #392 acb 2 dwords at 0xfe003a200: pass 1 rewrite 0 drop 0 unmapped 0 cc 0 mappings 1154 ... OK rc 0 18.30 ms
cpu-wait WAIT_REG_MEM64 at 87 on 0x400203980: satisfied after 0.0 ms
  load op 9f at 35: addr 0xfe0040068 idx 0 fmt 1 regoff 0x0 n 921 (table contents not committed)
  load op 63 at 40: addr 0xfe0042068 idx 0 fmt 1 regoff 0x0 n 174 (table contents not committed)
  load op 64 at 45: addr 0xfe00425d8 idx 0 fmt 1 regoff 0x0 n 57 (table contents not committed)
  load op 9f at 87: addr 0x507401500 idx 0 fmt 1 regoff 0x0 n 136 (table contents not committed)
  load op 64 at 92: addr 0x507400500 idx 0 fmt 1 regoff 0x0 n 3 (table contents not committed)
  load op 63 at 97: addr 0x5073ff500 idx 0 fmt 1 regoff 0x0 n 3 (table contents not committed)
  load op 9f at 212: addr 0xfe0040068 idx 0 fmt 1 regoff 0x0 n 921 (table contents not committed)
  load op 9f at 219: addr 0x507401940 idx 0 fmt 1 regoff 0x0 n 70 (table contents not committed)
  load op 63 at 224: addr 0x908e5ff90 idx 0 fmt 1 regoff 0x0 n 6 (table contents not committed)
  load op 9f at 229: addr 0x908e5ffc0 idx 0 fmt 1 regoff 0x0 n 10 (table contents not committed)
  load op 63 at 234: addr 0x908e5f7d0 idx 0 fmt 1 regoff 0x0 n 6 (table contents not committed)
  load op 9f at 239: addr 0x908e5f800 idx 0 fmt 1 regoff 0x0 n 9 (table contents not committed)
  load op 64 at 244: addr 0x507400518 idx 0 fmt 1 regoff 0x0 n 5 (table contents not committed)
  load op 9f at 340: addr 0x507401b70 idx 0 fmt 1 regoff 0x0 n 131 (table contents not committed)
  load op 64 at 347: addr 0x507400540 idx 0 fmt 1 regoff 0x0 n 1 (table contents not committed)
  load op 9f at 379: addr 0xfe0040068 idx 0 fmt 1 regoff 0x0 n 921 (table contents not committed)
  load op 9f at 386: addr 0x507401f88 idx 0 fmt 1 regoff 0x0 n 70 (table contents not committed)
  load op 63 at 391: addr 0x908e5ff90 idx 0 fmt 1 regoff 0x0 n 6 (table contents not committed)
  load op 9f at 396: addr 0x908e5ffc0 idx 0 fmt 1 regoff 0x0 n 10 (table contents not committed)
  load op 63 at 401: addr 0x908e5f7d0 idx 0 fmt 1 regoff 0x0 n 6 (table contents not committed)
  load op 9f at 406: addr 0x908e5f800 idx 0 fmt 1 regoff 0x0 n 9 (table contents not committed)
  load op 64 at 411: addr 0x507400548 idx 0 fmt 1 regoff 0x0 n 5 (table contents not committed)
  load op 9f at 548: addr 0x5074021b8 idx 0 fmt 1 regoff 0x0 n 98 (table contents not committed)
  load op 64 at 555: addr 0x507400570 idx 0 fmt 1 regoff 0x0 n 1 (table contents not committed)
  load op 9f at 560: addr 0x5073fe500 idx 0 fmt 1 regoff 0x0 n 33 (table contents not committed)
  load op 9f at 592: addr 0xfe0040068 idx 0 fmt 1 regoff 0x0 n 921 (table contents not committed)
  load op 9f at 599: addr 0x5073fe608 idx 0 fmt 1 regoff 0x0 n 70 (table contents not committed)
  load op 63 at 604: addr 0x908e5ff90 idx 0 fmt 1 regoff 0x0 n 6 (table contents not committed)
  load op 9f at 609: addr 0x908e5ffc0 idx 0 fmt 1 regoff 0x0 n 10 (table contents not committed)
  load op 63 at 614: addr 0x908e5f7d0 idx 0 fmt 1 regoff 0x0 n 6 (table contents not committed)
  load op 9f at 619: addr 0x908e5f800 idx 0 fmt 1 regoff 0x0 n 9 (table contents not committed)
  load op 64 at 624: addr 0x507400578 idx 0 fmt 1 regoff 0x0 n 5 (table contents not committed)
submit #393 dcb 798 dwords at 0x506e02500: pass 103 rewrite 35 drop 22 unmapped 0 cc 6 mappings 1154 ... OK rc 0 18.95 ms
state stack #393: push 3 pop 3 conditional 1 unmatched 0; restored 2763 regs (+2811 dwords); tables 17, unreadable 0
pipestat #393 (798 dwords): ia_verts 9 ia_prims 3 vs 9 gs_inv 3 gs_prims 0 c_inv 3 c_prims 3 ps 0 cs 0
submit #394 acb 463 dwords at 0x400526840: pass 43 rewrite 11 drop 27 unmapped 0 cc 0 mappings 1154 ... OK rc 0 18.63 ms
acb head: 1287 of 1336 dwords go ahead of the wait at 1287 on 0x400203b80
  load op 9f at 36: addr 0xfe0040068 idx 0 fmt 1 regoff 0x0 n 921 (table contents not committed)
  load op 63 at 41: addr 0xfe0042068 idx 0 fmt 1 regoff 0x0 n 174 (table contents not committed)
  load op 64 at 46: addr 0xfe00425d8 idx 0 fmt 1 regoff 0x0 n 57 (table contents not committed)
  load op 9f at 88: addr 0x505601500 idx 0 fmt 1 regoff 0x0 n 5 (table contents not committed)
  load op 64 at 93: addr 0x505600500 idx 0 fmt 1 regoff 0x0 n 2 (table contents not committed)
  load op 63 at 98: addr 0x5055ff500 idx 0 fmt 1 regoff 0x0 n 3 (table contents not committed)
  load op 9f at 756: addr 0xfe0040068 idx 0 fmt 1 regoff 0x0 n 921 (table contents not committed)
  load op 9f at 763: addr 0x505601528 idx 0 fmt 1 regoff 0x0 n 74 (table contents not committed)
  load op 63 at 768: addr 0x908e5ff90 idx 0 fmt 1 regoff 0x0 n 6 (table contents not committed)
  load op 9f at 773: addr 0x908e5ffc0 idx 0 fmt 1 regoff 0x0 n 10 (table contents not committed)
  load op 64 at 778: addr 0x505600510 idx 0 fmt 1 regoff 0x0 n 5 (table contents not committed)
  load op 9f at 901: addr 0xfe0040068 idx 0 fmt 1 regoff 0x0 n 921 (table contents not committed)
  load op 9f at 908: addr 0x505601778 idx 0 fmt 1 regoff 0x0 n 74 (table contents not committed)
  load op 63 at 913: addr 0x908e5ff90 idx 0 fmt 1 regoff 0x0 n 6 (table contents not committed)
  load op 9f at 918: addr 0x908e5ffc0 idx 0 fmt 1 regoff 0x0 n 10 (table contents not committed)
  load op 64 at 923: addr 0x505600538 idx 0 fmt 1 regoff 0x0 n 5 (table contents not committed)
  load op 9f at 1046: addr 0xfe0040068 idx 0 fmt 1 regoff 0x0 n 921 (table contents not committed)
  load op 9f at 1053: addr 0x5056019c8 idx 0 fmt 1 regoff 0x0 n 74 (table contents not committed)
  load op 63 at 1058: addr 0x908e5ff90 idx 0 fmt 1 regoff 0x0 n 6 (table contents not committed)
  load op 9f at 1063: addr 0x908e5ffc0 idx 0 fmt 1 regoff 0x0 n 10 (table contents not committed)
  load op 64 at 1068: addr 0x505600560 idx 0 fmt 1 regoff 0x0 n 5 (table contents not committed)
submit #395 dcb 1248 dwords at 0x505202500: pass 151 rewrite 46 drop 45 unmapped 0 cc 6 mappings 1154 ... OK rc 0 18.64 ms
state stack #395: push 3 pop 3 conditional 1 unmatched 0; restored 2763 regs (+2811 dwords); tables 11, unreadable 0
pipestat #395 (1248 dwords): ia_verts 9 ia_prims 3 vs 9 gs_inv 3 gs_prims 0 c_inv 3 c_prims 3 ps 0 cs 36864
flip 1/1 buffer 0x5093f0000 +0x1fe0000: sum 0x17ea65194594 nonzero 8100/8160 pattern 0
  target CB0 0x507410000: distinct 53 min 0xc0000000 max 0xc340d034,   target CB0 0x507410000: nonzero 1024/1024
  target CB0 0x563800000: distinct 1 min 0x00000000 max 0x00000000,   target CB0 0x563800000: nonzero 0/1024
  target CB0 0x55c00d000: distinct 4 min 0x00000000 max 0xffffffff,   target CB0 0x55c00d000: nonzero 147/1024
  target CB0 0x5637f0000: distinct 1 min 0x00000000 max 0x00000000,   target CB0 0x5637f0000: nonzero 0/1024
  target CB0 0x5219a0000: distinct 1 min 0x38003800 max 0x38003800,   target CB0 0x5219a0000: nonzero 1024/1024
  target CB0 0x57136d000: distinct 14 min 0x00000000 max 0xffffffff,   target CB0 0x57136d000: nonzero 156/1024
  target DB_HTILE 0x51c5b0000: distinct 2 min 0x00000000 max 0xfffffff0,   target DB_HTILE 0x51c5b0000: nonzero 128/1024
  target DB_Z_READ 0x51a6d0000: distinct 1 min 0x3f800000 max 0x3f800000,   target DB_Z_READ 0x51a6d0000: nonzero 1024/1024
  target DB_STENCIL_READ 0x51bf30000: distinct 1 min 0x80800000 max 0x80800000,   target DB_STENCIL_READ 0x51bf30000: nonzero 1024/1024
  target CB0 0x512cf0000: distinct 1 min 0x00000000 max 0x00000000,   target CB0 0x512cf0000: nonzero 0/1024
  target CB0 0x5712c1000: distinct 15 min 0x00000000 max 0xffffffff,   target CB0 0x5712c1000: nonzero 244/1024
  target CB0 0x5712d1000: distinct 15 min 0x00000000 max 0xffffffff,   target CB0 0x5712d1000: nonzero 228/1024
  target CB0 0x517610000: distinct 1 min 0x00000000 max 0x00000000,   target CB0 0x517610000: nonzero 0/1024
  target CB0 0x571325000: distinct 14 min 0x00000000 max 0xffffffff,   target CB0 0x571325000: nonzero 172/1024
  target DB_HTILE 0x55c050000: distinct 3 min 0x00000000 max 0xffffffff,   target DB_HTILE 0x55c050000: nonzero 144/1024
  target DB_Z_READ 0x527430000: distinct 1 min 0xffffffff max 0xffffffff,   target DB_Z_READ 0x527430000: nonzero 1024/1024
submit #396 acb 1287 dwords at 0x400345640: pass 118 rewrite 35 drop 63 unmapped 0 cc 0 mappings 1154 ... OK rc 0 19.76 ms
cpu-wait WAIT_REG_MEM64 at 115 on 0x400203940: satisfied after 0.0 ms
cpu-wait WAIT_REG_MEM64 at 1629 on 0x4002039c0: satisfied after 0.0 ms
cpu-wait WAIT_REG_MEM64 at 8538 on 0x55d4d00b6e68: satisfied after 0.0 ms
  indirect op 16 at 1246: base 0x5074063c0 +0x0 -> 1 1 1 0 0
  indirect op 16 at 1278: base 0x5074063e0 +0x0 -> 1 1 1 0 0
  indirect op 16 at 1310: base 0x50740a520 +0x0 -> 1 1 1 0 0
  indirect op 16 at 1342: base 0x50740a540 +0x0 -> 1 1 1 0 0
  indirect op 25 at 4584: base 0x56ddaffa0 +0x0 -> 1 512 0 0 0
  load op 9f at 28: addr 0xfe0040068 idx 0 fmt 1 regoff 0x0 n 921 (table contents not committed)
  load op 63 at 33: addr 0xfe0042068 idx 0 fmt 1 regoff 0x0 n 174 (table contents not committed)
  load op 64 at 38: addr 0xfe00425d8 idx 0 fmt 1 regoff 0x0 n 57 (table contents not committed)
  load op 9f at 80: addr 0x503501500 idx 0 fmt 1 regoff 0x0 n 295 (table contents not committed)
  load op 64 at 85: addr 0x503500500 idx 0 fmt 1 regoff 0x0 n 7 (table contents not committed)
  load op 63 at 90: addr 0x5034ff500 idx 0 fmt 1 regoff 0x0 n 13 (table contents not committed)
  load op 63 at 342: addr 0x5034ff568 idx 0 fmt 1 regoff 0x0 n 10 (table contents not committed)
  load op 63 at 734: addr 0x5034ff5b8 idx 0 fmt 1 regoff 0x0 n 18 (table contents not committed)
  load op 63 at 1217: addr 0x5034ff648 idx 0 fmt 1 regoff 0x0 n 10 (table contents not committed)
  load op 63 at 1249: addr 0x5034ff698 idx 0 fmt 1 regoff 0x0 n 10 (table contents not committed)
  load op 63 at 1281: addr 0x5034ff6e8 idx 0 fmt 1 regoff 0x0 n 10 (table contents not committed)
  load op 63 at 1313: addr 0x5034ff738 idx 0 fmt 1 regoff 0x0 n 10 (table contents not committed)
  load op 9f at 1724: addr 0xfe0040068 idx 0 fmt 1 regoff 0x0 n 921 (table contents not committed)
  load op 9f at 1731: addr 0x503501e38 idx 0 fmt 1 regoff 0x0 n 74 (table contents not committed)
  load op 63 at 1736: addr 0x908e5ff90 idx 0 fmt 1 regoff 0x0 n 6 (table contents not committed)
  load op 9f at 1741: addr 0x908e5ffc0 idx 0 fmt 1 regoff 0x0 n 10 (table contents not committed)
  load op 64 at 1746: addr 0x503500538 idx 0 fmt 1 regoff 0x0 n 5 (table contents not committed)
  load op 9f at 1799: addr 0x503502088 idx 0 fmt 1 regoff 0x0 n 132 (table contents not committed)
  load op 63 at 1804: addr 0x5034ff788 idx 0 fmt 1 regoff 0x0 n 30 (table contents not committed)
  load op 64 at 1884: addr 0x503500560 idx 0 fmt 1 regoff 0x0 n 5 (table contents not committed)
  load op 9f at 1891: addr 0x5034fd440 idx 0 fmt 1 regoff 0x0 n 175 (table contents not committed)
  load op 63 at 2106: addr 0x5034ff878 idx 0 fmt 1 regoff 0x0 n 20 (table contents not committed)
  load op 9f at 3069: addr 0xfe0040068 idx 0 fmt 1 regoff 0x0 n 921 (table contents not committed)
  load op 9f at 3076: addr 0x5034fd9b8 idx 0 fmt 1 regoff 0x0 n 70 (table contents not committed)
  load op 63 at 3081: addr 0x908e5ff90 idx 0 fmt 1 regoff 0x0 n 6 (table contents not committed)
  load op 9f at 3086: addr 0x908e5ffc0 idx 0 fmt 1 regoff 0x0 n 10 (table contents not committed)
  load op 63 at 3091: addr 0x908e5f7d0 idx 0 fmt 1 regoff 0x0 n 6 (table contents not committed)
  load op 9f at 3096: addr 0x908e5f800 idx 0 fmt 1 regoff 0x0 n 9 (table contents not committed)
  load op 64 at 3101: addr 0x503500588 idx 0 fmt 1 regoff 0x0 n 5 (table contents not committed)
  load op 9f at 3140: addr 0x5034fdbe8 idx 0 fmt 1 regoff 0x0 n 19 (table contents not committed)
  load op 63 at 3145: addr 0x5034ff918 idx 0 fmt 1 regoff 0x0 n 12 (table contents not committed)
  load op 9f at 3268: addr 0xfe0040068 idx 0 fmt 1 regoff 0x0 n 921 (table contents not committed)
  load op 9f at 3275: addr 0x5034fdc80 idx 0 fmt 1 regoff 0x0 n 74 (table contents not committed)
  load op 63 at 3280: addr 0x908e5ff90 idx 0 fmt 1 regoff 0x0 n 6 (table contents not committed)
  load op 9f at 3285: addr 0x908e5ffc0 idx 0 fmt 1 regoff 0x0 n 10 (table contents not committed)
  load op 64 at 3290: addr 0x5035005b0 idx 0 fmt 1 regoff 0x0 n 5 (table contents not committed)
  load op 9f at 3329: addr 0x5034fded0 idx 0 fmt 1 regoff 0x0 n 166 (table contents not committed)
  load op 63 at 3334: addr 0x5034ff978 idx 0 fmt 1 regoff 0x0 n 30 (table contents not committed)
  load op 64 at 3430: addr 0x5035005d8 idx 0 fmt 1 regoff 0x0 n 5 (table contents not committed)
  load op 9f at 3437: addr 0x5034fc320 idx 0 fmt 1 regoff 0x0 n 135 (table contents not committed)
  load op 63 at 3675: addr 0x5034ffa68 idx 0 fmt 1 regoff 0x0 n 36 (table contents not committed)
  load op 64 at 4540: addr 0x503500600 idx 0 fmt 1 regoff 0x0 n 6 (table contents not committed)
  load op 9f at 4545: addr 0x5034fc758 idx 0 fmt 1 regoff 0x0 n 376 (table contents not committed)
  load op 9f at 4552: addr 0x5034fb118 idx 0 fmt 1 regoff 0x0 n 205 (table contents not committed)
  load op 9f at 4853: addr 0xfe0040068 idx 0 fmt 1 regoff 0x0 n 921 (table contents not committed)
  load op 9f at 4860: addr 0x5034fb780 idx 0 fmt 1 regoff 0x0 n 74 (table contents not committed)
  load op 63 at 4865: addr 0x908e5ff90 idx 0 fmt 1 regoff 0x0 n 6 (table contents not committed)
  load op 9f at 4870: addr 0x908e5ffc0 idx 0 fmt 1 regoff 0x0 n 10 (table contents not committed)
  load op 64 at 4875: addr 0x503500630 idx 0 fmt 1 regoff 0x0 n 5 (table contents not committed)
  load op 63 at 4914: addr 0x5034ffb88 idx 0 fmt 1 regoff 0x0 n 21 (table contents not committed)
  load op 9f at 4925: addr 0x5034fb9d0 idx 0 fmt 1 regoff 0x0 n 223 (table contents not committed)
  load op 63 at 5901: addr 0x5034ffc30 idx 0 fmt 1 regoff 0x0 n 10 (table contents not committed)
  load op 64 at 6381: addr 0x503500658 idx 0 fmt 1 regoff 0x0 n 5 (table contents not committed)
  load op 63 at 6388: addr 0x5034ffc80 idx 0 fmt 1 regoff 0x0 n 18 (table contents not committed)
  load op 9f at 6393: addr 0x5034f9dd0 idx 0 fmt 1 regoff 0x0 n 67 (table contents not committed)
  load op 9f at 6506: addr 0x5034f9fe8 idx 0 fmt 1 regoff 0x0 n 129 (table contents not committed)
  load op 63 at 6511: addr 0x5034ffd10 idx 0 fmt 1 regoff 0x0 n 18 (table contents not committed)
  load op 64 at 6516: addr 0x503500680 idx 0 fmt 1 regoff 0x0 n 3 (table contents not committed)
  load op 9f at 6629: addr 0x5034fa3f0 idx 0 fmt 1 regoff 0x0 n 129 (table contents not committed)
  load op 63 at 6634: addr 0x5034ffda0 idx 0 fmt 1 regoff 0x0 n 18 (table contents not committed)
  load op 64 at 6639: addr 0x503500698 idx 0 fmt 1 regoff 0x0 n 3 (table contents not committed)
  load op 9f at 6752: addr 0x5034fa7f8 idx 0 fmt 1 regoff 0x0 n 58 (table contents not committed)
  load op 9f at 6857: addr 0x5034fa9c8 idx 0 fmt 1 regoff 0x0 n 66 (table contents not committed)
  load op 9f at 6962: addr 0x5034fabd8 idx 0 fmt 1 regoff 0x0 n 58 (table contents not committed)
  load op 9f at 7067: addr 0x5034f8140 idx 0 fmt 1 regoff 0x0 n 66 (table contents not committed)
  load op 9f at 7172: addr 0x5034f8350 idx 0 fmt 1 regoff 0x0 n 58 (table contents not committed)
  load op 9f at 7277: addr 0x5034f8520 idx 0 fmt 1 regoff 0x0 n 130 (table contents not committed)
  load op 63 at 7282: addr 0x5034ffe30 idx 0 fmt 1 regoff 0x0 n 18 (table contents not committed)
  load op 64 at 7287: addr 0x5035006b0 idx 0 fmt 1 regoff 0x0 n 3 (table contents not committed)
  load op 9f at 7414: addr 0x5034f8930 idx 0 fmt 1 regoff 0x0 n 135 (table contents not committed)
  load op 63 at 7419: addr 0x5034ffec0 idx 0 fmt 1 regoff 0x0 n 18 (table contents not committed)
  load op 64 at 7424: addr 0x5035006c8 idx 0 fmt 1 regoff 0x0 n 3 (table contents not committed)
  load op 63 at 8002: addr 0x5034fff50 idx 0 fmt 1 regoff 0x0 n 28 (table contents not committed)
  load op 64 at 8579: addr 0x5035006e0 idx 0 fmt 1 regoff 0x0 n 5 (table contents not committed)
  load op 9f at 8584: addr 0x5034f8d68 idx 0 fmt 1 regoff 0x0 n 113 (table contents not committed)
  load op 9f at 8591: addr 0x5034f68b8 idx 0 fmt 1 regoff 0x0 n 168 (table contents not committed)
submit #397 dcb 9089 dwords at 0x502e02500: pass 563 rewrite 485 drop 413 unmapped 1 cc 8 mappings 1154 ... OK rc 0 21.90 ms
state stack #397: push 4 pop 4 conditional 1 unmatched 0; restored 3684 regs (+3748 dwords); tables 35, unreadable 0
pipestat #397 (9089 dwords): ia_verts 566 ia_prims 530 vs 566 gs_inv 530 gs_prims 0 c_inv 189 c_prims 88 ps 40284528 cs 10506241
submit #398 acb 2 dwords at 0xfe003a200: pass 1 rewrite 0 drop 0 unmapped 0 cc 0 mappings 1154 ... OK rc 0 18.75 ms
cpu-wait WAIT_REG_MEM64 at 0 on 0x400203b80: satisfied after 0.0 ms
submit #399 cc 3 dwords at 0x313b17cf4: pass 0 rewrite 1 drop 0 unmapped 0 cc 1 mappings 1154 ... OK rc 0 18.43 ms
submit #400 acb 49 dwords at 0x400346a5c: pass 2 rewrite 3 drop 3 unmapped 0 cc 0 mappings 1154 ... OK rc 0 19.99 ms
map 0x335978000 +0x10000 ... ok
map 0x335988000 +0x10000 ... ok
map 0x1120a50000 +0x50000 ... ok
swapped pages taken as resident so far: 0
vmas 108 total 13075.0 MiB resident 3605.1 MiB mapped 3605.2 MiB
  load op 61 at 10: base 0xfe0008000 pairs (0x0,215) (0xd8,272) (0x1f5,4) (0x1ff,158) (0x2a0,2) (0x2a3,1) (0x2a5,66) (0x2f5,203)
  load op 5f at 29: base 0xfe0010000 pairs (0x1,1) (0x6,38) (0x32,4) (0x80,4) (0x87,37) (0xb2,4) (0xc8,2) (0x100,4) (0x107,37) (0x132,4) (0x148,2) (0x204,3) (0x20c,2) (0x212,2) (0x215,6) (0x224,5) (0x22a,1) (0x240,16) (0x27d,1) (0x280,1) (0x207,3)
  load op 5e at 74: base 0xfe0011000 pairs (0x35,8) (0xa2,1) (0x242,1) (0x248,1) (0x24a,2) (0x25b,6) (0x262,1) (0x2bb,5) (0x2c4,16) (0x2e4,8) (0x380,2) (0x383,2) (0x41d,3) (0x24d,1)
  load op 61 at 105: base 0xfe0008000 pairs (0x0,0)
  load op 5f at 110: base 0xfe0010000 pairs (0x0,0)
  load op 5e at 115: base 0xfe0011000 pairs (0x0,0)
  load op 61 at 125: base 0xfe0008000 pairs (0x0,0)
  load op 5f at 130: base 0xfe0010000 pairs (0x0,0)
  load op 5e at 135: base 0xfe0011000 pairs (0x0,0)
submit #401 hib 150 dwords at 0xfe0000000: pass 12 rewrite 2 drop 2 unmapped 0 cc 2 mappings 1157 ... OK rc 0 18.56 ms
map 0x403a20000 +0x10000 ... ok
swapped pages taken as resident so far: 0
vmas 108 total 13075.0 MiB resident 3605.2 MiB mapped 3605.2 MiB
submit #402 hib 2 dwords at 0xfe003a200: pass 1 rewrite 0 drop 0 unmapped 0 cc 0 mappings 1158 ... OK rc 0 18.46 ms
  load op 9f at 38: addr 0xfe0040068 idx 0 fmt 1 regoff 0x0 n 921 (table contents not committed)
  load op 63 at 43: addr 0xfe0042068 idx 0 fmt 1 regoff 0x0 n 174 (table contents not committed)
  load op 64 at 48: addr 0xfe00425d8 idx 0 fmt 1 regoff 0x0 n 49 (table contents not committed)
submit #403 dcb 96 dwords at 0xfe0042920: pass 20 rewrite 2 drop 2 unmapped 0 cc 0 mappings 1158 ... OK rc 0 18.39 ms
  load op 9f at 36: addr 0xfe0040068 idx 0 fmt 1 regoff 0x0 n 921 (table contents not committed)
  load op 63 at 41: addr 0xfe0042068 idx 0 fmt 1 regoff 0x0 n 174 (table contents not committed)
  load op 64 at 46: addr 0xfe00425d8 idx 0 fmt 1 regoff 0x0 n 57 (table contents not committed)
  load op 9f at 88: addr 0x503c01500 idx 0 fmt 1 regoff 0x0 n 136 (table contents not committed)
  load op 64 at 93: addr 0x503c00500 idx 0 fmt 1 regoff 0x0 n 3 (table contents not committed)
  load op 63 at 98: addr 0x503bff500 idx 0 fmt 1 regoff 0x0 n 3 (table contents not committed)
  load op 9f at 1541: addr 0xfe0040068 idx 0 fmt 1 regoff 0x0 n 921 (table contents not committed)
  load op 9f at 1548: addr 0x503c01940 idx 0 fmt 1 regoff 0x0 n 70 (table contents not committed)
  load op 63 at 1553: addr 0x908e5ff90 idx 0 fmt 1 regoff 0x0 n 6 (table contents not committed)
  load op 9f at 1558: addr 0x908e5ffc0 idx 0 fmt 1 regoff 0x0 n 10 (table contents not committed)
  load op 63 at 1563: addr 0x908e5f7d0 idx 0 fmt 1 regoff 0x0 n 6 (table contents not committed)
  load op 9f at 1568: addr 0x908e5f800 idx 0 fmt 1 regoff 0x0 n 9 (table contents not committed)
  load op 64 at 1573: addr 0x503c00518 idx 0 fmt 1 regoff 0x0 n 5 (table contents not committed)
  load op 9f at 1691: addr 0x503c01b70 idx 0 fmt 1 regoff 0x0 n 131 (table contents not committed)
  load op 64 at 1698: addr 0x503c00540 idx 0 fmt 1 regoff 0x0 n 1 (table contents not committed)
  load op 9f at 1730: addr 0xfe0040068 idx 0 fmt 1 regoff 0x0 n 921 (table contents not committed)
  load op 9f at 1737: addr 0x503c01f88 idx 0 fmt 1 regoff 0x0 n 70 (table contents not committed)
  load op 63 at 1742: addr 0x908e5ff90 idx 0 fmt 1 regoff 0x0 n 6 (table contents not committed)
  load op 9f at 1747: addr 0x908e5ffc0 idx 0 fmt 1 regoff 0x0 n 10 (table contents not committed)
  load op 63 at 1752: addr 0x908e5f7d0 idx 0 fmt 1 regoff 0x0 n 6 (table contents not committed)
  load op 9f at 1757: addr 0x908e5f800 idx 0 fmt 1 regoff 0x0 n 9 (table contents not committed)
  load op 64 at 1762: addr 0x503c00548 idx 0 fmt 1 regoff 0x0 n 5 (table contents not committed)
  load op 63 at 1858: addr 0x503bff518 idx 0 fmt 1 regoff 0x0 n 10 (table contents not committed)
  load op 63 at 2049: addr 0x503bff568 idx 0 fmt 1 regoff 0x0 n 28 (table contents not committed)
  load op 64 at 2123: addr 0x503c00570 idx 0 fmt 1 regoff 0x0 n 5 (table contents not committed)
  load op 9f at 2130: addr 0x503c021b8 idx 0 fmt 1 regoff 0x0 n 96 (table contents not committed)
  load op 9f at 2135: addr 0x503bfe390 idx 0 fmt 1 regoff 0x0 n 194 (table contents not committed)
submit #404 dcb 2647 dwords at 0x503502500: pass 236 rewrite 123 drop 120 unmapped 0 cc 4 mappings 1158 ... OK rc 0 18.84 ms
state stack #404: push 2 pop 2 conditional 1 unmatched 0; restored 1842 regs (+1874 dwords); tables 13, unreadable 0
pipestat #404 (2647 dwords): ia_verts 9 ia_prims 3 vs 9 gs_inv 3 gs_prims 0 c_inv 3 c_prims 3 ps 6230016 cs 1554432
  load op 9f at 38: addr 0xfe0040068 idx 0 fmt 1 regoff 0x0 n 921 (table contents not committed)
  load op 63 at 43: addr 0xfe0042068 idx 0 fmt 1 regoff 0x0 n 174 (table contents not committed)
  load op 64 at 48: addr 0xfe00425d8 idx 0 fmt 1 regoff 0x0 n 57 (table contents not committed)
  load op 9f at 90: addr 0x505a01500 idx 0 fmt 1 regoff 0x0 n 5 (table contents not committed)
  load op 64 at 95: addr 0x505a00500 idx 0 fmt 1 regoff 0x0 n 2 (table contents not committed)
  load op 63 at 100: addr 0x5059ff500 idx 0 fmt 1 regoff 0x0 n 3 (table contents not committed)
submit #405 dcb 851 dwords at 0x505602500: pass 47 rewrite 55 drop 45 unmapped 0 cc 0 mappings 1158 ... OK rc 0 18.41 ms
pipestat #405 (851 dwords): ia_verts 0 ia_prims 0 vs 0 gs_inv 0 gs_prims 0 c_inv 0 c_prims 0 ps 0 cs 229376
submit #406 acb 2 dwords at 0xfe003a200: pass 1 rewrite 0 drop 0 unmapped 0 cc 0 mappings 1158 ... OK rc 0 18.35 ms
cpu-wait WAIT_REG_MEM64 at 87 on 0x400201a40: satisfied after 0.0 ms
  load op 9f at 35: addr 0xfe0040068 idx 0 fmt 1 regoff 0x0 n 921 (table contents not committed)
  load op 63 at 40: addr 0xfe0042068 idx 0 fmt 1 regoff 0x0 n 174 (table contents not committed)
  load op 64 at 45: addr 0xfe00425d8 idx 0 fmt 1 regoff 0x0 n 57 (table contents not committed)
  load op 9f at 87: addr 0x506801500 idx 0 fmt 1 regoff 0x0 n 136 (table contents not committed)
  load op 64 at 92: addr 0x506800500 idx 0 fmt 1 regoff 0x0 n 3 (table contents not committed)
  load op 63 at 97: addr 0x5067ff500 idx 0 fmt 1 regoff 0x0 n 3 (table contents not committed)
  load op 9f at 212: addr 0xfe0040068 idx 0 fmt 1 regoff 0x0 n 921 (table contents not committed)
  load op 9f at 219: addr 0x506801940 idx 0 fmt 1 regoff 0x0 n 70 (table contents not committed)
  load op 63 at 224: addr 0x908e5ff90 idx 0 fmt 1 regoff 0x0 n 6 (table contents not committed)
  load op 9f at 229: addr 0x908e5ffc0 idx 0 fmt 1 regoff 0x0 n 10 (table contents not committed)
  load op 63 at 234: addr 0x908e5f7d0 idx 0 fmt 1 regoff 0x0 n 6 (table contents not committed)
  load op 9f at 239: addr 0x908e5f800 idx 0 fmt 1 regoff 0x0 n 9 (table contents not committed)
  load op 64 at 244: addr 0x506800518 idx 0 fmt 1 regoff 0x0 n 5 (table contents not committed)
  load op 9f at 340: addr 0x506801b70 idx 0 fmt 1 regoff 0x0 n 131 (table contents not committed)
  load op 64 at 347: addr 0x506800540 idx 0 fmt 1 regoff 0x0 n 1 (table contents not committed)
  load op 9f at 379: addr 0xfe0040068 idx 0 fmt 1 regoff 0x0 n 921 (table contents not committed)
  load op 9f at 386: addr 0x506801f88 idx 0 fmt 1 regoff 0x0 n 70 (table contents not committed)
  load op 63 at 391: addr 0x908e5ff90 idx 0 fmt 1 regoff 0x0 n 6 (table contents not committed)
  load op 9f at 396: addr 0x908e5ffc0 idx 0 fmt 1 regoff 0x0 n 10 (table contents not committed)
  load op 63 at 401: addr 0x908e5f7d0 idx 0 fmt 1 regoff 0x0 n 6 (table contents not committed)
  load op 9f at 406: addr 0x908e5f800 idx 0 fmt 1 regoff 0x0 n 9 (table contents not committed)
  load op 64 at 411: addr 0x506800548 idx 0 fmt 1 regoff 0x0 n 5 (table contents not committed)
  load op 9f at 548: addr 0x5068021b8 idx 0 fmt 1 regoff 0x0 n 98 (table contents not committed)
  load op 64 at 555: addr 0x506800570 idx 0 fmt 1 regoff 0x0 n 1 (table contents not committed)
  load op 9f at 560: addr 0x5067fe500 idx 0 fmt 1 regoff 0x0 n 33 (table contents not committed)
  load op 9f at 592: addr 0xfe0040068 idx 0 fmt 1 regoff 0x0 n 921 (table contents not committed)
  load op 9f at 599: addr 0x5067fe608 idx 0 fmt 1 regoff 0x0 n 70 (table contents not committed)
  load op 63 at 604: addr 0x908e5ff90 idx 0 fmt 1 regoff 0x0 n 6 (table contents not committed)
  load op 9f at 609: addr 0x908e5ffc0 idx 0 fmt 1 regoff 0x0 n 10 (table contents not committed)
  load op 63 at 614: addr 0x908e5f7d0 idx 0 fmt 1 regoff 0x0 n 6 (table contents not committed)
  load op 9f at 619: addr 0x908e5f800 idx 0 fmt 1 regoff 0x0 n 9 (table contents not committed)
  load op 64 at 624: addr 0x506800578 idx 0 fmt 1 regoff 0x0 n 5 (table contents not committed)
submit #407 dcb 798 dwords at 0x506202500: pass 103 rewrite 35 drop 22 unmapped 0 cc 6 mappings 1158 ... OK rc 0 19.07 ms
state stack #407: push 3 pop 3 conditional 1 unmatched 0; restored 2763 regs (+2811 dwords); tables 17, unreadable 0
pipestat #407 (798 dwords): ia_verts 9 ia_prims 3 vs 9 gs_inv 3 gs_prims 0 c_inv 3 c_prims 3 ps 0 cs 0
submit #408 acb 463 dwords at 0x4003e6740: pass 43 rewrite 11 drop 27 unmapped 0 cc 0 mappings 1158 ... OK rc 0 18.69 ms
acb head: 1287 of 1336 dwords go ahead of the wait at 1287 on 0x400202380
  load op 9f at 36: addr 0xfe0040068 idx 0 fmt 1 regoff 0x0 n 921 (table contents not committed)
  load op 63 at 41: addr 0xfe0042068 idx 0 fmt 1 regoff 0x0 n 174 (table contents not committed)
  load op 64 at 46: addr 0xfe00425d8 idx 0 fmt 1 regoff 0x0 n 57 (table contents not committed)
  load op 9f at 88: addr 0x504e01500 idx 0 fmt 1 regoff 0x0 n 5 (table contents not committed)
  load op 64 at 93: addr 0x504e00500 idx 0 fmt 1 regoff 0x0 n 2 (table contents not committed)
  load op 63 at 98: addr 0x504dff500 idx 0 fmt 1 regoff 0x0 n 3 (table contents not committed)
  load op 9f at 756: addr 0xfe0040068 idx 0 fmt 1 regoff 0x0 n 921 (table contents not committed)
  load op 9f at 763: addr 0x504e01528 idx 0 fmt 1 regoff 0x0 n 74 (table contents not committed)
  load op 63 at 768: addr 0x908e5ff90 idx 0 fmt 1 regoff 0x0 n 6 (table contents not committed)
  load op 9f at 773: addr 0x908e5ffc0 idx 0 fmt 1 regoff 0x0 n 10 (table contents not committed)
  load op 64 at 778: addr 0x504e00510 idx 0 fmt 1 regoff 0x0 n 5 (table contents not committed)
  load op 9f at 901: addr 0xfe0040068 idx 0 fmt 1 regoff 0x0 n 921 (table contents not committed)
  load op 9f at 908: addr 0x504e01778 idx 0 fmt 1 regoff 0x0 n 74 (table contents not committed)
  load op 63 at 913: addr 0x908e5ff90 idx 0 fmt 1 regoff 0x0 n 6 (table contents not committed)
  load op 9f at 918: addr 0x908e5ffc0 idx 0 fmt 1 regoff 0x0 n 10 (table contents not committed)
  load op 64 at 923: addr 0x504e00538 idx 0 fmt 1 regoff 0x0 n 5 (table contents not committed)
  load op 9f at 1046: addr 0xfe0040068 idx 0 fmt 1 regoff 0x0 n 921 (table contents not committed)
  load op 9f at 1053: addr 0x504e019c8 idx 0 fmt 1 regoff 0x0 n 74 (table contents not committed)
  load op 63 at 1058: addr 0x908e5ff90 idx 0 fmt 1 regoff 0x0 n 6 (table contents not committed)
  load op 9f at 1063: addr 0x908e5ffc0 idx 0 fmt 1 regoff 0x0 n 10 (table contents not committed)
  load op 64 at 1068: addr 0x504e00560 idx 0 fmt 1 regoff 0x0 n 5 (table contents not committed)
submit #409 dcb 1248 dwords at 0x504a02500: pass 151 rewrite 46 drop 45 unmapped 0 cc 6 mappings 1158 ... OK rc 0 18.63 ms
state stack #409: push 3 pop 3 conditional 1 unmatched 0; restored 2763 regs (+2811 dwords); tables 11, unreadable 0
pipestat #409 (1248 dwords): ia_verts 9 ia_prims 3 vs 9 gs_inv 3 gs_prims 0 c_inv 3 c_prims 3 ps 0 cs 36864
flip 1/0 buffer 0x507410000 +0x1fe0000: sum 0x17ea65194594 nonzero 8100/8160 pattern 0
  target CB0 0x5093f0000: distinct 53 min 0xc0000000 max 0xc340d034,   target CB0 0x5093f0000: nonzero 1024/1024
  target CB0 0x563800000: distinct 1 min 0x00000000 max 0x00000000,   target CB0 0x563800000: nonzero 0/1024
  target CB0 0x55c00d000: distinct 4 min 0x00000000 max 0xffffffff,   target CB0 0x55c00d000: nonzero 147/1024
  target CB0 0x5637f0000: distinct 1 min 0x00000000 max 0x00000000,   target CB0 0x5637f0000: nonzero 0/1024
  target CB0 0x5219a0000: distinct 1 min 0x38003800 max 0x38003800,   target CB0 0x5219a0000: nonzero 1024/1024
  target CB0 0x57136d000: distinct 14 min 0x00000000 max 0xffffffff,   target CB0 0x57136d000: nonzero 156/1024
  target DB_HTILE 0x51c5b0000: distinct 2 min 0x00000000 max 0xfffffff0,   target DB_HTILE 0x51c5b0000: nonzero 128/1024
  target DB_Z_READ 0x51a6d0000: distinct 1 min 0x3f800000 max 0x3f800000,   target DB_Z_READ 0x51a6d0000: nonzero 1024/1024
  target DB_STENCIL_READ 0x51bf30000: distinct 1 min 0x80800000 max 0x80800000,   target DB_STENCIL_READ 0x51bf30000: nonzero 1024/1024
  target CB0 0x512cf0000: distinct 1 min 0x00000000 max 0x00000000,   target CB0 0x512cf0000: nonzero 0/1024
  target CB0 0x5712c1000: distinct 15 min 0x00000000 max 0xffffffff,   target CB0 0x5712c1000: nonzero 244/1024
  target CB0 0x5712d1000: distinct 15 min 0x00000000 max 0xffffffff,   target CB0 0x5712d1000: nonzero 228/1024
  target CB0 0x517610000: distinct 1 min 0x00000000 max 0x00000000,   target CB0 0x517610000: nonzero 0/1024
  target CB0 0x571325000: distinct 14 min 0x00000000 max 0xffffffff,   target CB0 0x571325000: nonzero 172/1024
  target DB_HTILE 0x55c050000: distinct 3 min 0x00000000 max 0xffffffff,   target DB_HTILE 0x55c050000: nonzero 144/1024
  target DB_Z_READ 0x527430000: distinct 1 min 0xffffffff max 0xffffffff,   target DB_Z_READ 0x527430000: nonzero 1024/1024
submit #410 acb 1287 dwords at 0x400205540: pass 118 rewrite 35 drop 63 unmapped 0 cc 0 mappings 1158 ... OK rc 0 19.45 ms
cpu-wait WAIT_REG_MEM64 at 115 on 0x400201d40: satisfied after 0.0 ms
cpu-wait WAIT_REG_MEM64 at 1629 on 0x400201840: satisfied after 0.0 ms
cpu-wait WAIT_REG_MEM64 at 8538 on 0x55d4d00b6e60: satisfied after 0.0 ms
  indirect op 16 at 1246: base 0x5074063c0 +0x0 -> 1 1 1 0 0
  indirect op 16 at 1278: base 0x5074063e0 +0x0 -> 1 1 1 0 0
  indirect op 16 at 1310: base 0x50740a520 +0x0 -> 1 1 1 0 0
  indirect op 16 at 1342: base 0x50740a540 +0x0 -> 1 1 1 0 0
  indirect op 25 at 4584: base 0x56ddaffa0 +0x0 -> 1 512 0 0 0
  load op 9f at 28: addr 0xfe0040068 idx 0 fmt 1 regoff 0x0 n 921 (table contents not committed)
  load op 63 at 33: addr 0xfe0042068 idx 0 fmt 1 regoff 0x0 n 174 (table contents not committed)
  load op 64 at 38: addr 0xfe00425d8 idx 0 fmt 1 regoff 0x0 n 57 (table contents not committed)
  load op 9f at 80: addr 0x502701500 idx 0 fmt 1 regoff 0x0 n 295 (table contents not committed)
  load op 64 at 85: addr 0x502700500 idx 0 fmt 1 regoff 0x0 n 7 (table contents not committed)
  load op 63 at 90: addr 0x5026ff500 idx 0 fmt 1 regoff 0x0 n 13 (table contents not committed)
  load op 63 at 342: addr 0x5026ff568 idx 0 fmt 1 regoff 0x0 n 10 (table contents not committed)
  load op 63 at 734: addr 0x5026ff5b8 idx 0 fmt 1 regoff 0x0 n 18 (table contents not committed)
  load op 63 at 1217: addr 0x5026ff648 idx 0 fmt 1 regoff 0x0 n 10 (table contents not committed)
  load op 63 at 1249: addr 0x5026ff698 idx 0 fmt 1 regoff 0x0 n 10 (table contents not committed)
  load op 63 at 1281: addr 0x5026ff6e8 idx 0 fmt 1 regoff 0x0 n 10 (table contents not committed)
  load op 63 at 1313: addr 0x5026ff738 idx 0 fmt 1 regoff 0x0 n 10 (table contents not committed)
  load op 9f at 1724: addr 0xfe0040068 idx 0 fmt 1 regoff 0x0 n 921 (table contents not committed)
  load op 9f at 1731: addr 0x502701e38 idx 0 fmt 1 regoff 0x0 n 74 (table contents not committed)
  load op 63 at 1736: addr 0x908e5ff90 idx 0 fmt 1 regoff 0x0 n 6 (table contents not committed)
  load op 9f at 1741: addr 0x908e5ffc0 idx 0 fmt 1 regoff 0x0 n 10 (table contents not committed)
  load op 64 at 1746: addr 0x502700538 idx 0 fmt 1 regoff 0x0 n 5 (table contents not committed)
  load op 9f at 1799: addr 0x502702088 idx 0 fmt 1 regoff 0x0 n 132 (table contents not committed)
  load op 63 at 1804: addr 0x5026ff788 idx 0 fmt 1 regoff 0x0 n 30 (table contents not committed)
  load op 64 at 1884: addr 0x502700560 idx 0 fmt 1 regoff 0x0 n 5 (table contents not committed)
  load op 9f at 1891: addr 0x5026fd440 idx 0 fmt 1 regoff 0x0 n 175 (table contents not committed)
  load op 63 at 2106: addr 0x5026ff878 idx 0 fmt 1 regoff 0x0 n 20 (table contents not committed)
  load op 9f at 3069: addr 0xfe0040068 idx 0 fmt 1 regoff 0x0 n 921 (table contents not committed)
  load op 9f at 3076: addr 0x5026fd9b8 idx 0 fmt 1 regoff 0x0 n 70 (table contents not committed)
  load op 63 at 3081: addr 0x908e5ff90 idx 0 fmt 1 regoff 0x0 n 6 (table contents not committed)
  load op 9f at 3086: addr 0x908e5ffc0 idx 0 fmt 1 regoff 0x0 n 10 (table contents not committed)
  load op 63 at 3091: addr 0x908e5f7d0 idx 0 fmt 1 regoff 0x0 n 6 (table contents not committed)
  load op 9f at 3096: addr 0x908e5f800 idx 0 fmt 1 regoff 0x0 n 9 (table contents not committed)
  load op 64 at 3101: addr 0x502700588 idx 0 fmt 1 regoff 0x0 n 5 (table contents not committed)
  load op 9f at 3140: addr 0x5026fdbe8 idx 0 fmt 1 regoff 0x0 n 19 (table contents not committed)
  load op 63 at 3145: addr 0x5026ff918 idx 0 fmt 1 regoff 0x0 n 12 (table contents not committed)
  load op 9f at 3268: addr 0xfe0040068 idx 0 fmt 1 regoff 0x0 n 921 (table contents not committed)
  load op 9f at 3275: addr 0x5026fdc80 idx 0 fmt 1 regoff 0x0 n 74 (table contents not committed)
  load op 63 at 3280: addr 0x908e5ff90 idx 0 fmt 1 regoff 0x0 n 6 (table contents not committed)
  load op 9f at 3285: addr 0x908e5ffc0 idx 0 fmt 1 regoff 0x0 n 10 (table contents not committed)
  load op 64 at 3290: addr 0x5027005b0 idx 0 fmt 1 regoff 0x0 n 5 (table contents not committed)
  load op 9f at 3329: addr 0x5026fded0 idx 0 fmt 1 regoff 0x0 n 166 (table contents not committed)
  load op 63 at 3334: addr 0x5026ff978 idx 0 fmt 1 regoff 0x0 n 30 (table contents not committed)
  load op 64 at 3430: addr 0x5027005d8 idx 0 fmt 1 regoff 0x0 n 5 (table contents not committed)
  load op 9f at 3437: addr 0x5026fc320 idx 0 fmt 1 regoff 0x0 n 135 (table contents not committed)
  load op 63 at 3675: addr 0x5026ffa68 idx 0 fmt 1 regoff 0x0 n 36 (table contents not committed)
  load op 64 at 4540: addr 0x502700600 idx 0 fmt 1 regoff 0x0 n 6 (table contents not committed)
  load op 9f at 4545: addr 0x5026fc758 idx 0 fmt 1 regoff 0x0 n 376 (table contents not committed)
  load op 9f at 4552: addr 0x5026fb118 idx 0 fmt 1 regoff 0x0 n 205 (table contents not committed)
  load op 9f at 4853: addr 0xfe0040068 idx 0 fmt 1 regoff 0x0 n 921 (table contents not committed)
  load op 9f at 4860: addr 0x5026fb780 idx 0 fmt 1 regoff 0x0 n 74 (table contents not committed)
  load op 63 at 4865: addr 0x908e5ff90 idx 0 fmt 1 regoff 0x0 n 6 (table contents not committed)
  load op 9f at 4870: addr 0x908e5ffc0 idx 0 fmt 1 regoff 0x0 n 10 (table contents not committed)
  load op 64 at 4875: addr 0x502700630 idx 0 fmt 1 regoff 0x0 n 5 (table contents not committed)
  load op 63 at 4914: addr 0x5026ffb88 idx 0 fmt 1 regoff 0x0 n 21 (table contents not committed)
  load op 9f at 4925: addr 0x5026fb9d0 idx 0 fmt 1 regoff 0x0 n 223 (table contents not committed)
  load op 63 at 5901: addr 0x5026ffc30 idx 0 fmt 1 regoff 0x0 n 10 (table contents not committed)
  load op 64 at 6381: addr 0x502700658 idx 0 fmt 1 regoff 0x0 n 5 (table contents not committed)
  load op 63 at 6388: addr 0x5026ffc80 idx 0 fmt 1 regoff 0x0 n 18 (table contents not committed)
  load op 9f at 6393: addr 0x5026f9dd0 idx 0 fmt 1 regoff 0x0 n 67 (table contents not committed)
  load op 9f at 6506: addr 0x5026f9fe8 idx 0 fmt 1 regoff 0x0 n 129 (table contents not committed)
  load op 63 at 6511: addr 0x5026ffd10 idx 0 fmt 1 regoff 0x0 n 18 (table contents not committed)
  load op 64 at 6516: addr 0x502700680 idx 0 fmt 1 regoff 0x0 n 3 (table contents not committed)
  load op 9f at 6629: addr 0x5026fa3f0 idx 0 fmt 1 regoff 0x0 n 129 (table contents not committed)
  load op 63 at 6634: addr 0x5026ffda0 idx 0 fmt 1 regoff 0x0 n 18 (table contents not committed)
  load op 64 at 6639: addr 0x502700698 idx 0 fmt 1 regoff 0x0 n 3 (table contents not committed)
  load op 9f at 6752: addr 0x5026fa7f8 idx 0 fmt 1 regoff 0x0 n 58 (table contents not committed)
  load op 9f at 6857: addr 0x5026fa9c8 idx 0 fmt 1 regoff 0x0 n 66 (table contents not committed)
  load op 9f at 6962: addr 0x5026fabd8 idx 0 fmt 1 regoff 0x0 n 58 (table contents not committed)
  load op 9f at 7067: addr 0x5026f8140 idx 0 fmt 1 regoff 0x0 n 66 (table contents not committed)
  load op 9f at 7172: addr 0x5026f8350 idx 0 fmt 1 regoff 0x0 n 58 (table contents not committed)
  load op 9f at 7277: addr 0x5026f8520 idx 0 fmt 1 regoff 0x0 n 130 (table contents not committed)
  load op 63 at 7282: addr 0x5026ffe30 idx 0 fmt 1 regoff 0x0 n 18 (table contents not committed)
  load op 64 at 7287: addr 0x5027006b0 idx 0 fmt 1 regoff 0x0 n 3 (table contents not committed)
  load op 9f at 7414: addr 0x5026f8930 idx 0 fmt 1 regoff 0x0 n 135 (table contents not committed)
  load op 63 at 7419: addr 0x5026ffec0 idx 0 fmt 1 regoff 0x0 n 18 (table contents not committed)
  load op 64 at 7424: addr 0x5027006c8 idx 0 fmt 1 regoff 0x0 n 3 (table contents not committed)
  load op 63 at 8002: addr 0x5026fff50 idx 0 fmt 1 regoff 0x0 n 28 (table contents not committed)
  load op 64 at 8579: addr 0x5027006e0 idx 0 fmt 1 regoff 0x0 n 5 (table contents not committed)
  load op 9f at 8584: addr 0x5026f8d68 idx 0 fmt 1 regoff 0x0 n 113 (table contents not committed)
  load op 9f at 8591: addr 0x5026f68b8 idx 0 fmt 1 regoff 0x0 n 168 (table contents not committed)
submit #411 dcb 9089 dwords at 0x502002500: pass 563 rewrite 485 drop 413 unmapped 1 cc 8 mappings 1158 ... OK rc 0 22.17 ms
state stack #411: push 4 pop 4 conditional 1 unmatched 0; restored 3684 regs (+3748 dwords); tables 35, unreadable 0
pipestat #411 (9089 dwords): ia_verts 566 ia_prims 530 vs 566 gs_inv 530 gs_prims 0 c_inv 189 c_prims 89 ps 40284528 cs 10506241
map 0x400330000 +0x10000 ... ok
swapped pages taken as resident so far: 0
vmas 108 total 13075.0 MiB resident 3605.2 MiB mapped 3605.3 MiB
submit #412 acb 2 dwords at 0xfe003a200: pass 1 rewrite 0 drop 0 unmapped 0 cc 0 mappings 1159 ... OK rc 0 18.74 ms
cpu-wait WAIT_REG_MEM64 at 0 on 0x400202380: satisfied after 0.0 ms
submit #413 cc 3 dwords at 0x313b17cf4: pass 0 rewrite 1 drop 0 unmapped 0 cc 1 mappings 1159 ... OK rc 0 18.68 ms
submit #414 acb 49 dwords at 0x40020695c: pass 2 rewrite 3 drop 3 unmapped 0 cc 0 mappings 1159 ... OK rc 0 18.88 ms
  load op 61 at 10: base 0xfe0008000 pairs (0x0,215) (0xd8,272) (0x1f5,4) (0x1ff,158) (0x2a0,2) (0x2a3,1) (0x2a5,66) (0x2f5,203)
  load op 5f at 29: base 0xfe0010000 pairs (0x1,1) (0x6,38) (0x32,4) (0x80,4) (0x87,37) (0xb2,4) (0xc8,2) (0x100,4) (0x107,37) (0x132,4) (0x148,2) (0x204,3) (0x20c,2) (0x212,2) (0x215,6) (0x224,5) (0x22a,1) (0x240,16) (0x27d,1) (0x280,1) (0x207,3)
  load op 5e at 74: base 0xfe0011000 pairs (0x35,8) (0xa2,1) (0x242,1) (0x248,1) (0x24a,2) (0x25b,6) (0x262,1) (0x2bb,5) (0x2c4,16) (0x2e4,8) (0x380,2) (0x383,2) (0x41d,3) (0x24d,1)
  load op 61 at 105: base 0xfe0008000 pairs (0x0,0)
  load op 5f at 110: base 0xfe0010000 pairs (0x0,0)
  load op 5e at 115: base 0xfe0011000 pairs (0x0,0)
  load op 61 at 125: base 0xfe0008000 pairs (0x0,0)
  load op 5f at 130: base 0xfe0010000 pairs (0x0,0)
  load op 5e at 135: base 0xfe0011000 pairs (0x0,0)
submit #415 hib 150 dwords at 0xfe0000000: pass 12 rewrite 2 drop 2 unmapped 0 cc 2 mappings 1159 ... OK rc 0 18.29 ms
submit #416 hib 2 dwords at 0xfe003a200: pass 1 rewrite 0 drop 0 unmapped 0 cc 0 mappings 1159 ... OK rc 0 18.43 ms
  load op 9f at 38: addr 0xfe0040068 idx 0 fmt 1 regoff 0x0 n 921 (table contents not committed)
  load op 63 at 43: addr 0xfe0042068 idx 0 fmt 1 regoff 0x0 n 174 (table contents not committed)
  load op 64 at 48: addr 0xfe00425d8 idx 0 fmt 1 regoff 0x0 n 49 (table contents not committed)
submit #417 dcb 96 dwords at 0xfe0042920: pass 20 rewrite 2 drop 2 unmapped 0 cc 0 mappings 1159 ... OK rc 0 18.60 ms
  load op 9f at 36: addr 0xfe0040068 idx 0 fmt 1 regoff 0x0 n 921 (table contents not committed)
  load op 63 at 41: addr 0xfe0042068 idx 0 fmt 1 regoff 0x0 n 174 (table contents not committed)
  load op 64 at 46: addr 0xfe00425d8 idx 0 fmt 1 regoff 0x0 n 57 (table contents not committed)
  load op 9f at 88: addr 0x504301500 idx 0 fmt 1 regoff 0x0 n 136 (table contents not committed)
  load op 64 at 93: addr 0x504300500 idx 0 fmt 1 regoff 0x0 n 3 (table contents not committed)
  load op 63 at 98: addr 0x5042ff500 idx 0 fmt 1 regoff 0x0 n 3 (table contents not committed)
  load op 9f at 1541: addr 0xfe0040068 idx 0 fmt 1 regoff 0x0 n 921 (table contents not committed)
  load op 9f at 1548: addr 0x504301940 idx 0 fmt 1 regoff 0x0 n 70 (table contents not committed)
  load op 63 at 1553: addr 0x908e5ff90 idx 0 fmt 1 regoff 0x0 n 6 (table contents not committed)
  load op 9f at 1558: addr 0x908e5ffc0 idx 0 fmt 1 regoff 0x0 n 10 (table contents not committed)
  load op 63 at 1563: addr 0x908e5f7d0 idx 0 fmt 1 regoff 0x0 n 6 (table contents not committed)
  load op 9f at 1568: addr 0x908e5f800 idx 0 fmt 1 regoff 0x0 n 9 (table contents not committed)
  load op 64 at 1573: addr 0x504300518 idx 0 fmt 1 regoff 0x0 n 5 (table contents not committed)
  load op 9f at 1691: addr 0x504301b70 idx 0 fmt 1 regoff 0x0 n 131 (table contents not committed)
  load op 64 at 1698: addr 0x504300540 idx 0 fmt 1 regoff 0x0 n 1 (table contents not committed)
  load op 9f at 1730: addr 0xfe0040068 idx 0 fmt 1 regoff 0x0 n 921 (table contents not committed)
  load op 9f at 1737: addr 0x504301f88 idx 0 fmt 1 regoff 0x0 n 70 (table contents not committed)
  load op 63 at 1742: addr 0x908e5ff90 idx 0 fmt 1 regoff 0x0 n 6 (table contents not committed)
  load op 9f at 1747: addr 0x908e5ffc0 idx 0 fmt 1 regoff 0x0 n 10 (table contents not committed)
  load op 63 at 1752: addr 0x908e5f7d0 idx 0 fmt 1 regoff 0x0 n 6 (table contents not committed)
  load op 9f at 1757: addr 0x908e5f800 idx 0 fmt 1 regoff 0x0 n 9 (table contents not committed)
  load op 64 at 1762: addr 0x504300548 idx 0 fmt 1 regoff 0x0 n 5 (table contents not committed)
  load op 63 at 1858: addr 0x5042ff518 idx 0 fmt 1 regoff 0x0 n 10 (table contents not committed)
  load op 63 at 2049: addr 0x5042ff568 idx 0 fmt 1 regoff 0x0 n 28 (table contents not committed)
  load op 64 at 2123: addr 0x504300570 idx 0 fmt 1 regoff 0x0 n 5 (table contents not committed)
  load op 9f at 2130: addr 0x5043021b8 idx 0 fmt 1 regoff 0x0 n 96 (table contents not committed)
  load op 9f at 2135: addr 0x5042fe390 idx 0 fmt 1 regoff 0x0 n 194 (table contents not committed)
submit #418 dcb 2647 dwords at 0x503c02500: pass 236 rewrite 123 drop 120 unmapped 0 cc 4 mappings 1159 ... OK rc 0 18.73 ms
state stack #418: push 2 pop 2 conditional 1 unmatched 0; restored 1842 regs (+1874 dwords); tables 13, unreadable 0
pipestat #418 (2647 dwords): ia_verts 9 ia_prims 3 vs 9 gs_inv 3 gs_prims 0 c_inv 3 c_prims 3 ps 6230016 cs 1554432
  load op 9f at 38: addr 0xfe0040068 idx 0 fmt 1 regoff 0x0 n 921 (table contents not committed)
  load op 63 at 43: addr 0xfe0042068 idx 0 fmt 1 regoff 0x0 n 174 (table contents not committed)
  load op 64 at 48: addr 0xfe00425d8 idx 0 fmt 1 regoff 0x0 n 57 (table contents not committed)
  load op 9f at 90: addr 0x505e01500 idx 0 fmt 1 regoff 0x0 n 5 (table contents not committed)
  load op 64 at 95: addr 0x505e00500 idx 0 fmt 1 regoff 0x0 n 2 (table contents not committed)
  load op 63 at 100: addr 0x505dff500 idx 0 fmt 1 regoff 0x0 n 3 (table contents not committed)
submit #419 dcb 851 dwords at 0x505a02500: pass 47 rewrite 55 drop 45 unmapped 0 cc 0 mappings 1159 ... OK rc 0 18.48 ms
pipestat #419 (851 dwords): ia_verts 0 ia_prims 0 vs 0 gs_inv 0 gs_prims 0 c_inv 0 c_prims 0 ps 0 cs 229376
submit #420 acb 2 dwords at 0xfe003a200: pass 1 rewrite 0 drop 0 unmapped 0 cc 0 mappings 1159 ... OK rc 0 18.37 ms
cpu-wait WAIT_REG_MEM64 at 87 on 0x400202d80: satisfied after 0.0 ms
  load op 9f at 35: addr 0xfe0040068 idx 0 fmt 1 regoff 0x0 n 921 (table contents not committed)
  load op 63 at 40: addr 0xfe0042068 idx 0 fmt 1 regoff 0x0 n 174 (table contents not committed)
  load op 64 at 45: addr 0xfe00425d8 idx 0 fmt 1 regoff 0x0 n 57 (table contents not committed)
  load op 9f at 87: addr 0x506e01500 idx 0 fmt 1 regoff 0x0 n 136 (table contents not committed)
  load op 64 at 92: addr 0x506e00500 idx 0 fmt 1 regoff 0x0 n 3 (table contents not committed)
  load op 63 at 97: addr 0x506dff500 idx 0 fmt 1 regoff 0x0 n 3 (table contents not committed)
  load op 9f at 212: addr 0xfe0040068 idx 0 fmt 1 regoff 0x0 n 921 (table contents not committed)
  load op 9f at 219: addr 0x506e01940 idx 0 fmt 1 regoff 0x0 n 70 (table contents not committed)
  load op 63 at 224: addr 0x908e5ff90 idx 0 fmt 1 regoff 0x0 n 6 (table contents not committed)
  load op 9f at 229: addr 0x908e5ffc0 idx 0 fmt 1 regoff 0x0 n 10 (table contents not committed)
  load op 63 at 234: addr 0x908e5f7d0 idx 0 fmt 1 regoff 0x0 n 6 (table contents not committed)
  load op 9f at 239: addr 0x908e5f800 idx 0 fmt 1 regoff 0x0 n 9 (table contents not committed)
  load op 64 at 244: addr 0x506e00518 idx 0 fmt 1 regoff 0x0 n 5 (table contents not committed)
  load op 9f at 340: addr 0x506e01b70 idx 0 fmt 1 regoff 0x0 n 131 (table contents not committed)
  load op 64 at 347: addr 0x506e00540 idx 0 fmt 1 regoff 0x0 n 1 (table contents not committed)
  load op 9f at 379: addr 0xfe0040068 idx 0 fmt 1 regoff 0x0 n 921 (table contents not committed)
  load op 9f at 386: addr 0x506e01f88 idx 0 fmt 1 regoff 0x0 n 70 (table contents not committed)
  load op 63 at 391: addr 0x908e5ff90 idx 0 fmt 1 regoff 0x0 n 6 (table contents not committed)
  load op 9f at 396: addr 0x908e5ffc0 idx 0 fmt 1 regoff 0x0 n 10 (table contents not committed)
  load op 63 at 401: addr 0x908e5f7d0 idx 0 fmt 1 regoff 0x0 n 6 (table contents not committed)
  load op 9f at 406: addr 0x908e5f800 idx 0 fmt 1 regoff 0x0 n 9 (table contents not committed)
  load op 64 at 411: addr 0x506e00548 idx 0 fmt 1 regoff 0x0 n 5 (table contents not committed)
  load op 9f at 548: addr 0x506e021b8 idx 0 fmt 1 regoff 0x0 n 98 (table contents not committed)
  load op 64 at 555: addr 0x506e00570 idx 0 fmt 1 regoff 0x0 n 1 (table contents not committed)
  load op 9f at 560: addr 0x506dfe500 idx 0 fmt 1 regoff 0x0 n 33 (table contents not committed)
  load op 9f at 592: addr 0xfe0040068 idx 0 fmt 1 regoff 0x0 n 921 (table contents not committed)
  load op 9f at 599: addr 0x506dfe608 idx 0 fmt 1 regoff 0x0 n 70 (table contents not committed)
  load op 63 at 604: addr 0x908e5ff90 idx 0 fmt 1 regoff 0x0 n 6 (table contents not committed)
  load op 9f at 609: addr 0x908e5ffc0 idx 0 fmt 1 regoff 0x0 n 10 (table contents not committed)
  load op 63 at 614: addr 0x908e5f7d0 idx 0 fmt 1 regoff 0x0 n 6 (table contents not committed)
  load op 9f at 619: addr 0x908e5f800 idx 0 fmt 1 regoff 0x0 n 9 (table contents not committed)
  load op 64 at 624: addr 0x506e00578 idx 0 fmt 1 regoff 0x0 n 5 (table contents not committed)
submit #421 dcb 798 dwords at 0x506802500: pass 103 rewrite 35 drop 22 unmapped 0 cc 6 mappings 1159 ... OK rc 0 19.41 ms
state stack #421: push 3 pop 3 conditional 1 unmatched 0; restored 2763 regs (+2811 dwords); tables 17, unreadable 0
pipestat #421 (798 dwords): ia_verts 9 ia_prims 3 vs 9 gs_inv 3 gs_prims 0 c_inv 3 c_prims 3 ps 0 cs 0
submit #422 acb 463 dwords at 0x4004867c0: pass 43 rewrite 11 drop 27 unmapped 0 cc 0 mappings 1159 ... OK rc 0 18.78 ms
acb head: 1287 of 1336 dwords go ahead of the wait at 1287 on 0x400202f80
  load op 9f at 36: addr 0xfe0040068 idx 0 fmt 1 regoff 0x0 n 921 (table contents not committed)
  load op 63 at 41: addr 0xfe0042068 idx 0 fmt 1 regoff 0x0 n 174 (table contents not committed)
  load op 64 at 46: addr 0xfe00425d8 idx 0 fmt 1 regoff 0x0 n 57 (table contents not committed)
  load op 9f at 88: addr 0x505201500 idx 0 fmt 1 regoff 0x0 n 5 (table contents not committed)
  load op 64 at 93: addr 0x505200500 idx 0 fmt 1 regoff 0x0 n 2 (table contents not committed)
  load op 63 at 98: addr 0x5051ff500 idx 0 fmt 1 regoff 0x0 n 3 (table contents not committed)
  load op 9f at 756: addr 0xfe0040068 idx 0 fmt 1 regoff 0x0 n 921 (table contents not committed)
  load op 9f at 763: addr 0x505201528 idx 0 fmt 1 regoff 0x0 n 74 (table contents not committed)
  load op 63 at 768: addr 0x908e5ff90 idx 0 fmt 1 regoff 0x0 n 6 (table contents not committed)
  load op 9f at 773: addr 0x908e5ffc0 idx 0 fmt 1 regoff 0x0 n 10 (table contents not committed)
  load op 64 at 778: addr 0x505200510 idx 0 fmt 1 regoff 0x0 n 5 (table contents not committed)
  load op 9f at 901: addr 0xfe0040068 idx 0 fmt 1 regoff 0x0 n 921 (table contents not committed)
  load op 9f at 908: addr 0x505201778 idx 0 fmt 1 regoff 0x0 n 74 (table contents not committed)
  load op 63 at 913: addr 0x908e5ff90 idx 0 fmt 1 regoff 0x0 n 6 (table contents not committed)
  load op 9f at 918: addr 0x908e5ffc0 idx 0 fmt 1 regoff 0x0 n 10 (table contents not committed)
  load op 64 at 923: addr 0x505200538 idx 0 fmt 1 regoff 0x0 n 5 (table contents not committed)
  load op 9f at 1046: addr 0xfe0040068 idx 0 fmt 1 regoff 0x0 n 921 (table contents not committed)
  load op 9f at 1053: addr 0x5052019c8 idx 0 fmt 1 regoff 0x0 n 74 (table contents not committed)
  load op 63 at 1058: addr 0x908e5ff90 idx 0 fmt 1 regoff 0x0 n 6 (table contents not committed)
  load op 9f at 1063: addr 0x908e5ffc0 idx 0 fmt 1 regoff 0x0 n 10 (table contents not committed)
  load op 64 at 1068: addr 0x505200560 idx 0 fmt 1 regoff 0x0 n 5 (table contents not committed)
submit #423 dcb 1248 dwords at 0x504e02500: pass 151 rewrite 46 drop 45 unmapped 0 cc 6 mappings 1159 ... OK rc 0 18.90 ms
state stack #423: push 3 pop 3 conditional 1 unmatched 0; restored 2763 regs (+2811 dwords); tables 11, unreadable 0
pipestat #423 (1248 dwords): ia_verts 9 ia_prims 3 vs 9 gs_inv 3 gs_prims 0 c_inv 3 c_prims 3 ps 0 cs 36864
flip 1/1 buffer 0x5093f0000 +0x1fe0000: sum 0x17ea65194594 nonzero 8100/8160 pattern 0
  target CB0 0x507410000: distinct 53 min 0xc0000000 max 0xc340d034,   target CB0 0x507410000: nonzero 1024/1024
  target CB0 0x563800000: distinct 1 min 0x00000000 max 0x00000000,   target CB0 0x563800000: nonzero 0/1024
  target CB0 0x55c00d000: distinct 4 min 0x00000000 max 0xffffffff,   target CB0 0x55c00d000: nonzero 147/1024
  target CB0 0x5637f0000: distinct 1 min 0x00000000 max 0x00000000,   target CB0 0x5637f0000: nonzero 0/1024
  target CB0 0x5219a0000: distinct 1 min 0x38003800 max 0x38003800,   target CB0 0x5219a0000: nonzero 1024/1024
  target CB0 0x57136d000: distinct 14 min 0x00000000 max 0xffffffff,   target CB0 0x57136d000: nonzero 156/1024
  target DB_HTILE 0x51c5b0000: distinct 2 min 0x00000000 max 0xfffffff0,   target DB_HTILE 0x51c5b0000: nonzero 128/1024
  target DB_Z_READ 0x51a6d0000: distinct 1 min 0x3f800000 max 0x3f800000,   target DB_Z_READ 0x51a6d0000: nonzero 1024/1024
  target DB_STENCIL_READ 0x51bf30000: distinct 1 min 0x80800000 max 0x80800000,   target DB_STENCIL_READ 0x51bf30000: nonzero 1024/1024
  target CB0 0x512cf0000: distinct 1 min 0x00000000 max 0x00000000,   target CB0 0x512cf0000: nonzero 0/1024
  target CB0 0x5712c1000: distinct 15 min 0x00000000 max 0xffffffff,   target CB0 0x5712c1000: nonzero 244/1024
  target CB0 0x5712d1000: distinct 15 min 0x00000000 max 0xffffffff,   target CB0 0x5712d1000: nonzero 228/1024
  target CB0 0x517610000: distinct 1 min 0x00000000 max 0x00000000,   target CB0 0x517610000: nonzero 0/1024
  target CB0 0x571325000: distinct 14 min 0x00000000 max 0xffffffff,   target CB0 0x571325000: nonzero 172/1024
  target DB_HTILE 0x55c050000: distinct 3 min 0x00000000 max 0xffffffff,   target DB_HTILE 0x55c050000: nonzero 144/1024
  target DB_Z_READ 0x527430000: distinct 1 min 0xffffffff max 0xffffffff,   target DB_Z_READ 0x527430000: nonzero 1024/1024
submit #424 acb 1287 dwords at 0x4002a55c0: pass 118 rewrite 35 drop 63 unmapped 0 cc 0 mappings 1159 ... OK rc 0 19.69 ms
cpu-wait WAIT_REG_MEM64 at 115 on 0x400202d40: satisfied after 0.0 ms
cpu-wait WAIT_REG_MEM64 at 1629 on 0x400202dc0: satisfied after 0.0 ms
cpu-wait WAIT_REG_MEM64 at 8538 on 0x55d4d00b6e68: satisfied after 0.0 ms
  indirect op 16 at 1246: base 0x5074063c0 +0x0 -> 1 1 1 0 0
  indirect op 16 at 1278: base 0x5074063e0 +0x0 -> 1 1 1 0 0
  indirect op 16 at 1310: base 0x50740a520 +0x0 -> 1 1 1 0 0
  indirect op 16 at 1342: base 0x50740a540 +0x0 -> 1 1 1 0 0
  indirect op 25 at 4584: base 0x56ddaffa0 +0x0 -> 1 512 0 0 0
  load op 9f at 28: addr 0xfe0040068 idx 0 fmt 1 regoff 0x0 n 921 (table contents not committed)
  load op 63 at 33: addr 0xfe0042068 idx 0 fmt 1 regoff 0x0 n 174 (table contents not committed)
  load op 64 at 38: addr 0xfe00425d8 idx 0 fmt 1 regoff 0x0 n 57 (table contents not committed)
  load op 9f at 80: addr 0x502e01500 idx 0 fmt 1 regoff 0x0 n 295 (table contents not committed)
  load op 64 at 85: addr 0x502e00500 idx 0 fmt 1 regoff 0x0 n 7 (table contents not committed)
  load op 63 at 90: addr 0x502dff500 idx 0 fmt 1 regoff 0x0 n 13 (table contents not committed)
  load op 63 at 342: addr 0x502dff568 idx 0 fmt 1 regoff 0x0 n 10 (table contents not committed)
  load op 63 at 734: addr 0x502dff5b8 idx 0 fmt 1 regoff 0x0 n 18 (table contents not committed)
  load op 63 at 1217: addr 0x502dff648 idx 0 fmt 1 regoff 0x0 n 10 (table contents not committed)
  load op 63 at 1249: addr 0x502dff698 idx 0 fmt 1 regoff 0x0 n 10 (table contents not committed)
  load op 63 at 1281: addr 0x502dff6e8 idx 0 fmt 1 regoff 0x0 n 10 (table contents not committed)
  load op 63 at 1313: addr 0x502dff738 idx 0 fmt 1 regoff 0x0 n 10 (table contents not committed)
  load op 9f at 1724: addr 0xfe0040068 idx 0 fmt 1 regoff 0x0 n 921 (table contents not committed)
  load op 9f at 1731: addr 0x502e01e38 idx 0 fmt 1 regoff 0x0 n 74 (table contents not committed)
  load op 63 at 1736: addr 0x908e5ff90 idx 0 fmt 1 regoff 0x0 n 6 (table contents not committed)
  load op 9f at 1741: addr 0x908e5ffc0 idx 0 fmt 1 regoff 0x0 n 10 (table contents not committed)
  load op 64 at 1746: addr 0x502e00538 idx 0 fmt 1 regoff 0x0 n 5 (table contents not committed)
  load op 9f at 1799: addr 0x502e02088 idx 0 fmt 1 regoff 0x0 n 132 (table contents not committed)
  load op 63 at 1804: addr 0x502dff788 idx 0 fmt 1 regoff 0x0 n 30 (table contents not committed)
  load op 64 at 1884: addr 0x502e00560 idx 0 fmt 1 regoff 0x0 n 5 (table contents not committed)
  load op 9f at 1891: addr 0x502dfd440 idx 0 fmt 1 regoff 0x0 n 175 (table contents not committed)
  load op 63 at 2106: addr 0x502dff878 idx 0 fmt 1 regoff 0x0 n 20 (table contents not committed)
  load op 9f at 3069: addr 0xfe0040068 idx 0 fmt 1 regoff 0x0 n 921 (table contents not committed)
  load op 9f at 3076: addr 0x502dfd9b8 idx 0 fmt 1 regoff 0x0 n 70 (table contents not committed)
  load op 63 at 3081: addr 0x908e5ff90 idx 0 fmt 1 regoff 0x0 n 6 (table contents not committed)
  load op 9f at 3086: addr 0x908e5ffc0 idx 0 fmt 1 regoff 0x0 n 10 (table contents not committed)
  load op 63 at 3091: addr 0x908e5f7d0 idx 0 fmt 1 regoff 0x0 n 6 (table contents not committed)
  load op 9f at 3096: addr 0x908e5f800 idx 0 fmt 1 regoff 0x0 n 9 (table contents not committed)
  load op 64 at 3101: addr 0x502e00588 idx 0 fmt 1 regoff 0x0 n 5 (table contents not committed)
  load op 9f at 3140: addr 0x502dfdbe8 idx 0 fmt 1 regoff 0x0 n 19 (table contents not committed)
  load op 63 at 3145: addr 0x502dff918 idx 0 fmt 1 regoff 0x0 n 12 (table contents not committed)
  load op 9f at 3268: addr 0xfe0040068 idx 0 fmt 1 regoff 0x0 n 921 (table contents not committed)
  load op 9f at 3275: addr 0x502dfdc80 idx 0 fmt 1 regoff 0x0 n 74 (table contents not committed)
  load op 63 at 3280: addr 0x908e5ff90 idx 0 fmt 1 regoff 0x0 n 6 (table contents not committed)
  load op 9f at 3285: addr 0x908e5ffc0 idx 0 fmt 1 regoff 0x0 n 10 (table contents not committed)
  load op 64 at 3290: addr 0x502e005b0 idx 0 fmt 1 regoff 0x0 n 5 (table contents not committed)
  load op 9f at 3329: addr 0x502dfded0 idx 0 fmt 1 regoff 0x0 n 166 (table contents not committed)
  load op 63 at 3334: addr 0x502dff978 idx 0 fmt 1 regoff 0x0 n 30 (table contents not committed)
  load op 64 at 3430: addr 0x502e005d8 idx 0 fmt 1 regoff 0x0 n 5 (table contents not committed)
  load op 9f at 3437: addr 0x502dfc320 idx 0 fmt 1 regoff 0x0 n 135 (table contents not committed)
  load op 63 at 3675: addr 0x502dffa68 idx 0 fmt 1 regoff 0x0 n 36 (table contents not committed)
  load op 64 at 4540: addr 0x502e00600 idx 0 fmt 1 regoff 0x0 n 6 (table contents not committed)
  load op 9f at 4545: addr 0x502dfc758 idx 0 fmt 1 regoff 0x0 n 376 (table contents not committed)
  load op 9f at 4552: addr 0x502dfb118 idx 0 fmt 1 regoff 0x0 n 205 (table contents not committed)
  load op 9f at 4853: addr 0xfe0040068 idx 0 fmt 1 regoff 0x0 n 921 (table contents not committed)
  load op 9f at 4860: addr 0x502dfb780 idx 0 fmt 1 regoff 0x0 n 74 (table contents not committed)
  load op 63 at 4865: addr 0x908e5ff90 idx 0 fmt 1 regoff 0x0 n 6 (table contents not committed)
  load op 9f at 4870: addr 0x908e5ffc0 idx 0 fmt 1 regoff 0x0 n 10 (table contents not committed)
  load op 64 at 4875: addr 0x502e00630 idx 0 fmt 1 regoff 0x0 n 5 (table contents not committed)
  load op 63 at 4914: addr 0x502dffb88 idx 0 fmt 1 regoff 0x0 n 21 (table contents not committed)
  load op 9f at 4925: addr 0x502dfb9d0 idx 0 fmt 1 regoff 0x0 n 223 (table contents not committed)
  load op 63 at 5901: addr 0x502dffc30 idx 0 fmt 1 regoff 0x0 n 10 (table contents not committed)
  load op 64 at 6381: addr 0x502e00658 idx 0 fmt 1 regoff 0x0 n 5 (table contents not committed)
  load op 63 at 6388: addr 0x502dffc80 idx 0 fmt 1 regoff 0x0 n 18 (table contents not committed)
  load op 9f at 6393: addr 0x502df9dd0 idx 0 fmt 1 regoff 0x0 n 67 (table contents not committed)
  load op 9f at 6506: addr 0x502df9fe8 idx 0 fmt 1 regoff 0x0 n 129 (table contents not committed)
  load op 63 at 6511: addr 0x502dffd10 idx 0 fmt 1 regoff 0x0 n 18 (table contents not committed)
  load op 64 at 6516: addr 0x502e00680 idx 0 fmt 1 regoff 0x0 n 3 (table contents not committed)
  load op 9f at 6629: addr 0x502dfa3f0 idx 0 fmt 1 regoff 0x0 n 129 (table contents not committed)
  load op 63 at 6634: addr 0x502dffda0 idx 0 fmt 1 regoff 0x0 n 18 (table contents not committed)
  load op 64 at 6639: addr 0x502e00698 idx 0 fmt 1 regoff 0x0 n 3 (table contents not committed)
  load op 9f at 6752: addr 0x502dfa7f8 idx 0 fmt 1 regoff 0x0 n 58 (table contents not committed)
  load op 9f at 6857: addr 0x502dfa9c8 idx 0 fmt 1 regoff 0x0 n 66 (table contents not committed)
  load op 9f at 6962: addr 0x502dfabd8 idx 0 fmt 1 regoff 0x0 n 58 (table contents not committed)
  load op 9f at 7067: addr 0x502df8140 idx 0 fmt 1 regoff 0x0 n 66 (table contents not committed)
  load op 9f at 7172: addr 0x502df8350 idx 0 fmt 1 regoff 0x0 n 58 (table contents not committed)
  load op 9f at 7277: addr 0x502df8520 idx 0 fmt 1 regoff 0x0 n 130 (table contents not committed)
  load op 63 at 7282: addr 0x502dffe30 idx 0 fmt 1 regoff 0x0 n 18 (table contents not committed)
  load op 64 at 7287: addr 0x502e006b0 idx 0 fmt 1 regoff 0x0 n 3 (table contents not committed)
  load op 9f at 7414: addr 0x502df8930 idx 0 fmt 1 regoff 0x0 n 135 (table contents not committed)
  load op 63 at 7419: addr 0x502dffec0 idx 0 fmt 1 regoff 0x0 n 18 (table contents not committed)
  load op 64 at 7424: addr 0x502e006c8 idx 0 fmt 1 regoff 0x0 n 3 (table contents not committed)
  load op 63 at 8002: addr 0x502dfff50 idx 0 fmt 1 regoff 0x0 n 28 (table contents not committed)
  load op 64 at 8579: addr 0x502e006e0 idx 0 fmt 1 regoff 0x0 n 5 (table contents not committed)
  load op 9f at 8584: addr 0x502df8d68 idx 0 fmt 1 regoff 0x0 n 113 (table contents not committed)
  load op 9f at 8591: addr 0x502df68b8 idx 0 fmt 1 regoff 0x0 n 168 (table contents not committed)
submit #425 dcb 9089 dwords at 0x502702500: pass 563 rewrite 485 drop 413 unmapped 1 cc 8 mappings 1159 ... OK rc 0 22.08 ms
state stack #425: push 4 pop 4 conditional 1 unmatched 0; restored 3684 regs (+3748 dwords); tables 35, unreadable 0
pipestat #425 (9089 dwords): ia_verts 566 ia_prims 530 vs 566 gs_inv 530 gs_prims 0 c_inv 189 c_prims 89 ps 40284528 cs 10506241
map 0x4003d0000 +0x10000 ... ok
swapped pages taken as resident so far: 0
vmas 108 total 13075.0 MiB resident 3605.3 MiB mapped 3605.4 MiB
submit #426 acb 2 dwords at 0xfe003a200: pass 1 rewrite 0 drop 0 unmapped 0 cc 0 mappings 1160 ... OK rc 0 18.35 ms
cpu-wait WAIT_REG_MEM64 at 0 on 0x400202f80: satisfied after 0.0 ms
submit #427 cc 3 dwords at 0x313b17cf4: pass 0 rewrite 1 drop 0 unmapped 0 cc 1 mappings 1160 ... OK rc 0 18.37 ms
submit #428 acb 49 dwords at 0x4002a69dc: pass 2 rewrite 3 drop 3 unmapped 0 cc 0 mappings 1160 ... OK rc 0 18.22 ms
  load op 61 at 10: base 0xfe0008000 pairs (0x0,215) (0xd8,272) (0x1f5,4) (0x1ff,158) (0x2a0,2) (0x2a3,1) (0x2a5,66) (0x2f5,203)
  load op 5f at 29: base 0xfe0010000 pairs (0x1,1) (0x6,38) (0x32,4) (0x80,4) (0x87,37) (0xb2,4) (0xc8,2) (0x100,4) (0x107,37) (0x132,4) (0x148,2) (0x204,3) (0x20c,2) (0x212,2) (0x215,6) (0x224,5) (0x22a,1) (0x240,16) (0x27d,1) (0x280,1) (0x207,3)
  load op 5e at 74: base 0xfe0011000 pairs (0x35,8) (0xa2,1) (0x242,1) (0x248,1) (0x24a,2) (0x25b,6) (0x262,1) (0x2bb,5) (0x2c4,16) (0x2e4,8) (0x380,2) (0x383,2) (0x41d,3) (0x24d,1)
  load op 61 at 105: base 0xfe0008000 pairs (0x0,0)
  load op 5f at 110: base 0xfe0010000 pairs (0x0,0)
  load op 5e at 115: base 0xfe0011000 pairs (0x0,0)
  load op 61 at 125: base 0xfe0008000 pairs (0x0,0)
  load op 5f at 130: base 0xfe0010000 pairs (0x0,0)
  load op 5e at 135: base 0xfe0011000 pairs (0x0,0)
submit #429 hib 150 dwords at 0xfe0000000: pass 12 rewrite 2 drop 2 unmapped 0 cc 2 mappings 1160 ... OK rc 0 18.27 ms
submit #430 hib 2 dwords at 0xfe003a200: pass 1 rewrite 0 drop 0 unmapped 0 cc 0 mappings 1160 ... OK rc 0 18.32 ms
  load op 9f at 38: addr 0xfe0040068 idx 0 fmt 1 regoff 0x0 n 921 (table contents not committed)
  load op 63 at 43: addr 0xfe0042068 idx 0 fmt 1 regoff 0x0 n 174 (table contents not committed)
  load op 64 at 48: addr 0xfe00425d8 idx 0 fmt 1 regoff 0x0 n 49 (table contents not committed)
submit #431 dcb 96 dwords at 0xfe0042920: pass 20 rewrite 2 drop 2 unmapped 0 cc 0 mappings 1160 ... OK rc 0 18.33 ms
hint CB0 0x53cc10000: window 0x53ac10000+0x4000000, mapped +0.0 MiB
hint CB0 0x571a64000: window 0x56fa60000+0x4000000, mapped +3.5 MiB
hint CB0 0x526bf0000: window 0x524bf0000+0x4000000, mapped +8.2 MiB
hint CB0 0x5719a8000: window 0x56f9a0000+0x4000000, mapped +0.0 MiB
hint DB_HTILE 0x5203a0000: window 0x51e3a0000+0x4000000, mapped +0.0 MiB
hint DB_Z_READ 0x51db50000: window 0x51bb50000+0x4000000, mapped +0.0 MiB
hint DB_STENCIL_READ 0x51fb30000: window 0x51db30000+0x4000000, mapped +0.0 MiB
  load op 9f at 36: addr 0xfe0040068 idx 0 fmt 1 regoff 0x0 n 921 (table contents not committed)
  load op 63 at 41: addr 0xfe0042068 idx 0 fmt 1 regoff 0x0 n 174 (table contents not committed)
  load op 64 at 46: addr 0xfe00425d8 idx 0 fmt 1 regoff 0x0 n 57 (table contents not committed)
  load op 9f at 88: addr 0x504a01500 idx 0 fmt 1 regoff 0x0 n 136 (table contents not committed)
  load op 64 at 93: addr 0x504a00500 idx 0 fmt 1 regoff 0x0 n 3 (table contents not committed)
  load op 63 at 98: addr 0x5049ff500 idx 0 fmt 1 regoff 0x0 n 3 (table contents not committed)
  load op 9f at 1460: addr 0xfe0040068 idx 0 fmt 1 regoff 0x0 n 921 (table contents not committed)
  load op 9f at 1467: addr 0x504a01940 idx 0 fmt 1 regoff 0x0 n 70 (table contents not committed)
  load op 63 at 1472: addr 0x908e5ff90 idx 0 fmt 1 regoff 0x0 n 6 (table contents not committed)
  load op 9f at 1477: addr 0x908e5ffc0 idx 0 fmt 1 regoff 0x0 n 10 (table contents not committed)
  load op 63 at 1482: addr 0x908e5f7d0 idx 0 fmt 1 regoff 0x0 n 6 (table contents not committed)
  load op 9f at 1487: addr 0x908e5f800 idx 0 fmt 1 regoff 0x0 n 9 (table contents not committed)
  load op 64 at 1492: addr 0x504a00518 idx 0 fmt 1 regoff 0x0 n 5 (table contents not committed)
  load op 9f at 1861: addr 0x504a01b70 idx 0 fmt 1 regoff 0x0 n 131 (table contents not committed)
  load op 64 at 1868: addr 0x504a00540 idx 0 fmt 1 regoff 0x0 n 1 (table contents not committed)
  load op 9f at 1900: addr 0xfe0040068 idx 0 fmt 1 regoff 0x0 n 921 (table contents not committed)
  load op 9f at 1907: addr 0x504a01f88 idx 0 fmt 1 regoff 0x0 n 70 (table contents not committed)
  load op 63 at 1912: addr 0x908e5ff90 idx 0 fmt 1 regoff 0x0 n 6 (table contents not committed)
  load op 9f at 1917: addr 0x908e5ffc0 idx 0 fmt 1 regoff 0x0 n 10 (table contents not committed)
  load op 63 at 1922: addr 0x908e5f7d0 idx 0 fmt 1 regoff 0x0 n 6 (table contents not committed)
  load op 9f at 1927: addr 0x908e5f800 idx 0 fmt 1 regoff 0x0 n 9 (table contents not committed)
  load op 64 at 1932: addr 0x504a00548 idx 0 fmt 1 regoff 0x0 n 5 (table contents not committed)
  load op 9f at 2050: addr 0x504a021b8 idx 0 fmt 1 regoff 0x0 n 98 (table contents not committed)
  load op 64 at 2057: addr 0x504a00570 idx 0 fmt 1 regoff 0x0 n 1 (table contents not committed)
  load op 9f at 2062: addr 0x5049fe500 idx 0 fmt 1 regoff 0x0 n 33 (table contents not committed)
  load op 9f at 2094: addr 0xfe0040068 idx 0 fmt 1 regoff 0x0 n 921 (table contents not committed)
  load op 9f at 2101: addr 0x5049fe608 idx 0 fmt 1 regoff 0x0 n 70 (table contents not committed)
  load op 63 at 2106: addr 0x908e5ff90 idx 0 fmt 1 regoff 0x0 n 6 (table contents not committed)
  load op 9f at 2111: addr 0x908e5ffc0 idx 0 fmt 1 regoff 0x0 n 10 (table contents not committed)
  load op 63 at 2116: addr 0x908e5f7d0 idx 0 fmt 1 regoff 0x0 n 6 (table contents not committed)
  load op 9f at 2121: addr 0x908e5f800 idx 0 fmt 1 regoff 0x0 n 9 (table contents not committed)
  load op 64 at 2126: addr 0x504a00578 idx 0 fmt 1 regoff 0x0 n 5 (table contents not committed)
  load op 63 at 2222: addr 0x5049ff518 idx 0 fmt 1 regoff 0x0 n 10 (table contents not committed)
  load op 63 at 2413: addr 0x5049ff568 idx 0 fmt 1 regoff 0x0 n 28 (table contents not committed)
  load op 64 at 2487: addr 0x504a005a0 idx 0 fmt 1 regoff 0x0 n 5 (table contents not committed)
  load op 9f at 2494: addr 0x5049fe838 idx 0 fmt 1 regoff 0x0 n 290 (table contents not committed)
submit #432 dcb 3006 dwords at 0x504302500: pass 293 rewrite 132 drop 126 unmapped 0 cc 6 mappings 1162 ... OK rc 0 18.92 ms
state stack #432: push 3 pop 3 conditional 1 unmatched 0; restored 2763 regs (+2811 dwords); tables 18, unreadable 0
pipestat #432 (3006 dwords): ia_verts 12 ia_prims 4 vs 12 gs_inv 4 gs_prims 0 c_inv 4 c_prims 4 ps 8294400 cs 1998336
  load op 9f at 38: addr 0xfe0040068 idx 0 fmt 1 regoff 0x0 n 921 (table contents not committed)
  load op 63 at 43: addr 0xfe0042068 idx 0 fmt 1 regoff 0x0 n 174 (table contents not committed)
  load op 64 at 48: addr 0xfe00425d8 idx 0 fmt 1 regoff 0x0 n 57 (table contents not committed)
  load op 9f at 90: addr 0x506201500 idx 0 fmt 1 regoff 0x0 n 5 (table contents not committed)
  load op 64 at 95: addr 0x506200500 idx 0 fmt 1 regoff 0x0 n 2 (table contents not committed)
  load op 63 at 100: addr 0x5061ff500 idx 0 fmt 1 regoff 0x0 n 3 (table contents not committed)
submit #433 dcb 851 dwords at 0x505e02500: pass 47 rewrite 55 drop 45 unmapped 0 cc 0 mappings 1162 ... FAILED rc 0 TIMEOUT 2046.91 ms
timeout: fault 0x524556000 status 0x00641051
learned: fault 0x524556000 -> region 0x522000000+0x6000000 (saved)
reopen: ok
map 0x200000000 +0x18000 ... ok
map 0x200018000 +0x60000 ... ok
map 0x2001e8000 +0xc000 ... ok
map 0x2001f4000 +0x4000 ... ok
map 0x2001f8000 +0x90000 ... ok
map 0x300000000 +0x934000 ... ok
map 0x300938000 +0x30000 ... ok
map 0x300a48000 +0x24000 ... ok
map 0x300a70000 +0x14000 ... ok
map 0x300c68000 +0x24000 ... ok
map 0x300e70000 +0x24000 ... ok
map 0x301078000 +0x24000 ... ok
map 0x301290000 +0x14000 ... ok
map 0x301488000 +0x24000 ... ok
map 0x301690000 +0x24000 ... ok
map 0x3018a8000 +0x14000 ... ok
map 0x301ab0000 +0xb0000 ... ok
map 0x301de0000 +0x460000 ... ok
map 0x3022b0000 +0x960000 ... ok
map 0x303530000 +0x30000 ... ok
map 0x303930000 +0x70000 ... ok
map 0x303b70000 +0x40000 ... ok
map 0x303bc0000 +0x30000 ... ok
map 0x303dc0000 +0x40000 ... ok
map 0x3041f0000 +0x20000 ... ok
map 0x3045f0000 +0x20000 ... ok
map 0x304a00000 +0x10000 ... ok
map 0x304e00000 +0x20000 ... ok
map 0x305210000 +0x10000 ... ok
map 0x305610000 +0x20000 ... ok
map 0x305a20000 +0x10000 ... ok
map 0x305e20000 +0x20000 ... ok
map 0x306230000 +0x20000 ... ok
map 0x306640000 +0x10000 ... ok
map 0x306a40000 +0x20000 ... ok
map 0x306e50000 +0x10000 ... ok
map 0x307250000 +0x20000 ... ok
map 0x307660000 +0x10000 ... ok
map 0x307a60000 +0xa70000 ... ok
map 0x308840000 +0x20000 ... ok
map 0x308870000 +0x40000 ... ok
map 0x308b20000 +0x450000 ... ok
map 0x30cb60000 +0x1b30000 ... ok
map 0x30e6a0000 +0x290000 ... ok
map 0x30e940000 +0x10000 ... ok
map 0x30ed40000 +0x20000 ... ok
map 0x30ed70000 +0x1250000 ... ok
map 0x30ffd0000 +0x290000 ... ok
map 0x310270000 +0x10000 ... ok
map 0x310670000 +0x10000 ... ok
map 0x310690000 +0x1100000 ... ok
map 0x311960000 +0x590000 ... ok
map 0x313010000 +0x30000 ... ok
map 0x313130000 +0x10000 ... ok
map 0x313220000 +0x10000 ... ok
map 0x3132a0000 +0x10000 ... ok
map 0x313320000 +0x10000 ... ok
map 0x3133a0000 +0x10000 ... ok
map 0x313420000 +0x10000 ... ok
map 0x3134a0000 +0x10000 ... ok
map 0x313520000 +0xcc000 ... ok
map 0x3135f0000 +0x14000 ... ok
map 0x313638000 +0x14000 ... ok
map 0x313650000 +0x20000 ... ok
map 0x313680000 +0x4000 ... ok
map 0x313688000 +0x14000 ... ok
map 0x3136a0000 +0x14000 ... ok
map 0x3136b8000 +0x14000 ... ok
map 0x3136d0000 +0x14000 ... ok
map 0x3136e8000 +0x14000 ... ok
map 0x313700000 +0x14000 ... ok
map 0x313b08000 +0x20000 ... ok
map 0x313b68000 +0x10000 ... ok
map 0x314368000 +0x4000 ... ok
map 0x314370000 +0x14000 ... ok
map 0x314388000 +0x1130000 ... ok
map 0x3154d8000 +0x10000 ... ok
map 0x315518000 +0x10000 ... ok
map 0x315558000 +0x10000 ... ok
map 0x315598000 +0x10000 ... ok
map 0x3155d8000 +0x10000 ... ok
map 0x315618000 +0x20000 ... ok
map 0x315668000 +0x12c000 ... ok
map 0x315b88000 +0x14000 ... ok
map 0x315f90000 +0x20000 ... ok
map 0x315fe0000 +0x4000 ... ok
map 0x315fe8000 +0xa9f8000 ... ok
map 0x320a14000 +0x30000 ... ok
map 0x321224000 +0x28000 ... ok
map 0x321280000 +0xcac000 ... ok
map 0x321f30000 +0x20d0000 ... ok
map 0x3240f0000 +0x3a0000 ... ok
map 0x324580000 +0x7c000 ... ok
map 0x324670000 +0x480000 ... ok
map 0x324be0000 +0x140000 ... ok
map 0x324d50000 +0x20000 ... ok
map 0x324da0000 +0x10000 ... ok
map 0x324de0000 +0x10000 ... ok
map 0x324e20000 +0x10000 ... ok
map 0x324e60000 +0x10000 ... ok
map 0x324ea0000 +0x10000 ... ok
map 0x324ee0000 +0xea0000 ... ok
map 0x325e50000 +0x20000 ... ok
map 0x325e80000 +0x130000 ... ok
map 0x326030000 +0x540000 ... ok
map 0x326650000 +0x10000 ... ok
map 0x326730000 +0x10000 ... ok
map 0x326820000 +0xa90000 ... ok
map 0x3273a0000 +0x140000 ... ok
map 0x327510000 +0xec0000 ... ok
map 0x328490000 +0x20000 ... ok
map 0x3284c0000 +0x130000 ... ok
map 0x328670000 +0x540000 ... ok
map 0x328c90000 +0x10000 ... ok
map 0x328d80000 +0x10000 ... ok
map 0x328e60000 +0xaa0000 ... ok
map 0x3299f0000 +0x140000 ... ok
map 0x329b60000 +0xeb0000 ... ok
map 0x32aae0000 +0x10000 ... ok
map 0x32ab10000 +0x130000 ... ok
map 0x32acc0000 +0x540000 ... ok
map 0x32b2d0000 +0x10000 ... ok
map 0x32b3c0000 +0x10000 ... ok
map 0x32b4b0000 +0xa90000 ... ok
map 0x32c030000 +0x140000 ... ok
map 0x32c1a0000 +0xec0000 ... ok
map 0x32d120000 +0x20000 ... ok
map 0x32d150000 +0x130000 ... ok
map 0x32d300000 +0x550000 ... ok
map 0x32d930000 +0x10000 ... ok
map 0x32da20000 +0x10000 ... ok
map 0x32db00000 +0xa80000 ... ok
map 0x32e670000 +0x140000 ... ok
map 0x32e7e0000 +0xeb0000 ... ok
map 0x32f760000 +0x10000 ... ok
map 0x32f790000 +0x130000 ... ok
map 0x32f940000 +0x540000 ... ok
map 0x32ff50000 +0x10000 ... ok
map 0x330040000 +0x10000 ... ok
map 0x330130000 +0x5204000 ... ok
map 0x335338000 +0x660000 ... ok
map 0x37dfd8000 +0x28000 ... ok
map 0x400000000 +0x10000 ... ok
map 0x400200000 +0x10000 ... ok
map 0x400280000 +0x10000 ... ok
map 0x4002a0000 +0x10000 ... ok
map 0x400320000 +0x30000 ... ok
map 0x4003c0000 +0x30000 ... ok
map 0x400460000 +0x10000 ... ok
map 0x400480000 +0x10000 ... ok
map 0x400500000 +0x10000 ... ok
map 0x400520000 +0x10000 ... ok
map 0x4005a0000 +0x10000 ... ok
map 0x4005c0000 +0x10000 ... ok
map 0x400640000 +0x10000 ... ok
map 0x400660000 +0x10000 ... ok
map 0x4006e0000 +0x10000 ... ok
map 0x400700000 +0x10000 ... ok
map 0x400780000 +0x10000 ... ok
map 0x4007a0000 +0x13c0000 ... ok
map 0x401b70000 +0x10000 ... ok
map 0x403670000 +0x3c0000 ... ok
map 0x40b7f0000 +0x10000 ... ok
map 0x500000000 +0x990000 ... ok
map 0x502000000 +0x10000 ... ok
map 0x5026f0000 +0x20000 ... ok
map 0x502df0000 +0x20000 ... ok
map 0x5034f0000 +0x20000 ... ok
map 0x503bf0000 +0x20000 ... ok
map 0x5042f0000 +0x20000 ... ok
map 0x5049f0000 +0x20000 ... ok
map 0x504df0000 +0x20000 ... ok
map 0x5051f0000 +0x20000 ... ok
map 0x505410000 +0x5fe0000 ... ok
map 0x50b430000 +0x10000 ... ok
map 0x50cc30000 +0x10000 ... ok
map 0x50e430000 +0x10000 ... ok
map 0x50e4a0000 +0x15500000 ... ok
map 0x524bf0000 +0x4840000 ... ok
map 0x52e000000 +0x6000000 ... ok
map 0x536000000 +0x10e90000 ... ok
map 0x54e000000 +0xa750000 ... ok
map 0x55a000000 +0x6000000 ... ok
map 0x5617f0000 +0x4010000 ... ok
map 0x56a050000 +0x9a10000 ... ok
map 0x579800000 +0x10000 ... ok
map 0x600000000 +0x10000 ... ok
map 0x607ff0000 +0x10000 ... ok
map 0x7e9a14000 +0x120000 ... ok
map 0x7e9b38000 +0x120000 ... ok
map 0x7e9c5c000 +0x120000 ... ok
map 0x7e9d80000 +0x120000 ... ok
map 0x7e9ea4000 +0x120000 ... ok
map 0x7e9fc8000 +0x120000 ... ok
map 0x7ea0ec000 +0x120000 ... ok
map 0x7ea210000 +0x120000 ... ok
map 0x7ea334000 +0x120000 ... ok
map 0x7ea458000 +0x120000 ... ok
map 0x7ea57c000 +0x120000 ... ok
map 0x7ea6a0000 +0x500000 ... ok
map 0x7eaba4000 +0x500000 ... ok
map 0x7eb0a8000 +0x500000 ... ok
map 0x7eb5ac000 +0x500000 ... ok
map 0x7ebab0000 +0x500000 ... ok
map 0x7ebfb4000 +0x500000 ... ok
map 0x7ec4b8000 +0x500000 ... ok
map 0x7ec9bc000 +0x500000 ... ok
map 0x7ecec0000 +0x500000 ... ok
map 0x7ed3c4000 +0x500000 ... ok
map 0x7ed8c8000 +0x500000 ... ok
map 0x7eddcc000 +0x200000 ... ok
map 0x7edfd0000 +0x200000 ... ok
map 0x7ee1d4000 +0x200000 ... ok
map 0x7ee3d8000 +0x120000 ... ok
map 0x7ee4fc000 +0x120000 ... ok
map 0x7ee620000 +0x120000 ... ok
map 0x7ee744000 +0x120000 ... ok
map 0x7ee868000 +0x120000 ... ok
map 0x7ee98c000 +0x120000 ... ok
map 0x7eeab0000 +0x120000 ... ok
map 0x7eebd4000 +0x200000 ... ok
map 0x7eedd8000 +0x200000 ... ok
map 0x7eefdc000 +0x200000 ... ok
map 0x7ef1e0000 +0x200000 ... ok
map 0x7ef3e4000 +0x200000 ... ok
map 0x7ef5e8000 +0x200000 ... ok
map 0x7ef7ec000 +0x200000 ... ok
map 0x7ef9f0000 +0x200000 ... ok
map 0x7efbf4000 +0x200000 ... ok
map 0x900000000 +0x74c0000 ... ok
map 0x9074c0000 +0x7970000 ... ok
map 0x90eea0000 +0x30000 ... ok
map 0x90f220000 +0x30000 ... ok
map 0x90f270000 +0x278000 ... ok
map 0x90f4e8000 +0xd30000 ... ok
map 0x920000000 +0xcc000 ... ok
map 0x9200cc000 +0x4c000 ... ok
map 0x920118000 +0x2c000 ... ok
map 0x930000000 +0x3f4000 ... ok
map 0x9303f4000 +0x194000 ... ok
map 0x930588000 +0x200000 ... ok
map 0x940000000 +0x18000 ... ok
map 0x940018000 +0x30000 ... ok
map 0x940048000 +0x10000 ... ok
map 0x950000000 +0xc000 ... ok
map 0x95000c000 +0x18000 ... ok
map 0x950024000 +0x4000 ... ok
map 0x960000000 +0x28000 ... ok
map 0x960028000 +0x20000 ... ok
map 0x971608000 +0x8000 ... ok
map 0x980000000 +0x4000 ... ok
map 0x980004000 +0x10000 ... ok
map 0x980084000 +0x8000 ... ok
map 0x990000000 +0x5c000 ... ok
map 0x99005c000 +0x114000 ... ok
map 0x990170000 +0x8000 ... ok
map 0xf00000000 +0x150000 ... ok
map 0xf01140000 +0x1d0000 ... ok
map 0xfe0000000 +0x204000 ... ok
map 0xfe0300000 +0x10000 ... ok
map 0xfe03b0000 +0x20000 ... ok
map 0x1000000000 +0xe750000 ... ok
map 0x1054e00000 +0x87f0000 ... ok
map 0x10ca020000 +0x4a0000 ... ok
map 0x10ea000000 +0x36aa0000 ... ok
swapped pages taken as resident so far: 0
vmas 108 total 13075.0 MiB resident 3617.1 MiB mapped 3617.1 MiB
learned 0x522000000: window 0x522000000+0x6000000, mapped +18.3 MiB
submit #434 acb 2 dwords at 0xfe003a200: pass 1 rewrite 0 drop 0 unmapped 0 cc 0 mappings 266 ... OK rc 0 35.55 ms
cpu-wait WAIT_REG_MEM64 at 87 on 0x400203980: satisfied after 0.0 ms
hint CB0 0x513bf0000: window 0x511bf0000+0x4000000, mapped +0.0 MiB
hint CB0 0x571867000: window 0x56f860000+0x4000000, mapped +0.0 MiB
hint CB0 0x57187b000: window 0x56f870000+0x4000000, mapped +0.0 MiB
hint CB0 0x519b90000: window 0x517b90000+0x4000000, mapped +0.0 MiB
hint CB0 0x5718eb000: window 0x56f8e0000+0x4000000, mapped +0.0 MiB
  load op 9f at 35: addr 0xfe0040068 idx 0 fmt 1 regoff 0x0 n 921 (table contents not committed)
  load op 63 at 40: addr 0xfe0042068 idx 0 fmt 1 regoff 0x0 n 174 (table contents not committed)
  load op 64 at 45: addr 0xfe00425d8 idx 0 fmt 1 regoff 0x0 n 57 (table contents not committed)
  load op 9f at 87: addr 0x507401500 idx 0 fmt 1 regoff 0x0 n 136 (table contents not committed)
  load op 64 at 92: addr 0x507400500 idx 0 fmt 1 regoff 0x0 n 3 (table contents not committed)
  load op 63 at 97: addr 0x5073ff500 idx 0 fmt 1 regoff 0x0 n 3 (table contents not committed)
  load op 9f at 212: addr 0xfe0040068 idx 0 fmt 1 regoff 0x0 n 921 (table contents not committed)
  load op 9f at 219: addr 0x507401940 idx 0 fmt 1 regoff 0x0 n 70 (table contents not committed)
  load op 63 at 224: addr 0x908e5ff90 idx 0 fmt 1 regoff 0x0 n 6 (table contents not committed)
  load op 9f at 229: addr 0x908e5ffc0 idx 0 fmt 1 regoff 0x0 n 10 (table contents not committed)
  load op 63 at 234: addr 0x908e5f7d0 idx 0 fmt 1 regoff 0x0 n 6 (table contents not committed)
  load op 9f at 239: addr 0x908e5f800 idx 0 fmt 1 regoff 0x0 n 9 (table contents not committed)
  load op 64 at 244: addr 0x507400518 idx 0 fmt 1 regoff 0x0 n 5 (table contents not committed)
  load op 9f at 340: addr 0x507401b70 idx 0 fmt 1 regoff 0x0 n 131 (table contents not committed)
  load op 64 at 347: addr 0x507400540 idx 0 fmt 1 regoff 0x0 n 1 (table contents not committed)
  load op 9f at 379: addr 0xfe0040068 idx 0 fmt 1 regoff 0x0 n 921 (table contents not committed)
  load op 9f at 386: addr 0x507401f88 idx 0 fmt 1 regoff 0x0 n 70 (table contents not committed)
  load op 63 at 391: addr 0x908e5ff90 idx 0 fmt 1 regoff 0x0 n 6 (table contents not committed)
  load op 9f at 396: addr 0x908e5ffc0 idx 0 fmt 1 regoff 0x0 n 10 (table contents not committed)
  load op 63 at 401: addr 0x908e5f7d0 idx 0 fmt 1 regoff 0x0 n 6 (table contents not committed)
  load op 9f at 406: addr 0x908e5f800 idx 0 fmt 1 regoff 0x0 n 9 (table contents not committed)
  load op 64 at 411: addr 0x507400548 idx 0 fmt 1 regoff 0x0 n 5 (table contents not committed)
  load op 9f at 548: addr 0x5074021b8 idx 0 fmt 1 regoff 0x0 n 98 (table contents not committed)
  load op 64 at 555: addr 0x507400570 idx 0 fmt 1 regoff 0x0 n 1 (table contents not committed)
  load op 9f at 560: addr 0x5073fe500 idx 0 fmt 1 regoff 0x0 n 33 (table contents not committed)
  load op 9f at 592: addr 0xfe0040068 idx 0 fmt 1 regoff 0x0 n 921 (table contents not committed)
  load op 9f at 599: addr 0x5073fe608 idx 0 fmt 1 regoff 0x0 n 70 (table contents not committed)
  load op 63 at 604: addr 0x908e5ff90 idx 0 fmt 1 regoff 0x0 n 6 (table contents not committed)
  load op 9f at 609: addr 0x908e5ffc0 idx 0 fmt 1 regoff 0x0 n 10 (table contents not committed)
  load op 63 at 614: addr 0x908e5f7d0 idx 0 fmt 1 regoff 0x0 n 6 (table contents not committed)
  load op 9f at 619: addr 0x908e5f800 idx 0 fmt 1 regoff 0x0 n 9 (table contents not committed)
  load op 64 at 624: addr 0x507400578 idx 0 fmt 1 regoff 0x0 n 5 (table contents not committed)
submit #435 dcb 798 dwords at 0x506e02500: pass 103 rewrite 35 drop 22 unmapped 0 cc 6 mappings 266 ... OK rc 0 435.26 ms
state stack #435: push 3 pop 3 conditional 1 unmatched 0; restored 2763 regs (+2811 dwords); tables 17, unreadable 0
pipestat #435 (798 dwords): ia_verts 9 ia_prims 3 vs 9 gs_inv 3 gs_prims 0 c_inv 3 c_prims 3 ps 0 cs 0
submit #436 acb 463 dwords at 0x400526840: pass 43 rewrite 11 drop 27 unmapped 0 cc 0 mappings 266 ... OK rc 0 17.29 ms
acb head: 1287 of 1336 dwords go ahead of the wait at 1287 on 0x400203b80
hint DB_HTILE 0x55c050000: window 0x55a050000+0x4000000, mapped +0.0 MiB
hint DB_Z_READ 0x527430000: window 0x525430000+0x4000000, mapped +0.0 MiB
  load op 9f at 36: addr 0xfe0040068 idx 0 fmt 1 regoff 0x0 n 921 (table contents not committed)
  load op 63 at 41: addr 0xfe0042068 idx 0 fmt 1 regoff 0x0 n 174 (table contents not committed)
  load op 64 at 46: addr 0xfe00425d8 idx 0 fmt 1 regoff 0x0 n 57 (table contents not committed)
  load op 9f at 88: addr 0x505601500 idx 0 fmt 1 regoff 0x0 n 5 (table contents not committed)
  load op 64 at 93: addr 0x505600500 idx 0 fmt 1 regoff 0x0 n 2 (table contents not committed)
  load op 63 at 98: addr 0x5055ff500 idx 0 fmt 1 regoff 0x0 n 3 (table contents not committed)
  load op 9f at 756: addr 0xfe0040068 idx 0 fmt 1 regoff 0x0 n 921 (table contents not committed)
  load op 9f at 763: addr 0x505601528 idx 0 fmt 1 regoff 0x0 n 74 (table contents not committed)
  load op 63 at 768: addr 0x908e5ff90 idx 0 fmt 1 regoff 0x0 n 6 (table contents not committed)
  load op 9f at 773: addr 0x908e5ffc0 idx 0 fmt 1 regoff 0x0 n 10 (table contents not committed)
  load op 64 at 778: addr 0x505600510 idx 0 fmt 1 regoff 0x0 n 5 (table contents not committed)
  load op 9f at 901: addr 0xfe0040068 idx 0 fmt 1 regoff 0x0 n 921 (table contents not committed)
  load op 9f at 908: addr 0x505601778 idx 0 fmt 1 regoff 0x0 n 74 (table contents not committed)
  load op 63 at 913: addr 0x908e5ff90 idx 0 fmt 1 regoff 0x0 n 6 (table contents not committed)
  load op 9f at 918: addr 0x908e5ffc0 idx 0 fmt 1 regoff 0x0 n 10 (table contents not committed)
  load op 64 at 923: addr 0x505600538 idx 0 fmt 1 regoff 0x0 n 5 (table contents not committed)
  load op 9f at 1046: addr 0xfe0040068 idx 0 fmt 1 regoff 0x0 n 921 (table contents not committed)
  load op 9f at 1053: addr 0x5056019c8 idx 0 fmt 1 regoff 0x0 n 74 (table contents not committed)
  load op 63 at 1058: addr 0x908e5ff90 idx 0 fmt 1 regoff 0x0 n 6 (table contents not committed)
  load op 9f at 1063: addr 0x908e5ffc0 idx 0 fmt 1 regoff 0x0 n 10 (table contents not committed)
  load op 64 at 1068: addr 0x505600560 idx 0 fmt 1 regoff 0x0 n 5 (table contents not committed)
submit #437 dcb 1248 dwords at 0x505202500: pass 151 rewrite 46 drop 45 unmapped 0 cc 6 mappings 266 ... OK rc 0 17.04 ms
state stack #437: push 3 pop 3 conditional 1 unmatched 0; restored 2763 regs (+2811 dwords); tables 11, unreadable 0
pipestat #437 (1248 dwords): ia_verts 9 ia_prims 3 vs 9 gs_inv 3 gs_prims 0 c_inv 3 c_prims 3 ps 0 cs 36864
flip 1/0 buffer 0x507410000 +0x1fe0000: sum 0x17ea65194594 nonzero 8100/8160 pattern 0
  target CB0 0x571a64000: distinct 12 min 0x00000000 max 0xffffffff,   target CB0 0x571a64000: nonzero 13/1024
  target CB0 0x563800000: distinct 1 min 0x00000000 max 0x00000000,   target CB0 0x563800000: nonzero 0/1024
  target CB0 0x55c00d000: distinct 4 min 0x00000000 max 0xffffffff,   target CB0 0x55c00d000: nonzero 147/1024
  target CB0 0x5637f0000: distinct 1 min 0x00000000 max 0x00000000,   target CB0 0x5637f0000: nonzero 0/1024
  target CB0 0x526bf0000: distinct 1 min 0x38003800 max 0x38003800,   target CB0 0x526bf0000: nonzero 1024/1024
  target CB0 0x5719a8000: distinct 12 min 0x00000000 max 0xffffffff,   target CB0 0x5719a8000: nonzero 15/1024
  target DB_HTILE 0x5203a0000: distinct 2 min 0x00000000 max 0xfffffff0,   target DB_HTILE 0x5203a0000: nonzero 160/1024
  target DB_Z_READ 0x51db50000: distinct 1 min 0x00000000 max 0x00000000,   target DB_Z_READ 0x51db50000: nonzero 0/1024
  target DB_STENCIL_READ 0x51fb30000: distinct 1 min 0x80800000 max 0x80800000,   target DB_STENCIL_READ 0x51fb30000: nonzero 1024/1024
  target CB0 0x513bf0000: distinct 1 min 0x00000000 max 0x00000000,   target CB0 0x513bf0000: nonzero 0/1024
  target CB0 0x571867000: distinct 14 min 0x00000000 max 0xffffffff,   target CB0 0x571867000: nonzero 128/1024
  target CB0 0x57187b000: distinct 14 min 0x00000000 max 0xffffffff,   target CB0 0x57187b000: nonzero 108/1024
  target CB0 0x519b90000: distinct 1 min 0x00000000 max 0x00000000,   target CB0 0x519b90000: nonzero 0/1024
  target CB0 0x5718eb000: distinct 13 min 0x00000000 max 0xffffffff,   target CB0 0x5718eb000: nonzero 36/1024
  target DB_HTILE 0x55c050000: distinct 3 min 0x00000000 max 0xffffffff,   target DB_HTILE 0x55c050000: nonzero 144/1024
  target DB_Z_READ 0x527430000: distinct 1 min 0xffffffff max 0xffffffff,   target DB_Z_READ 0x527430000: nonzero 1024/1024
submit #438 acb 1287 dwords at 0x400345640: pass 118 rewrite 35 drop 63 unmapped 0 cc 0 mappings 266 ... OK rc 0 18.70 ms
cpu-wait WAIT_REG_MEM64 at 115 on 0x400203940: satisfied after 0.0 ms
cpu-wait WAIT_REG_MEM64 at 1629 on 0x4002039c0: satisfied after 0.0 ms
cpu-wait WAIT_REG_MEM64 at 8472 on 0x55d4d00b6e60: satisfied after 0.0 ms
submit #439 acb 2 dwords at 0xfe003a200: pass 1 rewrite 0 drop 0 unmapped 0 cc 0 mappings 266 ... OK rc 0 16.82 ms
hint CB0 0x511c10000: window 0x50fc10000+0x4000000, mapped +0.0 MiB
hint CB0 0x57183f000: window 0x56f830000+0x4000000, mapped +0.0 MiB
hint DB_HTILE 0x5203a0000: window 0x51e3a0000+0x4000000, mapped +0.0 MiB
hint DB_Z_READ 0x51db50000: window 0x51bb50000+0x4000000, mapped +0.0 MiB
hint DB_STENCIL_READ 0x51fb30000: window 0x51db30000+0x4000000, mapped +0.0 MiB
hint CB0 0x520440000: window 0x51e440000+0x4000000, mapped +0.0 MiB
hint CB0 0x5718ff000: window 0x56f8f0000+0x4000000, mapped +0.0 MiB
hint CB0 0x542ab0000: window 0x540ab0000+0x4000000, mapped +0.0 MiB
hint CB0 0x571ace000: window 0x56fac0000+0x4000000, mapped +0.4 MiB
hint CB0 0x541010000: window 0x53f010000+0x4000000, mapped +0.0 MiB
hint CB0 0x571d2a000: window 0x56fd20000+0x4000000, mapped +2.4 MiB
hint CB0 0x542960000: window 0x540960000+0x4000000, mapped +0.0 MiB
hint CB0 0x571d42000: window 0x56fd40000+0x4000000, mapped +0.1 MiB
hint CB0 0x542be0000: window 0x540be0000+0x4000000, mapped +0.0 MiB
hint CB0 0x571a7d000: window 0x56fa70000+0x4000000, mapped +0.0 MiB
hint CB0 0x542ca0000: window 0x540ca0000+0x4000000, mapped +0.0 MiB
hint CB0 0x542d60000: window 0x540d60000+0x4000000, mapped +0.0 MiB
hint CB0 0x542da0000: window 0x540da0000+0x4000000, mapped +0.0 MiB
hint CB0 0x542de0000: window 0x540de0000+0x4000000, mapped +0.0 MiB
hint CB0 0x542df0000: window 0x540df0000+0x4000000, mapped +0.0 MiB
hint CB0 0x5420f0000: window 0x5400f0000+0x4000000, mapped +0.0 MiB
hint CB0 0x571d36000: window 0x56fd30000+0x4000000, mapped +0.0 MiB
hint CB0 0x507410000: window 0x505410000+0x4000000, mapped +0.0 MiB
  indirect op 16 at 1246: base 0x5074063c0 +0x0 -> 3344 1 1 0 0
  indirect op 16 at 1278: base 0x5074063e0 +0x0 -> 1 1 1 0 0
  indirect op 16 at 1310: base 0x50740a520 +0x0 -> 1 1 1 0 0
  indirect op 16 at 1342: base 0x50740a540 +0x0 -> 1 1 1 0 0
  indirect op 25 at 4584: base 0x56ddaffa0 +0x0 -> 1 512 0 0 0
  load op 9f at 28: addr 0xfe0040068 idx 0 fmt 1 regoff 0x0 n 921 (table contents not committed)
  load op 63 at 33: addr 0xfe0042068 idx 0 fmt 1 regoff 0x0 n 174 (table contents not committed)
  load op 64 at 38: addr 0xfe00425d8 idx 0 fmt 1 regoff 0x0 n 57 (table contents not committed)
  load op 9f at 80: addr 0x503501500 idx 0 fmt 1 regoff 0x0 n 295 (table contents not committed)
  load op 64 at 85: addr 0x503500500 idx 0 fmt 1 regoff 0x0 n 7 (table contents not committed)
  load op 63 at 90: addr 0x5034ff500 idx 0 fmt 1 regoff 0x0 n 13 (table contents not committed)
  load op 63 at 342: addr 0x5034ff568 idx 0 fmt 1 regoff 0x0 n 10 (table contents not committed)
  load op 63 at 734: addr 0x5034ff5b8 idx 0 fmt 1 regoff 0x0 n 18 (table contents not committed)
  load op 63 at 1217: addr 0x5034ff648 idx 0 fmt 1 regoff 0x0 n 10 (table contents not committed)
  load op 63 at 1249: addr 0x5034ff698 idx 0 fmt 1 regoff 0x0 n 10 (table contents not committed)
  load op 63 at 1281: addr 0x5034ff6e8 idx 0 fmt 1 regoff 0x0 n 10 (table contents not committed)
  load op 63 at 1313: addr 0x5034ff738 idx 0 fmt 1 regoff 0x0 n 10 (table contents not committed)
  load op 9f at 1724: addr 0xfe0040068 idx 0 fmt 1 regoff 0x0 n 921 (table contents not committed)
  load op 9f at 1731: addr 0x503501e38 idx 0 fmt 1 regoff 0x0 n 74 (table contents not committed)
  load op 63 at 1736: addr 0x908e5ff90 idx 0 fmt 1 regoff 0x0 n 6 (table contents not committed)
  load op 9f at 1741: addr 0x908e5ffc0 idx 0 fmt 1 regoff 0x0 n 10 (table contents not committed)
  load op 64 at 1746: addr 0x503500538 idx 0 fmt 1 regoff 0x0 n 5 (table contents not committed)
  load op 9f at 1799: addr 0x503502088 idx 0 fmt 1 regoff 0x0 n 132 (table contents not committed)
  load op 63 at 1804: addr 0x5034ff788 idx 0 fmt 1 regoff 0x0 n 30 (table contents not committed)
  load op 64 at 1884: addr 0x503500560 idx 0 fmt 1 regoff 0x0 n 5 (table contents not committed)
  load op 9f at 1891: addr 0x5034fd440 idx 0 fmt 1 regoff 0x0 n 175 (table contents not committed)
  load op 63 at 2106: addr 0x5034ff878 idx 0 fmt 1 regoff 0x0 n 20 (table contents not committed)
  load op 9f at 3069: addr 0xfe0040068 idx 0 fmt 1 regoff 0x0 n 921 (table contents not committed)
  load op 9f at 3076: addr 0x5034fd9b8 idx 0 fmt 1 regoff 0x0 n 70 (table contents not committed)
  load op 63 at 3081: addr 0x908e5ff90 idx 0 fmt 1 regoff 0x0 n 6 (table contents not committed)
  load op 9f at 3086: addr 0x908e5ffc0 idx 0 fmt 1 regoff 0x0 n 10 (table contents not committed)
  load op 63 at 3091: addr 0x908e5f7d0 idx 0 fmt 1 regoff 0x0 n 6 (table contents not committed)
  load op 9f at 3096: addr 0x908e5f800 idx 0 fmt 1 regoff 0x0 n 9 (table contents not committed)
  load op 64 at 3101: addr 0x503500588 idx 0 fmt 1 regoff 0x0 n 5 (table contents not committed)
  load op 9f at 3140: addr 0x5034fdbe8 idx 0 fmt 1 regoff 0x0 n 19 (table contents not committed)
  load op 63 at 3145: addr 0x5034ff918 idx 0 fmt 1 regoff 0x0 n 12 (table contents not committed)
  load op 9f at 3268: addr 0xfe0040068 idx 0 fmt 1 regoff 0x0 n 921 (table contents not committed)
  load op 9f at 3275: addr 0x5034fdc80 idx 0 fmt 1 regoff 0x0 n 74 (table contents not committed)
  load op 63 at 3280: addr 0x908e5ff90 idx 0 fmt 1 regoff 0x0 n 6 (table contents not committed)
  load op 9f at 3285: addr 0x908e5ffc0 idx 0 fmt 1 regoff 0x0 n 10 (table contents not committed)
  load op 64 at 3290: addr 0x5035005b0 idx 0 fmt 1 regoff 0x0 n 5 (table contents not committed)
  load op 9f at 3329: addr 0x5034fded0 idx 0 fmt 1 regoff 0x0 n 166 (table contents not committed)
  load op 63 at 3334: addr 0x5034ff978 idx 0 fmt 1 regoff 0x0 n 30 (table contents not committed)
  load op 64 at 3430: addr 0x5035005d8 idx 0 fmt 1 regoff 0x0 n 5 (table contents not committed)
  load op 9f at 3437: addr 0x5034fc320 idx 0 fmt 1 regoff 0x0 n 135 (table contents not committed)
  load op 63 at 3675: addr 0x5034ffa68 idx 0 fmt 1 regoff 0x0 n 36 (table contents not committed)
  load op 64 at 4540: addr 0x503500600 idx 0 fmt 1 regoff 0x0 n 6 (table contents not committed)
  load op 9f at 4545: addr 0x5034fc758 idx 0 fmt 1 regoff 0x0 n 376 (table contents not committed)
  load op 9f at 4552: addr 0x5034fb118 idx 0 fmt 1 regoff 0x0 n 205 (table contents not committed)
  load op 9f at 4853: addr 0xfe0040068 idx 0 fmt 1 regoff 0x0 n 921 (table contents not committed)
  load op 9f at 4860: addr 0x5034fb780 idx 0 fmt 1 regoff 0x0 n 74 (table contents not committed)
  load op 63 at 4865: addr 0x908e5ff90 idx 0 fmt 1 regoff 0x0 n 6 (table contents not committed)
  load op 9f at 4870: addr 0x908e5ffc0 idx 0 fmt 1 regoff 0x0 n 10 (table contents not committed)
  load op 64 at 4875: addr 0x503500630 idx 0 fmt 1 regoff 0x0 n 5 (table contents not committed)
  load op 63 at 4914: addr 0x5034ffb88 idx 0 fmt 1 regoff 0x0 n 21 (table contents not committed)
  load op 9f at 4925: addr 0x5034fb9d0 idx 0 fmt 1 regoff 0x0 n 223 (table contents not committed)
  load op 64 at 6315: addr 0x503500658 idx 0 fmt 1 regoff 0x0 n 5 (table contents not committed)
  load op 63 at 6322: addr 0x5034ffc30 idx 0 fmt 1 regoff 0x0 n 18 (table contents not committed)
  load op 9f at 6327: addr 0x5034f9e30 idx 0 fmt 1 regoff 0x0 n 67 (table contents not committed)
  load op 9f at 6440: addr 0x5034fa048 idx 0 fmt 1 regoff 0x0 n 129 (table contents not committed)
  load op 63 at 6445: addr 0x5034ffcc0 idx 0 fmt 1 regoff 0x0 n 18 (table contents not committed)
  load op 64 at 6450: addr 0x503500680 idx 0 fmt 1 regoff 0x0 n 3 (table contents not committed)
  load op 9f at 6563: addr 0x5034fa450 idx 0 fmt 1 regoff 0x0 n 129 (table contents not committed)
  load op 63 at 6568: addr 0x5034ffd50 idx 0 fmt 1 regoff 0x0 n 18 (table contents not committed)
  load op 64 at 6573: addr 0x503500698 idx 0 fmt 1 regoff 0x0 n 3 (table contents not committed)
  load op 9f at 6686: addr 0x5034fa858 idx 0 fmt 1 regoff 0x0 n 58 (table contents not committed)
  load op 9f at 6791: addr 0x5034faa28 idx 0 fmt 1 regoff 0x0 n 66 (table contents not committed)
  load op 9f at 6896: addr 0x5034fac38 idx 0 fmt 1 regoff 0x0 n 58 (table contents not committed)
  load op 9f at 7001: addr 0x5034f81a0 idx 0 fmt 1 regoff 0x0 n 66 (table contents not committed)
  load op 9f at 7106: addr 0x5034f83b0 idx 0 fmt 1 regoff 0x0 n 58 (table contents not committed)
  load op 9f at 7211: addr 0x5034f8580 idx 0 fmt 1 regoff 0x0 n 130 (table contents not committed)
  load op 63 at 7216: addr 0x5034ffde0 idx 0 fmt 1 regoff 0x0 n 18 (table contents not committed)
  load op 64 at 7221: addr 0x5035006b0 idx 0 fmt 1 regoff 0x0 n 3 (table contents not committed)
  load op 9f at 7348: addr 0x5034f8990 idx 0 fmt 1 regoff 0x0 n 135 (table contents not committed)
  load op 63 at 7353: addr 0x5034ffe70 idx 0 fmt 1 regoff 0x0 n 18 (table contents not committed)
  load op 64 at 7358: addr 0x5035006c8 idx 0 fmt 1 regoff 0x0 n 3 (table contents not committed)
  load op 63 at 7936: addr 0x5034fff00 idx 0 fmt 1 regoff 0x0 n 28 (table contents not committed)
  load op 64 at 8513: addr 0x5035006e0 idx 0 fmt 1 regoff 0x0 n 5 (table contents not committed)
  load op 9f at 8518: addr 0x5034f8dc8 idx 0 fmt 1 regoff 0x0 n 113 (table contents not committed)
  load op 9f at 8525: addr 0x5034f6918 idx 0 fmt 1 regoff 0x0 n 168 (table contents not committed)
submit #440 dcb 9023 dwords at 0x502e02500: pass 559 rewrite 484 drop 408 unmapped 1 cc 8 mappings 269 ... cpu-wait WAIT_REG_MEM64 at 0 on 0x400203b80: satisfied after 1175.8 ms
OK rc 0 20.30 ms
state stack #440: push 4 pop 4 conditional 1 unmatched 0; restored 3684 regs (+3748 dwords); tables 35, unreadable 0
pipestat #440 (9023 dwords): ia_verts 566 ia_prims 530 vs 566 gs_inv 530 gs_prims 0 c_inv 189 c_prims 20 ps 46477680 cs 11997953
map 0x400290000 +0x10000 ... ok
swapped pages taken as resident so far: 0
vmas 108 total 13075.0 MiB resident 3638.3 MiB mapped 3638.4 MiB
submit #441 acb 49 dwords at 0x400346a5c: pass 2 rewrite 3 drop 3 unmapped 0 cc 0 mappings 270 ... OK rc 0 17.12 ms
submit #442 cc 3 dwords at 0x313b17cf4: pass 0 rewrite 1 drop 0 unmapped 0 cc 1 mappings 270 ... OK rc 0 16.86 ms
  load op 61 at 10: base 0xfe0008000 pairs (0x0,215) (0xd8,272) (0x1f5,4) (0x1ff,158) (0x2a0,2) (0x2a3,1) (0x2a5,66) (0x2f5,203)
  load op 5f at 29: base 0xfe0010000 pairs (0x1,1) (0x6,38) (0x32,4) (0x80,4) (0x87,37) (0xb2,4) (0xc8,2) (0x100,4) (0x107,37) (0x132,4) (0x148,2) (0x204,3) (0x20c,2) (0x212,2) (0x215,6) (0x224,5) (0x22a,1) (0x240,16) (0x27d,1) (0x280,1) (0x207,3)
  load op 5e at 74: base 0xfe0011000 pairs (0x35,8) (0xa2,1) (0x242,1) (0x248,1) (0x24a,2) (0x25b,6) (0x262,1) (0x2bb,5) (0x2c4,16) (0x2e4,8) (0x380,2) (0x383,2) (0x41d,3) (0x24d,1)
  load op 61 at 105: base 0xfe0008000 pairs (0x0,0)
  load op 5f at 110: base 0xfe0010000 pairs (0x0,0)
  load op 5e at 115: base 0xfe0011000 pairs (0x0,0)
  load op 61 at 125: base 0xfe0008000 pairs (0x0,0)
  load op 5f at 130: base 0xfe0010000 pairs (0x0,0)
  load op 5e at 135: base 0xfe0011000 pairs (0x0,0)
submit #443 hib 150 dwords at 0xfe0000000: pass 12 rewrite 2 drop 2 unmapped 0 cc 2 mappings 270 ... OK rc 0 16.71 ms
map 0x335998000 +0x10000 ... ok
map 0x3359a8000 +0x10000 ... ok
map 0x100e750000 +0x90000 ... ok
map 0x1120aa0000 +0x390000 ... ok
swapped pages taken as resident so far: 0
vmas 108 total 13075.0 MiB resident 3642.5 MiB mapped 3642.6 MiB
submit #444 hib 2 dwords at 0xfe003a200: pass 1 rewrite 0 drop 0 unmapped 0 cc 0 mappings 274 ... OK rc 0 16.78 ms
  load op 9f at 38: addr 0xfe0040068 idx 0 fmt 1 regoff 0x0 n 921 (table contents not committed)
  load op 63 at 43: addr 0xfe0042068 idx 0 fmt 1 regoff 0x0 n 174 (table contents not committed)
  load op 64 at 48: addr 0xfe00425d8 idx 0 fmt 1 regoff 0x0 n 49 (table contents not committed)
submit #445 dcb 96 dwords at 0xfe0042920: pass 20 rewrite 2 drop 2 unmapped 0 cc 0 mappings 274 ... OK rc 0 16.73 ms
hint CB0 0x563800000: window 0x561800000+0x4000000, mapped +0.0 MiB
hint CB0 0x55c00d000: window 0x55a000000+0x4000000, mapped +0.0 MiB
hint CB0 0x5637f0000: window 0x5617f0000+0x4000000, mapped +0.0 MiB
hint CB0 0x526bf0000: window 0x524bf0000+0x4000000, mapped +0.0 MiB
hint CB0 0x5719a8000: window 0x56f9a0000+0x4000000, mapped +0.0 MiB
  load op 9f at 36: addr 0xfe0040068 idx 0 fmt 1 regoff 0x0 n 921 (table contents not committed)
  load op 63 at 41: addr 0xfe0042068 idx 0 fmt 1 regoff 0x0 n 174 (table contents not committed)
  load op 64 at 46: addr 0xfe00425d8 idx 0 fmt 1 regoff 0x0 n 57 (table contents not committed)
  load op 9f at 88: addr 0x503c01500 idx 0 fmt 1 regoff 0x0 n 136 (table contents not committed)
  load op 64 at 93: addr 0x503c00500 idx 0 fmt 1 regoff 0x0 n 3 (table contents not committed)
  load op 63 at 98: addr 0x503bff500 idx 0 fmt 1 regoff 0x0 n 3 (table contents not committed)
  load op 9f at 1541: addr 0xfe0040068 idx 0 fmt 1 regoff 0x0 n 921 (table contents not committed)
  load op 9f at 1548: addr 0x503c01940 idx 0 fmt 1 regoff 0x0 n 70 (table contents not committed)
  load op 63 at 1553: addr 0x908e5ff90 idx 0 fmt 1 regoff 0x0 n 6 (table contents not committed)
  load op 9f at 1558: addr 0x908e5ffc0 idx 0 fmt 1 regoff 0x0 n 10 (table contents not committed)
  load op 63 at 1563: addr 0x908e5f7d0 idx 0 fmt 1 regoff 0x0 n 6 (table contents not committed)
  load op 9f at 1568: addr 0x908e5f800 idx 0 fmt 1 regoff 0x0 n 9 (table contents not committed)
  load op 64 at 1573: addr 0x503c00518 idx 0 fmt 1 regoff 0x0 n 5 (table contents not committed)
  load op 9f at 1691: addr 0x503c01b70 idx 0 fmt 1 regoff 0x0 n 131 (table contents not committed)
  load op 64 at 1698: addr 0x503c00540 idx 0 fmt 1 regoff 0x0 n 1 (table contents not committed)
  load op 9f at 1730: addr 0xfe0040068 idx 0 fmt 1 regoff 0x0 n 921 (table contents not committed)
  load op 9f at 1737: addr 0x503c01f88 idx 0 fmt 1 regoff 0x0 n 70 (table contents not committed)
  load op 63 at 1742: addr 0x908e5ff90 idx 0 fmt 1 regoff 0x0 n 6 (table contents not committed)
  load op 9f at 1747: addr 0x908e5ffc0 idx 0 fmt 1 regoff 0x0 n 10 (table contents not committed)
  load op 63 at 1752: addr 0x908e5f7d0 idx 0 fmt 1 regoff 0x0 n 6 (table contents not committed)
  load op 9f at 1757: addr 0x908e5f800 idx 0 fmt 1 regoff 0x0 n 9 (table contents not committed)
  load op 64 at 1762: addr 0x503c00548 idx 0 fmt 1 regoff 0x0 n 5 (table contents not committed)
  load op 63 at 1858: addr 0x503bff518 idx 0 fmt 1 regoff 0x0 n 10 (table contents not committed)
  load op 63 at 2049: addr 0x503bff568 idx 0 fmt 1 regoff 0x0 n 28 (table contents not committed)
  load op 64 at 2123: addr 0x503c00570 idx 0 fmt 1 regoff 0x0 n 5 (table contents not committed)
  load op 9f at 2130: addr 0x503c021b8 idx 0 fmt 1 regoff 0x0 n 96 (table contents not committed)
  load op 9f at 2135: addr 0x503bfe390 idx 0 fmt 1 regoff 0x0 n 194 (table contents not committed)
submit #446 dcb 2647 dwords at 0x503502500: pass 236 rewrite 123 drop 120 unmapped 0 cc 4 mappings 274 ... OK rc 0 17.68 ms
state stack #446: push 2 pop 2 conditional 1 unmatched 0; restored 1842 regs (+1874 dwords); tables 13, unreadable 0
pipestat #446 (2647 dwords): ia_verts 9 ia_prims 3 vs 9 gs_inv 3 gs_prims 0 c_inv 3 c_prims 3 ps 8294400 cs 1702912
  load op 9f at 38: addr 0xfe0040068 idx 0 fmt 1 regoff 0x0 n 921 (table contents not committed)
  load op 63 at 43: addr 0xfe0042068 idx 0 fmt 1 regoff 0x0 n 174 (table contents not committed)
  load op 64 at 48: addr 0xfe00425d8 idx 0 fmt 1 regoff 0x0 n 57 (table contents not committed)
  load op 9f at 90: addr 0x505a01500 idx 0 fmt 1 regoff 0x0 n 5 (table contents not committed)
  load op 64 at 95: addr 0x505a00500 idx 0 fmt 1 regoff 0x0 n 2 (table contents not committed)
  load op 63 at 100: addr 0x5059ff500 idx 0 fmt 1 regoff 0x0 n 3 (table contents not committed)
submit #447 dcb 851 dwords at 0x505602500: pass 47 rewrite 55 drop 45 unmapped 0 cc 0 mappings 274 ... OK rc 0 17.22 ms
pipestat #447 (851 dwords): ia_verts 0 ia_prims 0 vs 0 gs_inv 0 gs_prims 0 c_inv 0 c_prims 0 ps 0 cs 294912
submit #448 acb 2 dwords at 0xfe003a200: pass 1 rewrite 0 drop 0 unmapped 0 cc 0 mappings 274 ... OK rc 0 16.72 ms
cpu-wait WAIT_REG_MEM64 at 87 on 0x400201a40: satisfied after 0.0 ms
  load op 9f at 35: addr 0xfe0040068 idx 0 fmt 1 regoff 0x0 n 921 (table contents not committed)
  load op 63 at 40: addr 0xfe0042068 idx 0 fmt 1 regoff 0x0 n 174 (table contents not committed)
  load op 64 at 45: addr 0xfe00425d8 idx 0 fmt 1 regoff 0x0 n 57 (table contents not committed)
  load op 9f at 87: addr 0x506801500 idx 0 fmt 1 regoff 0x0 n 136 (table contents not committed)
  load op 64 at 92: addr 0x506800500 idx 0 fmt 1 regoff 0x0 n 3 (table contents not committed)
  load op 63 at 97: addr 0x5067ff500 idx 0 fmt 1 regoff 0x0 n 3 (table contents not committed)
  load op 9f at 212: addr 0xfe0040068 idx 0 fmt 1 regoff 0x0 n 921 (table contents not committed)
  load op 9f at 219: addr 0x506801940 idx 0 fmt 1 regoff 0x0 n 70 (table contents not committed)
  load op 63 at 224: addr 0x908e5ff90 idx 0 fmt 1 regoff 0x0 n 6 (table contents not committed)
  load op 9f at 229: addr 0x908e5ffc0 idx 0 fmt 1 regoff 0x0 n 10 (table contents not committed)
  load op 63 at 234: addr 0x908e5f7d0 idx 0 fmt 1 regoff 0x0 n 6 (table contents not committed)
  load op 9f at 239: addr 0x908e5f800 idx 0 fmt 1 regoff 0x0 n 9 (table contents not committed)
  load op 64 at 244: addr 0x506800518 idx 0 fmt 1 regoff 0x0 n 5 (table contents not committed)
  load op 9f at 340: addr 0x506801b70 idx 0 fmt 1 regoff 0x0 n 131 (table contents not committed)
  load op 64 at 347: addr 0x506800540 idx 0 fmt 1 regoff 0x0 n 1 (table contents not committed)
  load op 9f at 379: addr 0xfe0040068 idx 0 fmt 1 regoff 0x0 n 921 (table contents not committed)
  load op 9f at 386: addr 0x506801f88 idx 0 fmt 1 regoff 0x0 n 70 (table contents not committed)
  load op 63 at 391: addr 0x908e5ff90 idx 0 fmt 1 regoff 0x0 n 6 (table contents not committed)
  load op 9f at 396: addr 0x908e5ffc0 idx 0 fmt 1 regoff 0x0 n 10 (table contents not committed)
  load op 63 at 401: addr 0x908e5f7d0 idx 0 fmt 1 regoff 0x0 n 6 (table contents not committed)
  load op 9f at 406: addr 0x908e5f800 idx 0 fmt 1 regoff 0x0 n 9 (table contents not committed)
  load op 64 at 411: addr 0x506800548 idx 0 fmt 1 regoff 0x0 n 5 (table contents not committed)
  load op 9f at 548: addr 0x5068021b8 idx 0 fmt 1 regoff 0x0 n 98 (table contents not committed)
  load op 64 at 555: addr 0x506800570 idx 0 fmt 1 regoff 0x0 n 1 (table contents not committed)
  load op 9f at 560: addr 0x5067fe500 idx 0 fmt 1 regoff 0x0 n 33 (table contents not committed)
  load op 9f at 592: addr 0xfe0040068 idx 0 fmt 1 regoff 0x0 n 921 (table contents not committed)
  load op 9f at 599: addr 0x5067fe608 idx 0 fmt 1 regoff 0x0 n 70 (table contents not committed)
  load op 63 at 604: addr 0x908e5ff90 idx 0 fmt 1 regoff 0x0 n 6 (table contents not committed)
  load op 9f at 609: addr 0x908e5ffc0 idx 0 fmt 1 regoff 0x0 n 10 (table contents not committed)
  load op 63 at 614: addr 0x908e5f7d0 idx 0 fmt 1 regoff 0x0 n 6 (table contents not committed)
  load op 9f at 619: addr 0x908e5f800 idx 0 fmt 1 regoff 0x0 n 9 (table contents not committed)
  load op 64 at 624: addr 0x506800578 idx 0 fmt 1 regoff 0x0 n 5 (table contents not committed)
submit #449 dcb 798 dwords at 0x506202500: pass 103 rewrite 35 drop 22 unmapped 0 cc 6 mappings 274 ... OK rc 0 17.64 ms
state stack #449: push 3 pop 3 conditional 1 unmatched 0; restored 2763 regs (+2811 dwords); tables 17, unreadable 0
pipestat #449 (798 dwords): ia_verts 9 ia_prims 3 vs 9 gs_inv 3 gs_prims 0 c_inv 3 c_prims 3 ps 0 cs 0
submit #450 acb 463 dwords at 0x4003e6740: pass 43 rewrite 11 drop 27 unmapped 0 cc 0 mappings 274 ... OK rc 0 16.99 ms
acb head: 1287 of 1336 dwords go ahead of the wait at 1287 on 0x400202380
  load op 9f at 36: addr 0xfe0040068 idx 0 fmt 1 regoff 0x0 n 921 (table contents not committed)
  load op 63 at 41: addr 0xfe0042068 idx 0 fmt 1 regoff 0x0 n 174 (table contents not committed)
  load op 64 at 46: addr 0xfe00425d8 idx 0 fmt 1 regoff 0x0 n 57 (table contents not committed)
  load op 9f at 88: addr 0x504e01500 idx 0 fmt 1 regoff 0x0 n 5 (table contents not committed)
  load op 64 at 93: addr 0x504e00500 idx 0 fmt 1 regoff 0x0 n 2 (table contents not committed)
  load op 63 at 98: addr 0x504dff500 idx 0 fmt 1 regoff 0x0 n 3 (table contents not committed)
  load op 9f at 756: addr 0xfe0040068 idx 0 fmt 1 regoff 0x0 n 921 (table contents not committed)
  load op 9f at 763: addr 0x504e01528 idx 0 fmt 1 regoff 0x0 n 74 (table contents not committed)
  load op 63 at 768: addr 0x908e5ff90 idx 0 fmt 1 regoff 0x0 n 6 (table contents not committed)
  load op 9f at 773: addr 0x908e5ffc0 idx 0 fmt 1 regoff 0x0 n 10 (table contents not committed)
  load op 64 at 778: addr 0x504e00510 idx 0 fmt 1 regoff 0x0 n 5 (table contents not committed)
  load op 9f at 901: addr 0xfe0040068 idx 0 fmt 1 regoff 0x0 n 921 (table contents not committed)
  load op 9f at 908: addr 0x504e01778 idx 0 fmt 1 regoff 0x0 n 74 (table contents not committed)
  load op 63 at 913: addr 0x908e5ff90 idx 0 fmt 1 regoff 0x0 n 6 (table contents not committed)
  load op 9f at 918: addr 0x908e5ffc0 idx 0 fmt 1 regoff 0x0 n 10 (table contents not committed)
  load op 64 at 923: addr 0x504e00538 idx 0 fmt 1 regoff 0x0 n 5 (table contents not committed)
  load op 9f at 1046: addr 0xfe0040068 idx 0 fmt 1 regoff 0x0 n 921 (table contents not committed)
  load op 9f at 1053: addr 0x504e019c8 idx 0 fmt 1 regoff 0x0 n 74 (table contents not committed)
  load op 63 at 1058: addr 0x908e5ff90 idx 0 fmt 1 regoff 0x0 n 6 (table contents not committed)
  load op 9f at 1063: addr 0x908e5ffc0 idx 0 fmt 1 regoff 0x0 n 10 (table contents not committed)
  load op 64 at 1068: addr 0x504e00560 idx 0 fmt 1 regoff 0x0 n 5 (table contents not committed)
submit #451 dcb 1248 dwords at 0x504a02500: pass 151 rewrite 46 drop 45 unmapped 0 cc 6 mappings 274 ... OK rc 0 55.18 ms
state stack #451: push 3 pop 3 conditional 1 unmatched 0; restored 2763 regs (+2811 dwords); tables 11, unreadable 0
pipestat #451 (1248 dwords): ia_verts 9 ia_prims 3 vs 9 gs_inv 3 gs_prims 0 c_inv 3 c_prims 3 ps 0 cs 36864
flip 1/1 buffer 0x5093f0000 +0x1fe0000: sum 0x17ea65194594 nonzero 8100/8160 pattern 0
  target CB0 0x507410000: distinct 53 min 0xc0000000 max 0xc340d034,   target CB0 0x507410000: nonzero 1024/1024
  target CB0 0x563800000: distinct 1 min 0x00000000 max 0x00000000,   target CB0 0x563800000: nonzero 0/1024
  target CB0 0x55c00d000: distinct 4 min 0x00000000 max 0xffffffff,   target CB0 0x55c00d000: nonzero 147/1024
  target CB0 0x5637f0000: distinct 1 min 0x00000000 max 0x00000000,   target CB0 0x5637f0000: nonzero 0/1024
  target CB0 0x526bf0000: distinct 1 min 0x38003800 max 0x38003800,   target CB0 0x526bf0000: nonzero 1024/1024
  target CB0 0x5719a8000: distinct 15 min 0x00000000 max 0xffffffff,   target CB0 0x5719a8000: nonzero 102/1024
  target DB_HTILE 0x5203a0000: distinct 2 min 0x00000000 max 0xfffffff0,   target DB_HTILE 0x5203a0000: nonzero 160/1024
  target DB_Z_READ 0x51db50000: distinct 1 min 0x3f800000 max 0x3f800000,   target DB_Z_READ 0x51db50000: nonzero 1024/1024
  target DB_STENCIL_READ 0x51fb30000: distinct 1 min 0x80800000 max 0x80800000,   target DB_STENCIL_READ 0x51fb30000: nonzero 1024/1024
  target CB0 0x513bf0000: distinct 1 min 0x00000000 max 0x00000000,   target CB0 0x513bf0000: nonzero 0/1024
  target CB0 0x571867000: distinct 17 min 0x00000000 max 0xffffffff,   target CB0 0x571867000: nonzero 215/1024
  target CB0 0x57187b000: distinct 17 min 0x00000000 max 0xffffffff,   target CB0 0x57187b000: nonzero 195/1024
  target CB0 0x519b90000: distinct 1 min 0x00000000 max 0x00000000,   target CB0 0x519b90000: nonzero 0/1024
  target CB0 0x5718eb000: distinct 16 min 0x00000000 max 0xffffffff,   target CB0 0x5718eb000: nonzero 123/1024
  target DB_HTILE 0x55c050000: distinct 3 min 0x00000000 max 0xffffffff,   target DB_HTILE 0x55c050000: nonzero 144/1024
  target DB_Z_READ 0x527430000: distinct 1 min 0xffffffff max 0xffffffff,   target DB_Z_READ 0x527430000: nonzero 1024/1024
submit #452 acb 1287 dwords at 0x400205540: pass 118 rewrite 35 drop 63 unmapped 0 cc 0 mappings 274 ... OK rc 0 18.30 ms
cpu-wait WAIT_REG_MEM64 at 115 on 0x400201d40: satisfied after 0.0 ms
cpu-wait WAIT_REG_MEM64 at 1629 on 0x400201840: satisfied after 0.0 ms
cpu-wait WAIT_REG_MEM64 at 8472 on 0x55d4d00b6e68: satisfied after 0.0 ms
hint CB0 0x5093f0000: window 0x5073f0000+0x4000000, mapped +0.0 MiB
  indirect op 16 at 1246: base 0x5074063c0 +0x0 -> 1 1 1 0 0
  indirect op 16 at 1278: base 0x5074063e0 +0x0 -> 1 1 1 0 0
  indirect op 16 at 1310: base 0x50740a520 +0x0 -> 1 1 1 0 0
  indirect op 16 at 1342: base 0x50740a540 +0x0 -> 1 1 1 0 0
  indirect op 25 at 4584: base 0x56ddaffa0 +0x0 -> 1 512 0 0 0
  load op 9f at 28: addr 0xfe0040068 idx 0 fmt 1 regoff 0x0 n 921 (table contents not committed)
  load op 63 at 33: addr 0xfe0042068 idx 0 fmt 1 regoff 0x0 n 174 (table contents not committed)
  load op 64 at 38: addr 0xfe00425d8 idx 0 fmt 1 regoff 0x0 n 57 (table contents not committed)
  load op 9f at 80: addr 0x502701500 idx 0 fmt 1 regoff 0x0 n 295 (table contents not committed)
  load op 64 at 85: addr 0x502700500 idx 0 fmt 1 regoff 0x0 n 7 (table contents not committed)
  load op 63 at 90: addr 0x5026ff500 idx 0 fmt 1 regoff 0x0 n 13 (table contents not committed)
  load op 63 at 342: addr 0x5026ff568 idx 0 fmt 1 regoff 0x0 n 10 (table contents not committed)
  load op 63 at 734: addr 0x5026ff5b8 idx 0 fmt 1 regoff 0x0 n 18 (table contents not committed)
  load op 63 at 1217: addr 0x5026ff648 idx 0 fmt 1 regoff 0x0 n 10 (table contents not committed)
  load op 63 at 1249: addr 0x5026ff698 idx 0 fmt 1 regoff 0x0 n 10 (table contents not committed)
  load op 63 at 1281: addr 0x5026ff6e8 idx 0 fmt 1 regoff 0x0 n 10 (table contents not committed)
  load op 63 at 1313: addr 0x5026ff738 idx 0 fmt 1 regoff 0x0 n 10 (table contents not committed)
  load op 9f at 1724: addr 0xfe0040068 idx 0 fmt 1 regoff 0x0 n 921 (table contents not committed)
  load op 9f at 1731: addr 0x502701e38 idx 0 fmt 1 regoff 0x0 n 74 (table contents not committed)
  load op 63 at 1736: addr 0x908e5ff90 idx 0 fmt 1 regoff 0x0 n 6 (table contents not committed)
  load op 9f at 1741: addr 0x908e5ffc0 idx 0 fmt 1 regoff 0x0 n 10 (table contents not committed)
  load op 64 at 1746: addr 0x502700538 idx 0 fmt 1 regoff 0x0 n 5 (table contents not committed)
  load op 9f at 1799: addr 0x502702088 idx 0 fmt 1 regoff 0x0 n 132 (table contents not committed)
  load op 63 at 1804: addr 0x5026ff788 idx 0 fmt 1 regoff 0x0 n 30 (table contents not committed)
  load op 64 at 1884: addr 0x502700560 idx 0 fmt 1 regoff 0x0 n 5 (table contents not committed)
  load op 9f at 1891: addr 0x5026fd440 idx 0 fmt 1 regoff 0x0 n 175 (table contents not committed)
  load op 63 at 2106: addr 0x5026ff878 idx 0 fmt 1 regoff 0x0 n 20 (table contents not committed)
  load op 9f at 3069: addr 0xfe0040068 idx 0 fmt 1 regoff 0x0 n 921 (table contents not committed)
  load op 9f at 3076: addr 0x5026fd9b8 idx 0 fmt 1 regoff 0x0 n 70 (table contents not committed)
  load op 63 at 3081: addr 0x908e5ff90 idx 0 fmt 1 regoff 0x0 n 6 (table contents not committed)
  load op 9f at 3086: addr 0x908e5ffc0 idx 0 fmt 1 regoff 0x0 n 10 (table contents not committed)
  load op 63 at 3091: addr 0x908e5f7d0 idx 0 fmt 1 regoff 0x0 n 6 (table contents not committed)
  load op 9f at 3096: addr 0x908e5f800 idx 0 fmt 1 regoff 0x0 n 9 (table contents not committed)
  load op 64 at 3101: addr 0x502700588 idx 0 fmt 1 regoff 0x0 n 5 (table contents not committed)
  load op 9f at 3140: addr 0x5026fdbe8 idx 0 fmt 1 regoff 0x0 n 19 (table contents not committed)
  load op 63 at 3145: addr 0x5026ff918 idx 0 fmt 1 regoff 0x0 n 12 (table contents not committed)
  load op 9f at 3268: addr 0xfe0040068 idx 0 fmt 1 regoff 0x0 n 921 (table contents not committed)
  load op 9f at 3275: addr 0x5026fdc80 idx 0 fmt 1 regoff 0x0 n 74 (table contents not committed)
  load op 63 at 3280: addr 0x908e5ff90 idx 0 fmt 1 regoff 0x0 n 6 (table contents not committed)
  load op 9f at 3285: addr 0x908e5ffc0 idx 0 fmt 1 regoff 0x0 n 10 (table contents not committed)
  load op 64 at 3290: addr 0x5027005b0 idx 0 fmt 1 regoff 0x0 n 5 (table contents not committed)
  load op 9f at 3329: addr 0x5026fded0 idx 0 fmt 1 regoff 0x0 n 166 (table contents not committed)
  load op 63 at 3334: addr 0x5026ff978 idx 0 fmt 1 regoff 0x0 n 30 (table contents not committed)
  load op 64 at 3430: addr 0x5027005d8 idx 0 fmt 1 regoff 0x0 n 5 (table contents not committed)
  load op 9f at 3437: addr 0x5026fc320 idx 0 fmt 1 regoff 0x0 n 135 (table contents not committed)
  load op 63 at 3675: addr 0x5026ffa68 idx 0 fmt 1 regoff 0x0 n 36 (table contents not committed)
  load op 64 at 4540: addr 0x502700600 idx 0 fmt 1 regoff 0x0 n 6 (table contents not committed)
  load op 9f at 4545: addr 0x5026fc758 idx 0 fmt 1 regoff 0x0 n 376 (table contents not committed)
  load op 9f at 4552: addr 0x5026fb118 idx 0 fmt 1 regoff 0x0 n 205 (table contents not committed)
  load op 9f at 4853: addr 0xfe0040068 idx 0 fmt 1 regoff 0x0 n 921 (table contents not committed)
  load op 9f at 4860: addr 0x5026fb780 idx 0 fmt 1 regoff 0x0 n 74 (table contents not committed)
  load op 63 at 4865: addr 0x908e5ff90 idx 0 fmt 1 regoff 0x0 n 6 (table contents not committed)
  load op 9f at 4870: addr 0x908e5ffc0 idx 0 fmt 1 regoff 0x0 n 10 (table contents not committed)
  load op 64 at 4875: addr 0x502700630 idx 0 fmt 1 regoff 0x0 n 5 (table contents not committed)
  load op 63 at 4914: addr 0x5026ffb88 idx 0 fmt 1 regoff 0x0 n 21 (table contents not committed)
  load op 9f at 4925: addr 0x5026fb9d0 idx 0 fmt 1 regoff 0x0 n 223 (table contents not committed)
  load op 64 at 6315: addr 0x502700658 idx 0 fmt 1 regoff 0x0 n 5 (table contents not committed)
  load op 63 at 6322: addr 0x5026ffc30 idx 0 fmt 1 regoff 0x0 n 18 (table contents not committed)
  load op 9f at 6327: addr 0x5026f9e30 idx 0 fmt 1 regoff 0x0 n 67 (table contents not committed)
  load op 9f at 6440: addr 0x5026fa048 idx 0 fmt 1 regoff 0x0 n 129 (table contents not committed)
  load op 63 at 6445: addr 0x5026ffcc0 idx 0 fmt 1 regoff 0x0 n 18 (table contents not committed)
  load op 64 at 6450: addr 0x502700680 idx 0 fmt 1 regoff 0x0 n 3 (table contents not committed)
  load op 9f at 6563: addr 0x5026fa450 idx 0 fmt 1 regoff 0x0 n 129 (table contents not committed)
  load op 63 at 6568: addr 0x5026ffd50 idx 0 fmt 1 regoff 0x0 n 18 (table contents not committed)
  load op 64 at 6573: addr 0x502700698 idx 0 fmt 1 regoff 0x0 n 3 (table contents not committed)
  load op 9f at 6686: addr 0x5026fa858 idx 0 fmt 1 regoff 0x0 n 58 (table contents not committed)
  load op 9f at 6791: addr 0x5026faa28 idx 0 fmt 1 regoff 0x0 n 66 (table contents not committed)
  load op 9f at 6896: addr 0x5026fac38 idx 0 fmt 1 regoff 0x0 n 58 (table contents not committed)
  load op 9f at 7001: addr 0x5026f81a0 idx 0 fmt 1 regoff 0x0 n 66 (table contents not committed)
  load op 9f at 7106: addr 0x5026f83b0 idx 0 fmt 1 regoff 0x0 n 58 (table contents not committed)
  load op 9f at 7211: addr 0x5026f8580 idx 0 fmt 1 regoff 0x0 n 130 (table contents not committed)
  load op 63 at 7216: addr 0x5026ffde0 idx 0 fmt 1 regoff 0x0 n 18 (table contents not committed)
  load op 64 at 7221: addr 0x5027006b0 idx 0 fmt 1 regoff 0x0 n 3 (table contents not committed)
  load op 9f at 7348: addr 0x5026f8990 idx 0 fmt 1 regoff 0x0 n 135 (table contents not committed)
  load op 63 at 7353: addr 0x5026ffe70 idx 0 fmt 1 regoff 0x0 n 18 (table contents not committed)
  load op 64 at 7358: addr 0x5027006c8 idx 0 fmt 1 regoff 0x0 n 3 (table contents not committed)
  load op 63 at 7936: addr 0x5026fff00 idx 0 fmt 1 regoff 0x0 n 28 (table contents not committed)
  load op 64 at 8513: addr 0x5027006e0 idx 0 fmt 1 regoff 0x0 n 5 (table contents not committed)
  load op 9f at 8518: addr 0x5026f8dc8 idx 0 fmt 1 regoff 0x0 n 113 (table contents not committed)
  load op 9f at 8525: addr 0x5026f6918 idx 0 fmt 1 regoff 0x0 n 168 (table contents not committed)
submit #453 dcb 9023 dwords at 0x502002500: pass 559 rewrite 484 drop 408 unmapped 1 cc 8 mappings 274 ... OK rc 0 20.03 ms
state stack #453: push 4 pop 4 conditional 1 unmatched 0; restored 3684 regs (+3748 dwords); tables 35, unreadable 0
pipestat #453 (9023 dwords): ia_verts 566 ia_prims 530 vs 566 gs_inv 530 gs_prims 0 c_inv 189 c_prims 88 ps 46477680 cs 11142145
submit #454 acb 2 dwords at 0xfe003a200: pass 1 rewrite 0 drop 0 unmapped 0 cc 0 mappings 274 ... OK rc 0 16.69 ms
cpu-wait WAIT_REG_MEM64 at 0 on 0x400202380: satisfied after 0.0 ms
submit #455 cc 3 dwords at 0x313b17cf4: pass 0 rewrite 1 drop 0 unmapped 0 cc 1 mappings 274 ... OK rc 0 17.23 ms
submit #456 acb 49 dwords at 0x40020695c: pass 2 rewrite 3 drop 3 unmapped 0 cc 0 mappings 274 ... OK rc 0 16.64 ms
  load op 61 at 10: base 0xfe0008000 pairs (0x0,215) (0xd8,272) (0x1f5,4) (0x1ff,158) (0x2a0,2) (0x2a3,1) (0x2a5,66) (0x2f5,203)
  load op 5f at 29: base 0xfe0010000 pairs (0x1,1) (0x6,38) (0x32,4) (0x80,4) (0x87,37) (0xb2,4) (0xc8,2) (0x100,4) (0x107,37) (0x132,4) (0x148,2) (0x204,3) (0x20c,2) (0x212,2) (0x215,6) (0x224,5) (0x22a,1) (0x240,16) (0x27d,1) (0x280,1) (0x207,3)
  load op 5e at 74: base 0xfe0011000 pairs (0x35,8) (0xa2,1) (0x242,1) (0x248,1) (0x24a,2) (0x25b,6) (0x262,1) (0x2bb,5) (0x2c4,16) (0x2e4,8) (0x380,2) (0x383,2) (0x41d,3) (0x24d,1)
  load op 61 at 105: base 0xfe0008000 pairs (0x0,0)
  load op 5f at 110: base 0xfe0010000 pairs (0x0,0)
  load op 5e at 115: base 0xfe0011000 pairs (0x0,0)
  load op 61 at 125: base 0xfe0008000 pairs (0x0,0)
  load op 5f at 130: base 0xfe0010000 pairs (0x0,0)
  load op 5e at 135: base 0xfe0011000 pairs (0x0,0)
submit #457 hib 150 dwords at 0xfe0000000: pass 12 rewrite 2 drop 2 unmapped 0 cc 2 mappings 274 ... OK rc 0 16.80 ms
submit #458 hib 2 dwords at 0xfe003a200: pass 1 rewrite 0 drop 0 unmapped 0 cc 0 mappings 274 ... OK rc 0 16.82 ms
  load op 9f at 38: addr 0xfe0040068 idx 0 fmt 1 regoff 0x0 n 921 (table contents not committed)
  load op 63 at 43: addr 0xfe0042068 idx 0 fmt 1 regoff 0x0 n 174 (table contents not committed)
  load op 64 at 48: addr 0xfe00425d8 idx 0 fmt 1 regoff 0x0 n 49 (table contents not committed)
submit #459 dcb 96 dwords at 0xfe0042920: pass 20 rewrite 2 drop 2 unmapped 0 cc 0 mappings 274 ... OK rc 0 16.98 ms
  load op 9f at 36: addr 0xfe0040068 idx 0 fmt 1 regoff 0x0 n 921 (table contents not committed)
  load op 63 at 41: addr 0xfe0042068 idx 0 fmt 1 regoff 0x0 n 174 (table contents not committed)
  load op 64 at 46: addr 0xfe00425d8 idx 0 fmt 1 regoff 0x0 n 57 (table contents not committed)
  load op 9f at 88: addr 0x504301500 idx 0 fmt 1 regoff 0x0 n 136 (table contents not committed)
  load op 64 at 93: addr 0x504300500 idx 0 fmt 1 regoff 0x0 n 3 (table contents not committed)
  load op 63 at 98: addr 0x5042ff500 idx 0 fmt 1 regoff 0x0 n 3 (table contents not committed)
  load op 9f at 1541: addr 0xfe0040068 idx 0 fmt 1 regoff 0x0 n 921 (table contents not committed)
  load op 9f at 1548: addr 0x504301940 idx 0 fmt 1 regoff 0x0 n 70 (table contents not committed)
  load op 63 at 1553: addr 0x908e5ff90 idx 0 fmt 1 regoff 0x0 n 6 (table contents not committed)
  load op 9f at 1558: addr 0x908e5ffc0 idx 0 fmt 1 regoff 0x0 n 10 (table contents not committed)
  load op 63 at 1563: addr 0x908e5f7d0 idx 0 fmt 1 regoff 0x0 n 6 (table contents not committed)
  load op 9f at 1568: addr 0x908e5f800 idx 0 fmt 1 regoff 0x0 n 9 (table contents not committed)
  load op 64 at 1573: addr 0x504300518 idx 0 fmt 1 regoff 0x0 n 5 (table contents not committed)
  load op 9f at 1691: addr 0x504301b70 idx 0 fmt 1 regoff 0x0 n 131 (table contents not committed)
  load op 64 at 1698: addr 0x504300540 idx 0 fmt 1 regoff 0x0 n 1 (table contents not committed)
  load op 9f at 1730: addr 0xfe0040068 idx 0 fmt 1 regoff 0x0 n 921 (table contents not committed)
  load op 9f at 1737: addr 0x504301f88 idx 0 fmt 1 regoff 0x0 n 70 (table contents not committed)
  load op 63 at 1742: addr 0x908e5ff90 idx 0 fmt 1 regoff 0x0 n 6 (table contents not committed)
  load op 9f at 1747: addr 0x908e5ffc0 idx 0 fmt 1 regoff 0x0 n 10 (table contents not committed)
  load op 63 at 1752: addr 0x908e5f7d0 idx 0 fmt 1 regoff 0x0 n 6 (table contents not committed)
  load op 9f at 1757: addr 0x908e5f800 idx 0 fmt 1 regoff 0x0 n 9 (table contents not committed)
  load op 64 at 1762: addr 0x504300548 idx 0 fmt 1 regoff 0x0 n 5 (table contents not committed)
  load op 63 at 1858: addr 0x5042ff518 idx 0 fmt 1 regoff 0x0 n 10 (table contents not committed)
  load op 63 at 2049: addr 0x5042ff568 idx 0 fmt 1 regoff 0x0 n 28 (table contents not committed)
  load op 64 at 2123: addr 0x504300570 idx 0 fmt 1 regoff 0x0 n 5 (table contents not committed)
  load op 9f at 2130: addr 0x5043021b8 idx 0 fmt 1 regoff 0x0 n 96 (table contents not committed)
  load op 9f at 2135: addr 0x5042fe390 idx 0 fmt 1 regoff 0x0 n 194 (table contents not committed)
submit #460 dcb 2647 dwords at 0x503c02500: pass 236 rewrite 123 drop 120 unmapped 0 cc 4 mappings 274 ... OK rc 0 17.42 ms
state stack #460: push 2 pop 2 conditional 1 unmatched 0; restored 1842 regs (+1874 dwords); tables 13, unreadable 0
pipestat #460 (2647 dwords): ia_verts 9 ia_prims 3 vs 9 gs_inv 3 gs_prims 0 c_inv 3 c_prims 3 ps 8294400 cs 1702912
  load op 9f at 38: addr 0xfe0040068 idx 0 fmt 1 regoff 0x0 n 921 (table contents not committed)
  load op 63 at 43: addr 0xfe0042068 idx 0 fmt 1 regoff 0x0 n 174 (table contents not committed)
  load op 64 at 48: addr 0xfe00425d8 idx 0 fmt 1 regoff 0x0 n 57 (table contents not committed)
  load op 9f at 90: addr 0x505e01500 idx 0 fmt 1 regoff 0x0 n 5 (table contents not committed)
  load op 64 at 95: addr 0x505e00500 idx 0 fmt 1 regoff 0x0 n 2 (table contents not committed)
  load op 63 at 100: addr 0x505dff500 idx 0 fmt 1 regoff 0x0 n 3 (table contents not committed)
submit #461 dcb 851 dwords at 0x505a02500: pass 47 rewrite 55 drop 45 unmapped 0 cc 0 mappings 274 ... OK rc 0 17.09 ms
pipestat #461 (851 dwords): ia_verts 0 ia_prims 0 vs 0 gs_inv 0 gs_prims 0 c_inv 0 c_prims 0 ps 0 cs 294912
submit #462 acb 2 dwords at 0xfe003a200: pass 1 rewrite 0 drop 0 unmapped 0 cc 0 mappings 274 ... OK rc 0 16.76 ms
cpu-wait WAIT_REG_MEM64 at 87 on 0x400202d80: satisfied after 0.0 ms
  load op 9f at 35: addr 0xfe0040068 idx 0 fmt 1 regoff 0x0 n 921 (table contents not committed)
  load op 63 at 40: addr 0xfe0042068 idx 0 fmt 1 regoff 0x0 n 174 (table contents not committed)
  load op 64 at 45: addr 0xfe00425d8 idx 0 fmt 1 regoff 0x0 n 57 (table contents not committed)
  load op 9f at 87: addr 0x506e01500 idx 0 fmt 1 regoff 0x0 n 136 (table contents not committed)
  load op 64 at 92: addr 0x506e00500 idx 0 fmt 1 regoff 0x0 n 3 (table contents not committed)
  load op 63 at 97: addr 0x506dff500 idx 0 fmt 1 regoff 0x0 n 3 (table contents not committed)
  load op 9f at 212: addr 0xfe0040068 idx 0 fmt 1 regoff 0x0 n 921 (table contents not committed)
  load op 9f at 219: addr 0x506e01940 idx 0 fmt 1 regoff 0x0 n 70 (table contents not committed)
  load op 63 at 224: addr 0x908e5ff90 idx 0 fmt 1 regoff 0x0 n 6 (table contents not committed)
  load op 9f at 229: addr 0x908e5ffc0 idx 0 fmt 1 regoff 0x0 n 10 (table contents not committed)
  load op 63 at 234: addr 0x908e5f7d0 idx 0 fmt 1 regoff 0x0 n 6 (table contents not committed)
  load op 9f at 239: addr 0x908e5f800 idx 0 fmt 1 regoff 0x0 n 9 (table contents not committed)
  load op 64 at 244: addr 0x506e00518 idx 0 fmt 1 regoff 0x0 n 5 (table contents not committed)
  load op 9f at 340: addr 0x506e01b70 idx 0 fmt 1 regoff 0x0 n 131 (table contents not committed)
  load op 64 at 347: addr 0x506e00540 idx 0 fmt 1 regoff 0x0 n 1 (table contents not committed)
  load op 9f at 379: addr 0xfe0040068 idx 0 fmt 1 regoff 0x0 n 921 (table contents not committed)
  load op 9f at 386: addr 0x506e01f88 idx 0 fmt 1 regoff 0x0 n 70 (table contents not committed)
  load op 63 at 391: addr 0x908e5ff90 idx 0 fmt 1 regoff 0x0 n 6 (table contents not committed)
  load op 9f at 396: addr 0x908e5ffc0 idx 0 fmt 1 regoff 0x0 n 10 (table contents not committed)
  load op 63 at 401: addr 0x908e5f7d0 idx 0 fmt 1 regoff 0x0 n 6 (table contents not committed)
  load op 9f at 406: addr 0x908e5f800 idx 0 fmt 1 regoff 0x0 n 9 (table contents not committed)
  load op 64 at 411: addr 0x506e00548 idx 0 fmt 1 regoff 0x0 n 5 (table contents not committed)
  load op 9f at 548: addr 0x506e021b8 idx 0 fmt 1 regoff 0x0 n 98 (table contents not committed)
  load op 64 at 555: addr 0x506e00570 idx 0 fmt 1 regoff 0x0 n 1 (table contents not committed)
  load op 9f at 560: addr 0x506dfe500 idx 0 fmt 1 regoff 0x0 n 33 (table contents not committed)
  load op 9f at 592: addr 0xfe0040068 idx 0 fmt 1 regoff 0x0 n 921 (table contents not committed)
  load op 9f at 599: addr 0x506dfe608 idx 0 fmt 1 regoff 0x0 n 70 (table contents not committed)
  load op 63 at 604: addr 0x908e5ff90 idx 0 fmt 1 regoff 0x0 n 6 (table contents not committed)
  load op 9f at 609: addr 0x908e5ffc0 idx 0 fmt 1 regoff 0x0 n 10 (table contents not committed)
  load op 63 at 614: addr 0x908e5f7d0 idx 0 fmt 1 regoff 0x0 n 6 (table contents not committed)
  load op 9f at 619: addr 0x908e5f800 idx 0 fmt 1 regoff 0x0 n 9 (table contents not committed)
  load op 64 at 624: addr 0x506e00578 idx 0 fmt 1 regoff 0x0 n 5 (table contents not committed)
submit #463 dcb 798 dwords at 0x506802500: pass 103 rewrite 35 drop 22 unmapped 0 cc 6 mappings 274 ... OK rc 0 18.23 ms
state stack #463: push 3 pop 3 conditional 1 unmatched 0; restored 2763 regs (+2811 dwords); tables 17, unreadable 0
pipestat #463 (798 dwords): ia_verts 9 ia_prims 3 vs 9 gs_inv 3 gs_prims 0 c_inv 3 c_prims 3 ps 0 cs 0
submit #464 acb 463 dwords at 0x4004867c0: pass 43 rewrite 11 drop 27 unmapped 0 cc 0 mappings 274 ... OK rc 0 17.39 ms
acb head: 1287 of 1336 dwords go ahead of the wait at 1287 on 0x400202f80
  load op 9f at 36: addr 0xfe0040068 idx 0 fmt 1 regoff 0x0 n 921 (table contents not committed)
  load op 63 at 41: addr 0xfe0042068 idx 0 fmt 1 regoff 0x0 n 174 (table contents not committed)
  load op 64 at 46: addr 0xfe00425d8 idx 0 fmt 1 regoff 0x0 n 57 (table contents not committed)
  load op 9f at 88: addr 0x505201500 idx 0 fmt 1 regoff 0x0 n 5 (table contents not committed)
  load op 64 at 93: addr 0x505200500 idx 0 fmt 1 regoff 0x0 n 2 (table contents not committed)
  load op 63 at 98: addr 0x5051ff500 idx 0 fmt 1 regoff 0x0 n 3 (table contents not committed)
  load op 9f at 756: addr 0xfe0040068 idx 0 fmt 1 regoff 0x0 n 921 (table contents not committed)
  load op 9f at 763: addr 0x505201528 idx 0 fmt 1 regoff 0x0 n 74 (table contents not committed)
  load op 63 at 768: addr 0x908e5ff90 idx 0 fmt 1 regoff 0x0 n 6 (table contents not committed)
  load op 9f at 773: addr 0x908e5ffc0 idx 0 fmt 1 regoff 0x0 n 10 (table contents not committed)
  load op 64 at 778: addr 0x505200510 idx 0 fmt 1 regoff 0x0 n 5 (table contents not committed)
  load op 9f at 901: addr 0xfe0040068 idx 0 fmt 1 regoff 0x0 n 921 (table contents not committed)
  load op 9f at 908: addr 0x505201778 idx 0 fmt 1 regoff 0x0 n 74 (table contents not committed)
  load op 63 at 913: addr 0x908e5ff90 idx 0 fmt 1 regoff 0x0 n 6 (table contents not committed)
  load op 9f at 918: addr 0x908e5ffc0 idx 0 fmt 1 regoff 0x0 n 10 (table contents not committed)
  load op 64 at 923: addr 0x505200538 idx 0 fmt 1 regoff 0x0 n 5 (table contents not committed)
  load op 9f at 1046: addr 0xfe0040068 idx 0 fmt 1 regoff 0x0 n 921 (table contents not committed)
  load op 9f at 1053: addr 0x5052019c8 idx 0 fmt 1 regoff 0x0 n 74 (table contents not committed)
  load op 63 at 1058: addr 0x908e5ff90 idx 0 fmt 1 regoff 0x0 n 6 (table contents not committed)
  load op 9f at 1063: addr 0x908e5ffc0 idx 0 fmt 1 regoff 0x0 n 10 (table contents not committed)
  load op 64 at 1068: addr 0x505200560 idx 0 fmt 1 regoff 0x0 n 5 (table contents not committed)
submit #465 dcb 1248 dwords at 0x504e02500: pass 151 rewrite 46 drop 45 unmapped 0 cc 6 mappings 274 ... OK rc 0 17.35 ms
state stack #465: push 3 pop 3 conditional 1 unmatched 0; restored 2763 regs (+2811 dwords); tables 11, unreadable 0
pipestat #465 (1248 dwords): ia_verts 9 ia_prims 3 vs 9 gs_inv 3 gs_prims 0 c_inv 3 c_prims 3 ps 0 cs 36864
flip 1/0 buffer 0x507410000 +0x1fe0000: sum 0x17ea65194594 nonzero 8100/8160 pattern 0
  target CB0 0x5093f0000: distinct 53 min 0xc0000000 max 0xc340d034,   target CB0 0x5093f0000: nonzero 1024/1024
  target CB0 0x563800000: distinct 1 min 0x00000000 max 0x00000000,   target CB0 0x563800000: nonzero 0/1024
  target CB0 0x55c00d000: distinct 4 min 0x00000000 max 0xffffffff,   target CB0 0x55c00d000: nonzero 147/1024
  target CB0 0x5637f0000: distinct 1 min 0x00000000 max 0x00000000,   target CB0 0x5637f0000: nonzero 0/1024
  target CB0 0x526bf0000: distinct 1 min 0x38003800 max 0x38003800,   target CB0 0x526bf0000: nonzero 1024/1024
  target CB0 0x5719a8000: distinct 15 min 0x00000000 max 0xffffffff,   target CB0 0x5719a8000: nonzero 102/1024
  target DB_HTILE 0x5203a0000: distinct 2 min 0x00000000 max 0xfffffff0,   target DB_HTILE 0x5203a0000: nonzero 160/1024
  target DB_Z_READ 0x51db50000: distinct 1 min 0x3f800000 max 0x3f800000,   target DB_Z_READ 0x51db50000: nonzero 1024/1024
  target DB_STENCIL_READ 0x51fb30000: distinct 1 min 0x80800000 max 0x80800000,   target DB_STENCIL_READ 0x51fb30000: nonzero 1024/1024
  target CB0 0x513bf0000: distinct 1 min 0x00000000 max 0x00000000,   target CB0 0x513bf0000: nonzero 0/1024
  target CB0 0x571867000: distinct 17 min 0x00000000 max 0xffffffff,   target CB0 0x571867000: nonzero 215/1024
  target CB0 0x57187b000: distinct 17 min 0x00000000 max 0xffffffff,   target CB0 0x57187b000: nonzero 195/1024
  target CB0 0x519b90000: distinct 1 min 0x00000000 max 0x00000000,   target CB0 0x519b90000: nonzero 0/1024
  target CB0 0x5718eb000: distinct 16 min 0x00000000 max 0xffffffff,   target CB0 0x5718eb000: nonzero 123/1024
  target DB_HTILE 0x55c050000: distinct 3 min 0x00000000 max 0xffffffff,   target DB_HTILE 0x55c050000: nonzero 144/1024
  target DB_Z_READ 0x527430000: distinct 1 min 0xffffffff max 0xffffffff,   target DB_Z_READ 0x527430000: nonzero 1024/1024
submit #466 acb 1287 dwords at 0x4002a55c0: pass 118 rewrite 35 drop 63 unmapped 0 cc 0 mappings 274 ... OK rc 0 18.42 ms
cpu-wait WAIT_REG_MEM64 at 115 on 0x400202d40: satisfied after 0.0 ms
cpu-wait WAIT_REG_MEM64 at 1629 on 0x400202dc0: satisfied after 0.0 ms
cpu-wait WAIT_REG_MEM64 at 8472 on 0x55d4d00b6e60: satisfied after 0.0 ms
  indirect op 16 at 1246: base 0x5074063c0 +0x0 -> 1 1 1 0 0
  indirect op 16 at 1278: base 0x5074063e0 +0x0 -> 1 1 1 0 0
  indirect op 16 at 1310: base 0x50740a520 +0x0 -> 1 1 1 0 0
  indirect op 16 at 1342: base 0x50740a540 +0x0 -> 1 1 1 0 0
  indirect op 25 at 4584: base 0x56ddaffa0 +0x0 -> 1 512 0 0 0
  load op 9f at 28: addr 0xfe0040068 idx 0 fmt 1 regoff 0x0 n 921 (table contents not committed)
  load op 63 at 33: addr 0xfe0042068 idx 0 fmt 1 regoff 0x0 n 174 (table contents not committed)
  load op 64 at 38: addr 0xfe00425d8 idx 0 fmt 1 regoff 0x0 n 57 (table contents not committed)
  load op 9f at 80: addr 0x502e01500 idx 0 fmt 1 regoff 0x0 n 295 (table contents not committed)
  load op 64 at 85: addr 0x502e00500 idx 0 fmt 1 regoff 0x0 n 7 (table contents not committed)
  load op 63 at 90: addr 0x502dff500 idx 0 fmt 1 regoff 0x0 n 13 (table contents not committed)
  load op 63 at 342: addr 0x502dff568 idx 0 fmt 1 regoff 0x0 n 10 (table contents not committed)
  load op 63 at 734: addr 0x502dff5b8 idx 0 fmt 1 regoff 0x0 n 18 (table contents not committed)
  load op 63 at 1217: addr 0x502dff648 idx 0 fmt 1 regoff 0x0 n 10 (table contents not committed)
  load op 63 at 1249: addr 0x502dff698 idx 0 fmt 1 regoff 0x0 n 10 (table contents not committed)
  load op 63 at 1281: addr 0x502dff6e8 idx 0 fmt 1 regoff 0x0 n 10 (table contents not committed)
  load op 63 at 1313: addr 0x502dff738 idx 0 fmt 1 regoff 0x0 n 10 (table contents not committed)
  load op 9f at 1724: addr 0xfe0040068 idx 0 fmt 1 regoff 0x0 n 921 (table contents not committed)
  load op 9f at 1731: addr 0x502e01e38 idx 0 fmt 1 regoff 0x0 n 74 (table contents not committed)
  load op 63 at 1736: addr 0x908e5ff90 idx 0 fmt 1 regoff 0x0 n 6 (table contents not committed)
  load op 9f at 1741: addr 0x908e5ffc0 idx 0 fmt 1 regoff 0x0 n 10 (table contents not committed)
  load op 64 at 1746: addr 0x502e00538 idx 0 fmt 1 regoff 0x0 n 5 (table contents not committed)
  load op 9f at 1799: addr 0x502e02088 idx 0 fmt 1 regoff 0x0 n 132 (table contents not committed)
  load op 63 at 1804: addr 0x502dff788 idx 0 fmt 1 regoff 0x0 n 30 (table contents not committed)
  load op 64 at 1884: addr 0x502e00560 idx 0 fmt 1 regoff 0x0 n 5 (table contents not committed)
  load op 9f at 1891: addr 0x502dfd440 idx 0 fmt 1 regoff 0x0 n 175 (table contents not committed)
  load op 63 at 2106: addr 0x502dff878 idx 0 fmt 1 regoff 0x0 n 20 (table contents not committed)
  load op 9f at 3069: addr 0xfe0040068 idx 0 fmt 1 regoff 0x0 n 921 (table contents not committed)
  load op 9f at 3076: addr 0x502dfd9b8 idx 0 fmt 1 regoff 0x0 n 70 (table contents not committed)
  load op 63 at 3081: addr 0x908e5ff90 idx 0 fmt 1 regoff 0x0 n 6 (table contents not committed)
  load op 9f at 3086: addr 0x908e5ffc0 idx 0 fmt 1 regoff 0x0 n 10 (table contents not committed)
  load op 63 at 3091: addr 0x908e5f7d0 idx 0 fmt 1 regoff 0x0 n 6 (table contents not committed)
  load op 9f at 3096: addr 0x908e5f800 idx 0 fmt 1 regoff 0x0 n 9 (table contents not committed)
  load op 64 at 3101: addr 0x502e00588 idx 0 fmt 1 regoff 0x0 n 5 (table contents not committed)
  load op 9f at 3140: addr 0x502dfdbe8 idx 0 fmt 1 regoff 0x0 n 19 (table contents not committed)
  load op 63 at 3145: addr 0x502dff918 idx 0 fmt 1 regoff 0x0 n 12 (table contents not committed)
  load op 9f at 3268: addr 0xfe0040068 idx 0 fmt 1 regoff 0x0 n 921 (table contents not committed)
  load op 9f at 3275: addr 0x502dfdc80 idx 0 fmt 1 regoff 0x0 n 74 (table contents not committed)
  load op 63 at 3280: addr 0x908e5ff90 idx 0 fmt 1 regoff 0x0 n 6 (table contents not committed)
  load op 9f at 3285: addr 0x908e5ffc0 idx 0 fmt 1 regoff 0x0 n 10 (table contents not committed)
  load op 64 at 3290: addr 0x502e005b0 idx 0 fmt 1 regoff 0x0 n 5 (table contents not committed)
  load op 9f at 3329: addr 0x502dfded0 idx 0 fmt 1 regoff 0x0 n 166 (table contents not committed)
  load op 63 at 3334: addr 0x502dff978 idx 0 fmt 1 regoff 0x0 n 30 (table contents not committed)
  load op 64 at 3430: addr 0x502e005d8 idx 0 fmt 1 regoff 0x0 n 5 (table contents not committed)
  load op 9f at 3437: addr 0x502dfc320 idx 0 fmt 1 regoff 0x0 n 135 (table contents not committed)
  load op 63 at 3675: addr 0x502dffa68 idx 0 fmt 1 regoff 0x0 n 36 (table contents not committed)
  load op 64 at 4540: addr 0x502e00600 idx 0 fmt 1 regoff 0x0 n 6 (table contents not committed)
  load op 9f at 4545: addr 0x502dfc758 idx 0 fmt 1 regoff 0x0 n 376 (table contents not committed)
  load op 9f at 4552: addr 0x502dfb118 idx 0 fmt 1 regoff 0x0 n 205 (table contents not committed)
  load op 9f at 4853: addr 0xfe0040068 idx 0 fmt 1 regoff 0x0 n 921 (table contents not committed)
  load op 9f at 4860: addr 0x502dfb780 idx 0 fmt 1 regoff 0x0 n 74 (table contents not committed)
  load op 63 at 4865: addr 0x908e5ff90 idx 0 fmt 1 regoff 0x0 n 6 (table contents not committed)
  load op 9f at 4870: addr 0x908e5ffc0 idx 0 fmt 1 regoff 0x0 n 10 (table contents not committed)
  load op 64 at 4875: addr 0x502e00630 idx 0 fmt 1 regoff 0x0 n 5 (table contents not committed)
  load op 63 at 4914: addr 0x502dffb88 idx 0 fmt 1 regoff 0x0 n 21 (table contents not committed)
  load op 9f at 4925: addr 0x502dfb9d0 idx 0 fmt 1 regoff 0x0 n 223 (table contents not committed)
  load op 64 at 6315: addr 0x502e00658 idx 0 fmt 1 regoff 0x0 n 5 (table contents not committed)
  load op 63 at 6322: addr 0x502dffc30 idx 0 fmt 1 regoff 0x0 n 18 (table contents not committed)
  load op 9f at 6327: addr 0x502df9e30 idx 0 fmt 1 regoff 0x0 n 67 (table contents not committed)
  load op 9f at 6440: addr 0x502dfa048 idx 0 fmt 1 regoff 0x0 n 129 (table contents not committed)
  load op 63 at 6445: addr 0x502dffcc0 idx 0 fmt 1 regoff 0x0 n 18 (table contents not committed)
  load op 64 at 6450: addr 0x502e00680 idx 0 fmt 1 regoff 0x0 n 3 (table contents not committed)
  load op 9f at 6563: addr 0x502dfa450 idx 0 fmt 1 regoff 0x0 n 129 (table contents not committed)
  load op 63 at 6568: addr 0x502dffd50 idx 0 fmt 1 regoff 0x0 n 18 (table contents not committed)
  load op 64 at 6573: addr 0x502e00698 idx 0 fmt 1 regoff 0x0 n 3 (table contents not committed)
  load op 9f at 6686: addr 0x502dfa858 idx 0 fmt 1 regoff 0x0 n 58 (table contents not committed)
  load op 9f at 6791: addr 0x502dfaa28 idx 0 fmt 1 regoff 0x0 n 66 (table contents not committed)
  load op 9f at 6896: addr 0x502dfac38 idx 0 fmt 1 regoff 0x0 n 58 (table contents not committed)
  load op 9f at 7001: addr 0x502df81a0 idx 0 fmt 1 regoff 0x0 n 66 (table contents not committed)
  load op 9f at 7106: addr 0x502df83b0 idx 0 fmt 1 regoff 0x0 n 58 (table contents not committed)
  load op 9f at 7211: addr 0x502df8580 idx 0 fmt 1 regoff 0x0 n 130 (table contents not committed)
  load op 63 at 7216: addr 0x502dffde0 idx 0 fmt 1 regoff 0x0 n 18 (table contents not committed)
  load op 64 at 7221: addr 0x502e006b0 idx 0 fmt 1 regoff 0x0 n 3 (table contents not committed)
  load op 9f at 7348: addr 0x502df8990 idx 0 fmt 1 regoff 0x0 n 135 (table contents not committed)
  load op 63 at 7353: addr 0x502dffe70 idx 0 fmt 1 regoff 0x0 n 18 (table contents not committed)
  load op 64 at 7358: addr 0x502e006c8 idx 0 fmt 1 regoff 0x0 n 3 (table contents not committed)
  load op 63 at 7936: addr 0x502dfff00 idx 0 fmt 1 regoff 0x0 n 28 (table contents not committed)
  load op 64 at 8513: addr 0x502e006e0 idx 0 fmt 1 regoff 0x0 n 5 (table contents not committed)
  load op 9f at 8518: addr 0x502df8dc8 idx 0 fmt 1 regoff 0x0 n 113 (table contents not committed)
  load op 9f at 8525: addr 0x502df6918 idx 0 fmt 1 regoff 0x0 n 168 (table contents not committed)
submit #467 dcb 9023 dwords at 0x502702500: pass 559 rewrite 484 drop 408 unmapped 1 cc 8 mappings 274 ... OK rc 0 20.19 ms
state stack #467: push 4 pop 4 conditional 1 unmatched 0; restored 3684 regs (+3748 dwords); tables 35, unreadable 0
pipestat #467 (9023 dwords): ia_verts 566 ia_prims 530 vs 566 gs_inv 530 gs_prims 0 c_inv 189 c_prims 88 ps 46477680 cs 11142145
submit #468 acb 2 dwords at 0xfe003a200: pass 1 rewrite 0 drop 0 unmapped 0 cc 0 mappings 274 ... OK rc 0 17.16 ms
cpu-wait WAIT_REG_MEM64 at 0 on 0x400202f80: satisfied after 0.0 ms
map 0x200288000 +0x4000 ... ok
map 0x305220000 +0x10000 ... ok
map 0x3359b8000 +0x30000 ... ok
swapped pages taken as resident so far: 0
vmas 108 total 13075.0 MiB resident 3642.8 MiB mapped 3642.9 MiB
submit #469 cc 3 dwords at 0x313b17cf4: pass 0 rewrite 1 drop 0 unmapped 0 cc 1 mappings 277 ... OK rc 0 19.30 ms
submit #470 acb 49 dwords at 0x4002a69dc: pass 2 rewrite 3 drop 3 unmapped 0 cc 0 mappings 277 ... OK rc 0 16.65 ms
map 0x3359e8000 +0x3a0000 ... ok
map 0x100e7e0000 +0x10000 ... ok
map 0x10ca4c0000 +0x20000 ... ok
swapped pages taken as resident so far: 0
vmas 108 total 13075.0 MiB resident 3646.7 MiB mapped 3646.7 MiB
  load op 61 at 10: base 0xfe0008000 pairs (0x0,215) (0xd8,272) (0x1f5,4) (0x1ff,158) (0x2a0,2) (0x2a3,1) (0x2a5,66) (0x2f5,203)
  load op 5f at 29: base 0xfe0010000 pairs (0x1,1) (0x6,38) (0x32,4) (0x80,4) (0x87,37) (0xb2,4) (0xc8,2) (0x100,4) (0x107,37) (0x132,4) (0x148,2) (0x204,3) (0x20c,2) (0x212,2) (0x215,6) (0x224,5) (0x22a,1) (0x240,16) (0x27d,1) (0x280,1) (0x207,3)
  load op 5e at 74: base 0xfe0011000 pairs (0x35,8) (0xa2,1) (0x242,1) (0x248,1) (0x24a,2) (0x25b,6) (0x262,1) (0x2bb,5) (0x2c4,16) (0x2e4,8) (0x380,2) (0x383,2) (0x41d,3) (0x24d,1)
  load op 61 at 105: base 0xfe0008000 pairs (0x0,0)
  load op 5f at 110: base 0xfe0010000 pairs (0x0,0)
  load op 5e at 115: base 0xfe0011000 pairs (0x0,0)
  load op 61 at 125: base 0xfe0008000 pairs (0x0,0)
  load op 5f at 130: base 0xfe0010000 pairs (0x0,0)
  load op 5e at 135: base 0xfe0011000 pairs (0x0,0)
submit #471 hib 150 dwords at 0xfe0000000: pass 12 rewrite 2 drop 2 unmapped 0 cc 2 mappings 280 ... OK rc 0 16.83 ms
map 0x20028c000 +0x8000 ... ok
map 0x335d88000 +0x398000 ... ok
map 0x336154000 +0x20000 ... ok
map 0x336264000 +0x30000 ... ok
map 0x336298000 +0x30000 ... ok
map 0x403c20000 +0x10000 ... ok
map 0x10ca4e0000 +0xf20000 ... ok
map 0x1120e30000 +0x9c0000 ... ok
swapped pages taken as resident so far: 0
vmas 110 total 13075.0 MiB resident 3675.4 MiB mapped 3675.8 MiB
submit #472 hib 2 dwords at 0xfe003a200: pass 1 rewrite 0 drop 0 unmapped 0 cc 0 mappings 288 ... OK rc 0 17.30 ms
map 0x302c10000 +0x10000 ... ok
map 0x10cb400000 +0x8a0000 ... ok
map 0x11217f0000 +0x5d0000 ... ok
swapped pages taken as resident so far: 0
vmas 110 total 13075.0 MiB resident 3690.2 MiB mapped 3690.2 MiB
  load op 9f at 38: addr 0xfe0040068 idx 0 fmt 1 regoff 0x0 n 921 (table contents not committed)
  load op 63 at 43: addr 0xfe0042068 idx 0 fmt 1 regoff 0x0 n 174 (table contents not committed)
  load op 64 at 48: addr 0xfe00425d8 idx 0 fmt 1 regoff 0x0 n 49 (table contents not committed)
submit #473 dcb 96 dwords at 0xfe0042920: pass 20 rewrite 2 drop 2 unmapped 0 cc 0 mappings 291 ... OK rc 0 17.30 ms
map 0x10cbca0000 +0x640000 ... ok
map 0x1121dc0000 +0x2af0000 ... ok
swapped pages taken as resident so far: 0
vmas 110 total 13075.0 MiB resident 3739.4 MiB mapped 3739.4 MiB
  load op 9f at 36: addr 0xfe0040068 idx 0 fmt 1 regoff 0x0 n 921 (table contents not committed)
  load op 63 at 41: addr 0xfe0042068 idx 0 fmt 1 regoff 0x0 n 174 (table contents not committed)
  load op 64 at 46: addr 0xfe00425d8 idx 0 fmt 1 regoff 0x0 n 57 (table contents not committed)
  load op 9f at 88: addr 0x504a01500 idx 0 fmt 1 regoff 0x0 n 136 (table contents not committed)
  load op 64 at 93: addr 0x504a00500 idx 0 fmt 1 regoff 0x0 n 3 (table contents not committed)
  load op 63 at 98: addr 0x5049ff500 idx 0 fmt 1 regoff 0x0 n 3 (table contents not committed)
  load op 9f at 1541: addr 0xfe0040068 idx 0 fmt 1 regoff 0x0 n 921 (table contents not committed)
  load op 9f at 1548: addr 0x504a01940 idx 0 fmt 1 regoff 0x0 n 70 (table contents not committed)
  load op 63 at 1553: addr 0x908e5ff90 idx 0 fmt 1 regoff 0x0 n 6 (table contents not committed)
  load op 9f at 1558: addr 0x908e5ffc0 idx 0 fmt 1 regoff 0x0 n 10 (table contents not committed)
  load op 63 at 1563: addr 0x908e5f7d0 idx 0 fmt 1 regoff 0x0 n 6 (table contents not committed)
  load op 9f at 1568: addr 0x908e5f800 idx 0 fmt 1 regoff 0x0 n 9 (table contents not committed)
  load op 64 at 1573: addr 0x504a00518 idx 0 fmt 1 regoff 0x0 n 5 (table contents not committed)
  load op 9f at 1691: addr 0x504a01b70 idx 0 fmt 1 regoff 0x0 n 131 (table contents not committed)
  load op 64 at 1698: addr 0x504a00540 idx 0 fmt 1 regoff 0x0 n 1 (table contents not committed)
  load op 9f at 1730: addr 0xfe0040068 idx 0 fmt 1 regoff 0x0 n 921 (table contents not committed)
  load op 9f at 1737: addr 0x504a01f88 idx 0 fmt 1 regoff 0x0 n 70 (table contents not committed)
  load op 63 at 1742: addr 0x908e5ff90 idx 0 fmt 1 regoff 0x0 n 6 (table contents not committed)
  load op 9f at 1747: addr 0x908e5ffc0 idx 0 fmt 1 regoff 0x0 n 10 (table contents not committed)
  load op 63 at 1752: addr 0x908e5f7d0 idx 0 fmt 1 regoff 0x0 n 6 (table contents not committed)
  load op 9f at 1757: addr 0x908e5f800 idx 0 fmt 1 regoff 0x0 n 9 (table contents not committed)
  load op 64 at 1762: addr 0x504a00548 idx 0 fmt 1 regoff 0x0 n 5 (table contents not committed)
  load op 63 at 1858: addr 0x5049ff518 idx 0 fmt 1 regoff 0x0 n 10 (table contents not committed)
  load op 63 at 2049: addr 0x5049ff568 idx 0 fmt 1 regoff 0x0 n 28 (table contents not committed)
  load op 64 at 2123: addr 0x504a00570 idx 0 fmt 1 regoff 0x0 n 5 (table contents not committed)
  load op 9f at 2130: addr 0x504a021b8 idx 0 fmt 1 regoff 0x0 n 96 (table contents not committed)
  load op 9f at 2135: addr 0x5049fe390 idx 0 fmt 1 regoff 0x0 n 194 (table contents not committed)
submit #474 dcb 2647 dwords at 0x504302500: pass 236 rewrite 123 drop 120 unmapped 0 cc 4 mappings 293 ... OK rc 0 17.87 ms
state stack #474: push 2 pop 2 conditional 1 unmatched 0; restored 1842 regs (+1874 dwords); tables 13, unreadable 0
pipestat #474 (2647 dwords): ia_verts 9 ia_prims 3 vs 9 gs_inv 3 gs_prims 0 c_inv 3 c_prims 3 ps 8294400 cs 1702912
map 0x3362c8000 +0x10000 ... ok
map 0x10cc2e0000 +0xa0000 ... ok
map 0x11248b0000 +0x11540000 ... ok
swapped pages taken as resident so far: 0
vmas 110 total 13075.0 MiB resident 4017.3 MiB mapped 4017.4 MiB
  load op 9f at 38: addr 0xfe0040068 idx 0 fmt 1 regoff 0x0 n 921 (table contents not committed)
  load op 63 at 43: addr 0xfe0042068 idx 0 fmt 1 regoff 0x0 n 174 (table contents not committed)
  load op 64 at 48: addr 0xfe00425d8 idx 0 fmt 1 regoff 0x0 n 57 (table contents not committed)
  load op 9f at 90: addr 0x506201500 idx 0 fmt 1 regoff 0x0 n 5 (table contents not committed)
  load op 64 at 95: addr 0x506200500 idx 0 fmt 1 regoff 0x0 n 2 (table contents not committed)
  load op 63 at 100: addr 0x5061ff500 idx 0 fmt 1 regoff 0x0 n 3 (table contents not committed)
submit #475 dcb 851 dwords at 0x505e02500: pass 47 rewrite 55 drop 45 unmapped 0 cc 0 mappings 296 ... OK rc 0 18.92 ms
pipestat #475 (851 dwords): ia_verts 0 ia_prims 0 vs 0 gs_inv 0 gs_prims 0 c_inv 0 c_prims 0 ps 0 cs 294912
map 0x10cc380000 +0x20000 ... ok
map 0x1135df0000 +0x4810000 ... ok
swapped pages taken as resident so far: 0
vmas 110 total 13075.0 MiB resident 4089.6 MiB mapped 4089.6 MiB
submit #476 acb 2 dwords at 0xfe003a200: pass 1 rewrite 0 drop 0 unmapped 0 cc 0 mappings 298 ... OK rc 0 19.66 ms
cpu-wait WAIT_REG_MEM64 at 87 on 0x400203980: satisfied after 0.0 ms
map 0x302c20000 +0x10000 ... ok
map 0x10cc3a0000 +0x60000 ... ok
map 0x113a600000 +0x2f20000 ... ok
swapped pages taken as resident so far: 0
vmas 110 total 13075.0 MiB resident 4137.1 MiB mapped 4137.1 MiB
  load op 9f at 35: addr 0xfe0040068 idx 0 fmt 1 regoff 0x0 n 921 (table contents not committed)
  load op 63 at 40: addr 0xfe0042068 idx 0 fmt 1 regoff 0x0 n 174 (table contents not committed)
  load op 64 at 45: addr 0xfe00425d8 idx 0 fmt 1 regoff 0x0 n 57 (table contents not committed)
  load op 9f at 87: addr 0x507401500 idx 0 fmt 1 regoff 0x0 n 136 (table contents not committed)
  load op 64 at 92: addr 0x507400500 idx 0 fmt 1 regoff 0x0 n 3 (table contents not committed)
  load op 63 at 97: addr 0x5073ff500 idx 0 fmt 1 regoff 0x0 n 3 (table contents not committed)
  load op 9f at 212: addr 0xfe0040068 idx 0 fmt 1 regoff 0x0 n 921 (table contents not committed)
  load op 9f at 219: addr 0x507401940 idx 0 fmt 1 regoff 0x0 n 70 (table contents not committed)
  load op 63 at 224: addr 0x908e5ff90 idx 0 fmt 1 regoff 0x0 n 6 (table contents not committed)
  load op 9f at 229: addr 0x908e5ffc0 idx 0 fmt 1 regoff 0x0 n 10 (table contents not committed)
  load op 63 at 234: addr 0x908e5f7d0 idx 0 fmt 1 regoff 0x0 n 6 (table contents not committed)
  load op 9f at 239: addr 0x908e5f800 idx 0 fmt 1 regoff 0x0 n 9 (table contents not committed)
  load op 64 at 244: addr 0x507400518 idx 0 fmt 1 regoff 0x0 n 5 (table contents not committed)
  load op 9f at 340: addr 0x507401b70 idx 0 fmt 1 regoff 0x0 n 131 (table contents not committed)
  load op 64 at 347: addr 0x507400540 idx 0 fmt 1 regoff 0x0 n 1 (table contents not committed)
  load op 9f at 379: addr 0xfe0040068 idx 0 fmt 1 regoff 0x0 n 921 (table contents not committed)
  load op 9f at 386: addr 0x507401f88 idx 0 fmt 1 regoff 0x0 n 70 (table contents not committed)
  load op 63 at 391: addr 0x908e5ff90 idx 0 fmt 1 regoff 0x0 n 6 (table contents not committed)
  load op 9f at 396: addr 0x908e5ffc0 idx 0 fmt 1 regoff 0x0 n 10 (table contents not committed)
  load op 63 at 401: addr 0x908e5f7d0 idx 0 fmt 1 regoff 0x0 n 6 (table contents not committed)
  load op 9f at 406: addr 0x908e5f800 idx 0 fmt 1 regoff 0x0 n 9 (table contents not committed)
  load op 64 at 411: addr 0x507400548 idx 0 fmt 1 regoff 0x0 n 5 (table contents not committed)
  load op 9f at 548: addr 0x5074021b8 idx 0 fmt 1 regoff 0x0 n 98 (table contents not committed)
  load op 64 at 555: addr 0x507400570 idx 0 fmt 1 regoff 0x0 n 1 (table contents not committed)
  load op 9f at 560: addr 0x5073fe500 idx 0 fmt 1 regoff 0x0 n 33 (table contents not committed)
  load op 9f at 592: addr 0xfe0040068 idx 0 fmt 1 regoff 0x0 n 921 (table contents not committed)
  load op 9f at 599: addr 0x5073fe608 idx 0 fmt 1 regoff 0x0 n 70 (table contents not committed)
  load op 63 at 604: addr 0x908e5ff90 idx 0 fmt 1 regoff 0x0 n 6 (table contents not committed)
  load op 9f at 609: addr 0x908e5ffc0 idx 0 fmt 1 regoff 0x0 n 10 (table contents not committed)
  load op 63 at 614: addr 0x908e5f7d0 idx 0 fmt 1 regoff 0x0 n 6 (table contents not committed)
  load op 9f at 619: addr 0x908e5f800 idx 0 fmt 1 regoff 0x0 n 9 (table contents not committed)
  load op 64 at 624: addr 0x507400578 idx 0 fmt 1 regoff 0x0 n 5 (table contents not committed)
submit #477 dcb 798 dwords at 0x506e02500: pass 103 rewrite 35 drop 22 unmapped 0 cc 6 mappings 301 ... OK rc 0 20.91 ms
state stack #477: push 3 pop 3 conditional 1 unmatched 0; restored 2763 regs (+2811 dwords); tables 17, unreadable 0
pipestat #477 (798 dwords): ia_verts 9 ia_prims 3 vs 9 gs_inv 3 gs_prims 0 c_inv 3 c_prims 3 ps 0 cs 0
map 0x303560000 +0x10000 ... ok
map 0x3362d8000 +0x10000 ... ok
map 0x10cc400000 +0xe0000 ... ok
map 0x113d520000 +0xfef0000 ... ok
swapped pages taken as resident so far: 0
vmas 110 total 13075.0 MiB resident 4393.0 MiB mapped 4393.1 MiB
submit #478 acb 463 dwords at 0x400526840: pass 43 rewrite 11 drop 27 unmapped 0 cc 0 mappings 305 ... OK rc 0 22.74 ms
acb head: 1287 of 1336 dwords go ahead of the wait at 1287 on 0x400203b80
map 0x114d410000 +0x24e0000 ... ok
swapped pages taken as resident so far: 0
vmas 110 total 13075.0 MiB resident 4429.9 MiB mapped 4429.9 MiB
  load op 9f at 36: addr 0xfe0040068 idx 0 fmt 1 regoff 0x0 n 921 (table contents not committed)
  load op 63 at 41: addr 0xfe0042068 idx 0 fmt 1 regoff 0x0 n 174 (table contents not committed)
  load op 64 at 46: addr 0xfe00425d8 idx 0 fmt 1 regoff 0x0 n 57 (table contents not committed)
  load op 9f at 88: addr 0x505601500 idx 0 fmt 1 regoff 0x0 n 5 (table contents not committed)
  load op 64 at 93: addr 0x505600500 idx 0 fmt 1 regoff 0x0 n 2 (table contents not committed)
  load op 63 at 98: addr 0x5055ff500 idx 0 fmt 1 regoff 0x0 n 3 (table contents not committed)
  load op 9f at 756: addr 0xfe0040068 idx 0 fmt 1 regoff 0x0 n 921 (table contents not committed)
  load op 9f at 763: addr 0x505601528 idx 0 fmt 1 regoff 0x0 n 74 (table contents not committed)
  load op 63 at 768: addr 0x908e5ff90 idx 0 fmt 1 regoff 0x0 n 6 (table contents not committed)
  load op 9f at 773: addr 0x908e5ffc0 idx 0 fmt 1 regoff 0x0 n 10 (table contents not committed)
  load op 64 at 778: addr 0x505600510 idx 0 fmt 1 regoff 0x0 n 5 (table contents not committed)
  load op 9f at 901: addr 0xfe0040068 idx 0 fmt 1 regoff 0x0 n 921 (table contents not committed)
  load op 9f at 908: addr 0x505601778 idx 0 fmt 1 regoff 0x0 n 74 (table contents not committed)
  load op 63 at 913: addr 0x908e5ff90 idx 0 fmt 1 regoff 0x0 n 6 (table contents not committed)
  load op 9f at 918: addr 0x908e5ffc0 idx 0 fmt 1 regoff 0x0 n 10 (table contents not committed)
  load op 64 at 923: addr 0x505600538 idx 0 fmt 1 regoff 0x0 n 5 (table contents not committed)
  load op 9f at 1046: addr 0xfe0040068 idx 0 fmt 1 regoff 0x0 n 921 (table contents not committed)
  load op 9f at 1053: addr 0x5056019c8 idx 0 fmt 1 regoff 0x0 n 74 (table contents not committed)
  load op 63 at 1058: addr 0x908e5ff90 idx 0 fmt 1 regoff 0x0 n 6 (table contents not committed)
  load op 9f at 1063: addr 0x908e5ffc0 idx 0 fmt 1 regoff 0x0 n 10 (table contents not committed)
  load op 64 at 1068: addr 0x505600560 idx 0 fmt 1 regoff 0x0 n 5 (table contents not committed)
submit #479 dcb 1248 dwords at 0x505202500: pass 151 rewrite 46 drop 45 unmapped 0 cc 6 mappings 306 ... OK rc 0 20.46 ms
state stack #479: push 3 pop 3 conditional 1 unmatched 0; restored 2763 regs (+2811 dwords); tables 11, unreadable 0
pipestat #479 (1248 dwords): ia_verts 9 ia_prims 3 vs 9 gs_inv 3 gs_prims 0 c_inv 3 c_prims 3 ps 0 cs 36864
flip 1/1 buffer 0x5093f0000 +0x1fe0000: sum 0x17ea65194594 nonzero 8100/8160 pattern 0
  target CB0 0x507410000: distinct 53 min 0xc0000000 max 0xc340d034,   target CB0 0x507410000: nonzero 1024/1024
  target CB0 0x563800000: distinct 1 min 0x00000000 max 0x00000000,   target CB0 0x563800000: nonzero 0/1024
  target CB0 0x55c00d000: distinct 4 min 0x00000000 max 0xffffffff,   target CB0 0x55c00d000: nonzero 147/1024
  target CB0 0x5637f0000: distinct 1 min 0x00000000 max 0x00000000,   target CB0 0x5637f0000: nonzero 0/1024
  target CB0 0x526bf0000: distinct 1 min 0x38003800 max 0x38003800,   target CB0 0x526bf0000: nonzero 1024/1024
  target CB0 0x5719a8000: distinct 15 min 0x00000000 max 0xffffffff,   target CB0 0x5719a8000: nonzero 102/1024
  target DB_HTILE 0x5203a0000: distinct 2 min 0x00000000 max 0xfffffff0,   target DB_HTILE 0x5203a0000: nonzero 160/1024
  target DB_Z_READ 0x51db50000: distinct 1 min 0x3f800000 max 0x3f800000,   target DB_Z_READ 0x51db50000: nonzero 1024/1024
  target DB_STENCIL_READ 0x51fb30000: distinct 1 min 0x80800000 max 0x80800000,   target DB_STENCIL_READ 0x51fb30000: nonzero 1024/1024
  target CB0 0x513bf0000: distinct 1 min 0x00000000 max 0x00000000,   target CB0 0x513bf0000: nonzero 0/1024
  target CB0 0x571867000: distinct 17 min 0x00000000 max 0xffffffff,   target CB0 0x571867000: nonzero 215/1024
  target CB0 0x57187b000: distinct 17 min 0x00000000 max 0xffffffff,   target CB0 0x57187b000: nonzero 195/1024
  target CB0 0x519b90000: distinct 1 min 0x00000000 max 0x00000000,   target CB0 0x519b90000: nonzero 0/1024
  target CB0 0x5718eb000: distinct 16 min 0x00000000 max 0xffffffff,   target CB0 0x5718eb000: nonzero 123/1024
  target DB_HTILE 0x55c050000: distinct 3 min 0x00000000 max 0xffffffff,   target DB_HTILE 0x55c050000: nonzero 144/1024
  target DB_Z_READ 0x527430000: distinct 1 min 0xffffffff max 0xffffffff,   target DB_Z_READ 0x527430000: nonzero 1024/1024
map 0x10cc4e0000 +0x20000 ... ok
map 0x114f8f0000 +0x3fb0000 ... ok
swapped pages taken as resident so far: 0
vmas 110 total 13075.0 MiB resident 4493.8 MiB mapped 4493.8 MiB
submit #480 acb 1287 dwords at 0x400345640: pass 118 rewrite 35 drop 63 unmapped 0 cc 0 mappings 308 ... OK rc 0 22.36 ms
cpu-wait WAIT_REG_MEM64 at 115 on 0x400203940: satisfied after 0.0 ms
cpu-wait WAIT_REG_MEM64 at 1629 on 0x4002039c0: satisfied after 0.0 ms
cpu-wait WAIT_REG_MEM64 at 8472 on 0x55d4d00b6e68: satisfied after 0.0 ms
  indirect op 16 at 1246: base 0x5074063c0 +0x0 -> 1 1 1 0 0
  indirect op 16 at 1278: base 0x5074063e0 +0x0 -> 1 1 1 0 0
  indirect op 16 at 1310: base 0x50740a520 +0x0 -> 1 1 1 0 0
  indirect op 16 at 1342: base 0x50740a540 +0x0 -> 1 1 1 0 0
  indirect op 25 at 4584: base 0x56ddaffa0 +0x0 -> 1 512 0 0 0
  load op 9f at 28: addr 0xfe0040068 idx 0 fmt 1 regoff 0x0 n 921 (table contents not committed)
  load op 63 at 33: addr 0xfe0042068 idx 0 fmt 1 regoff 0x0 n 174 (table contents not committed)
  load op 64 at 38: addr 0xfe00425d8 idx 0 fmt 1 regoff 0x0 n 57 (table contents not committed)
  load op 9f at 80: addr 0x503501500 idx 0 fmt 1 regoff 0x0 n 295 (table contents not committed)
  load op 64 at 85: addr 0x503500500 idx 0 fmt 1 regoff 0x0 n 7 (table contents not committed)
  load op 63 at 90: addr 0x5034ff500 idx 0 fmt 1 regoff 0x0 n 13 (table contents not committed)
  load op 63 at 342: addr 0x5034ff568 idx 0 fmt 1 regoff 0x0 n 10 (table contents not committed)
  load op 63 at 734: addr 0x5034ff5b8 idx 0 fmt 1 regoff 0x0 n 18 (table contents not committed)
  load op 63 at 1217: addr 0x5034ff648 idx 0 fmt 1 regoff 0x0 n 10 (table contents not committed)
  load op 63 at 1249: addr 0x5034ff698 idx 0 fmt 1 regoff 0x0 n 10 (table contents not committed)
  load op 63 at 1281: addr 0x5034ff6e8 idx 0 fmt 1 regoff 0x0 n 10 (table contents not committed)
  load op 63 at 1313: addr 0x5034ff738 idx 0 fmt 1 regoff 0x0 n 10 (table contents not committed)
  load op 9f at 1724: addr 0xfe0040068 idx 0 fmt 1 regoff 0x0 n 921 (table contents not committed)
  load op 9f at 1731: addr 0x503501e38 idx 0 fmt 1 regoff 0x0 n 74 (table contents not committed)
  load op 63 at 1736: addr 0x908e5ff90 idx 0 fmt 1 regoff 0x0 n 6 (table contents not committed)
  load op 9f at 1741: addr 0x908e5ffc0 idx 0 fmt 1 regoff 0x0 n 10 (table contents not committed)
  load op 64 at 1746: addr 0x503500538 idx 0 fmt 1 regoff 0x0 n 5 (table contents not committed)
  load op 9f at 1799: addr 0x503502088 idx 0 fmt 1 regoff 0x0 n 132 (table contents not committed)
  load op 63 at 1804: addr 0x5034ff788 idx 0 fmt 1 regoff 0x0 n 30 (table contents not committed)
  load op 64 at 1884: addr 0x503500560 idx 0 fmt 1 regoff 0x0 n 5 (table contents not committed)
  load op 9f at 1891: addr 0x5034fd440 idx 0 fmt 1 regoff 0x0 n 175 (table contents not committed)
  load op 63 at 2106: addr 0x5034ff878 idx 0 fmt 1 regoff 0x0 n 20 (table contents not committed)
  load op 9f at 3069: addr 0xfe0040068 idx 0 fmt 1 regoff 0x0 n 921 (table contents not committed)
  load op 9f at 3076: addr 0x5034fd9b8 idx 0 fmt 1 regoff 0x0 n 70 (table contents not committed)
  load op 63 at 3081: addr 0x908e5ff90 idx 0 fmt 1 regoff 0x0 n 6 (table contents not committed)
  load op 9f at 3086: addr 0x908e5ffc0 idx 0 fmt 1 regoff 0x0 n 10 (table contents not committed)
  load op 63 at 3091: addr 0x908e5f7d0 idx 0 fmt 1 regoff 0x0 n 6 (table contents not committed)
  load op 9f at 3096: addr 0x908e5f800 idx 0 fmt 1 regoff 0x0 n 9 (table contents not committed)
  load op 64 at 3101: addr 0x503500588 idx 0 fmt 1 regoff 0x0 n 5 (table contents not committed)
  load op 9f at 3140: addr 0x5034fdbe8 idx 0 fmt 1 regoff 0x0 n 19 (table contents not committed)
  load op 63 at 3145: addr 0x5034ff918 idx 0 fmt 1 regoff 0x0 n 12 (table contents not committed)
  load op 9f at 3268: addr 0xfe0040068 idx 0 fmt 1 regoff 0x0 n 921 (table contents not committed)
  load op 9f at 3275: addr 0x5034fdc80 idx 0 fmt 1 regoff 0x0 n 74 (table contents not committed)
  load op 63 at 3280: addr 0x908e5ff90 idx 0 fmt 1 regoff 0x0 n 6 (table contents not committed)
  load op 9f at 3285: addr 0x908e5ffc0 idx 0 fmt 1 regoff 0x0 n 10 (table contents not committed)
  load op 64 at 3290: addr 0x5035005b0 idx 0 fmt 1 regoff 0x0 n 5 (table contents not committed)
  load op 9f at 3329: addr 0x5034fded0 idx 0 fmt 1 regoff 0x0 n 166 (table contents not committed)
  load op 63 at 3334: addr 0x5034ff978 idx 0 fmt 1 regoff 0x0 n 30 (table contents not committed)
  load op 64 at 3430: addr 0x5035005d8 idx 0 fmt 1 regoff 0x0 n 5 (table contents not committed)
  load op 9f at 3437: addr 0x5034fc320 idx 0 fmt 1 regoff 0x0 n 135 (table contents not committed)
  load op 63 at 3675: addr 0x5034ffa68 idx 0 fmt 1 regoff 0x0 n 36 (table contents not committed)
  load op 64 at 4540: addr 0x503500600 idx 0 fmt 1 regoff 0x0 n 6 (table contents not committed)
  load op 9f at 4545: addr 0x5034fc758 idx 0 fmt 1 regoff 0x0 n 376 (table contents not committed)
  load op 9f at 4552: addr 0x5034fb118 idx 0 fmt 1 regoff 0x0 n 205 (table contents not committed)
  load op 9f at 4853: addr 0xfe0040068 idx 0 fmt 1 regoff 0x0 n 921 (table contents not committed)
  load op 9f at 4860: addr 0x5034fb780 idx 0 fmt 1 regoff 0x0 n 74 (table contents not committed)
  load op 63 at 4865: addr 0x908e5ff90 idx 0 fmt 1 regoff 0x0 n 6 (table contents not committed)
  load op 9f at 4870: addr 0x908e5ffc0 idx 0 fmt 1 regoff 0x0 n 10 (table contents not committed)
  load op 64 at 4875: addr 0x503500630 idx 0 fmt 1 regoff 0x0 n 5 (table contents not committed)
  load op 63 at 4914: addr 0x5034ffb88 idx 0 fmt 1 regoff 0x0 n 21 (table contents not committed)
  load op 9f at 4925: addr 0x5034fb9d0 idx 0 fmt 1 regoff 0x0 n 223 (table contents not committed)
  load op 64 at 6315: addr 0x503500658 idx 0 fmt 1 regoff 0x0 n 5 (table contents not committed)
  load op 63 at 6322: addr 0x5034ffc30 idx 0 fmt 1 regoff 0x0 n 18 (table contents not committed)
  load op 9f at 6327: addr 0x5034f9e30 idx 0 fmt 1 regoff 0x0 n 67 (table contents not committed)
  load op 9f at 6440: addr 0x5034fa048 idx 0 fmt 1 regoff 0x0 n 129 (table contents not committed)
  load op 63 at 6445: addr 0x5034ffcc0 idx 0 fmt 1 regoff 0x0 n 18 (table contents not committed)
  load op 64 at 6450: addr 0x503500680 idx 0 fmt 1 regoff 0x0 n 3 (table contents not committed)
  load op 9f at 6563: addr 0x5034fa450 idx 0 fmt 1 regoff 0x0 n 129 (table contents not committed)
  load op 63 at 6568: addr 0x5034ffd50 idx 0 fmt 1 regoff 0x0 n 18 (table contents not committed)
  load op 64 at 6573: addr 0x503500698 idx 0 fmt 1 regoff 0x0 n 3 (table contents not committed)
  load op 9f at 6686: addr 0x5034fa858 idx 0 fmt 1 regoff 0x0 n 58 (table contents not committed)
  load op 9f at 6791: addr 0x5034faa28 idx 0 fmt 1 regoff 0x0 n 66 (table contents not committed)
  load op 9f at 6896: addr 0x5034fac38 idx 0 fmt 1 regoff 0x0 n 58 (table contents not committed)
  load op 9f at 7001: addr 0x5034f81a0 idx 0 fmt 1 regoff 0x0 n 66 (table contents not committed)
  load op 9f at 7106: addr 0x5034f83b0 idx 0 fmt 1 regoff 0x0 n 58 (table contents not committed)
  load op 9f at 7211: addr 0x5034f8580 idx 0 fmt 1 regoff 0x0 n 130 (table contents not committed)
  load op 63 at 7216: addr 0x5034ffde0 idx 0 fmt 1 regoff 0x0 n 18 (table contents not committed)
  load op 64 at 7221: addr 0x5035006b0 idx 0 fmt 1 regoff 0x0 n 3 (table contents not committed)
  load op 9f at 7348: addr 0x5034f8990 idx 0 fmt 1 regoff 0x0 n 135 (table contents not committed)
  load op 63 at 7353: addr 0x5034ffe70 idx 0 fmt 1 regoff 0x0 n 18 (table contents not committed)
  load op 64 at 7358: addr 0x5035006c8 idx 0 fmt 1 regoff 0x0 n 3 (table contents not committed)
  load op 63 at 7936: addr 0x5034fff00 idx 0 fmt 1 regoff 0x0 n 28 (table contents not committed)
  load op 64 at 8513: addr 0x5035006e0 idx 0 fmt 1 regoff 0x0 n 5 (table contents not committed)
  load op 9f at 8518: addr 0x5034f8dc8 idx 0 fmt 1 regoff 0x0 n 113 (table contents not committed)
  load op 9f at 8525: addr 0x5034f6918 idx 0 fmt 1 regoff 0x0 n 168 (table contents not committed)
submit #481 dcb 9023 dwords at 0x502e02500: pass 559 rewrite 484 drop 408 unmapped 1 cc 8 mappings 308 ... OK rc 0 85.90 ms
state stack #481: push 4 pop 4 conditional 1 unmatched 0; restored 3684 regs (+3748 dwords); tables 35, unreadable 0
pipestat #481 (9023 dwords): ia_verts 566 ia_prims 530 vs 566 gs_inv 530 gs_prims 0 c_inv 189 c_prims 88 ps 46477680 cs 11142145
map 0x301898000 +0x10000 ... ok
map 0x3362e8000 +0x70000 ... ok
map 0x336358000 +0x20000 ... ok
map 0x336378000 +0x10000 ... ok
map 0x336388000 +0x10000 ... ok
map 0x336398000 +0x10000 ... ok
map 0x3363a8000 +0x10000 ... ok
map 0x3363b8000 +0x10000 ... ok
map 0x3363c8000 +0x10000 ... FAILED
map 0x336408000 +0x10000 ... ok
swapped pages taken as resident so far: 0
vmas 110 total 13075.0 MiB resident 4494.4 MiB mapped 4494.8 MiB
submit #482 acb 2 dwords at 0xfe003a200: pass 1 rewrite 0 drop 0 unmapped 0 cc 0 mappings 317 ... OK rc 0 20.50 ms
cpu-wait WAIT_REG_MEM64 at 0 on 0x400203b80: satisfied after 0.0 ms
map 0x200294000 +0x4000 ... ok
map 0x3363c8000 +0x8000 ... ok
map 0x336404000 +0x4000 ... ok
map 0x336418000 +0xc000 ... ok
map 0x37dfd4000 +0x4000 ... ok
swapped pages taken as resident so far: 0
vmas 111 total 13075.0 MiB resident 4494.8 MiB mapped 4494.9 MiB
submit #483 cc 3 dwords at 0x313b17cf4: pass 0 rewrite 1 drop 0 unmapped 0 cc 1 mappings 322 ... OK rc 0 20.62 ms
submit #484 acb 49 dwords at 0x400346a5c: pass 2 rewrite 3 drop 3 unmapped 0 cc 0 mappings 322 ... OK rc 0 114.11 ms
  load op 61 at 10: base 0xfe0008000 pairs (0x0,215) (0xd8,272) (0x1f5,4) (0x1ff,158) (0x2a0,2) (0x2a3,1) (0x2a5,66) (0x2f5,203)
  load op 5f at 29: base 0xfe0010000 pairs (0x1,1) (0x6,38) (0x32,4) (0x80,4) (0x87,37) (0xb2,4) (0xc8,2) (0x100,4) (0x107,37) (0x132,4) (0x148,2) (0x204,3) (0x20c,2) (0x212,2) (0x215,6) (0x224,5) (0x22a,1) (0x240,16) (0x27d,1) (0x280,1) (0x207,3)
  load op 5e at 74: base 0xfe0011000 pairs (0x35,8) (0xa2,1) (0x242,1) (0x248,1) (0x24a,2) (0x25b,6) (0x262,1) (0x2bb,5) (0x2c4,16) (0x2e4,8) (0x380,2) (0x383,2) (0x41d,3) (0x24d,1)
  load op 61 at 105: base 0xfe0008000 pairs (0x0,0)
  load op 5f at 110: base 0xfe0010000 pairs (0x0,0)
  load op 5e at 115: base 0xfe0011000 pairs (0x0,0)
  load op 61 at 125: base 0xfe0008000 pairs (0x0,0)
  load op 5f at 130: base 0xfe0010000 pairs (0x0,0)
  load op 5e at 135: base 0xfe0011000 pairs (0x0,0)
submit #485 hib 150 dwords at 0xfe0000000: pass 12 rewrite 2 drop 2 unmapped 0 cc 2 mappings 322 ... OK rc 0 20.49 ms
submit #486 hib 2 dwords at 0xfe003a200: pass 1 rewrite 0 drop 0 unmapped 0 cc 0 mappings 322 ... OK rc 0 20.40 ms
  load op 9f at 38: addr 0xfe0040068 idx 0 fmt 1 regoff 0x0 n 921 (table contents not committed)
  load op 63 at 43: addr 0xfe0042068 idx 0 fmt 1 regoff 0x0 n 174 (table contents not committed)
  load op 64 at 48: addr 0xfe00425d8 idx 0 fmt 1 regoff 0x0 n 49 (table contents not committed)
submit #487 dcb 96 dwords at 0xfe0042920: pass 20 rewrite 2 drop 2 unmapped 0 cc 0 mappings 322 ... OK rc 0 20.87 ms
  load op 9f at 36: addr 0xfe0040068 idx 0 fmt 1 regoff 0x0 n 921 (table contents not committed)
  load op 63 at 41: addr 0xfe0042068 idx 0 fmt 1 regoff 0x0 n 174 (table contents not committed)
  load op 64 at 46: addr 0xfe00425d8 idx 0 fmt 1 regoff 0x0 n 57 (table contents not committed)
  load op 9f at 88: addr 0x503c01500 idx 0 fmt 1 regoff 0x0 n 136 (table contents not committed)
  load op 64 at 93: addr 0x503c00500 idx 0 fmt 1 regoff 0x0 n 3 (table contents not committed)
  load op 63 at 98: addr 0x503bff500 idx 0 fmt 1 regoff 0x0 n 3 (table contents not committed)
  load op 9f at 1919: addr 0xfe0040068 idx 0 fmt 1 regoff 0x0 n 921 (table contents not committed)
  load op 9f at 1926: addr 0x503c01940 idx 0 fmt 1 regoff 0x0 n 70 (table contents not committed)
  load op 63 at 1931: addr 0x908e5ff90 idx 0 fmt 1 regoff 0x0 n 6 (table contents not committed)
  load op 9f at 1936: addr 0x908e5ffc0 idx 0 fmt 1 regoff 0x0 n 10 (table contents not committed)
  load op 63 at 1941: addr 0x908e5f7d0 idx 0 fmt 1 regoff 0x0 n 6 (table contents not committed)
  load op 9f at 1946: addr 0x908e5f800 idx 0 fmt 1 regoff 0x0 n 9 (table contents not committed)
  load op 64 at 1951: addr 0x503c00518 idx 0 fmt 1 regoff 0x0 n 5 (table contents not committed)
  load op 9f at 2069: addr 0x503c01b70 idx 0 fmt 1 regoff 0x0 n 131 (table contents not committed)
  load op 64 at 2076: addr 0x503c00540 idx 0 fmt 1 regoff 0x0 n 1 (table contents not committed)
  load op 9f at 2108: addr 0xfe0040068 idx 0 fmt 1 regoff 0x0 n 921 (table contents not committed)
  load op 9f at 2115: addr 0x503c01f88 idx 0 fmt 1 regoff 0x0 n 70 (table contents not committed)
  load op 63 at 2120: addr 0x908e5ff90 idx 0 fmt 1 regoff 0x0 n 6 (table contents not committed)
  load op 9f at 2125: addr 0x908e5ffc0 idx 0 fmt 1 regoff 0x0 n 10 (table contents not committed)
  load op 63 at 2130: addr 0x908e5f7d0 idx 0 fmt 1 regoff 0x0 n 6 (table contents not committed)
  load op 9f at 2135: addr 0x908e5f800 idx 0 fmt 1 regoff 0x0 n 9 (table contents not committed)
  load op 64 at 2140: addr 0x503c00548 idx 0 fmt 1 regoff 0x0 n 5 (table contents not committed)
  load op 63 at 2236: addr 0x503bff518 idx 0 fmt 1 regoff 0x0 n 10 (table contents not committed)
  load op 63 at 2427: addr 0x503bff568 idx 0 fmt 1 regoff 0x0 n 28 (table contents not committed)
  load op 64 at 2501: addr 0x503c00570 idx 0 fmt 1 regoff 0x0 n 5 (table contents not committed)
  load op 9f at 2508: addr 0x503c021b8 idx 0 fmt 1 regoff 0x0 n 96 (table contents not committed)
  load op 9f at 2513: addr 0x503bfe390 idx 0 fmt 1 regoff 0x0 n 194 (table contents not committed)
submit #488 dcb 3025 dwords at 0x503502500: pass 290 rewrite 123 drop 120 unmapped 0 cc 4 mappings 322 ... OK rc 0 108.85 ms
state stack #488: push 2 pop 2 conditional 1 unmatched 0; restored 1842 regs (+1874 dwords); tables 13, unreadable 0
pipestat #488 (3025 dwords): ia_verts 9 ia_prims 3 vs 9 gs_inv 3 gs_prims 0 c_inv 3 c_prims 3 ps 8294400 cs 1702912
  load op 9f at 38: addr 0xfe0040068 idx 0 fmt 1 regoff 0x0 n 921 (table contents not committed)
  load op 63 at 43: addr 0xfe0042068 idx 0 fmt 1 regoff 0x0 n 174 (table contents not committed)
  load op 64 at 48: addr 0xfe00425d8 idx 0 fmt 1 regoff 0x0 n 57 (table contents not committed)
  load op 9f at 90: addr 0x505a01500 idx 0 fmt 1 regoff 0x0 n 5 (table contents not committed)
  load op 64 at 95: addr 0x505a00500 idx 0 fmt 1 regoff 0x0 n 2 (table contents not committed)
  load op 63 at 100: addr 0x5059ff500 idx 0 fmt 1 regoff 0x0 n 3 (table contents not committed)
submit #489 dcb 851 dwords at 0x505602500: pass 47 rewrite 55 drop 45 unmapped 0 cc 0 mappings 322 ... OK rc 0 20.55 ms
pipestat #489 (851 dwords): ia_verts 0 ia_prims 0 vs 0 gs_inv 0 gs_prims 0 c_inv 0 c_prims 0 ps 0 cs 294912
submit #490 acb 2 dwords at 0xfe003a200: pass 1 rewrite 0 drop 0 unmapped 0 cc 0 mappings 322 ... OK rc 0 20.79 ms
cpu-wait WAIT_REG_MEM64 at 87 on 0x400201a40: satisfied after 0.0 ms
  load op 9f at 35: addr 0xfe0040068 idx 0 fmt 1 regoff 0x0 n 921 (table contents not committed)
  load op 63 at 40: addr 0xfe0042068 idx 0 fmt 1 regoff 0x0 n 174 (table contents not committed)
  load op 64 at 45: addr 0xfe00425d8 idx 0 fmt 1 regoff 0x0 n 57 (table contents not committed)
  load op 9f at 87: addr 0x506801500 idx 0 fmt 1 regoff 0x0 n 136 (table contents not committed)
  load op 64 at 92: addr 0x506800500 idx 0 fmt 1 regoff 0x0 n 3 (table contents not committed)
  load op 63 at 97: addr 0x5067ff500 idx 0 fmt 1 regoff 0x0 n 3 (table contents not committed)
  load op 9f at 212: addr 0xfe0040068 idx 0 fmt 1 regoff 0x0 n 921 (table contents not committed)
  load op 9f at 219: addr 0x506801940 idx 0 fmt 1 regoff 0x0 n 70 (table contents not committed)
  load op 63 at 224: addr 0x908e5ff90 idx 0 fmt 1 regoff 0x0 n 6 (table contents not committed)
  load op 9f at 229: addr 0x908e5ffc0 idx 0 fmt 1 regoff 0x0 n 10 (table contents not committed)
  load op 63 at 234: addr 0x908e5f7d0 idx 0 fmt 1 regoff 0x0 n 6 (table contents not committed)
  load op 9f at 239: addr 0x908e5f800 idx 0 fmt 1 regoff 0x0 n 9 (table contents not committed)
  load op 64 at 244: addr 0x506800518 idx 0 fmt 1 regoff 0x0 n 5 (table contents not committed)
  load op 9f at 340: addr 0x506801b70 idx 0 fmt 1 regoff 0x0 n 131 (table contents not committed)
  load op 64 at 347: addr 0x506800540 idx 0 fmt 1 regoff 0x0 n 1 (table contents not committed)
  load op 9f at 379: addr 0xfe0040068 idx 0 fmt 1 regoff 0x0 n 921 (table contents not committed)
  load op 9f at 386: addr 0x506801f88 idx 0 fmt 1 regoff 0x0 n 70 (table contents not committed)
  load op 63 at 391: addr 0x908e5ff90 idx 0 fmt 1 regoff 0x0 n 6 (table contents not committed)
  load op 9f at 396: addr 0x908e5ffc0 idx 0 fmt 1 regoff 0x0 n 10 (table contents not committed)
  load op 63 at 401: addr 0x908e5f7d0 idx 0 fmt 1 regoff 0x0 n 6 (table contents not committed)
  load op 9f at 406: addr 0x908e5f800 idx 0 fmt 1 regoff 0x0 n 9 (table contents not committed)
  load op 64 at 411: addr 0x506800548 idx 0 fmt 1 regoff 0x0 n 5 (table contents not committed)
  load op 9f at 548: addr 0x5068021b8 idx 0 fmt 1 regoff 0x0 n 98 (table contents not committed)
  load op 64 at 555: addr 0x506800570 idx 0 fmt 1 regoff 0x0 n 1 (table contents not committed)
  load op 9f at 560: addr 0x5067fe500 idx 0 fmt 1 regoff 0x0 n 33 (table contents not committed)
  load op 9f at 592: addr 0xfe0040068 idx 0 fmt 1 regoff 0x0 n 921 (table contents not committed)
  load op 9f at 599: addr 0x5067fe608 idx 0 fmt 1 regoff 0x0 n 70 (table contents not committed)
  load op 63 at 604: addr 0x908e5ff90 idx 0 fmt 1 regoff 0x0 n 6 (table contents not committed)
  load op 9f at 609: addr 0x908e5ffc0 idx 0 fmt 1 regoff 0x0 n 10 (table contents not committed)
  load op 63 at 614: addr 0x908e5f7d0 idx 0 fmt 1 regoff 0x0 n 6 (table contents not committed)
  load op 9f at 619: addr 0x908e5f800 idx 0 fmt 1 regoff 0x0 n 9 (table contents not committed)
  load op 64 at 624: addr 0x506800578 idx 0 fmt 1 regoff 0x0 n 5 (table contents not committed)
submit #491 dcb 798 dwords at 0x506202500: pass 103 rewrite 35 drop 22 unmapped 0 cc 6 mappings 322 ... OK rc 0 21.47 ms
state stack #491: push 3 pop 3 conditional 1 unmatched 0; restored 2763 regs (+2811 dwords); tables 17, unreadable 0
pipestat #491 (798 dwords): ia_verts 9 ia_prims 3 vs 9 gs_inv 3 gs_prims 0 c_inv 3 c_prims 3 ps 0 cs 0
submit #492 acb 463 dwords at 0x4003e6740: pass 43 rewrite 11 drop 27 unmapped 0 cc 0 mappings 322 ... OK rc 0 21.14 ms
acb head: 1287 of 1336 dwords go ahead of the wait at 1287 on 0x400202380
  load op 9f at 36: addr 0xfe0040068 idx 0 fmt 1 regoff 0x0 n 921 (table contents not committed)
  load op 63 at 41: addr 0xfe0042068 idx 0 fmt 1 regoff 0x0 n 174 (table contents not committed)
  load op 64 at 46: addr 0xfe00425d8 idx 0 fmt 1 regoff 0x0 n 57 (table contents not committed)
  load op 9f at 88: addr 0x504e01500 idx 0 fmt 1 regoff 0x0 n 5 (table contents not committed)
  load op 64 at 93: addr 0x504e00500 idx 0 fmt 1 regoff 0x0 n 2 (table contents not committed)
  load op 63 at 98: addr 0x504dff500 idx 0 fmt 1 regoff 0x0 n 3 (table contents not committed)
  load op 9f at 756: addr 0xfe0040068 idx 0 fmt 1 regoff 0x0 n 921 (table contents not committed)
  load op 9f at 763: addr 0x504e01528 idx 0 fmt 1 regoff 0x0 n 74 (table contents not committed)
  load op 63 at 768: addr 0x908e5ff90 idx 0 fmt 1 regoff 0x0 n 6 (table contents not committed)
  load op 9f at 773: addr 0x908e5ffc0 idx 0 fmt 1 regoff 0x0 n 10 (table contents not committed)
  load op 64 at 778: addr 0x504e00510 idx 0 fmt 1 regoff 0x0 n 5 (table contents not committed)
  load op 9f at 901: addr 0xfe0040068 idx 0 fmt 1 regoff 0x0 n 921 (table contents not committed)
  load op 9f at 908: addr 0x504e01778 idx 0 fmt 1 regoff 0x0 n 74 (table contents not committed)
  load op 63 at 913: addr 0x908e5ff90 idx 0 fmt 1 regoff 0x0 n 6 (table contents not committed)
  load op 9f at 918: addr 0x908e5ffc0 idx 0 fmt 1 regoff 0x0 n 10 (table contents not committed)
  load op 64 at 923: addr 0x504e00538 idx 0 fmt 1 regoff 0x0 n 5 (table contents not committed)
  load op 9f at 1046: addr 0xfe0040068 idx 0 fmt 1 regoff 0x0 n 921 (table contents not committed)
  load op 9f at 1053: addr 0x504e019c8 idx 0 fmt 1 regoff 0x0 n 74 (table contents not committed)
  load op 63 at 1058: addr 0x908e5ff90 idx 0 fmt 1 regoff 0x0 n 6 (table contents not committed)
  load op 9f at 1063: addr 0x908e5ffc0 idx 0 fmt 1 regoff 0x0 n 10 (table contents not committed)
  load op 64 at 1068: addr 0x504e00560 idx 0 fmt 1 regoff 0x0 n 5 (table contents not committed)
submit #493 dcb 1248 dwords at 0x504a02500: pass 151 rewrite 46 drop 45 unmapped 0 cc 6 mappings 322 ... OK rc 0 20.74 ms
state stack #493: push 3 pop 3 conditional 1 unmatched 0; restored 2763 regs (+2811 dwords); tables 11, unreadable 0
pipestat #493 (1248 dwords): ia_verts 9 ia_prims 3 vs 9 gs_inv 3 gs_prims 0 c_inv 3 c_prims 3 ps 0 cs 36864
flip 1/0 buffer 0x507410000 +0x1fe0000: sum 0x17ea65194594 nonzero 8100/8160 pattern 0
  target CB0 0x5093f0000: distinct 53 min 0xc0000000 max 0xc340d034,   target CB0 0x5093f0000: nonzero 1024/1024
  target CB0 0x563800000: distinct 1 min 0x00000000 max 0x00000000,   target CB0 0x563800000: nonzero 0/1024
  target CB0 0x55c00d000: distinct 4 min 0x00000000 max 0xffffffff,   target CB0 0x55c00d000: nonzero 147/1024
  target CB0 0x5637f0000: distinct 1 min 0x00000000 max 0x00000000,   target CB0 0x5637f0000: nonzero 0/1024
  target CB0 0x526bf0000: distinct 1 min 0x38003800 max 0x38003800,   target CB0 0x526bf0000: nonzero 1024/1024
  target CB0 0x5719a8000: distinct 15 min 0x00000000 max 0xffffffff,   target CB0 0x5719a8000: nonzero 102/1024
  target DB_HTILE 0x5203a0000: distinct 2 min 0x00000000 max 0xfffffff0,   target DB_HTILE 0x5203a0000: nonzero 160/1024
  target DB_Z_READ 0x51db50000: distinct 1 min 0x3f800000 max 0x3f800000,   target DB_Z_READ 0x51db50000: nonzero 1024/1024
  target DB_STENCIL_READ 0x51fb30000: distinct 1 min 0x80800000 max 0x80800000,   target DB_STENCIL_READ 0x51fb30000: nonzero 1024/1024
  target CB0 0x513bf0000: distinct 1 min 0x00000000 max 0x00000000,   target CB0 0x513bf0000: nonzero 0/1024
  target CB0 0x571867000: distinct 17 min 0x00000000 max 0xffffffff,   target CB0 0x571867000: nonzero 215/1024
  target CB0 0x57187b000: distinct 17 min 0x00000000 max 0xffffffff,   target CB0 0x57187b000: nonzero 195/1024
  target CB0 0x519b90000: distinct 1 min 0x00000000 max 0x00000000,   target CB0 0x519b90000: nonzero 0/1024
  target CB0 0x5718eb000: distinct 16 min 0x00000000 max 0xffffffff,   target CB0 0x5718eb000: nonzero 123/1024
  target DB_HTILE 0x55c050000: distinct 3 min 0x00000000 max 0xffffffff,   target DB_HTILE 0x55c050000: nonzero 144/1024
  target DB_Z_READ 0x527430000: distinct 1 min 0xffffffff max 0xffffffff,   target DB_Z_READ 0x527430000: nonzero 1024/1024
submit #494 acb 1287 dwords at 0x400205540: pass 118 rewrite 35 drop 63 unmapped 0 cc 0 mappings 322 ... OK rc 0 22.40 ms
cpu-wait WAIT_REG_MEM64 at 115 on 0x400201d40: satisfied after 0.0 ms
cpu-wait WAIT_REG_MEM64 at 1629 on 0x400201840: satisfied after 0.0 ms
cpu-wait WAIT_REG_MEM64 at 8472 on 0x55d4d00b6e60: satisfied after 0.0 ms
  indirect op 16 at 1246: base 0x5074063c0 +0x0 -> 1 1 1 0 0
  indirect op 16 at 1278: base 0x5074063e0 +0x0 -> 1 1 1 0 0
  indirect op 16 at 1310: base 0x50740a520 +0x0 -> 1 1 1 0 0
  indirect op 16 at 1342: base 0x50740a540 +0x0 -> 1 1 1 0 0
  indirect op 25 at 4584: base 0x56ddaffa0 +0x0 -> 1 512 0 0 0
  load op 9f at 28: addr 0xfe0040068 idx 0 fmt 1 regoff 0x0 n 921 (table contents not committed)
  load op 63 at 33: addr 0xfe0042068 idx 0 fmt 1 regoff 0x0 n 174 (table contents not committed)
  load op 64 at 38: addr 0xfe00425d8 idx 0 fmt 1 regoff 0x0 n 57 (table contents not committed)
  load op 9f at 80: addr 0x502701500 idx 0 fmt 1 regoff 0x0 n 295 (table contents not committed)
  load op 64 at 85: addr 0x502700500 idx 0 fmt 1 regoff 0x0 n 7 (table contents not committed)
  load op 63 at 90: addr 0x5026ff500 idx 0 fmt 1 regoff 0x0 n 13 (table contents not committed)
  load op 63 at 342: addr 0x5026ff568 idx 0 fmt 1 regoff 0x0 n 10 (table contents not committed)
  load op 63 at 734: addr 0x5026ff5b8 idx 0 fmt 1 regoff 0x0 n 18 (table contents not committed)
  load op 63 at 1217: addr 0x5026ff648 idx 0 fmt 1 regoff 0x0 n 10 (table contents not committed)
  load op 63 at 1249: addr 0x5026ff698 idx 0 fmt 1 regoff 0x0 n 10 (table contents not committed)
  load op 63 at 1281: addr 0x5026ff6e8 idx 0 fmt 1 regoff 0x0 n 10 (table contents not committed)
  load op 63 at 1313: addr 0x5026ff738 idx 0 fmt 1 regoff 0x0 n 10 (table contents not committed)
  load op 9f at 1724: addr 0xfe0040068 idx 0 fmt 1 regoff 0x0 n 921 (table contents not committed)
  load op 9f at 1731: addr 0x502701e38 idx 0 fmt 1 regoff 0x0 n 74 (table contents not committed)
  load op 63 at 1736: addr 0x908e5ff90 idx 0 fmt 1 regoff 0x0 n 6 (table contents not committed)
  load op 9f at 1741: addr 0x908e5ffc0 idx 0 fmt 1 regoff 0x0 n 10 (table contents not committed)
  load op 64 at 1746: addr 0x502700538 idx 0 fmt 1 regoff 0x0 n 5 (table contents not committed)
  load op 9f at 1799: addr 0x502702088 idx 0 fmt 1 regoff 0x0 n 132 (table contents not committed)
  load op 63 at 1804: addr 0x5026ff788 idx 0 fmt 1 regoff 0x0 n 30 (table contents not committed)
  load op 64 at 1884: addr 0x502700560 idx 0 fmt 1 regoff 0x0 n 5 (table contents not committed)
  load op 9f at 1891: addr 0x5026fd440 idx 0 fmt 1 regoff 0x0 n 175 (table contents not committed)
  load op 63 at 2106: addr 0x5026ff878 idx 0 fmt 1 regoff 0x0 n 20 (table contents not committed)
  load op 9f at 3069: addr 0xfe0040068 idx 0 fmt 1 regoff 0x0 n 921 (table contents not committed)
  load op 9f at 3076: addr 0x5026fd9b8 idx 0 fmt 1 regoff 0x0 n 70 (table contents not committed)
  load op 63 at 3081: addr 0x908e5ff90 idx 0 fmt 1 regoff 0x0 n 6 (table contents not committed)
  load op 9f at 3086: addr 0x908e5ffc0 idx 0 fmt 1 regoff 0x0 n 10 (table contents not committed)
  load op 63 at 3091: addr 0x908e5f7d0 idx 0 fmt 1 regoff 0x0 n 6 (table contents not committed)
  load op 9f at 3096: addr 0x908e5f800 idx 0 fmt 1 regoff 0x0 n 9 (table contents not committed)
  load op 64 at 3101: addr 0x502700588 idx 0 fmt 1 regoff 0x0 n 5 (table contents not committed)
  load op 9f at 3140: addr 0x5026fdbe8 idx 0 fmt 1 regoff 0x0 n 19 (table contents not committed)
  load op 63 at 3145: addr 0x5026ff918 idx 0 fmt 1 regoff 0x0 n 12 (table contents not committed)
  load op 9f at 3268: addr 0xfe0040068 idx 0 fmt 1 regoff 0x0 n 921 (table contents not committed)
  load op 9f at 3275: addr 0x5026fdc80 idx 0 fmt 1 regoff 0x0 n 74 (table contents not committed)
  load op 63 at 3280: addr 0x908e5ff90 idx 0 fmt 1 regoff 0x0 n 6 (table contents not committed)
  load op 9f at 3285: addr 0x908e5ffc0 idx 0 fmt 1 regoff 0x0 n 10 (table contents not committed)
  load op 64 at 3290: addr 0x5027005b0 idx 0 fmt 1 regoff 0x0 n 5 (table contents not committed)
  load op 9f at 3329: addr 0x5026fded0 idx 0 fmt 1 regoff 0x0 n 166 (table contents not committed)
  load op 63 at 3334: addr 0x5026ff978 idx 0 fmt 1 regoff 0x0 n 30 (table contents not committed)
  load op 64 at 3430: addr 0x5027005d8 idx 0 fmt 1 regoff 0x0 n 5 (table contents not committed)
  load op 9f at 3437: addr 0x5026fc320 idx 0 fmt 1 regoff 0x0 n 135 (table contents not committed)
  load op 63 at 3675: addr 0x5026ffa68 idx 0 fmt 1 regoff 0x0 n 36 (table contents not committed)
  load op 64 at 4540: addr 0x502700600 idx 0 fmt 1 regoff 0x0 n 6 (table contents not committed)
  load op 9f at 4545: addr 0x5026fc758 idx 0 fmt 1 regoff 0x0 n 376 (table contents not committed)
  load op 9f at 4552: addr 0x5026fb118 idx 0 fmt 1 regoff 0x0 n 205 (table contents not committed)
  load op 9f at 4853: addr 0xfe0040068 idx 0 fmt 1 regoff 0x0 n 921 (table contents not committed)
  load op 9f at 4860: addr 0x5026fb780 idx 0 fmt 1 regoff 0x0 n 74 (table contents not committed)
  load op 63 at 4865: addr 0x908e5ff90 idx 0 fmt 1 regoff 0x0 n 6 (table contents not committed)
  load op 9f at 4870: addr 0x908e5ffc0 idx 0 fmt 1 regoff 0x0 n 10 (table contents not committed)
  load op 64 at 4875: addr 0x502700630 idx 0 fmt 1 regoff 0x0 n 5 (table contents not committed)
  load op 63 at 4914: addr 0x5026ffb88 idx 0 fmt 1 regoff 0x0 n 21 (table contents not committed)
  load op 9f at 4925: addr 0x5026fb9d0 idx 0 fmt 1 regoff 0x0 n 223 (table contents not committed)
  load op 64 at 6315: addr 0x502700658 idx 0 fmt 1 regoff 0x0 n 5 (table contents not committed)
  load op 63 at 6322: addr 0x5026ffc30 idx 0 fmt 1 regoff 0x0 n 18 (table contents not committed)
  load op 9f at 6327: addr 0x5026f9e30 idx 0 fmt 1 regoff 0x0 n 67 (table contents not committed)
  load op 9f at 6440: addr 0x5026fa048 idx 0 fmt 1 regoff 0x0 n 129 (table contents not committed)
  load op 63 at 6445: addr 0x5026ffcc0 idx 0 fmt 1 regoff 0x0 n 18 (table contents not committed)
  load op 64 at 6450: addr 0x502700680 idx 0 fmt 1 regoff 0x0 n 3 (table contents not committed)
  load op 9f at 6563: addr 0x5026fa450 idx 0 fmt 1 regoff 0x0 n 129 (table contents not committed)
  load op 63 at 6568: addr 0x5026ffd50 idx 0 fmt 1 regoff 0x0 n 18 (table contents not committed)
  load op 64 at 6573: addr 0x502700698 idx 0 fmt 1 regoff 0x0 n 3 (table contents not committed)
  load op 9f at 6686: addr 0x5026fa858 idx 0 fmt 1 regoff 0x0 n 58 (table contents not committed)
  load op 9f at 6791: addr 0x5026faa28 idx 0 fmt 1 regoff 0x0 n 66 (table contents not committed)
  load op 9f at 6896: addr 0x5026fac38 idx 0 fmt 1 regoff 0x0 n 58 (table contents not committed)
  load op 9f at 7001: addr 0x5026f81a0 idx 0 fmt 1 regoff 0x0 n 66 (table contents not committed)
  load op 9f at 7106: addr 0x5026f83b0 idx 0 fmt 1 regoff 0x0 n 58 (table contents not committed)
  load op 9f at 7211: addr 0x5026f8580 idx 0 fmt 1 regoff 0x0 n 130 (table contents not committed)
  load op 63 at 7216: addr 0x5026ffde0 idx 0 fmt 1 regoff 0x0 n 18 (table contents not committed)
  load op 64 at 7221: addr 0x5027006b0 idx 0 fmt 1 regoff 0x0 n 3 (table contents not committed)
  load op 9f at 7348: addr 0x5026f8990 idx 0 fmt 1 regoff 0x0 n 135 (table contents not committed)
  load op 63 at 7353: addr 0x5026ffe70 idx 0 fmt 1 regoff 0x0 n 18 (table contents not committed)
  load op 64 at 7358: addr 0x5027006c8 idx 0 fmt 1 regoff 0x0 n 3 (table contents not committed)
  load op 63 at 7936: addr 0x5026fff00 idx 0 fmt 1 regoff 0x0 n 28 (table contents not committed)
  load op 64 at 8513: addr 0x5027006e0 idx 0 fmt 1 regoff 0x0 n 5 (table contents not committed)
  load op 9f at 8518: addr 0x5026f8dc8 idx 0 fmt 1 regoff 0x0 n 113 (table contents not committed)
  load op 9f at 8525: addr 0x5026f6918 idx 0 fmt 1 regoff 0x0 n 168 (table contents not committed)
submit #495 dcb 9023 dwords at 0x502002500: pass 559 rewrite 484 drop 408 unmapped 1 cc 8 mappings 322 ... OK rc 0 24.24 ms
state stack #495: push 4 pop 4 conditional 1 unmatched 0; restored 3684 regs (+3748 dwords); tables 35, unreadable 0
pipestat #495 (9023 dwords): ia_verts 566 ia_prims 530 vs 566 gs_inv 530 gs_prims 0 c_inv 189 c_prims 88 ps 46477680 cs 11142145
map 0x336454000 +0x10000 ... ok
map 0x500990000 +0x10000 ... ok
swapped pages taken as resident so far: 0
vmas 111 total 13075.0 MiB resident 4494.9 MiB mapped 4495.0 MiB
submit #496 acb 2 dwords at 0xfe003a200: pass 1 rewrite 0 drop 0 unmapped 0 cc 0 mappings 324 ... EFAULT, resync ... unmap 0x336418000 +0xc000 (no longer rw anonymous) ... ok
map 0x200298000 +0x4000 ... ok
map 0x33641c000 +0x10000 ... ok
map 0x33644c000 +0x8000 ... ok
map 0x336464000 +0x8000 ... ok
map 0x37dfcc000 +0x8000 ... ok
swapped pages taken as resident so far: 0
vmas 112 total 13075.0 MiB resident 4495.0 MiB mapped 4495.1 MiB
OK rc 0 (retried) 20.89 ms
cpu-wait WAIT_REG_MEM64 at 0 on 0x400202380: satisfied after 0.0 ms
submit #497 cc 3 dwords at 0x313b17cf4: pass 0 rewrite 1 drop 0 unmapped 0 cc 1 mappings 328 ... OK rc 0 20.99 ms
submit #498 acb 49 dwords at 0x40020695c: pass 2 rewrite 3 drop 3 unmapped 0 cc 0 mappings 328 ... OK rc 0 20.89 ms
  load op 61 at 10: base 0xfe0008000 pairs (0x0,215) (0xd8,272) (0x1f5,4) (0x1ff,158) (0x2a0,2) (0x2a3,1) (0x2a5,66) (0x2f5,203)
  load op 5f at 29: base 0xfe0010000 pairs (0x1,1) (0x6,38) (0x32,4) (0x80,4) (0x87,37) (0xb2,4) (0xc8,2) (0x100,4) (0x107,37) (0x132,4) (0x148,2) (0x204,3) (0x20c,2) (0x212,2) (0x215,6) (0x224,5) (0x22a,1) (0x240,16) (0x27d,1) (0x280,1) (0x207,3)
  load op 5e at 74: base 0xfe0011000 pairs (0x35,8) (0xa2,1) (0x242,1) (0x248,1) (0x24a,2) (0x25b,6) (0x262,1) (0x2bb,5) (0x2c4,16) (0x2e4,8) (0x380,2) (0x383,2) (0x41d,3) (0x24d,1)
  load op 61 at 105: base 0xfe0008000 pairs (0x0,0)
  load op 5f at 110: base 0xfe0010000 pairs (0x0,0)
  load op 5e at 115: base 0xfe0011000 pairs (0x0,0)
  load op 61 at 125: base 0xfe0008000 pairs (0x0,0)
  load op 5f at 130: base 0xfe0010000 pairs (0x0,0)
  load op 5e at 135: base 0xfe0011000 pairs (0x0,0)
submit #499 hib 150 dwords at 0xfe0000000: pass 12 rewrite 2 drop 2 unmapped 0 cc 2 mappings 328 ... OK rc 0 20.98 ms
submit #500 hib 2 dwords at 0xfe003a200: pass 1 rewrite 0 drop 0 unmapped 0 cc 0 mappings 328 ... OK rc 0 20.46 ms
  load op 9f at 38: addr 0xfe0040068 idx 0 fmt 1 regoff 0x0 n 921 (table contents not committed)
  load op 63 at 43: addr 0xfe0042068 idx 0 fmt 1 regoff 0x0 n 174 (table contents not committed)
  load op 64 at 48: addr 0xfe00425d8 idx 0 fmt 1 regoff 0x0 n 49 (table contents not committed)
submit #501 dcb 96 dwords at 0xfe0042920: pass 20 rewrite 2 drop 2 unmapped 0 cc 0 mappings 328 ... OK rc 0 20.68 ms
  load op 9f at 36: addr 0xfe0040068 idx 0 fmt 1 regoff 0x0 n 921 (table contents not committed)
  load op 63 at 41: addr 0xfe0042068 idx 0 fmt 1 regoff 0x0 n 174 (table contents not committed)
  load op 64 at 46: addr 0xfe00425d8 idx 0 fmt 1 regoff 0x0 n 57 (table contents not committed)
  load op 9f at 88: addr 0x504301500 idx 0 fmt 1 regoff 0x0 n 136 (table contents not committed)
  load op 64 at 93: addr 0x504300500 idx 0 fmt 1 regoff 0x0 n 3 (table contents not committed)
  load op 63 at 98: addr 0x5042ff500 idx 0 fmt 1 regoff 0x0 n 3 (table contents not committed)
  load op 9f at 1541: addr 0xfe0040068 idx 0 fmt 1 regoff 0x0 n 921 (table contents not committed)
  load op 9f at 1548: addr 0x504301940 idx 0 fmt 1 regoff 0x0 n 70 (table contents not committed)
  load op 63 at 1553: addr 0x908e5ff90 idx 0 fmt 1 regoff 0x0 n 6 (table contents not committed)
  load op 9f at 1558: addr 0x908e5ffc0 idx 0 fmt 1 regoff 0x0 n 10 (table contents not committed)
  load op 63 at 1563: addr 0x908e5f7d0 idx 0 fmt 1 regoff 0x0 n 6 (table contents not committed)
  load op 9f at 1568: addr 0x908e5f800 idx 0 fmt 1 regoff 0x0 n 9 (table contents not committed)
  load op 64 at 1573: addr 0x504300518 idx 0 fmt 1 regoff 0x0 n 5 (table contents not committed)
  load op 9f at 1691: addr 0x504301b70 idx 0 fmt 1 regoff 0x0 n 131 (table contents not committed)
  load op 64 at 1698: addr 0x504300540 idx 0 fmt 1 regoff 0x0 n 1 (table contents not committed)
  load op 9f at 1730: addr 0xfe0040068 idx 0 fmt 1 regoff 0x0 n 921 (table contents not committed)
  load op 9f at 1737: addr 0x504301f88 idx 0 fmt 1 regoff 0x0 n 70 (table contents not committed)
  load op 63 at 1742: addr 0x908e5ff90 idx 0 fmt 1 regoff 0x0 n 6 (table contents not committed)
  load op 9f at 1747: addr 0x908e5ffc0 idx 0 fmt 1 regoff 0x0 n 10 (table contents not committed)
  load op 63 at 1752: addr 0x908e5f7d0 idx 0 fmt 1 regoff 0x0 n 6 (table contents not committed)
  load op 9f at 1757: addr 0x908e5f800 idx 0 fmt 1 regoff 0x0 n 9 (table contents not committed)
  load op 64 at 1762: addr 0x504300548 idx 0 fmt 1 regoff 0x0 n 5 (table contents not committed)
  load op 63 at 1858: addr 0x5042ff518 idx 0 fmt 1 regoff 0x0 n 10 (table contents not committed)
  load op 63 at 2049: addr 0x5042ff568 idx 0 fmt 1 regoff 0x0 n 28 (table contents not committed)
  load op 64 at 2123: addr 0x504300570 idx 0 fmt 1 regoff 0x0 n 5 (table contents not committed)
  load op 9f at 2130: addr 0x5043021b8 idx 0 fmt 1 regoff 0x0 n 96 (table contents not committed)
  load op 9f at 2135: addr 0x5042fe390 idx 0 fmt 1 regoff 0x0 n 194 (table contents not committed)
submit #502 dcb 2647 dwords at 0x503c02500: pass 236 rewrite 123 drop 120 unmapped 0 cc 4 mappings 328 ... OK rc 0 21.11 ms
state stack #502: push 2 pop 2 conditional 1 unmatched 0; restored 1842 regs (+1874 dwords); tables 13, unreadable 0
pipestat #502 (2647 dwords): ia_verts 9 ia_prims 3 vs 9 gs_inv 3 gs_prims 0 c_inv 3 c_prims 3 ps 8294400 cs 1702912
  load op 9f at 38: addr 0xfe0040068 idx 0 fmt 1 regoff 0x0 n 921 (table contents not committed)
  load op 63 at 43: addr 0xfe0042068 idx 0 fmt 1 regoff 0x0 n 174 (table contents not committed)
  load op 64 at 48: addr 0xfe00425d8 idx 0 fmt 1 regoff 0x0 n 57 (table contents not committed)
  load op 9f at 90: addr 0x505e01500 idx 0 fmt 1 regoff 0x0 n 5 (table contents not committed)
  load op 64 at 95: addr 0x505e00500 idx 0 fmt 1 regoff 0x0 n 2 (table contents not committed)
  load op 63 at 100: addr 0x505dff500 idx 0 fmt 1 regoff 0x0 n 3 (table contents not committed)
submit #503 dcb 851 dwords at 0x505a02500: pass 47 rewrite 55 drop 45 unmapped 0 cc 0 mappings 328 ... OK rc 0 20.89 ms
pipestat #503 (851 dwords): ia_verts 0 ia_prims 0 vs 0 gs_inv 0 gs_prims 0 c_inv 0 c_prims 0 ps 0 cs 294912
submit #504 acb 2 dwords at 0xfe003a200: pass 1 rewrite 0 drop 0 unmapped 0 cc 0 mappings 328 ... OK rc 0 20.76 ms
cpu-wait WAIT_REG_MEM64 at 87 on 0x400202d80: satisfied after 0.0 ms
  load op 9f at 35: addr 0xfe0040068 idx 0 fmt 1 regoff 0x0 n 921 (table contents not committed)
  load op 63 at 40: addr 0xfe0042068 idx 0 fmt 1 regoff 0x0 n 174 (table contents not committed)
  load op 64 at 45: addr 0xfe00425d8 idx 0 fmt 1 regoff 0x0 n 57 (table contents not committed)
  load op 9f at 87: addr 0x506e01500 idx 0 fmt 1 regoff 0x0 n 136 (table contents not committed)
  load op 64 at 92: addr 0x506e00500 idx 0 fmt 1 regoff 0x0 n 3 (table contents not committed)
  load op 63 at 97: addr 0x506dff500 idx 0 fmt 1 regoff 0x0 n 3 (table contents not committed)
  load op 9f at 212: addr 0xfe0040068 idx 0 fmt 1 regoff 0x0 n 921 (table contents not committed)
  load op 9f at 219: addr 0x506e01940 idx 0 fmt 1 regoff 0x0 n 70 (table contents not committed)
  load op 63 at 224: addr 0x908e5ff90 idx 0 fmt 1 regoff 0x0 n 6 (table contents not committed)
  load op 9f at 229: addr 0x908e5ffc0 idx 0 fmt 1 regoff 0x0 n 10 (table contents not committed)
  load op 63 at 234: addr 0x908e5f7d0 idx 0 fmt 1 regoff 0x0 n 6 (table contents not committed)
  load op 9f at 239: addr 0x908e5f800 idx 0 fmt 1 regoff 0x0 n 9 (table contents not committed)
  load op 64 at 244: addr 0x506e00518 idx 0 fmt 1 regoff 0x0 n 5 (table contents not committed)
  load op 9f at 340: addr 0x506e01b70 idx 0 fmt 1 regoff 0x0 n 131 (table contents not committed)
  load op 64 at 347: addr 0x506e00540 idx 0 fmt 1 regoff 0x0 n 1 (table contents not committed)
  load op 9f at 379: addr 0xfe0040068 idx 0 fmt 1 regoff 0x0 n 921 (table contents not committed)
  load op 9f at 386: addr 0x506e01f88 idx 0 fmt 1 regoff 0x0 n 70 (table contents not committed)
  load op 63 at 391: addr 0x908e5ff90 idx 0 fmt 1 regoff 0x0 n 6 (table contents not committed)
  load op 9f at 396: addr 0x908e5ffc0 idx 0 fmt 1 regoff 0x0 n 10 (table contents not committed)
  load op 63 at 401: addr 0x908e5f7d0 idx 0 fmt 1 regoff 0x0 n 6 (table contents not committed)
  load op 9f at 406: addr 0x908e5f800 idx 0 fmt 1 regoff 0x0 n 9 (table contents not committed)
  load op 64 at 411: addr 0x506e00548 idx 0 fmt 1 regoff 0x0 n 5 (table contents not committed)
  load op 9f at 548: addr 0x506e021b8 idx 0 fmt 1 regoff 0x0 n 98 (table contents not committed)
  load op 64 at 555: addr 0x506e00570 idx 0 fmt 1 regoff 0x0 n 1 (table contents not committed)
  load op 9f at 560: addr 0x506dfe500 idx 0 fmt 1 regoff 0x0 n 33 (table contents not committed)
  load op 9f at 592: addr 0xfe0040068 idx 0 fmt 1 regoff 0x0 n 921 (table contents not committed)
  load op 9f at 599: addr 0x506dfe608 idx 0 fmt 1 regoff 0x0 n 70 (table contents not committed)
  load op 63 at 604: addr 0x908e5ff90 idx 0 fmt 1 regoff 0x0 n 6 (table contents not committed)
  load op 9f at 609: addr 0x908e5ffc0 idx 0 fmt 1 regoff 0x0 n 10 (table contents not committed)
  load op 63 at 614: addr 0x908e5f7d0 idx 0 fmt 1 regoff 0x0 n 6 (table contents not committed)
  load op 9f at 619: addr 0x908e5f800 idx 0 fmt 1 regoff 0x0 n 9 (table contents not committed)
  load op 64 at 624: addr 0x506e00578 idx 0 fmt 1 regoff 0x0 n 5 (table contents not committed)
submit #505 dcb 798 dwords at 0x506802500: pass 103 rewrite 35 drop 22 unmapped 0 cc 6 mappings 328 ... OK rc 0 21.38 ms
state stack #505: push 3 pop 3 conditional 1 unmatched 0; restored 2763 regs (+2811 dwords); tables 17, unreadable 0
pipestat #505 (798 dwords): ia_verts 9 ia_prims 3 vs 9 gs_inv 3 gs_prims 0 c_inv 3 c_prims 3 ps 0 cs 0
submit #506 acb 463 dwords at 0x4004867c0: pass 43 rewrite 11 drop 27 unmapped 0 cc 0 mappings 328 ... OK rc 0 21.17 ms
acb head: 1287 of 1336 dwords go ahead of the wait at 1287 on 0x400202f80
  load op 9f at 36: addr 0xfe0040068 idx 0 fmt 1 regoff 0x0 n 921 (table contents not committed)
  load op 63 at 41: addr 0xfe0042068 idx 0 fmt 1 regoff 0x0 n 174 (table contents not committed)
  load op 64 at 46: addr 0xfe00425d8 idx 0 fmt 1 regoff 0x0 n 57 (table contents not committed)
  load op 9f at 88: addr 0x505201500 idx 0 fmt 1 regoff 0x0 n 5 (table contents not committed)
  load op 64 at 93: addr 0x505200500 idx 0 fmt 1 regoff 0x0 n 2 (table contents not committed)
  load op 63 at 98: addr 0x5051ff500 idx 0 fmt 1 regoff 0x0 n 3 (table contents not committed)
  load op 9f at 756: addr 0xfe0040068 idx 0 fmt 1 regoff 0x0 n 921 (table contents not committed)
  load op 9f at 763: addr 0x505201528 idx 0 fmt 1 regoff 0x0 n 74 (table contents not committed)
  load op 63 at 768: addr 0x908e5ff90 idx 0 fmt 1 regoff 0x0 n 6 (table contents not committed)
  load op 9f at 773: addr 0x908e5ffc0 idx 0 fmt 1 regoff 0x0 n 10 (table contents not committed)
  load op 64 at 778: addr 0x505200510 idx 0 fmt 1 regoff 0x0 n 5 (table contents not committed)
  load op 9f at 901: addr 0xfe0040068 idx 0 fmt 1 regoff 0x0 n 921 (table contents not committed)
  load op 9f at 908: addr 0x505201778 idx 0 fmt 1 regoff 0x0 n 74 (table contents not committed)
  load op 63 at 913: addr 0x908e5ff90 idx 0 fmt 1 regoff 0x0 n 6 (table contents not committed)
  load op 9f at 918: addr 0x908e5ffc0 idx 0 fmt 1 regoff 0x0 n 10 (table contents not committed)
  load op 64 at 923: addr 0x505200538 idx 0 fmt 1 regoff 0x0 n 5 (table contents not committed)
  load op 9f at 1046: addr 0xfe0040068 idx 0 fmt 1 regoff 0x0 n 921 (table contents not committed)
  load op 9f at 1053: addr 0x5052019c8 idx 0 fmt 1 regoff 0x0 n 74 (table contents not committed)
  load op 63 at 1058: addr 0x908e5ff90 idx 0 fmt 1 regoff 0x0 n 6 (table contents not committed)
  load op 9f at 1063: addr 0x908e5ffc0 idx 0 fmt 1 regoff 0x0 n 10 (table contents not committed)
  load op 64 at 1068: addr 0x505200560 idx 0 fmt 1 regoff 0x0 n 5 (table contents not committed)
submit #507 dcb 1248 dwords at 0x504e02500: pass 151 rewrite 46 drop 45 unmapped 0 cc 6 mappings 328 ... OK rc 0 20.87 ms
state stack #507: push 3 pop 3 conditional 1 unmatched 0; restored 2763 regs (+2811 dwords); tables 11, unreadable 0
pipestat #507 (1248 dwords): ia_verts 9 ia_prims 3 vs 9 gs_inv 3 gs_prims 0 c_inv 3 c_prims 3 ps 0 cs 36864
flip 1/1 buffer 0x5093f0000 +0x1fe0000: sum 0x17ea65194594 nonzero 8100/8160 pattern 0
  target CB0 0x507410000: distinct 53 min 0xc0000000 max 0xc340d034,   target CB0 0x507410000: nonzero 1024/1024
  target CB0 0x563800000: distinct 1 min 0x00000000 max 0x00000000,   target CB0 0x563800000: nonzero 0/1024
  target CB0 0x55c00d000: distinct 4 min 0x00000000 max 0xffffffff,   target CB0 0x55c00d000: nonzero 147/1024
  target CB0 0x5637f0000: distinct 1 min 0x00000000 max 0x00000000,   target CB0 0x5637f0000: nonzero 0/1024
  target CB0 0x526bf0000: distinct 1 min 0x38003800 max 0x38003800,   target CB0 0x526bf0000: nonzero 1024/1024
  target CB0 0x5719a8000: distinct 15 min 0x00000000 max 0xffffffff,   target CB0 0x5719a8000: nonzero 102/1024
  target DB_HTILE 0x5203a0000: distinct 2 min 0x00000000 max 0xfffffff0,   target DB_HTILE 0x5203a0000: nonzero 160/1024
  target DB_Z_READ 0x51db50000: distinct 1 min 0x3f800000 max 0x3f800000,   target DB_Z_READ 0x51db50000: nonzero 1024/1024
  target DB_STENCIL_READ 0x51fb30000: distinct 1 min 0x80800000 max 0x80800000,   target DB_STENCIL_READ 0x51fb30000: nonzero 1024/1024
  target CB0 0x513bf0000: distinct 1 min 0x00000000 max 0x00000000,   target CB0 0x513bf0000: nonzero 0/1024
  target CB0 0x571867000: distinct 17 min 0x00000000 max 0xffffffff,   target CB0 0x571867000: nonzero 215/1024
  target CB0 0x57187b000: distinct 17 min 0x00000000 max 0xffffffff,   target CB0 0x57187b000: nonzero 195/1024
  target CB0 0x519b90000: distinct 1 min 0x00000000 max 0x00000000,   target CB0 0x519b90000: nonzero 0/1024
  target CB0 0x5718eb000: distinct 16 min 0x00000000 max 0xffffffff,   target CB0 0x5718eb000: nonzero 123/1024
  target DB_HTILE 0x55c050000: distinct 3 min 0x00000000 max 0xffffffff,   target DB_HTILE 0x55c050000: nonzero 144/1024
  target DB_Z_READ 0x527430000: distinct 1 min 0xffffffff max 0xffffffff,   target DB_Z_READ 0x527430000: nonzero 1024/1024
submit #508 acb 1287 dwords at 0x4002a55c0: pass 118 rewrite 35 drop 63 unmapped 0 cc 0 mappings 328 ... OK rc 0 21.66 ms
cpu-wait WAIT_REG_MEM64 at 115 on 0x400202d40: satisfied after 0.0 ms
cpu-wait WAIT_REG_MEM64 at 1629 on 0x400202dc0: satisfied after 0.0 ms
cpu-wait WAIT_REG_MEM64 at 8472 on 0x55d4d00b6e68: satisfied after 0.0 ms
  indirect op 16 at 1246: base 0x5074063c0 +0x0 -> 1 1 1 0 0
  indirect op 16 at 1278: base 0x5074063e0 +0x0 -> 1 1 1 0 0
  indirect op 16 at 1310: base 0x50740a520 +0x0 -> 1 1 1 0 0
  indirect op 16 at 1342: base 0x50740a540 +0x0 -> 1 1 1 0 0
  indirect op 25 at 4584: base 0x56ddaffa0 +0x0 -> 1 512 0 0 0
  load op 9f at 28: addr 0xfe0040068 idx 0 fmt 1 regoff 0x0 n 921 (table contents not committed)
  load op 63 at 33: addr 0xfe0042068 idx 0 fmt 1 regoff 0x0 n 174 (table contents not committed)
  load op 64 at 38: addr 0xfe00425d8 idx 0 fmt 1 regoff 0x0 n 57 (table contents not committed)
  load op 9f at 80: addr 0x502e01500 idx 0 fmt 1 regoff 0x0 n 295 (table contents not committed)
  load op 64 at 85: addr 0x502e00500 idx 0 fmt 1 regoff 0x0 n 7 (table contents not committed)
  load op 63 at 90: addr 0x502dff500 idx 0 fmt 1 regoff 0x0 n 13 (table contents not committed)
  load op 63 at 342: addr 0x502dff568 idx 0 fmt 1 regoff 0x0 n 10 (table contents not committed)
  load op 63 at 734: addr 0x502dff5b8 idx 0 fmt 1 regoff 0x0 n 18 (table contents not committed)
  load op 63 at 1217: addr 0x502dff648 idx 0 fmt 1 regoff 0x0 n 10 (table contents not committed)
  load op 63 at 1249: addr 0x502dff698 idx 0 fmt 1 regoff 0x0 n 10 (table contents not committed)
  load op 63 at 1281: addr 0x502dff6e8 idx 0 fmt 1 regoff 0x0 n 10 (table contents not committed)
  load op 63 at 1313: addr 0x502dff738 idx 0 fmt 1 regoff 0x0 n 10 (table contents not committed)
  load op 9f at 1724: addr 0xfe0040068 idx 0 fmt 1 regoff 0x0 n 921 (table contents not committed)
  load op 9f at 1731: addr 0x502e01e38 idx 0 fmt 1 regoff 0x0 n 74 (table contents not committed)
  load op 63 at 1736: addr 0x908e5ff90 idx 0 fmt 1 regoff 0x0 n 6 (table contents not committed)
  load op 9f at 1741: addr 0x908e5ffc0 idx 0 fmt 1 regoff 0x0 n 10 (table contents not committed)
  load op 64 at 1746: addr 0x502e00538 idx 0 fmt 1 regoff 0x0 n 5 (table contents not committed)
  load op 9f at 1799: addr 0x502e02088 idx 0 fmt 1 regoff 0x0 n 132 (table contents not committed)
  load op 63 at 1804: addr 0x502dff788 idx 0 fmt 1 regoff 0x0 n 30 (table contents not committed)
  load op 64 at 1884: addr 0x502e00560 idx 0 fmt 1 regoff 0x0 n 5 (table contents not committed)
  load op 9f at 1891: addr 0x502dfd440 idx 0 fmt 1 regoff 0x0 n 175 (table contents not committed)
  load op 63 at 2106: addr 0x502dff878 idx 0 fmt 1 regoff 0x0 n 20 (table contents not committed)
  load op 9f at 3069: addr 0xfe0040068 idx 0 fmt 1 regoff 0x0 n 921 (table contents not committed)
  load op 9f at 3076: addr 0x502dfd9b8 idx 0 fmt 1 regoff 0x0 n 70 (table contents not committed)
  load op 63 at 3081: addr 0x908e5ff90 idx 0 fmt 1 regoff 0x0 n 6 (table contents not committed)
  load op 9f at 3086: addr 0x908e5ffc0 idx 0 fmt 1 regoff 0x0 n 10 (table contents not committed)
  load op 63 at 3091: addr 0x908e5f7d0 idx 0 fmt 1 regoff 0x0 n 6 (table contents not committed)
  load op 9f at 3096: addr 0x908e5f800 idx 0 fmt 1 regoff 0x0 n 9 (table contents not committed)
  load op 64 at 3101: addr 0x502e00588 idx 0 fmt 1 regoff 0x0 n 5 (table contents not committed)
  load op 9f at 3140: addr 0x502dfdbe8 idx 0 fmt 1 regoff 0x0 n 19 (table contents not committed)
  load op 63 at 3145: addr 0x502dff918 idx 0 fmt 1 regoff 0x0 n 12 (table contents not committed)
  load op 9f at 3268: addr 0xfe0040068 idx 0 fmt 1 regoff 0x0 n 921 (table contents not committed)
  load op 9f at 3275: addr 0x502dfdc80 idx 0 fmt 1 regoff 0x0 n 74 (table contents not committed)
  load op 63 at 3280: addr 0x908e5ff90 idx 0 fmt 1 regoff 0x0 n 6 (table contents not committed)
  load op 9f at 3285: addr 0x908e5ffc0 idx 0 fmt 1 regoff 0x0 n 10 (table contents not committed)
  load op 64 at 3290: addr 0x502e005b0 idx 0 fmt 1 regoff 0x0 n 5 (table contents not committed)
  load op 9f at 3329: addr 0x502dfded0 idx 0 fmt 1 regoff 0x0 n 166 (table contents not committed)
  load op 63 at 3334: addr 0x502dff978 idx 0 fmt 1 regoff 0x0 n 30 (table contents not committed)
  load op 64 at 3430: addr 0x502e005d8 idx 0 fmt 1 regoff 0x0 n 5 (table contents not committed)
  load op 9f at 3437: addr 0x502dfc320 idx 0 fmt 1 regoff 0x0 n 135 (table contents not committed)
  load op 63 at 3675: addr 0x502dffa68 idx 0 fmt 1 regoff 0x0 n 36 (table contents not committed)
  load op 64 at 4540: addr 0x502e00600 idx 0 fmt 1 regoff 0x0 n 6 (table contents not committed)
  load op 9f at 4545: addr 0x502dfc758 idx 0 fmt 1 regoff 0x0 n 376 (table contents not committed)
  load op 9f at 4552: addr 0x502dfb118 idx 0 fmt 1 regoff 0x0 n 205 (table contents not committed)
  load op 9f at 4853: addr 0xfe0040068 idx 0 fmt 1 regoff 0x0 n 921 (table contents not committed)
  load op 9f at 4860: addr 0x502dfb780 idx 0 fmt 1 regoff 0x0 n 74 (table contents not committed)
  load op 63 at 4865: addr 0x908e5ff90 idx 0 fmt 1 regoff 0x0 n 6 (table contents not committed)
  load op 9f at 4870: addr 0x908e5ffc0 idx 0 fmt 1 regoff 0x0 n 10 (table contents not committed)
  load op 64 at 4875: addr 0x502e00630 idx 0 fmt 1 regoff 0x0 n 5 (table contents not committed)
  load op 63 at 4914: addr 0x502dffb88 idx 0 fmt 1 regoff 0x0 n 21 (table contents not committed)
  load op 9f at 4925: addr 0x502dfb9d0 idx 0 fmt 1 regoff 0x0 n 223 (table contents not committed)
  load op 64 at 6315: addr 0x502e00658 idx 0 fmt 1 regoff 0x0 n 5 (table contents not committed)
  load op 63 at 6322: addr 0x502dffc30 idx 0 fmt 1 regoff 0x0 n 18 (table contents not committed)
  load op 9f at 6327: addr 0x502df9e30 idx 0 fmt 1 regoff 0x0 n 67 (table contents not committed)
  load op 9f at 6440: addr 0x502dfa048 idx 0 fmt 1 regoff 0x0 n 129 (table contents not committed)
  load op 63 at 6445: addr 0x502dffcc0 idx 0 fmt 1 regoff 0x0 n 18 (table contents not committed)
  load op 64 at 6450: addr 0x502e00680 idx 0 fmt 1 regoff 0x0 n 3 (table contents not committed)
  load op 9f at 6563: addr 0x502dfa450 idx 0 fmt 1 regoff 0x0 n 129 (table contents not committed)
  load op 63 at 6568: addr 0x502dffd50 idx 0 fmt 1 regoff 0x0 n 18 (table contents not committed)
  load op 64 at 6573: addr 0x502e00698 idx 0 fmt 1 regoff 0x0 n 3 (table contents not committed)
  load op 9f at 6686: addr 0x502dfa858 idx 0 fmt 1 regoff 0x0 n 58 (table contents not committed)
  load op 9f at 6791: addr 0x502dfaa28 idx 0 fmt 1 regoff 0x0 n 66 (table contents not committed)
  load op 9f at 6896: addr 0x502dfac38 idx 0 fmt 1 regoff 0x0 n 58 (table contents not committed)
  load op 9f at 7001: addr 0x502df81a0 idx 0 fmt 1 regoff 0x0 n 66 (table contents not committed)
  load op 9f at 7106: addr 0x502df83b0 idx 0 fmt 1 regoff 0x0 n 58 (table contents not committed)
  load op 9f at 7211: addr 0x502df8580 idx 0 fmt 1 regoff 0x0 n 130 (table contents not committed)
  load op 63 at 7216: addr 0x502dffde0 idx 0 fmt 1 regoff 0x0 n 18 (table contents not committed)
  load op 64 at 7221: addr 0x502e006b0 idx 0 fmt 1 regoff 0x0 n 3 (table contents not committed)
  load op 9f at 7348: addr 0x502df8990 idx 0 fmt 1 regoff 0x0 n 135 (table contents not committed)
  load op 63 at 7353: addr 0x502dffe70 idx 0 fmt 1 regoff 0x0 n 18 (table contents not committed)
  load op 64 at 7358: addr 0x502e006c8 idx 0 fmt 1 regoff 0x0 n 3 (table contents not committed)
  load op 63 at 7936: addr 0x502dfff00 idx 0 fmt 1 regoff 0x0 n 28 (table contents not committed)
  load op 64 at 8513: addr 0x502e006e0 idx 0 fmt 1 regoff 0x0 n 5 (table contents not committed)
  load op 9f at 8518: addr 0x502df8dc8 idx 0 fmt 1 regoff 0x0 n 113 (table contents not committed)
  load op 9f at 8525: addr 0x502df6918 idx 0 fmt 1 regoff 0x0 n 168 (table contents not committed)
submit #509 dcb 9023 dwords at 0x502702500: pass 559 rewrite 484 drop 408 unmapped 1 cc 8 mappings 328 ... OK rc 0 23.79 ms
state stack #509: push 4 pop 4 conditional 1 unmatched 0; restored 3684 regs (+3748 dwords); tables 35, unreadable 0
pipestat #509 (9023 dwords): ia_verts 566 ia_prims 530 vs 566 gs_inv 530 gs_prims 0 c_inv 189 c_prims 88 ps 46477680 cs 11142145
submit #510 acb 2 dwords at 0xfe003a200: pass 1 rewrite 0 drop 0 unmapped 0 cc 0 mappings 328 ... OK rc 0 20.71 ms
cpu-wait WAIT_REG_MEM64 at 0 on 0x400202f80: satisfied after 0.0 ms
map 0x301280000 +0x10000 ... ok
map 0x304610000 +0x10000 ... ok
map 0x7e960c000 +0x200000 ... ok
map 0x7e9810000 +0x200000 ... ok
map 0x11538a0000 +0x2f80000 ... ok
swapped pages taken as resident so far: 0
vmas 114 total 13079.0 MiB resident 4546.6 MiB mapped 4546.8 MiB
submit #511 cc 3 dwords at 0x313b17cf4: pass 0 rewrite 1 drop 0 unmapped 0 cc 1 mappings 333 ... OK rc 0 20.83 ms
map 0x1156820000 +0x17c0000 ... ok
swapped pages taken as resident so far: 0
vmas 114 total 13079.0 MiB resident 4570.5 MiB mapped 4570.5 MiB
submit #512 acb 49 dwords at 0x4002a69dc: pass 2 rewrite 3 drop 3 unmapped 0 cc 0 mappings 334 ... OK rc 0 20.92 ms
  load op 61 at 10: base 0xfe0008000 pairs (0x0,215) (0xd8,272) (0x1f5,4) (0x1ff,158) (0x2a0,2) (0x2a3,1) (0x2a5,66) (0x2f5,203)
  load op 5f at 29: base 0xfe0010000 pairs (0x1,1) (0x6,38) (0x32,4) (0x80,4) (0x87,37) (0xb2,4) (0xc8,2) (0x100,4) (0x107,37) (0x132,4) (0x148,2) (0x204,3) (0x20c,2) (0x212,2) (0x215,6) (0x224,5) (0x22a,1) (0x240,16) (0x27d,1) (0x280,1) (0x207,3)
  load op 5e at 74: base 0xfe0011000 pairs (0x35,8) (0xa2,1) (0x242,1) (0x248,1) (0x24a,2) (0x25b,6) (0x262,1) (0x2bb,5) (0x2c4,16) (0x2e4,8) (0x380,2) (0x383,2) (0x41d,3) (0x24d,1)
  load op 61 at 105: base 0xfe0008000 pairs (0x0,0)
  load op 5f at 110: base 0xfe0010000 pairs (0x0,0)
  load op 5e at 115: base 0xfe0011000 pairs (0x0,0)
  load op 61 at 125: base 0xfe0008000 pairs (0x0,0)
  load op 5f at 130: base 0xfe0010000 pairs (0x0,0)
  load op 5e at 135: base 0xfe0011000 pairs (0x0,0)
submit #513 hib 150 dwords at 0xfe0000000: pass 12 rewrite 2 drop 2 unmapped 0 cc 2 mappings 334 ... OK rc 0 21.48 ms
submit #514 hib 2 dwords at 0xfe003a200: pass 1 rewrite 0 drop 0 unmapped 0 cc 0 mappings 334 ... OK rc 0 21.35 ms
  load op 9f at 38: addr 0xfe0040068 idx 0 fmt 1 regoff 0x0 n 921 (table contents not committed)
  load op 63 at 43: addr 0xfe0042068 idx 0 fmt 1 regoff 0x0 n 174 (table contents not committed)
  load op 64 at 48: addr 0xfe00425d8 idx 0 fmt 1 regoff 0x0 n 49 (table contents not committed)
submit #515 dcb 96 dwords at 0xfe0042920: pass 20 rewrite 2 drop 2 unmapped 0 cc 0 mappings 334 ... OK rc 0 21.09 ms
  load op 9f at 36: addr 0xfe0040068 idx 0 fmt 1 regoff 0x0 n 921 (table contents not committed)
  load op 63 at 41: addr 0xfe0042068 idx 0 fmt 1 regoff 0x0 n 174 (table contents not committed)
  load op 64 at 46: addr 0xfe00425d8 idx 0 fmt 1 regoff 0x0 n 57 (table contents not committed)
  load op 9f at 88: addr 0x504a01500 idx 0 fmt 1 regoff 0x0 n 136 (table contents not committed)
  load op 64 at 93: addr 0x504a00500 idx 0 fmt 1 regoff 0x0 n 3 (table contents not committed)
  load op 63 at 98: addr 0x5049ff500 idx 0 fmt 1 regoff 0x0 n 3 (table contents not committed)
  load op 9f at 1919: addr 0xfe0040068 idx 0 fmt 1 regoff 0x0 n 921 (table contents not committed)
  load op 9f at 1926: addr 0x504a01940 idx 0 fmt 1 regoff 0x0 n 70 (table contents not committed)
  load op 63 at 1931: addr 0x908e5ff90 idx 0 fmt 1 regoff 0x0 n 6 (table contents not committed)
  load op 9f at 1936: addr 0x908e5ffc0 idx 0 fmt 1 regoff 0x0 n 10 (table contents not committed)
  load op 63 at 1941: addr 0x908e5f7d0 idx 0 fmt 1 regoff 0x0 n 6 (table contents not committed)
  load op 9f at 1946: addr 0x908e5f800 idx 0 fmt 1 regoff 0x0 n 9 (table contents not committed)
  load op 64 at 1951: addr 0x504a00518 idx 0 fmt 1 regoff 0x0 n 5 (table contents not committed)
  load op 9f at 2069: addr 0x504a01b70 idx 0 fmt 1 regoff 0x0 n 131 (table contents not committed)
  load op 64 at 2076: addr 0x504a00540 idx 0 fmt 1 regoff 0x0 n 1 (table contents not committed)
  load op 9f at 2108: addr 0xfe0040068 idx 0 fmt 1 regoff 0x0 n 921 (table contents not committed)
  load op 9f at 2115: addr 0x504a01f88 idx 0 fmt 1 regoff 0x0 n 70 (table contents not committed)
  load op 63 at 2120: addr 0x908e5ff90 idx 0 fmt 1 regoff 0x0 n 6 (table contents not committed)
  load op 9f at 2125: addr 0x908e5ffc0 idx 0 fmt 1 regoff 0x0 n 10 (table contents not committed)
  load op 63 at 2130: addr 0x908e5f7d0 idx 0 fmt 1 regoff 0x0 n 6 (table contents not committed)
  load op 9f at 2135: addr 0x908e5f800 idx 0 fmt 1 regoff 0x0 n 9 (table contents not committed)
  load op 64 at 2140: addr 0x504a00548 idx 0 fmt 1 regoff 0x0 n 5 (table contents not committed)
  load op 63 at 2236: addr 0x5049ff518 idx 0 fmt 1 regoff 0x0 n 10 (table contents not committed)
  load op 63 at 2427: addr 0x5049ff568 idx 0 fmt 1 regoff 0x0 n 28 (table contents not committed)
  load op 64 at 2501: addr 0x504a00570 idx 0 fmt 1 regoff 0x0 n 5 (table contents not committed)
  load op 9f at 2508: addr 0x504a021b8 idx 0 fmt 1 regoff 0x0 n 96 (table contents not committed)
  load op 9f at 2513: addr 0x5049fe390 idx 0 fmt 1 regoff 0x0 n 194 (table contents not committed)
submit #516 dcb 3025 dwords at 0x504302500: pass 290 rewrite 123 drop 120 unmapped 0 cc 4 mappings 334 ... OK rc 0 22.25 ms
state stack #516: push 2 pop 2 conditional 1 unmatched 0; restored 1842 regs (+1874 dwords); tables 13, unreadable 0
pipestat #516 (3025 dwords): ia_verts 9 ia_prims 3 vs 9 gs_inv 3 gs_prims 0 c_inv 3 c_prims 3 ps 8294400 cs 1702912
  load op 9f at 38: addr 0xfe0040068 idx 0 fmt 1 regoff 0x0 n 921 (table contents not committed)
  load op 63 at 43: addr 0xfe0042068 idx 0 fmt 1 regoff 0x0 n 174 (table contents not committed)
  load op 64 at 48: addr 0xfe00425d8 idx 0 fmt 1 regoff 0x0 n 57 (table contents not committed)
  load op 9f at 90: addr 0x506201500 idx 0 fmt 1 regoff 0x0 n 5 (table contents not committed)
  load op 64 at 95: addr 0x506200500 idx 0 fmt 1 regoff 0x0 n 2 (table contents not committed)
  load op 63 at 100: addr 0x5061ff500 idx 0 fmt 1 regoff 0x0 n 3 (table contents not committed)
submit #517 dcb 851 dwords at 0x505e02500: pass 47 rewrite 55 drop 45 unmapped 0 cc 0 mappings 334 ... OK rc 0 529.32 ms
pipestat #517 (851 dwords): ia_verts 0 ia_prims 0 vs 0 gs_inv 0 gs_prims 0 c_inv 0 c_prims 0 ps 0 cs 294912
submit #518 acb 2 dwords at 0xfe003a200: pass 1 rewrite 0 drop 0 unmapped 0 cc 0 mappings 334 ... OK rc 0 21.14 ms
cpu-wait WAIT_REG_MEM64 at 87 on 0x400203980: satisfied after 0.0 ms
  load op 9f at 35: addr 0xfe0040068 idx 0 fmt 1 regoff 0x0 n 921 (table contents not committed)
  load op 63 at 40: addr 0xfe0042068 idx 0 fmt 1 regoff 0x0 n 174 (table contents not committed)
  load op 64 at 45: addr 0xfe00425d8 idx 0 fmt 1 regoff 0x0 n 57 (table contents not committed)
  load op 9f at 87: addr 0x507401500 idx 0 fmt 1 regoff 0x0 n 136 (table contents not committed)
  load op 64 at 92: addr 0x507400500 idx 0 fmt 1 regoff 0x0 n 3 (table contents not committed)
  load op 63 at 97: addr 0x5073ff500 idx 0 fmt 1 regoff 0x0 n 3 (table contents not committed)
  load op 9f at 212: addr 0xfe0040068 idx 0 fmt 1 regoff 0x0 n 921 (table contents not committed)
  load op 9f at 219: addr 0x507401940 idx 0 fmt 1 regoff 0x0 n 70 (table contents not committed)
  load op 63 at 224: addr 0x908e5ff90 idx 0 fmt 1 regoff 0x0 n 6 (table contents not committed)
  load op 9f at 229: addr 0x908e5ffc0 idx 0 fmt 1 regoff 0x0 n 10 (table contents not committed)
  load op 63 at 234: addr 0x908e5f7d0 idx 0 fmt 1 regoff 0x0 n 6 (table contents not committed)
  load op 9f at 239: addr 0x908e5f800 idx 0 fmt 1 regoff 0x0 n 9 (table contents not committed)
  load op 64 at 244: addr 0x507400518 idx 0 fmt 1 regoff 0x0 n 5 (table contents not committed)
  load op 9f at 340: addr 0x507401b70 idx 0 fmt 1 regoff 0x0 n 131 (table contents not committed)
  load op 64 at 347: addr 0x507400540 idx 0 fmt 1 regoff 0x0 n 1 (table contents not committed)
  load op 9f at 379: addr 0xfe0040068 idx 0 fmt 1 regoff 0x0 n 921 (table contents not committed)
  load op 9f at 386: addr 0x507401f88 idx 0 fmt 1 regoff 0x0 n 70 (table contents not committed)
  load op 63 at 391: addr 0x908e5ff90 idx 0 fmt 1 regoff 0x0 n 6 (table contents not committed)
  load op 9f at 396: addr 0x908e5ffc0 idx 0 fmt 1 regoff 0x0 n 10 (table contents not committed)
  load op 63 at 401: addr 0x908e5f7d0 idx 0 fmt 1 regoff 0x0 n 6 (table contents not committed)
  load op 9f at 406: addr 0x908e5f800 idx 0 fmt 1 regoff 0x0 n 9 (table contents not committed)
  load op 64 at 411: addr 0x507400548 idx 0 fmt 1 regoff 0x0 n 5 (table contents not committed)
  load op 9f at 548: addr 0x5074021b8 idx 0 fmt 1 regoff 0x0 n 98 (table contents not committed)
  load op 64 at 555: addr 0x507400570 idx 0 fmt 1 regoff 0x0 n 1 (table contents not committed)
  load op 9f at 560: addr 0x5073fe500 idx 0 fmt 1 regoff 0x0 n 33 (table contents not committed)
  load op 9f at 592: addr 0xfe0040068 idx 0 fmt 1 regoff 0x0 n 921 (table contents not committed)
  load op 9f at 599: addr 0x5073fe608 idx 0 fmt 1 regoff 0x0 n 70 (table contents not committed)
  load op 63 at 604: addr 0x908e5ff90 idx 0 fmt 1 regoff 0x0 n 6 (table contents not committed)
  load op 9f at 609: addr 0x908e5ffc0 idx 0 fmt 1 regoff 0x0 n 10 (table contents not committed)
  load op 63 at 614: addr 0x908e5f7d0 idx 0 fmt 1 regoff 0x0 n 6 (table contents not committed)
  load op 9f at 619: addr 0x908e5f800 idx 0 fmt 1 regoff 0x0 n 9 (table contents not committed)
  load op 64 at 624: addr 0x507400578 idx 0 fmt 1 regoff 0x0 n 5 (table contents not committed)
submit #519 dcb 798 dwords at 0x506e02500: pass 103 rewrite 35 drop 22 unmapped 0 cc 6 mappings 334 ... OK rc 0 22.27 ms
state stack #519: push 3 pop 3 conditional 1 unmatched 0; restored 2763 regs (+2811 dwords); tables 17, unreadable 0
pipestat #519 (798 dwords): ia_verts 9 ia_prims 3 vs 9 gs_inv 3 gs_prims 0 c_inv 3 c_prims 3 ps 0 cs 0
submit #520 acb 463 dwords at 0x400526840: pass 43 rewrite 11 drop 27 unmapped 0 cc 0 mappings 334 ... OK rc 0 21.71 ms
acb head: 1287 of 1336 dwords go ahead of the wait at 1287 on 0x400203b80
  load op 9f at 36: addr 0xfe0040068 idx 0 fmt 1 regoff 0x0 n 921 (table contents not committed)
  load op 63 at 41: addr 0xfe0042068 idx 0 fmt 1 regoff 0x0 n 174 (table contents not committed)
  load op 64 at 46: addr 0xfe00425d8 idx 0 fmt 1 regoff 0x0 n 57 (table contents not committed)
  load op 9f at 88: addr 0x505601500 idx 0 fmt 1 regoff 0x0 n 5 (table contents not committed)
  load op 64 at 93: addr 0x505600500 idx 0 fmt 1 regoff 0x0 n 2 (table contents not committed)
  load op 63 at 98: addr 0x5055ff500 idx 0 fmt 1 regoff 0x0 n 3 (table contents not committed)
  load op 9f at 756: addr 0xfe0040068 idx 0 fmt 1 regoff 0x0 n 921 (table contents not committed)
  load op 9f at 763: addr 0x505601528 idx 0 fmt 1 regoff 0x0 n 74 (table contents not committed)
  load op 63 at 768: addr 0x908e5ff90 idx 0 fmt 1 regoff 0x0 n 6 (table contents not committed)
  load op 9f at 773: addr 0x908e5ffc0 idx 0 fmt 1 regoff 0x0 n 10 (table contents not committed)
  load op 64 at 778: addr 0x505600510 idx 0 fmt 1 regoff 0x0 n 5 (table contents not committed)
  load op 9f at 901: addr 0xfe0040068 idx 0 fmt 1 regoff 0x0 n 921 (table contents not committed)
  load op 9f at 908: addr 0x505601778 idx 0 fmt 1 regoff 0x0 n 74 (table contents not committed)
  load op 63 at 913: addr 0x908e5ff90 idx 0 fmt 1 regoff 0x0 n 6 (table contents not committed)
  load op 9f at 918: addr 0x908e5ffc0 idx 0 fmt 1 regoff 0x0 n 10 (table contents not committed)
  load op 64 at 923: addr 0x505600538 idx 0 fmt 1 regoff 0x0 n 5 (table contents not committed)
  load op 9f at 1046: addr 0xfe0040068 idx 0 fmt 1 regoff 0x0 n 921 (table contents not committed)
  load op 9f at 1053: addr 0x5056019c8 idx 0 fmt 1 regoff 0x0 n 74 (table contents not committed)
  load op 63 at 1058: addr 0x908e5ff90 idx 0 fmt 1 regoff 0x0 n 6 (table contents not committed)
  load op 9f at 1063: addr 0x908e5ffc0 idx 0 fmt 1 regoff 0x0 n 10 (table contents not committed)
  load op 64 at 1068: addr 0x505600560 idx 0 fmt 1 regoff 0x0 n 5 (table contents not committed)
submit #521 dcb 1248 dwords at 0x505202500: pass 151 rewrite 46 drop 45 unmapped 0 cc 6 mappings 334 ... OK rc 0 21.64 ms
state stack #521: push 3 pop 3 conditional 1 unmatched 0; restored 2763 regs (+2811 dwords); tables 11, unreadable 0
pipestat #521 (1248 dwords): ia_verts 9 ia_prims 3 vs 9 gs_inv 3 gs_prims 0 c_inv 3 c_prims 3 ps 0 cs 36864
flip 1/0 buffer 0x507410000 +0x1fe0000: sum 0x17ea65194594 nonzero 8100/8160 pattern 0
  target CB0 0x5093f0000: distinct 53 min 0xc0000000 max 0xc340d034,   target CB0 0x5093f0000: nonzero 1024/1024
  target CB0 0x563800000: distinct 1 min 0x00000000 max 0x00000000,   target CB0 0x563800000: nonzero 0/1024
  target CB0 0x55c00d000: distinct 4 min 0x00000000 max 0xffffffff,   target CB0 0x55c00d000: nonzero 147/1024
  target CB0 0x5637f0000: distinct 1 min 0x00000000 max 0x00000000,   target CB0 0x5637f0000: nonzero 0/1024
  target CB0 0x526bf0000: distinct 1 min 0x38003800 max 0x38003800,   target CB0 0x526bf0000: nonzero 1024/1024
  target CB0 0x5719a8000: distinct 13 min 0x00000000 max 0xffffffff,   target CB0 0x5719a8000: nonzero 102/1024
  target DB_HTILE 0x5203a0000: distinct 2 min 0x00000000 max 0xfffffff0,   target DB_HTILE 0x5203a0000: nonzero 160/1024
  target DB_Z_READ 0x51db50000: distinct 1 min 0x3f800000 max 0x3f800000,   target DB_Z_READ 0x51db50000: nonzero 1024/1024
  target DB_STENCIL_READ 0x51fb30000: distinct 1 min 0x80800000 max 0x80800000,   target DB_STENCIL_READ 0x51fb30000: nonzero 1024/1024
  target CB0 0x513bf0000: distinct 1 min 0x00000000 max 0x00000000,   target CB0 0x513bf0000: nonzero 0/1024
  target CB0 0x571867000: distinct 15 min 0x00000000 max 0xffffffff,   target CB0 0x571867000: nonzero 215/1024
  target CB0 0x57187b000: distinct 15 min 0x00000000 max 0xffffffff,   target CB0 0x57187b000: nonzero 195/1024
  target CB0 0x519b90000: distinct 1 min 0x00000000 max 0x00000000,   target CB0 0x519b90000: nonzero 0/1024
  target CB0 0x5718eb000: distinct 14 min 0x00000000 max 0xffffffff,   target CB0 0x5718eb000: nonzero 123/1024
  target DB_HTILE 0x55c050000: distinct 3 min 0x00000000 max 0xffffffff,   target DB_HTILE 0x55c050000: nonzero 144/1024
  target DB_Z_READ 0x527430000: distinct 1 min 0xffffffff max 0xffffffff,   target DB_Z_READ 0x527430000: nonzero 1024/1024
submit #522 acb 1287 dwords at 0x400345640: pass 118 rewrite 35 drop 63 unmapped 0 cc 0 mappings 334 ... OK rc 0 22.02 ms
cpu-wait WAIT_REG_MEM64 at 115 on 0x400203940: satisfied after 0.0 ms
cpu-wait WAIT_REG_MEM64 at 1629 on 0x4002039c0: satisfied after 0.0 ms
cpu-wait WAIT_REG_MEM64 at 8472 on 0x55d4d00b6e60: satisfied after 0.0 ms
  indirect op 16 at 1246: base 0x5074063c0 +0x0 -> 1 1 1 0 0
  indirect op 16 at 1278: base 0x5074063e0 +0x0 -> 1 1 1 0 0
  indirect op 16 at 1310: base 0x50740a520 +0x0 -> 1 1 1 0 0
  indirect op 16 at 1342: base 0x50740a540 +0x0 -> 1 1 1 0 0
  indirect op 25 at 4584: base 0x56ddaffa0 +0x0 -> 1 512 0 0 0
  load op 9f at 28: addr 0xfe0040068 idx 0 fmt 1 regoff 0x0 n 921 (table contents not committed)
  load op 63 at 33: addr 0xfe0042068 idx 0 fmt 1 regoff 0x0 n 174 (table contents not committed)
  load op 64 at 38: addr 0xfe00425d8 idx 0 fmt 1 regoff 0x0 n 57 (table contents not committed)
  load op 9f at 80: addr 0x503501500 idx 0 fmt 1 regoff 0x0 n 295 (table contents not committed)
  load op 64 at 85: addr 0x503500500 idx 0 fmt 1 regoff 0x0 n 7 (table contents not committed)
  load op 63 at 90: addr 0x5034ff500 idx 0 fmt 1 regoff 0x0 n 13 (table contents not committed)
  load op 63 at 342: addr 0x5034ff568 idx 0 fmt 1 regoff 0x0 n 10 (table contents not committed)
  load op 63 at 734: addr 0x5034ff5b8 idx 0 fmt 1 regoff 0x0 n 18 (table contents not committed)
  load op 63 at 1217: addr 0x5034ff648 idx 0 fmt 1 regoff 0x0 n 10 (table contents not committed)
  load op 63 at 1249: addr 0x5034ff698 idx 0 fmt 1 regoff 0x0 n 10 (table contents not committed)
  load op 63 at 1281: addr 0x5034ff6e8 idx 0 fmt 1 regoff 0x0 n 10 (table contents not committed)
  load op 63 at 1313: addr 0x5034ff738 idx 0 fmt 1 regoff 0x0 n 10 (table contents not committed)
  load op 9f at 1724: addr 0xfe0040068 idx 0 fmt 1 regoff 0x0 n 921 (table contents not committed)
  load op 9f at 1731: addr 0x503501e38 idx 0 fmt 1 regoff 0x0 n 74 (table contents not committed)
  load op 63 at 1736: addr 0x908e5ff90 idx 0 fmt 1 regoff 0x0 n 6 (table contents not committed)
  load op 9f at 1741: addr 0x908e5ffc0 idx 0 fmt 1 regoff 0x0 n 10 (table contents not committed)
  load op 64 at 1746: addr 0x503500538 idx 0 fmt 1 regoff 0x0 n 5 (table contents not committed)
  load op 9f at 1799: addr 0x503502088 idx 0 fmt 1 regoff 0x0 n 132 (table contents not committed)
  load op 63 at 1804: addr 0x5034ff788 idx 0 fmt 1 regoff 0x0 n 30 (table contents not committed)
  load op 64 at 1884: addr 0x503500560 idx 0 fmt 1 regoff 0x0 n 5 (table contents not committed)
  load op 9f at 1891: addr 0x5034fd440 idx 0 fmt 1 regoff 0x0 n 175 (table contents not committed)
  load op 63 at 2106: addr 0x5034ff878 idx 0 fmt 1 regoff 0x0 n 20 (table contents not committed)
  load op 9f at 3069: addr 0xfe0040068 idx 0 fmt 1 regoff 0x0 n 921 (table contents not committed)
  load op 9f at 3076: addr 0x5034fd9b8 idx 0 fmt 1 regoff 0x0 n 70 (table contents not committed)
  load op 63 at 3081: addr 0x908e5ff90 idx 0 fmt 1 regoff 0x0 n 6 (table contents not committed)
  load op 9f at 3086: addr 0x908e5ffc0 idx 0 fmt 1 regoff 0x0 n 10 (table contents not committed)
  load op 63 at 3091: addr 0x908e5f7d0 idx 0 fmt 1 regoff 0x0 n 6 (table contents not committed)
  load op 9f at 3096: addr 0x908e5f800 idx 0 fmt 1 regoff 0x0 n 9 (table contents not committed)
  load op 64 at 3101: addr 0x503500588 idx 0 fmt 1 regoff 0x0 n 5 (table contents not committed)
  load op 9f at 3140: addr 0x5034fdbe8 idx 0 fmt 1 regoff 0x0 n 19 (table contents not committed)
  load op 63 at 3145: addr 0x5034ff918 idx 0 fmt 1 regoff 0x0 n 12 (table contents not committed)
  load op 9f at 3268: addr 0xfe0040068 idx 0 fmt 1 regoff 0x0 n 921 (table contents not committed)
  load op 9f at 3275: addr 0x5034fdc80 idx 0 fmt 1 regoff 0x0 n 74 (table contents not committed)
  load op 63 at 3280: addr 0x908e5ff90 idx 0 fmt 1 regoff 0x0 n 6 (table contents not committed)
  load op 9f at 3285: addr 0x908e5ffc0 idx 0 fmt 1 regoff 0x0 n 10 (table contents not committed)
  load op 64 at 3290: addr 0x5035005b0 idx 0 fmt 1 regoff 0x0 n 5 (table contents not committed)
  load op 9f at 3329: addr 0x5034fded0 idx 0 fmt 1 regoff 0x0 n 166 (table contents not committed)
  load op 63 at 3334: addr 0x5034ff978 idx 0 fmt 1 regoff 0x0 n 30 (table contents not committed)
  load op 64 at 3430: addr 0x5035005d8 idx 0 fmt 1 regoff 0x0 n 5 (table contents not committed)
  load op 9f at 3437: addr 0x5034fc320 idx 0 fmt 1 regoff 0x0 n 135 (table contents not committed)
  load op 63 at 3675: addr 0x5034ffa68 idx 0 fmt 1 regoff 0x0 n 36 (table contents not committed)
  load op 64 at 4540: addr 0x503500600 idx 0 fmt 1 regoff 0x0 n 6 (table contents not committed)
  load op 9f at 4545: addr 0x5034fc758 idx 0 fmt 1 regoff 0x0 n 376 (table contents not committed)
  load op 9f at 4552: addr 0x5034fb118 idx 0 fmt 1 regoff 0x0 n 205 (table contents not committed)
  load op 9f at 4853: addr 0xfe0040068 idx 0 fmt 1 regoff 0x0 n 921 (table contents not committed)
  load op 9f at 4860: addr 0x5034fb780 idx 0 fmt 1 regoff 0x0 n 74 (table contents not committed)
  load op 63 at 4865: addr 0x908e5ff90 idx 0 fmt 1 regoff 0x0 n 6 (table contents not committed)
  load op 9f at 4870: addr 0x908e5ffc0 idx 0 fmt 1 regoff 0x0 n 10 (table contents not committed)
  load op 64 at 4875: addr 0x503500630 idx 0 fmt 1 regoff 0x0 n 5 (table contents not committed)
  load op 63 at 4914: addr 0x5034ffb88 idx 0 fmt 1 regoff 0x0 n 21 (table contents not committed)
  load op 9f at 4925: addr 0x5034fb9d0 idx 0 fmt 1 regoff 0x0 n 223 (table contents not committed)
  load op 64 at 6315: addr 0x503500658 idx 0 fmt 1 regoff 0x0 n 5 (table contents not committed)
  load op 63 at 6322: addr 0x5034ffc30 idx 0 fmt 1 regoff 0x0 n 18 (table contents not committed)
  load op 9f at 6327: addr 0x5034f9e30 idx 0 fmt 1 regoff 0x0 n 67 (table contents not committed)
  load op 9f at 6440: addr 0x5034fa048 idx 0 fmt 1 regoff 0x0 n 129 (table contents not committed)
  load op 63 at 6445: addr 0x5034ffcc0 idx 0 fmt 1 regoff 0x0 n 18 (table contents not committed)
  load op 64 at 6450: addr 0x503500680 idx 0 fmt 1 regoff 0x0 n 3 (table contents not committed)
  load op 9f at 6563: addr 0x5034fa450 idx 0 fmt 1 regoff 0x0 n 129 (table contents not committed)
  load op 63 at 6568: addr 0x5034ffd50 idx 0 fmt 1 regoff 0x0 n 18 (table contents not committed)
  load op 64 at 6573: addr 0x503500698 idx 0 fmt 1 regoff 0x0 n 3 (table contents not committed)
  load op 9f at 6686: addr 0x5034fa858 idx 0 fmt 1 regoff 0x0 n 58 (table contents not committed)
  load op 9f at 6791: addr 0x5034faa28 idx 0 fmt 1 regoff 0x0 n 66 (table contents not committed)
  load op 9f at 6896: addr 0x5034fac38 idx 0 fmt 1 regoff 0x0 n 58 (table contents not committed)
  load op 9f at 7001: addr 0x5034f81a0 idx 0 fmt 1 regoff 0x0 n 66 (table contents not committed)
  load op 9f at 7106: addr 0x5034f83b0 idx 0 fmt 1 regoff 0x0 n 58 (table contents not committed)
  load op 9f at 7211: addr 0x5034f8580 idx 0 fmt 1 regoff 0x0 n 130 (table contents not committed)
  load op 63 at 7216: addr 0x5034ffde0 idx 0 fmt 1 regoff 0x0 n 18 (table contents not committed)
  load op 64 at 7221: addr 0x5035006b0 idx 0 fmt 1 regoff 0x0 n 3 (table contents not committed)
  load op 9f at 7348: addr 0x5034f8990 idx 0 fmt 1 regoff 0x0 n 135 (table contents not committed)
  load op 63 at 7353: addr 0x5034ffe70 idx 0 fmt 1 regoff 0x0 n 18 (table contents not committed)
  load op 64 at 7358: addr 0x5035006c8 idx 0 fmt 1 regoff 0x0 n 3 (table contents not committed)
  load op 63 at 7936: addr 0x5034fff00 idx 0 fmt 1 regoff 0x0 n 28 (table contents not committed)
  load op 64 at 8513: addr 0x5035006e0 idx 0 fmt 1 regoff 0x0 n 5 (table contents not committed)
  load op 9f at 8518: addr 0x5034f8dc8 idx 0 fmt 1 regoff 0x0 n 113 (table contents not committed)
  load op 9f at 8525: addr 0x5034f6918 idx 0 fmt 1 regoff 0x0 n 168 (table contents not committed)
submit #523 dcb 9023 dwords at 0x502e02500: pass 559 rewrite 484 drop 408 unmapped 1 cc 8 mappings 334 ... OK rc 0 24.61 ms
state stack #523: push 4 pop 4 conditional 1 unmatched 0; restored 3684 regs (+3748 dwords); tables 35, unreadable 0
pipestat #523 (9023 dwords): ia_verts 566 ia_prims 530 vs 566 gs_inv 530 gs_prims 0 c_inv 189 c_prims 88 ps 46477680 cs 11142145
map 0x33646c000 +0x10000 ... FAILED
submit #524 acb 2 dwords at 0xfe003a200: pass 1 rewrite 0 drop 0 unmapped 0 cc 0 mappings 334 ... OK rc 0 21.08 ms
cpu-wait WAIT_REG_MEM64 at 0 on 0x400203b80: satisfied after 0.0 ms
map 0x20029c000 +0x4000 ... ok
map 0x336470000 +0x10000 ... ok
map 0x37dfc0000 +0xc000 ... ok
swapped pages taken as resident so far: 0
vmas 115 total 13079.0 MiB resident 4570.5 MiB mapped 4570.6 MiB
submit #525 cc 3 dwords at 0x313b17cf4: pass 0 rewrite 1 drop 0 unmapped 0 cc 1 mappings 337 ... OK rc 0 20.94 ms
submit #526 acb 49 dwords at 0x400346a5c: pass 2 rewrite 3 drop 3 unmapped 0 cc 0 mappings 337 ... OK rc 0 20.96 ms
  load op 61 at 10: base 0xfe0008000 pairs (0x0,215) (0xd8,272) (0x1f5,4) (0x1ff,158) (0x2a0,2) (0x2a3,1) (0x2a5,66) (0x2f5,203)
  load op 5f at 29: base 0xfe0010000 pairs (0x1,1) (0x6,38) (0x32,4) (0x80,4) (0x87,37) (0xb2,4) (0xc8,2) (0x100,4) (0x107,37) (0x132,4) (0x148,2) (0x204,3) (0x20c,2) (0x212,2) (0x215,6) (0x224,5) (0x22a,1) (0x240,16) (0x27d,1) (0x280,1) (0x207,3)
  load op 5e at 74: base 0xfe0011000 pairs (0x35,8) (0xa2,1) (0x242,1) (0x248,1) (0x24a,2) (0x25b,6) (0x262,1) (0x2bb,5) (0x2c4,16) (0x2e4,8) (0x380,2) (0x383,2) (0x41d,3) (0x24d,1)
  load op 61 at 105: base 0xfe0008000 pairs (0x0,0)
  load op 5f at 110: base 0xfe0010000 pairs (0x0,0)
  load op 5e at 115: base 0xfe0011000 pairs (0x0,0)
  load op 61 at 125: base 0xfe0008000 pairs (0x0,0)
  load op 5f at 130: base 0xfe0010000 pairs (0x0,0)
  load op 5e at 135: base 0xfe0011000 pairs (0x0,0)
submit #527 hib 150 dwords at 0xfe0000000: pass 12 rewrite 2 drop 2 unmapped 0 cc 2 mappings 337 ... OK rc 0 21.50 ms
submit #528 hib 2 dwords at 0xfe003a200: pass 1 rewrite 0 drop 0 unmapped 0 cc 0 mappings 337 ... OK rc 0 21.02 ms
  load op 9f at 38: addr 0xfe0040068 idx 0 fmt 1 regoff 0x0 n 921 (table contents not committed)
  load op 63 at 43: addr 0xfe0042068 idx 0 fmt 1 regoff 0x0 n 174 (table contents not committed)
  load op 64 at 48: addr 0xfe00425d8 idx 0 fmt 1 regoff 0x0 n 49 (table contents not committed)
submit #529 dcb 96 dwords at 0xfe0042920: pass 20 rewrite 2 drop 2 unmapped 0 cc 0 mappings 337 ... OK rc 0 21.16 ms
  load op 9f at 36: addr 0xfe0040068 idx 0 fmt 1 regoff 0x0 n 921 (table contents not committed)
  load op 63 at 41: addr 0xfe0042068 idx 0 fmt 1 regoff 0x0 n 174 (table contents not committed)
  load op 64 at 46: addr 0xfe00425d8 idx 0 fmt 1 regoff 0x0 n 57 (table contents not committed)
  load op 9f at 88: addr 0x503c01500 idx 0 fmt 1 regoff 0x0 n 136 (table contents not committed)
  load op 64 at 93: addr 0x503c00500 idx 0 fmt 1 regoff 0x0 n 3 (table contents not committed)
  load op 63 at 98: addr 0x503bff500 idx 0 fmt 1 regoff 0x0 n 3 (table contents not committed)
  load op 9f at 1541: addr 0xfe0040068 idx 0 fmt 1 regoff 0x0 n 921 (table contents not committed)
  load op 9f at 1548: addr 0x503c01940 idx 0 fmt 1 regoff 0x0 n 70 (table contents not committed)
  load op 63 at 1553: addr 0x908e5ff90 idx 0 fmt 1 regoff 0x0 n 6 (table contents not committed)
  load op 9f at 1558: addr 0x908e5ffc0 idx 0 fmt 1 regoff 0x0 n 10 (table contents not committed)
  load op 63 at 1563: addr 0x908e5f7d0 idx 0 fmt 1 regoff 0x0 n 6 (table contents not committed)
  load op 9f at 1568: addr 0x908e5f800 idx 0 fmt 1 regoff 0x0 n 9 (table contents not committed)
  load op 64 at 1573: addr 0x503c00518 idx 0 fmt 1 regoff 0x0 n 5 (table contents not committed)
  load op 9f at 1691: addr 0x503c01b70 idx 0 fmt 1 regoff 0x0 n 131 (table contents not committed)
  load op 64 at 1698: addr 0x503c00540 idx 0 fmt 1 regoff 0x0 n 1 (table contents not committed)
  load op 9f at 1730: addr 0xfe0040068 idx 0 fmt 1 regoff 0x0 n 921 (table contents not committed)
  load op 9f at 1737: addr 0x503c01f88 idx 0 fmt 1 regoff 0x0 n 70 (table contents not committed)
  load op 63 at 1742: addr 0x908e5ff90 idx 0 fmt 1 regoff 0x0 n 6 (table contents not committed)
  load op 9f at 1747: addr 0x908e5ffc0 idx 0 fmt 1 regoff 0x0 n 10 (table contents not committed)
  load op 63 at 1752: addr 0x908e5f7d0 idx 0 fmt 1 regoff 0x0 n 6 (table contents not committed)
  load op 9f at 1757: addr 0x908e5f800 idx 0 fmt 1 regoff 0x0 n 9 (table contents not committed)
  load op 64 at 1762: addr 0x503c00548 idx 0 fmt 1 regoff 0x0 n 5 (table contents not committed)
  load op 63 at 1858: addr 0x503bff518 idx 0 fmt 1 regoff 0x0 n 10 (table contents not committed)
  load op 63 at 2049: addr 0x503bff568 idx 0 fmt 1 regoff 0x0 n 28 (table contents not committed)
  load op 64 at 2123: addr 0x503c00570 idx 0 fmt 1 regoff 0x0 n 5 (table contents not committed)
  load op 9f at 2130: addr 0x503c021b8 idx 0 fmt 1 regoff 0x0 n 96 (table contents not committed)
  load op 9f at 2135: addr 0x503bfe390 idx 0 fmt 1 regoff 0x0 n 194 (table contents not committed)
submit #530 dcb 2647 dwords at 0x503502500: pass 236 rewrite 123 drop 120 unmapped 0 cc 4 mappings 337 ... OK rc 0 22.17 ms
state stack #530: push 2 pop 2 conditional 1 unmatched 0; restored 1842 regs (+1874 dwords); tables 13, unreadable 0
pipestat #530 (2647 dwords): ia_verts 9 ia_prims 3 vs 9 gs_inv 3 gs_prims 0 c_inv 3 c_prims 3 ps 8294400 cs 1702912
  load op 9f at 38: addr 0xfe0040068 idx 0 fmt 1 regoff 0x0 n 921 (table contents not committed)
  load op 63 at 43: addr 0xfe0042068 idx 0 fmt 1 regoff 0x0 n 174 (table contents not committed)
  load op 64 at 48: addr 0xfe00425d8 idx 0 fmt 1 regoff 0x0 n 57 (table contents not committed)
  load op 9f at 90: addr 0x505a01500 idx 0 fmt 1 regoff 0x0 n 5 (table contents not committed)
  load op 64 at 95: addr 0x505a00500 idx 0 fmt 1 regoff 0x0 n 2 (table contents not committed)
  load op 63 at 100: addr 0x5059ff500 idx 0 fmt 1 regoff 0x0 n 3 (table contents not committed)
submit #531 dcb 851 dwords at 0x505602500: pass 47 rewrite 55 drop 45 unmapped 0 cc 0 mappings 337 ... OK rc 0 21.23 ms
pipestat #531 (851 dwords): ia_verts 0 ia_prims 0 vs 0 gs_inv 0 gs_prims 0 c_inv 0 c_prims 0 ps 0 cs 294912
submit #532 acb 2 dwords at 0xfe003a200: pass 1 rewrite 0 drop 0 unmapped 0 cc 0 mappings 337 ... OK rc 0 21.24 ms
cpu-wait WAIT_REG_MEM64 at 87 on 0x400201a40: satisfied after 0.0 ms
  load op 9f at 35: addr 0xfe0040068 idx 0 fmt 1 regoff 0x0 n 921 (table contents not committed)
  load op 63 at 40: addr 0xfe0042068 idx 0 fmt 1 regoff 0x0 n 174 (table contents not committed)
  load op 64 at 45: addr 0xfe00425d8 idx 0 fmt 1 regoff 0x0 n 57 (table contents not committed)
  load op 9f at 87: addr 0x506801500 idx 0 fmt 1 regoff 0x0 n 136 (table contents not committed)
  load op 64 at 92: addr 0x506800500 idx 0 fmt 1 regoff 0x0 n 3 (table contents not committed)
  load op 63 at 97: addr 0x5067ff500 idx 0 fmt 1 regoff 0x0 n 3 (table contents not committed)
  load op 9f at 212: addr 0xfe0040068 idx 0 fmt 1 regoff 0x0 n 921 (table contents not committed)
  load op 9f at 219: addr 0x506801940 idx 0 fmt 1 regoff 0x0 n 70 (table contents not committed)
  load op 63 at 224: addr 0x908e5ff90 idx 0 fmt 1 regoff 0x0 n 6 (table contents not committed)
  load op 9f at 229: addr 0x908e5ffc0 idx 0 fmt 1 regoff 0x0 n 10 (table contents not committed)
  load op 63 at 234: addr 0x908e5f7d0 idx 0 fmt 1 regoff 0x0 n 6 (table contents not committed)
  load op 9f at 239: addr 0x908e5f800 idx 0 fmt 1 regoff 0x0 n 9 (table contents not committed)
  load op 64 at 244: addr 0x506800518 idx 0 fmt 1 regoff 0x0 n 5 (table contents not committed)
  load op 9f at 340: addr 0x506801b70 idx 0 fmt 1 regoff 0x0 n 131 (table contents not committed)
  load op 64 at 347: addr 0x506800540 idx 0 fmt 1 regoff 0x0 n 1 (table contents not committed)
  load op 9f at 379: addr 0xfe0040068 idx 0 fmt 1 regoff 0x0 n 921 (table contents not committed)
  load op 9f at 386: addr 0x506801f88 idx 0 fmt 1 regoff 0x0 n 70 (table contents not committed)
  load op 63 at 391: addr 0x908e5ff90 idx 0 fmt 1 regoff 0x0 n 6 (table contents not committed)
  load op 9f at 396: addr 0x908e5ffc0 idx 0 fmt 1 regoff 0x0 n 10 (table contents not committed)
  load op 63 at 401: addr 0x908e5f7d0 idx 0 fmt 1 regoff 0x0 n 6 (table contents not committed)
  load op 9f at 406: addr 0x908e5f800 idx 0 fmt 1 regoff 0x0 n 9 (table contents not committed)
  load op 64 at 411: addr 0x506800548 idx 0 fmt 1 regoff 0x0 n 5 (table contents not committed)
  load op 9f at 548: addr 0x5068021b8 idx 0 fmt 1 regoff 0x0 n 98 (table contents not committed)
  load op 64 at 555: addr 0x506800570 idx 0 fmt 1 regoff 0x0 n 1 (table contents not committed)
  load op 9f at 560: addr 0x5067fe500 idx 0 fmt 1 regoff 0x0 n 33 (table contents not committed)
  load op 9f at 592: addr 0xfe0040068 idx 0 fmt 1 regoff 0x0 n 921 (table contents not committed)
  load op 9f at 599: addr 0x5067fe608 idx 0 fmt 1 regoff 0x0 n 70 (table contents not committed)
  load op 63 at 604: addr 0x908e5ff90 idx 0 fmt 1 regoff 0x0 n 6 (table contents not committed)
  load op 9f at 609: addr 0x908e5ffc0 idx 0 fmt 1 regoff 0x0 n 10 (table contents not committed)
  load op 63 at 614: addr 0x908e5f7d0 idx 0 fmt 1 regoff 0x0 n 6 (table contents not committed)
  load op 9f at 619: addr 0x908e5f800 idx 0 fmt 1 regoff 0x0 n 9 (table contents not committed)
  load op 64 at 624: addr 0x506800578 idx 0 fmt 1 regoff 0x0 n 5 (table contents not committed)
submit #533 dcb 798 dwords at 0x506202500: pass 103 rewrite 35 drop 22 unmapped 0 cc 6 mappings 337 ... OK rc 0 22.84 ms
state stack #533: push 3 pop 3 conditional 1 unmatched 0; restored 2763 regs (+2811 dwords); tables 17, unreadable 0
pipestat #533 (798 dwords): ia_verts 9 ia_prims 3 vs 9 gs_inv 3 gs_prims 0 c_inv 3 c_prims 3 ps 0 cs 0
submit #534 acb 463 dwords at 0x4003e6740: pass 43 rewrite 11 drop 27 unmapped 0 cc 0 mappings 337 ... OK rc 0 21.20 ms
acb head: 1287 of 1336 dwords go ahead of the wait at 1287 on 0x400202380
  load op 9f at 36: addr 0xfe0040068 idx 0 fmt 1 regoff 0x0 n 921 (table contents not committed)
  load op 63 at 41: addr 0xfe0042068 idx 0 fmt 1 regoff 0x0 n 174 (table contents not committed)
  load op 64 at 46: addr 0xfe00425d8 idx 0 fmt 1 regoff 0x0 n 57 (table contents not committed)
  load op 9f at 88: addr 0x504e01500 idx 0 fmt 1 regoff 0x0 n 5 (table contents not committed)
  load op 64 at 93: addr 0x504e00500 idx 0 fmt 1 regoff 0x0 n 2 (table contents not committed)
  load op 63 at 98: addr 0x504dff500 idx 0 fmt 1 regoff 0x0 n 3 (table contents not committed)
  load op 9f at 756: addr 0xfe0040068 idx 0 fmt 1 regoff 0x0 n 921 (table contents not committed)
  load op 9f at 763: addr 0x504e01528 idx 0 fmt 1 regoff 0x0 n 74 (table contents not committed)
  load op 63 at 768: addr 0x908e5ff90 idx 0 fmt 1 regoff 0x0 n 6 (table contents not committed)
  load op 9f at 773: addr 0x908e5ffc0 idx 0 fmt 1 regoff 0x0 n 10 (table contents not committed)
  load op 64 at 778: addr 0x504e00510 idx 0 fmt 1 regoff 0x0 n 5 (table contents not committed)
  load op 9f at 901: addr 0xfe0040068 idx 0 fmt 1 regoff 0x0 n 921 (table contents not committed)
  load op 9f at 908: addr 0x504e01778 idx 0 fmt 1 regoff 0x0 n 74 (table contents not committed)
  load op 63 at 913: addr 0x908e5ff90 idx 0 fmt 1 regoff 0x0 n 6 (table contents not committed)
  load op 9f at 918: addr 0x908e5ffc0 idx 0 fmt 1 regoff 0x0 n 10 (table contents not committed)
  load op 64 at 923: addr 0x504e00538 idx 0 fmt 1 regoff 0x0 n 5 (table contents not committed)
  load op 9f at 1046: addr 0xfe0040068 idx 0 fmt 1 regoff 0x0 n 921 (table contents not committed)
  load op 9f at 1053: addr 0x504e019c8 idx 0 fmt 1 regoff 0x0 n 74 (table contents not committed)
  load op 63 at 1058: addr 0x908e5ff90 idx 0 fmt 1 regoff 0x0 n 6 (table contents not committed)
  load op 9f at 1063: addr 0x908e5ffc0 idx 0 fmt 1 regoff 0x0 n 10 (table contents not committed)
  load op 64 at 1068: addr 0x504e00560 idx 0 fmt 1 regoff 0x0 n 5 (table contents not committed)
submit #535 dcb 1248 dwords at 0x504a02500: pass 151 rewrite 46 drop 45 unmapped 0 cc 6 mappings 337 ... OK rc 0 22.34 ms
state stack #535: push 3 pop 3 conditional 1 unmatched 0; restored 2763 regs (+2811 dwords); tables 11, unreadable 0
pipestat #535 (1248 dwords): ia_verts 9 ia_prims 3 vs 9 gs_inv 3 gs_prims 0 c_inv 3 c_prims 3 ps 0 cs 36864
flip 1/1 buffer 0x5093f0000 +0x1fe0000: sum 0x17ea65194594 nonzero 8100/8160 pattern 0
  target CB0 0x507410000: distinct 53 min 0xc0000000 max 0xc340d034,   target CB0 0x507410000: nonzero 1024/1024
  target CB0 0x563800000: distinct 1 min 0x00000000 max 0x00000000,   target CB0 0x563800000: nonzero 0/1024
  target CB0 0x55c00d000: distinct 4 min 0x00000000 max 0xffffffff,   target CB0 0x55c00d000: nonzero 147/1024
  target CB0 0x5637f0000: distinct 1 min 0x00000000 max 0x00000000,   target CB0 0x5637f0000: nonzero 0/1024
  target CB0 0x526bf0000: distinct 1 min 0x38003800 max 0x38003800,   target CB0 0x526bf0000: nonzero 1024/1024
  target CB0 0x5719a8000: distinct 13 min 0x00000000 max 0xffffffff,   target CB0 0x5719a8000: nonzero 102/1024
  target DB_HTILE 0x5203a0000: distinct 2 min 0x00000000 max 0xfffffff0,   target DB_HTILE 0x5203a0000: nonzero 160/1024
  target DB_Z_READ 0x51db50000: distinct 1 min 0x3f800000 max 0x3f800000,   target DB_Z_READ 0x51db50000: nonzero 1024/1024
  target DB_STENCIL_READ 0x51fb30000: distinct 1 min 0x80800000 max 0x80800000,   target DB_STENCIL_READ 0x51fb30000: nonzero 1024/1024
  target CB0 0x513bf0000: distinct 1 min 0x00000000 max 0x00000000,   target CB0 0x513bf0000: nonzero 0/1024
  target CB0 0x571867000: distinct 15 min 0x00000000 max 0xffffffff,   target CB0 0x571867000: nonzero 215/1024
  target CB0 0x57187b000: distinct 15 min 0x00000000 max 0xffffffff,   target CB0 0x57187b000: nonzero 195/1024
  target CB0 0x519b90000: distinct 1 min 0x00000000 max 0x00000000,   target CB0 0x519b90000: nonzero 0/1024
  target CB0 0x5718eb000: distinct 14 min 0x00000000 max 0xffffffff,   target CB0 0x5718eb000: nonzero 123/1024
  target DB_HTILE 0x55c050000: distinct 3 min 0x00000000 max 0xffffffff,   target DB_HTILE 0x55c050000: nonzero 144/1024
  target DB_Z_READ 0x527430000: distinct 1 min 0xffffffff max 0xffffffff,   target DB_Z_READ 0x527430000: nonzero 1024/1024
submit #536 acb 1287 dwords at 0x400205540: pass 118 rewrite 35 drop 63 unmapped 0 cc 0 mappings 337 ... OK rc 0 22.11 ms
cpu-wait WAIT_REG_MEM64 at 115 on 0x400201d40: satisfied after 0.0 ms
cpu-wait WAIT_REG_MEM64 at 1629 on 0x400201840: satisfied after 0.0 ms
cpu-wait WAIT_REG_MEM64 at 8472 on 0x55d4d00b6e68: satisfied after 0.0 ms
  indirect op 16 at 1246: base 0x5074063c0 +0x0 -> 1 1 1 0 0
  indirect op 16 at 1278: base 0x5074063e0 +0x0 -> 1 1 1 0 0
  indirect op 16 at 1310: base 0x50740a520 +0x0 -> 1 1 1 0 0
  indirect op 16 at 1342: base 0x50740a540 +0x0 -> 1 1 1 0 0
  indirect op 25 at 4584: base 0x56ddaffa0 +0x0 -> 1 512 0 0 0
  load op 9f at 28: addr 0xfe0040068 idx 0 fmt 1 regoff 0x0 n 921 (table contents not committed)
  load op 63 at 33: addr 0xfe0042068 idx 0 fmt 1 regoff 0x0 n 174 (table contents not committed)
  load op 64 at 38: addr 0xfe00425d8 idx 0 fmt 1 regoff 0x0 n 57 (table contents not committed)
  load op 9f at 80: addr 0x502701500 idx 0 fmt 1 regoff 0x0 n 295 (table contents not committed)
  load op 64 at 85: addr 0x502700500 idx 0 fmt 1 regoff 0x0 n 7 (table contents not committed)
  load op 63 at 90: addr 0x5026ff500 idx 0 fmt 1 regoff 0x0 n 13 (table contents not committed)
  load op 63 at 342: addr 0x5026ff568 idx 0 fmt 1 regoff 0x0 n 10 (table contents not committed)
  load op 63 at 734: addr 0x5026ff5b8 idx 0 fmt 1 regoff 0x0 n 18 (table contents not committed)
  load op 63 at 1217: addr 0x5026ff648 idx 0 fmt 1 regoff 0x0 n 10 (table contents not committed)
  load op 63 at 1249: addr 0x5026ff698 idx 0 fmt 1 regoff 0x0 n 10 (table contents not committed)
  load op 63 at 1281: addr 0x5026ff6e8 idx 0 fmt 1 regoff 0x0 n 10 (table contents not committed)
  load op 63 at 1313: addr 0x5026ff738 idx 0 fmt 1 regoff 0x0 n 10 (table contents not committed)
  load op 9f at 1724: addr 0xfe0040068 idx 0 fmt 1 regoff 0x0 n 921 (table contents not committed)
  load op 9f at 1731: addr 0x502701e38 idx 0 fmt 1 regoff 0x0 n 74 (table contents not committed)
  load op 63 at 1736: addr 0x908e5ff90 idx 0 fmt 1 regoff 0x0 n 6 (table contents not committed)
  load op 9f at 1741: addr 0x908e5ffc0 idx 0 fmt 1 regoff 0x0 n 10 (table contents not committed)
  load op 64 at 1746: addr 0x502700538 idx 0 fmt 1 regoff 0x0 n 5 (table contents not committed)
  load op 9f at 1799: addr 0x502702088 idx 0 fmt 1 regoff 0x0 n 132 (table contents not committed)
  load op 63 at 1804: addr 0x5026ff788 idx 0 fmt 1 regoff 0x0 n 30 (table contents not committed)
  load op 64 at 1884: addr 0x502700560 idx 0 fmt 1 regoff 0x0 n 5 (table contents not committed)
  load op 9f at 1891: addr 0x5026fd440 idx 0 fmt 1 regoff 0x0 n 175 (table contents not committed)
  load op 63 at 2106: addr 0x5026ff878 idx 0 fmt 1 regoff 0x0 n 20 (table contents not committed)
  load op 9f at 3069: addr 0xfe0040068 idx 0 fmt 1 regoff 0x0 n 921 (table contents not committed)
  load op 9f at 3076: addr 0x5026fd9b8 idx 0 fmt 1 regoff 0x0 n 70 (table contents not committed)
  load op 63 at 3081: addr 0x908e5ff90 idx 0 fmt 1 regoff 0x0 n 6 (table contents not committed)
  load op 9f at 3086: addr 0x908e5ffc0 idx 0 fmt 1 regoff 0x0 n 10 (table contents not committed)
  load op 63 at 3091: addr 0x908e5f7d0 idx 0 fmt 1 regoff 0x0 n 6 (table contents not committed)
  load op 9f at 3096: addr 0x908e5f800 idx 0 fmt 1 regoff 0x0 n 9 (table contents not committed)
  load op 64 at 3101: addr 0x502700588 idx 0 fmt 1 regoff 0x0 n 5 (table contents not committed)
  load op 9f at 3140: addr 0x5026fdbe8 idx 0 fmt 1 regoff 0x0 n 19 (table contents not committed)
  load op 63 at 3145: addr 0x5026ff918 idx 0 fmt 1 regoff 0x0 n 12 (table contents not committed)
  load op 9f at 3268: addr 0xfe0040068 idx 0 fmt 1 regoff 0x0 n 921 (table contents not committed)
  load op 9f at 3275: addr 0x5026fdc80 idx 0 fmt 1 regoff 0x0 n 74 (table contents not committed)
  load op 63 at 3280: addr 0x908e5ff90 idx 0 fmt 1 regoff 0x0 n 6 (table contents not committed)
  load op 9f at 3285: addr 0x908e5ffc0 idx 0 fmt 1 regoff 0x0 n 10 (table contents not committed)
  load op 64 at 3290: addr 0x5027005b0 idx 0 fmt 1 regoff 0x0 n 5 (table contents not committed)
  load op 9f at 3329: addr 0x5026fded0 idx 0 fmt 1 regoff 0x0 n 166 (table contents not committed)
  load op 63 at 3334: addr 0x5026ff978 idx 0 fmt 1 regoff 0x0 n 30 (table contents not committed)
  load op 64 at 3430: addr 0x5027005d8 idx 0 fmt 1 regoff 0x0 n 5 (table contents not committed)
  load op 9f at 3437: addr 0x5026fc320 idx 0 fmt 1 regoff 0x0 n 135 (table contents not committed)
  load op 63 at 3675: addr 0x5026ffa68 idx 0 fmt 1 regoff 0x0 n 36 (table contents not committed)
  load op 64 at 4540: addr 0x502700600 idx 0 fmt 1 regoff 0x0 n 6 (table contents not committed)
  load op 9f at 4545: addr 0x5026fc758 idx 0 fmt 1 regoff 0x0 n 376 (table contents not committed)
  load op 9f at 4552: addr 0x5026fb118 idx 0 fmt 1 regoff 0x0 n 205 (table contents not committed)
  load op 9f at 4853: addr 0xfe0040068 idx 0 fmt 1 regoff 0x0 n 921 (table contents not committed)
  load op 9f at 4860: addr 0x5026fb780 idx 0 fmt 1 regoff 0x0 n 74 (table contents not committed)
  load op 63 at 4865: addr 0x908e5ff90 idx 0 fmt 1 regoff 0x0 n 6 (table contents not committed)
  load op 9f at 4870: addr 0x908e5ffc0 idx 0 fmt 1 regoff 0x0 n 10 (table contents not committed)
  load op 64 at 4875: addr 0x502700630 idx 0 fmt 1 regoff 0x0 n 5 (table contents not committed)
  load op 63 at 4914: addr 0x5026ffb88 idx 0 fmt 1 regoff 0x0 n 21 (table contents not committed)
  load op 9f at 4925: addr 0x5026fb9d0 idx 0 fmt 1 regoff 0x0 n 223 (table contents not committed)
  load op 64 at 6315: addr 0x502700658 idx 0 fmt 1 regoff 0x0 n 5 (table contents not committed)
  load op 63 at 6322: addr 0x5026ffc30 idx 0 fmt 1 regoff 0x0 n 18 (table contents not committed)
  load op 9f at 6327: addr 0x5026f9e30 idx 0 fmt 1 regoff 0x0 n 67 (table contents not committed)
  load op 9f at 6440: addr 0x5026fa048 idx 0 fmt 1 regoff 0x0 n 129 (table contents not committed)
  load op 63 at 6445: addr 0x5026ffcc0 idx 0 fmt 1 regoff 0x0 n 18 (table contents not committed)
  load op 64 at 6450: addr 0x502700680 idx 0 fmt 1 regoff 0x0 n 3 (table contents not committed)
  load op 9f at 6563: addr 0x5026fa450 idx 0 fmt 1 regoff 0x0 n 129 (table contents not committed)
  load op 63 at 6568: addr 0x5026ffd50 idx 0 fmt 1 regoff 0x0 n 18 (table contents not committed)
  load op 64 at 6573: addr 0x502700698 idx 0 fmt 1 regoff 0x0 n 3 (table contents not committed)
  load op 9f at 6686: addr 0x5026fa858 idx 0 fmt 1 regoff 0x0 n 58 (table contents not committed)
  load op 9f at 6791: addr 0x5026faa28 idx 0 fmt 1 regoff 0x0 n 66 (table contents not committed)
  load op 9f at 6896: addr 0x5026fac38 idx 0 fmt 1 regoff 0x0 n 58 (table contents not committed)
  load op 9f at 7001: addr 0x5026f81a0 idx 0 fmt 1 regoff 0x0 n 66 (table contents not committed)
  load op 9f at 7106: addr 0x5026f83b0 idx 0 fmt 1 regoff 0x0 n 58 (table contents not committed)
  load op 9f at 7211: addr 0x5026f8580 idx 0 fmt 1 regoff 0x0 n 130 (table contents not committed)
  load op 63 at 7216: addr 0x5026ffde0 idx 0 fmt 1 regoff 0x0 n 18 (table contents not committed)
  load op 64 at 7221: addr 0x5027006b0 idx 0 fmt 1 regoff 0x0 n 3 (table contents not committed)
  load op 9f at 7348: addr 0x5026f8990 idx 0 fmt 1 regoff 0x0 n 135 (table contents not committed)
  load op 63 at 7353: addr 0x5026ffe70 idx 0 fmt 1 regoff 0x0 n 18 (table contents not committed)
  load op 64 at 7358: addr 0x5027006c8 idx 0 fmt 1 regoff 0x0 n 3 (table contents not committed)
  load op 63 at 7936: addr 0x5026fff00 idx 0 fmt 1 regoff 0x0 n 28 (table contents not committed)
  load op 64 at 8513: addr 0x5027006e0 idx 0 fmt 1 regoff 0x0 n 5 (table contents not committed)
  load op 9f at 8518: addr 0x5026f8dc8 idx 0 fmt 1 regoff 0x0 n 113 (table contents not committed)
  load op 9f at 8525: addr 0x5026f6918 idx 0 fmt 1 regoff 0x0 n 168 (table contents not committed)
submit #537 dcb 9023 dwords at 0x502002500: pass 559 rewrite 484 drop 408 unmapped 1 cc 8 mappings 337 ... OK rc 0 25.00 ms
state stack #537: push 4 pop 4 conditional 1 unmatched 0; restored 3684 regs (+3748 dwords); tables 35, unreadable 0
pipestat #537 (9023 dwords): ia_verts 566 ia_prims 530 vs 566 gs_inv 530 gs_prims 0 c_inv 189 c_prims 88 ps 46477680 cs 11142145
submit #538 acb 2 dwords at 0xfe003a200: pass 1 rewrite 0 drop 0 unmapped 0 cc 0 mappings 337 ... OK rc 0 21.04 ms
cpu-wait WAIT_REG_MEM64 at 0 on 0x400202380: satisfied after 0.0 ms
submit #539 cc 3 dwords at 0x313b17cf4: pass 0 rewrite 1 drop 0 unmapped 0 cc 1 mappings 337 ... OK rc 0 20.92 ms
submit #540 acb 49 dwords at 0x40020695c: pass 2 rewrite 3 drop 3 unmapped 0 cc 0 mappings 337 ... OK rc 0 20.98 ms
  load op 61 at 10: base 0xfe0008000 pairs (0x0,215) (0xd8,272) (0x1f5,4) (0x1ff,158) (0x2a0,2) (0x2a3,1) (0x2a5,66) (0x2f5,203)
  load op 5f at 29: base 0xfe0010000 pairs (0x1,1) (0x6,38) (0x32,4) (0x80,4) (0x87,37) (0xb2,4) (0xc8,2) (0x100,4) (0x107,37) (0x132,4) (0x148,2) (0x204,3) (0x20c,2) (0x212,2) (0x215,6) (0x224,5) (0x22a,1) (0x240,16) (0x27d,1) (0x280,1) (0x207,3)
  load op 5e at 74: base 0xfe0011000 pairs (0x35,8) (0xa2,1) (0x242,1) (0x248,1) (0x24a,2) (0x25b,6) (0x262,1) (0x2bb,5) (0x2c4,16) (0x2e4,8) (0x380,2) (0x383,2) (0x41d,3) (0x24d,1)
  load op 61 at 105: base 0xfe0008000 pairs (0x0,0)
  load op 5f at 110: base 0xfe0010000 pairs (0x0,0)
  load op 5e at 115: base 0xfe0011000 pairs (0x0,0)
  load op 61 at 125: base 0xfe0008000 pairs (0x0,0)
  load op 5f at 130: base 0xfe0010000 pairs (0x0,0)
  load op 5e at 135: base 0xfe0011000 pairs (0x0,0)
submit #541 hib 150 dwords at 0xfe0000000: pass 12 rewrite 2 drop 2 unmapped 0 cc 2 mappings 337 ... OK rc 0 21.59 ms
submit #542 hib 2 dwords at 0xfe003a200: pass 1 rewrite 0 drop 0 unmapped 0 cc 0 mappings 337 ... OK rc 0 20.94 ms
  load op 9f at 38: addr 0xfe0040068 idx 0 fmt 1 regoff 0x0 n 921 (table contents not committed)
  load op 63 at 43: addr 0xfe0042068 idx 0 fmt 1 regoff 0x0 n 174 (table contents not committed)
  load op 64 at 48: addr 0xfe00425d8 idx 0 fmt 1 regoff 0x0 n 49 (table contents not committed)
submit #543 dcb 96 dwords at 0xfe0042920: pass 20 rewrite 2 drop 2 unmapped 0 cc 0 mappings 337 ... OK rc 0 21.29 ms
  load op 9f at 36: addr 0xfe0040068 idx 0 fmt 1 regoff 0x0 n 921 (table contents not committed)
  load op 63 at 41: addr 0xfe0042068 idx 0 fmt 1 regoff 0x0 n 174 (table contents not committed)
  load op 64 at 46: addr 0xfe00425d8 idx 0 fmt 1 regoff 0x0 n 57 (table contents not committed)
  load op 9f at 88: addr 0x504301500 idx 0 fmt 1 regoff 0x0 n 136 (table contents not committed)
  load op 64 at 93: addr 0x504300500 idx 0 fmt 1 regoff 0x0 n 3 (table contents not committed)
  load op 63 at 98: addr 0x5042ff500 idx 0 fmt 1 regoff 0x0 n 3 (table contents not committed)
  load op 9f at 1541: addr 0xfe0040068 idx 0 fmt 1 regoff 0x0 n 921 (table contents not committed)
  load op 9f at 1548: addr 0x504301940 idx 0 fmt 1 regoff 0x0 n 70 (table contents not committed)
  load op 63 at 1553: addr 0x908e5ff90 idx 0 fmt 1 regoff 0x0 n 6 (table contents not committed)
  load op 9f at 1558: addr 0x908e5ffc0 idx 0 fmt 1 regoff 0x0 n 10 (table contents not committed)
  load op 63 at 1563: addr 0x908e5f7d0 idx 0 fmt 1 regoff 0x0 n 6 (table contents not committed)
  load op 9f at 1568: addr 0x908e5f800 idx 0 fmt 1 regoff 0x0 n 9 (table contents not committed)
  load op 64 at 1573: addr 0x504300518 idx 0 fmt 1 regoff 0x0 n 5 (table contents not committed)
  load op 9f at 1691: addr 0x504301b70 idx 0 fmt 1 regoff 0x0 n 131 (table contents not committed)
  load op 64 at 1698: addr 0x504300540 idx 0 fmt 1 regoff 0x0 n 1 (table contents not committed)
  load op 9f at 1730: addr 0xfe0040068 idx 0 fmt 1 regoff 0x0 n 921 (table contents not committed)
  load op 9f at 1737: addr 0x504301f88 idx 0 fmt 1 regoff 0x0 n 70 (table contents not committed)
  load op 63 at 1742: addr 0x908e5ff90 idx 0 fmt 1 regoff 0x0 n 6 (table contents not committed)
  load op 9f at 1747: addr 0x908e5ffc0 idx 0 fmt 1 regoff 0x0 n 10 (table contents not committed)
  load op 63 at 1752: addr 0x908e5f7d0 idx 0 fmt 1 regoff 0x0 n 6 (table contents not committed)
  load op 9f at 1757: addr 0x908e5f800 idx 0 fmt 1 regoff 0x0 n 9 (table contents not committed)
  load op 64 at 1762: addr 0x504300548 idx 0 fmt 1 regoff 0x0 n 5 (table contents not committed)
  load op 63 at 1858: addr 0x5042ff518 idx 0 fmt 1 regoff 0x0 n 10 (table contents not committed)
  load op 63 at 2049: addr 0x5042ff568 idx 0 fmt 1 regoff 0x0 n 28 (table contents not committed)
  load op 64 at 2123: addr 0x504300570 idx 0 fmt 1 regoff 0x0 n 5 (table contents not committed)
  load op 9f at 2130: addr 0x5043021b8 idx 0 fmt 1 regoff 0x0 n 96 (table contents not committed)
  load op 9f at 2135: addr 0x5042fe390 idx 0 fmt 1 regoff 0x0 n 194 (table contents not committed)
submit #544 dcb 2647 dwords at 0x503c02500: pass 236 rewrite 123 drop 120 unmapped 0 cc 4 mappings 337 ... OK rc 0 22.13 ms
state stack #544: push 2 pop 2 conditional 1 unmatched 0; restored 1842 regs (+1874 dwords); tables 13, unreadable 0
pipestat #544 (2647 dwords): ia_verts 9 ia_prims 3 vs 9 gs_inv 3 gs_prims 0 c_inv 3 c_prims 3 ps 8294400 cs 1702912
  load op 9f at 38: addr 0xfe0040068 idx 0 fmt 1 regoff 0x0 n 921 (table contents not committed)
  load op 63 at 43: addr 0xfe0042068 idx 0 fmt 1 regoff 0x0 n 174 (table contents not committed)
  load op 64 at 48: addr 0xfe00425d8 idx 0 fmt 1 regoff 0x0 n 57 (table contents not committed)
  load op 9f at 90: addr 0x505e01500 idx 0 fmt 1 regoff 0x0 n 5 (table contents not committed)
  load op 64 at 95: addr 0x505e00500 idx 0 fmt 1 regoff 0x0 n 2 (table contents not committed)
  load op 63 at 100: addr 0x505dff500 idx 0 fmt 1 regoff 0x0 n 3 (table contents not committed)
submit #545 dcb 851 dwords at 0x505a02500: pass 47 rewrite 55 drop 45 unmapped 0 cc 0 mappings 337 ... OK rc 0 21.23 ms
pipestat #545 (851 dwords): ia_verts 0 ia_prims 0 vs 0 gs_inv 0 gs_prims 0 c_inv 0 c_prims 0 ps 0 cs 294912
submit #546 acb 2 dwords at 0xfe003a200: pass 1 rewrite 0 drop 0 unmapped 0 cc 0 mappings 337 ... OK rc 0 20.85 ms
cpu-wait WAIT_REG_MEM64 at 87 on 0x400202d80: satisfied after 0.0 ms
  load op 9f at 35: addr 0xfe0040068 idx 0 fmt 1 regoff 0x0 n 921 (table contents not committed)
  load op 63 at 40: addr 0xfe0042068 idx 0 fmt 1 regoff 0x0 n 174 (table contents not committed)
  load op 64 at 45: addr 0xfe00425d8 idx 0 fmt 1 regoff 0x0 n 57 (table contents not committed)
  load op 9f at 87: addr 0x506e01500 idx 0 fmt 1 regoff 0x0 n 136 (table contents not committed)
  load op 64 at 92: addr 0x506e00500 idx 0 fmt 1 regoff 0x0 n 3 (table contents not committed)
  load op 63 at 97: addr 0x506dff500 idx 0 fmt 1 regoff 0x0 n 3 (table contents not committed)
  load op 9f at 212: addr 0xfe0040068 idx 0 fmt 1 regoff 0x0 n 921 (table contents not committed)
  load op 9f at 219: addr 0x506e01940 idx 0 fmt 1 regoff 0x0 n 70 (table contents not committed)
  load op 63 at 224: addr 0x908e5ff90 idx 0 fmt 1 regoff 0x0 n 6 (table contents not committed)
  load op 9f at 229: addr 0x908e5ffc0 idx 0 fmt 1 regoff 0x0 n 10 (table contents not committed)
  load op 63 at 234: addr 0x908e5f7d0 idx 0 fmt 1 regoff 0x0 n 6 (table contents not committed)
  load op 9f at 239: addr 0x908e5f800 idx 0 fmt 1 regoff 0x0 n 9 (table contents not committed)
  load op 64 at 244: addr 0x506e00518 idx 0 fmt 1 regoff 0x0 n 5 (table contents not committed)
  load op 9f at 340: addr 0x506e01b70 idx 0 fmt 1 regoff 0x0 n 131 (table contents not committed)
  load op 64 at 347: addr 0x506e00540 idx 0 fmt 1 regoff 0x0 n 1 (table contents not committed)
  load op 9f at 379: addr 0xfe0040068 idx 0 fmt 1 regoff 0x0 n 921 (table contents not committed)
  load op 9f at 386: addr 0x506e01f88 idx 0 fmt 1 regoff 0x0 n 70 (table contents not committed)
  load op 63 at 391: addr 0x908e5ff90 idx 0 fmt 1 regoff 0x0 n 6 (table contents not committed)
  load op 9f at 396: addr 0x908e5ffc0 idx 0 fmt 1 regoff 0x0 n 10 (table contents not committed)
  load op 63 at 401: addr 0x908e5f7d0 idx 0 fmt 1 regoff 0x0 n 6 (table contents not committed)
  load op 9f at 406: addr 0x908e5f800 idx 0 fmt 1 regoff 0x0 n 9 (table contents not committed)
  load op 64 at 411: addr 0x506e00548 idx 0 fmt 1 regoff 0x0 n 5 (table contents not committed)
  load op 9f at 548: addr 0x506e021b8 idx 0 fmt 1 regoff 0x0 n 98 (table contents not committed)
  load op 64 at 555: addr 0x506e00570 idx 0 fmt 1 regoff 0x0 n 1 (table contents not committed)
  load op 9f at 560: addr 0x506dfe500 idx 0 fmt 1 regoff 0x0 n 33 (table contents not committed)
  load op 9f at 592: addr 0xfe0040068 idx 0 fmt 1 regoff 0x0 n 921 (table contents not committed)
  load op 9f at 599: addr 0x506dfe608 idx 0 fmt 1 regoff 0x0 n 70 (table contents not committed)
  load op 63 at 604: addr 0x908e5ff90 idx 0 fmt 1 regoff 0x0 n 6 (table contents not committed)
  load op 9f at 609: addr 0x908e5ffc0 idx 0 fmt 1 regoff 0x0 n 10 (table contents not committed)
  load op 63 at 614: addr 0x908e5f7d0 idx 0 fmt 1 regoff 0x0 n 6 (table contents not committed)
  load op 9f at 619: addr 0x908e5f800 idx 0 fmt 1 regoff 0x0 n 9 (table contents not committed)
  load op 64 at 624: addr 0x506e00578 idx 0 fmt 1 regoff 0x0 n 5 (table contents not committed)
submit #547 dcb 798 dwords at 0x506802500: pass 103 rewrite 35 drop 22 unmapped 0 cc 6 mappings 337 ... OK rc 0 22.16 ms
state stack #547: push 3 pop 3 conditional 1 unmatched 0; restored 2763 regs (+2811 dwords); tables 17, unreadable 0
pipestat #547 (798 dwords): ia_verts 9 ia_prims 3 vs 9 gs_inv 3 gs_prims 0 c_inv 3 c_prims 3 ps 0 cs 0
submit #548 acb 463 dwords at 0x4004867c0: pass 43 rewrite 11 drop 27 unmapped 0 cc 0 mappings 337 ... OK rc 0 21.49 ms
acb head: 1287 of 1336 dwords go ahead of the wait at 1287 on 0x400202f80
  load op 9f at 36: addr 0xfe0040068 idx 0 fmt 1 regoff 0x0 n 921 (table contents not committed)
  load op 63 at 41: addr 0xfe0042068 idx 0 fmt 1 regoff 0x0 n 174 (table contents not committed)
  load op 64 at 46: addr 0xfe00425d8 idx 0 fmt 1 regoff 0x0 n 57 (table contents not committed)
  load op 9f at 88: addr 0x505201500 idx 0 fmt 1 regoff 0x0 n 5 (table contents not committed)
  load op 64 at 93: addr 0x505200500 idx 0 fmt 1 regoff 0x0 n 2 (table contents not committed)
  load op 63 at 98: addr 0x5051ff500 idx 0 fmt 1 regoff 0x0 n 3 (table contents not committed)
  load op 9f at 756: addr 0xfe0040068 idx 0 fmt 1 regoff 0x0 n 921 (table contents not committed)
  load op 9f at 763: addr 0x505201528 idx 0 fmt 1 regoff 0x0 n 74 (table contents not committed)
  load op 63 at 768: addr 0x908e5ff90 idx 0 fmt 1 regoff 0x0 n 6 (table contents not committed)
  load op 9f at 773: addr 0x908e5ffc0 idx 0 fmt 1 regoff 0x0 n 10 (table contents not committed)
  load op 64 at 778: addr 0x505200510 idx 0 fmt 1 regoff 0x0 n 5 (table contents not committed)
  load op 9f at 901: addr 0xfe0040068 idx 0 fmt 1 regoff 0x0 n 921 (table contents not committed)
  load op 9f at 908: addr 0x505201778 idx 0 fmt 1 regoff 0x0 n 74 (table contents not committed)
  load op 63 at 913: addr 0x908e5ff90 idx 0 fmt 1 regoff 0x0 n 6 (table contents not committed)
  load op 9f at 918: addr 0x908e5ffc0 idx 0 fmt 1 regoff 0x0 n 10 (table contents not committed)
  load op 64 at 923: addr 0x505200538 idx 0 fmt 1 regoff 0x0 n 5 (table contents not committed)
  load op 9f at 1046: addr 0xfe0040068 idx 0 fmt 1 regoff 0x0 n 921 (table contents not committed)
  load op 9f at 1053: addr 0x5052019c8 idx 0 fmt 1 regoff 0x0 n 74 (table contents not committed)
  load op 63 at 1058: addr 0x908e5ff90 idx 0 fmt 1 regoff 0x0 n 6 (table contents not committed)
  load op 9f at 1063: addr 0x908e5ffc0 idx 0 fmt 1 regoff 0x0 n 10 (table contents not committed)
  load op 64 at 1068: addr 0x505200560 idx 0 fmt 1 regoff 0x0 n 5 (table contents not committed)
submit #549 dcb 1248 dwords at 0x504e02500: pass 151 rewrite 46 drop 45 unmapped 0 cc 6 mappings 337 ... OK rc 0 21.35 ms
state stack #549: push 3 pop 3 conditional 1 unmatched 0; restored 2763 regs (+2811 dwords); tables 11, unreadable 0
pipestat #549 (1248 dwords): ia_verts 9 ia_prims 3 vs 9 gs_inv 3 gs_prims 0 c_inv 3 c_prims 3 ps 0 cs 36864
flip 1/0 buffer 0x507410000 +0x1fe0000: sum 0x17ea65194594 nonzero 8100/8160 pattern 0
  target CB0 0x5093f0000: distinct 53 min 0xc0000000 max 0xc340d034,   target CB0 0x5093f0000: nonzero 1024/1024
  target CB0 0x563800000: distinct 1 min 0x00000000 max 0x00000000,   target CB0 0x563800000: nonzero 0/1024
  target CB0 0x55c00d000: distinct 4 min 0x00000000 max 0xffffffff,   target CB0 0x55c00d000: nonzero 147/1024
  target CB0 0x5637f0000: distinct 1 min 0x00000000 max 0x00000000,   target CB0 0x5637f0000: nonzero 0/1024
  target CB0 0x526bf0000: distinct 1 min 0x38003800 max 0x38003800,   target CB0 0x526bf0000: nonzero 1024/1024
  target CB0 0x5719a8000: distinct 15 min 0x00000000 max 0xffffffff,   target CB0 0x5719a8000: nonzero 102/1024
  target DB_HTILE 0x5203a0000: distinct 2 min 0x00000000 max 0xfffffff0,   target DB_HTILE 0x5203a0000: nonzero 160/1024
  target DB_Z_READ 0x51db50000: distinct 1 min 0x3f800000 max 0x3f800000,   target DB_Z_READ 0x51db50000: nonzero 1024/1024
  target DB_STENCIL_READ 0x51fb30000: distinct 1 min 0x80800000 max 0x80800000,   target DB_STENCIL_READ 0x51fb30000: nonzero 1024/1024
  target CB0 0x513bf0000: distinct 1 min 0x00000000 max 0x00000000,   target CB0 0x513bf0000: nonzero 0/1024
  target CB0 0x571867000: distinct 17 min 0x00000000 max 0xffffffff,   target CB0 0x571867000: nonzero 215/1024
  target CB0 0x57187b000: distinct 17 min 0x00000000 max 0xffffffff,   target CB0 0x57187b000: nonzero 195/1024
  target CB0 0x519b90000: distinct 1 min 0x00000000 max 0x00000000,   target CB0 0x519b90000: nonzero 0/1024
  target CB0 0x5718eb000: distinct 16 min 0x00000000 max 0xffffffff,   target CB0 0x5718eb000: nonzero 123/1024
  target DB_HTILE 0x55c050000: distinct 3 min 0x00000000 max 0xffffffff,   target DB_HTILE 0x55c050000: nonzero 144/1024
  target DB_Z_READ 0x527430000: distinct 1 min 0xffffffff max 0xffffffff,   target DB_Z_READ 0x527430000: nonzero 1024/1024
submit #550 acb 1287 dwords at 0x4002a55c0: pass 118 rewrite 35 drop 63 unmapped 0 cc 0 mappings 337 ... OK rc 0 22.36 ms
cpu-wait WAIT_REG_MEM64 at 115 on 0x400202d40: satisfied after 0.0 ms
cpu-wait WAIT_REG_MEM64 at 1629 on 0x400202dc0: satisfied after 0.0 ms
cpu-wait WAIT_REG_MEM64 at 8472 on 0x55d4d00b6e60: satisfied after 0.0 ms
  indirect op 16 at 1246: base 0x5074063c0 +0x0 -> 1 1 1 0 0
  indirect op 16 at 1278: base 0x5074063e0 +0x0 -> 1 1 1 0 0
  indirect op 16 at 1310: base 0x50740a520 +0x0 -> 1 1 1 0 0
  indirect op 16 at 1342: base 0x50740a540 +0x0 -> 1 1 1 0 0
  indirect op 25 at 4584: base 0x56ddaffa0 +0x0 -> 1 512 0 0 0
  load op 9f at 28: addr 0xfe0040068 idx 0 fmt 1 regoff 0x0 n 921 (table contents not committed)
  load op 63 at 33: addr 0xfe0042068 idx 0 fmt 1 regoff 0x0 n 174 (table contents not committed)
  load op 64 at 38: addr 0xfe00425d8 idx 0 fmt 1 regoff 0x0 n 57 (table contents not committed)
  load op 9f at 80: addr 0x502e01500 idx 0 fmt 1 regoff 0x0 n 295 (table contents not committed)
  load op 64 at 85: addr 0x502e00500 idx 0 fmt 1 regoff 0x0 n 7 (table contents not committed)
  load op 63 at 90: addr 0x502dff500 idx 0 fmt 1 regoff 0x0 n 13 (table contents not committed)
  load op 63 at 342: addr 0x502dff568 idx 0 fmt 1 regoff 0x0 n 10 (table contents not committed)
  load op 63 at 734: addr 0x502dff5b8 idx 0 fmt 1 regoff 0x0 n 18 (table contents not committed)
  load op 63 at 1217: addr 0x502dff648 idx 0 fmt 1 regoff 0x0 n 10 (table contents not committed)
  load op 63 at 1249: addr 0x502dff698 idx 0 fmt 1 regoff 0x0 n 10 (table contents not committed)
  load op 63 at 1281: addr 0x502dff6e8 idx 0 fmt 1 regoff 0x0 n 10 (table contents not committed)
  load op 63 at 1313: addr 0x502dff738 idx 0 fmt 1 regoff 0x0 n 10 (table contents not committed)
  load op 9f at 1724: addr 0xfe0040068 idx 0 fmt 1 regoff 0x0 n 921 (table contents not committed)
  load op 9f at 1731: addr 0x502e01e38 idx 0 fmt 1 regoff 0x0 n 74 (table contents not committed)
  load op 63 at 1736: addr 0x908e5ff90 idx 0 fmt 1 regoff 0x0 n 6 (table contents not committed)
  load op 9f at 1741: addr 0x908e5ffc0 idx 0 fmt 1 regoff 0x0 n 10 (table contents not committed)
  load op 64 at 1746: addr 0x502e00538 idx 0 fmt 1 regoff 0x0 n 5 (table contents not committed)
  load op 9f at 1799: addr 0x502e02088 idx 0 fmt 1 regoff 0x0 n 132 (table contents not committed)
  load op 63 at 1804: addr 0x502dff788 idx 0 fmt 1 regoff 0x0 n 30 (table contents not committed)
  load op 64 at 1884: addr 0x502e00560 idx 0 fmt 1 regoff 0x0 n 5 (table contents not committed)
  load op 9f at 1891: addr 0x502dfd440 idx 0 fmt 1 regoff 0x0 n 175 (table contents not committed)
  load op 63 at 2106: addr 0x502dff878 idx 0 fmt 1 regoff 0x0 n 20 (table contents not committed)
  load op 9f at 3069: addr 0xfe0040068 idx 0 fmt 1 regoff 0x0 n 921 (table contents not committed)
  load op 9f at 3076: addr 0x502dfd9b8 idx 0 fmt 1 regoff 0x0 n 70 (table contents not committed)
  load op 63 at 3081: addr 0x908e5ff90 idx 0 fmt 1 regoff 0x0 n 6 (table contents not committed)
  load op 9f at 3086: addr 0x908e5ffc0 idx 0 fmt 1 regoff 0x0 n 10 (table contents not committed)
  load op 63 at 3091: addr 0x908e5f7d0 idx 0 fmt 1 regoff 0x0 n 6 (table contents not committed)
  load op 9f at 3096: addr 0x908e5f800 idx 0 fmt 1 regoff 0x0 n 9 (table contents not committed)
  load op 64 at 3101: addr 0x502e00588 idx 0 fmt 1 regoff 0x0 n 5 (table contents not committed)
  load op 9f at 3140: addr 0x502dfdbe8 idx 0 fmt 1 regoff 0x0 n 19 (table contents not committed)
  load op 63 at 3145: addr 0x502dff918 idx 0 fmt 1 regoff 0x0 n 12 (table contents not committed)
  load op 9f at 3268: addr 0xfe0040068 idx 0 fmt 1 regoff 0x0 n 921 (table contents not committed)
  load op 9f at 3275: addr 0x502dfdc80 idx 0 fmt 1 regoff 0x0 n 74 (table contents not committed)
  load op 63 at 3280: addr 0x908e5ff90 idx 0 fmt 1 regoff 0x0 n 6 (table contents not committed)
  load op 9f at 3285: addr 0x908e5ffc0 idx 0 fmt 1 regoff 0x0 n 10 (table contents not committed)
  load op 64 at 3290: addr 0x502e005b0 idx 0 fmt 1 regoff 0x0 n 5 (table contents not committed)
  load op 9f at 3329: addr 0x502dfded0 idx 0 fmt 1 regoff 0x0 n 166 (table contents not committed)
  load op 63 at 3334: addr 0x502dff978 idx 0 fmt 1 regoff 0x0 n 30 (table contents not committed)
  load op 64 at 3430: addr 0x502e005d8 idx 0 fmt 1 regoff 0x0 n 5 (table contents not committed)
  load op 9f at 3437: addr 0x502dfc320 idx 0 fmt 1 regoff 0x0 n 135 (table contents not committed)
  load op 63 at 3675: addr 0x502dffa68 idx 0 fmt 1 regoff 0x0 n 36 (table contents not committed)
  load op 64 at 4540: addr 0x502e00600 idx 0 fmt 1 regoff 0x0 n 6 (table contents not committed)
  load op 9f at 4545: addr 0x502dfc758 idx 0 fmt 1 regoff 0x0 n 376 (table contents not committed)
  load op 9f at 4552: addr 0x502dfb118 idx 0 fmt 1 regoff 0x0 n 205 (table contents not committed)
  load op 9f at 4853: addr 0xfe0040068 idx 0 fmt 1 regoff 0x0 n 921 (table contents not committed)
  load op 9f at 4860: addr 0x502dfb780 idx 0 fmt 1 regoff 0x0 n 74 (table contents not committed)
  load op 63 at 4865: addr 0x908e5ff90 idx 0 fmt 1 regoff 0x0 n 6 (table contents not committed)
  load op 9f at 4870: addr 0x908e5ffc0 idx 0 fmt 1 regoff 0x0 n 10 (table contents not committed)
  load op 64 at 4875: addr 0x502e00630 idx 0 fmt 1 regoff 0x0 n 5 (table contents not committed)
  load op 63 at 4914: addr 0x502dffb88 idx 0 fmt 1 regoff 0x0 n 21 (table contents not committed)
  load op 9f at 4925: addr 0x502dfb9d0 idx 0 fmt 1 regoff 0x0 n 223 (table contents not committed)
  load op 64 at 6315: addr 0x502e00658 idx 0 fmt 1 regoff 0x0 n 5 (table contents not committed)
  load op 63 at 6322: addr 0x502dffc30 idx 0 fmt 1 regoff 0x0 n 18 (table contents not committed)
  load op 9f at 6327: addr 0x502df9e30 idx 0 fmt 1 regoff 0x0 n 67 (table contents not committed)
  load op 9f at 6440: addr 0x502dfa048 idx 0 fmt 1 regoff 0x0 n 129 (table contents not committed)
  load op 63 at 6445: addr 0x502dffcc0 idx 0 fmt 1 regoff 0x0 n 18 (table contents not committed)
  load op 64 at 6450: addr 0x502e00680 idx 0 fmt 1 regoff 0x0 n 3 (table contents not committed)
  load op 9f at 6563: addr 0x502dfa450 idx 0 fmt 1 regoff 0x0 n 129 (table contents not committed)
  load op 63 at 6568: addr 0x502dffd50 idx 0 fmt 1 regoff 0x0 n 18 (table contents not committed)
  load op 64 at 6573: addr 0x502e00698 idx 0 fmt 1 regoff 0x0 n 3 (table contents not committed)
  load op 9f at 6686: addr 0x502dfa858 idx 0 fmt 1 regoff 0x0 n 58 (table contents not committed)
  load op 9f at 6791: addr 0x502dfaa28 idx 0 fmt 1 regoff 0x0 n 66 (table contents not committed)
  load op 9f at 6896: addr 0x502dfac38 idx 0 fmt 1 regoff 0x0 n 58 (table contents not committed)
  load op 9f at 7001: addr 0x502df81a0 idx 0 fmt 1 regoff 0x0 n 66 (table contents not committed)
  load op 9f at 7106: addr 0x502df83b0 idx 0 fmt 1 regoff 0x0 n 58 (table contents not committed)
  load op 9f at 7211: addr 0x502df8580 idx 0 fmt 1 regoff 0x0 n 130 (table contents not committed)
  load op 63 at 7216: addr 0x502dffde0 idx 0 fmt 1 regoff 0x0 n 18 (table contents not committed)
  load op 64 at 7221: addr 0x502e006b0 idx 0 fmt 1 regoff 0x0 n 3 (table contents not committed)
  load op 9f at 7348: addr 0x502df8990 idx 0 fmt 1 regoff 0x0 n 135 (table contents not committed)
  load op 63 at 7353: addr 0x502dffe70 idx 0 fmt 1 regoff 0x0 n 18 (table contents not committed)
  load op 64 at 7358: addr 0x502e006c8 idx 0 fmt 1 regoff 0x0 n 3 (table contents not committed)
  load op 63 at 7936: addr 0x502dfff00 idx 0 fmt 1 regoff 0x0 n 28 (table contents not committed)
  load op 64 at 8513: addr 0x502e006e0 idx 0 fmt 1 regoff 0x0 n 5 (table contents not committed)
  load op 9f at 8518: addr 0x502df8dc8 idx 0 fmt 1 regoff 0x0 n 113 (table contents not committed)
  load op 9f at 8525: addr 0x502df6918 idx 0 fmt 1 regoff 0x0 n 168 (table contents not committed)
submit #551 dcb 9023 dwords at 0x502702500: pass 559 rewrite 484 drop 408 unmapped 1 cc 8 mappings 337 ... OK rc 0 24.72 ms
state stack #551: push 4 pop 4 conditional 1 unmatched 0; restored 3684 regs (+3748 dwords); tables 35, unreadable 0
pipestat #551 (9023 dwords): ia_verts 566 ia_prims 530 vs 566 gs_inv 530 gs_prims 0 c_inv 189 c_prims 87 ps 46477680 cs 11142145
submit #552 acb 2 dwords at 0xfe003a200: pass 1 rewrite 0 drop 0 unmapped 0 cc 0 mappings 337 ... OK rc 0 20.85 ms
cpu-wait WAIT_REG_MEM64 at 0 on 0x400202f80: satisfied after 0.0 ms
map 0x301aa0000 +0x10000 ... ok
swapped pages taken as resident so far: 0
vmas 115 total 13079.0 MiB resident 4570.6 MiB mapped 4570.7 MiB
submit #553 cc 3 dwords at 0x313b17cf4: pass 0 rewrite 1 drop 0 unmapped 0 cc 1 mappings 338 ... OK rc 0 21.55 ms
submit #554 acb 49 dwords at 0x4002a69dc: pass 2 rewrite 3 drop 3 unmapped 0 cc 0 mappings 338 ... OK rc 0 21.06 ms
  load op 61 at 10: base 0xfe0008000 pairs (0x0,215) (0xd8,272) (0x1f5,4) (0x1ff,158) (0x2a0,2) (0x2a3,1) (0x2a5,66) (0x2f5,203)
  load op 5f at 29: base 0xfe0010000 pairs (0x1,1) (0x6,38) (0x32,4) (0x80,4) (0x87,37) (0xb2,4) (0xc8,2) (0x100,4) (0x107,37) (0x132,4) (0x148,2) (0x204,3) (0x20c,2) (0x212,2) (0x215,6) (0x224,5) (0x22a,1) (0x240,16) (0x27d,1) (0x280,1) (0x207,3)
  load op 5e at 74: base 0xfe0011000 pairs (0x35,8) (0xa2,1) (0x242,1) (0x248,1) (0x24a,2) (0x25b,6) (0x262,1) (0x2bb,5) (0x2c4,16) (0x2e4,8) (0x380,2) (0x383,2) (0x41d,3) (0x24d,1)
  load op 61 at 105: base 0xfe0008000 pairs (0x0,0)
  load op 5f at 110: base 0xfe0010000 pairs (0x0,0)
  load op 5e at 115: base 0xfe0011000 pairs (0x0,0)
  load op 61 at 125: base 0xfe0008000 pairs (0x0,0)
  load op 5f at 130: base 0xfe0010000 pairs (0x0,0)
  load op 5e at 135: base 0xfe0011000 pairs (0x0,0)
submit #555 hib 150 dwords at 0xfe0000000: pass 12 rewrite 2 drop 2 unmapped 0 cc 2 mappings 338 ... OK rc 0 21.10 ms
submit #556 hib 2 dwords at 0xfe003a200: pass 1 rewrite 0 drop 0 unmapped 0 cc 0 mappings 338 ... OK rc 0 21.02 ms
  load op 9f at 38: addr 0xfe0040068 idx 0 fmt 1 regoff 0x0 n 921 (table contents not committed)
  load op 63 at 43: addr 0xfe0042068 idx 0 fmt 1 regoff 0x0 n 174 (table contents not committed)
  load op 64 at 48: addr 0xfe00425d8 idx 0 fmt 1 regoff 0x0 n 49 (table contents not committed)
submit #557 dcb 96 dwords at 0xfe0042920: pass 20 rewrite 2 drop 2 unmapped 0 cc 0 mappings 338 ... OK rc 0 21.22 ms
  load op 9f at 36: addr 0xfe0040068 idx 0 fmt 1 regoff 0x0 n 921 (table contents not committed)
  load op 63 at 41: addr 0xfe0042068 idx 0 fmt 1 regoff 0x0 n 174 (table contents not committed)
  load op 64 at 46: addr 0xfe00425d8 idx 0 fmt 1 regoff 0x0 n 57 (table contents not committed)
  load op 9f at 88: addr 0x504a01500 idx 0 fmt 1 regoff 0x0 n 136 (table contents not committed)
  load op 64 at 93: addr 0x504a00500 idx 0 fmt 1 regoff 0x0 n 3 (table contents not committed)
  load op 63 at 98: addr 0x5049ff500 idx 0 fmt 1 regoff 0x0 n 3 (table contents not committed)
  load op 9f at 1541: addr 0xfe0040068 idx 0 fmt 1 regoff 0x0 n 921 (table contents not committed)
  load op 9f at 1548: addr 0x504a01940 idx 0 fmt 1 regoff 0x0 n 70 (table contents not committed)
  load op 63 at 1553: addr 0x908e5ff90 idx 0 fmt 1 regoff 0x0 n 6 (table contents not committed)
  load op 9f at 1558: addr 0x908e5ffc0 idx 0 fmt 1 regoff 0x0 n 10 (table contents not committed)
  load op 63 at 1563: addr 0x908e5f7d0 idx 0 fmt 1 regoff 0x0 n 6 (table contents not committed)
  load op 9f at 1568: addr 0x908e5f800 idx 0 fmt 1 regoff 0x0 n 9 (table contents not committed)
  load op 64 at 1573: addr 0x504a00518 idx 0 fmt 1 regoff 0x0 n 5 (table contents not committed)
  load op 9f at 1691: addr 0x504a01b70 idx 0 fmt 1 regoff 0x0 n 131 (table contents not committed)
  load op 64 at 1698: addr 0x504a00540 idx 0 fmt 1 regoff 0x0 n 1 (table contents not committed)
  load op 9f at 1730: addr 0xfe0040068 idx 0 fmt 1 regoff 0x0 n 921 (table contents not committed)
  load op 9f at 1737: addr 0x504a01f88 idx 0 fmt 1 regoff 0x0 n 70 (table contents not committed)
  load op 63 at 1742: addr 0x908e5ff90 idx 0 fmt 1 regoff 0x0 n 6 (table contents not committed)
  load op 9f at 1747: addr 0x908e5ffc0 idx 0 fmt 1 regoff 0x0 n 10 (table contents not committed)
  load op 63 at 1752: addr 0x908e5f7d0 idx 0 fmt 1 regoff 0x0 n 6 (table contents not committed)
  load op 9f at 1757: addr 0x908e5f800 idx 0 fmt 1 regoff 0x0 n 9 (table contents not committed)
  load op 64 at 1762: addr 0x504a00548 idx 0 fmt 1 regoff 0x0 n 5 (table contents not committed)
  load op 63 at 1858: addr 0x5049ff518 idx 0 fmt 1 regoff 0x0 n 10 (table contents not committed)
  load op 63 at 2049: addr 0x5049ff568 idx 0 fmt 1 regoff 0x0 n 28 (table contents not committed)
  load op 64 at 2123: addr 0x504a00570 idx 0 fmt 1 regoff 0x0 n 5 (table contents not committed)
  load op 9f at 2130: addr 0x504a021b8 idx 0 fmt 1 regoff 0x0 n 96 (table contents not committed)
  load op 9f at 2135: addr 0x5049fe390 idx 0 fmt 1 regoff 0x0 n 194 (table contents not committed)
submit #558 dcb 2647 dwords at 0x504302500: pass 236 rewrite 123 drop 120 unmapped 0 cc 4 mappings 338 ... OK rc 0 22.38 ms
state stack #558: push 2 pop 2 conditional 1 unmatched 0; restored 1842 regs (+1874 dwords); tables 13, unreadable 0
pipestat #558 (2647 dwords): ia_verts 9 ia_prims 3 vs 9 gs_inv 3 gs_prims 0 c_inv 3 c_prims 3 ps 8294400 cs 1702912
  load op 9f at 38: addr 0xfe0040068 idx 0 fmt 1 regoff 0x0 n 921 (table contents not committed)
  load op 63 at 43: addr 0xfe0042068 idx 0 fmt 1 regoff 0x0 n 174 (table contents not committed)
  load op 64 at 48: addr 0xfe00425d8 idx 0 fmt 1 regoff 0x0 n 57 (table contents not committed)
  load op 9f at 90: addr 0x506201500 idx 0 fmt 1 regoff 0x0 n 5 (table contents not committed)
  load op 64 at 95: addr 0x506200500 idx 0 fmt 1 regoff 0x0 n 2 (table contents not committed)
  load op 63 at 100: addr 0x5061ff500 idx 0 fmt 1 regoff 0x0 n 3 (table contents not committed)
submit #559 dcb 851 dwords at 0x505e02500: pass 47 rewrite 55 drop 45 unmapped 0 cc 0 mappings 338 ... OK rc 0 21.50 ms
pipestat #559 (851 dwords): ia_verts 0 ia_prims 0 vs 0 gs_inv 0 gs_prims 0 c_inv 0 c_prims 0 ps 0 cs 294912
submit #560 acb 2 dwords at 0xfe003a200: pass 1 rewrite 0 drop 0 unmapped 0 cc 0 mappings 338 ... OK rc 0 21.22 ms
cpu-wait WAIT_REG_MEM64 at 87 on 0x400203980: satisfied after 0.0 ms
  load op 9f at 35: addr 0xfe0040068 idx 0 fmt 1 regoff 0x0 n 921 (table contents not committed)
  load op 63 at 40: addr 0xfe0042068 idx 0 fmt 1 regoff 0x0 n 174 (table contents not committed)
  load op 64 at 45: addr 0xfe00425d8 idx 0 fmt 1 regoff 0x0 n 57 (table contents not committed)
  load op 9f at 87: addr 0x507401500 idx 0 fmt 1 regoff 0x0 n 136 (table contents not committed)
  load op 64 at 92: addr 0x507400500 idx 0 fmt 1 regoff 0x0 n 3 (table contents not committed)
  load op 63 at 97: addr 0x5073ff500 idx 0 fmt 1 regoff 0x0 n 3 (table contents not committed)
  load op 9f at 212: addr 0xfe0040068 idx 0 fmt 1 regoff 0x0 n 921 (table contents not committed)
  load op 9f at 219: addr 0x507401940 idx 0 fmt 1 regoff 0x0 n 70 (table contents not committed)
  load op 63 at 224: addr 0x908e5ff90 idx 0 fmt 1 regoff 0x0 n 6 (table contents not committed)
  load op 9f at 229: addr 0x908e5ffc0 idx 0 fmt 1 regoff 0x0 n 10 (table contents not committed)
  load op 63 at 234: addr 0x908e5f7d0 idx 0 fmt 1 regoff 0x0 n 6 (table contents not committed)
  load op 9f at 239: addr 0x908e5f800 idx 0 fmt 1 regoff 0x0 n 9 (table contents not committed)
  load op 64 at 244: addr 0x507400518 idx 0 fmt 1 regoff 0x0 n 5 (table contents not committed)
  load op 9f at 340: addr 0x507401b70 idx 0 fmt 1 regoff 0x0 n 131 (table contents not committed)
  load op 64 at 347: addr 0x507400540 idx 0 fmt 1 regoff 0x0 n 1 (table contents not committed)
  load op 9f at 379: addr 0xfe0040068 idx 0 fmt 1 regoff 0x0 n 921 (table contents not committed)
  load op 9f at 386: addr 0x507401f88 idx 0 fmt 1 regoff 0x0 n 70 (table contents not committed)
  load op 63 at 391: addr 0x908e5ff90 idx 0 fmt 1 regoff 0x0 n 6 (table contents not committed)
  load op 9f at 396: addr 0x908e5ffc0 idx 0 fmt 1 regoff 0x0 n 10 (table contents not committed)
  load op 63 at 401: addr 0x908e5f7d0 idx 0 fmt 1 regoff 0x0 n 6 (table contents not committed)
  load op 9f at 406: addr 0x908e5f800 idx 0 fmt 1 regoff 0x0 n 9 (table contents not committed)
  load op 64 at 411: addr 0x507400548 idx 0 fmt 1 regoff 0x0 n 5 (table contents not committed)
  load op 9f at 548: addr 0x5074021b8 idx 0 fmt 1 regoff 0x0 n 98 (table contents not committed)
  load op 64 at 555: addr 0x507400570 idx 0 fmt 1 regoff 0x0 n 1 (table contents not committed)
  load op 9f at 560: addr 0x5073fe500 idx 0 fmt 1 regoff 0x0 n 33 (table contents not committed)
  load op 9f at 592: addr 0xfe0040068 idx 0 fmt 1 regoff 0x0 n 921 (table contents not committed)
  load op 9f at 599: addr 0x5073fe608 idx 0 fmt 1 regoff 0x0 n 70 (table contents not committed)
  load op 63 at 604: addr 0x908e5ff90 idx 0 fmt 1 regoff 0x0 n 6 (table contents not committed)
  load op 9f at 609: addr 0x908e5ffc0 idx 0 fmt 1 regoff 0x0 n 10 (table contents not committed)
  load op 63 at 614: addr 0x908e5f7d0 idx 0 fmt 1 regoff 0x0 n 6 (table contents not committed)
  load op 9f at 619: addr 0x908e5f800 idx 0 fmt 1 regoff 0x0 n 9 (table contents not committed)
  load op 64 at 624: addr 0x507400578 idx 0 fmt 1 regoff 0x0 n 5 (table contents not committed)
submit #561 dcb 798 dwords at 0x506e02500: pass 103 rewrite 35 drop 22 unmapped 0 cc 6 mappings 338 ... OK rc 0 22.65 ms
state stack #561: push 3 pop 3 conditional 1 unmatched 0; restored 2763 regs (+2811 dwords); tables 17, unreadable 0
pipestat #561 (798 dwords): ia_verts 9 ia_prims 3 vs 9 gs_inv 3 gs_prims 0 c_inv 3 c_prims 3 ps 0 cs 0
submit #562 acb 463 dwords at 0x400526840: pass 43 rewrite 11 drop 27 unmapped 0 cc 0 mappings 338 ... OK rc 0 21.41 ms
acb head: 1287 of 1336 dwords go ahead of the wait at 1287 on 0x400203b80
  load op 9f at 36: addr 0xfe0040068 idx 0 fmt 1 regoff 0x0 n 921 (table contents not committed)
  load op 63 at 41: addr 0xfe0042068 idx 0 fmt 1 regoff 0x0 n 174 (table contents not committed)
  load op 64 at 46: addr 0xfe00425d8 idx 0 fmt 1 regoff 0x0 n 57 (table contents not committed)
  load op 9f at 88: addr 0x505601500 idx 0 fmt 1 regoff 0x0 n 5 (table contents not committed)
  load op 64 at 93: addr 0x505600500 idx 0 fmt 1 regoff 0x0 n 2 (table contents not committed)
  load op 63 at 98: addr 0x5055ff500 idx 0 fmt 1 regoff 0x0 n 3 (table contents not committed)
  load op 9f at 756: addr 0xfe0040068 idx 0 fmt 1 regoff 0x0 n 921 (table contents not committed)
  load op 9f at 763: addr 0x505601528 idx 0 fmt 1 regoff 0x0 n 74 (table contents not committed)
  load op 63 at 768: addr 0x908e5ff90 idx 0 fmt 1 regoff 0x0 n 6 (table contents not committed)
  load op 9f at 773: addr 0x908e5ffc0 idx 0 fmt 1 regoff 0x0 n 10 (table contents not committed)
  load op 64 at 778: addr 0x505600510 idx 0 fmt 1 regoff 0x0 n 5 (table contents not committed)
  load op 9f at 901: addr 0xfe0040068 idx 0 fmt 1 regoff 0x0 n 921 (table contents not committed)
  load op 9f at 908: addr 0x505601778 idx 0 fmt 1 regoff 0x0 n 74 (table contents not committed)
  load op 63 at 913: addr 0x908e5ff90 idx 0 fmt 1 regoff 0x0 n 6 (table contents not committed)
  load op 9f at 918: addr 0x908e5ffc0 idx 0 fmt 1 regoff 0x0 n 10 (table contents not committed)
  load op 64 at 923: addr 0x505600538 idx 0 fmt 1 regoff 0x0 n 5 (table contents not committed)
  load op 9f at 1046: addr 0xfe0040068 idx 0 fmt 1 regoff 0x0 n 921 (table contents not committed)
  load op 9f at 1053: addr 0x5056019c8 idx 0 fmt 1 regoff 0x0 n 74 (table contents not committed)
  load op 63 at 1058: addr 0x908e5ff90 idx 0 fmt 1 regoff 0x0 n 6 (table contents not committed)
  load op 9f at 1063: addr 0x908e5ffc0 idx 0 fmt 1 regoff 0x0 n 10 (table contents not committed)
  load op 64 at 1068: addr 0x505600560 idx 0 fmt 1 regoff 0x0 n 5 (table contents not committed)
submit #563 dcb 1248 dwords at 0x505202500: pass 151 rewrite 46 drop 45 unmapped 0 cc 6 mappings 338 ... OK rc 0 21.96 ms
state stack #563: push 3 pop 3 conditional 1 unmatched 0; restored 2763 regs (+2811 dwords); tables 11, unreadable 0
pipestat #563 (1248 dwords): ia_verts 9 ia_prims 3 vs 9 gs_inv 3 gs_prims 0 c_inv 3 c_prims 3 ps 0 cs 36864
flip 1/1 buffer 0x5093f0000 +0x1fe0000: sum 0x17ea65194594 nonzero 8100/8160 pattern 0
  target CB0 0x507410000: distinct 53 min 0xc0000000 max 0xc340d034,   target CB0 0x507410000: nonzero 1024/1024
  target CB0 0x563800000: distinct 1 min 0x00000000 max 0x00000000,   target CB0 0x563800000: nonzero 0/1024
  target CB0 0x55c00d000: distinct 4 min 0x00000000 max 0xffffffff,   target CB0 0x55c00d000: nonzero 147/1024
  target CB0 0x5637f0000: distinct 1 min 0x00000000 max 0x00000000,   target CB0 0x5637f0000: nonzero 0/1024
  target CB0 0x526bf0000: distinct 1 min 0x38003800 max 0x38003800,   target CB0 0x526bf0000: nonzero 1024/1024
  target CB0 0x5719a8000: distinct 15 min 0x00000000 max 0xffffffff,   target CB0 0x5719a8000: nonzero 102/1024
  target DB_HTILE 0x5203a0000: distinct 2 min 0x00000000 max 0xfffffff0,   target DB_HTILE 0x5203a0000: nonzero 160/1024
  target DB_Z_READ 0x51db50000: distinct 1 min 0x3f800000 max 0x3f800000,   target DB_Z_READ 0x51db50000: nonzero 1024/1024
  target DB_STENCIL_READ 0x51fb30000: distinct 1 min 0x80800000 max 0x80800000,   target DB_STENCIL_READ 0x51fb30000: nonzero 1024/1024
  target CB0 0x513bf0000: distinct 1 min 0x00000000 max 0x00000000,   target CB0 0x513bf0000: nonzero 0/1024
  target CB0 0x571867000: distinct 17 min 0x00000000 max 0xffffffff,   target CB0 0x571867000: nonzero 215/1024
  target CB0 0x57187b000: distinct 17 min 0x00000000 max 0xffffffff,   target CB0 0x57187b000: nonzero 195/1024
  target CB0 0x519b90000: distinct 1 min 0x00000000 max 0x00000000,   target CB0 0x519b90000: nonzero 0/1024
  target CB0 0x5718eb000: distinct 16 min 0x00000000 max 0xffffffff,   target CB0 0x5718eb000: nonzero 123/1024
  target DB_HTILE 0x55c050000: distinct 3 min 0x00000000 max 0xffffffff,   target DB_HTILE 0x55c050000: nonzero 144/1024
  target DB_Z_READ 0x527430000: distinct 1 min 0xffffffff max 0xffffffff,   target DB_Z_READ 0x527430000: nonzero 1024/1024
submit #564 acb 1287 dwords at 0x400345640: pass 118 rewrite 35 drop 63 unmapped 0 cc 0 mappings 338 ... OK rc 0 22.24 ms
cpu-wait WAIT_REG_MEM64 at 115 on 0x400203940: satisfied after 0.0 ms
cpu-wait WAIT_REG_MEM64 at 1629 on 0x4002039c0: satisfied after 0.0 ms
cpu-wait WAIT_REG_MEM64 at 8472 on 0x55d4d00b6e68: satisfied after 0.0 ms
  indirect op 16 at 1246: base 0x5074063c0 +0x0 -> 1 1 1 0 0
  indirect op 16 at 1278: base 0x5074063e0 +0x0 -> 1 1 1 0 0
  indirect op 16 at 1310: base 0x50740a520 +0x0 -> 1 1 1 0 0
  indirect op 16 at 1342: base 0x50740a540 +0x0 -> 1 1 1 0 0
  indirect op 25 at 4584: base 0x56ddaffa0 +0x0 -> 1 512 0 0 0
  load op 9f at 28: addr 0xfe0040068 idx 0 fmt 1 regoff 0x0 n 921 (table contents not committed)
  load op 63 at 33: addr 0xfe0042068 idx 0 fmt 1 regoff 0x0 n 174 (table contents not committed)
  load op 64 at 38: addr 0xfe00425d8 idx 0 fmt 1 regoff 0x0 n 57 (table contents not committed)
  load op 9f at 80: addr 0x503501500 idx 0 fmt 1 regoff 0x0 n 295 (table contents not committed)
  load op 64 at 85: addr 0x503500500 idx 0 fmt 1 regoff 0x0 n 7 (table contents not committed)
  load op 63 at 90: addr 0x5034ff500 idx 0 fmt 1 regoff 0x0 n 13 (table contents not committed)
  load op 63 at 342: addr 0x5034ff568 idx 0 fmt 1 regoff 0x0 n 10 (table contents not committed)
  load op 63 at 734: addr 0x5034ff5b8 idx 0 fmt 1 regoff 0x0 n 18 (table contents not committed)
  load op 63 at 1217: addr 0x5034ff648 idx 0 fmt 1 regoff 0x0 n 10 (table contents not committed)
  load op 63 at 1249: addr 0x5034ff698 idx 0 fmt 1 regoff 0x0 n 10 (table contents not committed)
  load op 63 at 1281: addr 0x5034ff6e8 idx 0 fmt 1 regoff 0x0 n 10 (table contents not committed)
  load op 63 at 1313: addr 0x5034ff738 idx 0 fmt 1 regoff 0x0 n 10 (table contents not committed)
  load op 9f at 1724: addr 0xfe0040068 idx 0 fmt 1 regoff 0x0 n 921 (table contents not committed)
  load op 9f at 1731: addr 0x503501e38 idx 0 fmt 1 regoff 0x0 n 74 (table contents not committed)
  load op 63 at 1736: addr 0x908e5ff90 idx 0 fmt 1 regoff 0x0 n 6 (table contents not committed)
  load op 9f at 1741: addr 0x908e5ffc0 idx 0 fmt 1 regoff 0x0 n 10 (table contents not committed)
  load op 64 at 1746: addr 0x503500538 idx 0 fmt 1 regoff 0x0 n 5 (table contents not committed)
  load op 9f at 1799: addr 0x503502088 idx 0 fmt 1 regoff 0x0 n 132 (table contents not committed)
  load op 63 at 1804: addr 0x5034ff788 idx 0 fmt 1 regoff 0x0 n 30 (table contents not committed)
  load op 64 at 1884: addr 0x503500560 idx 0 fmt 1 regoff 0x0 n 5 (table contents not committed)
  load op 9f at 1891: addr 0x5034fd440 idx 0 fmt 1 regoff 0x0 n 175 (table contents not committed)
  load op 63 at 2106: addr 0x5034ff878 idx 0 fmt 1 regoff 0x0 n 20 (table contents not committed)
  load op 9f at 3069: addr 0xfe0040068 idx 0 fmt 1 regoff 0x0 n 921 (table contents not committed)
  load op 9f at 3076: addr 0x5034fd9b8 idx 0 fmt 1 regoff 0x0 n 70 (table contents not committed)
  load op 63 at 3081: addr 0x908e5ff90 idx 0 fmt 1 regoff 0x0 n 6 (table contents not committed)
  load op 9f at 3086: addr 0x908e5ffc0 idx 0 fmt 1 regoff 0x0 n 10 (table contents not committed)
  load op 63 at 3091: addr 0x908e5f7d0 idx 0 fmt 1 regoff 0x0 n 6 (table contents not committed)
  load op 9f at 3096: addr 0x908e5f800 idx 0 fmt 1 regoff 0x0 n 9 (table contents not committed)
  load op 64 at 3101: addr 0x503500588 idx 0 fmt 1 regoff 0x0 n 5 (table contents not committed)
  load op 9f at 3140: addr 0x5034fdbe8 idx 0 fmt 1 regoff 0x0 n 19 (table contents not committed)
  load op 63 at 3145: addr 0x5034ff918 idx 0 fmt 1 regoff 0x0 n 12 (table contents not committed)
  load op 9f at 3268: addr 0xfe0040068 idx 0 fmt 1 regoff 0x0 n 921 (table contents not committed)
  load op 9f at 3275: addr 0x5034fdc80 idx 0 fmt 1 regoff 0x0 n 74 (table contents not committed)
  load op 63 at 3280: addr 0x908e5ff90 idx 0 fmt 1 regoff 0x0 n 6 (table contents not committed)
  load op 9f at 3285: addr 0x908e5ffc0 idx 0 fmt 1 regoff 0x0 n 10 (table contents not committed)
  load op 64 at 3290: addr 0x5035005b0 idx 0 fmt 1 regoff 0x0 n 5 (table contents not committed)
  load op 9f at 3329: addr 0x5034fded0 idx 0 fmt 1 regoff 0x0 n 166 (table contents not committed)
  load op 63 at 3334: addr 0x5034ff978 idx 0 fmt 1 regoff 0x0 n 30 (table contents not committed)
  load op 64 at 3430: addr 0x5035005d8 idx 0 fmt 1 regoff 0x0 n 5 (table contents not committed)
  load op 9f at 3437: addr 0x5034fc320 idx 0 fmt 1 regoff 0x0 n 135 (table contents not committed)
  load op 63 at 3675: addr 0x5034ffa68 idx 0 fmt 1 regoff 0x0 n 36 (table contents not committed)
  load op 64 at 4540: addr 0x503500600 idx 0 fmt 1 regoff 0x0 n 6 (table contents not committed)
  load op 9f at 4545: addr 0x5034fc758 idx 0 fmt 1 regoff 0x0 n 376 (table contents not committed)
  load op 9f at 4552: addr 0x5034fb118 idx 0 fmt 1 regoff 0x0 n 205 (table contents not committed)
  load op 9f at 4853: addr 0xfe0040068 idx 0 fmt 1 regoff 0x0 n 921 (table contents not committed)
  load op 9f at 4860: addr 0x5034fb780 idx 0 fmt 1 regoff 0x0 n 74 (table contents not committed)
  load op 63 at 4865: addr 0x908e5ff90 idx 0 fmt 1 regoff 0x0 n 6 (table contents not committed)
  load op 9f at 4870: addr 0x908e5ffc0 idx 0 fmt 1 regoff 0x0 n 10 (table contents not committed)
  load op 64 at 4875: addr 0x503500630 idx 0 fmt 1 regoff 0x0 n 5 (table contents not committed)
  load op 63 at 4914: addr 0x5034ffb88 idx 0 fmt 1 regoff 0x0 n 21 (table contents not committed)
  load op 9f at 4925: addr 0x5034fb9d0 idx 0 fmt 1 regoff 0x0 n 223 (table contents not committed)
  load op 64 at 6315: addr 0x503500658 idx 0 fmt 1 regoff 0x0 n 5 (table contents not committed)
  load op 63 at 6322: addr 0x5034ffc30 idx 0 fmt 1 regoff 0x0 n 18 (table contents not committed)
  load op 9f at 6327: addr 0x5034f9e30 idx 0 fmt 1 regoff 0x0 n 67 (table contents not committed)
  load op 9f at 6440: addr 0x5034fa048 idx 0 fmt 1 regoff 0x0 n 129 (table contents not committed)
  load op 63 at 6445: addr 0x5034ffcc0 idx 0 fmt 1 regoff 0x0 n 18 (table contents not committed)
  load op 64 at 6450: addr 0x503500680 idx 0 fmt 1 regoff 0x0 n 3 (table contents not committed)
  load op 9f at 6563: addr 0x5034fa450 idx 0 fmt 1 regoff 0x0 n 129 (table contents not committed)
  load op 63 at 6568: addr 0x5034ffd50 idx 0 fmt 1 regoff 0x0 n 18 (table contents not committed)
  load op 64 at 6573: addr 0x503500698 idx 0 fmt 1 regoff 0x0 n 3 (table contents not committed)
  load op 9f at 6686: addr 0x5034fa858 idx 0 fmt 1 regoff 0x0 n 58 (table contents not committed)
  load op 9f at 6791: addr 0x5034faa28 idx 0 fmt 1 regoff 0x0 n 66 (table contents not committed)
  load op 9f at 6896: addr 0x5034fac38 idx 0 fmt 1 regoff 0x0 n 58 (table contents not committed)
  load op 9f at 7001: addr 0x5034f81a0 idx 0 fmt 1 regoff 0x0 n 66 (table contents not committed)
  load op 9f at 7106: addr 0x5034f83b0 idx 0 fmt 1 regoff 0x0 n 58 (table contents not committed)
  load op 9f at 7211: addr 0x5034f8580 idx 0 fmt 1 regoff 0x0 n 130 (table contents not committed)
  load op 63 at 7216: addr 0x5034ffde0 idx 0 fmt 1 regoff 0x0 n 18 (table contents not committed)
  load op 64 at 7221: addr 0x5035006b0 idx 0 fmt 1 regoff 0x0 n 3 (table contents not committed)
  load op 9f at 7348: addr 0x5034f8990 idx 0 fmt 1 regoff 0x0 n 135 (table contents not committed)
  load op 63 at 7353: addr 0x5034ffe70 idx 0 fmt 1 regoff 0x0 n 18 (table contents not committed)
  load op 64 at 7358: addr 0x5035006c8 idx 0 fmt 1 regoff 0x0 n 3 (table contents not committed)
  load op 63 at 7936: addr 0x5034fff00 idx 0 fmt 1 regoff 0x0 n 28 (table contents not committed)
  load op 64 at 8513: addr 0x5035006e0 idx 0 fmt 1 regoff 0x0 n 5 (table contents not committed)
  load op 9f at 8518: addr 0x5034f8dc8 idx 0 fmt 1 regoff 0x0 n 113 (table contents not committed)
  load op 9f at 8525: addr 0x5034f6918 idx 0 fmt 1 regoff 0x0 n 168 (table contents not committed)
submit #565 dcb 9023 dwords at 0x502e02500: pass 559 rewrite 484 drop 408 unmapped 1 cc 8 mappings 338 ... OK rc 0 24.45 ms
state stack #565: push 4 pop 4 conditional 1 unmatched 0; restored 3684 regs (+3748 dwords); tables 35, unreadable 0
pipestat #565 (9023 dwords): ia_verts 566 ia_prims 530 vs 566 gs_inv 530 gs_prims 0 c_inv 189 c_prims 87 ps 46477680 cs 11142145
submit #566 acb 2 dwords at 0xfe003a200: pass 1 rewrite 0 drop 0 unmapped 0 cc 0 mappings 338 ... OK rc 0 21.14 ms
cpu-wait WAIT_REG_MEM64 at 0 on 0x400203b80: satisfied after 0.0 ms
map 0x303e00000 +0x10000 ... ok
swapped pages taken as resident so far: 0
vmas 115 total 13079.0 MiB resident 4570.7 MiB mapped 4570.8 MiB
submit #567 cc 3 dwords at 0x313b17cf4: pass 0 rewrite 1 drop 0 unmapped 0 cc 1 mappings 339 ... OK rc 0 20.82 ms
submit #568 acb 49 dwords at 0x400346a5c: pass 2 rewrite 3 drop 3 unmapped 0 cc 0 mappings 339 ... OK rc 0 21.20 ms
  load op 61 at 10: base 0xfe0008000 pairs (0x0,215) (0xd8,272) (0x1f5,4) (0x1ff,158) (0x2a0,2) (0x2a3,1) (0x2a5,66) (0x2f5,203)
  load op 5f at 29: base 0xfe0010000 pairs (0x1,1) (0x6,38) (0x32,4) (0x80,4) (0x87,37) (0xb2,4) (0xc8,2) (0x100,4) (0x107,37) (0x132,4) (0x148,2) (0x204,3) (0x20c,2) (0x212,2) (0x215,6) (0x224,5) (0x22a,1) (0x240,16) (0x27d,1) (0x280,1) (0x207,3)
  load op 5e at 74: base 0xfe0011000 pairs (0x35,8) (0xa2,1) (0x242,1) (0x248,1) (0x24a,2) (0x25b,6) (0x262,1) (0x2bb,5) (0x2c4,16) (0x2e4,8) (0x380,2) (0x383,2) (0x41d,3) (0x24d,1)
  load op 61 at 105: base 0xfe0008000 pairs (0x0,0)
  load op 5f at 110: base 0xfe0010000 pairs (0x0,0)
  load op 5e at 115: base 0xfe0011000 pairs (0x0,0)
  load op 61 at 125: base 0xfe0008000 pairs (0x0,0)
  load op 5f at 130: base 0xfe0010000 pairs (0x0,0)
  load op 5e at 135: base 0xfe0011000 pairs (0x0,0)
submit #569 hib 150 dwords at 0xfe0000000: pass 12 rewrite 2 drop 2 unmapped 0 cc 2 mappings 339 ... OK rc 0 21.15 ms
submit #570 hib 2 dwords at 0xfe003a200: pass 1 rewrite 0 drop 0 unmapped 0 cc 0 mappings 339 ... OK rc 0 21.36 ms
  load op 9f at 38: addr 0xfe0040068 idx 0 fmt 1 regoff 0x0 n 921 (table contents not committed)
  load op 63 at 43: addr 0xfe0042068 idx 0 fmt 1 regoff 0x0 n 174 (table contents not committed)
  load op 64 at 48: addr 0xfe00425d8 idx 0 fmt 1 regoff 0x0 n 49 (table contents not committed)
submit #571 dcb 96 dwords at 0xfe0042920: pass 20 rewrite 2 drop 2 unmapped 0 cc 0 mappings 339 ... OK rc 0 21.09 ms
  load op 9f at 36: addr 0xfe0040068 idx 0 fmt 1 regoff 0x0 n 921 (table contents not committed)
  load op 63 at 41: addr 0xfe0042068 idx 0 fmt 1 regoff 0x0 n 174 (table contents not committed)
  load op 64 at 46: addr 0xfe00425d8 idx 0 fmt 1 regoff 0x0 n 57 (table contents not committed)
  load op 9f at 88: addr 0x503c01500 idx 0 fmt 1 regoff 0x0 n 136 (table contents not committed)
  load op 64 at 93: addr 0x503c00500 idx 0 fmt 1 regoff 0x0 n 3 (table contents not committed)
  load op 63 at 98: addr 0x503bff500 idx 0 fmt 1 regoff 0x0 n 3 (table contents not committed)
  load op 9f at 1541: addr 0xfe0040068 idx 0 fmt 1 regoff 0x0 n 921 (table contents not committed)
  load op 9f at 1548: addr 0x503c01940 idx 0 fmt 1 regoff 0x0 n 70 (table contents not committed)
  load op 63 at 1553: addr 0x908e5ff90 idx 0 fmt 1 regoff 0x0 n 6 (table contents not committed)
  load op 9f at 1558: addr 0x908e5ffc0 idx 0 fmt 1 regoff 0x0 n 10 (table contents not committed)
  load op 63 at 1563: addr 0x908e5f7d0 idx 0 fmt 1 regoff 0x0 n 6 (table contents not committed)
  load op 9f at 1568: addr 0x908e5f800 idx 0 fmt 1 regoff 0x0 n 9 (table contents not committed)
  load op 64 at 1573: addr 0x503c00518 idx 0 fmt 1 regoff 0x0 n 5 (table contents not committed)
  load op 9f at 1691: addr 0x503c01b70 idx 0 fmt 1 regoff 0x0 n 131 (table contents not committed)
  load op 64 at 1698: addr 0x503c00540 idx 0 fmt 1 regoff 0x0 n 1 (table contents not committed)
  load op 9f at 1730: addr 0xfe0040068 idx 0 fmt 1 regoff 0x0 n 921 (table contents not committed)
  load op 9f at 1737: addr 0x503c01f88 idx 0 fmt 1 regoff 0x0 n 70 (table contents not committed)
  load op 63 at 1742: addr 0x908e5ff90 idx 0 fmt 1 regoff 0x0 n 6 (table contents not committed)
  load op 9f at 1747: addr 0x908e5ffc0 idx 0 fmt 1 regoff 0x0 n 10 (table contents not committed)
  load op 63 at 1752: addr 0x908e5f7d0 idx 0 fmt 1 regoff 0x0 n 6 (table contents not committed)
  load op 9f at 1757: addr 0x908e5f800 idx 0 fmt 1 regoff 0x0 n 9 (table contents not committed)
  load op 64 at 1762: addr 0x503c00548 idx 0 fmt 1 regoff 0x0 n 5 (table contents not committed)
  load op 63 at 1858: addr 0x503bff518 idx 0 fmt 1 regoff 0x0 n 10 (table contents not committed)
  load op 63 at 2049: addr 0x503bff568 idx 0 fmt 1 regoff 0x0 n 28 (table contents not committed)
  load op 64 at 2123: addr 0x503c00570 idx 0 fmt 1 regoff 0x0 n 5 (table contents not committed)
  load op 9f at 2130: addr 0x503c021b8 idx 0 fmt 1 regoff 0x0 n 96 (table contents not committed)
  load op 9f at 2135: addr 0x503bfe390 idx 0 fmt 1 regoff 0x0 n 194 (table contents not committed)
submit #572 dcb 2647 dwords at 0x503502500: pass 236 rewrite 123 drop 120 unmapped 0 cc 4 mappings 339 ... OK rc 0 21.79 ms
state stack #572: push 2 pop 2 conditional 1 unmatched 0; restored 1842 regs (+1874 dwords); tables 13, unreadable 0
pipestat #572 (2647 dwords): ia_verts 9 ia_prims 3 vs 9 gs_inv 3 gs_prims 0 c_inv 3 c_prims 3 ps 8294400 cs 1702912
  load op 9f at 38: addr 0xfe0040068 idx 0 fmt 1 regoff 0x0 n 921 (table contents not committed)
  load op 63 at 43: addr 0xfe0042068 idx 0 fmt 1 regoff 0x0 n 174 (table contents not committed)
  load op 64 at 48: addr 0xfe00425d8 idx 0 fmt 1 regoff 0x0 n 57 (table contents not committed)
  load op 9f at 90: addr 0x505a01500 idx 0 fmt 1 regoff 0x0 n 5 (table contents not committed)
  load op 64 at 95: addr 0x505a00500 idx 0 fmt 1 regoff 0x0 n 2 (table contents not committed)
  load op 63 at 100: addr 0x5059ff500 idx 0 fmt 1 regoff 0x0 n 3 (table contents not committed)
submit #573 dcb 851 dwords at 0x505602500: pass 47 rewrite 55 drop 45 unmapped 0 cc 0 mappings 339 ... OK rc 0 21.07 ms
pipestat #573 (851 dwords): ia_verts 0 ia_prims 0 vs 0 gs_inv 0 gs_prims 0 c_inv 0 c_prims 0 ps 0 cs 294912
submit #574 acb 2 dwords at 0xfe003a200: pass 1 rewrite 0 drop 0 unmapped 0 cc 0 mappings 339 ... OK rc 0 21.08 ms
cpu-wait WAIT_REG_MEM64 at 87 on 0x400201a40: satisfied after 0.0 ms
  load op 9f at 35: addr 0xfe0040068 idx 0 fmt 1 regoff 0x0 n 921 (table contents not committed)
  load op 63 at 40: addr 0xfe0042068 idx 0 fmt 1 regoff 0x0 n 174 (table contents not committed)
  load op 64 at 45: addr 0xfe00425d8 idx 0 fmt 1 regoff 0x0 n 57 (table contents not committed)
  load op 9f at 87: addr 0x506801500 idx 0 fmt 1 regoff 0x0 n 136 (table contents not committed)
  load op 64 at 92: addr 0x506800500 idx 0 fmt 1 regoff 0x0 n 3 (table contents not committed)
  load op 63 at 97: addr 0x5067ff500 idx 0 fmt 1 regoff 0x0 n 3 (table contents not committed)
  load op 9f at 212: addr 0xfe0040068 idx 0 fmt 1 regoff 0x0 n 921 (table contents not committed)
  load op 9f at 219: addr 0x506801940 idx 0 fmt 1 regoff 0x0 n 70 (table contents not committed)
  load op 63 at 224: addr 0x908e5ff90 idx 0 fmt 1 regoff 0x0 n 6 (table contents not committed)
  load op 9f at 229: addr 0x908e5ffc0 idx 0 fmt 1 regoff 0x0 n 10 (table contents not committed)
  load op 63 at 234: addr 0x908e5f7d0 idx 0 fmt 1 regoff 0x0 n 6 (table contents not committed)
  load op 9f at 239: addr 0x908e5f800 idx 0 fmt 1 regoff 0x0 n 9 (table contents not committed)
  load op 64 at 244: addr 0x506800518 idx 0 fmt 1 regoff 0x0 n 5 (table contents not committed)
  load op 9f at 340: addr 0x506801b70 idx 0 fmt 1 regoff 0x0 n 131 (table contents not committed)
  load op 64 at 347: addr 0x506800540 idx 0 fmt 1 regoff 0x0 n 1 (table contents not committed)
  load op 9f at 379: addr 0xfe0040068 idx 0 fmt 1 regoff 0x0 n 921 (table contents not committed)
  load op 9f at 386: addr 0x506801f88 idx 0 fmt 1 regoff 0x0 n 70 (table contents not committed)
  load op 63 at 391: addr 0x908e5ff90 idx 0 fmt 1 regoff 0x0 n 6 (table contents not committed)
  load op 9f at 396: addr 0x908e5ffc0 idx 0 fmt 1 regoff 0x0 n 10 (table contents not committed)
  load op 63 at 401: addr 0x908e5f7d0 idx 0 fmt 1 regoff 0x0 n 6 (table contents not committed)
  load op 9f at 406: addr 0x908e5f800 idx 0 fmt 1 regoff 0x0 n 9 (table contents not committed)
  load op 64 at 411: addr 0x506800548 idx 0 fmt 1 regoff 0x0 n 5 (table contents not committed)
  load op 9f at 548: addr 0x5068021b8 idx 0 fmt 1 regoff 0x0 n 98 (table contents not committed)
  load op 64 at 555: addr 0x506800570 idx 0 fmt 1 regoff 0x0 n 1 (table contents not committed)
  load op 9f at 560: addr 0x5067fe500 idx 0 fmt 1 regoff 0x0 n 33 (table contents not committed)
  load op 9f at 592: addr 0xfe0040068 idx 0 fmt 1 regoff 0x0 n 921 (table contents not committed)
  load op 9f at 599: addr 0x5067fe608 idx 0 fmt 1 regoff 0x0 n 70 (table contents not committed)
  load op 63 at 604: addr 0x908e5ff90 idx 0 fmt 1 regoff 0x0 n 6 (table contents not committed)
  load op 9f at 609: addr 0x908e5ffc0 idx 0 fmt 1 regoff 0x0 n 10 (table contents not committed)
  load op 63 at 614: addr 0x908e5f7d0 idx 0 fmt 1 regoff 0x0 n 6 (table contents not committed)
  load op 9f at 619: addr 0x908e5f800 idx 0 fmt 1 regoff 0x0 n 9 (table contents not committed)
  load op 64 at 624: addr 0x506800578 idx 0 fmt 1 regoff 0x0 n 5 (table contents not committed)
submit #575 dcb 798 dwords at 0x506202500: pass 103 rewrite 35 drop 22 unmapped 0 cc 6 mappings 339 ... OK rc 0 22.99 ms
state stack #575: push 3 pop 3 conditional 1 unmatched 0; restored 2763 regs (+2811 dwords); tables 17, unreadable 0
pipestat #575 (798 dwords): ia_verts 9 ia_prims 3 vs 9 gs_inv 3 gs_prims 0 c_inv 3 c_prims 3 ps 0 cs 0
submit #576 acb 463 dwords at 0x4003e6740: pass 43 rewrite 11 drop 27 unmapped 0 cc 0 mappings 339 ... OK rc 0 21.69 ms
acb head: 1287 of 1336 dwords go ahead of the wait at 1287 on 0x400202380
  load op 9f at 36: addr 0xfe0040068 idx 0 fmt 1 regoff 0x0 n 921 (table contents not committed)
  load op 63 at 41: addr 0xfe0042068 idx 0 fmt 1 regoff 0x0 n 174 (table contents not committed)
  load op 64 at 46: addr 0xfe00425d8 idx 0 fmt 1 regoff 0x0 n 57 (table contents not committed)
  load op 9f at 88: addr 0x504e01500 idx 0 fmt 1 regoff 0x0 n 5 (table contents not committed)
  load op 64 at 93: addr 0x504e00500 idx 0 fmt 1 regoff 0x0 n 2 (table contents not committed)
  load op 63 at 98: addr 0x504dff500 idx 0 fmt 1 regoff 0x0 n 3 (table contents not committed)
  load op 9f at 756: addr 0xfe0040068 idx 0 fmt 1 regoff 0x0 n 921 (table contents not committed)
  load op 9f at 763: addr 0x504e01528 idx 0 fmt 1 regoff 0x0 n 74 (table contents not committed)
  load op 63 at 768: addr 0x908e5ff90 idx 0 fmt 1 regoff 0x0 n 6 (table contents not committed)
  load op 9f at 773: addr 0x908e5ffc0 idx 0 fmt 1 regoff 0x0 n 10 (table contents not committed)
  load op 64 at 778: addr 0x504e00510 idx 0 fmt 1 regoff 0x0 n 5 (table contents not committed)
  load op 9f at 901: addr 0xfe0040068 idx 0 fmt 1 regoff 0x0 n 921 (table contents not committed)
  load op 9f at 908: addr 0x504e01778 idx 0 fmt 1 regoff 0x0 n 74 (table contents not committed)
  load op 63 at 913: addr 0x908e5ff90 idx 0 fmt 1 regoff 0x0 n 6 (table contents not committed)
  load op 9f at 918: addr 0x908e5ffc0 idx 0 fmt 1 regoff 0x0 n 10 (table contents not committed)
  load op 64 at 923: addr 0x504e00538 idx 0 fmt 1 regoff 0x0 n 5 (table contents not committed)
  load op 9f at 1046: addr 0xfe0040068 idx 0 fmt 1 regoff 0x0 n 921 (table contents not committed)
  load op 9f at 1053: addr 0x504e019c8 idx 0 fmt 1 regoff 0x0 n 74 (table contents not committed)
  load op 63 at 1058: addr 0x908e5ff90 idx 0 fmt 1 regoff 0x0 n 6 (table contents not committed)
  load op 9f at 1063: addr 0x908e5ffc0 idx 0 fmt 1 regoff 0x0 n 10 (table contents not committed)
  load op 64 at 1068: addr 0x504e00560 idx 0 fmt 1 regoff 0x0 n 5 (table contents not committed)
submit #577 dcb 1248 dwords at 0x504a02500: pass 151 rewrite 46 drop 45 unmapped 0 cc 6 mappings 339 ... OK rc 0 21.79 ms
state stack #577: push 3 pop 3 conditional 1 unmatched 0; restored 2763 regs (+2811 dwords); tables 11, unreadable 0
pipestat #577 (1248 dwords): ia_verts 9 ia_prims 3 vs 9 gs_inv 3 gs_prims 0 c_inv 3 c_prims 3 ps 0 cs 36864
flip 1/0 buffer 0x507410000 +0x1fe0000: sum 0x17ea65194594 nonzero 8100/8160 pattern 0
  target CB0 0x5093f0000: distinct 53 min 0xc0000000 max 0xc340d034,   target CB0 0x5093f0000: nonzero 1024/1024
  target CB0 0x563800000: distinct 1 min 0x00000000 max 0x00000000,   target CB0 0x563800000: nonzero 0/1024
  target CB0 0x55c00d000: distinct 4 min 0x00000000 max 0xffffffff,   target CB0 0x55c00d000: nonzero 147/1024
  target CB0 0x5637f0000: distinct 1 min 0x00000000 max 0x00000000,   target CB0 0x5637f0000: nonzero 0/1024
  target CB0 0x526bf0000: distinct 1 min 0x38003800 max 0x38003800,   target CB0 0x526bf0000: nonzero 1024/1024
  target CB0 0x5719a8000: distinct 15 min 0x00000000 max 0xffffffff,   target CB0 0x5719a8000: nonzero 102/1024
  target DB_HTILE 0x5203a0000: distinct 2 min 0x00000000 max 0xfffffff0,   target DB_HTILE 0x5203a0000: nonzero 160/1024
  target DB_Z_READ 0x51db50000: distinct 1 min 0x3f800000 max 0x3f800000,   target DB_Z_READ 0x51db50000: nonzero 1024/1024
  target DB_STENCIL_READ 0x51fb30000: distinct 1 min 0x80800000 max 0x80800000,   target DB_STENCIL_READ 0x51fb30000: nonzero 1024/1024
  target CB0 0x513bf0000: distinct 1 min 0x00000000 max 0x00000000,   target CB0 0x513bf0000: nonzero 0/1024
  target CB0 0x571867000: distinct 17 min 0x00000000 max 0xffffffff,   target CB0 0x571867000: nonzero 215/1024
  target CB0 0x57187b000: distinct 17 min 0x00000000 max 0xffffffff,   target CB0 0x57187b000: nonzero 195/1024
  target CB0 0x519b90000: distinct 1 min 0x00000000 max 0x00000000,   target CB0 0x519b90000: nonzero 0/1024
  target CB0 0x5718eb000: distinct 16 min 0x00000000 max 0xffffffff,   target CB0 0x5718eb000: nonzero 123/1024
  target DB_HTILE 0x55c050000: distinct 3 min 0x00000000 max 0xffffffff,   target DB_HTILE 0x55c050000: nonzero 144/1024
  target DB_Z_READ 0x527430000: distinct 1 min 0xffffffff max 0xffffffff,   target DB_Z_READ 0x527430000: nonzero 1024/1024
submit #578 acb 1287 dwords at 0x400205540: pass 118 rewrite 35 drop 63 unmapped 0 cc 0 mappings 339 ... OK rc 0 21.93 ms
cpu-wait WAIT_REG_MEM64 at 115 on 0x400201d40: satisfied after 0.0 ms
cpu-wait WAIT_REG_MEM64 at 1629 on 0x400201840: satisfied after 0.0 ms
cpu-wait WAIT_REG_MEM64 at 8472 on 0x55d4d00b6e60: satisfied after 0.0 ms
  indirect op 16 at 1246: base 0x5074063c0 +0x0 -> 1 1 1 0 0
  indirect op 16 at 1278: base 0x5074063e0 +0x0 -> 1 1 1 0 0
  indirect op 16 at 1310: base 0x50740a520 +0x0 -> 1 1 1 0 0
  indirect op 16 at 1342: base 0x50740a540 +0x0 -> 1 1 1 0 0
  indirect op 25 at 4584: base 0x56ddaffa0 +0x0 -> 1 512 0 0 0
  load op 9f at 28: addr 0xfe0040068 idx 0 fmt 1 regoff 0x0 n 921 (table contents not committed)
  load op 63 at 33: addr 0xfe0042068 idx 0 fmt 1 regoff 0x0 n 174 (table contents not committed)
  load op 64 at 38: addr 0xfe00425d8 idx 0 fmt 1 regoff 0x0 n 57 (table contents not committed)
  load op 9f at 80: addr 0x502701500 idx 0 fmt 1 regoff 0x0 n 295 (table contents not committed)
  load op 64 at 85: addr 0x502700500 idx 0 fmt 1 regoff 0x0 n 7 (table contents not committed)
  load op 63 at 90: addr 0x5026ff500 idx 0 fmt 1 regoff 0x0 n 13 (table contents not committed)
  load op 63 at 342: addr 0x5026ff568 idx 0 fmt 1 regoff 0x0 n 10 (table contents not committed)
  load op 63 at 734: addr 0x5026ff5b8 idx 0 fmt 1 regoff 0x0 n 18 (table contents not committed)
  load op 63 at 1217: addr 0x5026ff648 idx 0 fmt 1 regoff 0x0 n 10 (table contents not committed)
  load op 63 at 1249: addr 0x5026ff698 idx 0 fmt 1 regoff 0x0 n 10 (table contents not committed)
  load op 63 at 1281: addr 0x5026ff6e8 idx 0 fmt 1 regoff 0x0 n 10 (table contents not committed)
  load op 63 at 1313: addr 0x5026ff738 idx 0 fmt 1 regoff 0x0 n 10 (table contents not committed)
  load op 9f at 1724: addr 0xfe0040068 idx 0 fmt 1 regoff 0x0 n 921 (table contents not committed)
  load op 9f at 1731: addr 0x502701e38 idx 0 fmt 1 regoff 0x0 n 74 (table contents not committed)
  load op 63 at 1736: addr 0x908e5ff90 idx 0 fmt 1 regoff 0x0 n 6 (table contents not committed)
  load op 9f at 1741: addr 0x908e5ffc0 idx 0 fmt 1 regoff 0x0 n 10 (table contents not committed)
  load op 64 at 1746: addr 0x502700538 idx 0 fmt 1 regoff 0x0 n 5 (table contents not committed)
  load op 9f at 1799: addr 0x502702088 idx 0 fmt 1 regoff 0x0 n 132 (table contents not committed)
  load op 63 at 1804: addr 0x5026ff788 idx 0 fmt 1 regoff 0x0 n 30 (table contents not committed)
  load op 64 at 1884: addr 0x502700560 idx 0 fmt 1 regoff 0x0 n 5 (table contents not committed)
  load op 9f at 1891: addr 0x5026fd440 idx 0 fmt 1 regoff 0x0 n 175 (table contents not committed)
  load op 63 at 2106: addr 0x5026ff878 idx 0 fmt 1 regoff 0x0 n 20 (table contents not committed)
  load op 9f at 3069: addr 0xfe0040068 idx 0 fmt 1 regoff 0x0 n 921 (table contents not committed)
  load op 9f at 3076: addr 0x5026fd9b8 idx 0 fmt 1 regoff 0x0 n 70 (table contents not committed)
  load op 63 at 3081: addr 0x908e5ff90 idx 0 fmt 1 regoff 0x0 n 6 (table contents not committed)
  load op 9f at 3086: addr 0x908e5ffc0 idx 0 fmt 1 regoff 0x0 n 10 (table contents not committed)
  load op 63 at 3091: addr 0x908e5f7d0 idx 0 fmt 1 regoff 0x0 n 6 (table contents not committed)
  load op 9f at 3096: addr 0x908e5f800 idx 0 fmt 1 regoff 0x0 n 9 (table contents not committed)
  load op 64 at 3101: addr 0x502700588 idx 0 fmt 1 regoff 0x0 n 5 (table contents not committed)
  load op 9f at 3140: addr 0x5026fdbe8 idx 0 fmt 1 regoff 0x0 n 19 (table contents not committed)
  load op 63 at 3145: addr 0x5026ff918 idx 0 fmt 1 regoff 0x0 n 12 (table contents not committed)
  load op 9f at 3268: addr 0xfe0040068 idx 0 fmt 1 regoff 0x0 n 921 (table contents not committed)
  load op 9f at 3275: addr 0x5026fdc80 idx 0 fmt 1 regoff 0x0 n 74 (table contents not committed)
  load op 63 at 3280: addr 0x908e5ff90 idx 0 fmt 1 regoff 0x0 n 6 (table contents not committed)
  load op 9f at 3285: addr 0x908e5ffc0 idx 0 fmt 1 regoff 0x0 n 10 (table contents not committed)
  load op 64 at 3290: addr 0x5027005b0 idx 0 fmt 1 regoff 0x0 n 5 (table contents not committed)
  load op 9f at 3329: addr 0x5026fded0 idx 0 fmt 1 regoff 0x0 n 166 (table contents not committed)
  load op 63 at 3334: addr 0x5026ff978 idx 0 fmt 1 regoff 0x0 n 30 (table contents not committed)
  load op 64 at 3430: addr 0x5027005d8 idx 0 fmt 1 regoff 0x0 n 5 (table contents not committed)
  load op 9f at 3437: addr 0x5026fc320 idx 0 fmt 1 regoff 0x0 n 135 (table contents not committed)
  load op 63 at 3675: addr 0x5026ffa68 idx 0 fmt 1 regoff 0x0 n 36 (table contents not committed)
  load op 64 at 4540: addr 0x502700600 idx 0 fmt 1 regoff 0x0 n 6 (table contents not committed)
  load op 9f at 4545: addr 0x5026fc758 idx 0 fmt 1 regoff 0x0 n 376 (table contents not committed)
  load op 9f at 4552: addr 0x5026fb118 idx 0 fmt 1 regoff 0x0 n 205 (table contents not committed)
  load op 9f at 4853: addr 0xfe0040068 idx 0 fmt 1 regoff 0x0 n 921 (table contents not committed)
  load op 9f at 4860: addr 0x5026fb780 idx 0 fmt 1 regoff 0x0 n 74 (table contents not committed)
  load op 63 at 4865: addr 0x908e5ff90 idx 0 fmt 1 regoff 0x0 n 6 (table contents not committed)
  load op 9f at 4870: addr 0x908e5ffc0 idx 0 fmt 1 regoff 0x0 n 10 (table contents not committed)
  load op 64 at 4875: addr 0x502700630 idx 0 fmt 1 regoff 0x0 n 5 (table contents not committed)
  load op 63 at 4914: addr 0x5026ffb88 idx 0 fmt 1 regoff 0x0 n 21 (table contents not committed)
  load op 9f at 4925: addr 0x5026fb9d0 idx 0 fmt 1 regoff 0x0 n 223 (table contents not committed)
  load op 64 at 6315: addr 0x502700658 idx 0 fmt 1 regoff 0x0 n 5 (table contents not committed)
  load op 63 at 6322: addr 0x5026ffc30 idx 0 fmt 1 regoff 0x0 n 18 (table contents not committed)
  load op 9f at 6327: addr 0x5026f9e30 idx 0 fmt 1 regoff 0x0 n 67 (table contents not committed)
  load op 9f at 6440: addr 0x5026fa048 idx 0 fmt 1 regoff 0x0 n 129 (table contents not committed)
  load op 63 at 6445: addr 0x5026ffcc0 idx 0 fmt 1 regoff 0x0 n 18 (table contents not committed)
  load op 64 at 6450: addr 0x502700680 idx 0 fmt 1 regoff 0x0 n 3 (table contents not committed)
  load op 9f at 6563: addr 0x5026fa450 idx 0 fmt 1 regoff 0x0 n 129 (table contents not committed)
  load op 63 at 6568: addr 0x5026ffd50 idx 0 fmt 1 regoff 0x0 n 18 (table contents not committed)
  load op 64 at 6573: addr 0x502700698 idx 0 fmt 1 regoff 0x0 n 3 (table contents not committed)
  load op 9f at 6686: addr 0x5026fa858 idx 0 fmt 1 regoff 0x0 n 58 (table contents not committed)
  load op 9f at 6791: addr 0x5026faa28 idx 0 fmt 1 regoff 0x0 n 66 (table contents not committed)
  load op 9f at 6896: addr 0x5026fac38 idx 0 fmt 1 regoff 0x0 n 58 (table contents not committed)
  load op 9f at 7001: addr 0x5026f81a0 idx 0 fmt 1 regoff 0x0 n 66 (table contents not committed)
  load op 9f at 7106: addr 0x5026f83b0 idx 0 fmt 1 regoff 0x0 n 58 (table contents not committed)
  load op 9f at 7211: addr 0x5026f8580 idx 0 fmt 1 regoff 0x0 n 130 (table contents not committed)
  load op 63 at 7216: addr 0x5026ffde0 idx 0 fmt 1 regoff 0x0 n 18 (table contents not committed)
  load op 64 at 7221: addr 0x5027006b0 idx 0 fmt 1 regoff 0x0 n 3 (table contents not committed)
  load op 9f at 7348: addr 0x5026f8990 idx 0 fmt 1 regoff 0x0 n 135 (table contents not committed)
  load op 63 at 7353: addr 0x5026ffe70 idx 0 fmt 1 regoff 0x0 n 18 (table contents not committed)
  load op 64 at 7358: addr 0x5027006c8 idx 0 fmt 1 regoff 0x0 n 3 (table contents not committed)
  load op 63 at 7936: addr 0x5026fff00 idx 0 fmt 1 regoff 0x0 n 28 (table contents not committed)
  load op 64 at 8513: addr 0x5027006e0 idx 0 fmt 1 regoff 0x0 n 5 (table contents not committed)
  load op 9f at 8518: addr 0x5026f8dc8 idx 0 fmt 1 regoff 0x0 n 113 (table contents not committed)
  load op 9f at 8525: addr 0x5026f6918 idx 0 fmt 1 regoff 0x0 n 168 (table contents not committed)
submit #579 dcb 9023 dwords at 0x502002500: pass 559 rewrite 484 drop 408 unmapped 1 cc 8 mappings 339 ... OK rc 0 25.19 ms
state stack #579: push 4 pop 4 conditional 1 unmatched 0; restored 3684 regs (+3748 dwords); tables 35, unreadable 0
pipestat #579 (9023 dwords): ia_verts 566 ia_prims 530 vs 566 gs_inv 530 gs_prims 0 c_inv 189 c_prims 88 ps 46477680 cs 11142145
submit #580 acb 2 dwords at 0xfe003a200: pass 1 rewrite 0 drop 0 unmapped 0 cc 0 mappings 339 ... OK rc 0 21.02 ms
cpu-wait WAIT_REG_MEM64 at 0 on 0x400202380: satisfied after 0.0 ms
submit #581 cc 3 dwords at 0x313b17cf4: pass 0 rewrite 1 drop 0 unmapped 0 cc 1 mappings 339 ... OK rc 0 20.94 ms
submit #582 acb 49 dwords at 0x40020695c: pass 2 rewrite 3 drop 3 unmapped 0 cc 0 mappings 339 ... OK rc 0 21.03 ms
  load op 61 at 10: base 0xfe0008000 pairs (0x0,215) (0xd8,272) (0x1f5,4) (0x1ff,158) (0x2a0,2) (0x2a3,1) (0x2a5,66) (0x2f5,203)
  load op 5f at 29: base 0xfe0010000 pairs (0x1,1) (0x6,38) (0x32,4) (0x80,4) (0x87,37) (0xb2,4) (0xc8,2) (0x100,4) (0x107,37) (0x132,4) (0x148,2) (0x204,3) (0x20c,2) (0x212,2) (0x215,6) (0x224,5) (0x22a,1) (0x240,16) (0x27d,1) (0x280,1) (0x207,3)
  load op 5e at 74: base 0xfe0011000 pairs (0x35,8) (0xa2,1) (0x242,1) (0x248,1) (0x24a,2) (0x25b,6) (0x262,1) (0x2bb,5) (0x2c4,16) (0x2e4,8) (0x380,2) (0x383,2) (0x41d,3) (0x24d,1)
  load op 61 at 105: base 0xfe0008000 pairs (0x0,0)
  load op 5f at 110: base 0xfe0010000 pairs (0x0,0)
  load op 5e at 115: base 0xfe0011000 pairs (0x0,0)
  load op 61 at 125: base 0xfe0008000 pairs (0x0,0)
  load op 5f at 130: base 0xfe0010000 pairs (0x0,0)
  load op 5e at 135: base 0xfe0011000 pairs (0x0,0)
submit #583 hib 150 dwords at 0xfe0000000: pass 12 rewrite 2 drop 2 unmapped 0 cc 2 mappings 339 ... OK rc 0 21.38 ms
submit #584 hib 2 dwords at 0xfe003a200: pass 1 rewrite 0 drop 0 unmapped 0 cc 0 mappings 339 ... OK rc 0 21.19 ms
  load op 9f at 38: addr 0xfe0040068 idx 0 fmt 1 regoff 0x0 n 921 (table contents not committed)
  load op 63 at 43: addr 0xfe0042068 idx 0 fmt 1 regoff 0x0 n 174 (table contents not committed)
  load op 64 at 48: addr 0xfe00425d8 idx 0 fmt 1 regoff 0x0 n 49 (table contents not committed)
submit #585 dcb 96 dwords at 0xfe0042920: pass 20 rewrite 2 drop 2 unmapped 0 cc 0 mappings 339 ... OK rc 0 21.03 ms
  load op 9f at 36: addr 0xfe0040068 idx 0 fmt 1 regoff 0x0 n 921 (table contents not committed)
  load op 63 at 41: addr 0xfe0042068 idx 0 fmt 1 regoff 0x0 n 174 (table contents not committed)
  load op 64 at 46: addr 0xfe00425d8 idx 0 fmt 1 regoff 0x0 n 57 (table contents not committed)
  load op 9f at 88: addr 0x504301500 idx 0 fmt 1 regoff 0x0 n 136 (table contents not committed)
  load op 64 at 93: addr 0x504300500 idx 0 fmt 1 regoff 0x0 n 3 (table contents not committed)
  load op 63 at 98: addr 0x5042ff500 idx 0 fmt 1 regoff 0x0 n 3 (table contents not committed)
  load op 9f at 1541: addr 0xfe0040068 idx 0 fmt 1 regoff 0x0 n 921 (table contents not committed)
  load op 9f at 1548: addr 0x504301940 idx 0 fmt 1 regoff 0x0 n 70 (table contents not committed)
  load op 63 at 1553: addr 0x908e5ff90 idx 0 fmt 1 regoff 0x0 n 6 (table contents not committed)
  load op 9f at 1558: addr 0x908e5ffc0 idx 0 fmt 1 regoff 0x0 n 10 (table contents not committed)
  load op 63 at 1563: addr 0x908e5f7d0 idx 0 fmt 1 regoff 0x0 n 6 (table contents not committed)
  load op 9f at 1568: addr 0x908e5f800 idx 0 fmt 1 regoff 0x0 n 9 (table contents not committed)
  load op 64 at 1573: addr 0x504300518 idx 0 fmt 1 regoff 0x0 n 5 (table contents not committed)
  load op 9f at 1691: addr 0x504301b70 idx 0 fmt 1 regoff 0x0 n 131 (table contents not committed)
  load op 64 at 1698: addr 0x504300540 idx 0 fmt 1 regoff 0x0 n 1 (table contents not committed)
  load op 9f at 1730: addr 0xfe0040068 idx 0 fmt 1 regoff 0x0 n 921 (table contents not committed)
  load op 9f at 1737: addr 0x504301f88 idx 0 fmt 1 regoff 0x0 n 70 (table contents not committed)
  load op 63 at 1742: addr 0x908e5ff90 idx 0 fmt 1 regoff 0x0 n 6 (table contents not committed)
  load op 9f at 1747: addr 0x908e5ffc0 idx 0 fmt 1 regoff 0x0 n 10 (table contents not committed)
  load op 63 at 1752: addr 0x908e5f7d0 idx 0 fmt 1 regoff 0x0 n 6 (table contents not committed)
  load op 9f at 1757: addr 0x908e5f800 idx 0 fmt 1 regoff 0x0 n 9 (table contents not committed)
  load op 64 at 1762: addr 0x504300548 idx 0 fmt 1 regoff 0x0 n 5 (table contents not committed)
  load op 63 at 1858: addr 0x5042ff518 idx 0 fmt 1 regoff 0x0 n 10 (table contents not committed)
  load op 63 at 2049: addr 0x5042ff568 idx 0 fmt 1 regoff 0x0 n 28 (table contents not committed)
  load op 64 at 2123: addr 0x504300570 idx 0 fmt 1 regoff 0x0 n 5 (table contents not committed)
  load op 9f at 2130: addr 0x5043021b8 idx 0 fmt 1 regoff 0x0 n 96 (table contents not committed)
  load op 9f at 2135: addr 0x5042fe390 idx 0 fmt 1 regoff 0x0 n 194 (table contents not committed)
submit #586 dcb 2647 dwords at 0x503c02500: pass 236 rewrite 123 drop 120 unmapped 0 cc 4 mappings 339 ... OK rc 0 21.42 ms
state stack #586: push 2 pop 2 conditional 1 unmatched 0; restored 1842 regs (+1874 dwords); tables 13, unreadable 0
pipestat #586 (2647 dwords): ia_verts 9 ia_prims 3 vs 9 gs_inv 3 gs_prims 0 c_inv 3 c_prims 3 ps 8294400 cs 1702912
  load op 9f at 38: addr 0xfe0040068 idx 0 fmt 1 regoff 0x0 n 921 (table contents not committed)
  load op 63 at 43: addr 0xfe0042068 idx 0 fmt 1 regoff 0x0 n 174 (table contents not committed)
  load op 64 at 48: addr 0xfe00425d8 idx 0 fmt 1 regoff 0x0 n 57 (table contents not committed)
  load op 9f at 90: addr 0x505e01500 idx 0 fmt 1 regoff 0x0 n 5 (table contents not committed)
  load op 64 at 95: addr 0x505e00500 idx 0 fmt 1 regoff 0x0 n 2 (table contents not committed)
  load op 63 at 100: addr 0x505dff500 idx 0 fmt 1 regoff 0x0 n 3 (table contents not committed)
submit #587 dcb 851 dwords at 0x505a02500: pass 47 rewrite 55 drop 45 unmapped 0 cc 0 mappings 339 ... OK rc 0 21.60 ms
pipestat #587 (851 dwords): ia_verts 0 ia_prims 0 vs 0 gs_inv 0 gs_prims 0 c_inv 0 c_prims 0 ps 0 cs 294912
submit #588 acb 2 dwords at 0xfe003a200: pass 1 rewrite 0 drop 0 unmapped 0 cc 0 mappings 339 ... OK rc 0 20.92 ms
cpu-wait WAIT_REG_MEM64 at 87 on 0x400202d80: satisfied after 0.0 ms
  load op 9f at 35: addr 0xfe0040068 idx 0 fmt 1 regoff 0x0 n 921 (table contents not committed)
  load op 63 at 40: addr 0xfe0042068 idx 0 fmt 1 regoff 0x0 n 174 (table contents not committed)
  load op 64 at 45: addr 0xfe00425d8 idx 0 fmt 1 regoff 0x0 n 57 (table contents not committed)
  load op 9f at 87: addr 0x506e01500 idx 0 fmt 1 regoff 0x0 n 136 (table contents not committed)
  load op 64 at 92: addr 0x506e00500 idx 0 fmt 1 regoff 0x0 n 3 (table contents not committed)
  load op 63 at 97: addr 0x506dff500 idx 0 fmt 1 regoff 0x0 n 3 (table contents not committed)
  load op 9f at 212: addr 0xfe0040068 idx 0 fmt 1 regoff 0x0 n 921 (table contents not committed)
  load op 9f at 219: addr 0x506e01940 idx 0 fmt 1 regoff 0x0 n 70 (table contents not committed)
  load op 63 at 224: addr 0x908e5ff90 idx 0 fmt 1 regoff 0x0 n 6 (table contents not committed)
  load op 9f at 229: addr 0x908e5ffc0 idx 0 fmt 1 regoff 0x0 n 10 (table contents not committed)
  load op 63 at 234: addr 0x908e5f7d0 idx 0 fmt 1 regoff 0x0 n 6 (table contents not committed)
  load op 9f at 239: addr 0x908e5f800 idx 0 fmt 1 regoff 0x0 n 9 (table contents not committed)
  load op 64 at 244: addr 0x506e00518 idx 0 fmt 1 regoff 0x0 n 5 (table contents not committed)
  load op 9f at 340: addr 0x506e01b70 idx 0 fmt 1 regoff 0x0 n 131 (table contents not committed)
  load op 64 at 347: addr 0x506e00540 idx 0 fmt 1 regoff 0x0 n 1 (table contents not committed)
  load op 9f at 379: addr 0xfe0040068 idx 0 fmt 1 regoff 0x0 n 921 (table contents not committed)
  load op 9f at 386: addr 0x506e01f88 idx 0 fmt 1 regoff 0x0 n 70 (table contents not committed)
  load op 63 at 391: addr 0x908e5ff90 idx 0 fmt 1 regoff 0x0 n 6 (table contents not committed)
  load op 9f at 396: addr 0x908e5ffc0 idx 0 fmt 1 regoff 0x0 n 10 (table contents not committed)
  load op 63 at 401: addr 0x908e5f7d0 idx 0 fmt 1 regoff 0x0 n 6 (table contents not committed)
  load op 9f at 406: addr 0x908e5f800 idx 0 fmt 1 regoff 0x0 n 9 (table contents not committed)
  load op 64 at 411: addr 0x506e00548 idx 0 fmt 1 regoff 0x0 n 5 (table contents not committed)
  load op 9f at 548: addr 0x506e021b8 idx 0 fmt 1 regoff 0x0 n 98 (table contents not committed)
  load op 64 at 555: addr 0x506e00570 idx 0 fmt 1 regoff 0x0 n 1 (table contents not committed)
  load op 9f at 560: addr 0x506dfe500 idx 0 fmt 1 regoff 0x0 n 33 (table contents not committed)
  load op 9f at 592: addr 0xfe0040068 idx 0 fmt 1 regoff 0x0 n 921 (table contents not committed)
  load op 9f at 599: addr 0x506dfe608 idx 0 fmt 1 regoff 0x0 n 70 (table contents not committed)
  load op 63 at 604: addr 0x908e5ff90 idx 0 fmt 1 regoff 0x0 n 6 (table contents not committed)
  load op 9f at 609: addr 0x908e5ffc0 idx 0 fmt 1 regoff 0x0 n 10 (table contents not committed)
  load op 63 at 614: addr 0x908e5f7d0 idx 0 fmt 1 regoff 0x0 n 6 (table contents not committed)
  load op 9f at 619: addr 0x908e5f800 idx 0 fmt 1 regoff 0x0 n 9 (table contents not committed)
  load op 64 at 624: addr 0x506e00578 idx 0 fmt 1 regoff 0x0 n 5 (table contents not committed)
submit #589 dcb 798 dwords at 0x506802500: pass 103 rewrite 35 drop 22 unmapped 0 cc 6 mappings 339 ... OK rc 0 22.64 ms
state stack #589: push 3 pop 3 conditional 1 unmatched 0; restored 2763 regs (+2811 dwords); tables 17, unreadable 0
pipestat #589 (798 dwords): ia_verts 9 ia_prims 3 vs 9 gs_inv 3 gs_prims 0 c_inv 3 c_prims 3 ps 0 cs 0
submit #590 acb 463 dwords at 0x4004867c0: pass 43 rewrite 11 drop 27 unmapped 0 cc 0 mappings 339 ... OK rc 0 21.29 ms
acb head: 1287 of 1336 dwords go ahead of the wait at 1287 on 0x400202f80
  load op 9f at 36: addr 0xfe0040068 idx 0 fmt 1 regoff 0x0 n 921 (table contents not committed)
  load op 63 at 41: addr 0xfe0042068 idx 0 fmt 1 regoff 0x0 n 174 (table contents not committed)
  load op 64 at 46: addr 0xfe00425d8 idx 0 fmt 1 regoff 0x0 n 57 (table contents not committed)
  load op 9f at 88: addr 0x505201500 idx 0 fmt 1 regoff 0x0 n 5 (table contents not committed)
  load op 64 at 93: addr 0x505200500 idx 0 fmt 1 regoff 0x0 n 2 (table contents not committed)
  load op 63 at 98: addr 0x5051ff500 idx 0 fmt 1 regoff 0x0 n 3 (table contents not committed)
  load op 9f at 756: addr 0xfe0040068 idx 0 fmt 1 regoff 0x0 n 921 (table contents not committed)
  load op 9f at 763: addr 0x505201528 idx 0 fmt 1 regoff 0x0 n 74 (table contents not committed)
  load op 63 at 768: addr 0x908e5ff90 idx 0 fmt 1 regoff 0x0 n 6 (table contents not committed)
  load op 9f at 773: addr 0x908e5ffc0 idx 0 fmt 1 regoff 0x0 n 10 (table contents not committed)
  load op 64 at 778: addr 0x505200510 idx 0 fmt 1 regoff 0x0 n 5 (table contents not committed)
  load op 9f at 901: addr 0xfe0040068 idx 0 fmt 1 regoff 0x0 n 921 (table contents not committed)
  load op 9f at 908: addr 0x505201778 idx 0 fmt 1 regoff 0x0 n 74 (table contents not committed)
  load op 63 at 913: addr 0x908e5ff90 idx 0 fmt 1 regoff 0x0 n 6 (table contents not committed)
  load op 9f at 918: addr 0x908e5ffc0 idx 0 fmt 1 regoff 0x0 n 10 (table contents not committed)
  load op 64 at 923: addr 0x505200538 idx 0 fmt 1 regoff 0x0 n 5 (table contents not committed)
  load op 9f at 1046: addr 0xfe0040068 idx 0 fmt 1 regoff 0x0 n 921 (table contents not committed)
  load op 9f at 1053: addr 0x5052019c8 idx 0 fmt 1 regoff 0x0 n 74 (table contents not committed)
  load op 63 at 1058: addr 0x908e5ff90 idx 0 fmt 1 regoff 0x0 n 6 (table contents not committed)
  load op 9f at 1063: addr 0x908e5ffc0 idx 0 fmt 1 regoff 0x0 n 10 (table contents not committed)
  load op 64 at 1068: addr 0x505200560 idx 0 fmt 1 regoff 0x0 n 5 (table contents not committed)
submit #591 dcb 1248 dwords at 0x504e02500: pass 151 rewrite 46 drop 45 unmapped 0 cc 6 mappings 339 ... OK rc 0 22.45 ms
state stack #591: push 3 pop 3 conditional 1 unmatched 0; restored 2763 regs (+2811 dwords); tables 11, unreadable 0
pipestat #591 (1248 dwords): ia_verts 9 ia_prims 3 vs 9 gs_inv 3 gs_prims 0 c_inv 3 c_prims 3 ps 0 cs 36864
flip 1/1 buffer 0x5093f0000 +0x1fe0000: sum 0x17ea65194594 nonzero 8100/8160 pattern 0
  target CB0 0x507410000: distinct 53 min 0xc0000000 max 0xc340d034,   target CB0 0x507410000: nonzero 1024/1024
  target CB0 0x563800000: distinct 1 min 0x00000000 max 0x00000000,   target CB0 0x563800000: nonzero 0/1024
  target CB0 0x55c00d000: distinct 4 min 0x00000000 max 0xffffffff,   target CB0 0x55c00d000: nonzero 147/1024
  target CB0 0x5637f0000: distinct 1 min 0x00000000 max 0x00000000,   target CB0 0x5637f0000: nonzero 0/1024
  target CB0 0x526bf0000: distinct 1 min 0x38003800 max 0x38003800,   target CB0 0x526bf0000: nonzero 1024/1024
  target CB0 0x5719a8000: distinct 15 min 0x00000000 max 0xffffffff,   target CB0 0x5719a8000: nonzero 102/1024
  target DB_HTILE 0x5203a0000: distinct 2 min 0x00000000 max 0xfffffff0,   target DB_HTILE 0x5203a0000: nonzero 160/1024
  target DB_Z_READ 0x51db50000: distinct 1 min 0x3f800000 max 0x3f800000,   target DB_Z_READ 0x51db50000: nonzero 1024/1024
  target DB_STENCIL_READ 0x51fb30000: distinct 1 min 0x80800000 max 0x80800000,   target DB_STENCIL_READ 0x51fb30000: nonzero 1024/1024
  target CB0 0x513bf0000: distinct 1 min 0x00000000 max 0x00000000,   target CB0 0x513bf0000: nonzero 0/1024
  target CB0 0x571867000: distinct 17 min 0x00000000 max 0xffffffff,   target CB0 0x571867000: nonzero 215/1024
  target CB0 0x57187b000: distinct 17 min 0x00000000 max 0xffffffff,   target CB0 0x57187b000: nonzero 195/1024
  target CB0 0x519b90000: distinct 1 min 0x00000000 max 0x00000000,   target CB0 0x519b90000: nonzero 0/1024
  target CB0 0x5718eb000: distinct 16 min 0x00000000 max 0xffffffff,   target CB0 0x5718eb000: nonzero 123/1024
  target DB_HTILE 0x55c050000: distinct 3 min 0x00000000 max 0xffffffff,   target DB_HTILE 0x55c050000: nonzero 144/1024
  target DB_Z_READ 0x527430000: distinct 1 min 0xffffffff max 0xffffffff,   target DB_Z_READ 0x527430000: nonzero 1024/1024
submit #592 acb 1287 dwords at 0x4002a55c0: pass 118 rewrite 35 drop 63 unmapped 0 cc 0 mappings 339 ... OK rc 0 22.42 ms
cpu-wait WAIT_REG_MEM64 at 115 on 0x400202d40: satisfied after 0.0 ms
cpu-wait WAIT_REG_MEM64 at 1629 on 0x400202dc0: satisfied after 0.0 ms
cpu-wait WAIT_REG_MEM64 at 8472 on 0x55d4d00b6e68: satisfied after 0.0 ms
  indirect op 16 at 1246: base 0x5074063c0 +0x0 -> 1 1 1 0 0
  indirect op 16 at 1278: base 0x5074063e0 +0x0 -> 1 1 1 0 0
  indirect op 16 at 1310: base 0x50740a520 +0x0 -> 1 1 1 0 0
  indirect op 16 at 1342: base 0x50740a540 +0x0 -> 1 1 1 0 0
  indirect op 25 at 4584: base 0x56ddaffa0 +0x0 -> 1 512 0 0 0
  load op 9f at 28: addr 0xfe0040068 idx 0 fmt 1 regoff 0x0 n 921 (table contents not committed)
  load op 63 at 33: addr 0xfe0042068 idx 0 fmt 1 regoff 0x0 n 174 (table contents not committed)
  load op 64 at 38: addr 0xfe00425d8 idx 0 fmt 1 regoff 0x0 n 57 (table contents not committed)
  load op 9f at 80: addr 0x502e01500 idx 0 fmt 1 regoff 0x0 n 295 (table contents not committed)
  load op 64 at 85: addr 0x502e00500 idx 0 fmt 1 regoff 0x0 n 7 (table contents not committed)
  load op 63 at 90: addr 0x502dff500 idx 0 fmt 1 regoff 0x0 n 13 (table contents not committed)
  load op 63 at 342: addr 0x502dff568 idx 0 fmt 1 regoff 0x0 n 10 (table contents not committed)
  load op 63 at 734: addr 0x502dff5b8 idx 0 fmt 1 regoff 0x0 n 18 (table contents not committed)
  load op 63 at 1217: addr 0x502dff648 idx 0 fmt 1 regoff 0x0 n 10 (table contents not committed)
  load op 63 at 1249: addr 0x502dff698 idx 0 fmt 1 regoff 0x0 n 10 (table contents not committed)
  load op 63 at 1281: addr 0x502dff6e8 idx 0 fmt 1 regoff 0x0 n 10 (table contents not committed)
  load op 63 at 1313: addr 0x502dff738 idx 0 fmt 1 regoff 0x0 n 10 (table contents not committed)
  load op 9f at 1724: addr 0xfe0040068 idx 0 fmt 1 regoff 0x0 n 921 (table contents not committed)
  load op 9f at 1731: addr 0x502e01e38 idx 0 fmt 1 regoff 0x0 n 74 (table contents not committed)
  load op 63 at 1736: addr 0x908e5ff90 idx 0 fmt 1 regoff 0x0 n 6 (table contents not committed)
  load op 9f at 1741: addr 0x908e5ffc0 idx 0 fmt 1 regoff 0x0 n 10 (table contents not committed)
  load op 64 at 1746: addr 0x502e00538 idx 0 fmt 1 regoff 0x0 n 5 (table contents not committed)
  load op 9f at 1799: addr 0x502e02088 idx 0 fmt 1 regoff 0x0 n 132 (table contents not committed)
  load op 63 at 1804: addr 0x502dff788 idx 0 fmt 1 regoff 0x0 n 30 (table contents not committed)
  load op 64 at 1884: addr 0x502e00560 idx 0 fmt 1 regoff 0x0 n 5 (table contents not committed)
  load op 9f at 1891: addr 0x502dfd440 idx 0 fmt 1 regoff 0x0 n 175 (table contents not committed)
  load op 63 at 2106: addr 0x502dff878 idx 0 fmt 1 regoff 0x0 n 20 (table contents not committed)
  load op 9f at 3069: addr 0xfe0040068 idx 0 fmt 1 regoff 0x0 n 921 (table contents not committed)
  load op 9f at 3076: addr 0x502dfd9b8 idx 0 fmt 1 regoff 0x0 n 70 (table contents not committed)
  load op 63 at 3081: addr 0x908e5ff90 idx 0 fmt 1 regoff 0x0 n 6 (table contents not committed)
  load op 9f at 3086: addr 0x908e5ffc0 idx 0 fmt 1 regoff 0x0 n 10 (table contents not committed)
  load op 63 at 3091: addr 0x908e5f7d0 idx 0 fmt 1 regoff 0x0 n 6 (table contents not committed)
  load op 9f at 3096: addr 0x908e5f800 idx 0 fmt 1 regoff 0x0 n 9 (table contents not committed)
  load op 64 at 3101: addr 0x502e00588 idx 0 fmt 1 regoff 0x0 n 5 (table contents not committed)
  load op 9f at 3140: addr 0x502dfdbe8 idx 0 fmt 1 regoff 0x0 n 19 (table contents not committed)
  load op 63 at 3145: addr 0x502dff918 idx 0 fmt 1 regoff 0x0 n 12 (table contents not committed)
  load op 9f at 3268: addr 0xfe0040068 idx 0 fmt 1 regoff 0x0 n 921 (table contents not committed)
  load op 9f at 3275: addr 0x502dfdc80 idx 0 fmt 1 regoff 0x0 n 74 (table contents not committed)
  load op 63 at 3280: addr 0x908e5ff90 idx 0 fmt 1 regoff 0x0 n 6 (table contents not committed)
  load op 9f at 3285: addr 0x908e5ffc0 idx 0 fmt 1 regoff 0x0 n 10 (table contents not committed)
  load op 64 at 3290: addr 0x502e005b0 idx 0 fmt 1 regoff 0x0 n 5 (table contents not committed)
  load op 9f at 3329: addr 0x502dfded0 idx 0 fmt 1 regoff 0x0 n 166 (table contents not committed)
  load op 63 at 3334: addr 0x502dff978 idx 0 fmt 1 regoff 0x0 n 30 (table contents not committed)
  load op 64 at 3430: addr 0x502e005d8 idx 0 fmt 1 regoff 0x0 n 5 (table contents not committed)
  load op 9f at 3437: addr 0x502dfc320 idx 0 fmt 1 regoff 0x0 n 135 (table contents not committed)
  load op 63 at 3675: addr 0x502dffa68 idx 0 fmt 1 regoff 0x0 n 36 (table contents not committed)
  load op 64 at 4540: addr 0x502e00600 idx 0 fmt 1 regoff 0x0 n 6 (table contents not committed)
  load op 9f at 4545: addr 0x502dfc758 idx 0 fmt 1 regoff 0x0 n 376 (table contents not committed)
  load op 9f at 4552: addr 0x502dfb118 idx 0 fmt 1 regoff 0x0 n 205 (table contents not committed)
  load op 9f at 4853: addr 0xfe0040068 idx 0 fmt 1 regoff 0x0 n 921 (table contents not committed)
  load op 9f at 4860: addr 0x502dfb780 idx 0 fmt 1 regoff 0x0 n 74 (table contents not committed)
  load op 63 at 4865: addr 0x908e5ff90 idx 0 fmt 1 regoff 0x0 n 6 (table contents not committed)
  load op 9f at 4870: addr 0x908e5ffc0 idx 0 fmt 1 regoff 0x0 n 10 (table contents not committed)
  load op 64 at 4875: addr 0x502e00630 idx 0 fmt 1 regoff 0x0 n 5 (table contents not committed)
  load op 63 at 4914: addr 0x502dffb88 idx 0 fmt 1 regoff 0x0 n 21 (table contents not committed)
  load op 9f at 4925: addr 0x502dfb9d0 idx 0 fmt 1 regoff 0x0 n 223 (table contents not committed)
  load op 64 at 6315: addr 0x502e00658 idx 0 fmt 1 regoff 0x0 n 5 (table contents not committed)
  load op 63 at 6322: addr 0x502dffc30 idx 0 fmt 1 regoff 0x0 n 18 (table contents not committed)
  load op 9f at 6327: addr 0x502df9e30 idx 0 fmt 1 regoff 0x0 n 67 (table contents not committed)
  load op 9f at 6440: addr 0x502dfa048 idx 0 fmt 1 regoff 0x0 n 129 (table contents not committed)
  load op 63 at 6445: addr 0x502dffcc0 idx 0 fmt 1 regoff 0x0 n 18 (table contents not committed)
  load op 64 at 6450: addr 0x502e00680 idx 0 fmt 1 regoff 0x0 n 3 (table contents not committed)
  load op 9f at 6563: addr 0x502dfa450 idx 0 fmt 1 regoff 0x0 n 129 (table contents not committed)
  load op 63 at 6568: addr 0x502dffd50 idx 0 fmt 1 regoff 0x0 n 18 (table contents not committed)
  load op 64 at 6573: addr 0x502e00698 idx 0 fmt 1 regoff 0x0 n 3 (table contents not committed)
  load op 9f at 6686: addr 0x502dfa858 idx 0 fmt 1 regoff 0x0 n 58 (table contents not committed)
  load op 9f at 6791: addr 0x502dfaa28 idx 0 fmt 1 regoff 0x0 n 66 (table contents not committed)
  load op 9f at 6896: addr 0x502dfac38 idx 0 fmt 1 regoff 0x0 n 58 (table contents not committed)
  load op 9f at 7001: addr 0x502df81a0 idx 0 fmt 1 regoff 0x0 n 66 (table contents not committed)
  load op 9f at 7106: addr 0x502df83b0 idx 0 fmt 1 regoff 0x0 n 58 (table contents not committed)
  load op 9f at 7211: addr 0x502df8580 idx 0 fmt 1 regoff 0x0 n 130 (table contents not committed)
  load op 63 at 7216: addr 0x502dffde0 idx 0 fmt 1 regoff 0x0 n 18 (table contents not committed)
  load op 64 at 7221: addr 0x502e006b0 idx 0 fmt 1 regoff 0x0 n 3 (table contents not committed)
  load op 9f at 7348: addr 0x502df8990 idx 0 fmt 1 regoff 0x0 n 135 (table contents not committed)
  load op 63 at 7353: addr 0x502dffe70 idx 0 fmt 1 regoff 0x0 n 18 (table contents not committed)
  load op 64 at 7358: addr 0x502e006c8 idx 0 fmt 1 regoff 0x0 n 3 (table contents not committed)
  load op 63 at 7936: addr 0x502dfff00 idx 0 fmt 1 regoff 0x0 n 28 (table contents not committed)
  load op 64 at 8513: addr 0x502e006e0 idx 0 fmt 1 regoff 0x0 n 5 (table contents not committed)
  load op 9f at 8518: addr 0x502df8dc8 idx 0 fmt 1 regoff 0x0 n 113 (table contents not committed)
  load op 9f at 8525: addr 0x502df6918 idx 0 fmt 1 regoff 0x0 n 168 (table contents not committed)
submit #593 dcb 9023 dwords at 0x502702500: pass 559 rewrite 484 drop 408 unmapped 1 cc 8 mappings 339 ... OK rc 0 25.04 ms
state stack #593: push 4 pop 4 conditional 1 unmatched 0; restored 3684 regs (+3748 dwords); tables 35, unreadable 0
pipestat #593 (9023 dwords): ia_verts 566 ia_prims 530 vs 566 gs_inv 530 gs_prims 0 c_inv 189 c_prims 88 ps 46477680 cs 11142145
map 0x336480000 +0x10000 ... ok
map 0x404800000 +0x10000 ... ok
map 0x4053e0000 +0x10000 ... ok
swapped pages taken as resident so far: 0
vmas 115 total 13079.0 MiB resident 4570.8 MiB mapped 4570.9 MiB
submit #594 acb 2 dwords at 0xfe003a200: pass 1 rewrite 0 drop 0 unmapped 0 cc 0 mappings 342 ... OK rc 0 21.42 ms
cpu-wait WAIT_REG_MEM64 at 0 on 0x400202f80: satisfied after 0.0 ms
submit #595 cc 3 dwords at 0x313b17cf4: pass 0 rewrite 1 drop 0 unmapped 0 cc 1 mappings 342 ... OK rc 0 20.97 ms
submit #596 acb 49 dwords at 0x4002a69dc: pass 2 rewrite 3 drop 3 unmapped 0 cc 0 mappings 342 ... OK rc 0 21.15 ms
  load op 61 at 10: base 0xfe0008000 pairs (0x0,215) (0xd8,272) (0x1f5,4) (0x1ff,158) (0x2a0,2) (0x2a3,1) (0x2a5,66) (0x2f5,203)
  load op 5f at 29: base 0xfe0010000 pairs (0x1,1) (0x6,38) (0x32,4) (0x80,4) (0x87,37) (0xb2,4) (0xc8,2) (0x100,4) (0x107,37) (0x132,4) (0x148,2) (0x204,3) (0x20c,2) (0x212,2) (0x215,6) (0x224,5) (0x22a,1) (0x240,16) (0x27d,1) (0x280,1) (0x207,3)
  load op 5e at 74: base 0xfe0011000 pairs (0x35,8) (0xa2,1) (0x242,1) (0x248,1) (0x24a,2) (0x25b,6) (0x262,1) (0x2bb,5) (0x2c4,16) (0x2e4,8) (0x380,2) (0x383,2) (0x41d,3) (0x24d,1)
  load op 61 at 105: base 0xfe0008000 pairs (0x0,0)
  load op 5f at 110: base 0xfe0010000 pairs (0x0,0)
  load op 5e at 115: base 0xfe0011000 pairs (0x0,0)
  load op 61 at 125: base 0xfe0008000 pairs (0x0,0)
  load op 5f at 130: base 0xfe0010000 pairs (0x0,0)
  load op 5e at 135: base 0xfe0011000 pairs (0x0,0)
submit #597 hib 150 dwords at 0xfe0000000: pass 12 rewrite 2 drop 2 unmapped 0 cc 2 mappings 342 ... OK rc 0 21.42 ms
submit #598 hib 2 dwords at 0xfe003a200: pass 1 rewrite 0 drop 0 unmapped 0 cc 0 mappings 342 ... OK rc 0 21.26 ms
  load op 9f at 38: addr 0xfe0040068 idx 0 fmt 1 regoff 0x0 n 921 (table contents not committed)
  load op 63 at 43: addr 0xfe0042068 idx 0 fmt 1 regoff 0x0 n 174 (table contents not committed)
  load op 64 at 48: addr 0xfe00425d8 idx 0 fmt 1 regoff 0x0 n 49 (table contents not committed)
submit #599 dcb 96 dwords at 0xfe0042920: pass 20 rewrite 2 drop 2 unmapped 0 cc 0 mappings 342 ... OK rc 0 21.29 ms
  load op 9f at 36: addr 0xfe0040068 idx 0 fmt 1 regoff 0x0 n 921 (table contents not committed)
  load op 63 at 41: addr 0xfe0042068 idx 0 fmt 1 regoff 0x0 n 174 (table contents not committed)
  load op 64 at 46: addr 0xfe00425d8 idx 0 fmt 1 regoff 0x0 n 57 (table contents not committed)
  load op 9f at 88: addr 0x504a01500 idx 0 fmt 1 regoff 0x0 n 136 (table contents not committed)
  load op 64 at 93: addr 0x504a00500 idx 0 fmt 1 regoff 0x0 n 3 (table contents not committed)
  load op 63 at 98: addr 0x5049ff500 idx 0 fmt 1 regoff 0x0 n 3 (table contents not committed)
  load op 9f at 1541: addr 0xfe0040068 idx 0 fmt 1 regoff 0x0 n 921 (table contents not committed)
  load op 9f at 1548: addr 0x504a01940 idx 0 fmt 1 regoff 0x0 n 70 (table contents not committed)
  load op 63 at 1553: addr 0x908e5ff90 idx 0 fmt 1 regoff 0x0 n 6 (table contents not committed)
  load op 9f at 1558: addr 0x908e5ffc0 idx 0 fmt 1 regoff 0x0 n 10 (table contents not committed)
  load op 63 at 1563: addr 0x908e5f7d0 idx 0 fmt 1 regoff 0x0 n 6 (table contents not committed)
  load op 9f at 1568: addr 0x908e5f800 idx 0 fmt 1 regoff 0x0 n 9 (table contents not committed)
  load op 64 at 1573: addr 0x504a00518 idx 0 fmt 1 regoff 0x0 n 5 (table contents not committed)
  load op 9f at 1691: addr 0x504a01b70 idx 0 fmt 1 regoff 0x0 n 131 (table contents not committed)
  load op 64 at 1698: addr 0x504a00540 idx 0 fmt 1 regoff 0x0 n 1 (table contents not committed)
  load op 9f at 1730: addr 0xfe0040068 idx 0 fmt 1 regoff 0x0 n 921 (table contents not committed)
  load op 9f at 1737: addr 0x504a01f88 idx 0 fmt 1 regoff 0x0 n 70 (table contents not committed)
  load op 63 at 1742: addr 0x908e5ff90 idx 0 fmt 1 regoff 0x0 n 6 (table contents not committed)
  load op 9f at 1747: addr 0x908e5ffc0 idx 0 fmt 1 regoff 0x0 n 10 (table contents not committed)
  load op 63 at 1752: addr 0x908e5f7d0 idx 0 fmt 1 regoff 0x0 n 6 (table contents not committed)
  load op 9f at 1757: addr 0x908e5f800 idx 0 fmt 1 regoff 0x0 n 9 (table contents not committed)
  load op 64 at 1762: addr 0x504a00548 idx 0 fmt 1 regoff 0x0 n 5 (table contents not committed)
  load op 63 at 1858: addr 0x5049ff518 idx 0 fmt 1 regoff 0x0 n 10 (table contents not committed)
  load op 63 at 2049: addr 0x5049ff568 idx 0 fmt 1 regoff 0x0 n 28 (table contents not committed)
  load op 64 at 2123: addr 0x504a00570 idx 0 fmt 1 regoff 0x0 n 5 (table contents not committed)
  load op 9f at 2130: addr 0x504a021b8 idx 0 fmt 1 regoff 0x0 n 96 (table contents not committed)
  load op 9f at 2135: addr 0x5049fe390 idx 0 fmt 1 regoff 0x0 n 194 (table contents not committed)
submit #600 dcb 2647 dwords at 0x504302500: pass 236 rewrite 123 drop 120 unmapped 0 cc 4 mappings 342 ... OK rc 0 22.70 ms
state stack #600: push 2 pop 2 conditional 1 unmatched 0; restored 1842 regs (+1874 dwords); tables 13, unreadable 0
pipestat #600 (2647 dwords): ia_verts 9 ia_prims 3 vs 9 gs_inv 3 gs_prims 0 c_inv 3 c_prims 3 ps 8294400 cs 1702912
  load op 9f at 38: addr 0xfe0040068 idx 0 fmt 1 regoff 0x0 n 921 (table contents not committed)
  load op 63 at 43: addr 0xfe0042068 idx 0 fmt 1 regoff 0x0 n 174 (table contents not committed)
  load op 64 at 48: addr 0xfe00425d8 idx 0 fmt 1 regoff 0x0 n 57 (table contents not committed)
  load op 9f at 90: addr 0x506201500 idx 0 fmt 1 regoff 0x0 n 5 (table contents not committed)
  load op 64 at 95: addr 0x506200500 idx 0 fmt 1 regoff 0x0 n 2 (table contents not committed)
  load op 63 at 100: addr 0x5061ff500 idx 0 fmt 1 regoff 0x0 n 3 (table contents not committed)
submit #601 dcb 851 dwords at 0x505e02500: pass 47 rewrite 55 drop 45 unmapped 0 cc 0 mappings 342 ... OK rc 0 21.49 ms
pipestat #601 (851 dwords): ia_verts 0 ia_prims 0 vs 0 gs_inv 0 gs_prims 0 c_inv 0 c_prims 0 ps 0 cs 294912
submit #602 acb 2 dwords at 0xfe003a200: pass 1 rewrite 0 drop 0 unmapped 0 cc 0 mappings 342 ... OK rc 0 21.06 ms
cpu-wait WAIT_REG_MEM64 at 87 on 0x400203980: satisfied after 0.0 ms
  load op 9f at 35: addr 0xfe0040068 idx 0 fmt 1 regoff 0x0 n 921 (table contents not committed)
  load op 63 at 40: addr 0xfe0042068 idx 0 fmt 1 regoff 0x0 n 174 (table contents not committed)
  load op 64 at 45: addr 0xfe00425d8 idx 0 fmt 1 regoff 0x0 n 57 (table contents not committed)
  load op 9f at 87: addr 0x507401500 idx 0 fmt 1 regoff 0x0 n 136 (table contents not committed)
  load op 64 at 92: addr 0x507400500 idx 0 fmt 1 regoff 0x0 n 3 (table contents not committed)
  load op 63 at 97: addr 0x5073ff500 idx 0 fmt 1 regoff 0x0 n 3 (table contents not committed)
  load op 9f at 212: addr 0xfe0040068 idx 0 fmt 1 regoff 0x0 n 921 (table contents not committed)
  load op 9f at 219: addr 0x507401940 idx 0 fmt 1 regoff 0x0 n 70 (table contents not committed)
  load op 63 at 224: addr 0x908e5ff90 idx 0 fmt 1 regoff 0x0 n 6 (table contents not committed)
  load op 9f at 229: addr 0x908e5ffc0 idx 0 fmt 1 regoff 0x0 n 10 (table contents not committed)
  load op 63 at 234: addr 0x908e5f7d0 idx 0 fmt 1 regoff 0x0 n 6 (table contents not committed)
  load op 9f at 239: addr 0x908e5f800 idx 0 fmt 1 regoff 0x0 n 9 (table contents not committed)
  load op 64 at 244: addr 0x507400518 idx 0 fmt 1 regoff 0x0 n 5 (table contents not committed)
  load op 9f at 340: addr 0x507401b70 idx 0 fmt 1 regoff 0x0 n 131 (table contents not committed)
  load op 64 at 347: addr 0x507400540 idx 0 fmt 1 regoff 0x0 n 1 (table contents not committed)
  load op 9f at 379: addr 0xfe0040068 idx 0 fmt 1 regoff 0x0 n 921 (table contents not committed)
  load op 9f at 386: addr 0x507401f88 idx 0 fmt 1 regoff 0x0 n 70 (table contents not committed)
  load op 63 at 391: addr 0x908e5ff90 idx 0 fmt 1 regoff 0x0 n 6 (table contents not committed)
  load op 9f at 396: addr 0x908e5ffc0 idx 0 fmt 1 regoff 0x0 n 10 (table contents not committed)
  load op 63 at 401: addr 0x908e5f7d0 idx 0 fmt 1 regoff 0x0 n 6 (table contents not committed)
  load op 9f at 406: addr 0x908e5f800 idx 0 fmt 1 regoff 0x0 n 9 (table contents not committed)
  load op 64 at 411: addr 0x507400548 idx 0 fmt 1 regoff 0x0 n 5 (table contents not committed)
  load op 9f at 548: addr 0x5074021b8 idx 0 fmt 1 regoff 0x0 n 98 (table contents not committed)
  load op 64 at 555: addr 0x507400570 idx 0 fmt 1 regoff 0x0 n 1 (table contents not committed)
  load op 9f at 560: addr 0x5073fe500 idx 0 fmt 1 regoff 0x0 n 33 (table contents not committed)
  load op 9f at 592: addr 0xfe0040068 idx 0 fmt 1 regoff 0x0 n 921 (table contents not committed)
  load op 9f at 599: addr 0x5073fe608 idx 0 fmt 1 regoff 0x0 n 70 (table contents not committed)
  load op 63 at 604: addr 0x908e5ff90 idx 0 fmt 1 regoff 0x0 n 6 (table contents not committed)
  load op 9f at 609: addr 0x908e5ffc0 idx 0 fmt 1 regoff 0x0 n 10 (table contents not committed)
  load op 63 at 614: addr 0x908e5f7d0 idx 0 fmt 1 regoff 0x0 n 6 (table contents not committed)
  load op 9f at 619: addr 0x908e5f800 idx 0 fmt 1 regoff 0x0 n 9 (table contents not committed)
  load op 64 at 624: addr 0x507400578 idx 0 fmt 1 regoff 0x0 n 5 (table contents not committed)
submit #603 dcb 798 dwords at 0x506e02500: pass 103 rewrite 35 drop 22 unmapped 0 cc 6 mappings 342 ... OK rc 0 22.82 ms
state stack #603: push 3 pop 3 conditional 1 unmatched 0; restored 2763 regs (+2811 dwords); tables 17, unreadable 0
pipestat #603 (798 dwords): ia_verts 9 ia_prims 3 vs 9 gs_inv 3 gs_prims 0 c_inv 3 c_prims 3 ps 0 cs 0
submit #604 acb 463 dwords at 0x400526840: pass 43 rewrite 11 drop 27 unmapped 0 cc 0 mappings 342 ... OK rc 0 21.20 ms
acb head: 1287 of 1336 dwords go ahead of the wait at 1287 on 0x400203b80
  load op 9f at 36: addr 0xfe0040068 idx 0 fmt 1 regoff 0x0 n 921 (table contents not committed)
  load op 63 at 41: addr 0xfe0042068 idx 0 fmt 1 regoff 0x0 n 174 (table contents not committed)
  load op 64 at 46: addr 0xfe00425d8 idx 0 fmt 1 regoff 0x0 n 57 (table contents not committed)
  load op 9f at 88: addr 0x505601500 idx 0 fmt 1 regoff 0x0 n 5 (table contents not committed)
  load op 64 at 93: addr 0x505600500 idx 0 fmt 1 regoff 0x0 n 2 (table contents not committed)
  load op 63 at 98: addr 0x5055ff500 idx 0 fmt 1 regoff 0x0 n 3 (table contents not committed)
  load op 9f at 756: addr 0xfe0040068 idx 0 fmt 1 regoff 0x0 n 921 (table contents not committed)
  load op 9f at 763: addr 0x505601528 idx 0 fmt 1 regoff 0x0 n 74 (table contents not committed)
  load op 63 at 768: addr 0x908e5ff90 idx 0 fmt 1 regoff 0x0 n 6 (table contents not committed)
  load op 9f at 773: addr 0x908e5ffc0 idx 0 fmt 1 regoff 0x0 n 10 (table contents not committed)
  load op 64 at 778: addr 0x505600510 idx 0 fmt 1 regoff 0x0 n 5 (table contents not committed)
  load op 9f at 901: addr 0xfe0040068 idx 0 fmt 1 regoff 0x0 n 921 (table contents not committed)
  load op 9f at 908: addr 0x505601778 idx 0 fmt 1 regoff 0x0 n 74 (table contents not committed)
  load op 63 at 913: addr 0x908e5ff90 idx 0 fmt 1 regoff 0x0 n 6 (table contents not committed)
  load op 9f at 918: addr 0x908e5ffc0 idx 0 fmt 1 regoff 0x0 n 10 (table contents not committed)
  load op 64 at 923: addr 0x505600538 idx 0 fmt 1 regoff 0x0 n 5 (table contents not committed)
  load op 9f at 1046: addr 0xfe0040068 idx 0 fmt 1 regoff 0x0 n 921 (table contents not committed)
  load op 9f at 1053: addr 0x5056019c8 idx 0 fmt 1 regoff 0x0 n 74 (table contents not committed)
  load op 63 at 1058: addr 0x908e5ff90 idx 0 fmt 1 regoff 0x0 n 6 (table contents not committed)
  load op 9f at 1063: addr 0x908e5ffc0 idx 0 fmt 1 regoff 0x0 n 10 (table contents not committed)
  load op 64 at 1068: addr 0x505600560 idx 0 fmt 1 regoff 0x0 n 5 (table contents not committed)
submit #605 dcb 1248 dwords at 0x505202500: pass 151 rewrite 46 drop 45 unmapped 0 cc 6 mappings 342 ... OK rc 0 21.88 ms
state stack #605: push 3 pop 3 conditional 1 unmatched 0; restored 2763 regs (+2811 dwords); tables 11, unreadable 0
pipestat #605 (1248 dwords): ia_verts 9 ia_prims 3 vs 9 gs_inv 3 gs_prims 0 c_inv 3 c_prims 3 ps 0 cs 36864
flip 1/0 buffer 0x507410000 +0x1fe0000: sum 0x17ea65194594 nonzero 8100/8160 pattern 0
  target CB0 0x5093f0000: distinct 53 min 0xc0000000 max 0xc340d034,   target CB0 0x5093f0000: nonzero 1024/1024
  target CB0 0x563800000: distinct 1 min 0x00000000 max 0x00000000,   target CB0 0x563800000: nonzero 0/1024
  target CB0 0x55c00d000: distinct 4 min 0x00000000 max 0xffffffff,   target CB0 0x55c00d000: nonzero 147/1024
  target CB0 0x5637f0000: distinct 1 min 0x00000000 max 0x00000000,   target CB0 0x5637f0000: nonzero 0/1024
  target CB0 0x526bf0000: distinct 1 min 0x38003800 max 0x38003800,   target CB0 0x526bf0000: nonzero 1024/1024
  target CB0 0x5719a8000: distinct 15 min 0x00000000 max 0xffffffff,   target CB0 0x5719a8000: nonzero 102/1024
  target DB_HTILE 0x5203a0000: distinct 2 min 0x00000000 max 0xfffffff0,   target DB_HTILE 0x5203a0000: nonzero 160/1024
  target DB_Z_READ 0x51db50000: distinct 1 min 0x3f800000 max 0x3f800000,   target DB_Z_READ 0x51db50000: nonzero 1024/1024
  target DB_STENCIL_READ 0x51fb30000: distinct 1 min 0x80800000 max 0x80800000,   target DB_STENCIL_READ 0x51fb30000: nonzero 1024/1024
  target CB0 0x513bf0000: distinct 1 min 0x00000000 max 0x00000000,   target CB0 0x513bf0000: nonzero 0/1024
  target CB0 0x571867000: distinct 17 min 0x00000000 max 0xffffffff,   target CB0 0x571867000: nonzero 215/1024
  target CB0 0x57187b000: distinct 17 min 0x00000000 max 0xffffffff,   target CB0 0x57187b000: nonzero 195/1024
  target CB0 0x519b90000: distinct 1 min 0x00000000 max 0x00000000,   target CB0 0x519b90000: nonzero 0/1024
  target CB0 0x5718eb000: distinct 16 min 0x00000000 max 0xffffffff,   target CB0 0x5718eb000: nonzero 123/1024
  target DB_HTILE 0x55c050000: distinct 3 min 0x00000000 max 0xffffffff,   target DB_HTILE 0x55c050000: nonzero 144/1024
  target DB_Z_READ 0x527430000: distinct 1 min 0xffffffff max 0xffffffff,   target DB_Z_READ 0x527430000: nonzero 1024/1024
submit #606 acb 1287 dwords at 0x400345640: pass 118 rewrite 35 drop 63 unmapped 0 cc 0 mappings 342 ... OK rc 0 22.19 ms
cpu-wait WAIT_REG_MEM64 at 115 on 0x400203940: satisfied after 0.0 ms
cpu-wait WAIT_REG_MEM64 at 1629 on 0x4002039c0: satisfied after 0.0 ms
cpu-wait WAIT_REG_MEM64 at 8472 on 0x55d4d00b6e60: satisfied after 0.0 ms
  indirect op 16 at 1246: base 0x5074063c0 +0x0 -> 1 1 1 0 0
  indirect op 16 at 1278: base 0x5074063e0 +0x0 -> 1 1 1 0 0
  indirect op 16 at 1310: base 0x50740a520 +0x0 -> 1 1 1 0 0
  indirect op 16 at 1342: base 0x50740a540 +0x0 -> 1 1 1 0 0
  indirect op 25 at 4584: base 0x56ddaffa0 +0x0 -> 1 512 0 0 0
  load op 9f at 28: addr 0xfe0040068 idx 0 fmt 1 regoff 0x0 n 921 (table contents not committed)
  load op 63 at 33: addr 0xfe0042068 idx 0 fmt 1 regoff 0x0 n 174 (table contents not committed)
  load op 64 at 38: addr 0xfe00425d8 idx 0 fmt 1 regoff 0x0 n 57 (table contents not committed)
  load op 9f at 80: addr 0x503501500 idx 0 fmt 1 regoff 0x0 n 295 (table contents not committed)
  load op 64 at 85: addr 0x503500500 idx 0 fmt 1 regoff 0x0 n 7 (table contents not committed)
  load op 63 at 90: addr 0x5034ff500 idx 0 fmt 1 regoff 0x0 n 13 (table contents not committed)
  load op 63 at 342: addr 0x5034ff568 idx 0 fmt 1 regoff 0x0 n 10 (table contents not committed)
  load op 63 at 734: addr 0x5034ff5b8 idx 0 fmt 1 regoff 0x0 n 18 (table contents not committed)
  load op 63 at 1217: addr 0x5034ff648 idx 0 fmt 1 regoff 0x0 n 10 (table contents not committed)
  load op 63 at 1249: addr 0x5034ff698 idx 0 fmt 1 regoff 0x0 n 10 (table contents not committed)
  load op 63 at 1281: addr 0x5034ff6e8 idx 0 fmt 1 regoff 0x0 n 10 (table contents not committed)
  load op 63 at 1313: addr 0x5034ff738 idx 0 fmt 1 regoff 0x0 n 10 (table contents not committed)
  load op 9f at 1724: addr 0xfe0040068 idx 0 fmt 1 regoff 0x0 n 921 (table contents not committed)
  load op 9f at 1731: addr 0x503501e38 idx 0 fmt 1 regoff 0x0 n 74 (table contents not committed)
  load op 63 at 1736: addr 0x908e5ff90 idx 0 fmt 1 regoff 0x0 n 6 (table contents not committed)
  load op 9f at 1741: addr 0x908e5ffc0 idx 0 fmt 1 regoff 0x0 n 10 (table contents not committed)
  load op 64 at 1746: addr 0x503500538 idx 0 fmt 1 regoff 0x0 n 5 (table contents not committed)
  load op 9f at 1799: addr 0x503502088 idx 0 fmt 1 regoff 0x0 n 132 (table contents not committed)
  load op 63 at 1804: addr 0x5034ff788 idx 0 fmt 1 regoff 0x0 n 30 (table contents not committed)
  load op 64 at 1884: addr 0x503500560 idx 0 fmt 1 regoff 0x0 n 5 (table contents not committed)
  load op 9f at 1891: addr 0x5034fd440 idx 0 fmt 1 regoff 0x0 n 175 (table contents not committed)
  load op 63 at 2106: addr 0x5034ff878 idx 0 fmt 1 regoff 0x0 n 20 (table contents not committed)
  load op 9f at 3069: addr 0xfe0040068 idx 0 fmt 1 regoff 0x0 n 921 (table contents not committed)
  load op 9f at 3076: addr 0x5034fd9b8 idx 0 fmt 1 regoff 0x0 n 70 (table contents not committed)
  load op 63 at 3081: addr 0x908e5ff90 idx 0 fmt 1 regoff 0x0 n 6 (table contents not committed)
  load op 9f at 3086: addr 0x908e5ffc0 idx 0 fmt 1 regoff 0x0 n 10 (table contents not committed)
  load op 63 at 3091: addr 0x908e5f7d0 idx 0 fmt 1 regoff 0x0 n 6 (table contents not committed)
  load op 9f at 3096: addr 0x908e5f800 idx 0 fmt 1 regoff 0x0 n 9 (table contents not committed)
  load op 64 at 3101: addr 0x503500588 idx 0 fmt 1 regoff 0x0 n 5 (table contents not committed)
  load op 9f at 3140: addr 0x5034fdbe8 idx 0 fmt 1 regoff 0x0 n 19 (table contents not committed)
  load op 63 at 3145: addr 0x5034ff918 idx 0 fmt 1 regoff 0x0 n 12 (table contents not committed)
  load op 9f at 3268: addr 0xfe0040068 idx 0 fmt 1 regoff 0x0 n 921 (table contents not committed)
  load op 9f at 3275: addr 0x5034fdc80 idx 0 fmt 1 regoff 0x0 n 74 (table contents not committed)
  load op 63 at 3280: addr 0x908e5ff90 idx 0 fmt 1 regoff 0x0 n 6 (table contents not committed)
  load op 9f at 3285: addr 0x908e5ffc0 idx 0 fmt 1 regoff 0x0 n 10 (table contents not committed)
  load op 64 at 3290: addr 0x5035005b0 idx 0 fmt 1 regoff 0x0 n 5 (table contents not committed)
  load op 9f at 3329: addr 0x5034fded0 idx 0 fmt 1 regoff 0x0 n 166 (table contents not committed)
  load op 63 at 3334: addr 0x5034ff978 idx 0 fmt 1 regoff 0x0 n 30 (table contents not committed)
  load op 64 at 3430: addr 0x5035005d8 idx 0 fmt 1 regoff 0x0 n 5 (table contents not committed)
  load op 9f at 3437: addr 0x5034fc320 idx 0 fmt 1 regoff 0x0 n 135 (table contents not committed)
  load op 63 at 3675: addr 0x5034ffa68 idx 0 fmt 1 regoff 0x0 n 36 (table contents not committed)
  load op 64 at 4540: addr 0x503500600 idx 0 fmt 1 regoff 0x0 n 6 (table contents not committed)
  load op 9f at 4545: addr 0x5034fc758 idx 0 fmt 1 regoff 0x0 n 376 (table contents not committed)
  load op 9f at 4552: addr 0x5034fb118 idx 0 fmt 1 regoff 0x0 n 205 (table contents not committed)
  load op 9f at 4853: addr 0xfe0040068 idx 0 fmt 1 regoff 0x0 n 921 (table contents not committed)
  load op 9f at 4860: addr 0x5034fb780 idx 0 fmt 1 regoff 0x0 n 74 (table contents not committed)
  load op 63 at 4865: addr 0x908e5ff90 idx 0 fmt 1 regoff 0x0 n 6 (table contents not committed)
  load op 9f at 4870: addr 0x908e5ffc0 idx 0 fmt 1 regoff 0x0 n 10 (table contents not committed)
  load op 64 at 4875: addr 0x503500630 idx 0 fmt 1 regoff 0x0 n 5 (table contents not committed)
  load op 63 at 4914: addr 0x5034ffb88 idx 0 fmt 1 regoff 0x0 n 21 (table contents not committed)
  load op 9f at 4925: addr 0x5034fb9d0 idx 0 fmt 1 regoff 0x0 n 223 (table contents not committed)
  load op 64 at 6315: addr 0x503500658 idx 0 fmt 1 regoff 0x0 n 5 (table contents not committed)
  load op 63 at 6322: addr 0x5034ffc30 idx 0 fmt 1 regoff 0x0 n 18 (table contents not committed)
  load op 9f at 6327: addr 0x5034f9e30 idx 0 fmt 1 regoff 0x0 n 67 (table contents not committed)
  load op 9f at 6440: addr 0x5034fa048 idx 0 fmt 1 regoff 0x0 n 129 (table contents not committed)
  load op 63 at 6445: addr 0x5034ffcc0 idx 0 fmt 1 regoff 0x0 n 18 (table contents not committed)
  load op 64 at 6450: addr 0x503500680 idx 0 fmt 1 regoff 0x0 n 3 (table contents not committed)
  load op 9f at 6563: addr 0x5034fa450 idx 0 fmt 1 regoff 0x0 n 129 (table contents not committed)
  load op 63 at 6568: addr 0x5034ffd50 idx 0 fmt 1 regoff 0x0 n 18 (table contents not committed)
  load op 64 at 6573: addr 0x503500698 idx 0 fmt 1 regoff 0x0 n 3 (table contents not committed)
  load op 9f at 6686: addr 0x5034fa858 idx 0 fmt 1 regoff 0x0 n 58 (table contents not committed)
  load op 9f at 6791: addr 0x5034faa28 idx 0 fmt 1 regoff 0x0 n 66 (table contents not committed)
  load op 9f at 6896: addr 0x5034fac38 idx 0 fmt 1 regoff 0x0 n 58 (table contents not committed)
  load op 9f at 7001: addr 0x5034f81a0 idx 0 fmt 1 regoff 0x0 n 66 (table contents not committed)
  load op 9f at 7106: addr 0x5034f83b0 idx 0 fmt 1 regoff 0x0 n 58 (table contents not committed)
  load op 9f at 7211: addr 0x5034f8580 idx 0 fmt 1 regoff 0x0 n 130 (table contents not committed)
  load op 63 at 7216: addr 0x5034ffde0 idx 0 fmt 1 regoff 0x0 n 18 (table contents not committed)
  load op 64 at 7221: addr 0x5035006b0 idx 0 fmt 1 regoff 0x0 n 3 (table contents not committed)
  load op 9f at 7348: addr 0x5034f8990 idx 0 fmt 1 regoff 0x0 n 135 (table contents not committed)
  load op 63 at 7353: addr 0x5034ffe70 idx 0 fmt 1 regoff 0x0 n 18 (table contents not committed)
  load op 64 at 7358: addr 0x5035006c8 idx 0 fmt 1 regoff 0x0 n 3 (table contents not committed)
  load op 63 at 7936: addr 0x5034fff00 idx 0 fmt 1 regoff 0x0 n 28 (table contents not committed)
  load op 64 at 8513: addr 0x5035006e0 idx 0 fmt 1 regoff 0x0 n 5 (table contents not committed)
  load op 9f at 8518: addr 0x5034f8dc8 idx 0 fmt 1 regoff 0x0 n 113 (table contents not committed)
  load op 9f at 8525: addr 0x5034f6918 idx 0 fmt 1 regoff 0x0 n 168 (table contents not committed)
submit #607 dcb 9023 dwords at 0x502e02500: pass 559 rewrite 484 drop 408 unmapped 1 cc 8 mappings 342 ... OK rc 0 25.12 ms
state stack #607: push 4 pop 4 conditional 1 unmatched 0; restored 3684 regs (+3748 dwords); tables 35, unreadable 0
pipestat #607 (9023 dwords): ia_verts 566 ia_prims 530 vs 566 gs_inv 530 gs_prims 0 c_inv 189 c_prims 88 ps 46477680 cs 11142145
map 0x308f70000 +0x10000 ... ok
map 0x336490000 +0x50000 ... ok
map 0x100e7f0000 +0xc0000 ... ok
swapped pages taken as resident so far: 0
vmas 115 total 13079.0 MiB resident 4572.0 MiB mapped 4572.1 MiB
submit #608 acb 2 dwords at 0xfe003a200: pass 1 rewrite 0 drop 0 unmapped 0 cc 0 mappings 345 ... OK rc 0 21.09 ms
cpu-wait WAIT_REG_MEM64 at 0 on 0x400203b80: satisfied after 0.0 ms
map 0x3364e0000 +0x70000 ... ok
swapped pages taken as resident so far: 0
vmas 115 total 13079.0 MiB resident 4572.5 MiB mapped 4572.5 MiB
submit #609 cc 3 dwords at 0x313b17cf4: pass 0 rewrite 1 drop 0 unmapped 0 cc 1 mappings 346 ... OK rc 0 21.15 ms
submit #610 acb 49 dwords at 0x400346a5c: pass 2 rewrite 3 drop 3 unmapped 0 cc 0 mappings 346 ... OK rc 0 21.10 ms
  load op 61 at 10: base 0xfe0008000 pairs (0x0,215) (0xd8,272) (0x1f5,4) (0x1ff,158) (0x2a0,2) (0x2a3,1) (0x2a5,66) (0x2f5,203)
  load op 5f at 29: base 0xfe0010000 pairs (0x1,1) (0x6,38) (0x32,4) (0x80,4) (0x87,37) (0xb2,4) (0xc8,2) (0x100,4) (0x107,37) (0x132,4) (0x148,2) (0x204,3) (0x20c,2) (0x212,2) (0x215,6) (0x224,5) (0x22a,1) (0x240,16) (0x27d,1) (0x280,1) (0x207,3)
  load op 5e at 74: base 0xfe0011000 pairs (0x35,8) (0xa2,1) (0x242,1) (0x248,1) (0x24a,2) (0x25b,6) (0x262,1) (0x2bb,5) (0x2c4,16) (0x2e4,8) (0x380,2) (0x383,2) (0x41d,3) (0x24d,1)
  load op 61 at 105: base 0xfe0008000 pairs (0x0,0)
  load op 5f at 110: base 0xfe0010000 pairs (0x0,0)
  load op 5e at 115: base 0xfe0011000 pairs (0x0,0)
  load op 61 at 125: base 0xfe0008000 pairs (0x0,0)
  load op 5f at 130: base 0xfe0010000 pairs (0x0,0)
  load op 5e at 135: base 0xfe0011000 pairs (0x0,0)
submit #611 hib 150 dwords at 0xfe0000000: pass 12 rewrite 2 drop 2 unmapped 0 cc 2 mappings 346 ... OK rc 0 24.56 ms
submit #612 hib 2 dwords at 0xfe003a200: pass 1 rewrite 0 drop 0 unmapped 0 cc 0 mappings 346 ... OK rc 0 21.12 ms
  load op 9f at 38: addr 0xfe0040068 idx 0 fmt 1 regoff 0x0 n 921 (table contents not committed)
  load op 63 at 43: addr 0xfe0042068 idx 0 fmt 1 regoff 0x0 n 174 (table contents not committed)
  load op 64 at 48: addr 0xfe00425d8 idx 0 fmt 1 regoff 0x0 n 49 (table contents not committed)
submit #613 dcb 96 dwords at 0xfe0042920: pass 20 rewrite 2 drop 2 unmapped 0 cc 0 mappings 346 ... OK rc 0 24.35 ms
map 0x336550000 +0x90000 ... ok
map 0x3365e0000 +0x40000 ... ok
map 0x336620000 +0x10000 ... ok
map 0x336630000 +0x10000 ... ok
map 0x336640000 +0x10000 ... ok
map 0x336650000 +0x40000 ... ok
map 0x336690000 +0x20000 ... ok
map 0x3366b0000 +0x10000 ... ok
map 0x100e8b0000 +0x1a0000 ... ok
map 0x105d5f0000 +0x490000 ... ok
map 0x1157fe0000 +0xe10000 ... ok
swapped pages taken as resident so far: 0
vmas 115 total 13079.0 MiB resident 4593.9 MiB mapped 4594.2 MiB
  load op 9f at 36: addr 0xfe0040068 idx 0 fmt 1 regoff 0x0 n 921 (table contents not committed)
  load op 63 at 41: addr 0xfe0042068 idx 0 fmt 1 regoff 0x0 n 174 (table contents not committed)
  load op 64 at 46: addr 0xfe00425d8 idx 0 fmt 1 regoff 0x0 n 57 (table contents not committed)
  load op 9f at 88: addr 0x503c01500 idx 0 fmt 1 regoff 0x0 n 136 (table contents not committed)
  load op 64 at 93: addr 0x503c00500 idx 0 fmt 1 regoff 0x0 n 3 (table contents not committed)
  load op 63 at 98: addr 0x503bff500 idx 0 fmt 1 regoff 0x0 n 3 (table contents not committed)
  load op 9f at 1541: addr 0xfe0040068 idx 0 fmt 1 regoff 0x0 n 921 (table contents not committed)
  load op 9f at 1548: addr 0x503c01940 idx 0 fmt 1 regoff 0x0 n 70 (table contents not committed)
  load op 63 at 1553: addr 0x908e5ff90 idx 0 fmt 1 regoff 0x0 n 6 (table contents not committed)
  load op 9f at 1558: addr 0x908e5ffc0 idx 0 fmt 1 regoff 0x0 n 10 (table contents not committed)
  load op 63 at 1563: addr 0x908e5f7d0 idx 0 fmt 1 regoff 0x0 n 6 (table contents not committed)
  load op 9f at 1568: addr 0x908e5f800 idx 0 fmt 1 regoff 0x0 n 9 (table contents not committed)
  load op 64 at 1573: addr 0x503c00518 idx 0 fmt 1 regoff 0x0 n 5 (table contents not committed)
  load op 9f at 1691: addr 0x503c01b70 idx 0 fmt 1 regoff 0x0 n 131 (table contents not committed)
  load op 64 at 1698: addr 0x503c00540 idx 0 fmt 1 regoff 0x0 n 1 (table contents not committed)
  load op 9f at 1730: addr 0xfe0040068 idx 0 fmt 1 regoff 0x0 n 921 (table contents not committed)
  load op 9f at 1737: addr 0x503c01f88 idx 0 fmt 1 regoff 0x0 n 70 (table contents not committed)
  load op 63 at 1742: addr 0x908e5ff90 idx 0 fmt 1 regoff 0x0 n 6 (table contents not committed)
  load op 9f at 1747: addr 0x908e5ffc0 idx 0 fmt 1 regoff 0x0 n 10 (table contents not committed)
  load op 63 at 1752: addr 0x908e5f7d0 idx 0 fmt 1 regoff 0x0 n 6 (table contents not committed)
  load op 9f at 1757: addr 0x908e5f800 idx 0 fmt 1 regoff 0x0 n 9 (table contents not committed)
  load op 64 at 1762: addr 0x503c00548 idx 0 fmt 1 regoff 0x0 n 5 (table contents not committed)
  load op 63 at 1858: addr 0x503bff518 idx 0 fmt 1 regoff 0x0 n 10 (table contents not committed)
  load op 63 at 2049: addr 0x503bff568 idx 0 fmt 1 regoff 0x0 n 28 (table contents not committed)
  load op 64 at 2123: addr 0x503c00570 idx 0 fmt 1 regoff 0x0 n 5 (table contents not committed)
  load op 9f at 2130: addr 0x503c021b8 idx 0 fmt 1 regoff 0x0 n 96 (table contents not committed)
  load op 9f at 2135: addr 0x503bfe390 idx 0 fmt 1 regoff 0x0 n 194 (table contents not committed)
submit #614 dcb 2647 dwords at 0x503502500: pass 236 rewrite 123 drop 120 unmapped 0 cc 4 mappings 357 ... OK rc 0 308.86 ms
state stack #614: push 2 pop 2 conditional 1 unmatched 0; restored 1842 regs (+1874 dwords); tables 13, unreadable 0
pipestat #614 (2647 dwords): ia_verts 9 ia_prims 3 vs 9 gs_inv 3 gs_prims 0 c_inv 3 c_prims 3 ps 8294400 cs 1702912
map 0x3039a0000 +0x10000 ... ok
map 0x311ef0000 +0xa0000 ... ok
map 0x3366c0000 +0x820000 ... ok
map 0x336ee0000 +0x280000 ... ok
map 0x4053f0000 +0x2a0000 ... ok
map 0x5009a0000 +0x30000 ... ok
map 0x100ea50000 +0x1bb0000 ... ok
map 0x105da80000 +0x1510000 ... ok
map 0x10cc500000 +0x40000 ... ok
map 0x1158df0000 +0x5d70000 ... ok
map 0x115eb60000 +0x1850000 ... ok
swapped pages taken as resident so far: 0
vmas 115 total 13079.0 MiB resident 4774.6 MiB mapped 4775.1 MiB
  load op 9f at 38: addr 0xfe0040068 idx 0 fmt 1 regoff 0x0 n 921 (table contents not committed)
  load op 63 at 43: addr 0xfe0042068 idx 0 fmt 1 regoff 0x0 n 174 (table contents not committed)
  load op 64 at 48: addr 0xfe00425d8 idx 0 fmt 1 regoff 0x0 n 57 (table contents not committed)
  load op 9f at 90: addr 0x505a01500 idx 0 fmt 1 regoff 0x0 n 5 (table contents not committed)
  load op 64 at 95: addr 0x505a00500 idx 0 fmt 1 regoff 0x0 n 2 (table contents not committed)
  load op 63 at 100: addr 0x5059ff500 idx 0 fmt 1 regoff 0x0 n 3 (table contents not committed)
submit #615 dcb 851 dwords at 0x505602500: pass 47 rewrite 55 drop 45 unmapped 0 cc 0 mappings 368 ... OK rc 0 22.67 ms
pipestat #615 (851 dwords): ia_verts 0 ia_prims 0 vs 0 gs_inv 0 gs_prims 0 c_inv 0 c_prims 0 ps 0 cs 294912
submit #616 acb 2 dwords at 0xfe003a200: pass 1 rewrite 0 drop 0 unmapped 0 cc 0 mappings 368 ... OK rc 0 21.82 ms
cpu-wait WAIT_REG_MEM64 at 87 on 0x400201a40: satisfied after 0.0 ms
  load op 9f at 35: addr 0xfe0040068 idx 0 fmt 1 regoff 0x0 n 921 (table contents not committed)
  load op 63 at 40: addr 0xfe0042068 idx 0 fmt 1 regoff 0x0 n 174 (table contents not committed)
  load op 64 at 45: addr 0xfe00425d8 idx 0 fmt 1 regoff 0x0 n 57 (table contents not committed)
  load op 9f at 87: addr 0x506801500 idx 0 fmt 1 regoff 0x0 n 136 (table contents not committed)
  load op 64 at 92: addr 0x506800500 idx 0 fmt 1 regoff 0x0 n 3 (table contents not committed)
  load op 63 at 97: addr 0x5067ff500 idx 0 fmt 1 regoff 0x0 n 3 (table contents not committed)
  load op 9f at 212: addr 0xfe0040068 idx 0 fmt 1 regoff 0x0 n 921 (table contents not committed)
  load op 9f at 219: addr 0x506801940 idx 0 fmt 1 regoff 0x0 n 70 (table contents not committed)
  load op 63 at 224: addr 0x908e5ff90 idx 0 fmt 1 regoff 0x0 n 6 (table contents not committed)
  load op 9f at 229: addr 0x908e5ffc0 idx 0 fmt 1 regoff 0x0 n 10 (table contents not committed)
  load op 63 at 234: addr 0x908e5f7d0 idx 0 fmt 1 regoff 0x0 n 6 (table contents not committed)
  load op 9f at 239: addr 0x908e5f800 idx 0 fmt 1 regoff 0x0 n 9 (table contents not committed)
  load op 64 at 244: addr 0x506800518 idx 0 fmt 1 regoff 0x0 n 5 (table contents not committed)
  load op 9f at 340: addr 0x506801b70 idx 0 fmt 1 regoff 0x0 n 131 (table contents not committed)
  load op 64 at 347: addr 0x506800540 idx 0 fmt 1 regoff 0x0 n 1 (table contents not committed)
  load op 9f at 379: addr 0xfe0040068 idx 0 fmt 1 regoff 0x0 n 921 (table contents not committed)
  load op 9f at 386: addr 0x506801f88 idx 0 fmt 1 regoff 0x0 n 70 (table contents not committed)
  load op 63 at 391: addr 0x908e5ff90 idx 0 fmt 1 regoff 0x0 n 6 (table contents not committed)
  load op 9f at 396: addr 0x908e5ffc0 idx 0 fmt 1 regoff 0x0 n 10 (table contents not committed)
  load op 63 at 401: addr 0x908e5f7d0 idx 0 fmt 1 regoff 0x0 n 6 (table contents not committed)
  load op 9f at 406: addr 0x908e5f800 idx 0 fmt 1 regoff 0x0 n 9 (table contents not committed)
  load op 64 at 411: addr 0x506800548 idx 0 fmt 1 regoff 0x0 n 5 (table contents not committed)
  load op 9f at 548: addr 0x5068021b8 idx 0 fmt 1 regoff 0x0 n 98 (table contents not committed)
  load op 64 at 555: addr 0x506800570 idx 0 fmt 1 regoff 0x0 n 1 (table contents not committed)
  load op 9f at 560: addr 0x5067fe500 idx 0 fmt 1 regoff 0x0 n 33 (table contents not committed)
  load op 9f at 592: addr 0xfe0040068 idx 0 fmt 1 regoff 0x0 n 921 (table contents not committed)
  load op 9f at 599: addr 0x5067fe608 idx 0 fmt 1 regoff 0x0 n 70 (table contents not committed)
  load op 63 at 604: addr 0x908e5ff90 idx 0 fmt 1 regoff 0x0 n 6 (table contents not committed)
  load op 9f at 609: addr 0x908e5ffc0 idx 0 fmt 1 regoff 0x0 n 10 (table contents not committed)
  load op 63 at 614: addr 0x908e5f7d0 idx 0 fmt 1 regoff 0x0 n 6 (table contents not committed)
  load op 9f at 619: addr 0x908e5f800 idx 0 fmt 1 regoff 0x0 n 9 (table contents not committed)
  load op 64 at 624: addr 0x506800578 idx 0 fmt 1 regoff 0x0 n 5 (table contents not committed)
submit #617 dcb 798 dwords at 0x506202500: pass 103 rewrite 35 drop 22 unmapped 0 cc 6 mappings 368 ... OK rc 0 67.54 ms
state stack #617: push 3 pop 3 conditional 1 unmatched 0; restored 2763 regs (+2811 dwords); tables 17, unreadable 0
pipestat #617 (798 dwords): ia_verts 9 ia_prims 3 vs 9 gs_inv 3 gs_prims 0 c_inv 3 c_prims 3 ps 0 cs 0
submit #618 acb 463 dwords at 0x4003e6740: pass 43 rewrite 11 drop 27 unmapped 0 cc 0 mappings 368 ... OK rc 0 23.00 ms
acb head: 1815 of 1864 dwords go ahead of the wait at 1815 on 0x400202380
hint DB_HTILE 0x55c0e0000: window 0x55a0e0000+0x4000000, mapped +0.0 MiB
  load op 9f at 36: addr 0xfe0040068 idx 0 fmt 1 regoff 0x0 n 921 (table contents not committed)
  load op 63 at 41: addr 0xfe0042068 idx 0 fmt 1 regoff 0x0 n 174 (table contents not committed)
  load op 64 at 46: addr 0xfe00425d8 idx 0 fmt 1 regoff 0x0 n 57 (table contents not committed)
  load op 9f at 88: addr 0x504e01500 idx 0 fmt 1 regoff 0x0 n 5 (table contents not committed)
  load op 64 at 93: addr 0x504e00500 idx 0 fmt 1 regoff 0x0 n 2 (table contents not committed)
  load op 63 at 98: addr 0x504dff500 idx 0 fmt 1 regoff 0x0 n 3 (table contents not committed)
  load op 9f at 756: addr 0xfe0040068 idx 0 fmt 1 regoff 0x0 n 921 (table contents not committed)
  load op 9f at 763: addr 0x504e01528 idx 0 fmt 1 regoff 0x0 n 74 (table contents not committed)
  load op 63 at 768: addr 0x908e5ff90 idx 0 fmt 1 regoff 0x0 n 6 (table contents not committed)
  load op 9f at 773: addr 0x908e5ffc0 idx 0 fmt 1 regoff 0x0 n 10 (table contents not committed)
  load op 64 at 778: addr 0x504e00510 idx 0 fmt 1 regoff 0x0 n 5 (table contents not committed)
  load op 9f at 901: addr 0xfe0040068 idx 0 fmt 1 regoff 0x0 n 921 (table contents not committed)
  load op 9f at 908: addr 0x504e01778 idx 0 fmt 1 regoff 0x0 n 74 (table contents not committed)
  load op 63 at 913: addr 0x908e5ff90 idx 0 fmt 1 regoff 0x0 n 6 (table contents not committed)
  load op 9f at 918: addr 0x908e5ffc0 idx 0 fmt 1 regoff 0x0 n 10 (table contents not committed)
  load op 64 at 923: addr 0x504e00538 idx 0 fmt 1 regoff 0x0 n 5 (table contents not committed)
  load op 9f at 1046: addr 0xfe0040068 idx 0 fmt 1 regoff 0x0 n 921 (table contents not committed)
  load op 9f at 1053: addr 0x504e019c8 idx 0 fmt 1 regoff 0x0 n 74 (table contents not committed)
  load op 63 at 1058: addr 0x908e5ff90 idx 0 fmt 1 regoff 0x0 n 6 (table contents not committed)
  load op 9f at 1063: addr 0x908e5ffc0 idx 0 fmt 1 regoff 0x0 n 10 (table contents not committed)
  load op 64 at 1068: addr 0x504e00560 idx 0 fmt 1 regoff 0x0 n 5 (table contents not committed)
submit #619 dcb 1248 dwords at 0x504a02500: pass 151 rewrite 46 drop 45 unmapped 0 cc 6 mappings 368 ... OK rc 0 22.20 ms
state stack #619: push 3 pop 3 conditional 1 unmatched 0; restored 2763 regs (+2811 dwords); tables 11, unreadable 0
pipestat #619 (1248 dwords): ia_verts 9 ia_prims 3 vs 9 gs_inv 3 gs_prims 0 c_inv 3 c_prims 3 ps 0 cs 49152
flip 1/1 buffer 0x5093f0000 +0x1fe0000: sum 0x17ea65194594 nonzero 8100/8160 pattern 0
  target CB0 0x507410000: distinct 53 min 0xc0000000 max 0xc340d034,   target CB0 0x507410000: nonzero 1024/1024
  target CB0 0x563800000: distinct 1 min 0x00000000 max 0x00000000,   target CB0 0x563800000: nonzero 0/1024
  target CB0 0x55c00d000: distinct 4 min 0x00000000 max 0xffffffff,   target CB0 0x55c00d000: nonzero 339/1024
  target CB0 0x5637f0000: distinct 1 min 0x00000000 max 0x00000000,   target CB0 0x5637f0000: nonzero 0/1024
  target CB0 0x526bf0000: distinct 1 min 0x38003800 max 0x38003800,   target CB0 0x526bf0000: nonzero 1024/1024
  target CB0 0x5719a8000: distinct 15 min 0x00000000 max 0xffffffff,   target CB0 0x5719a8000: nonzero 102/1024
  target DB_HTILE 0x5203a0000: distinct 2 min 0x00000000 max 0xfffffff0,   target DB_HTILE 0x5203a0000: nonzero 160/1024
  target DB_Z_READ 0x51db50000: distinct 1 min 0x3f800000 max 0x3f800000,   target DB_Z_READ 0x51db50000: nonzero 1024/1024
  target DB_STENCIL_READ 0x51fb30000: distinct 1 min 0x80800000 max 0x80800000,   target DB_STENCIL_READ 0x51fb30000: nonzero 1024/1024
  target CB0 0x513bf0000: distinct 1 min 0x00000000 max 0x00000000,   target CB0 0x513bf0000: nonzero 0/1024
  target CB0 0x571867000: distinct 17 min 0x00000000 max 0xffffffff,   target CB0 0x571867000: nonzero 215/1024
  target CB0 0x57187b000: distinct 17 min 0x00000000 max 0xffffffff,   target CB0 0x57187b000: nonzero 195/1024
  target CB0 0x519b90000: distinct 1 min 0x00000000 max 0x00000000,   target CB0 0x519b90000: nonzero 0/1024
  target CB0 0x5718eb000: distinct 16 min 0x00000000 max 0xffffffff,   target CB0 0x5718eb000: nonzero 123/1024
  target DB_HTILE 0x55c0e0000: distinct 2 min 0x00000000 max 0xffffffff,   target DB_HTILE 0x55c0e0000: nonzero 192/1024
  target DB_Z_READ 0x527430000: distinct 1 min 0xffffffff max 0xffffffff,   target DB_Z_READ 0x527430000: nonzero 1024/1024
submit #620 acb 1815 dwords at 0x400205540: pass 156 rewrite 44 drop 93 unmapped 0 cc 0 mappings 368 ... OK rc 0 23.43 ms
cpu-wait WAIT_REG_MEM64 at 115 on 0x400201d40: satisfied after 0.0 ms
cpu-wait WAIT_REG_MEM64 at 1714 on 0x400201840: satisfied after 0.0 ms
cpu-wait WAIT_REG_MEM64 at 9896 on 0x55d4d00b6e68: satisfied after 0.0 ms
hint CB0 0x5387d0000: window 0x5367d0000+0x4000000, mapped +0.0 MiB
hint CB0 0x571a1c000: window 0x56fa10000+0x4000000, mapped +0.0 MiB
hint CB1 0x564000000: window 0x562000000+0x4000000, mapped +8.0 MiB
hint CB0 0x532830000: window 0x530830000+0x4000000, mapped +8.2 MiB
  indirect op 16 at 1246: base 0x5074063c0 +0x0 -> 1 1 1 0 0
  indirect op 16 at 1278: base 0x5074063e0 +0x0 -> 1 1 1 0 0
  indirect op 16 at 1310: base 0x50740a520 +0x0 -> 1 1 1 0 0
  indirect op 16 at 1342: base 0x50740a540 +0x0 -> 1 1 1 0 0
  indirect op 25 at 4825: base 0x56ddaffa0 +0x0 -> 1 512 0 0 0
  load op 9f at 28: addr 0xfe0040068 idx 0 fmt 1 regoff 0x0 n 921 (table contents not committed)
  load op 63 at 33: addr 0xfe0042068 idx 0 fmt 1 regoff 0x0 n 174 (table contents not committed)
  load op 64 at 38: addr 0xfe00425d8 idx 0 fmt 1 regoff 0x0 n 57 (table contents not committed)
  load op 9f at 80: addr 0x502701500 idx 0 fmt 1 regoff 0x0 n 295 (table contents not committed)
  load op 64 at 85: addr 0x502700500 idx 0 fmt 1 regoff 0x0 n 7 (table contents not committed)
  load op 63 at 90: addr 0x5026ff500 idx 0 fmt 1 regoff 0x0 n 13 (table contents not committed)
  load op 63 at 342: addr 0x5026ff568 idx 0 fmt 1 regoff 0x0 n 10 (table contents not committed)
  load op 63 at 734: addr 0x5026ff5b8 idx 0 fmt 1 regoff 0x0 n 18 (table contents not committed)
  load op 63 at 1217: addr 0x5026ff648 idx 0 fmt 1 regoff 0x0 n 10 (table contents not committed)
  load op 63 at 1249: addr 0x5026ff698 idx 0 fmt 1 regoff 0x0 n 10 (table contents not committed)
  load op 63 at 1281: addr 0x5026ff6e8 idx 0 fmt 1 regoff 0x0 n 10 (table contents not committed)
  load op 63 at 1313: addr 0x5026ff738 idx 0 fmt 1 regoff 0x0 n 10 (table contents not committed)
  load op 64 at 1485: addr 0x502700538 idx 0 fmt 1 regoff 0x0 n 4 (table contents not committed)
  load op 9f at 1490: addr 0x502701e38 idx 0 fmt 1 regoff 0x0 n 215 (table contents not committed)
  load op 63 at 1495: addr 0x5026ff788 idx 0 fmt 1 regoff 0x0 n 18 (table contents not committed)
  load op 9f at 1500: addr 0x5026fd440 idx 0 fmt 1 regoff 0x0 n 72 (table contents not committed)
  load op 9f at 1809: addr 0xfe0040068 idx 0 fmt 1 regoff 0x0 n 921 (table contents not committed)
  load op 9f at 1816: addr 0x5026fd680 idx 0 fmt 1 regoff 0x0 n 74 (table contents not committed)
  load op 63 at 1821: addr 0x908e5ff90 idx 0 fmt 1 regoff 0x0 n 6 (table contents not committed)
  load op 9f at 1826: addr 0x908e5ffc0 idx 0 fmt 1 regoff 0x0 n 10 (table contents not committed)
  load op 64 at 1831: addr 0x502700558 idx 0 fmt 1 regoff 0x0 n 5 (table contents not committed)
  load op 9f at 1892: addr 0x5026fd8d0 idx 0 fmt 1 regoff 0x0 n 301 (table contents not committed)
  load op 63 at 1897: addr 0x5026ff818 idx 0 fmt 1 regoff 0x0 n 30 (table contents not committed)
  load op 64 at 1989: addr 0x502700580 idx 0 fmt 1 regoff 0x0 n 5 (table contents not committed)
  load op 63 at 2206: addr 0x5026ff908 idx 0 fmt 1 regoff 0x0 n 20 (table contents not committed)
  load op 9f at 3169: addr 0xfe0040068 idx 0 fmt 1 regoff 0x0 n 921 (table contents not committed)
  load op 9f at 3176: addr 0x5026fe238 idx 0 fmt 1 regoff 0x0 n 36 (table contents not committed)
  load op 63 at 3181: addr 0x908e5ff90 idx 0 fmt 1 regoff 0x0 n 6 (table contents not committed)
  load op 9f at 3186: addr 0x908e5ffc0 idx 0 fmt 1 regoff 0x0 n 10 (table contents not committed)
  load op 63 at 3191: addr 0x908e5f7d0 idx 0 fmt 1 regoff 0x0 n 6 (table contents not committed)
  load op 9f at 3196: addr 0x908e5f800 idx 0 fmt 1 regoff 0x0 n 9 (table contents not committed)
  load op 9f at 3201: addr 0x5026fc110 idx 0 fmt 1 regoff 0x0 n 34 (table contents not committed)
  load op 64 at 3206: addr 0x5027005a8 idx 0 fmt 1 regoff 0x0 n 5 (table contents not committed)
  load op 9f at 3245: addr 0x5026fc220 idx 0 fmt 1 regoff 0x0 n 19 (table contents not committed)
  load op 63 at 3250: addr 0x5026ff9a8 idx 0 fmt 1 regoff 0x0 n 12 (table contents not committed)
  load op 9f at 3373: addr 0xfe0040068 idx 0 fmt 1 regoff 0x0 n 921 (table contents not committed)
  load op 9f at 3380: addr 0x5026fc2b8 idx 0 fmt 1 regoff 0x0 n 74 (table contents not committed)
  load op 63 at 3385: addr 0x908e5ff90 idx 0 fmt 1 regoff 0x0 n 6 (table contents not committed)
  load op 9f at 3390: addr 0x908e5ffc0 idx 0 fmt 1 regoff 0x0 n 10 (table contents not committed)
  load op 64 at 3395: addr 0x5027005d0 idx 0 fmt 1 regoff 0x0 n 5 (table contents not committed)
  load op 9f at 3434: addr 0x5026fc508 idx 0 fmt 1 regoff 0x0 n 301 (table contents not committed)
  load op 63 at 3439: addr 0x5026ffa08 idx 0 fmt 1 regoff 0x0 n 30 (table contents not committed)
  load op 64 at 3535: addr 0x5027005f8 idx 0 fmt 1 regoff 0x0 n 5 (table contents not committed)
  load op 63 at 3775: addr 0x5026ffaf8 idx 0 fmt 1 regoff 0x0 n 20 (table contents not committed)
  load op 63 at 4651: addr 0x5026ffb98 idx 0 fmt 1 regoff 0x0 n 10 (table contents not committed)
  load op 64 at 4776: addr 0x502700620 idx 0 fmt 1 regoff 0x0 n 6 (table contents not committed)
  load op 9f at 4781: addr 0x5026fce70 idx 0 fmt 1 regoff 0x0 n 81 (table contents not committed)
  load op 9f at 4788: addr 0x5026fae80 idx 0 fmt 1 regoff 0x0 n 500 (table contents not committed)
  load op 63 at 4793: addr 0x5026ffbe8 idx 0 fmt 1 regoff 0x0 n 26 (table contents not committed)
  load op 9f at 5094: addr 0xfe0040068 idx 0 fmt 1 regoff 0x0 n 921 (table contents not committed)
  load op 9f at 5101: addr 0x5026f9c40 idx 0 fmt 1 regoff 0x0 n 74 (table contents not committed)
  load op 63 at 5106: addr 0x908e5ff90 idx 0 fmt 1 regoff 0x0 n 6 (table contents not committed)
  load op 9f at 5111: addr 0x908e5ffc0 idx 0 fmt 1 regoff 0x0 n 10 (table contents not committed)
  load op 64 at 5116: addr 0x502700650 idx 0 fmt 1 regoff 0x0 n 5 (table contents not committed)
  load op 63 at 5155: addr 0x5026ffcb8 idx 0 fmt 1 regoff 0x0 n 21 (table contents not committed)
  load op 9f at 5166: addr 0x5026f9e90 idx 0 fmt 1 regoff 0x0 n 9 (table contents not committed)
  load op 9f at 6067: addr 0xfe0040068 idx 0 fmt 1 regoff 0x0 n 921 (table contents not committed)
  load op 9f at 6074: addr 0x5026f9ed8 idx 0 fmt 1 regoff 0x0 n 70 (table contents not committed)
  load op 63 at 6079: addr 0x908e5ff90 idx 0 fmt 1 regoff 0x0 n 6 (table contents not committed)
  load op 9f at 6084: addr 0x908e5ffc0 idx 0 fmt 1 regoff 0x0 n 10 (table contents not committed)
  load op 63 at 6089: addr 0x908e5f7d0 idx 0 fmt 1 regoff 0x0 n 6 (table contents not committed)
  load op 9f at 6094: addr 0x908e5f800 idx 0 fmt 1 regoff 0x0 n 9 (table contents not committed)
  load op 64 at 6099: addr 0x502700678 idx 0 fmt 1 regoff 0x0 n 5 (table contents not committed)
  load op 63 at 6138: addr 0x5026ffd60 idx 0 fmt 1 regoff 0x0 n 29 (table contents not committed)
  load op 9f at 6149: addr 0x5026fa108 idx 0 fmt 1 regoff 0x0 n 289 (table contents not committed)
  load op 64 at 6211: addr 0x5027006a0 idx 0 fmt 1 regoff 0x0 n 5 (table contents not committed)
  load op 63 at 6795: addr 0x5026ffe48 idx 0 fmt 1 regoff 0x0 n 10 (table contents not committed)
  load op 63 at 6904: addr 0x5026ffe98 idx 0 fmt 1 regoff 0x0 n 10 (table contents not committed)
  load op 63 at 7533: addr 0x5026ffee8 idx 0 fmt 1 regoff 0x0 n 10 (table contents not committed)
  load op 63 at 8794: addr 0x5026fff38 idx 0 fmt 1 regoff 0x0 n 28 (table contents not committed)
  load op 9f at 9208: addr 0x5026faa10 idx 0 fmt 1 regoff 0x0 n 66 (table contents not committed)
  load op 64 at 9213: addr 0x5027006c8 idx 0 fmt 1 regoff 0x0 n 5 (table contents not committed)
  load op 9f at 9220: addr 0x5026f8480 idx 0 fmt 1 regoff 0x0 n 215 (table contents not committed)
  load op 9f at 9300: addr 0x5026f8b38 idx 0 fmt 1 regoff 0x0 n 1 (table contents not committed)
  load op 9f at 9697: addr 0xfe0040068 idx 0 fmt 1 regoff 0x0 n 921 (table contents not committed)
  load op 9f at 9704: addr 0x5026f8b40 idx 0 fmt 1 regoff 0x0 n 70 (table contents not committed)
  load op 63 at 9709: addr 0x908e5ff90 idx 0 fmt 1 regoff 0x0 n 6 (table contents not committed)
  load op 9f at 9714: addr 0x908e5ffc0 idx 0 fmt 1 regoff 0x0 n 10 (table contents not committed)
  load op 63 at 9719: addr 0x908e5f7d0 idx 0 fmt 1 regoff 0x0 n 6 (table contents not committed)
  load op 9f at 9724: addr 0x908e5f800 idx 0 fmt 1 regoff 0x0 n 9 (table contents not committed)
  load op 64 at 9729: addr 0x5027006f0 idx 0 fmt 1 regoff 0x0 n 5 (table contents not committed)
  load op 9f at 9794: addr 0x5026f8d70 idx 0 fmt 1 regoff 0x0 n 224 (table contents not committed)
  load op 63 at 9799: addr 0x502700018 idx 0 fmt 1 regoff 0x0 n 30 (table contents not committed)
  load op 64 at 9937: addr 0x502700718 idx 0 fmt 1 regoff 0x0 n 4 (table contents not committed)
  load op 9f at 9942: addr 0x5026f71a0 idx 0 fmt 1 regoff 0x0 n 76 (table contents not committed)
submit #621 dcb 10440 dwords at 0x502002500: pass 691 rewrite 518 drop 462 unmapped 1 cc 12 mappings 370 ... FAILED rc 0 TIMEOUT 2186.47 ms
state stack #621: push 6 pop 6 conditional 1 unmatched 0; restored 5526 regs (+5622 dwords); tables 38, unreadable 0
timeout: fault 0x567ff0000 status 0x00601031
learned: fault 0x567ff0000 -> region 0x562000000+0x6000000 (saved)
