direct: enabled, stage all, cu mask 0xffffffff, bo list with mappings
map 0x200000000 +0x10000 ... ok
map 0x200010000 +0x8000 ... ok
map 0x200018000 +0x10000 ... ok
map 0x200028000 +0x10000 ... ok
map 0x200038000 +0x10000 ... ok
map 0x300000000 +0x934000 ... ok
map 0x300938000 +0x10000 ... ok
map 0x300948000 +0x20000 ... ok
map 0x300a58000 +0x14000 ... ok
map 0x300a70000 +0x14000 ... ok
map 0x300c78000 +0x14000 ... ok
map 0x300e80000 +0x14000 ... ok
map 0x301088000 +0x14000 ... ok
map 0x301290000 +0x14000 ... ok
map 0x301498000 +0x14000 ... ok
map 0x3016a0000 +0x14000 ... ok
map 0x3018a8000 +0x14000 ... ok
map 0x301ab0000 +0x20000 ... ok
map 0x301de0000 +0x10000 ... ok
map 0x301df0000 +0x440000 ... ok
map 0x3022b0000 +0x800000 ... ok
map 0x303530000 +0x10000 ... ok
map 0x303930000 +0x50000 ... ok
map 0x303b70000 +0x20000 ... ok
map 0x303ba0000 +0x10000 ... ok
map 0x303bc0000 +0x10000 ... ok
map 0x303dc0000 +0x40000 ... ok
map 0x3041f0000 +0x10000 ... ok
map 0x3045f0000 +0x20000 ... ok
map 0x304a00000 +0x10000 ... ok
map 0x304e00000 +0x20000 ... ok
map 0x305210000 +0x10000 ... ok
map 0x305610000 +0x20000 ... ok
map 0x305a20000 +0x10000 ... ok
map 0x305e20000 +0x20000 ... ok
map 0x306230000 +0x20000 ... ok
map 0x306640000 +0x10000 ... ok
map 0x306a40000 +0x20000 ... ok
map 0x306e50000 +0x10000 ... ok
map 0x307250000 +0x20000 ... ok
map 0x307660000 +0x10000 ... ok
map 0x307a60000 +0x9f0000 ... ok
map 0x308840000 +0x20000 ... ok
map 0x308870000 +0x10000 ... ok
map 0x308880000 +0x10000 ... ok
map 0x308890000 +0x10000 ... ok
map 0x3088a0000 +0x10000 ... ok
map 0x308b20000 +0x450000 ... ok
map 0x30cb60000 +0xc20000 ... ok
map 0x30d7b0000 +0x10000 ... ok
map 0x37dff0000 +0x10000 ... ok
map 0x400000000 +0x10000 ... ok
map 0x400200000 +0x10000 ... ok
map 0x400280000 +0x10000 ... ok
map 0x4002a0000 +0x10000 ... ok
map 0x400320000 +0x10000 ... ok
map 0x400340000 +0x10000 ... ok
map 0x4003c0000 +0x10000 ... ok
map 0x4003e0000 +0x10000 ... ok
map 0x400460000 +0x10000 ... ok
map 0x400480000 +0x10000 ... ok
map 0x400500000 +0x10000 ... ok
map 0x400520000 +0x10000 ... ok
map 0x4005a0000 +0x10000 ... ok
map 0x4005c0000 +0x10000 ... ok
map 0x400640000 +0x10000 ... ok
map 0x400660000 +0x10000 ... ok
map 0x4006e0000 +0x10000 ... ok
map 0x400700000 +0x10000 ... ok
map 0x400780000 +0x10000 ... ok
map 0x4007a0000 +0x13b0000 ... ok
map 0x401b50000 +0x10000 ... ok
map 0x40b7f0000 +0x10000 ... ok
map 0x500000000 +0x530000 ... ok
map 0x502000000 +0x10000 ... ok
map 0x507400000 +0x10000 ... ok
map 0x551a50000 +0x10000 ... ok
map 0x553b80000 +0x10000 ... ok
map 0x553be0000 +0x10000 ... ok
map 0x553c00000 +0x10000 ... ok
map 0x553c20000 +0x10000 ... ok
map 0x553c40000 +0x2b20000 ... ok
map 0x556760000 +0x10000 ... ok
map 0x7efbf4000 +0x200000 ... ok
map 0x900000000 +0x74c0000 ... ok
map 0x9074c0000 +0x1420000 ... ok
map 0x9088e0000 +0x580000 ... ok
map 0x908e60000 +0x5fd0000 ... ok
map 0x90eea0000 +0x20000 ... ok
map 0x90eec0000 +0x10000 ... ok
map 0x90f270000 +0x10000 ... ok
map 0x90f280000 +0x20000 ... ok
map 0x90f2a0000 +0xe0000 ... ok
map 0x90f380000 +0x168000 ... ok
map 0x90f4e8000 +0xd30000 ... ok
map 0x920000000 +0xcc000 ... ok
map 0x9200cc000 +0x40000 ... ok
map 0x92010c000 +0xc000 ... ok
map 0x920118000 +0x2c000 ... ok
map 0x930000000 +0x3f4000 ... ok
map 0x9303f4000 +0x190000 ... ok
map 0x930584000 +0x4000 ... ok
map 0x930588000 +0x200000 ... ok
map 0x940000000 +0x18000 ... ok
map 0x940018000 +0x10000 ... ok
map 0x940028000 +0x10000 ... ok
map 0x940038000 +0x10000 ... ok
map 0x940048000 +0x10000 ... ok
map 0x950000000 +0xc000 ... ok
map 0x95000c000 +0x10000 ... ok
map 0x95001c000 +0x8000 ... ok
map 0x950024000 +0x4000 ... ok
map 0x960000000 +0x28000 ... ok
map 0x960028000 +0x10000 ... ok
map 0x960038000 +0x10000 ... ok
map 0x971608000 +0x8000 ... ok
map 0x980000000 +0x4000 ... ok
map 0x980004000 +0x10000 ... ok
map 0x980084000 +0x8000 ... ok
map 0x990000000 +0x5c000 ... ok
map 0x99005c000 +0xa0000 ... ok
map 0x9900fc000 +0x74000 ... ok
map 0x990170000 +0x8000 ... ok
map 0xf00000000 +0x10000 ... ok
map 0xf00010000 +0x100000 ... ok
map 0xf00140000 +0x10000 ... ok
map 0xf01140000 +0x10000 ... ok
map 0xf01150000 +0x10000 ... ok
map 0xf01160000 +0x10000 ... ok
map 0xf01170000 +0x10000 ... ok
map 0xf01180000 +0x10000 ... ok
map 0xf01190000 +0x10000 ... ok
map 0xf011a0000 +0x10000 ... ok
map 0xf011b0000 +0x10000 ... ok
map 0xf011c0000 +0x10000 ... ok
map 0xf011d0000 +0x10000 ... ok
map 0xf011e0000 +0x10000 ... ok
map 0xf011f0000 +0x10000 ... ok
map 0xf01200000 +0x10000 ... ok
map 0xf01210000 +0x10000 ... ok
map 0xf01220000 +0x10000 ... ok
map 0xf01230000 +0x10000 ... ok
map 0xf01240000 +0x10000 ... ok
map 0xf01250000 +0x10000 ... ok
map 0xf01260000 +0x10000 ... ok
map 0xf01270000 +0x10000 ... ok
map 0xf01280000 +0x10000 ... ok
map 0xf01290000 +0x10000 ... ok
map 0xf012a0000 +0x10000 ... ok
map 0xf012b0000 +0x10000 ... ok
map 0xf012c0000 +0x10000 ... ok
map 0xf012d0000 +0x10000 ... ok
map 0xf012e0000 +0x10000 ... ok
map 0xf012f0000 +0x10000 ... ok
map 0xf01300000 +0x10000 ... ok
map 0xfe0000000 +0x204000 ... ok
map 0xfe0300000 +0x10000 ... ok
map 0xfe03b0000 +0x20000 ... ok
swapped pages taken as resident so far: 0
vmas 45 total 8175.8 MiB resident 387.6 MiB mapped 394.0 MiB
learned 0x52e000000: window 0x52e000000+0x6000000, mapped +96.0 MiB
learned 0x53e000000: window 0x53e000000+0x6000000, mapped +96.0 MiB
learned 0x536000000: window 0x536000000+0x6000000, mapped +96.0 MiB
learned 0x55a000000: window 0x55a000000+0x6000000, mapped +96.0 MiB
learned 0x54e000000: window 0x54e000000+0x6000000, mapped +91.9 MiB
learned 0x51a000000: window 0x51a000000+0x6000000, mapped +96.0 MiB
learned 0x522000000: window 0x522000000+0x6000000, mapped +96.0 MiB
learned 0x562000000: window 0x562000000+0x6000000, mapped +96.0 MiB
timing: t 0.000 s acb 2 dwords: sync 242.7 ms, hints 175.8 ms
submit #0 acb 2 dwords at 0xfe003a200: pass 1 rewrite 0 drop 0 unmapped 0 cc 0 mappings 171 ... OK rc 0 9.40 ms
timing: #0 done at t 0.431 s, 12.8 ms after the sync and hints
map 0x200048000 +0x10000 ... ok
map 0x200058000 +0x10000 ... ok
map 0x200068000 +0x8000 ... ok
map 0x302ab0000 +0x10000 ... ok
map 0x303b90000 +0x10000 ... ok
map 0x30d780000 +0x30000 ... ok
map 0x30d7c0000 +0xed0000 ... ok
map 0x30e6a0000 +0x290000 ... ok
map 0x30e940000 +0x10000 ... ok
map 0x30ed40000 +0x20000 ... ok
map 0x30ed70000 +0x1250000 ... ok
map 0x30ffd0000 +0x290000 ... ok
map 0x310270000 +0x10000 ... ok
map 0x310670000 +0x10000 ... ok
map 0x310690000 +0x10000 ... ok
map 0x3106a0000 +0xf0000 ... ok
map 0x310790000 +0xe0000 ... ok
map 0x310870000 +0xf0000 ... ok
map 0x310960000 +0xe0000 ... ok
map 0x310a40000 +0xf0000 ... ok
map 0x310b30000 +0xe0000 ... ok
map 0x310c10000 +0x350000 ... ok
map 0x310f60000 +0x830000 ... ok
map 0x311960000 +0x10000 ... ok
map 0x313010000 +0x30000 ... ok
map 0x313130000 +0x10000 ... ok
map 0x313220000 +0x10000 ... ok
map 0x3132a0000 +0x10000 ... ok
map 0x313320000 +0x10000 ... ok
map 0x3133a0000 +0x10000 ... ok
map 0x313420000 +0x10000 ... ok
map 0x3134a0000 +0x10000 ... ok
map 0x313520000 +0xcc000 ... ok
map 0x3135f0000 +0x14000 ... ok
map 0x313638000 +0x20000 ... ok
map 0x313668000 +0x4000 ... ok
map 0x313670000 +0x14000 ... ok
map 0x313688000 +0x14000 ... ok
map 0x3136a0000 +0x14000 ... ok
map 0x3136b8000 +0x14000 ... ok
map 0x3136d0000 +0x14000 ... ok
map 0x3136e8000 +0x14000 ... ok
map 0x313700000 +0x14000 ... ok
map 0x313b08000 +0x20000 ... ok
map 0x37dfe8000 +0x8000 ... ok
swapped pages taken as resident so far: 0
vmas 55 total 12783.8 MiB resident 1214.2 MiB mapped 1216.4 MiB
timing: t 0.432 s acb 55 dwords: sync 65.1 ms, hints 0.0 ms
submit #1 acb 55 dwords at 0xfe00427a0: pass 7 rewrite 0 drop 1 unmapped 0 cc 0 mappings 216 ... OK rc 0 5.89 ms
timing: #1 done at t 0.506 s, 9.0 ms after the sync and hints
timing: t 0.507 s cc 3 dwords: sync 8.4 ms, hints 0.0 ms
submit #2 cc 3 dwords at 0x7efdf28e4: pass 0 rewrite 1 drop 0 unmapped 0 cc 1 mappings 216 ... OK rc 0 5.85 ms
timing: #2 done at t 0.524 s, 9.1 ms after the sync and hints
timing: t 0.525 s acb 2 dwords: sync 7.8 ms, hints 0.0 ms
submit #3 acb 2 dwords at 0xfe003a200: pass 1 rewrite 0 drop 0 unmapped 0 cc 0 mappings 216 ... OK rc 0 5.84 ms
timing: #3 done at t 0.542 s, 9.2 ms after the sync and hints
timing: t 0.542 s acb 55 dwords: sync 7.8 ms, hints 0.0 ms
submit #4 acb 55 dwords at 0xfe00427a0: pass 7 rewrite 0 drop 1 unmapped 0 cc 0 mappings 216 ... OK rc 0 5.80 ms
timing: #4 done at t 0.560 s, 9.3 ms after the sync and hints
timing: t 0.560 s hib 150 dwords: sync 7.7 ms, hints 0.1 ms
  load op 61 at 10: base 0xfe0008000 pairs (0x0,215) (0xd8,272) (0x1f5,4) (0x1ff,158) (0x2a0,2) (0x2a3,1) (0x2a5,66) (0x2f5,203)
  load op 5f at 29: base 0xfe0010000 pairs (0x1,1) (0x6,38) (0x32,4) (0x80,4) (0x87,37) (0xb2,4) (0xc8,2) (0x100,4) (0x107,37) (0x132,4) (0x148,2) (0x204,3) (0x20c,2) (0x212,2) (0x215,6) (0x224,5) (0x22a,1) (0x240,16) (0x27d,1) (0x280,1) (0x207,3)
  load op 5e at 74: base 0xfe0011000 pairs (0x35,8) (0xa2,1) (0x242,1) (0x248,1) (0x24a,2) (0x25b,6) (0x262,1) (0x2bb,5) (0x2c4,16) (0x2e4,8) (0x380,2) (0x383,2) (0x41d,3) (0x24d,1)
  load op 61 at 105: base 0xfe0008000 pairs (0x0,0)
  load op 5f at 110: base 0xfe0010000 pairs (0x0,0)
  load op 5e at 115: base 0xfe0011000 pairs (0x0,0)
  load op 61 at 125: base 0xfe0008000 pairs (0x0,0)
  load op 5f at 130: base 0xfe0010000 pairs (0x0,0)
  load op 5e at 135: base 0xfe0011000 pairs (0x0,0)
submit #5 hib 150 dwords at 0xfe0000000: pass 12 rewrite 2 drop 2 unmapped 0 cc 2 mappings 216 ... OK rc 0 9.05 ms
timing: #5 done at t 0.620 s, 52.0 ms after the sync and hints
timing: t 0.621 s acb 2 dwords: sync 7.8 ms, hints 0.0 ms
submit #6 acb 2 dwords at 0xfe003a200: pass 1 rewrite 0 drop 0 unmapped 0 cc 0 mappings 216 ... OK rc 0 6.05 ms
timing: #6 done at t 0.638 s, 9.4 ms after the sync and hints
timing: t 0.638 s acb 55 dwords: sync 7.8 ms, hints 0.0 ms
submit #7 acb 55 dwords at 0xfe00427a0: pass 7 rewrite 0 drop 1 unmapped 0 cc 0 mappings 216 ... OK rc 0 5.83 ms
timing: #7 done at t 0.656 s, 9.2 ms after the sync and hints
timing: t 0.656 s hib 2 dwords: sync 7.8 ms, hints 0.0 ms
submit #8 hib 2 dwords at 0xfe003a200: pass 1 rewrite 0 drop 0 unmapped 0 cc 0 mappings 216 ... OK rc 0 5.81 ms
timing: #8 done at t 0.673 s, 9.2 ms after the sync and hints
timing: t 0.674 s acb 2 dwords: sync 7.8 ms, hints 0.0 ms
submit #9 acb 2 dwords at 0xfe003a200: pass 1 rewrite 0 drop 0 unmapped 0 cc 0 mappings 216 ... OK rc 0 5.82 ms
timing: #9 done at t 0.691 s, 9.2 ms after the sync and hints
timing: t 0.691 s acb 55 dwords: sync 7.8 ms, hints 0.0 ms
submit #10 acb 55 dwords at 0xfe00427a0: pass 7 rewrite 0 drop 1 unmapped 0 cc 0 mappings 216 ... OK rc 0 5.77 ms
timing: #10 done at t 0.708 s, 9.2 ms after the sync and hints
timing: t 0.709 s dcb 96 dwords: sync 8.2 ms, hints 0.1 ms
  load op 9f at 38: addr 0xfe0040068 idx 0 fmt 1 regoff 0x0 n 921 (table contents not committed)
  load op 63 at 43: addr 0xfe0042068 idx 0 fmt 1 regoff 0x0 n 174 (table contents not committed)
  load op 64 at 48: addr 0xfe00425d8 idx 0 fmt 1 regoff 0x0 n 49 (table contents not committed)
submit #11 dcb 96 dwords at 0xfe0042920: pass 20 rewrite 2 drop 2 unmapped 0 cc 0 mappings 216 ... OK rc 0 7.22 ms
timing: #11 done at t 0.762 s, 44.6 ms after the sync and hints
timing: t 0.763 s acb 2 dwords: sync 7.8 ms, hints 0.0 ms
submit #12 acb 2 dwords at 0xfe003a200: pass 1 rewrite 0 drop 0 unmapped 0 cc 0 mappings 216 ... OK rc 0 5.81 ms
timing: #12 done at t 0.781 s, 10.0 ms after the sync and hints
timing: t 0.781 s acb 55 dwords: sync 7.8 ms, hints 0.0 ms
submit #13 acb 55 dwords at 0xfe00427a0: pass 7 rewrite 0 drop 1 unmapped 0 cc 0 mappings 216 ... OK rc 0 5.79 ms
timing: #13 done at t 0.799 s, 10.0 ms after the sync and hints
timing: t 0.800 s acb 2 dwords: sync 8.2 ms, hints 0.0 ms
submit #14 acb 2 dwords at 0xfe003a200: pass 1 rewrite 0 drop 0 unmapped 0 cc 0 mappings 216 ... OK rc 0 5.83 ms
timing: #14 done at t 0.819 s, 10.2 ms after the sync and hints
map 0x200070000 +0x8000 ... ok
map 0x2001e8000 +0xc000 ... ok
map 0x302ac0000 +0x20000 ... ok
map 0x303980000 +0x10000 ... ok
map 0x313b68000 +0x10000 ... ok
map 0x314368000 +0x4000 ... ok
map 0x314370000 +0x14000 ... ok
map 0x314388000 +0x40000 ... ok
map 0x3143c8000 +0x30000 ... ok
map 0x3143f8000 +0x80000 ... ok
map 0x314478000 +0x40000 ... ok
map 0x3144b8000 +0x20000 ... ok
map 0x3144d8000 +0x10000 ... ok
map 0x3144e8000 +0x10000 ... ok
map 0x3144f8000 +0x10000 ... ok
map 0x314508000 +0x10000 ... ok
map 0x314518000 +0x3b0000 ... ok
map 0x401b70000 +0x10000 ... ok
map 0x403670000 +0x10000 ... ok
map 0x403680000 +0x10000 ... ok
map 0x500530000 +0x270000 ... ok
map 0x56d860000 +0x10000 ... ok
map 0x56d870000 +0x10000 ... ok
map 0x56d8c0000 +0x10000 ... ok
map 0x56d930000 +0x10000 ... ok
map 0x56d990000 +0x10000 ... ok
map 0x56d9a0000 +0x10000 ... ok
map 0x56d9b0000 +0x10000 ... ok
map 0x56d9c0000 +0x10000 ... ok
map 0x56dda0000 +0x10000 ... ok
map 0x56e240000 +0x10000 ... ok
map 0x56e250000 +0x10000 ... ok
map 0x56e260000 +0x10000 ... ok
map 0x56e270000 +0x10000 ... ok
map 0x56e650000 +0x10000 ... ok
map 0x56ed50000 +0x20000 ... ok
map 0x600000000 +0x10000 ... ok
map 0x607ff0000 +0x10000 ... ok
map 0x7eebd4000 +0x200000 ... ok
map 0x7eedd8000 +0x200000 ... ok
map 0x7eefdc000 +0x200000 ... ok
map 0x7ef1e0000 +0x200000 ... ok
map 0x7ef3e4000 +0x200000 ... ok
map 0x7ef5e8000 +0x200000 ... ok
map 0x7ef7ec000 +0x200000 ... ok
map 0x7ef9f0000 +0x200000 ... ok
map 0x10ea000000 +0x60000 ... ok
map 0x10ea060000 +0x60000 ... ok
map 0x10ea0c0000 +0x20000 ... ok
map 0x10ea0e0000 +0x160000 ... ok
map 0x10ea240000 +0xb0000 ... ok
map 0x10ea2f0000 +0xac0000 ... ok
map 0x10eadb0000 +0x60000 ... ok
map 0x10eae10000 +0x20000 ... ok
swapped pages taken as resident so far: 0
vmas 66 total 12993.3 MiB resident 1254.1 MiB mapped 1256.0 MiB
timing: t 0.820 s acb 55 dwords: sync 112.5 ms, hints 0.0 ms
submit #15 acb 55 dwords at 0xfe00427a0: pass 7 rewrite 0 drop 1 unmapped 0 cc 0 mappings 270 ... OK rc 0 6.18 ms
timing: #15 done at t 0.942 s, 10.4 ms after the sync and hints
map 0x2001f4000 +0x4000 ... ok
map 0x2001f8000 +0x10000 ... ok
map 0x200208000 +0x10000 ... ok
map 0x302ae0000 +0xb0000 ... ok
map 0x303540000 +0x10000 ... ok
map 0x303bd0000 +0x20000 ... ok
map 0x3148c8000 +0x140000 ... ok
map 0x314a08000 +0x50000 ... ok
map 0x314a58000 +0x40000 ... ok
map 0x314a98000 +0x30000 ... ok
map 0x314ac8000 +0x20000 ... ok
map 0x314ae8000 +0x20000 ... ok
map 0x314b08000 +0x10000 ... ok
map 0x314b18000 +0x10000 ... ok
map 0x314b28000 +0x10000 ... ok
map 0x314b38000 +0x140000 ... ok
map 0x314c78000 +0x40000 ... ok
map 0x314cb8000 +0x40000 ... ok
map 0x314cf8000 +0x40000 ... ok
map 0x314d38000 +0x20000 ... ok
map 0x314d58000 +0x10000 ... ok
map 0x314d68000 +0x10000 ... ok
map 0x314d78000 +0x10000 ... ok
map 0x314d88000 +0x10000 ... ok
map 0x314d98000 +0x150000 ... ok
map 0x314ee8000 +0x40000 ... ok
map 0x314f28000 +0x40000 ... ok
map 0x314f68000 +0x30000 ... ok
map 0x314f98000 +0x20000 ... ok
map 0x314fb8000 +0x20000 ... ok
map 0x314fd8000 +0x10000 ... ok
map 0x314fe8000 +0x10000 ... ok
map 0x314ff8000 +0x10000 ... ok
map 0x315008000 +0x140000 ... ok
map 0x315148000 +0x40000 ... ok
map 0x315188000 +0x40000 ... ok
map 0x3151c8000 +0x40000 ... ok
map 0x315208000 +0x20000 ... ok
map 0x315228000 +0x10000 ... ok
map 0x315238000 +0x10000 ... ok
map 0x315248000 +0x10000 ... ok
map 0x315258000 +0x10000 ... ok
map 0x315268000 +0x150000 ... ok
map 0x3153b8000 +0x70000 ... ok
map 0x315428000 +0x10000 ... ok
map 0x315438000 +0x20000 ... ok
map 0x315458000 +0x20000 ... ok
map 0x315478000 +0x30000 ... ok
map 0x3154a8000 +0x10000 ... ok
map 0x3154d8000 +0x10000 ... ok
map 0x315518000 +0x10000 ... ok
map 0x315558000 +0x10000 ... ok
map 0x315598000 +0x10000 ... ok
map 0x3155d8000 +0x10000 ... ok
map 0x315618000 +0x10000 ... ok
map 0x315628000 +0x10000 ... ok
map 0x315668000 +0x10000 ... ok
map 0x315678000 +0x10000 ... ok
map 0x315688000 +0x20000 ... ok
map 0x3156a8000 +0x20000 ... ok
map 0x3156c8000 +0x40000 ... ok
map 0x315708000 +0x10000 ... ok
map 0x315718000 +0x50000 ... ok
map 0x315768000 +0x10000 ... ok
map 0x315778000 +0x10000 ... ok
map 0x315788000 +0xc000 ... ok
map 0x315b88000 +0x14000 ... ok
map 0x315f90000 +0x20000 ... ok
map 0x315fe0000 +0xaa00000 ... FAILED
map 0x320a20000 +0x20000 ... ok
map 0x321230000 +0x20000 ... FAILED
map 0x321280000 +0x60000 ... ok
map 0x37dfe0000 +0x8000 ... ok
map 0x403690000 +0x40000 ... ok
map 0x5007a0000 +0x90000 ... ok
map 0x56f790000 +0x60000 ... ok
map 0x56f9e0000 +0x10000 ... ok
map 0x5705e0000 +0x10000 ... ok
map 0x5707e0000 +0x10000 ... ok
map 0x5707f0000 +0x10000 ... ok
map 0x570a90000 +0x10000 ... ok
map 0x570b50000 +0x20000 ... ok
map 0x570b70000 +0x10000 ... ok
map 0x570f40000 +0x30000 ... ok
map 0x571450000 +0x30000 ... ok
map 0x571480000 +0x10000 ... ok
map 0x571940000 +0x10000 ... ok
map 0x571a60000 +0x20000 ... ok
map 0x571a80000 +0x10000 ... ok
map 0x7ee3d8000 +0x120000 ... ok
map 0x7ee4fc000 +0x120000 ... ok
map 0x7ee620000 +0x120000 ... ok
map 0x7ee744000 +0x120000 ... ok
map 0x7ee868000 +0x120000 ... ok
map 0x7ee98c000 +0x120000 ... ok
map 0x7eeab0000 +0x120000 ... ok
map 0x90f220000 +0x30000 ... ok
map 0x1000000000 +0x100000 ... ok
map 0x1054e00000 +0x1ae0000 ... ok
swapped pages taken as resident so far: 0
vmas 77 total 13001.3 MiB resident 1477.1 MiB mapped 1309.6 MiB
timing: t 0.943 s acb 2 dwords: sync 193.5 ms, hints 0.0 ms
submit #16 acb 2 dwords at 0xfe003a200: pass 1 rewrite 0 drop 0 unmapped 0 cc 0 mappings 367 ... OK rc 0 6.72 ms
timing: #16 done at t 1.148 s, 11.1 ms after the sync and hints
map 0x200218000 +0xc000 ... ok
map 0x315fe0000 +0x4000 ... ok
map 0x315fe8000 +0xa9f8000 ... ok
map 0x320a14000 +0xc000 ... ok
map 0x320a40000 +0x4000 ... ok
map 0x321224000 +0x28000 ... ok
map 0x3212e0000 +0x1760000 ... ok
map 0x7eddcc000 +0x200000 ... ok
map 0x7edfd0000 +0x200000 ... ok
map 0x7ee1d4000 +0x200000 ... ok
swapped pages taken as resident so far: 0
vmas 83 total 13007.3 MiB resident 1509.1 MiB mapped 1509.3 MiB
timing: t 1.149 s acb 55 dwords: sync 37.1 ms, hints 0.0 ms
submit #17 acb 55 dwords at 0xfe00427a0: pass 7 rewrite 0 drop 1 unmapped 0 cc 0 mappings 377 ... OK rc 0 7.66 ms
timing: #17 done at t 1.198 s, 12.1 ms after the sync and hints
map 0x322a40000 +0x7a0000 ... ok
swapped pages taken as resident so far: 0
vmas 83 total 13007.3 MiB resident 1516.8 MiB mapped 1516.9 MiB
timing: t 1.199 s acb 2 dwords: sync 12.9 ms, hints 0.0 ms
submit #18 acb 2 dwords at 0xfe003a200: pass 1 rewrite 0 drop 0 unmapped 0 cc 0 mappings 378 ... OK rc 0 7.68 ms
timing: #18 done at t 1.225 s, 12.9 ms after the sync and hints
map 0x323630000 +0x10000 ... ok
swapped pages taken as resident so far: 0
vmas 83 total 13007.3 MiB resident 1516.9 MiB mapped 1517.0 MiB
timing: t 1.226 s acb 55 dwords: sync 12.7 ms, hints 0.0 ms
submit #19 acb 55 dwords at 0xfe00427a0: pass 7 rewrite 0 drop 1 unmapped 0 cc 0 mappings 379 ... OK rc 0 7.57 ms
timing: #19 done at t 1.250 s, 11.9 ms after the sync and hints
map 0x3231e0000 +0x450000 ... ok
swapped pages taken as resident so far: 0
vmas 83 total 13007.3 MiB resident 1521.3 MiB mapped 1521.3 MiB
timing: t 1.251 s acb 2 dwords: sync 12.7 ms, hints 0.0 ms
submit #20 acb 2 dwords at 0xfe003a200: pass 1 rewrite 0 drop 0 unmapped 0 cc 0 mappings 380 ... OK rc 0 8.24 ms
timing: #20 done at t 1.277 s, 12.7 ms after the sync and hints
map 0x323640000 +0x1f0000 ... ok
map 0x323aa0000 +0x10000 ... ok
swapped pages taken as resident so far: 0
vmas 83 total 13007.3 MiB resident 1523.2 MiB mapped 1523.3 MiB
timing: t 1.278 s acb 55 dwords: sync 15.1 ms, hints 0.0 ms
submit #21 acb 55 dwords at 0xfe00427a0: pass 7 rewrite 0 drop 1 unmapped 0 cc 0 mappings 382 ... OK rc 0 7.74 ms
timing: #21 done at t 1.305 s, 12.1 ms after the sync and hints
map 0x323830000 +0x270000 ... ok
map 0x323ab0000 +0x340000 ... ok
map 0x323fd0000 +0x10000 ... ok
swapped pages taken as resident so far: 0
vmas 83 total 13007.3 MiB resident 1528.9 MiB mapped 1529.0 MiB
timing: t 1.306 s acb 2 dwords: sync 16.5 ms, hints 0.0 ms
submit #22 acb 2 dwords at 0xfe003a200: pass 1 rewrite 0 drop 0 unmapped 0 cc 0 mappings 385 ... EFAULT, resync ... unmap 0x3212e0000 +0x1760000 (no longer rw anonymous) ... ok
map 0x200224000 +0x4000 ... ok
map 0x300a48000 +0x10000 ... ok
map 0x3212e0000 +0xc4c000 ... ok
map 0x321f30000 +0xb10000 ... ok
map 0x323df0000 +0x1e0000 ... ok
map 0x323fe0000 +0x20000 ... ok
map 0x3240f0000 +0x3a0000 ... ok
map 0x324580000 +0x80000 ... FAILED
map 0x324670000 +0xf0000 ... ok
map 0x4036d0000 +0x10000 ... ok
map 0x500830000 +0x20000 ... ok
map 0x502700000 +0x10000 ... ok
map 0x502df0000 +0x20000 ... ok
map 0x503c00000 +0x10000 ... ok
map 0x5042f0000 +0x20000 ... ok
map 0x504e00000 +0x10000 ... ok
map 0x5051f0000 +0x20000 ... ok
map 0x505a00000 +0x10000 ... ok
map 0x505df0000 +0x20000 ... ok
map 0x506800000 +0x10000 ... ok
map 0x506df0000 +0x20000 ... ok
map 0x50cc30000 +0x10000 ... ok
map 0x579800000 +0x10000 ... ok
map 0x1000100000 +0x100000 ... ok
map 0x10eae30000 +0xb10000 ... ok
swapped pages taken as resident so far: 0
vmas 84 total 13007.3 MiB resident 1548.2 MiB mapped 1549.0 MiB
OK rc 0 (retried) 7.75 ms
timing: #22 done at t 1.397 s, 74.0 ms after the sync and hints
map 0x200228000 +0x10000 ... ok
map 0x200238000 +0x10000 ... ok
map 0x200248000 +0x4000 ... ok
map 0x301488000 +0x10000 ... ok
map 0x308450000 +0x10000 ... ok
map 0x311970000 +0x20000 ... ok
map 0x311990000 +0x30000 ... ok
map 0x324580000 +0x7c000 ... ok
map 0x324760000 +0x240000 ... ok
map 0x3249a0000 +0x10000 ... ok
map 0x7ea6a0000 +0x500000 ... ok
map 0x7eaba4000 +0x500000 ... ok
map 0x7eb0a8000 +0x500000 ... ok
map 0x7eb5ac000 +0x500000 ... ok
map 0x7ebab0000 +0x500000 ... ok
map 0x7ebfb4000 +0x500000 ... ok
map 0x7ec4b8000 +0x500000 ... ok
map 0x7ec9bc000 +0x500000 ... ok
map 0x7ecec0000 +0x500000 ... ok
map 0x7ed3c4000 +0x500000 ... ok
map 0x7ed8c8000 +0x500000 ... ok
map 0x1000200000 +0x240000 ... ok
map 0x10eb940000 +0x6e0000 ... ok
swapped pages taken as resident so far: 0
vmas 96 total 13062.4 MiB resident 1616.2 MiB mapped 1616.5 MiB
timing: t 1.397 s acb 55 dwords: sync 51.7 ms, hints 0.0 ms
submit #23 acb 55 dwords at 0xfe00427a0: pass 7 rewrite 0 drop 1 unmapped 0 cc 0 mappings 431 ... OK rc 0 8.10 ms
timing: #23 done at t 1.462 s, 12.4 ms after the sync and hints
timing: t 1.463 s acb 2 dwords: sync 8.7 ms, hints 0.0 ms
submit #24 acb 2 dwords at 0xfe003a200: pass 1 rewrite 0 drop 0 unmapped 0 cc 0 mappings 431 ... OK rc 0 8.13 ms
timing: #24 done at t 1.484 s, 12.6 ms after the sync and hints
timing: t 1.485 s acb 55 dwords: sync 8.8 ms, hints 0.0 ms
submit #25 acb 55 dwords at 0xfe00427a0: pass 7 rewrite 0 drop 1 unmapped 0 cc 0 mappings 431 ... OK rc 0 8.15 ms
timing: #25 done at t 1.506 s, 12.6 ms after the sync and hints
timing: t 1.507 s cc 3 dwords: sync 9.6 ms, hints 0.0 ms
submit #26 cc 3 dwords at 0x313b17cd4: pass 0 rewrite 1 drop 0 unmapped 0 cc 1 mappings 431 ... OK rc 0 8.88 ms
timing: #26 done at t 1.530 s, 13.4 ms after the sync and hints
timing: t 1.531 s acb 2 dwords: sync 9.0 ms, hints 0.0 ms
submit #27 acb 2 dwords at 0xfe003a200: pass 1 rewrite 0 drop 0 unmapped 0 cc 0 mappings 431 ... OK rc 0 8.07 ms
timing: #27 done at t 1.553 s, 12.6 ms after the sync and hints
timing: t 1.553 s acb 55 dwords: sync 8.7 ms, hints 0.0 ms
submit #28 acb 55 dwords at 0xfe00427a0: pass 7 rewrite 0 drop 1 unmapped 0 cc 0 mappings 431 ... OK rc 0 8.07 ms
timing: #28 done at t 1.575 s, 12.6 ms after the sync and hints
timing: t 1.576 s hib 150 dwords: sync 9.5 ms, hints 0.1 ms
  load op 61 at 10: base 0xfe0008000 pairs (0x0,215) (0xd8,272) (0x1f5,4) (0x1ff,158) (0x2a0,2) (0x2a3,1) (0x2a5,66) (0x2f5,203)
  load op 5f at 29: base 0xfe0010000 pairs (0x1,1) (0x6,38) (0x32,4) (0x80,4) (0x87,37) (0xb2,4) (0xc8,2) (0x100,4) (0x107,37) (0x132,4) (0x148,2) (0x204,3) (0x20c,2) (0x212,2) (0x215,6) (0x224,5) (0x22a,1) (0x240,16) (0x27d,1) (0x280,1) (0x207,3)
  load op 5e at 74: base 0xfe0011000 pairs (0x35,8) (0xa2,1) (0x242,1) (0x248,1) (0x24a,2) (0x25b,6) (0x262,1) (0x2bb,5) (0x2c4,16) (0x2e4,8) (0x380,2) (0x383,2) (0x41d,3) (0x24d,1)
  load op 61 at 105: base 0xfe0008000 pairs (0x0,0)
  load op 5f at 110: base 0xfe0010000 pairs (0x0,0)
  load op 5e at 115: base 0xfe0011000 pairs (0x0,0)
  load op 61 at 125: base 0xfe0008000 pairs (0x0,0)
  load op 5f at 130: base 0xfe0010000 pairs (0x0,0)
  load op 5e at 135: base 0xfe0011000 pairs (0x0,0)
submit #29 hib 150 dwords at 0xfe0000000: pass 12 rewrite 2 drop 2 unmapped 0 cc 2 mappings 431 ... OK rc 0 8.37 ms
timing: #29 done at t 1.654 s, 68.5 ms after the sync and hints
timing: t 1.654 s acb 2 dwords: sync 9.2 ms, hints 0.0 ms
submit #30 acb 2 dwords at 0xfe003a200: pass 1 rewrite 0 drop 0 unmapped 0 cc 0 mappings 431 ... OK rc 0 8.08 ms
timing: #30 done at t 1.676 s, 12.6 ms after the sync and hints
timing: t 1.677 s acb 55 dwords: sync 8.9 ms, hints 0.0 ms
submit #31 acb 55 dwords at 0xfe00427a0: pass 7 rewrite 0 drop 1 unmapped 0 cc 0 mappings 431 ... OK rc 0 8.02 ms
timing: #31 done at t 1.699 s, 12.6 ms after the sync and hints
map 0xf00110000 +0x10000 ... ok
swapped pages taken as resident so far: 0
vmas 96 total 13062.4 MiB resident 1616.5 MiB mapped 1616.5 MiB
timing: t 1.700 s hib 2 dwords: sync 12.9 ms, hints 0.0 ms
submit #32 hib 2 dwords at 0xfe003a200: pass 1 rewrite 0 drop 0 unmapped 0 cc 0 mappings 432 ... OK rc 0 8.13 ms
timing: #32 done at t 1.725 s, 12.6 ms after the sync and hints
timing: t 1.726 s acb 2 dwords: sync 9.3 ms, hints 0.0 ms
submit #33 acb 2 dwords at 0xfe003a200: pass 1 rewrite 0 drop 0 unmapped 0 cc 0 mappings 432 ... OK rc 0 8.09 ms
timing: #33 done at t 1.748 s, 12.6 ms after the sync and hints
timing: t 1.749 s acb 55 dwords: sync 8.7 ms, hints 0.0 ms
submit #34 acb 55 dwords at 0xfe00427a0: pass 7 rewrite 0 drop 1 unmapped 0 cc 0 mappings 432 ... OK rc 0 8.13 ms
timing: #34 done at t 1.770 s, 12.5 ms after the sync and hints
timing: t 1.771 s acb 2 dwords: sync 9.0 ms, hints 0.0 ms
submit #35 acb 2 dwords at 0xfe003a200: pass 1 rewrite 0 drop 0 unmapped 0 cc 0 mappings 432 ... OK rc 0 8.05 ms
timing: #35 done at t 1.792 s, 12.4 ms after the sync and hints
timing: t 1.793 s acb 55 dwords: sync 8.8 ms, hints 0.0 ms
submit #36 acb 55 dwords at 0xfe00427a0: pass 7 rewrite 0 drop 1 unmapped 0 cc 0 mappings 432 ... OK rc 0 8.05 ms
timing: #36 done at t 1.814 s, 12.4 ms after the sync and hints
timing: t 1.815 s dcb 96 dwords: sync 9.5 ms, hints 0.1 ms
  load op 9f at 38: addr 0xfe0040068 idx 0 fmt 1 regoff 0x0 n 921 (table contents not committed)
  load op 63 at 43: addr 0xfe0042068 idx 0 fmt 1 regoff 0x0 n 174 (table contents not committed)
  load op 64 at 48: addr 0xfe00425d8 idx 0 fmt 1 regoff 0x0 n 49 (table contents not committed)
submit #37 dcb 96 dwords at 0xfe0042920: pass 20 rewrite 2 drop 2 unmapped 0 cc 0 mappings 432 ... OK rc 0 8.18 ms
timing: #37 done at t 1.885 s, 60.6 ms after the sync and hints
timing: t 1.886 s acb 2 dwords: sync 9.3 ms, hints 0.0 ms
submit #38 acb 2 dwords at 0xfe003a200: pass 1 rewrite 0 drop 0 unmapped 0 cc 0 mappings 432 ... OK rc 0 8.07 ms
timing: #38 done at t 1.908 s, 12.6 ms after the sync and hints
timing: t 1.909 s acb 55 dwords: sync 8.8 ms, hints 0.0 ms
submit #39 acb 55 dwords at 0xfe00427a0: pass 7 rewrite 0 drop 1 unmapped 0 cc 0 mappings 432 ... OK rc 0 8.06 ms
timing: #39 done at t 1.930 s, 12.5 ms after the sync and hints
timing: t 1.931 s acb 2 dwords: sync 8.7 ms, hints 0.0 ms
submit #40 acb 2 dwords at 0xfe003a200: pass 1 rewrite 0 drop 0 unmapped 0 cc 0 mappings 432 ... OK rc 0 8.09 ms
timing: #40 done at t 1.953 s, 12.7 ms after the sync and hints
timing: t 1.954 s acb 55 dwords: sync 9.1 ms, hints 0.0 ms
submit #41 acb 55 dwords at 0xfe00427a0: pass 7 rewrite 0 drop 1 unmapped 0 cc 0 mappings 432 ... OK rc 0 8.08 ms
timing: #41 done at t 1.975 s, 12.5 ms after the sync and hints
timing: t 1.976 s cc 3 dwords: sync 9.6 ms, hints 0.0 ms
submit #42 cc 3 dwords at 0x313b17cf4: pass 0 rewrite 1 drop 0 unmapped 0 cc 1 mappings 432 ... OK rc 0 8.33 ms
timing: #42 done at t 1.999 s, 12.8 ms after the sync and hints
timing: t 2.000 s acb 2 dwords: sync 9.1 ms, hints 0.0 ms
submit #43 acb 2 dwords at 0xfe003a200: pass 1 rewrite 0 drop 0 unmapped 0 cc 0 mappings 432 ... OK rc 0 8.18 ms
timing: #43 done at t 2.021 s, 12.6 ms after the sync and hints
timing: t 2.022 s acb 55 dwords: sync 8.9 ms, hints 0.0 ms
submit #44 acb 55 dwords at 0xfe00427a0: pass 7 rewrite 0 drop 1 unmapped 0 cc 0 mappings 432 ... OK rc 0 8.06 ms
timing: #44 done at t 2.044 s, 12.4 ms after the sync and hints
timing: t 2.044 s hib 150 dwords: sync 9.4 ms, hints 0.1 ms
  load op 61 at 10: base 0xfe0008000 pairs (0x0,215) (0xd8,272) (0x1f5,4) (0x1ff,158) (0x2a0,2) (0x2a3,1) (0x2a5,66) (0x2f5,203)
  load op 5f at 29: base 0xfe0010000 pairs (0x1,1) (0x6,38) (0x32,4) (0x80,4) (0x87,37) (0xb2,4) (0xc8,2) (0x100,4) (0x107,37) (0x132,4) (0x148,2) (0x204,3) (0x20c,2) (0x212,2) (0x215,6) (0x224,5) (0x22a,1) (0x240,16) (0x27d,1) (0x280,1) (0x207,3)
  load op 5e at 74: base 0xfe0011000 pairs (0x35,8) (0xa2,1) (0x242,1) (0x248,1) (0x24a,2) (0x25b,6) (0x262,1) (0x2bb,5) (0x2c4,16) (0x2e4,8) (0x380,2) (0x383,2) (0x41d,3) (0x24d,1)
  load op 61 at 105: base 0xfe0008000 pairs (0x0,0)
  load op 5f at 110: base 0xfe0010000 pairs (0x0,0)
  load op 5e at 115: base 0xfe0011000 pairs (0x0,0)
  load op 61 at 125: base 0xfe0008000 pairs (0x0,0)
  load op 5f at 130: base 0xfe0010000 pairs (0x0,0)
  load op 5e at 135: base 0xfe0011000 pairs (0x0,0)
submit #45 hib 150 dwords at 0xfe0000000: pass 12 rewrite 2 drop 2 unmapped 0 cc 2 mappings 432 ... OK rc 0 8.26 ms
timing: #45 done at t 2.123 s, 69.0 ms after the sync and hints
timing: t 2.124 s acb 2 dwords: sync 9.2 ms, hints 0.0 ms
submit #46 acb 2 dwords at 0xfe003a200: pass 1 rewrite 0 drop 0 unmapped 0 cc 0 mappings 432 ... OK rc 0 8.03 ms
timing: #46 done at t 2.146 s, 13.0 ms after the sync and hints
timing: t 2.147 s acb 55 dwords: sync 8.8 ms, hints 0.0 ms
submit #47 acb 55 dwords at 0xfe00427a0: pass 7 rewrite 0 drop 1 unmapped 0 cc 0 mappings 432 ... OK rc 0 8.10 ms
timing: #47 done at t 2.168 s, 12.6 ms after the sync and hints
timing: t 2.169 s hib 2 dwords: sync 8.9 ms, hints 0.0 ms
submit #48 hib 2 dwords at 0xfe003a200: pass 1 rewrite 0 drop 0 unmapped 0 cc 0 mappings 432 ... OK rc 0 8.13 ms
timing: #48 done at t 2.190 s, 12.7 ms after the sync and hints
timing: t 2.191 s acb 2 dwords: sync 8.9 ms, hints 0.0 ms
submit #49 acb 2 dwords at 0xfe003a200: pass 1 rewrite 0 drop 0 unmapped 0 cc 0 mappings 432 ... OK rc 0 8.11 ms
timing: #49 done at t 2.213 s, 12.6 ms after the sync and hints
timing: t 2.214 s acb 55 dwords: sync 8.9 ms, hints 0.0 ms
submit #50 acb 55 dwords at 0xfe00427a0: pass 7 rewrite 0 drop 1 unmapped 0 cc 0 mappings 432 ... OK rc 0 8.12 ms
timing: #50 done at t 2.235 s, 12.6 ms after the sync and hints
timing: t 2.236 s acb 2 dwords: sync 8.8 ms, hints 0.0 ms
submit #51 acb 2 dwords at 0xfe003a200: pass 1 rewrite 0 drop 0 unmapped 0 cc 0 mappings 432 ... OK rc 0 8.10 ms
timing: #51 done at t 2.258 s, 12.5 ms after the sync and hints
timing: t 2.258 s acb 55 dwords: sync 8.8 ms, hints 0.0 ms
submit #52 acb 55 dwords at 0xfe00427a0: pass 7 rewrite 0 drop 1 unmapped 0 cc 0 mappings 432 ... OK rc 0 8.07 ms
timing: #52 done at t 2.280 s, 12.5 ms after the sync and hints
timing: t 2.281 s dcb 96 dwords: sync 9.2 ms, hints 0.1 ms
  load op 9f at 38: addr 0xfe0040068 idx 0 fmt 1 regoff 0x0 n 921 (table contents not committed)
  load op 63 at 43: addr 0xfe0042068 idx 0 fmt 1 regoff 0x0 n 174 (table contents not committed)
  load op 64 at 48: addr 0xfe00425d8 idx 0 fmt 1 regoff 0x0 n 49 (table contents not committed)
submit #53 dcb 96 dwords at 0xfe0042920: pass 20 rewrite 2 drop 2 unmapped 0 cc 0 mappings 432 ... OK rc 0 8.11 ms
timing: #53 done at t 2.349 s, 59.6 ms after the sync and hints
timing: t 2.350 s acb 2 dwords: sync 9.4 ms, hints 0.0 ms
submit #54 acb 2 dwords at 0xfe003a200: pass 1 rewrite 0 drop 0 unmapped 0 cc 0 mappings 432 ... OK rc 0 8.11 ms
timing: #54 done at t 2.372 s, 12.7 ms after the sync and hints
timing: t 2.373 s acb 55 dwords: sync 8.8 ms, hints 0.0 ms
submit #55 acb 55 dwords at 0xfe00427a0: pass 7 rewrite 0 drop 1 unmapped 0 cc 0 mappings 432 ... OK rc 0 8.10 ms
timing: #55 done at t 2.395 s, 12.5 ms after the sync and hints
hint CB0 0x538bc0000: window 0x536bc0000+0x4000000, mapped +0.0 MiB
hint CB0 0x55675f000: window 0x554750000+0x4000000, mapped +31.9 MiB
hint CB0 0x563800000: window 0x561800000+0x4000000, mapped +8.0 MiB
hint CB0 0x55c00d000: window 0x55a000000+0x4000000, mapped +0.0 MiB
hint CB0 0x5637f0000: window 0x5617f0000+0x4000000, mapped +0.1 MiB
hint CB0 0x516830000: window 0x514830000+0x4000000, mapped +64.0 MiB
hint CB0 0x56c05e000: window 0x56a050000+0x4000000, mapped +63.4 MiB
hint DB_HTILE 0x514050000: window 0x512050000+0x4000000, mapped +39.9 MiB
hint DB_Z_READ 0x513560000: window 0x511560000+0x4000000, mapped +10.9 MiB
hint DB_STENCIL_READ 0x513dd0000: window 0x511dd0000+0x4000000, mapped +0.0 MiB
timing: t 2.395 s dcb 3257 dwords: sync 9.4 ms, hints 53.4 ms
  load op 9f at 36: addr 0xfe0040068 idx 0 fmt 1 regoff 0x0 n 921 (table contents not committed)
  load op 63 at 41: addr 0xfe0042068 idx 0 fmt 1 regoff 0x0 n 174 (table contents not committed)
  load op 64 at 46: addr 0xfe00425d8 idx 0 fmt 1 regoff 0x0 n 57 (table contents not committed)
  load op 9f at 88: addr 0x504301500 idx 0 fmt 1 regoff 0x0 n 136 (table contents not committed)
  load op 64 at 93: addr 0x504300500 idx 0 fmt 1 regoff 0x0 n 3 (table contents not committed)
  load op 63 at 98: addr 0x5042ff500 idx 0 fmt 1 regoff 0x0 n 3 (table contents not committed)
  load op 9f at 1460: addr 0xfe0040068 idx 0 fmt 1 regoff 0x0 n 921 (table contents not committed)
  load op 9f at 1467: addr 0x504301940 idx 0 fmt 1 regoff 0x0 n 70 (table contents not committed)
  load op 63 at 1472: addr 0x908e5ff90 idx 0 fmt 1 regoff 0x0 n 6 (table contents not committed)
  load op 9f at 1477: addr 0x908e5ffc0 idx 0 fmt 1 regoff 0x0 n 10 (table contents not committed)
  load op 63 at 1482: addr 0x908e5f7d0 idx 0 fmt 1 regoff 0x0 n 6 (table contents not committed)
  load op 9f at 1487: addr 0x908e5f800 idx 0 fmt 1 regoff 0x0 n 9 (table contents not committed)
  load op 64 at 1492: addr 0x504300518 idx 0 fmt 1 regoff 0x0 n 5 (table contents not committed)
  load op 9f at 2112: addr 0x504301b70 idx 0 fmt 1 regoff 0x0 n 131 (table contents not committed)
  load op 64 at 2119: addr 0x504300540 idx 0 fmt 1 regoff 0x0 n 1 (table contents not committed)
  load op 9f at 2151: addr 0xfe0040068 idx 0 fmt 1 regoff 0x0 n 921 (table contents not committed)
  load op 9f at 2158: addr 0x504301f88 idx 0 fmt 1 regoff 0x0 n 70 (table contents not committed)
  load op 63 at 2163: addr 0x908e5ff90 idx 0 fmt 1 regoff 0x0 n 6 (table contents not committed)
  load op 9f at 2168: addr 0x908e5ffc0 idx 0 fmt 1 regoff 0x0 n 10 (table contents not committed)
  load op 63 at 2173: addr 0x908e5f7d0 idx 0 fmt 1 regoff 0x0 n 6 (table contents not committed)
  load op 9f at 2178: addr 0x908e5f800 idx 0 fmt 1 regoff 0x0 n 9 (table contents not committed)
  load op 64 at 2183: addr 0x504300548 idx 0 fmt 1 regoff 0x0 n 5 (table contents not committed)
  load op 9f at 2301: addr 0x5043021b8 idx 0 fmt 1 regoff 0x0 n 98 (table contents not committed)
  load op 64 at 2308: addr 0x504300570 idx 0 fmt 1 regoff 0x0 n 1 (table contents not committed)
  load op 9f at 2313: addr 0x5042fe500 idx 0 fmt 1 regoff 0x0 n 33 (table contents not committed)
  load op 9f at 2345: addr 0xfe0040068 idx 0 fmt 1 regoff 0x0 n 921 (table contents not committed)
  load op 9f at 2352: addr 0x5042fe608 idx 0 fmt 1 regoff 0x0 n 70 (table contents not committed)
  load op 63 at 2357: addr 0x908e5ff90 idx 0 fmt 1 regoff 0x0 n 6 (table contents not committed)
  load op 9f at 2362: addr 0x908e5ffc0 idx 0 fmt 1 regoff 0x0 n 10 (table contents not committed)
  load op 63 at 2367: addr 0x908e5f7d0 idx 0 fmt 1 regoff 0x0 n 6 (table contents not committed)
  load op 9f at 2372: addr 0x908e5f800 idx 0 fmt 1 regoff 0x0 n 9 (table contents not committed)
  load op 64 at 2377: addr 0x504300578 idx 0 fmt 1 regoff 0x0 n 5 (table contents not committed)
  load op 63 at 2473: addr 0x5042ff518 idx 0 fmt 1 regoff 0x0 n 10 (table contents not committed)
  load op 63 at 2664: addr 0x5042ff568 idx 0 fmt 1 regoff 0x0 n 28 (table contents not committed)
  load op 64 at 2738: addr 0x5043005a0 idx 0 fmt 1 regoff 0x0 n 5 (table contents not committed)
  load op 9f at 2745: addr 0x5042fe838 idx 0 fmt 1 regoff 0x0 n 290 (table contents not committed)
submit #56 dcb 3257 dwords at 0x503c02500: pass 333 rewrite 135 drop 132 unmapped 0 cc 6 mappings 444 ... OK rc 0 10.09 ms
timing: #56 done at t 2.952 s, 493.7 ms after the sync and hints
state stack #56: push 3 pop 3 conditional 1 unmatched 0; restored 2763 regs (+2811 dwords); tables 18, unreadable 0
timing: t 2.954 s acb 2 dwords: sync 9.4 ms, hints 0.0 ms
submit #57 acb 2 dwords at 0xfe003a200: pass 1 rewrite 0 drop 0 unmapped 0 cc 0 mappings 444 ... OK rc 0 9.05 ms
timing: #57 done at t 2.977 s, 13.6 ms after the sync and hints
timing: t 2.977 s acb 55 dwords: sync 9.0 ms, hints 0.0 ms
submit #58 acb 55 dwords at 0xfe00427a0: pass 7 rewrite 0 drop 1 unmapped 0 cc 0 mappings 444 ... OK rc 0 9.07 ms
timing: #58 done at t 3.000 s, 13.7 ms after the sync and hints
timing: t 3.001 s acb 2 dwords: sync 9.0 ms, hints 0.0 ms
submit #59 acb 2 dwords at 0xfe003a200: pass 1 rewrite 0 drop 0 unmapped 0 cc 0 mappings 444 ... OK rc 0 9.43 ms
timing: #59 done at t 3.024 s, 13.9 ms after the sync and hints
timing: t 3.025 s acb 55 dwords: sync 9.2 ms, hints 0.0 ms
submit #60 acb 55 dwords at 0xfe00427a0: pass 7 rewrite 0 drop 1 unmapped 0 cc 0 mappings 444 ... OK rc 0 9.05 ms
timing: #60 done at t 3.048 s, 13.5 ms after the sync and hints
timing: t 3.049 s dcb 851 dwords: sync 9.8 ms, hints 0.1 ms
  load op 9f at 38: addr 0xfe0040068 idx 0 fmt 1 regoff 0x0 n 921 (table contents not committed)
  load op 63 at 43: addr 0xfe0042068 idx 0 fmt 1 regoff 0x0 n 174 (table contents not committed)
  load op 64 at 48: addr 0xfe00425d8 idx 0 fmt 1 regoff 0x0 n 57 (table contents not committed)
  load op 9f at 90: addr 0x505e01500 idx 0 fmt 1 regoff 0x0 n 5 (table contents not committed)
  load op 64 at 95: addr 0x505e00500 idx 0 fmt 1 regoff 0x0 n 2 (table contents not committed)
  load op 63 at 100: addr 0x505dff500 idx 0 fmt 1 regoff 0x0 n 3 (table contents not committed)
submit #61 dcb 851 dwords at 0x505a02500: pass 47 rewrite 55 drop 45 unmapped 0 cc 0 mappings 444 ... OK rc 0 9.43 ms
timing: #61 done at t 3.140 s, 81.9 ms after the sync and hints
timing: t 3.141 s acb 2 dwords: sync 10.0 ms, hints 0.0 ms
submit #62 acb 2 dwords at 0xfe003a200: pass 1 rewrite 0 drop 0 unmapped 0 cc 0 mappings 444 ... OK rc 0 9.12 ms
timing: #62 done at t 3.165 s, 13.6 ms after the sync and hints
timing: t 3.166 s acb 55 dwords: sync 9.0 ms, hints 0.0 ms
submit #63 acb 55 dwords at 0xfe00427a0: pass 7 rewrite 0 drop 1 unmapped 0 cc 0 mappings 444 ... OK rc 0 9.10 ms
timing: #63 done at t 3.189 s, 13.9 ms after the sync and hints
timing: t 3.190 s acb 2 dwords: sync 9.1 ms, hints 0.0 ms
submit #64 acb 2 dwords at 0xfe003a200: pass 1 rewrite 0 drop 0 unmapped 0 cc 0 mappings 444 ... OK rc 0 9.08 ms
timing: #64 done at t 3.212 s, 13.6 ms after the sync and hints
timing: t 3.213 s acb 55 dwords: sync 9.1 ms, hints 0.0 ms
submit #65 acb 55 dwords at 0xfe00427a0: pass 7 rewrite 0 drop 1 unmapped 0 cc 0 mappings 444 ... OK rc 0 9.37 ms
timing: #65 done at t 3.236 s, 14.0 ms after the sync and hints
hint CB0 0x510d10000: window 0x50ed10000+0x4000000, mapped +40.3 MiB
hint CB0 0x56d898000: window 0x56b890000+0x4000000, mapped +23.4 MiB
hint CB0 0x512570000: window 0x510570000+0x4000000, mapped +0.0 MiB
timing: t 3.237 s dcb 798 dwords: sync 9.7 ms, hints 15.9 ms
  load op 9f at 35: addr 0xfe0040068 idx 0 fmt 1 regoff 0x0 n 921 (table contents not committed)
  load op 63 at 40: addr 0xfe0042068 idx 0 fmt 1 regoff 0x0 n 174 (table contents not committed)
  load op 64 at 45: addr 0xfe00425d8 idx 0 fmt 1 regoff 0x0 n 57 (table contents not committed)
  load op 9f at 87: addr 0x506e01500 idx 0 fmt 1 regoff 0x0 n 136 (table contents not committed)
  load op 64 at 92: addr 0x506e00500 idx 0 fmt 1 regoff 0x0 n 3 (table contents not committed)
  load op 63 at 97: addr 0x506dff500 idx 0 fmt 1 regoff 0x0 n 3 (table contents not committed)
  load op 9f at 212: addr 0xfe0040068 idx 0 fmt 1 regoff 0x0 n 921 (table contents not committed)
  load op 9f at 219: addr 0x506e01940 idx 0 fmt 1 regoff 0x0 n 70 (table contents not committed)
  load op 63 at 224: addr 0x908e5ff90 idx 0 fmt 1 regoff 0x0 n 6 (table contents not committed)
  load op 9f at 229: addr 0x908e5ffc0 idx 0 fmt 1 regoff 0x0 n 10 (table contents not committed)
  load op 63 at 234: addr 0x908e5f7d0 idx 0 fmt 1 regoff 0x0 n 6 (table contents not committed)
  load op 9f at 239: addr 0x908e5f800 idx 0 fmt 1 regoff 0x0 n 9 (table contents not committed)
  load op 64 at 244: addr 0x506e00518 idx 0 fmt 1 regoff 0x0 n 5 (table contents not committed)
  load op 9f at 340: addr 0x506e01b70 idx 0 fmt 1 regoff 0x0 n 131 (table contents not committed)
  load op 64 at 347: addr 0x506e00540 idx 0 fmt 1 regoff 0x0 n 1 (table contents not committed)
  load op 9f at 379: addr 0xfe0040068 idx 0 fmt 1 regoff 0x0 n 921 (table contents not committed)
  load op 9f at 386: addr 0x506e01f88 idx 0 fmt 1 regoff 0x0 n 70 (table contents not committed)
  load op 63 at 391: addr 0x908e5ff90 idx 0 fmt 1 regoff 0x0 n 6 (table contents not committed)
  load op 9f at 396: addr 0x908e5ffc0 idx 0 fmt 1 regoff 0x0 n 10 (table contents not committed)
  load op 63 at 401: addr 0x908e5f7d0 idx 0 fmt 1 regoff 0x0 n 6 (table contents not committed)
  load op 9f at 406: addr 0x908e5f800 idx 0 fmt 1 regoff 0x0 n 9 (table contents not committed)
  load op 64 at 411: addr 0x506e00548 idx 0 fmt 1 regoff 0x0 n 5 (table contents not committed)
  load op 9f at 548: addr 0x506e021b8 idx 0 fmt 1 regoff 0x0 n 98 (table contents not committed)
  load op 64 at 555: addr 0x506e00570 idx 0 fmt 1 regoff 0x0 n 1 (table contents not committed)
  load op 9f at 560: addr 0x506dfe500 idx 0 fmt 1 regoff 0x0 n 33 (table contents not committed)
  load op 9f at 592: addr 0xfe0040068 idx 0 fmt 1 regoff 0x0 n 921 (table contents not committed)
  load op 9f at 599: addr 0x506dfe608 idx 0 fmt 1 regoff 0x0 n 70 (table contents not committed)
  load op 63 at 604: addr 0x908e5ff90 idx 0 fmt 1 regoff 0x0 n 6 (table contents not committed)
  load op 9f at 609: addr 0x908e5ffc0 idx 0 fmt 1 regoff 0x0 n 10 (table contents not committed)
  load op 63 at 614: addr 0x908e5f7d0 idx 0 fmt 1 regoff 0x0 n 6 (table contents not committed)
  load op 9f at 619: addr 0x908e5f800 idx 0 fmt 1 regoff 0x0 n 9 (table contents not committed)
  load op 64 at 624: addr 0x506e00578 idx 0 fmt 1 regoff 0x0 n 5 (table contents not committed)
submit #66 dcb 798 dwords at 0x506802500: pass 103 rewrite 35 drop 22 unmapped 0 cc 6 mappings 450 ... OK rc 0 12.71 ms
timing: #66 done at t 3.780 s, 517.6 ms after the sync and hints
state stack #66: push 3 pop 3 conditional 1 unmatched 0; restored 2763 regs (+2811 dwords); tables 17, unreadable 0
timing: t 3.783 s acb 2 dwords: sync 10.3 ms, hints 0.0 ms
submit #67 acb 2 dwords at 0xfe003a200: pass 1 rewrite 0 drop 0 unmapped 0 cc 0 mappings 450 ... OK rc 0 10.01 ms
timing: #67 done at t 3.811 s, 17.5 ms after the sync and hints
timing: t 3.813 s acb 55 dwords: sync 9.5 ms, hints 0.0 ms
submit #68 acb 55 dwords at 0xfe00427a0: pass 7 rewrite 0 drop 1 unmapped 0 cc 0 mappings 450 ... OK rc 0 9.50 ms
timing: #68 done at t 3.839 s, 17.1 ms after the sync and hints
timing: t 3.841 s acb 2 dwords: sync 9.2 ms, hints 0.0 ms
submit #69 acb 2 dwords at 0xfe003a200: pass 1 rewrite 0 drop 0 unmapped 0 cc 0 mappings 450 ... OK rc 0 9.59 ms
timing: #69 done at t 3.864 s, 14.1 ms after the sync and hints
timing: t 3.865 s acb 55 dwords: sync 9.3 ms, hints 0.0 ms
submit #70 acb 55 dwords at 0xfe00427a0: pass 7 rewrite 0 drop 1 unmapped 0 cc 0 mappings 450 ... OK rc 0 9.58 ms
timing: #70 done at t 3.888 s, 14.2 ms after the sync and hints
hint DB_HTILE 0x55c050000: window 0x55a050000+0x4000000, mapped +0.0 MiB
hint DB_Z_READ 0x527430000: window 0x525430000+0x4000000, mapped +20.2 MiB
timing: t 3.889 s dcb 1248 dwords: sync 9.2 ms, hints 6.8 ms
  load op 9f at 36: addr 0xfe0040068 idx 0 fmt 1 regoff 0x0 n 921 (table contents not committed)
  load op 63 at 41: addr 0xfe0042068 idx 0 fmt 1 regoff 0x0 n 174 (table contents not committed)
  load op 64 at 46: addr 0xfe00425d8 idx 0 fmt 1 regoff 0x0 n 57 (table contents not committed)
  load op 9f at 88: addr 0x505201500 idx 0 fmt 1 regoff 0x0 n 5 (table contents not committed)
  load op 64 at 93: addr 0x505200500 idx 0 fmt 1 regoff 0x0 n 2 (table contents not committed)
  load op 63 at 98: addr 0x5051ff500 idx 0 fmt 1 regoff 0x0 n 3 (table contents not committed)
  load op 9f at 756: addr 0xfe0040068 idx 0 fmt 1 regoff 0x0 n 921 (table contents not committed)
  load op 9f at 763: addr 0x505201528 idx 0 fmt 1 regoff 0x0 n 74 (table contents not committed)
  load op 63 at 768: addr 0x908e5ff90 idx 0 fmt 1 regoff 0x0 n 6 (table contents not committed)
  load op 9f at 773: addr 0x908e5ffc0 idx 0 fmt 1 regoff 0x0 n 10 (table contents not committed)
  load op 64 at 778: addr 0x505200510 idx 0 fmt 1 regoff 0x0 n 5 (table contents not committed)
  load op 9f at 901: addr 0xfe0040068 idx 0 fmt 1 regoff 0x0 n 921 (table contents not committed)
  load op 9f at 908: addr 0x505201778 idx 0 fmt 1 regoff 0x0 n 74 (table contents not committed)
  load op 63 at 913: addr 0x908e5ff90 idx 0 fmt 1 regoff 0x0 n 6 (table contents not committed)
  load op 9f at 918: addr 0x908e5ffc0 idx 0 fmt 1 regoff 0x0 n 10 (table contents not committed)
  load op 64 at 923: addr 0x505200538 idx 0 fmt 1 regoff 0x0 n 5 (table contents not committed)
  load op 9f at 1046: addr 0xfe0040068 idx 0 fmt 1 regoff 0x0 n 921 (table contents not committed)
  load op 9f at 1053: addr 0x5052019c8 idx 0 fmt 1 regoff 0x0 n 74 (table contents not committed)
  load op 63 at 1058: addr 0x908e5ff90 idx 0 fmt 1 regoff 0x0 n 6 (table contents not committed)
  load op 9f at 1063: addr 0x908e5ffc0 idx 0 fmt 1 regoff 0x0 n 10 (table contents not committed)
  load op 64 at 1068: addr 0x505200560 idx 0 fmt 1 regoff 0x0 n 5 (table contents not committed)
submit #71 dcb 1248 dwords at 0x504e02500: pass 151 rewrite 46 drop 45 unmapped 0 cc 6 mappings 451 ... OK rc 0 11.12 ms
timing: #71 done at t 4.200 s, 295.3 ms after the sync and hints
state stack #71: push 3 pop 3 conditional 1 unmatched 0; restored 2763 regs (+2811 dwords); tables 11, unreadable 0
flip 1/0 buffer 0x507410000 +0x1fe0000: sum 0x0 nonzero 0/8160 pattern 0
  target CB0 0x55675f000: distinct 3 min 0x00000000 max 0xffffffff, map 0x507410000 +0x1b20000 ...   target CB0 0x55675f000: nonzero 2/1024
  target CB0 0x563800000: distinct 1 min 0x00000000 max 0x00000000,   target CB0 0x563800000: nonzero 0/1024
  target CB0 0x55c00d000: distinct 4 min 0x00000000 max 0xffffffff,   target CB0 0x55c00d000: nonzero 147/1024
  target CB0 0x5637f0000: distinct 1 min 0x00000000 max 0x00000000,   target CB0 0x5637f0000: nonzero 0/1024
  target CB0 0x516830000: distinct 1 min 0x38003800 max 0x38003800,   target CB0 0x516830000: nonzero 1024/1024
  target CB0 0x56c05e000: distinct 2 min 0x00000000 max 0xffffffff, ok
  target CB0 0x56c05e000: nonzero 2/1024
  target DB_HTILE 0x514050000: distinct 2 min 0x00000000 max 0xfffffff0,   target DB_HTILE 0x514050000: nonzero 48/1024
  target DB_Z_READ 0x513560000: distinct 1 min 0x00000000 max 0x00000000,   target DB_Z_READ 0x513560000: nonzero 0/1024
  target DB_STENCIL_READ 0x513dd0000: distinct 3 min 0x00000000 max 0xfffffff0,   target DB_STENCIL_READ 0x513dd0000: nonzero 558/1024
swapped pages taken as resident so far: 0
  target CB0 0x510d10000: distinct 1 min 0x00000000 max 0x00000000, vmas 96 total 13062.4 MiB resident 1945.8 MiB mapped 1945.8 MiB
  target CB0 0x510d10000: nonzero 0/1024
timing: t 4.202 s acb 2 dwords: sync 26.7 ms, hints 0.0 ms
  target CB0 0x556759000: distinct 3 min 0x00000000 max 0xffffffff,   target CB0 0x556759000: nonzero 8/1024
  target CB0 0x56d898000: distinct 4 min 0x00000000 max 0x3ec00000, submit #72 acb 2 dwords at 0xfe003a200: pass 1 rewrite 0 drop 0 unmapped 0 cc 0 mappings 452 ...   target CB0 0x56d898000: nonzero 22/1024
  target CB0 0x512570000: distinct 1 min 0x70e270e2 max 0x70e270e2,   target CB0 0x512570000: nonzero 1024/1024
  target CB0 0x56c058000: distinct 3 min 0x00000000 max 0xffffffff,   target CB0 0x56c058000: nonzero 8/1024
  target DB_HTILE 0x55c050000: distinct 3 min 0x00000000 max 0xffffffff,   target DB_HTILE 0x55c050000: nonzero 144/1024
  target DB_Z_READ 0x527430000: distinct 1 min 0xffffffff max 0xffffffff,   target DB_Z_READ 0x527430000: nonzero 1024/1024
timing: t 4.242 s flip 1/0, VideoOutSubmitFlip took 0.0 ms
OK rc 0 9.69 ms
timing: #72 done at t 4.245 s, 16.5 ms after the sync and hints
map 0x508f30000 +0x4c0000 ... ok
swapped pages taken as resident so far: 0
vmas 96 total 13062.4 MiB resident 1950.5 MiB mapped 1950.5 MiB
timing: t 4.246 s acb 55 dwords: sync 15.8 ms, hints 0.0 ms
submit #73 acb 55 dwords at 0xfe00427a0: pass 7 rewrite 0 drop 1 unmapped 0 cc 0 mappings 453 ... OK rc 0 9.77 ms
timing: #73 done at t 4.276 s, 14.0 ms after the sync and hints
map 0xf00120000 +0x10000 ... ok
swapped pages taken as resident so far: 0
vmas 96 total 13062.4 MiB resident 1950.5 MiB mapped 1950.6 MiB
timing: t 4.278 s acb 2 dwords: sync 12.9 ms, hints 0.0 ms
submit #74 acb 2 dwords at 0xfe003a200: pass 1 rewrite 0 drop 0 unmapped 0 cc 0 mappings 454 ... OK rc 0 9.76 ms
timing: #74 done at t 4.305 s, 13.9 ms after the sync and hints
timing: t 4.306 s acb 55 dwords: sync 9.2 ms, hints 0.0 ms
submit #75 acb 55 dwords at 0xfe00427a0: pass 7 rewrite 0 drop 1 unmapped 0 cc 0 mappings 454 ... OK rc 0 9.81 ms
timing: #75 done at t 4.329 s, 14.2 ms after the sync and hints
timing: t 4.330 s acb 2 dwords: sync 9.3 ms, hints 0.0 ms
submit #76 acb 2 dwords at 0xfe003a200: pass 1 rewrite 0 drop 0 unmapped 0 cc 0 mappings 454 ... OK rc 0 9.71 ms
timing: #76 done at t 4.354 s, 14.6 ms after the sync and hints
timing: t 4.355 s acb 55 dwords: sync 9.1 ms, hints 0.0 ms
submit #77 acb 55 dwords at 0xfe00427a0: pass 7 rewrite 0 drop 1 unmapped 0 cc 0 mappings 454 ... OK rc 0 9.60 ms
timing: #77 done at t 4.378 s, 14.0 ms after the sync and hints
timing: t 4.379 s acb 2 dwords: sync 9.1 ms, hints 0.0 ms
submit #78 acb 2 dwords at 0xfe003a200: pass 1 rewrite 0 drop 0 unmapped 0 cc 0 mappings 454 ... OK rc 0 9.69 ms
timing: #78 done at t 4.403 s, 14.2 ms after the sync and hints
timing: t 4.403 s acb 55 dwords: sync 9.2 ms, hints 0.0 ms
submit #79 acb 55 dwords at 0xfe00427a0: pass 7 rewrite 0 drop 1 unmapped 0 cc 0 mappings 454 ... OK rc 0 9.72 ms
timing: #79 done at t 4.427 s, 14.3 ms after the sync and hints
acb head: 1287 of 1336 dwords go ahead of the wait at 1287 on 0x400202f80
timing: t 4.429 s acb 1287 dwords: sync 9.1 ms, hints 0.0 ms
submit #80 acb 1287 dwords at 0x4002a55c0: pass 118 rewrite 35 drop 63 unmapped 0 cc 0 mappings 454 ... OK rc 0 10.14 ms
cpu-wait WAIT_REG_MEM64 at 115 on 0x400202d40: satisfied after 173.7 ms
timing: #80 done at t 4.453 s, 15.1 ms after the sync and hints
timing: t 4.454 s after that wait (dcb 9891 dwords)
timing: t 4.454 s acb 2 dwords: sync 9.2 ms, hints 0.0 ms
submit #81 acb 2 dwords at 0xfe003a200: pass 1 rewrite 0 drop 0 unmapped 0 cc 0 mappings 454 ... OK rc 0 9.58 ms
timing: #81 done at t 4.478 s, 14.1 ms after the sync and hints
timing: t 4.478 s acb 55 dwords: sync 9.1 ms, hints 0.0 ms
submit #82 acb 55 dwords at 0xfe00427a0: pass 7 rewrite 0 drop 1 unmapped 0 cc 0 mappings 454 ... OK rc 0 9.57 ms
timing: #82 done at t 4.502 s, 14.1 ms after the sync and hints
timing: t 4.503 s acb 2 dwords: sync 9.1 ms, hints 0.0 ms
submit #83 acb 2 dwords at 0xfe003a200: pass 1 rewrite 0 drop 0 unmapped 0 cc 0 mappings 454 ... OK rc 0 9.62 ms
timing: #83 done at t 4.526 s, 14.1 ms after the sync and hints
timing: t 4.527 s acb 55 dwords: sync 9.1 ms, hints 0.0 ms
submit #84 acb 55 dwords at 0xfe00427a0: pass 7 rewrite 0 drop 1 unmapped 0 cc 0 mappings 454 ... OK rc 0 9.60 ms
timing: #84 done at t 4.550 s, 14.2 ms after the sync and hints
timing: t 4.551 s acb 2 dwords: sync 9.1 ms, hints 0.0 ms
submit #85 acb 2 dwords at 0xfe003a200: pass 1 rewrite 0 drop 0 unmapped 0 cc 0 mappings 454 ... OK rc 0 9.62 ms
timing: #85 done at t 4.574 s, 14.0 ms after the sync and hints
timing: t 4.575 s acb 55 dwords: sync 9.0 ms, hints 0.0 ms
submit #86 acb 55 dwords at 0xfe00427a0: pass 7 rewrite 0 drop 1 unmapped 0 cc 0 mappings 454 ... OK rc 0 9.73 ms
timing: #86 done at t 4.598 s, 14.1 ms after the sync and hints
timing: t 4.599 s acb 2 dwords: sync 9.3 ms, hints 0.0 ms
submit #87 acb 2 dwords at 0xfe003a200: pass 1 rewrite 0 drop 0 unmapped 0 cc 0 mappings 454 ... OK rc 0 9.72 ms
timing: #87 done at t 4.622 s, 14.2 ms after the sync and hints
timing: t 4.623 s acb 55 dwords: sync 9.1 ms, hints 0.0 ms
submit #88 acb 55 dwords at 0xfe00427a0: pass 7 rewrite 0 drop 1 unmapped 0 cc 0 mappings 454 ... OK rc 0 9.57 ms
timing: #88 done at t 4.646 s, 14.0 ms after the sync and hints
timing: t 4.647 s acb 2 dwords: sync 9.1 ms, hints 0.0 ms
submit #89 acb 2 dwords at 0xfe003a200: pass 1 rewrite 0 drop 0 unmapped 0 cc 0 mappings 454 ... OK rc 0 9.60 ms
timing: #89 done at t 4.671 s, 14.1 ms after the sync and hints
timing: t 4.671 s acb 55 dwords: sync 9.1 ms, hints 0.0 ms
submit #90 acb 55 dwords at 0xfe00427a0: pass 7 rewrite 0 drop 1 unmapped 0 cc 0 mappings 454 ... OK rc 0 9.64 ms
timing: #90 done at t 4.695 s, 14.2 ms after the sync and hints
timing: t 4.696 s acb 2 dwords: sync 9.1 ms, hints 0.0 ms
submit #91 acb 2 dwords at 0xfe003a200: pass 1 rewrite 0 drop 0 unmapped 0 cc 0 mappings 454 ... OK rc 0 9.63 ms
timing: #91 done at t 4.719 s, 14.1 ms after the sync and hints
timing: t 4.720 s acb 55 dwords: sync 9.2 ms, hints 0.0 ms
submit #92 acb 55 dwords at 0xfe00427a0: pass 7 rewrite 0 drop 1 unmapped 0 cc 0 mappings 454 ... OK rc 0 9.59 ms
timing: #92 done at t 4.743 s, 14.2 ms after the sync and hints
timing: t 4.744 s acb 2 dwords: sync 9.1 ms, hints 0.0 ms
submit #93 acb 2 dwords at 0xfe003a200: pass 1 rewrite 0 drop 0 unmapped 0 cc 0 mappings 454 ... OK rc 0 9.60 ms
timing: #93 done at t 4.767 s, 14.1 ms after the sync and hints
timing: t 4.768 s acb 55 dwords: sync 9.1 ms, hints 0.0 ms
submit #94 acb 55 dwords at 0xfe00427a0: pass 7 rewrite 0 drop 1 unmapped 0 cc 0 mappings 454 ... OK rc 0 9.76 ms
timing: #94 done at t 4.792 s, 14.3 ms after the sync and hints
timing: t 4.793 s acb 2 dwords: sync 9.2 ms, hints 0.0 ms
submit #95 acb 2 dwords at 0xfe003a200: pass 1 rewrite 0 drop 0 unmapped 0 cc 0 mappings 454 ... OK rc 0 9.58 ms
timing: #95 done at t 4.816 s, 14.0 ms after the sync and hints
timing: t 4.817 s acb 55 dwords: sync 9.0 ms, hints 0.0 ms
submit #96 acb 55 dwords at 0xfe00427a0: pass 7 rewrite 0 drop 1 unmapped 0 cc 0 mappings 454 ... OK rc 0 9.69 ms
timing: #96 done at t 4.840 s, 14.1 ms after the sync and hints
timing: t 4.841 s acb 2 dwords: sync 9.2 ms, hints 0.0 ms
submit #97 acb 2 dwords at 0xfe003a200: pass 1 rewrite 0 drop 0 unmapped 0 cc 0 mappings 454 ... OK rc 0 9.62 ms
timing: #97 done at t 4.864 s, 14.2 ms after the sync and hints
cpu-wait WAIT_REG_MEM64 at 87 on 0x400202d80: satisfied after 0.0 ms
timing: t 4.866 s after that wait (acb 463 dwords)
timing: t 4.867 s acb 463 dwords: sync 9.3 ms, hints 0.0 ms
submit #98 acb 463 dwords at 0x4004867c0: pass 43 rewrite 11 drop 27 unmapped 0 cc 0 mappings 454 ... OK rc 0 10.06 ms
cpu-wait WAIT_REG_MEM64 at 1629 on 0x400202dc0: satisfied after 434.6 ms
timing: #98 done at t 4.891 s, 14.8 ms after the sync and hints
timing: t 4.891 s after that wait (dcb 9891 dwords)
cpu-wait WAIT_REG_MEM64 at 9340 on 0x559cd49a53d0: satisfied after 0.0 ms
timing: t 4.894 s after that wait (dcb 9891 dwords)
timing: t 4.892 s acb 2 dwords: sync 9.3 ms, hints 0.0 ms
submit #99 acb 2 dwords at 0xfe003a200: pass 1 rewrite 0 drop 0 unmapped 0 cc 0 mappings 454 ... OK rc 0 9.57 ms
timing: #99 done at t 4.916 s, 14.3 ms after the sync and hints
timing: t 4.917 s acb 55 dwords: sync 9.1 ms, hints 0.0 ms
submit #100 acb 55 dwords at 0xfe00427a0: pass 7 rewrite 0 drop 1 unmapped 0 cc 0 mappings 454 ... OK rc 0 9.61 ms
timing: #100 done at t 4.940 s, 14.3 ms after the sync and hints
hint CB0 0x5104a0000: window 0x50e4a0000+0x4000000, mapped +8.4 MiB
hint CB0 0x56d88c000: window 0x56b880000+0x4000000, mapped +0.0 MiB
hint CB0 0x514080000: window 0x512080000+0x4000000, mapped +0.0 MiB
hint CB0 0x56d8b8000: window 0x56b8b0000+0x4000000, mapped +0.1 MiB
hint CB0 0x53ad00000: window 0x538d00000+0x4000000, mapped +13.0 MiB
hint CB0 0x570800000: window 0x56e800000+0x4000000, mapped +46.1 MiB
hint CB0 0x53b9f0000: window 0x5399f0000+0x4000000, mapped +12.9 MiB
hint CB0 0x53be70000: window 0x539e70000+0x4000000, mapped +4.5 MiB
hint CB0 0x53aa00000: window 0x538a00000+0x4000000, mapped +0.0 MiB
hint CB0 0x57082c000: window 0x56e820000+0x4000000, mapped +0.1 MiB
hint CB0 0x5708cc000: window 0x56e8c0000+0x4000000, mapped +0.6 MiB
hint CB0 0x53a500000: window 0x538500000+0x4000000, mapped +0.0 MiB
hint CB0 0x5708e4000: window 0x56e8e0000+0x4000000, mapped +0.1 MiB
hint CB0 0x53b270000: window 0x539270000+0x4000000, mapped +0.0 MiB
hint CB0 0x53b330000: window 0x539330000+0x4000000, mapped +0.0 MiB
hint CB0 0x53b3f0000: window 0x5393f0000+0x4000000, mapped +0.0 MiB
hint CB0 0x53b430000: window 0x539430000+0x4000000, mapped +0.0 MiB
hint CB0 0x53b470000: window 0x539470000+0x4000000, mapped +0.0 MiB
hint CB0 0x53b480000: window 0x539480000+0x4000000, mapped +0.0 MiB
hint CB0 0x53d410000: window 0x53b410000+0x4000000, mapped +1.6 MiB
hint CB0 0x5708d8000: window 0x56e8d0000+0x4000000, mapped +0.0 MiB
hint CB0 0x570854000: window 0x56e850000+0x4000000, mapped +0.0 MiB
hint CB0 0x507410000: window 0x505410000+0x4000000, mapped +31.7 MiB
timing: t 4.941 s dcb 9891 dwords: sync 9.4 ms, hints 44.9 ms
  indirect op 16 at 1246: base 0x5074063c0 +0x0 -> 1 1 1 0 0
  indirect op 16 at 1278: base 0x5074063e0 +0x0 -> 1 1 1 0 0
  indirect op 16 at 1310: base 0x50740a520 +0x0 -> 1 1 1 0 0
  indirect op 16 at 1342: base 0x50740a540 +0x0 -> 1 1 1 0 0
  indirect op 25 at 4584: base 0x56ddaffa0 +0x0 -> 1 512 0 0 0
  load op 9f at 28: addr 0xfe0040068 idx 0 fmt 1 regoff 0x0 n 921 (table contents not committed)
  load op 63 at 33: addr 0xfe0042068 idx 0 fmt 1 regoff 0x0 n 174 (table contents not committed)
  load op 64 at 38: addr 0xfe00425d8 idx 0 fmt 1 regoff 0x0 n 57 (table contents not committed)
  load op 9f at 80: addr 0x502e01500 idx 0 fmt 1 regoff 0x0 n 295 (table contents not committed)
  load op 64 at 85: addr 0x502e00500 idx 0 fmt 1 regoff 0x0 n 7 (table contents not committed)
  load op 63 at 90: addr 0x502dff500 idx 0 fmt 1 regoff 0x0 n 13 (table contents not committed)
  load op 63 at 342: addr 0x502dff568 idx 0 fmt 1 regoff 0x0 n 10 (table contents not committed)
  load op 63 at 734: addr 0x502dff5b8 idx 0 fmt 1 regoff 0x0 n 18 (table contents not committed)
  load op 63 at 1217: addr 0x502dff648 idx 0 fmt 1 regoff 0x0 n 10 (table contents not committed)
  load op 63 at 1249: addr 0x502dff698 idx 0 fmt 1 regoff 0x0 n 10 (table contents not committed)
  load op 63 at 1281: addr 0x502dff6e8 idx 0 fmt 1 regoff 0x0 n 10 (table contents not committed)
  load op 63 at 1313: addr 0x502dff738 idx 0 fmt 1 regoff 0x0 n 10 (table contents not committed)
  load op 9f at 1724: addr 0xfe0040068 idx 0 fmt 1 regoff 0x0 n 921 (table contents not committed)
  load op 9f at 1731: addr 0x502e01e38 idx 0 fmt 1 regoff 0x0 n 74 (table contents not committed)
  load op 63 at 1736: addr 0x908e5ff90 idx 0 fmt 1 regoff 0x0 n 6 (table contents not committed)
  load op 9f at 1741: addr 0x908e5ffc0 idx 0 fmt 1 regoff 0x0 n 10 (table contents not committed)
  load op 64 at 1746: addr 0x502e00538 idx 0 fmt 1 regoff 0x0 n 5 (table contents not committed)
  load op 9f at 1799: addr 0x502e02088 idx 0 fmt 1 regoff 0x0 n 132 (table contents not committed)
  load op 63 at 1804: addr 0x502dff788 idx 0 fmt 1 regoff 0x0 n 30 (table contents not committed)
  load op 64 at 1884: addr 0x502e00560 idx 0 fmt 1 regoff 0x0 n 5 (table contents not committed)
  load op 9f at 1891: addr 0x502dfd440 idx 0 fmt 1 regoff 0x0 n 175 (table contents not committed)
  load op 63 at 2106: addr 0x502dff878 idx 0 fmt 1 regoff 0x0 n 20 (table contents not committed)
  load op 9f at 3069: addr 0xfe0040068 idx 0 fmt 1 regoff 0x0 n 921 (table contents not committed)
  load op 9f at 3076: addr 0x502dfd9b8 idx 0 fmt 1 regoff 0x0 n 70 (table contents not committed)
  load op 63 at 3081: addr 0x908e5ff90 idx 0 fmt 1 regoff 0x0 n 6 (table contents not committed)
  load op 9f at 3086: addr 0x908e5ffc0 idx 0 fmt 1 regoff 0x0 n 10 (table contents not committed)
  load op 63 at 3091: addr 0x908e5f7d0 idx 0 fmt 1 regoff 0x0 n 6 (table contents not committed)
  load op 9f at 3096: addr 0x908e5f800 idx 0 fmt 1 regoff 0x0 n 9 (table contents not committed)
  load op 64 at 3101: addr 0x502e00588 idx 0 fmt 1 regoff 0x0 n 5 (table contents not committed)
  load op 9f at 3140: addr 0x502dfdbe8 idx 0 fmt 1 regoff 0x0 n 19 (table contents not committed)
  load op 63 at 3145: addr 0x502dff918 idx 0 fmt 1 regoff 0x0 n 12 (table contents not committed)
  load op 9f at 3268: addr 0xfe0040068 idx 0 fmt 1 regoff 0x0 n 921 (table contents not committed)
  load op 9f at 3275: addr 0x502dfdc80 idx 0 fmt 1 regoff 0x0 n 74 (table contents not committed)
  load op 63 at 3280: addr 0x908e5ff90 idx 0 fmt 1 regoff 0x0 n 6 (table contents not committed)
  load op 9f at 3285: addr 0x908e5ffc0 idx 0 fmt 1 regoff 0x0 n 10 (table contents not committed)
  load op 64 at 3290: addr 0x502e005b0 idx 0 fmt 1 regoff 0x0 n 5 (table contents not committed)
  load op 9f at 3329: addr 0x502dfded0 idx 0 fmt 1 regoff 0x0 n 166 (table contents not committed)
  load op 63 at 3334: addr 0x502dff978 idx 0 fmt 1 regoff 0x0 n 30 (table contents not committed)
  load op 64 at 3430: addr 0x502e005d8 idx 0 fmt 1 regoff 0x0 n 5 (table contents not committed)
  load op 9f at 3437: addr 0x502dfc320 idx 0 fmt 1 regoff 0x0 n 135 (table contents not committed)
  load op 63 at 3675: addr 0x502dffa68 idx 0 fmt 1 regoff 0x0 n 36 (table contents not committed)
  load op 64 at 4540: addr 0x502e00600 idx 0 fmt 1 regoff 0x0 n 6 (table contents not committed)
  load op 9f at 4545: addr 0x502dfc758 idx 0 fmt 1 regoff 0x0 n 376 (table contents not committed)
  load op 9f at 4552: addr 0x502dfb118 idx 0 fmt 1 regoff 0x0 n 205 (table contents not committed)
  load op 9f at 4853: addr 0xfe0040068 idx 0 fmt 1 regoff 0x0 n 921 (table contents not committed)
  load op 9f at 4860: addr 0x502dfb780 idx 0 fmt 1 regoff 0x0 n 74 (table contents not committed)
  load op 63 at 4865: addr 0x908e5ff90 idx 0 fmt 1 regoff 0x0 n 6 (table contents not committed)
  load op 9f at 4870: addr 0x908e5ffc0 idx 0 fmt 1 regoff 0x0 n 10 (table contents not committed)
  load op 64 at 4875: addr 0x502e00630 idx 0 fmt 1 regoff 0x0 n 5 (table contents not committed)
  load op 63 at 4914: addr 0x502dffb88 idx 0 fmt 1 regoff 0x0 n 21 (table contents not committed)
  load op 9f at 4925: addr 0x502dfb9d0 idx 0 fmt 1 regoff 0x0 n 223 (table contents not committed)
  load op 63 at 5714: addr 0x502dffc30 idx 0 fmt 1 regoff 0x0 n 10 (table contents not committed)
  load op 63 at 5831: addr 0x502dffc80 idx 0 fmt 1 regoff 0x0 n 28 (table contents not committed)
  load op 64 at 5910: addr 0x502e00658 idx 0 fmt 1 regoff 0x0 n 5 (table contents not committed)
  load op 9f at 5917: addr 0x502df9e30 idx 0 fmt 1 regoff 0x0 n 67 (table contents not committed)
  load op 9f at 6045: addr 0x502dfa048 idx 0 fmt 1 regoff 0x0 n 121 (table contents not committed)
  load op 63 at 6050: addr 0x502dffd60 idx 0 fmt 1 regoff 0x0 n 18 (table contents not committed)
  load op 64 at 6055: addr 0x502e00680 idx 0 fmt 1 regoff 0x0 n 3 (table contents not committed)
  load op 9f at 6204: addr 0x502dfa410 idx 0 fmt 1 regoff 0x0 n 121 (table contents not committed)
  load op 63 at 6209: addr 0x502dffdf0 idx 0 fmt 1 regoff 0x0 n 18 (table contents not committed)
  load op 64 at 6214: addr 0x502e00698 idx 0 fmt 1 regoff 0x0 n 3 (table contents not committed)
  load op 63 at 6578: addr 0x502dffe80 idx 0 fmt 1 regoff 0x0 n 10 (table contents not committed)
  load op 9f at 7058: addr 0x502dfa7d8 idx 0 fmt 1 regoff 0x0 n 195 (table contents not committed)
  load op 9f at 7063: addr 0x502df8d80 idx 0 fmt 1 regoff 0x0 n 85 (table contents not committed)
  load op 63 at 7068: addr 0x502dffed0 idx 0 fmt 1 regoff 0x0 n 18 (table contents not committed)
  load op 64 at 7073: addr 0x502e006b0 idx 0 fmt 1 regoff 0x0 n 3 (table contents not committed)
  load op 9f at 7186: addr 0x502df9028 idx 0 fmt 1 regoff 0x0 n 129 (table contents not committed)
  load op 63 at 7191: addr 0x502dfff60 idx 0 fmt 1 regoff 0x0 n 18 (table contents not committed)
  load op 64 at 7196: addr 0x502e006c8 idx 0 fmt 1 regoff 0x0 n 3 (table contents not committed)
  load op 9f at 7309: addr 0x502df9430 idx 0 fmt 1 regoff 0x0 n 129 (table contents not committed)
  load op 63 at 7314: addr 0x502dffff0 idx 0 fmt 1 regoff 0x0 n 18 (table contents not committed)
  load op 64 at 7319: addr 0x502e006e0 idx 0 fmt 1 regoff 0x0 n 3 (table contents not committed)
  load op 9f at 7432: addr 0x502df9838 idx 0 fmt 1 regoff 0x0 n 58 (table contents not committed)
  load op 9f at 7537: addr 0x502df9a08 idx 0 fmt 1 regoff 0x0 n 66 (table contents not committed)
  load op 9f at 7642: addr 0x502df9c18 idx 0 fmt 1 regoff 0x0 n 37 (table contents not committed)
  load op 9f at 7647: addr 0x502df7300 idx 0 fmt 1 regoff 0x0 n 21 (table contents not committed)
  load op 9f at 7752: addr 0x502df73a8 idx 0 fmt 1 regoff 0x0 n 66 (table contents not committed)
  load op 9f at 7857: addr 0x502df75b8 idx 0 fmt 1 regoff 0x0 n 58 (table contents not committed)
  load op 9f at 7962: addr 0x502df7788 idx 0 fmt 1 regoff 0x0 n 130 (table contents not committed)
  load op 63 at 7967: addr 0x502e00080 idx 0 fmt 1 regoff 0x0 n 18 (table contents not committed)
  load op 64 at 7972: addr 0x502e006f8 idx 0 fmt 1 regoff 0x0 n 3 (table contents not committed)
  load op 9f at 8099: addr 0x502df7b98 idx 0 fmt 1 regoff 0x0 n 135 (table contents not committed)
  load op 63 at 8104: addr 0x502e00110 idx 0 fmt 1 regoff 0x0 n 18 (table contents not committed)
  load op 64 at 8109: addr 0x502e00710 idx 0 fmt 1 regoff 0x0 n 3 (table contents not committed)
  load op 63 at 8687: addr 0x502e001a0 idx 0 fmt 1 regoff 0x0 n 10 (table contents not committed)
  load op 63 at 9273: addr 0x502e001f0 idx 0 fmt 1 regoff 0x0 n 28 (table contents not committed)
  load op 64 at 9381: addr 0x502e00728 idx 0 fmt 1 regoff 0x0 n 5 (table contents not committed)
  load op 9f at 9386: addr 0x502df7fd0 idx 0 fmt 1 regoff 0x0 n 97 (table contents not committed)
  load op 9f at 9393: addr 0x502df5868 idx 0 fmt 1 regoff 0x0 n 183 (table contents not committed)
submit #101 dcb 9891 dwords at 0x502702500: pass 669 rewrite 494 drop 434 unmapped 1 cc 8 mappings 479 ... OK rc 0 12.89 ms
timing: #101 done at t 6.331 s, 1335.2 ms after the sync and hints
state stack #101: push 4 pop 4 conditional 1 unmatched 0; restored 3684 regs (+3748 dwords); tables 40, unreadable 0
map 0x301aa0000 +0x10000 ... ok
map 0x3249b0000 +0xa0000 ... ok
map 0x5034f0000 +0x20000 ... ok
map 0x5049f0000 +0x20000 ... ok
map 0x50e430000 +0x10000 ... ok
swapped pages taken as resident so far: 0
vmas 96 total 13062.4 MiB resident 2070.6 MiB mapped 2070.8 MiB
timing: t 6.332 s acb 2 dwords: sync 22.7 ms, hints 0.0 ms
submit #102 acb 2 dwords at 0xfe003a200: pass 1 rewrite 0 drop 0 unmapped 0 cc 0 mappings 484 ... OK rc 0 10.43 ms
timing: #102 done at t 6.370 s, 15.2 ms after the sync and hints
map 0x20024c000 +0xc000 ... ok
swapped pages taken as resident so far: 0
vmas 96 total 13062.5 MiB resident 2070.8 MiB mapped 2070.9 MiB
timing: t 6.371 s acb 55 dwords: sync 13.2 ms, hints 0.0 ms
submit #103 acb 55 dwords at 0xfe00427a0: pass 7 rewrite 0 drop 1 unmapped 0 cc 0 mappings 485 ... OK rc 0 12.40 ms
timing: #103 done at t 6.401 s, 16.7 ms after the sync and hints
timing: t 6.402 s cc 3 dwords: sync 9.5 ms, hints 0.0 ms
submit #104 cc 3 dwords at 0x313b17cf4: pass 0 rewrite 1 drop 0 unmapped 0 cc 1 mappings 485 ... OK rc 0 10.53 ms
timing: #104 done at t 6.429 s, 16.8 ms after the sync and hints
timing: t 6.429 s acb 2 dwords: sync 9.4 ms, hints 0.0 ms
submit #105 acb 2 dwords at 0xfe003a200: pass 1 rewrite 0 drop 0 unmapped 0 cc 0 mappings 485 ... OK rc 0 10.33 ms
timing: #105 done at t 6.454 s, 15.1 ms after the sync and hints
timing: t 6.455 s acb 55 dwords: sync 9.2 ms, hints 0.0 ms
submit #106 acb 55 dwords at 0xfe00427a0: pass 7 rewrite 0 drop 1 unmapped 0 cc 0 mappings 485 ... OK rc 0 10.23 ms
timing: #106 done at t 6.479 s, 15.1 ms after the sync and hints
timing: t 6.480 s hib 150 dwords: sync 9.4 ms, hints 0.1 ms
  load op 61 at 10: base 0xfe0008000 pairs (0x0,215) (0xd8,272) (0x1f5,4) (0x1ff,158) (0x2a0,2) (0x2a3,1) (0x2a5,66) (0x2f5,203)
  load op 5f at 29: base 0xfe0010000 pairs (0x1,1) (0x6,38) (0x32,4) (0x80,4) (0x87,37) (0xb2,4) (0xc8,2) (0x100,4) (0x107,37) (0x132,4) (0x148,2) (0x204,3) (0x20c,2) (0x212,2) (0x215,6) (0x224,5) (0x22a,1) (0x240,16) (0x27d,1) (0x280,1) (0x207,3)
  load op 5e at 74: base 0xfe0011000 pairs (0x35,8) (0xa2,1) (0x242,1) (0x248,1) (0x24a,2) (0x25b,6) (0x262,1) (0x2bb,5) (0x2c4,16) (0x2e4,8) (0x380,2) (0x383,2) (0x41d,3) (0x24d,1)
  load op 61 at 105: base 0xfe0008000 pairs (0x0,0)
  load op 5f at 110: base 0xfe0010000 pairs (0x0,0)
  load op 5e at 115: base 0xfe0011000 pairs (0x0,0)
  load op 61 at 125: base 0xfe0008000 pairs (0x0,0)
  load op 5f at 130: base 0xfe0010000 pairs (0x0,0)
  load op 5e at 135: base 0xfe0011000 pairs (0x0,0)
submit #107 hib 150 dwords at 0xfe0000000: pass 12 rewrite 2 drop 2 unmapped 0 cc 2 mappings 485 ... OK rc 0 10.25 ms
timing: #107 done at t 6.559 s, 69.4 ms after the sync and hints
timing: t 6.560 s acb 2 dwords: sync 9.2 ms, hints 0.0 ms
submit #108 acb 2 dwords at 0xfe003a200: pass 1 rewrite 0 drop 0 unmapped 0 cc 0 mappings 485 ... OK rc 0 10.25 ms
timing: #108 done at t 6.584 s, 15.1 ms after the sync and hints
timing: t 6.585 s acb 55 dwords: sync 9.2 ms, hints 0.0 ms
submit #109 acb 55 dwords at 0xfe00427a0: pass 7 rewrite 0 drop 1 unmapped 0 cc 0 mappings 485 ... OK rc 0 10.68 ms
timing: #109 done at t 6.609 s, 15.2 ms after the sync and hints
map 0xf00130000 +0x10000 ... ok
swapped pages taken as resident so far: 0
vmas 96 total 13062.5 MiB resident 2070.9 MiB mapped 2070.9 MiB
timing: t 6.610 s hib 2 dwords: sync 12.8 ms, hints 0.0 ms
submit #110 hib 2 dwords at 0xfe003a200: pass 1 rewrite 0 drop 0 unmapped 0 cc 0 mappings 486 ... OK rc 0 10.22 ms
timing: #110 done at t 6.638 s, 14.7 ms after the sync and hints
timing: t 6.638 s acb 2 dwords: sync 9.2 ms, hints 0.0 ms
submit #111 acb 2 dwords at 0xfe003a200: pass 1 rewrite 0 drop 0 unmapped 0 cc 0 mappings 486 ... OK rc 0 10.26 ms
timing: #111 done at t 6.663 s, 14.9 ms after the sync and hints
timing: t 6.663 s acb 55 dwords: sync 9.2 ms, hints 0.0 ms
submit #112 acb 55 dwords at 0xfe00427a0: pass 7 rewrite 0 drop 1 unmapped 0 cc 0 mappings 486 ... OK rc 0 10.23 ms
timing: #112 done at t 6.687 s, 14.8 ms after the sync and hints
timing: t 6.688 s dcb 96 dwords: sync 9.2 ms, hints 0.1 ms
  load op 9f at 38: addr 0xfe0040068 idx 0 fmt 1 regoff 0x0 n 921 (table contents not committed)
  load op 63 at 43: addr 0xfe0042068 idx 0 fmt 1 regoff 0x0 n 174 (table contents not committed)
  load op 64 at 48: addr 0xfe00425d8 idx 0 fmt 1 regoff 0x0 n 49 (table contents not committed)
submit #113 dcb 96 dwords at 0xfe0042920: pass 20 rewrite 2 drop 2 unmapped 0 cc 0 mappings 486 ... OK rc 0 10.26 ms
timing: #113 done at t 6.760 s, 62.6 ms after the sync and hints
timing: t 6.762 s acb 2 dwords: sync 9.2 ms, hints 0.0 ms
submit #114 acb 2 dwords at 0xfe003a200: pass 1 rewrite 0 drop 0 unmapped 0 cc 0 mappings 486 ... OK rc 0 10.38 ms
timing: #114 done at t 6.786 s, 14.9 ms after the sync and hints
timing: t 6.787 s acb 55 dwords: sync 9.4 ms, hints 0.0 ms
submit #115 acb 55 dwords at 0xfe00427a0: pass 7 rewrite 0 drop 1 unmapped 0 cc 0 mappings 486 ... OK rc 0 10.21 ms
timing: #115 done at t 6.811 s, 14.7 ms after the sync and hints
timing: t 6.812 s dcb 2647 dwords: sync 9.6 ms, hints 0.1 ms
  load op 9f at 36: addr 0xfe0040068 idx 0 fmt 1 regoff 0x0 n 921 (table contents not committed)
  load op 63 at 41: addr 0xfe0042068 idx 0 fmt 1 regoff 0x0 n 174 (table contents not committed)
  load op 64 at 46: addr 0xfe00425d8 idx 0 fmt 1 regoff 0x0 n 57 (table contents not committed)
  load op 9f at 88: addr 0x504a01500 idx 0 fmt 1 regoff 0x0 n 136 (table contents not committed)
  load op 64 at 93: addr 0x504a00500 idx 0 fmt 1 regoff 0x0 n 3 (table contents not committed)
  load op 63 at 98: addr 0x5049ff500 idx 0 fmt 1 regoff 0x0 n 3 (table contents not committed)
  load op 9f at 1541: addr 0xfe0040068 idx 0 fmt 1 regoff 0x0 n 921 (table contents not committed)
  load op 9f at 1548: addr 0x504a01940 idx 0 fmt 1 regoff 0x0 n 70 (table contents not committed)
  load op 63 at 1553: addr 0x908e5ff90 idx 0 fmt 1 regoff 0x0 n 6 (table contents not committed)
  load op 9f at 1558: addr 0x908e5ffc0 idx 0 fmt 1 regoff 0x0 n 10 (table contents not committed)
  load op 63 at 1563: addr 0x908e5f7d0 idx 0 fmt 1 regoff 0x0 n 6 (table contents not committed)
  load op 9f at 1568: addr 0x908e5f800 idx 0 fmt 1 regoff 0x0 n 9 (table contents not committed)
  load op 64 at 1573: addr 0x504a00518 idx 0 fmt 1 regoff 0x0 n 5 (table contents not committed)
  load op 9f at 1691: addr 0x504a01b70 idx 0 fmt 1 regoff 0x0 n 131 (table contents not committed)
  load op 64 at 1698: addr 0x504a00540 idx 0 fmt 1 regoff 0x0 n 1 (table contents not committed)
  load op 9f at 1730: addr 0xfe0040068 idx 0 fmt 1 regoff 0x0 n 921 (table contents not committed)
  load op 9f at 1737: addr 0x504a01f88 idx 0 fmt 1 regoff 0x0 n 70 (table contents not committed)
  load op 63 at 1742: addr 0x908e5ff90 idx 0 fmt 1 regoff 0x0 n 6 (table contents not committed)
  load op 9f at 1747: addr 0x908e5ffc0 idx 0 fmt 1 regoff 0x0 n 10 (table contents not committed)
  load op 63 at 1752: addr 0x908e5f7d0 idx 0 fmt 1 regoff 0x0 n 6 (table contents not committed)
  load op 9f at 1757: addr 0x908e5f800 idx 0 fmt 1 regoff 0x0 n 9 (table contents not committed)
  load op 64 at 1762: addr 0x504a00548 idx 0 fmt 1 regoff 0x0 n 5 (table contents not committed)
  load op 63 at 1858: addr 0x5049ff518 idx 0 fmt 1 regoff 0x0 n 10 (table contents not committed)
  load op 63 at 2049: addr 0x5049ff568 idx 0 fmt 1 regoff 0x0 n 28 (table contents not committed)
  load op 64 at 2123: addr 0x504a00570 idx 0 fmt 1 regoff 0x0 n 5 (table contents not committed)
  load op 9f at 2130: addr 0x504a021b8 idx 0 fmt 1 regoff 0x0 n 96 (table contents not committed)
  load op 9f at 2135: addr 0x5049fe390 idx 0 fmt 1 regoff 0x0 n 194 (table contents not committed)
submit #116 dcb 2647 dwords at 0x504302500: pass 236 rewrite 123 drop 120 unmapped 0 cc 4 mappings 486 ... OK rc 0 10.53 ms
timing: #116 done at t 7.194 s, 372.5 ms after the sync and hints
state stack #116: push 2 pop 2 conditional 1 unmatched 0; restored 1842 regs (+1874 dwords); tables 13, unreadable 0
timing: t 7.196 s acb 2 dwords: sync 9.5 ms, hints 0.0 ms
submit #117 acb 2 dwords at 0xfe003a200: pass 1 rewrite 0 drop 0 unmapped 0 cc 0 mappings 486 ... OK rc 0 10.39 ms
timing: #117 done at t 7.221 s, 15.7 ms after the sync and hints
timing: t 7.222 s acb 55 dwords: sync 9.2 ms, hints 0.0 ms
submit #118 acb 55 dwords at 0xfe00427a0: pass 7 rewrite 0 drop 1 unmapped 0 cc 0 mappings 486 ... OK rc 0 10.12 ms
timing: #118 done at t 7.246 s, 15.0 ms after the sync and hints
timing: t 7.247 s dcb 851 dwords: sync 9.9 ms, hints 0.1 ms
  load op 9f at 38: addr 0xfe0040068 idx 0 fmt 1 regoff 0x0 n 921 (table contents not committed)
  load op 63 at 43: addr 0xfe0042068 idx 0 fmt 1 regoff 0x0 n 174 (table contents not committed)
  load op 64 at 48: addr 0xfe00425d8 idx 0 fmt 1 regoff 0x0 n 57 (table contents not committed)
  load op 9f at 90: addr 0x506201500 idx 0 fmt 1 regoff 0x0 n 5 (table contents not committed)
  load op 64 at 95: addr 0x506200500 idx 0 fmt 1 regoff 0x0 n 2 (table contents not committed)
  load op 63 at 100: addr 0x5061ff500 idx 0 fmt 1 regoff 0x0 n 3 (table contents not committed)
submit #119 dcb 851 dwords at 0x505e02500: pass 47 rewrite 55 drop 45 unmapped 0 cc 0 mappings 486 ... OK rc 0 10.39 ms
timing: #119 done at t 7.344 s, 86.2 ms after the sync and hints
timing: t 7.344 s acb 2 dwords: sync 9.3 ms, hints 0.0 ms
submit #120 acb 2 dwords at 0xfe003a200: pass 1 rewrite 0 drop 0 unmapped 0 cc 0 mappings 486 ... OK rc 0 10.26 ms
timing: #120 done at t 7.369 s, 15.4 ms after the sync and hints
timing: t 7.370 s acb 55 dwords: sync 9.2 ms, hints 0.0 ms
submit #121 acb 55 dwords at 0xfe00427a0: pass 7 rewrite 0 drop 1 unmapped 0 cc 0 mappings 486 ... OK rc 0 10.18 ms
timing: #121 done at t 7.394 s, 14.7 ms after the sync and hints
timing: t 7.395 s dcb 798 dwords: sync 9.3 ms, hints 0.2 ms
  load op 9f at 35: addr 0xfe0040068 idx 0 fmt 1 regoff 0x0 n 921 (table contents not committed)
  load op 63 at 40: addr 0xfe0042068 idx 0 fmt 1 regoff 0x0 n 174 (table contents not committed)
  load op 64 at 45: addr 0xfe00425d8 idx 0 fmt 1 regoff 0x0 n 57 (table contents not committed)
  load op 9f at 87: addr 0x507401500 idx 0 fmt 1 regoff 0x0 n 136 (table contents not committed)
  load op 64 at 92: addr 0x507400500 idx 0 fmt 1 regoff 0x0 n 3 (table contents not committed)
  load op 63 at 97: addr 0x5073ff500 idx 0 fmt 1 regoff 0x0 n 3 (table contents not committed)
  load op 9f at 212: addr 0xfe0040068 idx 0 fmt 1 regoff 0x0 n 921 (table contents not committed)
  load op 9f at 219: addr 0x507401940 idx 0 fmt 1 regoff 0x0 n 70 (table contents not committed)
  load op 63 at 224: addr 0x908e5ff90 idx 0 fmt 1 regoff 0x0 n 6 (table contents not committed)
  load op 9f at 229: addr 0x908e5ffc0 idx 0 fmt 1 regoff 0x0 n 10 (table contents not committed)
  load op 63 at 234: addr 0x908e5f7d0 idx 0 fmt 1 regoff 0x0 n 6 (table contents not committed)
  load op 9f at 239: addr 0x908e5f800 idx 0 fmt 1 regoff 0x0 n 9 (table contents not committed)
  load op 64 at 244: addr 0x507400518 idx 0 fmt 1 regoff 0x0 n 5 (table contents not committed)
  load op 9f at 340: addr 0x507401b70 idx 0 fmt 1 regoff 0x0 n 131 (table contents not committed)
  load op 64 at 347: addr 0x507400540 idx 0 fmt 1 regoff 0x0 n 1 (table contents not committed)
  load op 9f at 379: addr 0xfe0040068 idx 0 fmt 1 regoff 0x0 n 921 (table contents not committed)
  load op 9f at 386: addr 0x507401f88 idx 0 fmt 1 regoff 0x0 n 70 (table contents not committed)
  load op 63 at 391: addr 0x908e5ff90 idx 0 fmt 1 regoff 0x0 n 6 (table contents not committed)
  load op 9f at 396: addr 0x908e5ffc0 idx 0 fmt 1 regoff 0x0 n 10 (table contents not committed)
  load op 63 at 401: addr 0x908e5f7d0 idx 0 fmt 1 regoff 0x0 n 6 (table contents not committed)
  load op 9f at 406: addr 0x908e5f800 idx 0 fmt 1 regoff 0x0 n 9 (table contents not committed)
  load op 64 at 411: addr 0x507400548 idx 0 fmt 1 regoff 0x0 n 5 (table contents not committed)
  load op 9f at 548: addr 0x5074021b8 idx 0 fmt 1 regoff 0x0 n 98 (table contents not committed)
  load op 64 at 555: addr 0x507400570 idx 0 fmt 1 regoff 0x0 n 1 (table contents not committed)
  load op 9f at 560: addr 0x5073fe500 idx 0 fmt 1 regoff 0x0 n 33 (table contents not committed)
  load op 9f at 592: addr 0xfe0040068 idx 0 fmt 1 regoff 0x0 n 921 (table contents not committed)
  load op 9f at 599: addr 0x5073fe608 idx 0 fmt 1 regoff 0x0 n 70 (table contents not committed)
  load op 63 at 604: addr 0x908e5ff90 idx 0 fmt 1 regoff 0x0 n 6 (table contents not committed)
  load op 9f at 609: addr 0x908e5ffc0 idx 0 fmt 1 regoff 0x0 n 10 (table contents not committed)
  load op 63 at 614: addr 0x908e5f7d0 idx 0 fmt 1 regoff 0x0 n 6 (table contents not committed)
  load op 9f at 619: addr 0x908e5f800 idx 0 fmt 1 regoff 0x0 n 9 (table contents not committed)
  load op 64 at 624: addr 0x507400578 idx 0 fmt 1 regoff 0x0 n 5 (table contents not committed)
submit #122 dcb 798 dwords at 0x506e02500: pass 103 rewrite 35 drop 22 unmapped 0 cc 6 mappings 486 ... OK rc 0 10.53 ms
timing: #122 done at t 7.837 s, 432.7 ms after the sync and hints
state stack #122: push 3 pop 3 conditional 1 unmatched 0; restored 2763 regs (+2811 dwords); tables 17, unreadable 0
timing: t 7.839 s acb 2 dwords: sync 9.4 ms, hints 0.0 ms
submit #123 acb 2 dwords at 0xfe003a200: pass 1 rewrite 0 drop 0 unmapped 0 cc 0 mappings 486 ... OK rc 0 10.44 ms
timing: #123 done at t 7.864 s, 15.9 ms after the sync and hints
timing: t 7.865 s acb 55 dwords: sync 9.3 ms, hints 0.0 ms
submit #124 acb 55 dwords at 0xfe00427a0: pass 7 rewrite 0 drop 1 unmapped 0 cc 0 mappings 486 ... OK rc 0 10.23 ms
timing: #124 done at t 7.889 s, 14.7 ms after the sync and hints
timing: t 7.890 s dcb 1248 dwords: sync 9.7 ms, hints 0.1 ms
  load op 9f at 36: addr 0xfe0040068 idx 0 fmt 1 regoff 0x0 n 921 (table contents not committed)
  load op 63 at 41: addr 0xfe0042068 idx 0 fmt 1 regoff 0x0 n 174 (table contents not committed)
  load op 64 at 46: addr 0xfe00425d8 idx 0 fmt 1 regoff 0x0 n 57 (table contents not committed)
  load op 9f at 88: addr 0x505601500 idx 0 fmt 1 regoff 0x0 n 5 (table contents not committed)
  load op 64 at 93: addr 0x505600500 idx 0 fmt 1 regoff 0x0 n 2 (table contents not committed)
  load op 63 at 98: addr 0x5055ff500 idx 0 fmt 1 regoff 0x0 n 3 (table contents not committed)
  load op 9f at 756: addr 0xfe0040068 idx 0 fmt 1 regoff 0x0 n 921 (table contents not committed)
  load op 9f at 763: addr 0x505601528 idx 0 fmt 1 regoff 0x0 n 74 (table contents not committed)
  load op 63 at 768: addr 0x908e5ff90 idx 0 fmt 1 regoff 0x0 n 6 (table contents not committed)
  load op 9f at 773: addr 0x908e5ffc0 idx 0 fmt 1 regoff 0x0 n 10 (table contents not committed)
  load op 64 at 778: addr 0x505600510 idx 0 fmt 1 regoff 0x0 n 5 (table contents not committed)
  load op 9f at 901: addr 0xfe0040068 idx 0 fmt 1 regoff 0x0 n 921 (table contents not committed)
  load op 9f at 908: addr 0x505601778 idx 0 fmt 1 regoff 0x0 n 74 (table contents not committed)
  load op 63 at 913: addr 0x908e5ff90 idx 0 fmt 1 regoff 0x0 n 6 (table contents not committed)
  load op 9f at 918: addr 0x908e5ffc0 idx 0 fmt 1 regoff 0x0 n 10 (table contents not committed)
  load op 64 at 923: addr 0x505600538 idx 0 fmt 1 regoff 0x0 n 5 (table contents not committed)
  load op 9f at 1046: addr 0xfe0040068 idx 0 fmt 1 regoff 0x0 n 921 (table contents not committed)
  load op 9f at 1053: addr 0x5056019c8 idx 0 fmt 1 regoff 0x0 n 74 (table contents not committed)
  load op 63 at 1058: addr 0x908e5ff90 idx 0 fmt 1 regoff 0x0 n 6 (table contents not committed)
  load op 9f at 1063: addr 0x908e5ffc0 idx 0 fmt 1 regoff 0x0 n 10 (table contents not committed)
  load op 64 at 1068: addr 0x505600560 idx 0 fmt 1 regoff 0x0 n 5 (table contents not committed)
submit #125 dcb 1248 dwords at 0x505202500: pass 151 rewrite 46 drop 45 unmapped 0 cc 6 mappings 486 ... OK rc 0 10.46 ms
timing: #125 done at t 8.185 s, 285.6 ms after the sync and hints
state stack #125: push 3 pop 3 conditional 1 unmatched 0; restored 2763 regs (+2811 dwords); tables 11, unreadable 0
flip 1/1 buffer 0x5093f0000 +0x1fe0000: sum 0x0 nonzero 0/8160 pattern 0
  target CB0 0x507410000: distinct 53 min 0xc0000000 max 0xc340d034, map 0x509410000 +0x1cb0000 ...   target CB0 0x507410000: nonzero 1024/1024
  target CB0 0x563800000: distinct 1 min 0x00000000 max 0x00000000,   target CB0 0x563800000: nonzero 0/1024
  target CB0 0x55c00d000: distinct 4 min 0x00000000 max 0xffffffff,   target CB0 0x55c00d000: nonzero 147/1024
  target CB0 0x5637f0000: distinct 1 min 0x00000000 max 0x00000000,   target CB0 0x5637f0000: nonzero 0/1024
  target CB0 0x516830000: distinct 1 min 0x38003800 max 0x38003800,   target CB0 0x516830000: nonzero 1024/1024
ok
  target CB0 0x56c05e000: distinct 2 min 0x00000000 max 0xffffffff,   target CB0 0x56c05e000: nonzero 2/1024
  target DB_HTILE 0x514050000: distinct 2 min 0x00000000 max 0xfffffff0, swapped pages taken as resident so far: 0
  target DB_HTILE 0x514050000: nonzero 48/1024
vmas 96 total 13062.5 MiB resident 2099.6 MiB mapped 2099.6 MiB
  target DB_Z_READ 0x513560000: distinct 1 min 0x3f800000 max 0x3f800000, timing: t 8.187 s acb 2 dwords: sync 27.4 ms, hints 0.0 ms
  target DB_Z_READ 0x513560000: nonzero 1024/1024
  target DB_STENCIL_READ 0x513dd0000: distinct 3 min 0x00000000 max 0xfffffff0,   target DB_STENCIL_READ 0x513dd0000: nonzero 558/1024
submit #126 acb 2 dwords at 0xfe003a200: pass 1 rewrite 0 drop 0 unmapped 0 cc 0 mappings 487 ...   target CB0 0x510d10000: distinct 1 min 0x00000000 max 0x00000000,   target CB0 0x510d10000: nonzero 0/1024
  target CB0 0x556759000: distinct 3 min 0x00000000 max 0xffffffff,   target CB0 0x556759000: nonzero 8/1024
  target CB0 0x56d898000: distinct 4 min 0x00000000 max 0x3ec00000,   target CB0 0x56d898000: nonzero 22/1024
  target CB0 0x512570000: distinct 1 min 0x00000000 max 0x00000000,   target CB0 0x512570000: nonzero 0/1024
  target CB0 0x56c058000: distinct 3 min 0x00000000 max 0xffffffff,   target CB0 0x56c058000: nonzero 8/1024
  target DB_HTILE 0x55c050000: distinct 3 min 0x00000000 max 0xffffffff,   target DB_HTILE 0x55c050000: nonzero 144/1024
  target DB_Z_READ 0x527430000: distinct 1 min 0xffffffff max 0xffffffff, OK rc 0 10.43 ms
  target DB_Z_READ 0x527430000: nonzero 1024/1024
timing: #126 done at t 8.232 s, 17.4 ms after the sync and hints
timing: t 8.232 s flip 1/1, VideoOutSubmitFlip took 0.0 ms
map 0x50b0c0000 +0x310000 ... ok
swapped pages taken as resident so far: 0
vmas 96 total 13062.5 MiB resident 2102.7 MiB mapped 2102.7 MiB
timing: t 8.233 s acb 55 dwords: sync 15.7 ms, hints 0.0 ms
submit #127 acb 55 dwords at 0xfe00427a0: pass 7 rewrite 0 drop 1 unmapped 0 cc 0 mappings 488 ... OK rc 0 10.58 ms
timing: #127 done at t 8.265 s, 15.9 ms after the sync and hints
timing: t 8.266 s acb 2 dwords: sync 9.5 ms, hints 0.0 ms
submit #128 acb 2 dwords at 0xfe003a200: pass 1 rewrite 0 drop 0 unmapped 0 cc 0 mappings 488 ... OK rc 0 10.65 ms
timing: #128 done at t 8.290 s, 15.1 ms after the sync and hints
timing: t 8.291 s acb 55 dwords: sync 9.3 ms, hints 0.0 ms
submit #129 acb 55 dwords at 0xfe00427a0: pass 7 rewrite 0 drop 1 unmapped 0 cc 0 mappings 488 ... OK rc 0 10.34 ms
timing: #129 done at t 8.316 s, 15.3 ms after the sync and hints
timing: t 8.317 s acb 2 dwords: sync 9.3 ms, hints 0.0 ms
submit #130 acb 2 dwords at 0xfe003a200: pass 1 rewrite 0 drop 0 unmapped 0 cc 0 mappings 488 ... OK rc 0 10.41 ms
timing: #130 done at t 8.341 s, 14.9 ms after the sync and hints
timing: t 8.342 s acb 55 dwords: sync 9.4 ms, hints 0.0 ms
submit #131 acb 55 dwords at 0xfe00427a0: pass 7 rewrite 0 drop 1 unmapped 0 cc 0 mappings 488 ... OK rc 0 10.42 ms
timing: #131 done at t 8.366 s, 15.0 ms after the sync and hints
timing: t 8.367 s acb 2 dwords: sync 9.4 ms, hints 0.0 ms
submit #132 acb 2 dwords at 0xfe003a200: pass 1 rewrite 0 drop 0 unmapped 0 cc 0 mappings 488 ... OK rc 0 10.42 ms
timing: #132 done at t 8.392 s, 14.8 ms after the sync and hints
timing: t 8.392 s acb 55 dwords: sync 9.2 ms, hints 0.0 ms
submit #133 acb 55 dwords at 0xfe00427a0: pass 7 rewrite 0 drop 1 unmapped 0 cc 0 mappings 488 ... OK rc 0 10.32 ms
timing: #133 done at t 8.417 s, 14.9 ms after the sync and hints
timing: t 8.417 s acb 2 dwords: sync 9.4 ms, hints 0.0 ms
submit #134 acb 2 dwords at 0xfe003a200: pass 1 rewrite 0 drop 0 unmapped 0 cc 0 mappings 488 ... OK rc 0 10.49 ms
timing: #134 done at t 8.442 s, 14.9 ms after the sync and hints
timing: t 8.443 s acb 55 dwords: sync 9.5 ms, hints 0.0 ms
submit #135 acb 55 dwords at 0xfe00427a0: pass 7 rewrite 0 drop 1 unmapped 0 cc 0 mappings 488 ... OK rc 0 10.47 ms
timing: #135 done at t 8.467 s, 15.1 ms after the sync and hints
timing: t 8.468 s acb 2 dwords: sync 9.2 ms, hints 0.0 ms
submit #136 acb 2 dwords at 0xfe003a200: pass 1 rewrite 0 drop 0 unmapped 0 cc 0 mappings 488 ... OK rc 0 10.47 ms
timing: #136 done at t 8.492 s, 15.0 ms after the sync and hints
timing: t 8.493 s acb 55 dwords: sync 9.5 ms, hints 0.0 ms
submit #137 acb 55 dwords at 0xfe00427a0: pass 7 rewrite 0 drop 1 unmapped 0 cc 0 mappings 488 ... OK rc 0 10.41 ms
timing: #137 done at t 8.518 s, 15.0 ms after the sync and hints
acb head: 1287 of 1336 dwords go ahead of the wait at 1287 on 0x400203b80
timing: t 8.520 s acb 1287 dwords: sync 9.3 ms, hints 0.0 ms
submit #138 acb 1287 dwords at 0x400345640: pass 118 rewrite 35 drop 63 unmapped 0 cc 0 mappings 488 ... OK rc 0 10.89 ms
cpu-wait WAIT_REG_MEM64 at 115 on 0x400203940: satisfied after 278.5 ms
timing: #138 done at t 8.545 s, 16.2 ms after the sync and hints
timing: t 8.546 s after that wait (dcb 9891 dwords)
timing: t 8.547 s acb 2 dwords: sync 9.3 ms, hints 0.0 ms
submit #139 acb 2 dwords at 0xfe003a200: pass 1 rewrite 0 drop 0 unmapped 0 cc 0 mappings 488 ... OK rc 0 10.37 ms
timing: #139 done at t 8.571 s, 15.0 ms after the sync and hints
cpu-wait WAIT_REG_MEM64 at 87 on 0x400203980: satisfied after 0.0 ms
timing: t 8.573 s after that wait (acb 463 dwords)
timing: t 8.574 s acb 463 dwords: sync 9.4 ms, hints 0.0 ms
submit #140 acb 463 dwords at 0x400526840: pass 43 rewrite 11 drop 27 unmapped 0 cc 0 mappings 488 ... OK rc 0 10.76 ms
cpu-wait WAIT_REG_MEM64 at 1629 on 0x4002039c0: satisfied after 49.9 ms
timing: #140 done at t 8.598 s, 15.5 ms after the sync and hints
timing: t 8.599 s after that wait (dcb 9891 dwords)
cpu-wait WAIT_REG_MEM64 at 9340 on 0x559cd49a53d8: satisfied after 0.0 ms
timing: t 8.601 s after that wait (dcb 9891 dwords)
hint CB0 0x5093f0000: window 0x5073f0000+0x4000000, mapped +0.1 MiB
timing: t 8.602 s dcb 9891 dwords: sync 9.3 ms, hints 1.4 ms
  indirect op 16 at 1246: base 0x5074063c0 +0x0 -> 1 1 1 0 0
  indirect op 16 at 1278: base 0x5074063e0 +0x0 -> 1 1 1 0 0
  indirect op 16 at 1310: base 0x50740a520 +0x0 -> 1 1 1 0 0
  indirect op 16 at 1342: base 0x50740a540 +0x0 -> 1 1 1 0 0
  indirect op 25 at 4584: base 0x56ddaffa0 +0x0 -> 1 512 0 0 0
  load op 9f at 28: addr 0xfe0040068 idx 0 fmt 1 regoff 0x0 n 921 (table contents not committed)
  load op 63 at 33: addr 0xfe0042068 idx 0 fmt 1 regoff 0x0 n 174 (table contents not committed)
  load op 64 at 38: addr 0xfe00425d8 idx 0 fmt 1 regoff 0x0 n 57 (table contents not committed)
  load op 9f at 80: addr 0x503501500 idx 0 fmt 1 regoff 0x0 n 295 (table contents not committed)
  load op 64 at 85: addr 0x503500500 idx 0 fmt 1 regoff 0x0 n 7 (table contents not committed)
  load op 63 at 90: addr 0x5034ff500 idx 0 fmt 1 regoff 0x0 n 13 (table contents not committed)
  load op 63 at 342: addr 0x5034ff568 idx 0 fmt 1 regoff 0x0 n 10 (table contents not committed)
  load op 63 at 734: addr 0x5034ff5b8 idx 0 fmt 1 regoff 0x0 n 18 (table contents not committed)
  load op 63 at 1217: addr 0x5034ff648 idx 0 fmt 1 regoff 0x0 n 10 (table contents not committed)
  load op 63 at 1249: addr 0x5034ff698 idx 0 fmt 1 regoff 0x0 n 10 (table contents not committed)
  load op 63 at 1281: addr 0x5034ff6e8 idx 0 fmt 1 regoff 0x0 n 10 (table contents not committed)
  load op 63 at 1313: addr 0x5034ff738 idx 0 fmt 1 regoff 0x0 n 10 (table contents not committed)
  load op 9f at 1724: addr 0xfe0040068 idx 0 fmt 1 regoff 0x0 n 921 (table contents not committed)
  load op 9f at 1731: addr 0x503501e38 idx 0 fmt 1 regoff 0x0 n 74 (table contents not committed)
  load op 63 at 1736: addr 0x908e5ff90 idx 0 fmt 1 regoff 0x0 n 6 (table contents not committed)
  load op 9f at 1741: addr 0x908e5ffc0 idx 0 fmt 1 regoff 0x0 n 10 (table contents not committed)
  load op 64 at 1746: addr 0x503500538 idx 0 fmt 1 regoff 0x0 n 5 (table contents not committed)
  load op 9f at 1799: addr 0x503502088 idx 0 fmt 1 regoff 0x0 n 132 (table contents not committed)
  load op 63 at 1804: addr 0x5034ff788 idx 0 fmt 1 regoff 0x0 n 30 (table contents not committed)
  load op 64 at 1884: addr 0x503500560 idx 0 fmt 1 regoff 0x0 n 5 (table contents not committed)
  load op 9f at 1891: addr 0x5034fd440 idx 0 fmt 1 regoff 0x0 n 175 (table contents not committed)
  load op 63 at 2106: addr 0x5034ff878 idx 0 fmt 1 regoff 0x0 n 20 (table contents not committed)
  load op 9f at 3069: addr 0xfe0040068 idx 0 fmt 1 regoff 0x0 n 921 (table contents not committed)
  load op 9f at 3076: addr 0x5034fd9b8 idx 0 fmt 1 regoff 0x0 n 70 (table contents not committed)
  load op 63 at 3081: addr 0x908e5ff90 idx 0 fmt 1 regoff 0x0 n 6 (table contents not committed)
  load op 9f at 3086: addr 0x908e5ffc0 idx 0 fmt 1 regoff 0x0 n 10 (table contents not committed)
  load op 63 at 3091: addr 0x908e5f7d0 idx 0 fmt 1 regoff 0x0 n 6 (table contents not committed)
  load op 9f at 3096: addr 0x908e5f800 idx 0 fmt 1 regoff 0x0 n 9 (table contents not committed)
  load op 64 at 3101: addr 0x503500588 idx 0 fmt 1 regoff 0x0 n 5 (table contents not committed)
  load op 9f at 3140: addr 0x5034fdbe8 idx 0 fmt 1 regoff 0x0 n 19 (table contents not committed)
  load op 63 at 3145: addr 0x5034ff918 idx 0 fmt 1 regoff 0x0 n 12 (table contents not committed)
  load op 9f at 3268: addr 0xfe0040068 idx 0 fmt 1 regoff 0x0 n 921 (table contents not committed)
  load op 9f at 3275: addr 0x5034fdc80 idx 0 fmt 1 regoff 0x0 n 74 (table contents not committed)
  load op 63 at 3280: addr 0x908e5ff90 idx 0 fmt 1 regoff 0x0 n 6 (table contents not committed)
  load op 9f at 3285: addr 0x908e5ffc0 idx 0 fmt 1 regoff 0x0 n 10 (table contents not committed)
  load op 64 at 3290: addr 0x5035005b0 idx 0 fmt 1 regoff 0x0 n 5 (table contents not committed)
  load op 9f at 3329: addr 0x5034fded0 idx 0 fmt 1 regoff 0x0 n 166 (table contents not committed)
  load op 63 at 3334: addr 0x5034ff978 idx 0 fmt 1 regoff 0x0 n 30 (table contents not committed)
  load op 64 at 3430: addr 0x5035005d8 idx 0 fmt 1 regoff 0x0 n 5 (table contents not committed)
  load op 9f at 3437: addr 0x5034fc320 idx 0 fmt 1 regoff 0x0 n 135 (table contents not committed)
  load op 63 at 3675: addr 0x5034ffa68 idx 0 fmt 1 regoff 0x0 n 36 (table contents not committed)
  load op 64 at 4540: addr 0x503500600 idx 0 fmt 1 regoff 0x0 n 6 (table contents not committed)
  load op 9f at 4545: addr 0x5034fc758 idx 0 fmt 1 regoff 0x0 n 376 (table contents not committed)
  load op 9f at 4552: addr 0x5034fb118 idx 0 fmt 1 regoff 0x0 n 205 (table contents not committed)
  load op 9f at 4853: addr 0xfe0040068 idx 0 fmt 1 regoff 0x0 n 921 (table contents not committed)
  load op 9f at 4860: addr 0x5034fb780 idx 0 fmt 1 regoff 0x0 n 74 (table contents not committed)
  load op 63 at 4865: addr 0x908e5ff90 idx 0 fmt 1 regoff 0x0 n 6 (table contents not committed)
  load op 9f at 4870: addr 0x908e5ffc0 idx 0 fmt 1 regoff 0x0 n 10 (table contents not committed)
  load op 64 at 4875: addr 0x503500630 idx 0 fmt 1 regoff 0x0 n 5 (table contents not committed)
  load op 63 at 4914: addr 0x5034ffb88 idx 0 fmt 1 regoff 0x0 n 21 (table contents not committed)
  load op 9f at 4925: addr 0x5034fb9d0 idx 0 fmt 1 regoff 0x0 n 223 (table contents not committed)
  load op 63 at 5714: addr 0x5034ffc30 idx 0 fmt 1 regoff 0x0 n 10 (table contents not committed)
  load op 63 at 5831: addr 0x5034ffc80 idx 0 fmt 1 regoff 0x0 n 28 (table contents not committed)
  load op 64 at 5910: addr 0x503500658 idx 0 fmt 1 regoff 0x0 n 5 (table contents not committed)
  load op 9f at 5917: addr 0x5034f9e30 idx 0 fmt 1 regoff 0x0 n 67 (table contents not committed)
  load op 9f at 6045: addr 0x5034fa048 idx 0 fmt 1 regoff 0x0 n 121 (table contents not committed)
  load op 63 at 6050: addr 0x5034ffd60 idx 0 fmt 1 regoff 0x0 n 18 (table contents not committed)
  load op 64 at 6055: addr 0x503500680 idx 0 fmt 1 regoff 0x0 n 3 (table contents not committed)
  load op 9f at 6204: addr 0x5034fa410 idx 0 fmt 1 regoff 0x0 n 121 (table contents not committed)
  load op 63 at 6209: addr 0x5034ffdf0 idx 0 fmt 1 regoff 0x0 n 18 (table contents not committed)
  load op 64 at 6214: addr 0x503500698 idx 0 fmt 1 regoff 0x0 n 3 (table contents not committed)
  load op 63 at 6578: addr 0x5034ffe80 idx 0 fmt 1 regoff 0x0 n 10 (table contents not committed)
  load op 9f at 7058: addr 0x5034fa7d8 idx 0 fmt 1 regoff 0x0 n 195 (table contents not committed)
  load op 9f at 7063: addr 0x5034f8d80 idx 0 fmt 1 regoff 0x0 n 85 (table contents not committed)
  load op 63 at 7068: addr 0x5034ffed0 idx 0 fmt 1 regoff 0x0 n 18 (table contents not committed)
  load op 64 at 7073: addr 0x5035006b0 idx 0 fmt 1 regoff 0x0 n 3 (table contents not committed)
  load op 9f at 7186: addr 0x5034f9028 idx 0 fmt 1 regoff 0x0 n 129 (table contents not committed)
  load op 63 at 7191: addr 0x5034fff60 idx 0 fmt 1 regoff 0x0 n 18 (table contents not committed)
  load op 64 at 7196: addr 0x5035006c8 idx 0 fmt 1 regoff 0x0 n 3 (table contents not committed)
  load op 9f at 7309: addr 0x5034f9430 idx 0 fmt 1 regoff 0x0 n 129 (table contents not committed)
  load op 63 at 7314: addr 0x5034ffff0 idx 0 fmt 1 regoff 0x0 n 18 (table contents not committed)
  load op 64 at 7319: addr 0x5035006e0 idx 0 fmt 1 regoff 0x0 n 3 (table contents not committed)
  load op 9f at 7432: addr 0x5034f9838 idx 0 fmt 1 regoff 0x0 n 58 (table contents not committed)
  load op 9f at 7537: addr 0x5034f9a08 idx 0 fmt 1 regoff 0x0 n 66 (table contents not committed)
  load op 9f at 7642: addr 0x5034f9c18 idx 0 fmt 1 regoff 0x0 n 37 (table contents not committed)
  load op 9f at 7647: addr 0x5034f7300 idx 0 fmt 1 regoff 0x0 n 21 (table contents not committed)
  load op 9f at 7752: addr 0x5034f73a8 idx 0 fmt 1 regoff 0x0 n 66 (table contents not committed)
  load op 9f at 7857: addr 0x5034f75b8 idx 0 fmt 1 regoff 0x0 n 58 (table contents not committed)
  load op 9f at 7962: addr 0x5034f7788 idx 0 fmt 1 regoff 0x0 n 130 (table contents not committed)
  load op 63 at 7967: addr 0x503500080 idx 0 fmt 1 regoff 0x0 n 18 (table contents not committed)
  load op 64 at 7972: addr 0x5035006f8 idx 0 fmt 1 regoff 0x0 n 3 (table contents not committed)
  load op 9f at 8099: addr 0x5034f7b98 idx 0 fmt 1 regoff 0x0 n 135 (table contents not committed)
  load op 63 at 8104: addr 0x503500110 idx 0 fmt 1 regoff 0x0 n 18 (table contents not committed)
  load op 64 at 8109: addr 0x503500710 idx 0 fmt 1 regoff 0x0 n 3 (table contents not committed)
  load op 63 at 8687: addr 0x5035001a0 idx 0 fmt 1 regoff 0x0 n 10 (table contents not committed)
  load op 63 at 9273: addr 0x5035001f0 idx 0 fmt 1 regoff 0x0 n 28 (table contents not committed)
  load op 64 at 9381: addr 0x503500728 idx 0 fmt 1 regoff 0x0 n 5 (table contents not committed)
  load op 9f at 9386: addr 0x5034f7fd0 idx 0 fmt 1 regoff 0x0 n 97 (table contents not committed)
  load op 9f at 9393: addr 0x5034f5868 idx 0 fmt 1 regoff 0x0 n 183 (table contents not committed)
submit #141 dcb 9891 dwords at 0x502e02500: pass 669 rewrite 494 drop 434 unmapped 1 cc 8 mappings 489 ... OK rc 0 12.89 ms
timing: #141 done at t 9.897 s, 1284.2 ms after the sync and hints
state stack #141: push 4 pop 4 conditional 1 unmatched 0; restored 3684 regs (+3748 dwords); tables 40, unreadable 0
map 0x301690000 +0x10000 ... ok
map 0x324a50000 +0x50000 ... ok
map 0x324b90000 +0x150000 ... ok
map 0x324d10000 +0x10000 ... ok
map 0x5026f0000 +0x10000 ... ok
map 0x503bf0000 +0x10000 ... ok
map 0x504df0000 +0x10000 ... ok
map 0x50b430000 +0x10000 ... ok
swapped pages taken as resident so far: 0
vmas 96 total 13062.5 MiB resident 2104.5 MiB mapped 2104.8 MiB
timing: t 9.899 s acb 2 dwords: sync 29.6 ms, hints 0.0 ms
submit #142 acb 2 dwords at 0xfe003a200: pass 1 rewrite 0 drop 0 unmapped 0 cc 0 mappings 497 ... OK rc 0 10.95 ms
timing: #142 done at t 9.944 s, 16.0 ms after the sync and hints
map 0x200258000 +0x10000 ... ok
map 0x200268000 +0x10000 ... ok
map 0x200278000 +0x4000 ... ok
map 0x324d20000 +0x10000 ... ok
map 0x324d60000 +0x10000 ... ok
map 0x324da0000 +0x10000 ... ok
map 0x324de0000 +0x10000 ... ok
map 0x324e20000 +0x10000 ... ok
map 0x324e60000 +0x10000 ... ok
map 0x324ea0000 +0x20000 ... ok
map 0x324ec0000 +0x10000 ... ok
map 0x324ed0000 +0x10000 ... ok
map 0x324ee0000 +0x10000 ... ok
map 0x324ef0000 +0x10000 ... ok
map 0x324f00000 +0x10000 ... ok
map 0x324f10000 +0x10000 ... ok
map 0x324f20000 +0x10000 ... ok
map 0x324f30000 +0x10000 ... ok
map 0x324f40000 +0x10000 ... ok
map 0x324f50000 +0x10000 ... ok
map 0x324f60000 +0x10000 ... ok
map 0x324f70000 +0x10000 ... ok
map 0x324f80000 +0x10000 ... ok
map 0x324f90000 +0x10000 ... ok
map 0x324fa0000 +0x10000 ... ok
map 0x324fb0000 +0x10000 ... ok
map 0x324fc0000 +0x10000 ... ok
map 0x324fd0000 +0x10000 ... ok
map 0x324fe0000 +0xd70000 ... ok
map 0x325e10000 +0x10000 ... ok
map 0x325e20000 +0x10000 ... ok
map 0x325e40000 +0x130000 ... ok
map 0x325ff0000 +0x140000 ... ok
map 0x326130000 +0x40000 ... ok
map 0x326170000 +0x10000 ... ok
map 0x326180000 +0x3b0000 ... ok
map 0x326610000 +0x10000 ... ok
map 0x326700000 +0x10000 ... ok
map 0x3267e0000 +0xa0000 ... ok
map 0x326880000 +0x40000 ... ok
map 0x3268c0000 +0x10000 ... ok
map 0x3268d0000 +0x10000 ... ok
map 0x3268e0000 +0x10000 ... ok
map 0x3268f0000 +0x10000 ... ok
map 0x326900000 +0x10000 ... ok
map 0x326910000 +0x10000 ... ok
map 0x326920000 +0x10000 ... ok
map 0x326930000 +0x10000 ... ok
map 0x326940000 +0x10000 ... ok
map 0x326950000 +0x10000 ... ok
map 0x326960000 +0x10000 ... ok
map 0x326970000 +0x10000 ... ok
map 0x326980000 +0x10000 ... ok
map 0x326990000 +0x10000 ... ok
map 0x3269a0000 +0x10000 ... ok
map 0x3269b0000 +0x10000 ... ok
map 0x3269c0000 +0x10000 ... ok
map 0x3269d0000 +0x10000 ... ok
map 0x3269e0000 +0x10000 ... ok
map 0x3269f0000 +0x10000 ... ok
map 0x326a00000 +0x10000 ... ok
map 0x326a10000 +0x10000 ... ok
map 0x326a20000 +0x20000 ... ok
map 0x326a40000 +0x80000 ... ok
map 0x326ac0000 +0x40000 ... ok
map 0x326b00000 +0x30000 ... ok
map 0x326b30000 +0x20000 ... ok
map 0x326b50000 +0x10000 ... ok
map 0x326b60000 +0x10000 ... ok
map 0x326b70000 +0x90000 ... ok
map 0x326c00000 +0x20000 ... ok
map 0x326c20000 +0x40000 ... ok
map 0x326c60000 +0x40000 ... ok
map 0x326ca0000 +0x30000 ... ok
map 0x326cd0000 +0x50000 ... ok
map 0x326d20000 +0x20000 ... ok
map 0x326d40000 +0x20000 ... ok
map 0x326d60000 +0xb0000 ... ok
map 0x326e10000 +0x30000 ... ok
map 0x326e40000 +0x30000 ... ok
map 0x326e70000 +0x10000 ... ok
map 0x326e80000 +0x30000 ... ok
map 0x326eb0000 +0x50000 ... ok
map 0x326f00000 +0x30000 ... ok
map 0x326f30000 +0x80000 ... ok
map 0x326fb0000 +0x70000 ... ok
map 0x327020000 +0x30000 ... ok
map 0x327050000 +0x10000 ... ok
map 0x327060000 +0x30000 ... ok
map 0x327090000 +0x80000 ... ok
map 0x327110000 +0x80000 ... ok
map 0x327190000 +0x80000 ... ok
map 0x327300000 +0x140000 ... ok
map 0x327470000 +0x10000 ... ok
map 0x327480000 +0x10000 ... ok
map 0x327490000 +0x10000 ... ok
map 0x3274a0000 +0x10000 ... ok
map 0x3274b0000 +0x10000 ... ok
map 0x3274c0000 +0x10000 ... ok
map 0x3274d0000 +0x10000 ... ok
map 0x3274e0000 +0x10000 ... ok
map 0x3274f0000 +0x10000 ... ok
map 0x327500000 +0x10000 ... ok
map 0x327510000 +0x10000 ... ok
map 0x327520000 +0x10000 ... ok
map 0x327530000 +0x10000 ... ok
map 0x327540000 +0x10000 ... ok
map 0x327550000 +0x10000 ... ok
map 0x327560000 +0x10000 ... ok
map 0x327570000 +0x10000 ... ok
map 0x327580000 +0x10000 ... ok
map 0x327590000 +0x10000 ... ok
map 0x3275a0000 +0x10000 ... ok
map 0x3275b0000 +0xd70000 ... ok
map 0x3283e0000 +0x10000 ... ok
map 0x3283f0000 +0x10000 ... ok
map 0x328410000 +0x130000 ... ok
map 0x3285c0000 +0x150000 ... ok
map 0x328710000 +0x30000 ... ok
map 0x328740000 +0x10000 ... ok
map 0x328750000 +0x10000 ... ok
map 0x328760000 +0x3b0000 ... ok
map 0x328be0000 +0x10000 ... ok
map 0x328cd0000 +0x10000 ... ok
map 0x328dc0000 +0x90000 ... ok
map 0x328e50000 +0x10000 ... ok
map 0x328e60000 +0x10000 ... ok
map 0x328e70000 +0x30000 ... ok
map 0x328ea0000 +0x10000 ... ok
map 0x328eb0000 +0x10000 ... ok
map 0x328ec0000 +0x10000 ... ok
map 0x328ed0000 +0x10000 ... ok
map 0x328ee0000 +0x10000 ... ok
map 0x328ef0000 +0x10000 ... ok
map 0x328f00000 +0x10000 ... ok
map 0x328f10000 +0x10000 ... ok
map 0x328f20000 +0x10000 ... ok
map 0x328f30000 +0x10000 ... ok
map 0x328f40000 +0x10000 ... ok
map 0x328f50000 +0x10000 ... ok
map 0x328f60000 +0x10000 ... ok
map 0x328f70000 +0x10000 ... ok
map 0x328f80000 +0x10000 ... ok
map 0x328f90000 +0x10000 ... ok
map 0x328fa0000 +0x10000 ... ok
map 0x328fb0000 +0x10000 ... ok
map 0x328fc0000 +0x10000 ... ok
map 0x328fd0000 +0x10000 ... ok
map 0x328fe0000 +0x10000 ... ok
map 0x328ff0000 +0x20000 ... ok
map 0x329010000 +0x40000 ... ok
map 0x329050000 +0x20000 ... ok
map 0x329070000 +0x90000 ... ok
map 0x329100000 +0x10000 ... ok
map 0x329110000 +0x10000 ... ok
map 0x329120000 +0x20000 ... ok
map 0x329140000 +0x30000 ... ok
map 0x329170000 +0x30000 ... ok
map 0x3291a0000 +0x10000 ... ok
map 0x3291b0000 +0x80000 ... ok
map 0x329230000 +0x30000 ... ok
map 0x329260000 +0x40000 ... ok
map 0x3292a0000 +0x40000 ... ok
map 0x3292e0000 +0x20000 ... ok
map 0x329300000 +0x20000 ... ok
map 0x329320000 +0x30000 ... ok
map 0x329350000 +0x30000 ... ok
map 0x329380000 +0x80000 ... ok
map 0x329400000 +0x20000 ... ok
map 0x329420000 +0x20000 ... ok
map 0x329440000 +0x40000 ... ok
map 0x329480000 +0x30000 ... ok
map 0x3294b0000 +0x10000 ... ok
map 0x3294c0000 +0x30000 ... ok
map 0x3294f0000 +0x50000 ... ok
map 0x329540000 +0x20000 ... ok
map 0x329560000 +0x90000 ... ok
map 0x3295f0000 +0x20000 ... ok
map 0x329610000 +0x20000 ... ok
map 0x329630000 +0x30000 ... ok
map 0x329660000 +0x30000 ... ok
map 0x329690000 +0x10000 ... ok
map 0x3296a0000 +0x30000 ... ok
map 0x3296d0000 +0x50000 ... ok
map 0x329720000 +0x30000 ... ok
map 0x329750000 +0xa0000 ... ok
map 0x3298e0000 +0x130000 ... ok
map 0x329a40000 +0x10000 ... ok
map 0x329a50000 +0x10000 ... ok
map 0x329a60000 +0x10000 ... ok
map 0x329a70000 +0x10000 ... ok
map 0x329a80000 +0x10000 ... ok
map 0x329a90000 +0x10000 ... ok
map 0x329aa0000 +0x10000 ... ok
map 0x329ab0000 +0x10000 ... ok
map 0x329ac0000 +0x10000 ... ok
map 0x329ad0000 +0x10000 ... ok
map 0x329ae0000 +0x10000 ... ok
map 0x329af0000 +0x10000 ... ok
map 0x329b00000 +0x10000 ... ok
map 0x329b10000 +0x10000 ... ok
map 0x329b20000 +0x10000 ... ok
map 0x329b30000 +0x10000 ... ok
map 0x329b40000 +0x10000 ... ok
map 0x329b50000 +0x10000 ... ok
map 0x329b60000 +0x10000 ... ok
map 0x329b70000 +0x10000 ... ok
map 0x329b80000 +0x10000 ... ok
map 0x329b90000 +0xd70000 ... ok
map 0x32a9c0000 +0x10000 ... ok
map 0x32a9d0000 +0x10000 ... ok
map 0x32a9f0000 +0x130000 ... ok
map 0x32aba0000 +0x140000 ... ok
map 0x32ace0000 +0x40000 ... ok
map 0x32ad20000 +0x10000 ... ok
map 0x32ad30000 +0x10000 ... ok
map 0x32ad40000 +0x3a0000 ... ok
map 0x32b1c0000 +0x10000 ... ok
map 0x32b2b0000 +0x10000 ... ok
map 0x32b390000 +0x90000 ... ok
map 0x32b420000 +0x10000 ... ok
map 0x32b430000 +0x10000 ... ok
map 0x32b440000 +0x10000 ... ok
map 0x32b450000 +0x30000 ... ok
map 0x32b480000 +0x10000 ... ok
map 0x32b490000 +0x10000 ... ok
map 0x32b4a0000 +0x10000 ... ok
map 0x32b4b0000 +0x10000 ... ok
map 0x32b4c0000 +0x10000 ... ok
map 0x32b4d0000 +0x10000 ... ok
map 0x32b4e0000 +0x10000 ... ok
map 0x32b4f0000 +0x10000 ... ok
map 0x32b500000 +0x10000 ... ok
map 0x32b510000 +0x10000 ... ok
map 0x32b520000 +0x10000 ... ok
map 0x32b530000 +0x10000 ... ok
map 0x32b540000 +0x10000 ... ok
map 0x32b550000 +0x10000 ... ok
map 0x32b560000 +0x10000 ... ok
map 0x32b570000 +0x10000 ... ok
map 0x32b580000 +0x10000 ... ok
map 0x32b590000 +0x10000 ... ok
map 0x32b5a0000 +0x10000 ... ok
map 0x32b5b0000 +0x10000 ... ok
map 0x32b5c0000 +0x10000 ... ok
map 0x32b5d0000 +0x40000 ... ok
map 0x32b610000 +0x80000 ... ok
map 0x32b690000 +0x30000 ... ok
map 0x32b6c0000 +0x80000 ... ok
map 0x32b740000 +0x10000 ... ok
map 0x32b750000 +0x10000 ... ok
map 0x32b760000 +0x20000 ... ok
map 0x32b780000 +0x30000 ... ok
map 0x32b7b0000 +0xb0000 ... ok
map 0x32b860000 +0x20000 ... ok
map 0x32b880000 +0x20000 ... ok
map 0x32b8a0000 +0x80000 ... ok
map 0x32b920000 +0x30000 ... ok
map 0x32b950000 +0x10000 ... ok
map 0x32b960000 +0x60000 ... ok
map 0x32b9c0000 +0x80000 ... ok
map 0x32ba40000 +0x20000 ... ok
map 0x32ba60000 +0x10000 ... ok
map 0x32ba70000 +0x10000 ... ok
map 0x32ba80000 +0x40000 ... ok
map 0x32bac0000 +0x40000 ... ok
map 0x32bb00000 +0x30000 ... ok
map 0x32bb30000 +0x80000 ... ok
map 0x32bbb0000 +0x80000 ... ok
map 0x32bc30000 +0x10000 ... ok
map 0x32bc40000 +0x10000 ... ok
map 0x32bc50000 +0x20000 ... ok
map 0x32bc70000 +0x30000 ... ok
map 0x32bca0000 +0x30000 ... ok
map 0x32bcd0000 +0x40000 ... ok
map 0x32bd10000 +0xb0000 ... ok
map 0x32beb0000 +0x140000 ... ok
map 0x32c020000 +0x20000 ... ok
map 0x32c040000 +0x10000 ... ok
map 0x32c050000 +0x10000 ... ok
map 0x32c060000 +0x10000 ... ok
map 0x32c070000 +0x10000 ... ok
map 0x32c080000 +0x10000 ... ok
map 0x32c090000 +0x10000 ... ok
map 0x32c0a0000 +0x10000 ... ok
map 0x32c0b0000 +0x10000 ... ok
map 0x32c0c0000 +0x10000 ... ok
map 0x32c0d0000 +0x10000 ... ok
map 0x32c0e0000 +0x10000 ... ok
map 0x32c0f0000 +0x10000 ... ok
map 0x32c100000 +0x10000 ... ok
map 0x32c110000 +0x10000 ... ok
map 0x32c120000 +0x10000 ... ok
map 0x32c130000 +0x10000 ... ok
map 0x32c140000 +0x10000 ... ok
map 0x32c150000 +0x10000 ... ok
map 0x32c160000 +0xd70000 ... ok
map 0x32cfa0000 +0x10000 ... ok
map 0x32cfc0000 +0x140000 ... ok
map 0x32d180000 +0x170000 ... ok
map 0x32d2f0000 +0x10000 ... ok
map 0x32d300000 +0x10000 ... ok
map 0x32d310000 +0x3b0000 ... ok
map 0x32d7a0000 +0x10000 ... ok
map 0x32d890000 +0x10000 ... ok
map 0x32d970000 +0x90000 ... ok
map 0x32da00000 +0x10000 ... ok
map 0x32da10000 +0x10000 ... ok
map 0x32da20000 +0x20000 ... ok
map 0x32da40000 +0x20000 ... ok
map 0x32da60000 +0x10000 ... ok
map 0x32da70000 +0x10000 ... ok
map 0x32da80000 +0x10000 ... ok
map 0x32da90000 +0x10000 ... ok
map 0x32daa0000 +0x10000 ... ok
map 0x32dab0000 +0x10000 ... ok
map 0x32dac0000 +0x10000 ... ok
map 0x32dad0000 +0x10000 ... ok
map 0x32dae0000 +0x10000 ... ok
map 0x32daf0000 +0x10000 ... ok
map 0x32db00000 +0x10000 ... ok
map 0x32db10000 +0x10000 ... ok
map 0x32db20000 +0x10000 ... ok
map 0x32db30000 +0x10000 ... ok
map 0x32db40000 +0x10000 ... ok
map 0x32db50000 +0x10000 ... ok
map 0x32db60000 +0x10000 ... ok
map 0x32db70000 +0x10000 ... ok
map 0x32db80000 +0x10000 ... ok
map 0x32db90000 +0x10000 ... ok
map 0x32dba0000 +0x20000 ... ok
map 0x32dbc0000 +0x10000 ... ok
map 0x32dbd0000 +0x20000 ... ok
map 0x32dbf0000 +0x10000 ... ok
map 0x32dc00000 +0x10000 ... ok
map 0x500850000 +0x10000 ... ok
map 0x7e9b38000 +0x120000 ... ok
map 0x7e9c5c000 +0x120000 ... ok
map 0x7e9d80000 +0x120000 ... ok
map 0x7e9ea4000 +0x120000 ... ok
map 0x7e9fc8000 +0x120000 ... ok
map 0x7ea0ec000 +0x120000 ... ok
map 0x7ea210000 +0x120000 ... ok
map 0x7ea334000 +0x120000 ... ok
map 0x7ea458000 +0x120000 ... ok
map 0x7ea57c000 +0x120000 ... ok
map 0x1000440000 +0x6720000 ... ok
map 0x10568e0000 +0x22a0000 ... ok
map 0x10ec020000 +0x90000 ... ok
map 0x10ec0b0000 +0x990000 ... ok
swapped pages taken as resident so far: 0
vmas 106 total 13073.8 MiB resident 2381.9 MiB mapped 2387.0 MiB
timing: t 9.945 s acb 55 dwords: sync 636.4 ms, hints 0.0 ms
submit #143 acb 55 dwords at 0xfe00427a0: pass 7 rewrite 0 drop 1 unmapped 0 cc 0 mappings 847 ... OK rc 0 12.49 ms
timing: #143 done at t 10.599 s, 16.9 ms after the sync and hints
map 0x20027c000 +0x8000 ... ok
map 0x301ad0000 +0x10000 ... ok
map 0x32dc10000 +0x40000 ... ok
map 0x32dc50000 +0x70000 ... ok
map 0x32dcc0000 +0x10000 ... ok
map 0x32dcd0000 +0x30000 ... ok
map 0x32dd00000 +0x30000 ... ok
map 0x32dd30000 +0x40000 ... ok
map 0x32dd70000 +0x30000 ... ok
map 0x32dda0000 +0x10000 ... ok
map 0x32ddb0000 +0x90000 ... ok
map 0x32de40000 +0x20000 ... ok
map 0x32de60000 +0x40000 ... ok
map 0x32dea0000 +0x10000 ... ok
map 0x32deb0000 +0x20000 ... ok
map 0x32ded0000 +0x10000 ... ok
map 0x32dee0000 +0x70000 ... ok
map 0x32df50000 +0x30000 ... ok
map 0x32df80000 +0x90000 ... ok
map 0x32e010000 +0x40000 ... ok
map 0x32e050000 +0x30000 ... ok
map 0x32e080000 +0x10000 ... ok
map 0x32e090000 +0x20000 ... ok
map 0x32e0b0000 +0x10000 ... ok
map 0x32e0c0000 +0x80000 ... ok
map 0x32e140000 +0x20000 ... ok
map 0x32e160000 +0x50000 ... ok
map 0x32e1b0000 +0x40000 ... ok
map 0x32e1f0000 +0x70000 ... ok
map 0x32e260000 +0x30000 ... ok
map 0x32e290000 +0x10000 ... ok
map 0x32e2a0000 +0xd0000 ... ok
map 0x32e460000 +0x140000 ... ok
map 0x32e5d0000 +0x20000 ... ok
map 0x32e5f0000 +0x10000 ... ok
map 0x32e600000 +0x10000 ... ok
map 0x32e610000 +0x10000 ... ok
map 0x32e620000 +0x10000 ... ok
map 0x32e630000 +0x10000 ... ok
map 0x32e640000 +0x10000 ... ok
map 0x32e650000 +0x10000 ... ok
map 0x32e660000 +0x10000 ... ok
map 0x32e670000 +0x10000 ... ok
map 0x32e680000 +0x10000 ... ok
map 0x32e690000 +0x10000 ... ok
map 0x32e6a0000 +0x10000 ... ok
map 0x32e6b0000 +0x10000 ... ok
map 0x32e6c0000 +0x10000 ... ok
map 0x32e6d0000 +0x10000 ... ok
map 0x32e6e0000 +0x10000 ... ok
map 0x32e6f0000 +0x10000 ... ok
map 0x32e700000 +0x10000 ... ok
map 0x32e710000 +0xd70000 ... ok
map 0x32f550000 +0x10000 ... ok
map 0x32f570000 +0x140000 ... ok
map 0x32f730000 +0x130000 ... ok
map 0x32f860000 +0x40000 ... ok
map 0x32f8a0000 +0x10000 ... ok
map 0x32f8b0000 +0x10000 ... ok
map 0x32f8c0000 +0x3b0000 ... ok
map 0x32fd50000 +0x10000 ... ok
map 0x32fe40000 +0x10000 ... ok
map 0x32ff20000 +0xa0000 ... ok
map 0x32ffc0000 +0x40000 ... ok
map 0x330000000 +0x10000 ... ok
map 0x330010000 +0x10000 ... ok
map 0x330020000 +0x10000 ... ok
map 0x330030000 +0x10000 ... ok
map 0x330040000 +0x10000 ... ok
map 0x330050000 +0x10000 ... ok
map 0x330060000 +0x10000 ... ok
map 0x330070000 +0x10000 ... ok
map 0x330080000 +0x10000 ... ok
map 0x330090000 +0x10000 ... ok
map 0x3300a0000 +0x10000 ... ok
map 0x3300b0000 +0x10000 ... ok
map 0x3300c0000 +0x10000 ... ok
map 0x3300d0000 +0x10000 ... ok
map 0x3300e0000 +0x10000 ... ok
map 0x3300f0000 +0x10000 ... ok
map 0x330100000 +0x10000 ... ok
map 0x330110000 +0x10000 ... ok
map 0x330120000 +0x10000 ... ok
map 0x330130000 +0x10000 ... ok
map 0x330140000 +0x10000 ... ok
map 0x330150000 +0x10000 ... ok
map 0x330160000 +0x10000 ... ok
map 0x330170000 +0x60000 ... ok
map 0x3301d0000 +0x20000 ... ok
map 0x3301f0000 +0x80000 ... ok
map 0x330270000 +0x30000 ... ok
map 0x3302a0000 +0x10000 ... ok
map 0x3302b0000 +0x40000 ... ok
map 0x3302f0000 +0x20000 ... ok
map 0x330310000 +0x20000 ... ok
map 0x330330000 +0x20000 ... ok
map 0x330350000 +0x60000 ... ok
map 0x3303b0000 +0x30000 ... ok
map 0x3303e0000 +0x70000 ... ok
map 0x330450000 +0x30000 ... ok
map 0x330480000 +0x50000 ... ok
map 0x3304d0000 +0x30000 ... ok
map 0x330500000 +0x40000 ... ok
map 0x330540000 +0x40000 ... ok
map 0x330580000 +0x40000 ... ok
map 0x3305c0000 +0x60000 ... ok
map 0x330620000 +0x10000 ... ok
map 0x330630000 +0x20000 ... ok
map 0x330650000 +0x10000 ... ok
map 0x330660000 +0x80000 ... ok
map 0x3306e0000 +0x80000 ... ok
map 0x330760000 +0x30000 ... ok
map 0x330790000 +0x70000 ... ok
map 0x330800000 +0x20000 ... ok
map 0x330820000 +0x10000 ... ok
map 0x330830000 +0x10000 ... ok
map 0x330840000 +0x90000 ... ok
map 0x3308d0000 +0x10000 ... ok
map 0x3308e0000 +0x10000 ... ok
map 0x3308f0000 +0x22f0000 ... ok
map 0x332be0000 +0x10000 ... ok
map 0x332bf0000 +0x10000 ... ok
map 0x332c00000 +0x10000 ... ok
map 0x332c10000 +0x9a0000 ... ok
map 0x3335b0000 +0xe0000 ... ok
map 0x7e9a14000 +0x120000 ... ok
map 0x1006b60000 +0xe0000 ... ok
swapped pages taken as resident so far: 0
vmas 107 total 13075.0 MiB resident 2473.1 MiB mapped 2474.5 MiB
timing: t 10.599 s acb 2 dwords: sync 237.1 ms, hints 0.1 ms
submit #144 acb 2 dwords at 0xfe003a200: pass 1 rewrite 0 drop 0 unmapped 0 cc 0 mappings 974 ... OK rc 0 13.51 ms
timing: #144 done at t 10.855 s, 18.1 ms after the sync and hints
cpu-wait WAIT_REG_MEM64 at 0 on 0x400202f80: satisfied after 0.0 ms
timing: t 10.856 s after that wait (acb 49 dwords)
map 0x333690000 +0x10000 ... ok
map 0x1006c40000 +0x10000 ... ok
swapped pages taken as resident so far: 0
vmas 107 total 13075.0 MiB resident 2474.6 MiB mapped 2474.7 MiB
timing: t 10.856 s cc 3 dwords: sync 16.0 ms, hints 0.0 ms
submit #145 cc 3 dwords at 0x313b17cf4: pass 0 rewrite 1 drop 0 unmapped 0 cc 1 mappings 976 ... OK rc 0 12.97 ms
timing: #145 done at t 10.889 s, 17.5 ms after the sync and hints
map 0x1006c50000 +0x20000 ... ok
swapped pages taken as resident so far: 0
vmas 107 total 13075.0 MiB resident 2474.7 MiB mapped 2474.8 MiB
timing: t 10.890 s acb 49 dwords: sync 13.9 ms, hints 0.0 ms
submit #146 acb 49 dwords at 0x4002a69dc: pass 2 rewrite 3 drop 3 unmapped 0 cc 0 mappings 977 ... OK rc 0 13.25 ms
timing: #146 done at t 10.922 s, 17.7 ms after the sync and hints
map 0x3336a0000 +0x10000 ... ok
map 0x1006c70000 +0x20000 ... ok
swapped pages taken as resident so far: 0
vmas 107 total 13075.0 MiB resident 2474.9 MiB mapped 2475.0 MiB
timing: t 10.923 s acb 2 dwords: sync 15.8 ms, hints 0.0 ms
submit #147 acb 2 dwords at 0xfe003a200: pass 1 rewrite 0 drop 0 unmapped 0 cc 0 mappings 979 ... OK rc 0 13.04 ms
timing: #147 done at t 10.956 s, 17.4 ms after the sync and hints
cpu-wait WAIT_REG_MEM64 at 0 on 0x400203b80: satisfied after 0.0 ms
timing: t 10.958 s after that wait (acb 49 dwords)
map 0x1006c90000 +0x10000 ... ok
swapped pages taken as resident so far: 0
vmas 107 total 13075.0 MiB resident 2475.0 MiB mapped 2475.0 MiB
timing: t 10.957 s hib 150 dwords: sync 14.3 ms, hints 0.1 ms
  load op 61 at 10: base 0xfe0008000 pairs (0x0,215) (0xd8,272) (0x1f5,4) (0x1ff,158) (0x2a0,2) (0x2a3,1) (0x2a5,66) (0x2f5,203)
  load op 5f at 29: base 0xfe0010000 pairs (0x1,1) (0x6,38) (0x32,4) (0x80,4) (0x87,37) (0xb2,4) (0xc8,2) (0x100,4) (0x107,37) (0x132,4) (0x148,2) (0x204,3) (0x20c,2) (0x212,2) (0x215,6) (0x224,5) (0x22a,1) (0x240,16) (0x27d,1) (0x280,1) (0x207,3)
  load op 5e at 74: base 0xfe0011000 pairs (0x35,8) (0xa2,1) (0x242,1) (0x248,1) (0x24a,2) (0x25b,6) (0x262,1) (0x2bb,5) (0x2c4,16) (0x2e4,8) (0x380,2) (0x383,2) (0x41d,3) (0x24d,1)
  load op 61 at 105: base 0xfe0008000 pairs (0x0,0)
  load op 5f at 110: base 0xfe0010000 pairs (0x0,0)
  load op 5e at 115: base 0xfe0011000 pairs (0x0,0)
  load op 61 at 125: base 0xfe0008000 pairs (0x0,0)
  load op 5f at 130: base 0xfe0010000 pairs (0x0,0)
  load op 5e at 135: base 0xfe0011000 pairs (0x0,0)
submit #148 hib 150 dwords at 0xfe0000000: pass 12 rewrite 2 drop 2 unmapped 0 cc 2 mappings 980 ... OK rc 0 13.18 ms
timing: #148 done at t 11.045 s, 73.7 ms after the sync and hints
map 0x3336b0000 +0x10000 ... ok
map 0x1006ca0000 +0x50000 ... ok
swapped pages taken as resident so far: 0
vmas 107 total 13075.0 MiB resident 2475.3 MiB mapped 2475.4 MiB
timing: t 11.046 s acb 49 dwords: sync 16.5 ms, hints 0.1 ms
submit #149 acb 49 dwords at 0x400346a5c: pass 2 rewrite 3 drop 3 unmapped 0 cc 0 mappings 982 ... OK rc 0 13.61 ms
timing: #149 done at t 11.083 s, 20.5 ms after the sync and hints
map 0x1006d00000 +0x10000 ... ok
map 0x1058b80000 +0x350000 ... ok
swapped pages taken as resident so far: 0
vmas 107 total 13075.0 MiB resident 2478.7 MiB mapped 2478.8 MiB
timing: t 11.084 s hib 2 dwords: sync 16.0 ms, hints 0.0 ms
submit #150 hib 2 dwords at 0xfe003a200: pass 1 rewrite 0 drop 0 unmapped 0 cc 0 mappings 984 ... OK rc 0 13.12 ms
timing: #150 done at t 11.118 s, 17.7 ms after the sync and hints
map 0x1058ed0000 +0x8b0000 ... ok
swapped pages taken as resident so far: 0
vmas 107 total 13075.0 MiB resident 2487.4 MiB mapped 2487.5 MiB
timing: t 11.119 s dcb 96 dwords: sync 14.0 ms, hints 0.1 ms
  load op 9f at 38: addr 0xfe0040068 idx 0 fmt 1 regoff 0x0 n 921 (table contents not committed)
  load op 63 at 43: addr 0xfe0042068 idx 0 fmt 1 regoff 0x0 n 174 (table contents not committed)
  load op 64 at 48: addr 0xfe00425d8 idx 0 fmt 1 regoff 0x0 n 49 (table contents not committed)
submit #151 dcb 96 dwords at 0xfe0042920: pass 20 rewrite 2 drop 2 unmapped 0 cc 0 mappings 985 ... OK rc 0 13.08 ms
timing: #151 done at t 11.196 s, 63.9 ms after the sync and hints
map 0x1006cf0000 +0x10000 ... ok
map 0x1006d10000 +0x70000 ... ok
map 0x1059780000 +0xce0000 ... ok
swapped pages taken as resident so far: 0
vmas 107 total 13075.0 MiB resident 2500.8 MiB mapped 2500.9 MiB
timing: t 11.197 s dcb 2647 dwords: sync 18.7 ms, hints 0.2 ms
  load op 9f at 36: addr 0xfe0040068 idx 0 fmt 1 regoff 0x0 n 921 (table contents not committed)
  load op 63 at 41: addr 0xfe0042068 idx 0 fmt 1 regoff 0x0 n 174 (table contents not committed)
  load op 64 at 46: addr 0xfe00425d8 idx 0 fmt 1 regoff 0x0 n 57 (table contents not committed)
  load op 9f at 88: addr 0x503c01500 idx 0 fmt 1 regoff 0x0 n 136 (table contents not committed)
  load op 64 at 93: addr 0x503c00500 idx 0 fmt 1 regoff 0x0 n 3 (table contents not committed)
  load op 63 at 98: addr 0x503bff500 idx 0 fmt 1 regoff 0x0 n 3 (table contents not committed)
  load op 9f at 1541: addr 0xfe0040068 idx 0 fmt 1 regoff 0x0 n 921 (table contents not committed)
  load op 9f at 1548: addr 0x503c01940 idx 0 fmt 1 regoff 0x0 n 70 (table contents not committed)
  load op 63 at 1553: addr 0x908e5ff90 idx 0 fmt 1 regoff 0x0 n 6 (table contents not committed)
  load op 9f at 1558: addr 0x908e5ffc0 idx 0 fmt 1 regoff 0x0 n 10 (table contents not committed)
  load op 63 at 1563: addr 0x908e5f7d0 idx 0 fmt 1 regoff 0x0 n 6 (table contents not committed)
  load op 9f at 1568: addr 0x908e5f800 idx 0 fmt 1 regoff 0x0 n 9 (table contents not committed)
  load op 64 at 1573: addr 0x503c00518 idx 0 fmt 1 regoff 0x0 n 5 (table contents not committed)
  load op 9f at 1691: addr 0x503c01b70 idx 0 fmt 1 regoff 0x0 n 131 (table contents not committed)
  load op 64 at 1698: addr 0x503c00540 idx 0 fmt 1 regoff 0x0 n 1 (table contents not committed)
  load op 9f at 1730: addr 0xfe0040068 idx 0 fmt 1 regoff 0x0 n 921 (table contents not committed)
  load op 9f at 1737: addr 0x503c01f88 idx 0 fmt 1 regoff 0x0 n 70 (table contents not committed)
  load op 63 at 1742: addr 0x908e5ff90 idx 0 fmt 1 regoff 0x0 n 6 (table contents not committed)
  load op 9f at 1747: addr 0x908e5ffc0 idx 0 fmt 1 regoff 0x0 n 10 (table contents not committed)
  load op 63 at 1752: addr 0x908e5f7d0 idx 0 fmt 1 regoff 0x0 n 6 (table contents not committed)
  load op 9f at 1757: addr 0x908e5f800 idx 0 fmt 1 regoff 0x0 n 9 (table contents not committed)
  load op 64 at 1762: addr 0x503c00548 idx 0 fmt 1 regoff 0x0 n 5 (table contents not committed)
  load op 63 at 1858: addr 0x503bff518 idx 0 fmt 1 regoff 0x0 n 10 (table contents not committed)
  load op 63 at 2049: addr 0x503bff568 idx 0 fmt 1 regoff 0x0 n 28 (table contents not committed)
  load op 64 at 2123: addr 0x503c00570 idx 0 fmt 1 regoff 0x0 n 5 (table contents not committed)
  load op 9f at 2130: addr 0x503c021b8 idx 0 fmt 1 regoff 0x0 n 96 (table contents not committed)
  load op 9f at 2135: addr 0x503bfe390 idx 0 fmt 1 regoff 0x0 n 194 (table contents not committed)
submit #152 dcb 2647 dwords at 0x503502500: pass 236 rewrite 123 drop 120 unmapped 0 cc 4 mappings 988 ... OK rc 0 13.53 ms
timing: #152 done at t 11.597 s, 380.4 ms after the sync and hints
state stack #152: push 2 pop 2 conditional 1 unmatched 0; restored 1842 regs (+1874 dwords); tables 13, unreadable 0
map 0x3336c0000 +0x40000 ... ok
map 0x1006d80000 +0x140000 ... ok
swapped pages taken as resident so far: 0
vmas 107 total 13075.0 MiB resident 2502.3 MiB mapped 2502.4 MiB
timing: t 11.599 s acb 2 dwords: sync 17.1 ms, hints 0.1 ms
submit #153 acb 2 dwords at 0xfe003a200: pass 1 rewrite 0 drop 0 unmapped 0 cc 0 mappings 990 ... OK rc 0 13.21 ms
timing: #153 done at t 11.634 s, 17.9 ms after the sync and hints
cpu-wait WAIT_REG_MEM64 at 87 on 0x400201a40: satisfied after 0.0 ms
timing: t 11.636 s after that wait (acb 463 dwords)
map 0x1006ec0000 +0x10000 ... ok
swapped pages taken as resident so far: 0
vmas 107 total 13075.0 MiB resident 2502.4 MiB mapped 2502.4 MiB
timing: t 11.635 s dcb 851 dwords: sync 14.6 ms, hints 0.1 ms
  load op 9f at 38: addr 0xfe0040068 idx 0 fmt 1 regoff 0x0 n 921 (table contents not committed)
  load op 63 at 43: addr 0xfe0042068 idx 0 fmt 1 regoff 0x0 n 174 (table contents not committed)
  load op 64 at 48: addr 0xfe00425d8 idx 0 fmt 1 regoff 0x0 n 57 (table contents not committed)
  load op 9f at 90: addr 0x505a01500 idx 0 fmt 1 regoff 0x0 n 5 (table contents not committed)
  load op 64 at 95: addr 0x505a00500 idx 0 fmt 1 regoff 0x0 n 2 (table contents not committed)
  load op 63 at 100: addr 0x5059ff500 idx 0 fmt 1 regoff 0x0 n 3 (table contents not committed)
submit #154 dcb 851 dwords at 0x505602500: pass 47 rewrite 55 drop 45 unmapped 0 cc 0 mappings 991 ... OK rc 0 13.39 ms
timing: #154 done at t 11.736 s, 86.4 ms after the sync and hints
map 0x333700000 +0x10000 ... ok
map 0x1006ed0000 +0xc0000 ... ok
swapped pages taken as resident so far: 0
vmas 107 total 13075.0 MiB resident 2503.2 MiB mapped 2503.2 MiB
timing: t 11.737 s acb 463 dwords: sync 15.5 ms, hints 0.0 ms
submit #155 acb 463 dwords at 0x4003e6740: pass 43 rewrite 11 drop 27 unmapped 0 cc 0 mappings 993 ... OK rc 0 13.45 ms
timing: #155 done at t 11.770 s, 18.1 ms after the sync and hints
map 0x333710000 +0x10000 ... ok
map 0x1006f90000 +0x20000 ... ok
swapped pages taken as resident so far: 0
vmas 107 total 13075.0 MiB resident 2503.3 MiB mapped 2503.4 MiB
timing: t 11.771 s dcb 798 dwords: sync 17.4 ms, hints 0.2 ms
  load op 9f at 35: addr 0xfe0040068 idx 0 fmt 1 regoff 0x0 n 921 (table contents not committed)
  load op 63 at 40: addr 0xfe0042068 idx 0 fmt 1 regoff 0x0 n 174 (table contents not committed)
  load op 64 at 45: addr 0xfe00425d8 idx 0 fmt 1 regoff 0x0 n 57 (table contents not committed)
  load op 9f at 87: addr 0x506801500 idx 0 fmt 1 regoff 0x0 n 136 (table contents not committed)
  load op 64 at 92: addr 0x506800500 idx 0 fmt 1 regoff 0x0 n 3 (table contents not committed)
  load op 63 at 97: addr 0x5067ff500 idx 0 fmt 1 regoff 0x0 n 3 (table contents not committed)
  load op 9f at 212: addr 0xfe0040068 idx 0 fmt 1 regoff 0x0 n 921 (table contents not committed)
  load op 9f at 219: addr 0x506801940 idx 0 fmt 1 regoff 0x0 n 70 (table contents not committed)
  load op 63 at 224: addr 0x908e5ff90 idx 0 fmt 1 regoff 0x0 n 6 (table contents not committed)
  load op 9f at 229: addr 0x908e5ffc0 idx 0 fmt 1 regoff 0x0 n 10 (table contents not committed)
  load op 63 at 234: addr 0x908e5f7d0 idx 0 fmt 1 regoff 0x0 n 6 (table contents not committed)
  load op 9f at 239: addr 0x908e5f800 idx 0 fmt 1 regoff 0x0 n 9 (table contents not committed)
  load op 64 at 244: addr 0x506800518 idx 0 fmt 1 regoff 0x0 n 5 (table contents not committed)
  load op 9f at 340: addr 0x506801b70 idx 0 fmt 1 regoff 0x0 n 131 (table contents not committed)
  load op 64 at 347: addr 0x506800540 idx 0 fmt 1 regoff 0x0 n 1 (table contents not committed)
  load op 9f at 379: addr 0xfe0040068 idx 0 fmt 1 regoff 0x0 n 921 (table contents not committed)
  load op 9f at 386: addr 0x506801f88 idx 0 fmt 1 regoff 0x0 n 70 (table contents not committed)
  load op 63 at 391: addr 0x908e5ff90 idx 0 fmt 1 regoff 0x0 n 6 (table contents not committed)
  load op 9f at 396: addr 0x908e5ffc0 idx 0 fmt 1 regoff 0x0 n 10 (table contents not committed)
  load op 63 at 401: addr 0x908e5f7d0 idx 0 fmt 1 regoff 0x0 n 6 (table contents not committed)
  load op 9f at 406: addr 0x908e5f800 idx 0 fmt 1 regoff 0x0 n 9 (table contents not committed)
  load op 64 at 411: addr 0x506800548 idx 0 fmt 1 regoff 0x0 n 5 (table contents not committed)
  load op 9f at 548: addr 0x5068021b8 idx 0 fmt 1 regoff 0x0 n 98 (table contents not committed)
  load op 64 at 555: addr 0x506800570 idx 0 fmt 1 regoff 0x0 n 1 (table contents not committed)
  load op 9f at 560: addr 0x5067fe500 idx 0 fmt 1 regoff 0x0 n 33 (table contents not committed)
  load op 9f at 592: addr 0xfe0040068 idx 0 fmt 1 regoff 0x0 n 921 (table contents not committed)
  load op 9f at 599: addr 0x5067fe608 idx 0 fmt 1 regoff 0x0 n 70 (table contents not committed)
  load op 63 at 604: addr 0x908e5ff90 idx 0 fmt 1 regoff 0x0 n 6 (table contents not committed)
  load op 9f at 609: addr 0x908e5ffc0 idx 0 fmt 1 regoff 0x0 n 10 (table contents not committed)
  load op 63 at 614: addr 0x908e5f7d0 idx 0 fmt 1 regoff 0x0 n 6 (table contents not committed)
  load op 9f at 619: addr 0x908e5f800 idx 0 fmt 1 regoff 0x0 n 9 (table contents not committed)
  load op 64 at 624: addr 0x506800578 idx 0 fmt 1 regoff 0x0 n 5 (table contents not committed)
submit #156 dcb 798 dwords at 0x506202500: pass 103 rewrite 35 drop 22 unmapped 0 cc 6 mappings 995 ... acb head: 1287 of 1336 dwords go ahead of the wait at 1287 on 0x400202380
OK rc 0 13.50 ms
timing: #156 done at t 12.227 s, 437.9 ms after the sync and hints
state stack #156: push 3 pop 3 conditional 1 unmatched 0; restored 2763 regs (+2811 dwords); tables 17, unreadable 0
map 0x302b90000 +0x10000 ... ok
map 0x3119c0000 +0x50000 ... ok
map 0x333720000 +0x260000 ... ok
map 0x500860000 +0x20000 ... ok
map 0x1006fb0000 +0xf10000 ... ok
map 0x10ca020000 +0x40000 ... ok
map 0x10eca40000 +0x580000 ... ok
map 0x10ecfc0000 +0x20000 ... ok
map 0x10ecfe0000 +0x6480000 ... ok
swapped pages taken as resident so far: 0
vmas 107 total 13075.0 MiB resident 2627.5 MiB mapped 2627.7 MiB
timing: t 12.228 s acb 1287 dwords: sync 30.8 ms, hints 0.0 ms
submit #157 acb 1287 dwords at 0x400205540: pass 118 rewrite 35 drop 63 unmapped 0 cc 0 mappings 1004 ... OK rc 0 14.23 ms
timing: #157 done at t 12.279 s, 19.4 ms after the sync and hints
map 0x333980000 +0xb0000 ... ok
map 0x333a30000 +0x20000 ... ok
map 0x333a50000 +0x60000 ... ok
map 0x333ab0000 +0x10000 ... ok
map 0x500880000 +0x40000 ... ok
map 0x10ca060000 +0x40000 ... ok
map 0x10f3460000 +0x1510000 ... ok
swapped pages taken as resident so far: 0
vmas 107 total 13075.0 MiB resident 2650.3 MiB mapped 2650.5 MiB
timing: t 12.280 s dcb 1248 dwords: sync 25.2 ms, hints 0.2 ms
  load op 9f at 36: addr 0xfe0040068 idx 0 fmt 1 regoff 0x0 n 921 (table contents not committed)
  load op 63 at 41: addr 0xfe0042068 idx 0 fmt 1 regoff 0x0 n 174 (table contents not committed)
  load op 64 at 46: addr 0xfe00425d8 idx 0 fmt 1 regoff 0x0 n 57 (table contents not committed)
  load op 9f at 88: addr 0x504e01500 idx 0 fmt 1 regoff 0x0 n 5 (table contents not committed)
  load op 64 at 93: addr 0x504e00500 idx 0 fmt 1 regoff 0x0 n 2 (table contents not committed)
  load op 63 at 98: addr 0x504dff500 idx 0 fmt 1 regoff 0x0 n 3 (table contents not committed)
  load op 9f at 756: addr 0xfe0040068 idx 0 fmt 1 regoff 0x0 n 921 (table contents not committed)
  load op 9f at 763: addr 0x504e01528 idx 0 fmt 1 regoff 0x0 n 74 (table contents not committed)
  load op 63 at 768: addr 0x908e5ff90 idx 0 fmt 1 regoff 0x0 n 6 (table contents not committed)
  load op 9f at 773: addr 0x908e5ffc0 idx 0 fmt 1 regoff 0x0 n 10 (table contents not committed)
  load op 64 at 778: addr 0x504e00510 idx 0 fmt 1 regoff 0x0 n 5 (table contents not committed)
  load op 9f at 901: addr 0xfe0040068 idx 0 fmt 1 regoff 0x0 n 921 (table contents not committed)
  load op 9f at 908: addr 0x504e01778 idx 0 fmt 1 regoff 0x0 n 74 (table contents not committed)
  load op 63 at 913: addr 0x908e5ff90 idx 0 fmt 1 regoff 0x0 n 6 (table contents not committed)
  load op 9f at 918: addr 0x908e5ffc0 idx 0 fmt 1 regoff 0x0 n 10 (table contents not committed)
  load op 64 at 923: addr 0x504e00538 idx 0 fmt 1 regoff 0x0 n 5 (table contents not committed)
  load op 9f at 1046: addr 0xfe0040068 idx 0 fmt 1 regoff 0x0 n 921 (table contents not committed)
  load op 9f at 1053: addr 0x504e019c8 idx 0 fmt 1 regoff 0x0 n 74 (table contents not committed)
  load op 63 at 1058: addr 0x908e5ff90 idx 0 fmt 1 regoff 0x0 n 6 (table contents not committed)
  load op 9f at 1063: addr 0x908e5ffc0 idx 0 fmt 1 regoff 0x0 n 10 (table contents not committed)
  load op 64 at 1068: addr 0x504e00560 idx 0 fmt 1 regoff 0x0 n 5 (table contents not committed)
submit #158 dcb 1248 dwords at 0x504a02500: pass 151 rewrite 46 drop 45 unmapped 0 cc 6 mappings 1011 ... OK rc 0 14.36 ms
timing: #158 done at t 12.601 s, 296.0 ms after the sync and hints
state stack #158: push 3 pop 3 conditional 1 unmatched 0; restored 2763 regs (+2811 dwords); tables 11, unreadable 0
flip 3 dumped: /home/kjaniszewski/bc5-data/captures/kytyplus-20261001-0908/gc/flip-003.raw
flip 1/0 buffer 0x507410000 +0x1fe0000: sum 0x17ea65194594 nonzero 8100/8160 pattern 0
  target CB0 0x5093f0000: distinct 53 min 0xc0000000 max 0xc340d034,   target CB0 0x5093f0000: nonzero 1024/1024
  target CB0 0x563800000: distinct 1 min 0x00000000 max 0x00000000,   target CB0 0x563800000: nonzero 0/1024
  target CB0 0x55c00d000: distinct 4 min 0x00000000 max 0xffffffff,   target CB0 0x55c00d000: nonzero 147/1024
  target CB0 0x5637f0000: distinct 1 min 0x00000000 max 0x00000000,   target CB0 0x5637f0000: nonzero 0/1024
  target CB0 0x516830000: distinct 1 min 0x38003800 max 0x38003800,   target CB0 0x516830000: nonzero 1024/1024
  target CB0 0x56c05e000: distinct 2 min 0x00000000 max 0xffffffff,   target CB0 0x56c05e000: nonzero 2/1024
  target DB_HTILE 0x514050000: distinct 2 min 0x00000000 max 0xfffffff0,   target DB_HTILE 0x514050000: nonzero 48/1024
  target DB_Z_READ 0x513560000: distinct 1 min 0x3f800000 max 0x3f800000,   target DB_Z_READ 0x513560000: nonzero 1024/1024
  target DB_STENCIL_READ 0x513dd0000: distinct 3 min 0x00000000 max 0xfffffff0,   target DB_STENCIL_READ 0x513dd0000: nonzero 558/1024
  target CB0 0x510d10000: distinct 1 min 0x00000000 max 0x00000000,   target CB0 0x510d10000: nonzero 0/1024
  target CB0 0x556759000: distinct 3 min 0x00000000 max 0xffffffff,   target CB0 0x556759000: nonzero 8/1024
  target CB0 0x56d898000: distinct 4 min 0x00000000 max 0x3ec00000,   target CB0 0x56d898000: nonzero 22/1024
  target CB0 0x512570000: distinct 1 min 0x00000000 max 0x00000000,   target CB0 0x512570000: nonzero 0/1024
  target CB0 0x56c058000: distinct 3 min 0x00000000 max 0xffffffff,   target CB0 0x56c058000: nonzero 8/1024
  target DB_HTILE 0x55c050000: distinct 3 min 0x00000000 max 0xffffffff,   target DB_HTILE 0x55c050000: nonzero 144/1024
  target DB_Z_READ 0x527430000: distinct 1 min 0xffffffff max 0xffffffff,   target DB_Z_READ 0x527430000: nonzero 1024/1024
timing: t 12.639 s flip 1/0, VideoOutSubmitFlip took 0.0 ms
cpu-wait WAIT_REG_MEM64 at 115 on 0x400201d40: satisfied after 0.0 ms
timing: t 12.641 s after that wait (dcb 9891 dwords)
cpu-wait WAIT_REG_MEM64 at 1629 on 0x400201840: satisfied after 0.0 ms
timing: t 12.642 s after that wait (dcb 9891 dwords)
cpu-wait WAIT_REG_MEM64 at 9340 on 0x559cd49a53d0: satisfied after 0.0 ms
timing: t 12.644 s after that wait (dcb 9891 dwords)
map 0x302ba0000 +0x60000 ... ok
map 0x311a10000 +0x80000 ... ok
map 0x333ac0000 +0x210000 ... ok
map 0x5008c0000 +0x10000 ... ok
map 0x1007ec0000 +0xd0000 ... ok
map 0x10ca0a0000 +0xe0000 ... ok
map 0x10f4970000 +0x7d90000 ... ok
swapped pages taken as resident so far: 0
vmas 107 total 13075.0 MiB resident 2780.6 MiB mapped 2780.8 MiB
timing: t 12.645 s dcb 9891 dwords: sync 27.1 ms, hints 0.3 ms
  indirect op 16 at 1246: base 0x5074063c0 +0x0 -> 1 1 1 0 0
  indirect op 16 at 1278: base 0x5074063e0 +0x0 -> 1 1 1 0 0
  indirect op 16 at 1310: base 0x50740a520 +0x0 -> 1 1 1 0 0
  indirect op 16 at 1342: base 0x50740a540 +0x0 -> 1 1 1 0 0
  indirect op 25 at 4584: base 0x56ddaffa0 +0x0 -> 1 512 0 0 0
  load op 9f at 28: addr 0xfe0040068 idx 0 fmt 1 regoff 0x0 n 921 (table contents not committed)
  load op 63 at 33: addr 0xfe0042068 idx 0 fmt 1 regoff 0x0 n 174 (table contents not committed)
  load op 64 at 38: addr 0xfe00425d8 idx 0 fmt 1 regoff 0x0 n 57 (table contents not committed)
  load op 9f at 80: addr 0x502701500 idx 0 fmt 1 regoff 0x0 n 295 (table contents not committed)
  load op 64 at 85: addr 0x502700500 idx 0 fmt 1 regoff 0x0 n 7 (table contents not committed)
  load op 63 at 90: addr 0x5026ff500 idx 0 fmt 1 regoff 0x0 n 13 (table contents not committed)
  load op 63 at 342: addr 0x5026ff568 idx 0 fmt 1 regoff 0x0 n 10 (table contents not committed)
  load op 63 at 734: addr 0x5026ff5b8 idx 0 fmt 1 regoff 0x0 n 18 (table contents not committed)
  load op 63 at 1217: addr 0x5026ff648 idx 0 fmt 1 regoff 0x0 n 10 (table contents not committed)
  load op 63 at 1249: addr 0x5026ff698 idx 0 fmt 1 regoff 0x0 n 10 (table contents not committed)
  load op 63 at 1281: addr 0x5026ff6e8 idx 0 fmt 1 regoff 0x0 n 10 (table contents not committed)
  load op 63 at 1313: addr 0x5026ff738 idx 0 fmt 1 regoff 0x0 n 10 (table contents not committed)
  load op 9f at 1724: addr 0xfe0040068 idx 0 fmt 1 regoff 0x0 n 921 (table contents not committed)
  load op 9f at 1731: addr 0x502701e38 idx 0 fmt 1 regoff 0x0 n 74 (table contents not committed)
  load op 63 at 1736: addr 0x908e5ff90 idx 0 fmt 1 regoff 0x0 n 6 (table contents not committed)
  load op 9f at 1741: addr 0x908e5ffc0 idx 0 fmt 1 regoff 0x0 n 10 (table contents not committed)
  load op 64 at 1746: addr 0x502700538 idx 0 fmt 1 regoff 0x0 n 5 (table contents not committed)
  load op 9f at 1799: addr 0x502702088 idx 0 fmt 1 regoff 0x0 n 132 (table contents not committed)
  load op 63 at 1804: addr 0x5026ff788 idx 0 fmt 1 regoff 0x0 n 30 (table contents not committed)
  load op 64 at 1884: addr 0x502700560 idx 0 fmt 1 regoff 0x0 n 5 (table contents not committed)
  load op 9f at 1891: addr 0x5026fd440 idx 0 fmt 1 regoff 0x0 n 175 (table contents not committed)
  load op 63 at 2106: addr 0x5026ff878 idx 0 fmt 1 regoff 0x0 n 20 (table contents not committed)
  load op 9f at 3069: addr 0xfe0040068 idx 0 fmt 1 regoff 0x0 n 921 (table contents not committed)
  load op 9f at 3076: addr 0x5026fd9b8 idx 0 fmt 1 regoff 0x0 n 70 (table contents not committed)
  load op 63 at 3081: addr 0x908e5ff90 idx 0 fmt 1 regoff 0x0 n 6 (table contents not committed)
  load op 9f at 3086: addr 0x908e5ffc0 idx 0 fmt 1 regoff 0x0 n 10 (table contents not committed)
  load op 63 at 3091: addr 0x908e5f7d0 idx 0 fmt 1 regoff 0x0 n 6 (table contents not committed)
  load op 9f at 3096: addr 0x908e5f800 idx 0 fmt 1 regoff 0x0 n 9 (table contents not committed)
  load op 64 at 3101: addr 0x502700588 idx 0 fmt 1 regoff 0x0 n 5 (table contents not committed)
  load op 9f at 3140: addr 0x5026fdbe8 idx 0 fmt 1 regoff 0x0 n 19 (table contents not committed)
  load op 63 at 3145: addr 0x5026ff918 idx 0 fmt 1 regoff 0x0 n 12 (table contents not committed)
  load op 9f at 3268: addr 0xfe0040068 idx 0 fmt 1 regoff 0x0 n 921 (table contents not committed)
  load op 9f at 3275: addr 0x5026fdc80 idx 0 fmt 1 regoff 0x0 n 74 (table contents not committed)
  load op 63 at 3280: addr 0x908e5ff90 idx 0 fmt 1 regoff 0x0 n 6 (table contents not committed)
  load op 9f at 3285: addr 0x908e5ffc0 idx 0 fmt 1 regoff 0x0 n 10 (table contents not committed)
  load op 64 at 3290: addr 0x5027005b0 idx 0 fmt 1 regoff 0x0 n 5 (table contents not committed)
  load op 9f at 3329: addr 0x5026fded0 idx 0 fmt 1 regoff 0x0 n 166 (table contents not committed)
  load op 63 at 3334: addr 0x5026ff978 idx 0 fmt 1 regoff 0x0 n 30 (table contents not committed)
  load op 64 at 3430: addr 0x5027005d8 idx 0 fmt 1 regoff 0x0 n 5 (table contents not committed)
  load op 9f at 3437: addr 0x5026fc320 idx 0 fmt 1 regoff 0x0 n 135 (table contents not committed)
  load op 63 at 3675: addr 0x5026ffa68 idx 0 fmt 1 regoff 0x0 n 36 (table contents not committed)
  load op 64 at 4540: addr 0x502700600 idx 0 fmt 1 regoff 0x0 n 6 (table contents not committed)
  load op 9f at 4545: addr 0x5026fc758 idx 0 fmt 1 regoff 0x0 n 376 (table contents not committed)
  load op 9f at 4552: addr 0x5026fb118 idx 0 fmt 1 regoff 0x0 n 205 (table contents not committed)
  load op 9f at 4853: addr 0xfe0040068 idx 0 fmt 1 regoff 0x0 n 921 (table contents not committed)
  load op 9f at 4860: addr 0x5026fb780 idx 0 fmt 1 regoff 0x0 n 74 (table contents not committed)
  load op 63 at 4865: addr 0x908e5ff90 idx 0 fmt 1 regoff 0x0 n 6 (table contents not committed)
  load op 9f at 4870: addr 0x908e5ffc0 idx 0 fmt 1 regoff 0x0 n 10 (table contents not committed)
  load op 64 at 4875: addr 0x502700630 idx 0 fmt 1 regoff 0x0 n 5 (table contents not committed)
  load op 63 at 4914: addr 0x5026ffb88 idx 0 fmt 1 regoff 0x0 n 21 (table contents not committed)
  load op 9f at 4925: addr 0x5026fb9d0 idx 0 fmt 1 regoff 0x0 n 223 (table contents not committed)
  load op 63 at 5714: addr 0x5026ffc30 idx 0 fmt 1 regoff 0x0 n 10 (table contents not committed)
  load op 63 at 5831: addr 0x5026ffc80 idx 0 fmt 1 regoff 0x0 n 28 (table contents not committed)
  load op 64 at 5910: addr 0x502700658 idx 0 fmt 1 regoff 0x0 n 5 (table contents not committed)
  load op 9f at 5917: addr 0x5026f9e30 idx 0 fmt 1 regoff 0x0 n 67 (table contents not committed)
  load op 9f at 6045: addr 0x5026fa048 idx 0 fmt 1 regoff 0x0 n 121 (table contents not committed)
  load op 63 at 6050: addr 0x5026ffd60 idx 0 fmt 1 regoff 0x0 n 18 (table contents not committed)
  load op 64 at 6055: addr 0x502700680 idx 0 fmt 1 regoff 0x0 n 3 (table contents not committed)
  load op 9f at 6204: addr 0x5026fa410 idx 0 fmt 1 regoff 0x0 n 121 (table contents not committed)
  load op 63 at 6209: addr 0x5026ffdf0 idx 0 fmt 1 regoff 0x0 n 18 (table contents not committed)
  load op 64 at 6214: addr 0x502700698 idx 0 fmt 1 regoff 0x0 n 3 (table contents not committed)
  load op 63 at 6578: addr 0x5026ffe80 idx 0 fmt 1 regoff 0x0 n 10 (table contents not committed)
  load op 9f at 7058: addr 0x5026fa7d8 idx 0 fmt 1 regoff 0x0 n 195 (table contents not committed)
  load op 9f at 7063: addr 0x5026f8d80 idx 0 fmt 1 regoff 0x0 n 85 (table contents not committed)
  load op 63 at 7068: addr 0x5026ffed0 idx 0 fmt 1 regoff 0x0 n 18 (table contents not committed)
  load op 64 at 7073: addr 0x5027006b0 idx 0 fmt 1 regoff 0x0 n 3 (table contents not committed)
  load op 9f at 7186: addr 0x5026f9028 idx 0 fmt 1 regoff 0x0 n 129 (table contents not committed)
  load op 63 at 7191: addr 0x5026fff60 idx 0 fmt 1 regoff 0x0 n 18 (table contents not committed)
  load op 64 at 7196: addr 0x5027006c8 idx 0 fmt 1 regoff 0x0 n 3 (table contents not committed)
  load op 9f at 7309: addr 0x5026f9430 idx 0 fmt 1 regoff 0x0 n 129 (table contents not committed)
  load op 63 at 7314: addr 0x5026ffff0 idx 0 fmt 1 regoff 0x0 n 18 (table contents not committed)
  load op 64 at 7319: addr 0x5027006e0 idx 0 fmt 1 regoff 0x0 n 3 (table contents not committed)
  load op 9f at 7432: addr 0x5026f9838 idx 0 fmt 1 regoff 0x0 n 58 (table contents not committed)
  load op 9f at 7537: addr 0x5026f9a08 idx 0 fmt 1 regoff 0x0 n 66 (table contents not committed)
  load op 9f at 7642: addr 0x5026f9c18 idx 0 fmt 1 regoff 0x0 n 37 (table contents not committed)
  load op 9f at 7647: addr 0x5026f7300 idx 0 fmt 1 regoff 0x0 n 21 (table contents not committed)
  load op 9f at 7752: addr 0x5026f73a8 idx 0 fmt 1 regoff 0x0 n 66 (table contents not committed)
  load op 9f at 7857: addr 0x5026f75b8 idx 0 fmt 1 regoff 0x0 n 58 (table contents not committed)
  load op 9f at 7962: addr 0x5026f7788 idx 0 fmt 1 regoff 0x0 n 130 (table contents not committed)
  load op 63 at 7967: addr 0x502700080 idx 0 fmt 1 regoff 0x0 n 18 (table contents not committed)
  load op 64 at 7972: addr 0x5027006f8 idx 0 fmt 1 regoff 0x0 n 3 (table contents not committed)
  load op 9f at 8099: addr 0x5026f7b98 idx 0 fmt 1 regoff 0x0 n 135 (table contents not committed)
  load op 63 at 8104: addr 0x502700110 idx 0 fmt 1 regoff 0x0 n 18 (table contents not committed)
  load op 64 at 8109: addr 0x502700710 idx 0 fmt 1 regoff 0x0 n 3 (table contents not committed)
  load op 63 at 8687: addr 0x5027001a0 idx 0 fmt 1 regoff 0x0 n 10 (table contents not committed)
  load op 63 at 9273: addr 0x5027001f0 idx 0 fmt 1 regoff 0x0 n 28 (table contents not committed)
  load op 64 at 9381: addr 0x502700728 idx 0 fmt 1 regoff 0x0 n 5 (table contents not committed)
  load op 9f at 9386: addr 0x5026f7fd0 idx 0 fmt 1 regoff 0x0 n 97 (table contents not committed)
  load op 9f at 9393: addr 0x5026f5868 idx 0 fmt 1 regoff 0x0 n 183 (table contents not committed)
submit #159 dcb 9891 dwords at 0x502002500: pass 669 rewrite 494 drop 434 unmapped 1 cc 8 mappings 1018 ... OK rc 0 16.95 ms
timing: #159 done at t 13.995 s, 1323.3 ms after the sync and hints
state stack #159: push 4 pop 4 conditional 1 unmatched 0; restored 3684 regs (+3748 dwords); tables 40, unreadable 0
map 0x301ae0000 +0x30000 ... ok
map 0x303550000 +0x10000 ... ok
map 0x308460000 +0x70000 ... ok
map 0x311a90000 +0x180000 ... ok
map 0x333cd0000 +0xa90000 ... ok
map 0x334760000 +0x70000 ... ok
map 0x3347d0000 +0x50000 ... ok
map 0x334820000 +0x10000 ... ok
map 0x334830000 +0x70000 ... ok
map 0x3348a0000 +0x40000 ... ok
map 0x3348e0000 +0x10000 ... ok
map 0x3348f0000 +0x50000 ... ok
map 0x334940000 +0x10000 ... ok
map 0x334950000 +0x60000 ... ok
map 0x3349b0000 +0x10000 ... ok
map 0x5008d0000 +0x70000 ... ok
map 0x1007f90000 +0x2440000 ... ok
map 0x105a460000 +0x1d40000 ... ok
map 0x10ca180000 +0x140000 ... ok
map 0x10fc700000 +0x12e30000 ... ok
swapped pages taken as resident so far: 0
vmas 107 total 13075.0 MiB resident 3165.0 MiB mapped 3165.3 MiB
timing: t 13.998 s acb 2 dwords: sync 62.3 ms, hints 0.1 ms
submit #160 acb 2 dwords at 0xfe003a200: pass 1 rewrite 0 drop 0 unmapped 0 cc 0 mappings 1038 ... OK rc 0 18.63 ms
timing: #160 done at t 14.084 s, 23.6 ms after the sync and hints
cpu-wait WAIT_REG_MEM64 at 0 on 0x400202380: satisfied after 0.0 ms
timing: t 14.085 s after that wait (acb 49 dwords)
map 0x311c10000 +0x2e0000 ... ok
map 0x3349c0000 +0x70000 ... ok
swapped pages taken as resident so far: 0
vmas 107 total 13075.0 MiB resident 3168.6 MiB mapped 3168.6 MiB
timing: t 14.085 s cc 3 dwords: sync 17.8 ms, hints 0.0 ms
submit #161 cc 3 dwords at 0x313b17cf4: pass 0 rewrite 1 drop 0 unmapped 0 cc 1 mappings 1040 ... OK rc 0 16.36 ms
timing: #161 done at t 14.124 s, 20.9 ms after the sync and hints
timing: t 14.124 s acb 49 dwords: sync 10.9 ms, hints 0.1 ms
submit #162 acb 49 dwords at 0x40020695c: pass 2 rewrite 3 drop 3 unmapped 0 cc 0 mappings 1040 ... OK rc 0 16.25 ms
timing: #162 done at t 14.156 s, 21.0 ms after the sync and hints
timing: t 14.157 s hib 150 dwords: sync 11.3 ms, hints 0.1 ms
  load op 61 at 10: base 0xfe0008000 pairs (0x0,215) (0xd8,272) (0x1f5,4) (0x1ff,158) (0x2a0,2) (0x2a3,1) (0x2a5,66) (0x2f5,203)
  load op 5f at 29: base 0xfe0010000 pairs (0x1,1) (0x6,38) (0x32,4) (0x80,4) (0x87,37) (0xb2,4) (0xc8,2) (0x100,4) (0x107,37) (0x132,4) (0x148,2) (0x204,3) (0x20c,2) (0x212,2) (0x215,6) (0x224,5) (0x22a,1) (0x240,16) (0x27d,1) (0x280,1) (0x207,3)
  load op 5e at 74: base 0xfe0011000 pairs (0x35,8) (0xa2,1) (0x242,1) (0x248,1) (0x24a,2) (0x25b,6) (0x262,1) (0x2bb,5) (0x2c4,16) (0x2e4,8) (0x380,2) (0x383,2) (0x41d,3) (0x24d,1)
  load op 61 at 105: base 0xfe0008000 pairs (0x0,0)
  load op 5f at 110: base 0xfe0010000 pairs (0x0,0)
  load op 5e at 115: base 0xfe0011000 pairs (0x0,0)
  load op 61 at 125: base 0xfe0008000 pairs (0x0,0)
  load op 5f at 130: base 0xfe0010000 pairs (0x0,0)
  load op 5e at 135: base 0xfe0011000 pairs (0x0,0)
submit #163 hib 150 dwords at 0xfe0000000: pass 12 rewrite 2 drop 2 unmapped 0 cc 2 mappings 1040 ... OK rc 0 16.21 ms
timing: #163 done at t 14.244 s, 75.2 ms after the sync and hints
timing: t 14.245 s hib 2 dwords: sync 11.3 ms, hints 0.0 ms
submit #164 hib 2 dwords at 0xfe003a200: pass 1 rewrite 0 drop 0 unmapped 0 cc 0 mappings 1040 ... OK rc 0 16.62 ms
timing: #164 done at t 14.277 s, 21.4 ms after the sync and hints
timing: t 14.278 s dcb 96 dwords: sync 10.9 ms, hints 0.1 ms
  load op 9f at 38: addr 0xfe0040068 idx 0 fmt 1 regoff 0x0 n 921 (table contents not committed)
  load op 63 at 43: addr 0xfe0042068 idx 0 fmt 1 regoff 0x0 n 174 (table contents not committed)
  load op 64 at 48: addr 0xfe00425d8 idx 0 fmt 1 regoff 0x0 n 49 (table contents not committed)
submit #165 dcb 96 dwords at 0xfe0042920: pass 20 rewrite 2 drop 2 unmapped 0 cc 0 mappings 1040 ... OK rc 0 16.42 ms
timing: #165 done at t 14.359 s, 69.6 ms after the sync and hints
timing: t 14.360 s dcb 2647 dwords: sync 10.7 ms, hints 0.2 ms
  load op 9f at 36: addr 0xfe0040068 idx 0 fmt 1 regoff 0x0 n 921 (table contents not committed)
  load op 63 at 41: addr 0xfe0042068 idx 0 fmt 1 regoff 0x0 n 174 (table contents not committed)
  load op 64 at 46: addr 0xfe00425d8 idx 0 fmt 1 regoff 0x0 n 57 (table contents not committed)
  load op 9f at 88: addr 0x504301500 idx 0 fmt 1 regoff 0x0 n 136 (table contents not committed)
  load op 64 at 93: addr 0x504300500 idx 0 fmt 1 regoff 0x0 n 3 (table contents not committed)
  load op 63 at 98: addr 0x5042ff500 idx 0 fmt 1 regoff 0x0 n 3 (table contents not committed)
  load op 9f at 1541: addr 0xfe0040068 idx 0 fmt 1 regoff 0x0 n 921 (table contents not committed)
  load op 9f at 1548: addr 0x504301940 idx 0 fmt 1 regoff 0x0 n 70 (table contents not committed)
  load op 63 at 1553: addr 0x908e5ff90 idx 0 fmt 1 regoff 0x0 n 6 (table contents not committed)
  load op 9f at 1558: addr 0x908e5ffc0 idx 0 fmt 1 regoff 0x0 n 10 (table contents not committed)
  load op 63 at 1563: addr 0x908e5f7d0 idx 0 fmt 1 regoff 0x0 n 6 (table contents not committed)
  load op 9f at 1568: addr 0x908e5f800 idx 0 fmt 1 regoff 0x0 n 9 (table contents not committed)
  load op 64 at 1573: addr 0x504300518 idx 0 fmt 1 regoff 0x0 n 5 (table contents not committed)
  load op 9f at 1691: addr 0x504301b70 idx 0 fmt 1 regoff 0x0 n 131 (table contents not committed)
  load op 64 at 1698: addr 0x504300540 idx 0 fmt 1 regoff 0x0 n 1 (table contents not committed)
  load op 9f at 1730: addr 0xfe0040068 idx 0 fmt 1 regoff 0x0 n 921 (table contents not committed)
  load op 9f at 1737: addr 0x504301f88 idx 0 fmt 1 regoff 0x0 n 70 (table contents not committed)
  load op 63 at 1742: addr 0x908e5ff90 idx 0 fmt 1 regoff 0x0 n 6 (table contents not committed)
  load op 9f at 1747: addr 0x908e5ffc0 idx 0 fmt 1 regoff 0x0 n 10 (table contents not committed)
  load op 63 at 1752: addr 0x908e5f7d0 idx 0 fmt 1 regoff 0x0 n 6 (table contents not committed)
  load op 9f at 1757: addr 0x908e5f800 idx 0 fmt 1 regoff 0x0 n 9 (table contents not committed)
  load op 64 at 1762: addr 0x504300548 idx 0 fmt 1 regoff 0x0 n 5 (table contents not committed)
  load op 63 at 1858: addr 0x5042ff518 idx 0 fmt 1 regoff 0x0 n 10 (table contents not committed)
  load op 63 at 2049: addr 0x5042ff568 idx 0 fmt 1 regoff 0x0 n 28 (table contents not committed)
  load op 64 at 2123: addr 0x504300570 idx 0 fmt 1 regoff 0x0 n 5 (table contents not committed)
  load op 9f at 2130: addr 0x5043021b8 idx 0 fmt 1 regoff 0x0 n 96 (table contents not committed)
  load op 9f at 2135: addr 0x5042fe390 idx 0 fmt 1 regoff 0x0 n 194 (table contents not committed)
submit #166 dcb 2647 dwords at 0x503c02500: pass 236 rewrite 123 drop 120 unmapped 0 cc 4 mappings 1040 ... OK rc 0 16.52 ms
timing: #166 done at t 14.764 s, 393.0 ms after the sync and hints
state stack #166: push 2 pop 2 conditional 1 unmatched 0; restored 1842 regs (+1874 dwords); tables 13, unreadable 0
map 0x303990000 +0x10000 ... ok
map 0x334a30000 +0x110000 ... ok
map 0x500940000 +0x10000 ... ok
map 0x100a3d0000 +0x4a0000 ... ok
map 0x10ca2c0000 +0x20000 ... ok
map 0x110f530000 +0x320000 ... ok
swapped pages taken as resident so far: 0
vmas 107 total 13075.0 MiB resident 3177.5 MiB mapped 3177.7 MiB
timing: t 14.766 s dcb 851 dwords: sync 24.7 ms, hints 0.1 ms
  load op 9f at 38: addr 0xfe0040068 idx 0 fmt 1 regoff 0x0 n 921 (table contents not committed)
  load op 63 at 43: addr 0xfe0042068 idx 0 fmt 1 regoff 0x0 n 174 (table contents not committed)
  load op 64 at 48: addr 0xfe00425d8 idx 0 fmt 1 regoff 0x0 n 57 (table contents not committed)
  load op 9f at 90: addr 0x505e01500 idx 0 fmt 1 regoff 0x0 n 5 (table contents not committed)
  load op 64 at 95: addr 0x505e00500 idx 0 fmt 1 regoff 0x0 n 2 (table contents not committed)
  load op 63 at 100: addr 0x505dff500 idx 0 fmt 1 regoff 0x0 n 3 (table contents not committed)
submit #167 dcb 851 dwords at 0x505a02500: pass 47 rewrite 55 drop 45 unmapped 0 cc 0 mappings 1046 ... OK rc 0 16.30 ms
timing: #167 done at t 14.882 s, 91.0 ms after the sync and hints
map 0x334b40000 +0x70000 ... ok
map 0x100a870000 +0x50000 ... ok
map 0x110f850000 +0x310000 ... ok
swapped pages taken as resident so far: 0
vmas 107 total 13075.0 MiB resident 3181.4 MiB mapped 3181.5 MiB
timing: t 14.883 s acb 2 dwords: sync 18.6 ms, hints 0.0 ms
submit #168 acb 2 dwords at 0xfe003a200: pass 1 rewrite 0 drop 0 unmapped 0 cc 0 mappings 1049 ... OK rc 0 16.88 ms
timing: #168 done at t 14.923 s, 21.5 ms after the sync and hints
cpu-wait WAIT_REG_MEM64 at 87 on 0x400202d80: satisfied after 0.0 ms
timing: t 14.924 s after that wait (acb 463 dwords)
map 0x334bb0000 +0x10000 ... ok
map 0x100a8c0000 +0x10000 ... ok
map 0x110fb60000 +0x70000 ... ok
swapped pages taken as resident so far: 0
vmas 107 total 13075.0 MiB resident 3182.0 MiB mapped 3182.0 MiB
timing: t 14.924 s dcb 798 dwords: sync 18.5 ms, hints 0.2 ms
  load op 9f at 35: addr 0xfe0040068 idx 0 fmt 1 regoff 0x0 n 921 (table contents not committed)
  load op 63 at 40: addr 0xfe0042068 idx 0 fmt 1 regoff 0x0 n 174 (table contents not committed)
  load op 64 at 45: addr 0xfe00425d8 idx 0 fmt 1 regoff 0x0 n 57 (table contents not committed)
  load op 9f at 87: addr 0x506e01500 idx 0 fmt 1 regoff 0x0 n 136 (table contents not committed)
  load op 64 at 92: addr 0x506e00500 idx 0 fmt 1 regoff 0x0 n 3 (table contents not committed)
  load op 63 at 97: addr 0x506dff500 idx 0 fmt 1 regoff 0x0 n 3 (table contents not committed)
  load op 9f at 212: addr 0xfe0040068 idx 0 fmt 1 regoff 0x0 n 921 (table contents not committed)
  load op 9f at 219: addr 0x506e01940 idx 0 fmt 1 regoff 0x0 n 70 (table contents not committed)
  load op 63 at 224: addr 0x908e5ff90 idx 0 fmt 1 regoff 0x0 n 6 (table contents not committed)
  load op 9f at 229: addr 0x908e5ffc0 idx 0 fmt 1 regoff 0x0 n 10 (table contents not committed)
  load op 63 at 234: addr 0x908e5f7d0 idx 0 fmt 1 regoff 0x0 n 6 (table contents not committed)
  load op 9f at 239: addr 0x908e5f800 idx 0 fmt 1 regoff 0x0 n 9 (table contents not committed)
  load op 64 at 244: addr 0x506e00518 idx 0 fmt 1 regoff 0x0 n 5 (table contents not committed)
  load op 9f at 340: addr 0x506e01b70 idx 0 fmt 1 regoff 0x0 n 131 (table contents not committed)
  load op 64 at 347: addr 0x506e00540 idx 0 fmt 1 regoff 0x0 n 1 (table contents not committed)
  load op 9f at 379: addr 0xfe0040068 idx 0 fmt 1 regoff 0x0 n 921 (table contents not committed)
  load op 9f at 386: addr 0x506e01f88 idx 0 fmt 1 regoff 0x0 n 70 (table contents not committed)
  load op 63 at 391: addr 0x908e5ff90 idx 0 fmt 1 regoff 0x0 n 6 (table contents not committed)
  load op 9f at 396: addr 0x908e5ffc0 idx 0 fmt 1 regoff 0x0 n 10 (table contents not committed)
  load op 63 at 401: addr 0x908e5f7d0 idx 0 fmt 1 regoff 0x0 n 6 (table contents not committed)
  load op 9f at 406: addr 0x908e5f800 idx 0 fmt 1 regoff 0x0 n 9 (table contents not committed)
  load op 64 at 411: addr 0x506e00548 idx 0 fmt 1 regoff 0x0 n 5 (table contents not committed)
  load op 9f at 548: addr 0x506e021b8 idx 0 fmt 1 regoff 0x0 n 98 (table contents not committed)
  load op 64 at 555: addr 0x506e00570 idx 0 fmt 1 regoff 0x0 n 1 (table contents not committed)
  load op 9f at 560: addr 0x506dfe500 idx 0 fmt 1 regoff 0x0 n 33 (table contents not committed)
  load op 9f at 592: addr 0xfe0040068 idx 0 fmt 1 regoff 0x0 n 921 (table contents not committed)
  load op 9f at 599: addr 0x506dfe608 idx 0 fmt 1 regoff 0x0 n 70 (table contents not committed)
  load op 63 at 604: addr 0x908e5ff90 idx 0 fmt 1 regoff 0x0 n 6 (table contents not committed)
  load op 9f at 609: addr 0x908e5ffc0 idx 0 fmt 1 regoff 0x0 n 10 (table contents not committed)
  load op 63 at 614: addr 0x908e5f7d0 idx 0 fmt 1 regoff 0x0 n 6 (table contents not committed)
  load op 9f at 619: addr 0x908e5f800 idx 0 fmt 1 regoff 0x0 n 9 (table contents not committed)
  load op 64 at 624: addr 0x506e00578 idx 0 fmt 1 regoff 0x0 n 5 (table contents not committed)
submit #169 dcb 798 dwords at 0x506802500: pass 103 rewrite 35 drop 22 unmapped 0 cc 6 mappings 1052 ... OK rc 0 16.99 ms
timing: #169 done at t 15.386 s, 443.8 ms after the sync and hints
state stack #169: push 3 pop 3 conditional 1 unmatched 0; restored 2763 regs (+2811 dwords); tables 17, unreadable 0
map 0x334bc0000 +0x20000 ... ok
map 0x500950000 +0x10000 ... ok
map 0x100a8d0000 +0x840000 ... ok
map 0x105c1a0000 +0x5e0000 ... ok
map 0x10ca2e0000 +0x20000 ... ok
map 0x110fbd0000 +0x70000 ... ok
swapped pages taken as resident so far: 0
vmas 107 total 13075.0 MiB resident 3196.7 MiB mapped 3196.9 MiB
timing: t 15.388 s acb 463 dwords: sync 25.9 ms, hints 0.0 ms
submit #170 acb 463 dwords at 0x4004867c0: pass 43 rewrite 11 drop 27 unmapped 0 cc 0 mappings 1058 ... OK rc 0 17.28 ms
timing: #170 done at t 15.436 s, 22.3 ms after the sync and hints
acb head: 1287 of 1336 dwords go ahead of the wait at 1287 on 0x400202f80
map 0x100b110000 +0x1150000 ... ok
swapped pages taken as resident so far: 0
vmas 107 total 13075.0 MiB resident 3214.2 MiB mapped 3214.2 MiB
timing: t 15.437 s dcb 1248 dwords: sync 15.2 ms, hints 0.2 ms
  load op 9f at 36: addr 0xfe0040068 idx 0 fmt 1 regoff 0x0 n 921 (table contents not committed)
  load op 63 at 41: addr 0xfe0042068 idx 0 fmt 1 regoff 0x0 n 174 (table contents not committed)
  load op 64 at 46: addr 0xfe00425d8 idx 0 fmt 1 regoff 0x0 n 57 (table contents not committed)
  load op 9f at 88: addr 0x505201500 idx 0 fmt 1 regoff 0x0 n 5 (table contents not committed)
  load op 64 at 93: addr 0x505200500 idx 0 fmt 1 regoff 0x0 n 2 (table contents not committed)
  load op 63 at 98: addr 0x5051ff500 idx 0 fmt 1 regoff 0x0 n 3 (table contents not committed)
  load op 9f at 756: addr 0xfe0040068 idx 0 fmt 1 regoff 0x0 n 921 (table contents not committed)
  load op 9f at 763: addr 0x505201528 idx 0 fmt 1 regoff 0x0 n 74 (table contents not committed)
  load op 63 at 768: addr 0x908e5ff90 idx 0 fmt 1 regoff 0x0 n 6 (table contents not committed)
  load op 9f at 773: addr 0x908e5ffc0 idx 0 fmt 1 regoff 0x0 n 10 (table contents not committed)
  load op 64 at 778: addr 0x505200510 idx 0 fmt 1 regoff 0x0 n 5 (table contents not committed)
  load op 9f at 901: addr 0xfe0040068 idx 0 fmt 1 regoff 0x0 n 921 (table contents not committed)
  load op 9f at 908: addr 0x505201778 idx 0 fmt 1 regoff 0x0 n 74 (table contents not committed)
  load op 63 at 913: addr 0x908e5ff90 idx 0 fmt 1 regoff 0x0 n 6 (table contents not committed)
  load op 9f at 918: addr 0x908e5ffc0 idx 0 fmt 1 regoff 0x0 n 10 (table contents not committed)
  load op 64 at 923: addr 0x505200538 idx 0 fmt 1 regoff 0x0 n 5 (table contents not committed)
  load op 9f at 1046: addr 0xfe0040068 idx 0 fmt 1 regoff 0x0 n 921 (table contents not committed)
  load op 9f at 1053: addr 0x5052019c8 idx 0 fmt 1 regoff 0x0 n 74 (table contents not committed)
  load op 63 at 1058: addr 0x908e5ff90 idx 0 fmt 1 regoff 0x0 n 6 (table contents not committed)
  load op 9f at 1063: addr 0x908e5ffc0 idx 0 fmt 1 regoff 0x0 n 10 (table contents not committed)
  load op 64 at 1068: addr 0x505200560 idx 0 fmt 1 regoff 0x0 n 5 (table contents not committed)
submit #171 dcb 1248 dwords at 0x504e02500: pass 151 rewrite 46 drop 45 unmapped 0 cc 6 mappings 1059 ... OK rc 0 16.90 ms
timing: #171 done at t 15.836 s, 383.4 ms after the sync and hints
state stack #171: push 3 pop 3 conditional 1 unmatched 0; restored 2763 regs (+2811 dwords); tables 11, unreadable 0
flip 1/1 buffer 0x5093f0000 +0x1fe0000: sum 0x17ea65194594 nonzero 8100/8160 pattern 0
  target CB0 0x507410000: distinct 53 min 0xc0000000 max 0xc340d034,   target CB0 0x507410000: nonzero 1024/1024
map 0x334be0000 +0x100000 ...   target CB0 0x563800000: distinct 1 min 0x00000000 max 0x00000000, ok
  target CB0 0x563800000: nonzero 0/1024
map 0x334ce0000 +0x10000 ...   target CB0 0x55c00d000: distinct 4 min 0x00000000 max 0xffffffff, ok
  target CB0 0x55c00d000: nonzero 147/1024
map 0x334cf0000 +0x1d0000 ...   target CB0 0x5637f0000: distinct 1 min 0x00000000 max 0x00000000, ok
  target CB0 0x5637f0000: nonzero 0/1024
  target CB0 0x516830000: distinct 1 min 0x38003800 max 0x38003800,   target CB0 0x516830000: nonzero 1024/1024
map 0x500960000 +0x10000 ...   target CB0 0x56c05e000: distinct 2 min 0x00000000 max 0xffffffff, ok
  target CB0 0x56c05e000: nonzero 2/1024
  target DB_HTILE 0x514050000: distinct 2 min 0x00000000 max 0xfffffff0,   target DB_HTILE 0x514050000: nonzero 48/1024
  target DB_Z_READ 0x513560000: distinct 1 min 0x3f800000 max 0x3f800000,   target DB_Z_READ 0x513560000: nonzero 1024/1024
  target DB_STENCIL_READ 0x513dd0000: distinct 3 min 0x00000000 max 0xfffffff0, map 0x100c260000 +0x500000 ...   target DB_STENCIL_READ 0x513dd0000: nonzero 558/1024
ok
  target CB0 0x510d10000: distinct 1 min 0x00000000 max 0x00000000, map 0x10ca300000 +0x20000 ...   target CB0 0x510d10000: nonzero 0/1024
ok
  target CB0 0x556759000: distinct 3 min 0x00000000 max 0xffffffff, map 0x110fc40000 +0x6870000 ...   target CB0 0x556759000: nonzero 8/1024
  target CB0 0x56d898000: distinct 4 min 0x00000000 max 0x3ec00000,   target CB0 0x56d898000: nonzero 22/1024
  target CB0 0x512570000: distinct 1 min 0x00000000 max 0x00000000,   target CB0 0x512570000: nonzero 0/1024
  target CB0 0x56c058000: distinct 3 min 0x00000000 max 0xffffffff, ok
  target CB0 0x56c058000: nonzero 8/1024
swapped pages taken as resident so far: 0
  target DB_HTILE 0x55c050000: distinct 3 min 0x00000000 max 0xffffffff, vmas 107 total 13075.0 MiB resident 3326.6 MiB mapped 3326.7 MiB
  target DB_HTILE 0x55c050000: nonzero 144/1024
timing: t 15.838 s acb 1287 dwords: sync 40.1 ms, hints 0.0 ms
  target DB_Z_READ 0x527430000: distinct 1 min 0xffffffff max 0xffffffff,   target DB_Z_READ 0x527430000: nonzero 1024/1024
timing: t 15.882 s flip 1/1, VideoOutSubmitFlip took 0.0 ms
submit #172 acb 1287 dwords at 0x4002a55c0: pass 118 rewrite 35 drop 63 unmapped 0 cc 0 mappings 1066 ... OK rc 0 17.97 ms
timing: #172 done at t 15.906 s, 27.7 ms after the sync and hints
cpu-wait WAIT_REG_MEM64 at 115 on 0x400202d40: satisfied after 0.0 ms
timing: t 15.908 s after that wait (dcb 9774 dwords)
cpu-wait WAIT_REG_MEM64 at 1629 on 0x400202dc0: satisfied after 0.0 ms
timing: t 15.909 s after that wait (dcb 9774 dwords)
cpu-wait WAIT_REG_MEM64 at 9223 on 0x559cd49a53d8: satisfied after 0.0 ms
timing: t 15.911 s after that wait (dcb 9774 dwords)
map 0x334ec0000 +0xf0000 ... ok
map 0x100c760000 +0x260000 ... ok
map 0x11164b0000 +0x850000 ... ok
swapped pages taken as resident so far: 0
vmas 107 total 13075.0 MiB resident 3338.2 MiB mapped 3338.4 MiB
timing: t 15.912 s dcb 9774 dwords: sync 19.7 ms, hints 0.3 ms
  indirect op 16 at 1246: base 0x5074063c0 +0x0 -> 1 1 1 0 0
  indirect op 16 at 1278: base 0x5074063e0 +0x0 -> 1 1 1 0 0
  indirect op 16 at 1310: base 0x50740a520 +0x0 -> 1 1 1 0 0
  indirect op 16 at 1342: base 0x50740a540 +0x0 -> 1 1 1 0 0
  indirect op 25 at 4584: base 0x56ddaffa0 +0x0 -> 1 512 0 0 0
  load op 9f at 28: addr 0xfe0040068 idx 0 fmt 1 regoff 0x0 n 921 (table contents not committed)
  load op 63 at 33: addr 0xfe0042068 idx 0 fmt 1 regoff 0x0 n 174 (table contents not committed)
  load op 64 at 38: addr 0xfe00425d8 idx 0 fmt 1 regoff 0x0 n 57 (table contents not committed)
  load op 9f at 80: addr 0x502e01500 idx 0 fmt 1 regoff 0x0 n 295 (table contents not committed)
  load op 64 at 85: addr 0x502e00500 idx 0 fmt 1 regoff 0x0 n 7 (table contents not committed)
  load op 63 at 90: addr 0x502dff500 idx 0 fmt 1 regoff 0x0 n 13 (table contents not committed)
  load op 63 at 342: addr 0x502dff568 idx 0 fmt 1 regoff 0x0 n 10 (table contents not committed)
  load op 63 at 734: addr 0x502dff5b8 idx 0 fmt 1 regoff 0x0 n 18 (table contents not committed)
  load op 63 at 1217: addr 0x502dff648 idx 0 fmt 1 regoff 0x0 n 10 (table contents not committed)
  load op 63 at 1249: addr 0x502dff698 idx 0 fmt 1 regoff 0x0 n 10 (table contents not committed)
  load op 63 at 1281: addr 0x502dff6e8 idx 0 fmt 1 regoff 0x0 n 10 (table contents not committed)
  load op 63 at 1313: addr 0x502dff738 idx 0 fmt 1 regoff 0x0 n 10 (table contents not committed)
  load op 9f at 1724: addr 0xfe0040068 idx 0 fmt 1 regoff 0x0 n 921 (table contents not committed)
  load op 9f at 1731: addr 0x502e01e38 idx 0 fmt 1 regoff 0x0 n 74 (table contents not committed)
  load op 63 at 1736: addr 0x908e5ff90 idx 0 fmt 1 regoff 0x0 n 6 (table contents not committed)
  load op 9f at 1741: addr 0x908e5ffc0 idx 0 fmt 1 regoff 0x0 n 10 (table contents not committed)
  load op 64 at 1746: addr 0x502e00538 idx 0 fmt 1 regoff 0x0 n 5 (table contents not committed)
  load op 9f at 1799: addr 0x502e02088 idx 0 fmt 1 regoff 0x0 n 132 (table contents not committed)
  load op 63 at 1804: addr 0x502dff788 idx 0 fmt 1 regoff 0x0 n 30 (table contents not committed)
  load op 64 at 1884: addr 0x502e00560 idx 0 fmt 1 regoff 0x0 n 5 (table contents not committed)
  load op 9f at 1891: addr 0x502dfd440 idx 0 fmt 1 regoff 0x0 n 175 (table contents not committed)
  load op 63 at 2106: addr 0x502dff878 idx 0 fmt 1 regoff 0x0 n 20 (table contents not committed)
  load op 9f at 3069: addr 0xfe0040068 idx 0 fmt 1 regoff 0x0 n 921 (table contents not committed)
  load op 9f at 3076: addr 0x502dfd9b8 idx 0 fmt 1 regoff 0x0 n 70 (table contents not committed)
  load op 63 at 3081: addr 0x908e5ff90 idx 0 fmt 1 regoff 0x0 n 6 (table contents not committed)
  load op 9f at 3086: addr 0x908e5ffc0 idx 0 fmt 1 regoff 0x0 n 10 (table contents not committed)
  load op 63 at 3091: addr 0x908e5f7d0 idx 0 fmt 1 regoff 0x0 n 6 (table contents not committed)
  load op 9f at 3096: addr 0x908e5f800 idx 0 fmt 1 regoff 0x0 n 9 (table contents not committed)
  load op 64 at 3101: addr 0x502e00588 idx 0 fmt 1 regoff 0x0 n 5 (table contents not committed)
  load op 9f at 3140: addr 0x502dfdbe8 idx 0 fmt 1 regoff 0x0 n 19 (table contents not committed)
  load op 63 at 3145: addr 0x502dff918 idx 0 fmt 1 regoff 0x0 n 12 (table contents not committed)
  load op 9f at 3268: addr 0xfe0040068 idx 0 fmt 1 regoff 0x0 n 921 (table contents not committed)
  load op 9f at 3275: addr 0x502dfdc80 idx 0 fmt 1 regoff 0x0 n 74 (table contents not committed)
  load op 63 at 3280: addr 0x908e5ff90 idx 0 fmt 1 regoff 0x0 n 6 (table contents not committed)
  load op 9f at 3285: addr 0x908e5ffc0 idx 0 fmt 1 regoff 0x0 n 10 (table contents not committed)
  load op 64 at 3290: addr 0x502e005b0 idx 0 fmt 1 regoff 0x0 n 5 (table contents not committed)
  load op 9f at 3329: addr 0x502dfded0 idx 0 fmt 1 regoff 0x0 n 166 (table contents not committed)
  load op 63 at 3334: addr 0x502dff978 idx 0 fmt 1 regoff 0x0 n 30 (table contents not committed)
  load op 64 at 3430: addr 0x502e005d8 idx 0 fmt 1 regoff 0x0 n 5 (table contents not committed)
  load op 9f at 3437: addr 0x502dfc320 idx 0 fmt 1 regoff 0x0 n 135 (table contents not committed)
  load op 63 at 3675: addr 0x502dffa68 idx 0 fmt 1 regoff 0x0 n 36 (table contents not committed)
  load op 64 at 4540: addr 0x502e00600 idx 0 fmt 1 regoff 0x0 n 6 (table contents not committed)
  load op 9f at 4545: addr 0x502dfc758 idx 0 fmt 1 regoff 0x0 n 376 (table contents not committed)
  load op 9f at 4552: addr 0x502dfb118 idx 0 fmt 1 regoff 0x0 n 205 (table contents not committed)
  load op 9f at 4853: addr 0xfe0040068 idx 0 fmt 1 regoff 0x0 n 921 (table contents not committed)
  load op 9f at 4860: addr 0x502dfb780 idx 0 fmt 1 regoff 0x0 n 74 (table contents not committed)
  load op 63 at 4865: addr 0x908e5ff90 idx 0 fmt 1 regoff 0x0 n 6 (table contents not committed)
  load op 9f at 4870: addr 0x908e5ffc0 idx 0 fmt 1 regoff 0x0 n 10 (table contents not committed)
  load op 64 at 4875: addr 0x502e00630 idx 0 fmt 1 regoff 0x0 n 5 (table contents not committed)
  load op 63 at 4914: addr 0x502dffb88 idx 0 fmt 1 regoff 0x0 n 21 (table contents not committed)
  load op 9f at 4925: addr 0x502dfb9d0 idx 0 fmt 1 regoff 0x0 n 223 (table contents not committed)
  load op 63 at 5714: addr 0x502dffc30 idx 0 fmt 1 regoff 0x0 n 10 (table contents not committed)
  load op 63 at 5831: addr 0x502dffc80 idx 0 fmt 1 regoff 0x0 n 28 (table contents not committed)
  load op 64 at 5910: addr 0x502e00658 idx 0 fmt 1 regoff 0x0 n 5 (table contents not committed)
  load op 9f at 5917: addr 0x502df9e30 idx 0 fmt 1 regoff 0x0 n 67 (table contents not committed)
  load op 9f at 6045: addr 0x502dfa048 idx 0 fmt 1 regoff 0x0 n 121 (table contents not committed)
  load op 63 at 6050: addr 0x502dffd60 idx 0 fmt 1 regoff 0x0 n 18 (table contents not committed)
  load op 64 at 6055: addr 0x502e00680 idx 0 fmt 1 regoff 0x0 n 3 (table contents not committed)
  load op 9f at 6204: addr 0x502dfa410 idx 0 fmt 1 regoff 0x0 n 121 (table contents not committed)
  load op 63 at 6209: addr 0x502dffdf0 idx 0 fmt 1 regoff 0x0 n 18 (table contents not committed)
  load op 64 at 6214: addr 0x502e00698 idx 0 fmt 1 regoff 0x0 n 3 (table contents not committed)
  load op 63 at 6578: addr 0x502dffe80 idx 0 fmt 1 regoff 0x0 n 10 (table contents not committed)
  load op 9f at 7058: addr 0x502dfa7d8 idx 0 fmt 1 regoff 0x0 n 195 (table contents not committed)
  load op 9f at 7063: addr 0x502df8d80 idx 0 fmt 1 regoff 0x0 n 85 (table contents not committed)
  load op 63 at 7068: addr 0x502dffed0 idx 0 fmt 1 regoff 0x0 n 18 (table contents not committed)
  load op 64 at 7073: addr 0x502e006b0 idx 0 fmt 1 regoff 0x0 n 3 (table contents not committed)
  load op 9f at 7186: addr 0x502df9028 idx 0 fmt 1 regoff 0x0 n 129 (table contents not committed)
  load op 63 at 7191: addr 0x502dfff60 idx 0 fmt 1 regoff 0x0 n 18 (table contents not committed)
  load op 64 at 7196: addr 0x502e006c8 idx 0 fmt 1 regoff 0x0 n 3 (table contents not committed)
  load op 9f at 7309: addr 0x502df9430 idx 0 fmt 1 regoff 0x0 n 129 (table contents not committed)
  load op 63 at 7314: addr 0x502dffff0 idx 0 fmt 1 regoff 0x0 n 18 (table contents not committed)
  load op 64 at 7319: addr 0x502e006e0 idx 0 fmt 1 regoff 0x0 n 3 (table contents not committed)
  load op 9f at 7432: addr 0x502df9838 idx 0 fmt 1 regoff 0x0 n 58 (table contents not committed)
  load op 9f at 7537: addr 0x502df9a08 idx 0 fmt 1 regoff 0x0 n 66 (table contents not committed)
  load op 9f at 7642: addr 0x502df9c18 idx 0 fmt 1 regoff 0x0 n 37 (table contents not committed)
  load op 9f at 7647: addr 0x502df7300 idx 0 fmt 1 regoff 0x0 n 21 (table contents not committed)
  load op 9f at 7752: addr 0x502df73a8 idx 0 fmt 1 regoff 0x0 n 66 (table contents not committed)
  load op 9f at 7857: addr 0x502df75b8 idx 0 fmt 1 regoff 0x0 n 58 (table contents not committed)
  load op 9f at 7962: addr 0x502df7788 idx 0 fmt 1 regoff 0x0 n 130 (table contents not committed)
  load op 63 at 7967: addr 0x502e00080 idx 0 fmt 1 regoff 0x0 n 18 (table contents not committed)
  load op 64 at 7972: addr 0x502e006f8 idx 0 fmt 1 regoff 0x0 n 3 (table contents not committed)
  load op 9f at 8099: addr 0x502df7b98 idx 0 fmt 1 regoff 0x0 n 135 (table contents not committed)
  load op 63 at 8104: addr 0x502e00110 idx 0 fmt 1 regoff 0x0 n 18 (table contents not committed)
  load op 64 at 8109: addr 0x502e00710 idx 0 fmt 1 regoff 0x0 n 3 (table contents not committed)
  load op 63 at 8687: addr 0x502e001a0 idx 0 fmt 1 regoff 0x0 n 28 (table contents not committed)
  load op 64 at 9264: addr 0x502e00728 idx 0 fmt 1 regoff 0x0 n 5 (table contents not committed)
  load op 9f at 9269: addr 0x502df7fd0 idx 0 fmt 1 regoff 0x0 n 97 (table contents not committed)
  load op 9f at 9276: addr 0x502df5868 idx 0 fmt 1 regoff 0x0 n 183 (table contents not committed)
submit #173 dcb 9774 dwords at 0x502702500: pass 651 rewrite 493 drop 432 unmapped 1 cc 8 mappings 1069 ... OK rc 0 19.42 ms
timing: #173 done at t 17.298 s, 1365.7 ms after the sync and hints
state stack #173: push 4 pop 4 conditional 1 unmatched 0; restored 3684 regs (+3748 dwords); tables 40, unreadable 0
map 0x334fb0000 +0x380000 ... ok
map 0x500970000 +0x10000 ... ok
map 0x100c9c0000 +0x9c0000 ... ok
map 0x105c780000 +0xe70000 ... ok
map 0x10ca320000 +0x80000 ... ok
map 0x1116d00000 +0xb00000 ... ok
map 0x1117800000 +0x2ac0000 ... ok
swapped pages taken as resident so far: 0
vmas 107 total 13075.0 MiB resident 3420.2 MiB mapped 3420.4 MiB
timing: t 17.299 s acb 2 dwords: sync 28.7 ms, hints 0.0 ms
submit #174 acb 2 dwords at 0xfe003a200: pass 1 rewrite 0 drop 0 unmapped 0 cc 0 mappings 1076 ... OK rc 0 17.65 ms
timing: #174 done at t 17.350 s, 22.2 ms after the sync and hints
cpu-wait WAIT_REG_MEM64 at 0 on 0x400202f80: satisfied after 0.0 ms
map 0x335330000 +0x20000 ... timing: t 17.355 s after that wait (acb 49 dwords)
ok
swapped pages taken as resident so far: 0
vmas 107 total 13075.0 MiB resident 3420.5 MiB mapped 3420.5 MiB
timing: t 17.351 s cc 3 dwords: sync 16.3 ms, hints 0.0 ms
submit #175 cc 3 dwords at 0x313b17cf4: pass 0 rewrite 1 drop 0 unmapped 0 cc 1 mappings 1077 ... OK rc 0 17.86 ms
timing: #175 done at t 17.390 s, 22.5 ms after the sync and hints
timing: t 17.391 s acb 49 dwords: sync 11.1 ms, hints 0.0 ms
submit #176 acb 49 dwords at 0x4002a69dc: pass 2 rewrite 3 drop 3 unmapped 0 cc 0 mappings 1077 ... OK rc 0 17.82 ms
timing: #176 done at t 17.425 s, 22.5 ms after the sync and hints
timing: t 17.426 s hib 150 dwords: sync 11.4 ms, hints 0.1 ms
  load op 61 at 10: base 0xfe0008000 pairs (0x0,215) (0xd8,272) (0x1f5,4) (0x1ff,158) (0x2a0,2) (0x2a3,1) (0x2a5,66) (0x2f5,203)
  load op 5f at 29: base 0xfe0010000 pairs (0x1,1) (0x6,38) (0x32,4) (0x80,4) (0x87,37) (0xb2,4) (0xc8,2) (0x100,4) (0x107,37) (0x132,4) (0x148,2) (0x204,3) (0x20c,2) (0x212,2) (0x215,6) (0x224,5) (0x22a,1) (0x240,16) (0x27d,1) (0x280,1) (0x207,3)
  load op 5e at 74: base 0xfe0011000 pairs (0x35,8) (0xa2,1) (0x242,1) (0x248,1) (0x24a,2) (0x25b,6) (0x262,1) (0x2bb,5) (0x2c4,16) (0x2e4,8) (0x380,2) (0x383,2) (0x41d,3) (0x24d,1)
  load op 61 at 105: base 0xfe0008000 pairs (0x0,0)
  load op 5f at 110: base 0xfe0010000 pairs (0x0,0)
  load op 5e at 115: base 0xfe0011000 pairs (0x0,0)
  load op 61 at 125: base 0xfe0008000 pairs (0x0,0)
  load op 5f at 130: base 0xfe0010000 pairs (0x0,0)
  load op 5e at 135: base 0xfe0011000 pairs (0x0,0)
submit #177 hib 150 dwords at 0xfe0000000: pass 12 rewrite 2 drop 2 unmapped 0 cc 2 mappings 1077 ... OK rc 0 17.51 ms
timing: #177 done at t 17.519 s, 81.8 ms after the sync and hints
timing: t 17.520 s hib 2 dwords: sync 11.1 ms, hints 0.0 ms
submit #178 hib 2 dwords at 0xfe003a200: pass 1 rewrite 0 drop 0 unmapped 0 cc 0 mappings 1077 ... OK rc 0 17.62 ms
timing: #178 done at t 17.553 s, 22.3 ms after the sync and hints
timing: t 17.554 s dcb 96 dwords: sync 11.5 ms, hints 0.1 ms
  load op 9f at 38: addr 0xfe0040068 idx 0 fmt 1 regoff 0x0 n 921 (table contents not committed)
  load op 63 at 43: addr 0xfe0042068 idx 0 fmt 1 regoff 0x0 n 174 (table contents not committed)
  load op 64 at 48: addr 0xfe00425d8 idx 0 fmt 1 regoff 0x0 n 49 (table contents not committed)
submit #179 dcb 96 dwords at 0xfe0042920: pass 20 rewrite 2 drop 2 unmapped 0 cc 0 mappings 1077 ... OK rc 0 17.45 ms
timing: #179 done at t 17.638 s, 72.5 ms after the sync and hints
hint CB0 0x539100000: window 0x537100000+0x4000000, mapped +0.0 MiB
hint CB0 0x570a9d000: window 0x56ea90000+0x4000000, mapped +1.7 MiB
hint CB0 0x519df0000: window 0x517df0000+0x4000000, mapped +23.8 MiB
hint DB_HTILE 0x516870000: window 0x514870000+0x4000000, mapped +0.0 MiB
hint DB_Z_READ 0x5157a0000: window 0x5137a0000+0x4000000, mapped +0.0 MiB
hint DB_STENCIL_READ 0x5164b0000: window 0x5144b0000+0x4000000, mapped +0.0 MiB
timing: t 17.639 s dcb 3006 dwords: sync 11.0 ms, hints 10.8 ms
  load op 9f at 36: addr 0xfe0040068 idx 0 fmt 1 regoff 0x0 n 921 (table contents not committed)
  load op 63 at 41: addr 0xfe0042068 idx 0 fmt 1 regoff 0x0 n 174 (table contents not committed)
  load op 64 at 46: addr 0xfe00425d8 idx 0 fmt 1 regoff 0x0 n 57 (table contents not committed)
  load op 9f at 88: addr 0x504a01500 idx 0 fmt 1 regoff 0x0 n 136 (table contents not committed)
  load op 64 at 93: addr 0x504a00500 idx 0 fmt 1 regoff 0x0 n 3 (table contents not committed)
  load op 63 at 98: addr 0x5049ff500 idx 0 fmt 1 regoff 0x0 n 3 (table contents not committed)
  load op 9f at 1460: addr 0xfe0040068 idx 0 fmt 1 regoff 0x0 n 921 (table contents not committed)
  load op 9f at 1467: addr 0x504a01940 idx 0 fmt 1 regoff 0x0 n 70 (table contents not committed)
  load op 63 at 1472: addr 0x908e5ff90 idx 0 fmt 1 regoff 0x0 n 6 (table contents not committed)
  load op 9f at 1477: addr 0x908e5ffc0 idx 0 fmt 1 regoff 0x0 n 10 (table contents not committed)
  load op 63 at 1482: addr 0x908e5f7d0 idx 0 fmt 1 regoff 0x0 n 6 (table contents not committed)
  load op 9f at 1487: addr 0x908e5f800 idx 0 fmt 1 regoff 0x0 n 9 (table contents not committed)
  load op 64 at 1492: addr 0x504a00518 idx 0 fmt 1 regoff 0x0 n 5 (table contents not committed)
  load op 9f at 1861: addr 0x504a01b70 idx 0 fmt 1 regoff 0x0 n 131 (table contents not committed)
  load op 64 at 1868: addr 0x504a00540 idx 0 fmt 1 regoff 0x0 n 1 (table contents not committed)
  load op 9f at 1900: addr 0xfe0040068 idx 0 fmt 1 regoff 0x0 n 921 (table contents not committed)
  load op 9f at 1907: addr 0x504a01f88 idx 0 fmt 1 regoff 0x0 n 70 (table contents not committed)
  load op 63 at 1912: addr 0x908e5ff90 idx 0 fmt 1 regoff 0x0 n 6 (table contents not committed)
  load op 9f at 1917: addr 0x908e5ffc0 idx 0 fmt 1 regoff 0x0 n 10 (table contents not committed)
  load op 63 at 1922: addr 0x908e5f7d0 idx 0 fmt 1 regoff 0x0 n 6 (table contents not committed)
  load op 9f at 1927: addr 0x908e5f800 idx 0 fmt 1 regoff 0x0 n 9 (table contents not committed)
  load op 64 at 1932: addr 0x504a00548 idx 0 fmt 1 regoff 0x0 n 5 (table contents not committed)
  load op 9f at 2050: addr 0x504a021b8 idx 0 fmt 1 regoff 0x0 n 98 (table contents not committed)
  load op 64 at 2057: addr 0x504a00570 idx 0 fmt 1 regoff 0x0 n 1 (table contents not committed)
  load op 9f at 2062: addr 0x5049fe500 idx 0 fmt 1 regoff 0x0 n 33 (table contents not committed)
  load op 9f at 2094: addr 0xfe0040068 idx 0 fmt 1 regoff 0x0 n 921 (table contents not committed)
  load op 9f at 2101: addr 0x5049fe608 idx 0 fmt 1 regoff 0x0 n 70 (table contents not committed)
  load op 63 at 2106: addr 0x908e5ff90 idx 0 fmt 1 regoff 0x0 n 6 (table contents not committed)
  load op 9f at 2111: addr 0x908e5ffc0 idx 0 fmt 1 regoff 0x0 n 10 (table contents not committed)
  load op 63 at 2116: addr 0x908e5f7d0 idx 0 fmt 1 regoff 0x0 n 6 (table contents not committed)
  load op 9f at 2121: addr 0x908e5f800 idx 0 fmt 1 regoff 0x0 n 9 (table contents not committed)
  load op 64 at 2126: addr 0x504a00578 idx 0 fmt 1 regoff 0x0 n 5 (table contents not committed)
  load op 63 at 2222: addr 0x5049ff518 idx 0 fmt 1 regoff 0x0 n 10 (table contents not committed)
  load op 63 at 2413: addr 0x5049ff568 idx 0 fmt 1 regoff 0x0 n 28 (table contents not committed)
  load op 64 at 2487: addr 0x504a005a0 idx 0 fmt 1 regoff 0x0 n 5 (table contents not committed)
  load op 9f at 2494: addr 0x5049fe838 idx 0 fmt 1 regoff 0x0 n 290 (table contents not committed)
submit #180 dcb 3006 dwords at 0x504302500: pass 293 rewrite 132 drop 126 unmapped 0 cc 6 mappings 1079 ... OK rc 0 17.97 ms
timing: #180 done at t 18.170 s, 508.6 ms after the sync and hints
state stack #180: push 3 pop 3 conditional 1 unmatched 0; restored 2763 regs (+2811 dwords); tables 18, unreadable 0
timing: t 18.172 s dcb 851 dwords: sync 11.5 ms, hints 0.1 ms
  load op 9f at 38: addr 0xfe0040068 idx 0 fmt 1 regoff 0x0 n 921 (table contents not committed)
  load op 63 at 43: addr 0xfe0042068 idx 0 fmt 1 regoff 0x0 n 174 (table contents not committed)
  load op 64 at 48: addr 0xfe00425d8 idx 0 fmt 1 regoff 0x0 n 57 (table contents not committed)
  load op 9f at 90: addr 0x506201500 idx 0 fmt 1 regoff 0x0 n 5 (table contents not committed)
  load op 64 at 95: addr 0x506200500 idx 0 fmt 1 regoff 0x0 n 2 (table contents not committed)
  load op 63 at 100: addr 0x5061ff500 idx 0 fmt 1 regoff 0x0 n 3 (table contents not committed)
submit #181 dcb 851 dwords at 0x505e02500: pass 47 rewrite 55 drop 45 unmapped 0 cc 0 mappings 1079 ... OK rc 0 17.64 ms
timing: #181 done at t 18.275 s, 91.7 ms after the sync and hints
timing: t 18.276 s acb 2 dwords: sync 11.1 ms, hints 0.0 ms
submit #182 acb 2 dwords at 0xfe003a200: pass 1 rewrite 0 drop 0 unmapped 0 cc 0 mappings 1079 ... OK rc 0 18.10 ms
timing: #182 done at t 18.310 s, 23.1 ms after the sync and hints
cpu-wait WAIT_REG_MEM64 at 87 on 0x400203980: satisfied after 0.0 ms
timing: t 18.314 s after that wait (acb 463 dwords)
hint CB0 0x511650000: window 0x50f650000+0x4000000, mapped +0.0 MiB
hint CB0 0x570a3c000: window 0x56ea30000+0x4000000, mapped +0.0 MiB
hint CB0 0x570a45000: window 0x56ea40000+0x4000000, mapped +0.0 MiB
hint CB0 0x513d80000: window 0x511d80000+0x4000000, mapped +0.0 MiB
hint CB0 0x570a72000: window 0x56ea70000+0x4000000, mapped +0.0 MiB
timing: t 18.311 s dcb 798 dwords: sync 11.4 ms, hints 4.7 ms
  load op 9f at 35: addr 0xfe0040068 idx 0 fmt 1 regoff 0x0 n 921 (table contents not committed)
  load op 63 at 40: addr 0xfe0042068 idx 0 fmt 1 regoff 0x0 n 174 (table contents not committed)
  load op 64 at 45: addr 0xfe00425d8 idx 0 fmt 1 regoff 0x0 n 57 (table contents not committed)
  load op 9f at 87: addr 0x507401500 idx 0 fmt 1 regoff 0x0 n 136 (table contents not committed)
  load op 64 at 92: addr 0x507400500 idx 0 fmt 1 regoff 0x0 n 3 (table contents not committed)
  load op 63 at 97: addr 0x5073ff500 idx 0 fmt 1 regoff 0x0 n 3 (table contents not committed)
  load op 9f at 212: addr 0xfe0040068 idx 0 fmt 1 regoff 0x0 n 921 (table contents not committed)
  load op 9f at 219: addr 0x507401940 idx 0 fmt 1 regoff 0x0 n 70 (table contents not committed)
  load op 63 at 224: addr 0x908e5ff90 idx 0 fmt 1 regoff 0x0 n 6 (table contents not committed)
  load op 9f at 229: addr 0x908e5ffc0 idx 0 fmt 1 regoff 0x0 n 10 (table contents not committed)
  load op 63 at 234: addr 0x908e5f7d0 idx 0 fmt 1 regoff 0x0 n 6 (table contents not committed)
  load op 9f at 239: addr 0x908e5f800 idx 0 fmt 1 regoff 0x0 n 9 (table contents not committed)
  load op 64 at 244: addr 0x507400518 idx 0 fmt 1 regoff 0x0 n 5 (table contents not committed)
  load op 9f at 340: addr 0x507401b70 idx 0 fmt 1 regoff 0x0 n 131 (table contents not committed)
  load op 64 at 347: addr 0x507400540 idx 0 fmt 1 regoff 0x0 n 1 (table contents not committed)
  load op 9f at 379: addr 0xfe0040068 idx 0 fmt 1 regoff 0x0 n 921 (table contents not committed)
  load op 9f at 386: addr 0x507401f88 idx 0 fmt 1 regoff 0x0 n 70 (table contents not committed)
  load op 63 at 391: addr 0x908e5ff90 idx 0 fmt 1 regoff 0x0 n 6 (table contents not committed)
  load op 9f at 396: addr 0x908e5ffc0 idx 0 fmt 1 regoff 0x0 n 10 (table contents not committed)
  load op 63 at 401: addr 0x908e5f7d0 idx 0 fmt 1 regoff 0x0 n 6 (table contents not committed)
  load op 9f at 406: addr 0x908e5f800 idx 0 fmt 1 regoff 0x0 n 9 (table contents not committed)
  load op 64 at 411: addr 0x507400548 idx 0 fmt 1 regoff 0x0 n 5 (table contents not committed)
  load op 9f at 548: addr 0x5074021b8 idx 0 fmt 1 regoff 0x0 n 98 (table contents not committed)
  load op 64 at 555: addr 0x507400570 idx 0 fmt 1 regoff 0x0 n 1 (table contents not committed)
  load op 9f at 560: addr 0x5073fe500 idx 0 fmt 1 regoff 0x0 n 33 (table contents not committed)
  load op 9f at 592: addr 0xfe0040068 idx 0 fmt 1 regoff 0x0 n 921 (table contents not committed)
  load op 9f at 599: addr 0x5073fe608 idx 0 fmt 1 regoff 0x0 n 70 (table contents not committed)
  load op 63 at 604: addr 0x908e5ff90 idx 0 fmt 1 regoff 0x0 n 6 (table contents not committed)
  load op 9f at 609: addr 0x908e5ffc0 idx 0 fmt 1 regoff 0x0 n 10 (table contents not committed)
  load op 63 at 614: addr 0x908e5f7d0 idx 0 fmt 1 regoff 0x0 n 6 (table contents not committed)
  load op 9f at 619: addr 0x908e5f800 idx 0 fmt 1 regoff 0x0 n 9 (table contents not committed)
  load op 64 at 624: addr 0x507400578 idx 0 fmt 1 regoff 0x0 n 5 (table contents not committed)
submit #183 dcb 798 dwords at 0x506e02500: pass 103 rewrite 35 drop 22 unmapped 0 cc 6 mappings 1079 ... OK rc 0 18.00 ms
timing: #183 done at t 18.766 s, 438.6 ms after the sync and hints
state stack #183: push 3 pop 3 conditional 1 unmatched 0; restored 2763 regs (+2811 dwords); tables 17, unreadable 0
timing: t 18.768 s acb 463 dwords: sync 11.0 ms, hints 0.0 ms
submit #184 acb 463 dwords at 0x400526840: pass 43 rewrite 11 drop 27 unmapped 0 cc 0 mappings 1079 ... OK rc 0 17.73 ms
timing: #184 done at t 18.801 s, 22.7 ms after the sync and hints
acb head: 1287 of 1336 dwords go ahead of the wait at 1287 on 0x400203b80
timing: t 18.802 s dcb 1248 dwords: sync 11.4 ms, hints 0.2 ms
  load op 9f at 36: addr 0xfe0040068 idx 0 fmt 1 regoff 0x0 n 921 (table contents not committed)
  load op 63 at 41: addr 0xfe0042068 idx 0 fmt 1 regoff 0x0 n 174 (table contents not committed)
  load op 64 at 46: addr 0xfe00425d8 idx 0 fmt 1 regoff 0x0 n 57 (table contents not committed)
  load op 9f at 88: addr 0x505601500 idx 0 fmt 1 regoff 0x0 n 5 (table contents not committed)
  load op 64 at 93: addr 0x505600500 idx 0 fmt 1 regoff 0x0 n 2 (table contents not committed)
  load op 63 at 98: addr 0x5055ff500 idx 0 fmt 1 regoff 0x0 n 3 (table contents not committed)
  load op 9f at 756: addr 0xfe0040068 idx 0 fmt 1 regoff 0x0 n 921 (table contents not committed)
  load op 9f at 763: addr 0x505601528 idx 0 fmt 1 regoff 0x0 n 74 (table contents not committed)
  load op 63 at 768: addr 0x908e5ff90 idx 0 fmt 1 regoff 0x0 n 6 (table contents not committed)
  load op 9f at 773: addr 0x908e5ffc0 idx 0 fmt 1 regoff 0x0 n 10 (table contents not committed)
  load op 64 at 778: addr 0x505600510 idx 0 fmt 1 regoff 0x0 n 5 (table contents not committed)
  load op 9f at 901: addr 0xfe0040068 idx 0 fmt 1 regoff 0x0 n 921 (table contents not committed)
  load op 9f at 908: addr 0x505601778 idx 0 fmt 1 regoff 0x0 n 74 (table contents not committed)
  load op 63 at 913: addr 0x908e5ff90 idx 0 fmt 1 regoff 0x0 n 6 (table contents not committed)
  load op 9f at 918: addr 0x908e5ffc0 idx 0 fmt 1 regoff 0x0 n 10 (table contents not committed)
  load op 64 at 923: addr 0x505600538 idx 0 fmt 1 regoff 0x0 n 5 (table contents not committed)
  load op 9f at 1046: addr 0xfe0040068 idx 0 fmt 1 regoff 0x0 n 921 (table contents not committed)
  load op 9f at 1053: addr 0x5056019c8 idx 0 fmt 1 regoff 0x0 n 74 (table contents not committed)
  load op 63 at 1058: addr 0x908e5ff90 idx 0 fmt 1 regoff 0x0 n 6 (table contents not committed)
  load op 9f at 1063: addr 0x908e5ffc0 idx 0 fmt 1 regoff 0x0 n 10 (table contents not committed)
  load op 64 at 1068: addr 0x505600560 idx 0 fmt 1 regoff 0x0 n 5 (table contents not committed)
submit #185 dcb 1248 dwords at 0x505202500: pass 151 rewrite 46 drop 45 unmapped 0 cc 6 mappings 1079 ... OK rc 0 17.80 ms
timing: #185 done at t 19.109 s, 295.5 ms after the sync and hints
state stack #185: push 3 pop 3 conditional 1 unmatched 0; restored 2763 regs (+2811 dwords); tables 11, unreadable 0
flip 1/0 buffer 0x507410000 +0x1fe0000: sum 0x17ea65194594 nonzero 8100/8160 pattern 0
  target CB0 0x570a9d000: distinct 6 min 0x00000000 max 0xffffffff,   target CB0 0x570a9d000: nonzero 8/1024
  target CB0 0x563800000: distinct 1 min 0x00000000 max 0x00000000,   target CB0 0x563800000: nonzero 0/1024
  target CB0 0x55c00d000: distinct 4 min 0x00000000 max 0xffffffff,   target CB0 0x55c00d000: nonzero 147/1024
  target CB0 0x5637f0000: distinct 1 min 0x00000000 max 0x00000000,   target CB0 0x5637f0000: nonzero 0/1024
  target CB0 0x519df0000: distinct 1 min 0x38003800 max 0x38003800,   target CB0 0x519df0000: nonzero 1024/1024
  target CB0 0x570a99000: distinct 6 min 0x00000000 max 0xffffffff, timing: t 19.111 s acb 1287 dwords: sync 11.2 ms, hints 0.0 ms
  target CB0 0x570a99000: nonzero 10/1024
  target DB_HTILE 0x516870000: distinct 2 min 0x38003800 max 0xfffffff0,   target DB_HTILE 0x516870000: nonzero 1024/1024
submit #186 acb 1287 dwords at 0x400345640: pass 118 rewrite 35 drop 63 unmapped 0 cc 0 mappings 1079 ...   target DB_Z_READ 0x5157a0000: distinct 1 min 0x00000000 max 0x00000000,   target DB_Z_READ 0x5157a0000: nonzero 0/1024
  target DB_STENCIL_READ 0x5164b0000: distinct 3 min 0x00000000 max 0xfffffff0,   target DB_STENCIL_READ 0x5164b0000: nonzero 881/1024
  target CB0 0x511650000: distinct 1 min 0x00000000 max 0x00000000,   target CB0 0x511650000: nonzero 0/1024
  target CB0 0x570a3c000: distinct 7 min 0x00000000 max 0xffffffff,   target CB0 0x570a3c000: nonzero 58/1024
  target CB0 0x570a45000: distinct 7 min 0x00000000 max 0xffffffff,   target CB0 0x570a45000: nonzero 49/1024
  target CB0 0x513d80000: distinct 1 min 0x00000000 max 0x00000000,   target CB0 0x513d80000: nonzero 0/1024
  target CB0 0x570a72000: distinct 6 min 0x00000000 max 0xffffffff,   target CB0 0x570a72000: nonzero 19/1024
  target DB_HTILE 0x55c050000: distinct 3 min 0x00000000 max 0xffffffff,   target DB_HTILE 0x55c050000: nonzero 144/1024
  target DB_Z_READ 0x527430000: distinct 1 min 0xffffffff max 0xffffffff,   target DB_Z_READ 0x527430000: nonzero 1024/1024
timing: t 19.145 s flip 1/0, VideoOutSubmitFlip took 0.0 ms
OK rc 0 18.67 ms
timing: #186 done at t 19.148 s, 25.6 ms after the sync and hints
cpu-wait WAIT_REG_MEM64 at 115 on 0x400203940: satisfied after 0.0 ms
timing: t 19.150 s after that wait (dcb 9774 dwords)
cpu-wait WAIT_REG_MEM64 at 1629 on 0x4002039c0: satisfied after 0.0 ms
timing: t 19.151 s after that wait (dcb 9774 dwords)
cpu-wait WAIT_REG_MEM64 at 9223 on 0x559cd49a53d0: satisfied after 0.0 ms
timing: t 19.153 s after that wait (dcb 9774 dwords)
hint CB0 0x510940000: window 0x50e940000+0x4000000, mapped +0.0 MiB
hint CB0 0x570a2d000: window 0x56ea20000+0x4000000, mapped +0.0 MiB
hint CB0 0x5168c0000: window 0x5148c0000+0x4000000, mapped +0.0 MiB
hint CB0 0x53be90000: window 0x539e90000+0x4000000, mapped +0.0 MiB
hint CB0 0x570b9c000: window 0x56eb90000+0x4000000, mapped +1.0 MiB
hint CB0 0x53d4a0000: window 0x53b4a0000+0x4000000, mapped +0.0 MiB
hint CB0 0x53db80000: window 0x53bb80000+0x4000000, mapped +0.0 MiB
hint CB0 0x53ba80000: window 0x539a80000+0x4000000, mapped +0.0 MiB
hint CB0 0x570be5000: window 0x56ebe0000+0x4000000, mapped +0.3 MiB
hint CB0 0x570c99000: window 0x56ec90000+0x4000000, mapped +0.7 MiB
hint CB0 0x53b300000: window 0x539300000+0x4000000, mapped +0.0 MiB
hint CB0 0x570cb1000: window 0x56ecb0000+0x4000000, mapped +0.1 MiB
hint CB0 0x53b580000: window 0x539580000+0x4000000, mapped +0.0 MiB
hint CB0 0x570b6f000: window 0x56eb60000+0x4000000, mapped +0.0 MiB
hint CB0 0x53cb60000: window 0x53ab60000+0x4000000, mapped +0.0 MiB
hint CB0 0x53b640000: window 0x539640000+0x4000000, mapped +0.0 MiB
hint CB0 0x53b680000: window 0x539680000+0x4000000, mapped +0.0 MiB
hint CB0 0x53cc20000: window 0x53ac20000+0x4000000, mapped +0.0 MiB
hint CB0 0x53cc30000: window 0x53ac30000+0x4000000, mapped +0.0 MiB
hint CB0 0x53c2f0000: window 0x53a2f0000+0x4000000, mapped +0.0 MiB
hint CB0 0x570ca5000: window 0x56eca0000+0x4000000, mapped +0.0 MiB
hint CB0 0x570c21000: window 0x56ec20000+0x4000000, mapped +0.0 MiB
timing: t 19.155 s dcb 9774 dwords: sync 11.2 ms, hints 20.3 ms
  indirect op 16 at 1246: base 0x5074063c0 +0x0 -> 1 1 1 0 0
  indirect op 16 at 1278: base 0x5074063e0 +0x0 -> 1 1 1 0 0
  indirect op 16 at 1310: base 0x50740a520 +0x0 -> 1 1 1 0 0
  indirect op 16 at 1342: base 0x50740a540 +0x0 -> 1 1 1 0 0
  indirect op 25 at 4584: base 0x56ddaffa0 +0x0 -> 1 512 0 0 0
  load op 9f at 28: addr 0xfe0040068 idx 0 fmt 1 regoff 0x0 n 921 (table contents not committed)
  load op 63 at 33: addr 0xfe0042068 idx 0 fmt 1 regoff 0x0 n 174 (table contents not committed)
  load op 64 at 38: addr 0xfe00425d8 idx 0 fmt 1 regoff 0x0 n 57 (table contents not committed)
  load op 9f at 80: addr 0x503501500 idx 0 fmt 1 regoff 0x0 n 295 (table contents not committed)
  load op 64 at 85: addr 0x503500500 idx 0 fmt 1 regoff 0x0 n 7 (table contents not committed)
  load op 63 at 90: addr 0x5034ff500 idx 0 fmt 1 regoff 0x0 n 13 (table contents not committed)
  load op 63 at 342: addr 0x5034ff568 idx 0 fmt 1 regoff 0x0 n 10 (table contents not committed)
  load op 63 at 734: addr 0x5034ff5b8 idx 0 fmt 1 regoff 0x0 n 18 (table contents not committed)
  load op 63 at 1217: addr 0x5034ff648 idx 0 fmt 1 regoff 0x0 n 10 (table contents not committed)
  load op 63 at 1249: addr 0x5034ff698 idx 0 fmt 1 regoff 0x0 n 10 (table contents not committed)
  load op 63 at 1281: addr 0x5034ff6e8 idx 0 fmt 1 regoff 0x0 n 10 (table contents not committed)
  load op 63 at 1313: addr 0x5034ff738 idx 0 fmt 1 regoff 0x0 n 10 (table contents not committed)
  load op 9f at 1724: addr 0xfe0040068 idx 0 fmt 1 regoff 0x0 n 921 (table contents not committed)
  load op 9f at 1731: addr 0x503501e38 idx 0 fmt 1 regoff 0x0 n 74 (table contents not committed)
  load op 63 at 1736: addr 0x908e5ff90 idx 0 fmt 1 regoff 0x0 n 6 (table contents not committed)
  load op 9f at 1741: addr 0x908e5ffc0 idx 0 fmt 1 regoff 0x0 n 10 (table contents not committed)
  load op 64 at 1746: addr 0x503500538 idx 0 fmt 1 regoff 0x0 n 5 (table contents not committed)
  load op 9f at 1799: addr 0x503502088 idx 0 fmt 1 regoff 0x0 n 132 (table contents not committed)
  load op 63 at 1804: addr 0x5034ff788 idx 0 fmt 1 regoff 0x0 n 30 (table contents not committed)
  load op 64 at 1884: addr 0x503500560 idx 0 fmt 1 regoff 0x0 n 5 (table contents not committed)
  load op 9f at 1891: addr 0x5034fd440 idx 0 fmt 1 regoff 0x0 n 175 (table contents not committed)
  load op 63 at 2106: addr 0x5034ff878 idx 0 fmt 1 regoff 0x0 n 20 (table contents not committed)
  load op 9f at 3069: addr 0xfe0040068 idx 0 fmt 1 regoff 0x0 n 921 (table contents not committed)
  load op 9f at 3076: addr 0x5034fd9b8 idx 0 fmt 1 regoff 0x0 n 70 (table contents not committed)
  load op 63 at 3081: addr 0x908e5ff90 idx 0 fmt 1 regoff 0x0 n 6 (table contents not committed)
  load op 9f at 3086: addr 0x908e5ffc0 idx 0 fmt 1 regoff 0x0 n 10 (table contents not committed)
  load op 63 at 3091: addr 0x908e5f7d0 idx 0 fmt 1 regoff 0x0 n 6 (table contents not committed)
  load op 9f at 3096: addr 0x908e5f800 idx 0 fmt 1 regoff 0x0 n 9 (table contents not committed)
  load op 64 at 3101: addr 0x503500588 idx 0 fmt 1 regoff 0x0 n 5 (table contents not committed)
  load op 9f at 3140: addr 0x5034fdbe8 idx 0 fmt 1 regoff 0x0 n 19 (table contents not committed)
  load op 63 at 3145: addr 0x5034ff918 idx 0 fmt 1 regoff 0x0 n 12 (table contents not committed)
  load op 9f at 3268: addr 0xfe0040068 idx 0 fmt 1 regoff 0x0 n 921 (table contents not committed)
  load op 9f at 3275: addr 0x5034fdc80 idx 0 fmt 1 regoff 0x0 n 74 (table contents not committed)
  load op 63 at 3280: addr 0x908e5ff90 idx 0 fmt 1 regoff 0x0 n 6 (table contents not committed)
  load op 9f at 3285: addr 0x908e5ffc0 idx 0 fmt 1 regoff 0x0 n 10 (table contents not committed)
  load op 64 at 3290: addr 0x5035005b0 idx 0 fmt 1 regoff 0x0 n 5 (table contents not committed)
  load op 9f at 3329: addr 0x5034fded0 idx 0 fmt 1 regoff 0x0 n 166 (table contents not committed)
  load op 63 at 3334: addr 0x5034ff978 idx 0 fmt 1 regoff 0x0 n 30 (table contents not committed)
  load op 64 at 3430: addr 0x5035005d8 idx 0 fmt 1 regoff 0x0 n 5 (table contents not committed)
  load op 9f at 3437: addr 0x5034fc320 idx 0 fmt 1 regoff 0x0 n 135 (table contents not committed)
  load op 63 at 3675: addr 0x5034ffa68 idx 0 fmt 1 regoff 0x0 n 36 (table contents not committed)
  load op 64 at 4540: addr 0x503500600 idx 0 fmt 1 regoff 0x0 n 6 (table contents not committed)
  load op 9f at 4545: addr 0x5034fc758 idx 0 fmt 1 regoff 0x0 n 376 (table contents not committed)
  load op 9f at 4552: addr 0x5034fb118 idx 0 fmt 1 regoff 0x0 n 205 (table contents not committed)
  load op 9f at 4853: addr 0xfe0040068 idx 0 fmt 1 regoff 0x0 n 921 (table contents not committed)
  load op 9f at 4860: addr 0x5034fb780 idx 0 fmt 1 regoff 0x0 n 74 (table contents not committed)
  load op 63 at 4865: addr 0x908e5ff90 idx 0 fmt 1 regoff 0x0 n 6 (table contents not committed)
  load op 9f at 4870: addr 0x908e5ffc0 idx 0 fmt 1 regoff 0x0 n 10 (table contents not committed)
  load op 64 at 4875: addr 0x503500630 idx 0 fmt 1 regoff 0x0 n 5 (table contents not committed)
  load op 63 at 4914: addr 0x5034ffb88 idx 0 fmt 1 regoff 0x0 n 21 (table contents not committed)
  load op 9f at 4925: addr 0x5034fb9d0 idx 0 fmt 1 regoff 0x0 n 223 (table contents not committed)
  load op 63 at 5714: addr 0x5034ffc30 idx 0 fmt 1 regoff 0x0 n 10 (table contents not committed)
  load op 63 at 5831: addr 0x5034ffc80 idx 0 fmt 1 regoff 0x0 n 28 (table contents not committed)
  load op 64 at 5910: addr 0x503500658 idx 0 fmt 1 regoff 0x0 n 5 (table contents not committed)
  load op 9f at 5917: addr 0x5034f9e30 idx 0 fmt 1 regoff 0x0 n 67 (table contents not committed)
  load op 9f at 6045: addr 0x5034fa048 idx 0 fmt 1 regoff 0x0 n 121 (table contents not committed)
  load op 63 at 6050: addr 0x5034ffd60 idx 0 fmt 1 regoff 0x0 n 18 (table contents not committed)
  load op 64 at 6055: addr 0x503500680 idx 0 fmt 1 regoff 0x0 n 3 (table contents not committed)
  load op 9f at 6204: addr 0x5034fa410 idx 0 fmt 1 regoff 0x0 n 121 (table contents not committed)
  load op 63 at 6209: addr 0x5034ffdf0 idx 0 fmt 1 regoff 0x0 n 18 (table contents not committed)
  load op 64 at 6214: addr 0x503500698 idx 0 fmt 1 regoff 0x0 n 3 (table contents not committed)
  load op 63 at 6578: addr 0x5034ffe80 idx 0 fmt 1 regoff 0x0 n 10 (table contents not committed)
  load op 9f at 7058: addr 0x5034fa7d8 idx 0 fmt 1 regoff 0x0 n 195 (table contents not committed)
  load op 9f at 7063: addr 0x5034f8d80 idx 0 fmt 1 regoff 0x0 n 85 (table contents not committed)
  load op 63 at 7068: addr 0x5034ffed0 idx 0 fmt 1 regoff 0x0 n 18 (table contents not committed)
  load op 64 at 7073: addr 0x5035006b0 idx 0 fmt 1 regoff 0x0 n 3 (table contents not committed)
  load op 9f at 7186: addr 0x5034f9028 idx 0 fmt 1 regoff 0x0 n 129 (table contents not committed)
  load op 63 at 7191: addr 0x5034fff60 idx 0 fmt 1 regoff 0x0 n 18 (table contents not committed)
  load op 64 at 7196: addr 0x5035006c8 idx 0 fmt 1 regoff 0x0 n 3 (table contents not committed)
  load op 9f at 7309: addr 0x5034f9430 idx 0 fmt 1 regoff 0x0 n 129 (table contents not committed)
  load op 63 at 7314: addr 0x5034ffff0 idx 0 fmt 1 regoff 0x0 n 18 (table contents not committed)
  load op 64 at 7319: addr 0x5035006e0 idx 0 fmt 1 regoff 0x0 n 3 (table contents not committed)
  load op 9f at 7432: addr 0x5034f9838 idx 0 fmt 1 regoff 0x0 n 58 (table contents not committed)
  load op 9f at 7537: addr 0x5034f9a08 idx 0 fmt 1 regoff 0x0 n 66 (table contents not committed)
  load op 9f at 7642: addr 0x5034f9c18 idx 0 fmt 1 regoff 0x0 n 37 (table contents not committed)
  load op 9f at 7647: addr 0x5034f7300 idx 0 fmt 1 regoff 0x0 n 21 (table contents not committed)
  load op 9f at 7752: addr 0x5034f73a8 idx 0 fmt 1 regoff 0x0 n 66 (table contents not committed)
  load op 9f at 7857: addr 0x5034f75b8 idx 0 fmt 1 regoff 0x0 n 58 (table contents not committed)
  load op 9f at 7962: addr 0x5034f7788 idx 0 fmt 1 regoff 0x0 n 130 (table contents not committed)
  load op 63 at 7967: addr 0x503500080 idx 0 fmt 1 regoff 0x0 n 18 (table contents not committed)
  load op 64 at 7972: addr 0x5035006f8 idx 0 fmt 1 regoff 0x0 n 3 (table contents not committed)
  load op 9f at 8099: addr 0x5034f7b98 idx 0 fmt 1 regoff 0x0 n 135 (table contents not committed)
  load op 63 at 8104: addr 0x503500110 idx 0 fmt 1 regoff 0x0 n 18 (table contents not committed)
  load op 64 at 8109: addr 0x503500710 idx 0 fmt 1 regoff 0x0 n 3 (table contents not committed)
  load op 63 at 8687: addr 0x5035001a0 idx 0 fmt 1 regoff 0x0 n 28 (table contents not committed)
  load op 64 at 9264: addr 0x503500728 idx 0 fmt 1 regoff 0x0 n 5 (table contents not committed)
  load op 9f at 9269: addr 0x5034f7fd0 idx 0 fmt 1 regoff 0x0 n 97 (table contents not committed)
  load op 9f at 9276: addr 0x5034f5868 idx 0 fmt 1 regoff 0x0 n 183 (table contents not committed)
submit #187 dcb 9774 dwords at 0x502e02500: pass 651 rewrite 493 drop 432 unmapped 1 cc 8 mappings 1083 ... OK rc 0 20.31 ms
timing: #187 done at t 20.491 s, 1304.5 ms after the sync and hints
state stack #187: push 4 pop 4 conditional 1 unmatched 0; restored 3684 regs (+3748 dwords); tables 40, unreadable 0
timing: t 20.492 s acb 2 dwords: sync 11.7 ms, hints 0.0 ms
submit #188 acb 2 dwords at 0xfe003a200: pass 1 rewrite 0 drop 0 unmapped 0 cc 0 mappings 1083 ... OK rc 0 17.65 ms
timing: #188 done at t 20.527 s, 22.5 ms after the sync and hints
cpu-wait WAIT_REG_MEM64 at 0 on 0x400203b80: satisfied after 0.0 ms
timing: t 20.528 s after that wait (acb 49 dwords)
map 0x335350000 +0x10000 ... ok
swapped pages taken as resident so far: 0
vmas 107 total 13075.0 MiB resident 3448.2 MiB mapped 3448.2 MiB
timing: t 20.528 s cc 3 dwords: sync 15.1 ms, hints 0.0 ms
submit #189 cc 3 dwords at 0x313b17cf4: pass 0 rewrite 1 drop 0 unmapped 0 cc 1 mappings 1084 ... OK rc 0 17.86 ms
timing: #189 done at t 20.565 s, 22.3 ms after the sync and hints
timing: t 20.566 s acb 49 dwords: sync 11.7 ms, hints 0.0 ms
submit #190 acb 49 dwords at 0x400346a5c: pass 2 rewrite 3 drop 3 unmapped 0 cc 0 mappings 1084 ... OK rc 0 19.15 ms
timing: #190 done at t 20.602 s, 24.0 ms after the sync and hints
timing: t 20.603 s hib 150 dwords: sync 11.5 ms, hints 0.1 ms
  load op 61 at 10: base 0xfe0008000 pairs (0x0,215) (0xd8,272) (0x1f5,4) (0x1ff,158) (0x2a0,2) (0x2a3,1) (0x2a5,66) (0x2f5,203)
  load op 5f at 29: base 0xfe0010000 pairs (0x1,1) (0x6,38) (0x32,4) (0x80,4) (0x87,37) (0xb2,4) (0xc8,2) (0x100,4) (0x107,37) (0x132,4) (0x148,2) (0x204,3) (0x20c,2) (0x212,2) (0x215,6) (0x224,5) (0x22a,1) (0x240,16) (0x27d,1) (0x280,1) (0x207,3)
  load op 5e at 74: base 0xfe0011000 pairs (0x35,8) (0xa2,1) (0x242,1) (0x248,1) (0x24a,2) (0x25b,6) (0x262,1) (0x2bb,5) (0x2c4,16) (0x2e4,8) (0x380,2) (0x383,2) (0x41d,3) (0x24d,1)
  load op 61 at 105: base 0xfe0008000 pairs (0x0,0)
  load op 5f at 110: base 0xfe0010000 pairs (0x0,0)
  load op 5e at 115: base 0xfe0011000 pairs (0x0,0)
  load op 61 at 125: base 0xfe0008000 pairs (0x0,0)
  load op 5f at 130: base 0xfe0010000 pairs (0x0,0)
  load op 5e at 135: base 0xfe0011000 pairs (0x0,0)
submit #191 hib 150 dwords at 0xfe0000000: pass 12 rewrite 2 drop 2 unmapped 0 cc 2 mappings 1084 ... OK rc 0 17.91 ms
timing: #191 done at t 20.693 s, 79.3 ms after the sync and hints
timing: t 20.694 s hib 2 dwords: sync 11.4 ms, hints 0.0 ms
submit #192 hib 2 dwords at 0xfe003a200: pass 1 rewrite 0 drop 0 unmapped 0 cc 0 mappings 1084 ... OK rc 0 17.68 ms
timing: #192 done at t 20.728 s, 22.5 ms after the sync and hints
timing: t 20.729 s dcb 96 dwords: sync 11.1 ms, hints 0.1 ms
  load op 9f at 38: addr 0xfe0040068 idx 0 fmt 1 regoff 0x0 n 921 (table contents not committed)
  load op 63 at 43: addr 0xfe0042068 idx 0 fmt 1 regoff 0x0 n 174 (table contents not committed)
  load op 64 at 48: addr 0xfe00425d8 idx 0 fmt 1 regoff 0x0 n 49 (table contents not committed)
submit #193 dcb 96 dwords at 0xfe0042920: pass 20 rewrite 2 drop 2 unmapped 0 cc 0 mappings 1084 ... OK rc 0 17.86 ms
timing: #193 done at t 20.810 s, 69.3 ms after the sync and hints
timing: t 20.811 s dcb 2647 dwords: sync 11.6 ms, hints 0.2 ms
  load op 9f at 36: addr 0xfe0040068 idx 0 fmt 1 regoff 0x0 n 921 (table contents not committed)
  load op 63 at 41: addr 0xfe0042068 idx 0 fmt 1 regoff 0x0 n 174 (table contents not committed)
  load op 64 at 46: addr 0xfe00425d8 idx 0 fmt 1 regoff 0x0 n 57 (table contents not committed)
  load op 9f at 88: addr 0x503c01500 idx 0 fmt 1 regoff 0x0 n 136 (table contents not committed)
  load op 64 at 93: addr 0x503c00500 idx 0 fmt 1 regoff 0x0 n 3 (table contents not committed)
  load op 63 at 98: addr 0x503bff500 idx 0 fmt 1 regoff 0x0 n 3 (table contents not committed)
  load op 9f at 1541: addr 0xfe0040068 idx 0 fmt 1 regoff 0x0 n 921 (table contents not committed)
  load op 9f at 1548: addr 0x503c01940 idx 0 fmt 1 regoff 0x0 n 70 (table contents not committed)
  load op 63 at 1553: addr 0x908e5ff90 idx 0 fmt 1 regoff 0x0 n 6 (table contents not committed)
  load op 9f at 1558: addr 0x908e5ffc0 idx 0 fmt 1 regoff 0x0 n 10 (table contents not committed)
  load op 63 at 1563: addr 0x908e5f7d0 idx 0 fmt 1 regoff 0x0 n 6 (table contents not committed)
  load op 9f at 1568: addr 0x908e5f800 idx 0 fmt 1 regoff 0x0 n 9 (table contents not committed)
  load op 64 at 1573: addr 0x503c00518 idx 0 fmt 1 regoff 0x0 n 5 (table contents not committed)
  load op 9f at 1691: addr 0x503c01b70 idx 0 fmt 1 regoff 0x0 n 131 (table contents not committed)
  load op 64 at 1698: addr 0x503c00540 idx 0 fmt 1 regoff 0x0 n 1 (table contents not committed)
  load op 9f at 1730: addr 0xfe0040068 idx 0 fmt 1 regoff 0x0 n 921 (table contents not committed)
  load op 9f at 1737: addr 0x503c01f88 idx 0 fmt 1 regoff 0x0 n 70 (table contents not committed)
  load op 63 at 1742: addr 0x908e5ff90 idx 0 fmt 1 regoff 0x0 n 6 (table contents not committed)
  load op 9f at 1747: addr 0x908e5ffc0 idx 0 fmt 1 regoff 0x0 n 10 (table contents not committed)
  load op 63 at 1752: addr 0x908e5f7d0 idx 0 fmt 1 regoff 0x0 n 6 (table contents not committed)
  load op 9f at 1757: addr 0x908e5f800 idx 0 fmt 1 regoff 0x0 n 9 (table contents not committed)
  load op 64 at 1762: addr 0x503c00548 idx 0 fmt 1 regoff 0x0 n 5 (table contents not committed)
  load op 63 at 1858: addr 0x503bff518 idx 0 fmt 1 regoff 0x0 n 10 (table contents not committed)
  load op 63 at 2049: addr 0x503bff568 idx 0 fmt 1 regoff 0x0 n 28 (table contents not committed)
  load op 64 at 2123: addr 0x503c00570 idx 0 fmt 1 regoff 0x0 n 5 (table contents not committed)
  load op 9f at 2130: addr 0x503c021b8 idx 0 fmt 1 regoff 0x0 n 96 (table contents not committed)
  load op 9f at 2135: addr 0x503bfe390 idx 0 fmt 1 regoff 0x0 n 194 (table contents not committed)
submit #194 dcb 2647 dwords at 0x503502500: pass 236 rewrite 123 drop 120 unmapped 0 cc 4 mappings 1084 ... OK rc 0 18.11 ms
timing: #194 done at t 21.213 s, 390.6 ms after the sync and hints
state stack #194: push 2 pop 2 conditional 1 unmatched 0; restored 1842 regs (+1874 dwords); tables 13, unreadable 0
timing: t 21.215 s dcb 851 dwords: sync 11.2 ms, hints 0.1 ms
  load op 9f at 38: addr 0xfe0040068 idx 0 fmt 1 regoff 0x0 n 921 (table contents not committed)
  load op 63 at 43: addr 0xfe0042068 idx 0 fmt 1 regoff 0x0 n 174 (table contents not committed)
  load op 64 at 48: addr 0xfe00425d8 idx 0 fmt 1 regoff 0x0 n 57 (table contents not committed)
  load op 9f at 90: addr 0x505a01500 idx 0 fmt 1 regoff 0x0 n 5 (table contents not committed)
  load op 64 at 95: addr 0x505a00500 idx 0 fmt 1 regoff 0x0 n 2 (table contents not committed)
  load op 63 at 100: addr 0x5059ff500 idx 0 fmt 1 regoff 0x0 n 3 (table contents not committed)
submit #195 dcb 851 dwords at 0x505602500: pass 47 rewrite 55 drop 45 unmapped 0 cc 0 mappings 1084 ... OK rc 0 17.58 ms
timing: #195 done at t 21.320 s, 93.5 ms after the sync and hints
timing: t 21.322 s acb 2 dwords: sync 13.9 ms, hints 0.1 ms
submit #196 acb 2 dwords at 0xfe003a200: pass 1 rewrite 0 drop 0 unmapped 0 cc 0 mappings 1084 ... OK rc 0 17.82 ms
timing: #196 done at t 21.359 s, 22.7 ms after the sync and hints
cpu-wait WAIT_REG_MEM64 at 87 on 0x400201a40: satisfied after 0.0 ms
timing: t 21.361 s after that wait (acb 463 dwords)
timing: t 21.360 s dcb 798 dwords: sync 11.0 ms, hints 0.2 ms
  load op 9f at 35: addr 0xfe0040068 idx 0 fmt 1 regoff 0x0 n 921 (table contents not committed)
  load op 63 at 40: addr 0xfe0042068 idx 0 fmt 1 regoff 0x0 n 174 (table contents not committed)
  load op 64 at 45: addr 0xfe00425d8 idx 0 fmt 1 regoff 0x0 n 57 (table contents not committed)
  load op 9f at 87: addr 0x506801500 idx 0 fmt 1 regoff 0x0 n 136 (table contents not committed)
  load op 64 at 92: addr 0x506800500 idx 0 fmt 1 regoff 0x0 n 3 (table contents not committed)
  load op 63 at 97: addr 0x5067ff500 idx 0 fmt 1 regoff 0x0 n 3 (table contents not committed)
  load op 9f at 212: addr 0xfe0040068 idx 0 fmt 1 regoff 0x0 n 921 (table contents not committed)
  load op 9f at 219: addr 0x506801940 idx 0 fmt 1 regoff 0x0 n 70 (table contents not committed)
  load op 63 at 224: addr 0x908e5ff90 idx 0 fmt 1 regoff 0x0 n 6 (table contents not committed)
  load op 9f at 229: addr 0x908e5ffc0 idx 0 fmt 1 regoff 0x0 n 10 (table contents not committed)
  load op 63 at 234: addr 0x908e5f7d0 idx 0 fmt 1 regoff 0x0 n 6 (table contents not committed)
  load op 9f at 239: addr 0x908e5f800 idx 0 fmt 1 regoff 0x0 n 9 (table contents not committed)
  load op 64 at 244: addr 0x506800518 idx 0 fmt 1 regoff 0x0 n 5 (table contents not committed)
  load op 9f at 340: addr 0x506801b70 idx 0 fmt 1 regoff 0x0 n 131 (table contents not committed)
  load op 64 at 347: addr 0x506800540 idx 0 fmt 1 regoff 0x0 n 1 (table contents not committed)
  load op 9f at 379: addr 0xfe0040068 idx 0 fmt 1 regoff 0x0 n 921 (table contents not committed)
  load op 9f at 386: addr 0x506801f88 idx 0 fmt 1 regoff 0x0 n 70 (table contents not committed)
  load op 63 at 391: addr 0x908e5ff90 idx 0 fmt 1 regoff 0x0 n 6 (table contents not committed)
  load op 9f at 396: addr 0x908e5ffc0 idx 0 fmt 1 regoff 0x0 n 10 (table contents not committed)
  load op 63 at 401: addr 0x908e5f7d0 idx 0 fmt 1 regoff 0x0 n 6 (table contents not committed)
  load op 9f at 406: addr 0x908e5f800 idx 0 fmt 1 regoff 0x0 n 9 (table contents not committed)
  load op 64 at 411: addr 0x506800548 idx 0 fmt 1 regoff 0x0 n 5 (table contents not committed)
  load op 9f at 548: addr 0x5068021b8 idx 0 fmt 1 regoff 0x0 n 98 (table contents not committed)
  load op 64 at 555: addr 0x506800570 idx 0 fmt 1 regoff 0x0 n 1 (table contents not committed)
  load op 9f at 560: addr 0x5067fe500 idx 0 fmt 1 regoff 0x0 n 33 (table contents not committed)
  load op 9f at 592: addr 0xfe0040068 idx 0 fmt 1 regoff 0x0 n 921 (table contents not committed)
  load op 9f at 599: addr 0x5067fe608 idx 0 fmt 1 regoff 0x0 n 70 (table contents not committed)
  load op 63 at 604: addr 0x908e5ff90 idx 0 fmt 1 regoff 0x0 n 6 (table contents not committed)
  load op 9f at 609: addr 0x908e5ffc0 idx 0 fmt 1 regoff 0x0 n 10 (table contents not committed)
  load op 63 at 614: addr 0x908e5f7d0 idx 0 fmt 1 regoff 0x0 n 6 (table contents not committed)
  load op 9f at 619: addr 0x908e5f800 idx 0 fmt 1 regoff 0x0 n 9 (table contents not committed)
  load op 64 at 624: addr 0x506800578 idx 0 fmt 1 regoff 0x0 n 5 (table contents not committed)
submit #197 dcb 798 dwords at 0x506202500: pass 103 rewrite 35 drop 22 unmapped 0 cc 6 mappings 1084 ... OK rc 0 18.04 ms
timing: #197 done at t 21.821 s, 450.6 ms after the sync and hints
state stack #197: push 3 pop 3 conditional 1 unmatched 0; restored 2763 regs (+2811 dwords); tables 17, unreadable 0
timing: t 21.823 s acb 463 dwords: sync 11.7 ms, hints 0.0 ms
submit #198 acb 463 dwords at 0x4003e6740: pass 43 rewrite 11 drop 27 unmapped 0 cc 0 mappings 1084 ... OK rc 0 17.72 ms
timing: #198 done at t 21.857 s, 22.5 ms after the sync and hints
acb head: 1287 of 1336 dwords go ahead of the wait at 1287 on 0x400202380
timing: t 21.859 s dcb 1248 dwords: sync 11.6 ms, hints 0.2 ms
  load op 9f at 36: addr 0xfe0040068 idx 0 fmt 1 regoff 0x0 n 921 (table contents not committed)
  load op 63 at 41: addr 0xfe0042068 idx 0 fmt 1 regoff 0x0 n 174 (table contents not committed)
  load op 64 at 46: addr 0xfe00425d8 idx 0 fmt 1 regoff 0x0 n 57 (table contents not committed)
  load op 9f at 88: addr 0x504e01500 idx 0 fmt 1 regoff 0x0 n 5 (table contents not committed)
  load op 64 at 93: addr 0x504e00500 idx 0 fmt 1 regoff 0x0 n 2 (table contents not committed)
  load op 63 at 98: addr 0x504dff500 idx 0 fmt 1 regoff 0x0 n 3 (table contents not committed)
  load op 9f at 756: addr 0xfe0040068 idx 0 fmt 1 regoff 0x0 n 921 (table contents not committed)
  load op 9f at 763: addr 0x504e01528 idx 0 fmt 1 regoff 0x0 n 74 (table contents not committed)
  load op 63 at 768: addr 0x908e5ff90 idx 0 fmt 1 regoff 0x0 n 6 (table contents not committed)
  load op 9f at 773: addr 0x908e5ffc0 idx 0 fmt 1 regoff 0x0 n 10 (table contents not committed)
  load op 64 at 778: addr 0x504e00510 idx 0 fmt 1 regoff 0x0 n 5 (table contents not committed)
  load op 9f at 901: addr 0xfe0040068 idx 0 fmt 1 regoff 0x0 n 921 (table contents not committed)
  load op 9f at 908: addr 0x504e01778 idx 0 fmt 1 regoff 0x0 n 74 (table contents not committed)
  load op 63 at 913: addr 0x908e5ff90 idx 0 fmt 1 regoff 0x0 n 6 (table contents not committed)
  load op 9f at 918: addr 0x908e5ffc0 idx 0 fmt 1 regoff 0x0 n 10 (table contents not committed)
  load op 64 at 923: addr 0x504e00538 idx 0 fmt 1 regoff 0x0 n 5 (table contents not committed)
  load op 9f at 1046: addr 0xfe0040068 idx 0 fmt 1 regoff 0x0 n 921 (table contents not committed)
  load op 9f at 1053: addr 0x504e019c8 idx 0 fmt 1 regoff 0x0 n 74 (table contents not committed)
  load op 63 at 1058: addr 0x908e5ff90 idx 0 fmt 1 regoff 0x0 n 6 (table contents not committed)
  load op 9f at 1063: addr 0x908e5ffc0 idx 0 fmt 1 regoff 0x0 n 10 (table contents not committed)
  load op 64 at 1068: addr 0x504e00560 idx 0 fmt 1 regoff 0x0 n 5 (table contents not committed)
submit #199 dcb 1248 dwords at 0x504a02500: pass 151 rewrite 46 drop 45 unmapped 0 cc 6 mappings 1084 ... OK rc 0 17.67 ms
timing: #199 done at t 22.174 s, 303.6 ms after the sync and hints
state stack #199: push 3 pop 3 conditional 1 unmatched 0; restored 2763 regs (+2811 dwords); tables 11, unreadable 0
flip 1/1 buffer 0x5093f0000 +0x1fe0000: sum 0x17ea65194594 nonzero 8100/8160 pattern 0
  target CB0 0x507410000: distinct 53 min 0xc0000000 max 0xc340d034,   target CB0 0x507410000: nonzero 1024/1024
  target CB0 0x563800000: distinct 1 min 0x00000000 max 0x00000000,   target CB0 0x563800000: nonzero 0/1024
  target CB0 0x55c00d000: distinct 4 min 0x00000000 max 0xffffffff,   target CB0 0x55c00d000: nonzero 147/1024
  target CB0 0x5637f0000: distinct 1 min 0x00000000 max 0x00000000,   target CB0 0x5637f0000: nonzero 0/1024
  target CB0 0x519df0000: distinct 1 min 0x38003800 max 0x38003800,   target CB0 0x519df0000: nonzero 1024/1024
  target CB0 0x570a99000: distinct 8 min 0x00000000 max 0xffffffff,   target CB0 0x570a99000: nonzero 85/1024
  target DB_HTILE 0x516870000: distinct 3 min 0x00000000 max 0xfffffff0, timing: t 22.176 s acb 1287 dwords: sync 11.4 ms, hints 0.0 ms
  target DB_HTILE 0x516870000: nonzero 80/1024
  target DB_Z_READ 0x5157a0000: distinct 1 min 0x3f800000 max 0x3f800000,   target DB_Z_READ 0x5157a0000: nonzero 1024/1024
submit #200 acb 1287 dwords at 0x400205540: pass 118 rewrite 35 drop 63 unmapped 0 cc 0 mappings 1084 ...   target DB_STENCIL_READ 0x5164b0000: distinct 3 min 0x00000000 max 0xfffffff0,   target DB_STENCIL_READ 0x5164b0000: nonzero 881/1024
  target CB0 0x511650000: distinct 1 min 0x00000000 max 0x00000000,   target CB0 0x511650000: nonzero 0/1024
  target CB0 0x570a3c000: distinct 9 min 0x00000000 max 0xffffffff,   target CB0 0x570a3c000: nonzero 133/1024
  target CB0 0x570a45000: distinct 9 min 0x00000000 max 0xffffffff,   target CB0 0x570a45000: nonzero 124/1024
  target CB0 0x513d80000: distinct 1 min 0x00000000 max 0x00000000,   target CB0 0x513d80000: nonzero 0/1024
  target CB0 0x570a72000: distinct 8 min 0x00000000 max 0xffffffff,   target CB0 0x570a72000: nonzero 94/1024
  target DB_HTILE 0x55c050000: distinct 3 min 0x00000000 max 0xffffffff,   target DB_HTILE 0x55c050000: nonzero 144/1024
  target DB_Z_READ 0x527430000: distinct 1 min 0xffffffff max 0xffffffff,   target DB_Z_READ 0x527430000: nonzero 1024/1024
timing: t 22.207 s flip 1/1, VideoOutSubmitFlip took 0.0 ms
OK rc 0 18.49 ms
timing: #200 done at t 22.214 s, 26.7 ms after the sync and hints
cpu-wait WAIT_REG_MEM64 at 115 on 0x400201d40: satisfied after 0.0 ms
timing: t 22.216 s after that wait (dcb 9774 dwords)
cpu-wait WAIT_REG_MEM64 at 1629 on 0x400201840: satisfied after 0.0 ms
timing: t 22.218 s after that wait (dcb 9774 dwords)
cpu-wait WAIT_REG_MEM64 at 9223 on 0x559cd49a53d8: satisfied after 0.0 ms
timing: t 22.219 s after that wait (dcb 9774 dwords)
timing: t 22.220 s dcb 9774 dwords: sync 11.1 ms, hints 0.3 ms
  indirect op 16 at 1246: base 0x5074063c0 +0x0 -> 1 1 1 0 0
  indirect op 16 at 1278: base 0x5074063e0 +0x0 -> 1 1 1 0 0
  indirect op 16 at 1310: base 0x50740a520 +0x0 -> 1 1 1 0 0
  indirect op 16 at 1342: base 0x50740a540 +0x0 -> 1 1 1 0 0
  indirect op 25 at 4584: base 0x56ddaffa0 +0x0 -> 1 512 0 0 0
  load op 9f at 28: addr 0xfe0040068 idx 0 fmt 1 regoff 0x0 n 921 (table contents not committed)
  load op 63 at 33: addr 0xfe0042068 idx 0 fmt 1 regoff 0x0 n 174 (table contents not committed)
  load op 64 at 38: addr 0xfe00425d8 idx 0 fmt 1 regoff 0x0 n 57 (table contents not committed)
  load op 9f at 80: addr 0x502701500 idx 0 fmt 1 regoff 0x0 n 295 (table contents not committed)
  load op 64 at 85: addr 0x502700500 idx 0 fmt 1 regoff 0x0 n 7 (table contents not committed)
  load op 63 at 90: addr 0x5026ff500 idx 0 fmt 1 regoff 0x0 n 13 (table contents not committed)
  load op 63 at 342: addr 0x5026ff568 idx 0 fmt 1 regoff 0x0 n 10 (table contents not committed)
  load op 63 at 734: addr 0x5026ff5b8 idx 0 fmt 1 regoff 0x0 n 18 (table contents not committed)
  load op 63 at 1217: addr 0x5026ff648 idx 0 fmt 1 regoff 0x0 n 10 (table contents not committed)
  load op 63 at 1249: addr 0x5026ff698 idx 0 fmt 1 regoff 0x0 n 10 (table contents not committed)
  load op 63 at 1281: addr 0x5026ff6e8 idx 0 fmt 1 regoff 0x0 n 10 (table contents not committed)
  load op 63 at 1313: addr 0x5026ff738 idx 0 fmt 1 regoff 0x0 n 10 (table contents not committed)
  load op 9f at 1724: addr 0xfe0040068 idx 0 fmt 1 regoff 0x0 n 921 (table contents not committed)
  load op 9f at 1731: addr 0x502701e38 idx 0 fmt 1 regoff 0x0 n 74 (table contents not committed)
  load op 63 at 1736: addr 0x908e5ff90 idx 0 fmt 1 regoff 0x0 n 6 (table contents not committed)
  load op 9f at 1741: addr 0x908e5ffc0 idx 0 fmt 1 regoff 0x0 n 10 (table contents not committed)
  load op 64 at 1746: addr 0x502700538 idx 0 fmt 1 regoff 0x0 n 5 (table contents not committed)
  load op 9f at 1799: addr 0x502702088 idx 0 fmt 1 regoff 0x0 n 132 (table contents not committed)
  load op 63 at 1804: addr 0x5026ff788 idx 0 fmt 1 regoff 0x0 n 30 (table contents not committed)
  load op 64 at 1884: addr 0x502700560 idx 0 fmt 1 regoff 0x0 n 5 (table contents not committed)
  load op 9f at 1891: addr 0x5026fd440 idx 0 fmt 1 regoff 0x0 n 175 (table contents not committed)
  load op 63 at 2106: addr 0x5026ff878 idx 0 fmt 1 regoff 0x0 n 20 (table contents not committed)
  load op 9f at 3069: addr 0xfe0040068 idx 0 fmt 1 regoff 0x0 n 921 (table contents not committed)
  load op 9f at 3076: addr 0x5026fd9b8 idx 0 fmt 1 regoff 0x0 n 70 (table contents not committed)
  load op 63 at 3081: addr 0x908e5ff90 idx 0 fmt 1 regoff 0x0 n 6 (table contents not committed)
  load op 9f at 3086: addr 0x908e5ffc0 idx 0 fmt 1 regoff 0x0 n 10 (table contents not committed)
  load op 63 at 3091: addr 0x908e5f7d0 idx 0 fmt 1 regoff 0x0 n 6 (table contents not committed)
  load op 9f at 3096: addr 0x908e5f800 idx 0 fmt 1 regoff 0x0 n 9 (table contents not committed)
  load op 64 at 3101: addr 0x502700588 idx 0 fmt 1 regoff 0x0 n 5 (table contents not committed)
  load op 9f at 3140: addr 0x5026fdbe8 idx 0 fmt 1 regoff 0x0 n 19 (table contents not committed)
  load op 63 at 3145: addr 0x5026ff918 idx 0 fmt 1 regoff 0x0 n 12 (table contents not committed)
  load op 9f at 3268: addr 0xfe0040068 idx 0 fmt 1 regoff 0x0 n 921 (table contents not committed)
  load op 9f at 3275: addr 0x5026fdc80 idx 0 fmt 1 regoff 0x0 n 74 (table contents not committed)
  load op 63 at 3280: addr 0x908e5ff90 idx 0 fmt 1 regoff 0x0 n 6 (table contents not committed)
  load op 9f at 3285: addr 0x908e5ffc0 idx 0 fmt 1 regoff 0x0 n 10 (table contents not committed)
  load op 64 at 3290: addr 0x5027005b0 idx 0 fmt 1 regoff 0x0 n 5 (table contents not committed)
  load op 9f at 3329: addr 0x5026fded0 idx 0 fmt 1 regoff 0x0 n 166 (table contents not committed)
  load op 63 at 3334: addr 0x5026ff978 idx 0 fmt 1 regoff 0x0 n 30 (table contents not committed)
  load op 64 at 3430: addr 0x5027005d8 idx 0 fmt 1 regoff 0x0 n 5 (table contents not committed)
  load op 9f at 3437: addr 0x5026fc320 idx 0 fmt 1 regoff 0x0 n 135 (table contents not committed)
  load op 63 at 3675: addr 0x5026ffa68 idx 0 fmt 1 regoff 0x0 n 36 (table contents not committed)
  load op 64 at 4540: addr 0x502700600 idx 0 fmt 1 regoff 0x0 n 6 (table contents not committed)
  load op 9f at 4545: addr 0x5026fc758 idx 0 fmt 1 regoff 0x0 n 376 (table contents not committed)
  load op 9f at 4552: addr 0x5026fb118 idx 0 fmt 1 regoff 0x0 n 205 (table contents not committed)
  load op 9f at 4853: addr 0xfe0040068 idx 0 fmt 1 regoff 0x0 n 921 (table contents not committed)
  load op 9f at 4860: addr 0x5026fb780 idx 0 fmt 1 regoff 0x0 n 74 (table contents not committed)
  load op 63 at 4865: addr 0x908e5ff90 idx 0 fmt 1 regoff 0x0 n 6 (table contents not committed)
  load op 9f at 4870: addr 0x908e5ffc0 idx 0 fmt 1 regoff 0x0 n 10 (table contents not committed)
  load op 64 at 4875: addr 0x502700630 idx 0 fmt 1 regoff 0x0 n 5 (table contents not committed)
  load op 63 at 4914: addr 0x5026ffb88 idx 0 fmt 1 regoff 0x0 n 21 (table contents not committed)
  load op 9f at 4925: addr 0x5026fb9d0 idx 0 fmt 1 regoff 0x0 n 223 (table contents not committed)
  load op 63 at 5714: addr 0x5026ffc30 idx 0 fmt 1 regoff 0x0 n 10 (table contents not committed)
  load op 63 at 5831: addr 0x5026ffc80 idx 0 fmt 1 regoff 0x0 n 28 (table contents not committed)
  load op 64 at 5910: addr 0x502700658 idx 0 fmt 1 regoff 0x0 n 5 (table contents not committed)
  load op 9f at 5917: addr 0x5026f9e30 idx 0 fmt 1 regoff 0x0 n 67 (table contents not committed)
  load op 9f at 6045: addr 0x5026fa048 idx 0 fmt 1 regoff 0x0 n 121 (table contents not committed)
  load op 63 at 6050: addr 0x5026ffd60 idx 0 fmt 1 regoff 0x0 n 18 (table contents not committed)
  load op 64 at 6055: addr 0x502700680 idx 0 fmt 1 regoff 0x0 n 3 (table contents not committed)
  load op 9f at 6204: addr 0x5026fa410 idx 0 fmt 1 regoff 0x0 n 121 (table contents not committed)
  load op 63 at 6209: addr 0x5026ffdf0 idx 0 fmt 1 regoff 0x0 n 18 (table contents not committed)
  load op 64 at 6214: addr 0x502700698 idx 0 fmt 1 regoff 0x0 n 3 (table contents not committed)
  load op 63 at 6578: addr 0x5026ffe80 idx 0 fmt 1 regoff 0x0 n 10 (table contents not committed)
  load op 9f at 7058: addr 0x5026fa7d8 idx 0 fmt 1 regoff 0x0 n 195 (table contents not committed)
  load op 9f at 7063: addr 0x5026f8d80 idx 0 fmt 1 regoff 0x0 n 85 (table contents not committed)
  load op 63 at 7068: addr 0x5026ffed0 idx 0 fmt 1 regoff 0x0 n 18 (table contents not committed)
  load op 64 at 7073: addr 0x5027006b0 idx 0 fmt 1 regoff 0x0 n 3 (table contents not committed)
  load op 9f at 7186: addr 0x5026f9028 idx 0 fmt 1 regoff 0x0 n 129 (table contents not committed)
  load op 63 at 7191: addr 0x5026fff60 idx 0 fmt 1 regoff 0x0 n 18 (table contents not committed)
  load op 64 at 7196: addr 0x5027006c8 idx 0 fmt 1 regoff 0x0 n 3 (table contents not committed)
  load op 9f at 7309: addr 0x5026f9430 idx 0 fmt 1 regoff 0x0 n 129 (table contents not committed)
  load op 63 at 7314: addr 0x5026ffff0 idx 0 fmt 1 regoff 0x0 n 18 (table contents not committed)
  load op 64 at 7319: addr 0x5027006e0 idx 0 fmt 1 regoff 0x0 n 3 (table contents not committed)
  load op 9f at 7432: addr 0x5026f9838 idx 0 fmt 1 regoff 0x0 n 58 (table contents not committed)
  load op 9f at 7537: addr 0x5026f9a08 idx 0 fmt 1 regoff 0x0 n 66 (table contents not committed)
  load op 9f at 7642: addr 0x5026f9c18 idx 0 fmt 1 regoff 0x0 n 37 (table contents not committed)
  load op 9f at 7647: addr 0x5026f7300 idx 0 fmt 1 regoff 0x0 n 21 (table contents not committed)
  load op 9f at 7752: addr 0x5026f73a8 idx 0 fmt 1 regoff 0x0 n 66 (table contents not committed)
  load op 9f at 7857: addr 0x5026f75b8 idx 0 fmt 1 regoff 0x0 n 58 (table contents not committed)
  load op 9f at 7962: addr 0x5026f7788 idx 0 fmt 1 regoff 0x0 n 130 (table contents not committed)
  load op 63 at 7967: addr 0x502700080 idx 0 fmt 1 regoff 0x0 n 18 (table contents not committed)
  load op 64 at 7972: addr 0x5027006f8 idx 0 fmt 1 regoff 0x0 n 3 (table contents not committed)
  load op 9f at 8099: addr 0x5026f7b98 idx 0 fmt 1 regoff 0x0 n 135 (table contents not committed)
  load op 63 at 8104: addr 0x502700110 idx 0 fmt 1 regoff 0x0 n 18 (table contents not committed)
  load op 64 at 8109: addr 0x502700710 idx 0 fmt 1 regoff 0x0 n 3 (table contents not committed)
  load op 63 at 8687: addr 0x5027001a0 idx 0 fmt 1 regoff 0x0 n 28 (table contents not committed)
  load op 64 at 9264: addr 0x502700728 idx 0 fmt 1 regoff 0x0 n 5 (table contents not committed)
  load op 9f at 9269: addr 0x5026f7fd0 idx 0 fmt 1 regoff 0x0 n 97 (table contents not committed)
  load op 9f at 9276: addr 0x5026f5868 idx 0 fmt 1 regoff 0x0 n 183 (table contents not committed)
submit #201 dcb 9774 dwords at 0x502002500: pass 651 rewrite 493 drop 432 unmapped 1 cc 8 mappings 1084 ... OK rc 0 20.57 ms
timing: #201 done at t 23.518 s, 1287.1 ms after the sync and hints
state stack #201: push 4 pop 4 conditional 1 unmatched 0; restored 3684 regs (+3748 dwords); tables 40, unreadable 0
timing: t 23.520 s acb 2 dwords: sync 11.7 ms, hints 0.0 ms
submit #202 acb 2 dwords at 0xfe003a200: pass 1 rewrite 0 drop 0 unmapped 0 cc 0 mappings 1084 ... OK rc 0 17.52 ms
timing: #202 done at t 23.554 s, 22.4 ms after the sync and hints
cpu-wait WAIT_REG_MEM64 at 0 on 0x400202380: satisfied after 0.0 ms
timing: t 23.556 s after that wait (acb 49 dwords)
timing: t 23.556 s cc 3 dwords: sync 11.7 ms, hints 0.0 ms
submit #203 cc 3 dwords at 0x313b17cf4: pass 0 rewrite 1 drop 0 unmapped 0 cc 1 mappings 1084 ... OK rc 0 17.67 ms
timing: #203 done at t 23.590 s, 22.6 ms after the sync and hints
timing: t 23.591 s acb 49 dwords: sync 11.2 ms, hints 0.0 ms
submit #204 acb 49 dwords at 0x40020695c: pass 2 rewrite 3 drop 3 unmapped 0 cc 0 mappings 1084 ... OK rc 0 17.52 ms
timing: #204 done at t 23.624 s, 22.3 ms after the sync and hints
timing: t 23.625 s hib 150 dwords: sync 11.1 ms, hints 0.1 ms
  load op 61 at 10: base 0xfe0008000 pairs (0x0,215) (0xd8,272) (0x1f5,4) (0x1ff,158) (0x2a0,2) (0x2a3,1) (0x2a5,66) (0x2f5,203)
  load op 5f at 29: base 0xfe0010000 pairs (0x1,1) (0x6,38) (0x32,4) (0x80,4) (0x87,37) (0xb2,4) (0xc8,2) (0x100,4) (0x107,37) (0x132,4) (0x148,2) (0x204,3) (0x20c,2) (0x212,2) (0x215,6) (0x224,5) (0x22a,1) (0x240,16) (0x27d,1) (0x280,1) (0x207,3)
  load op 5e at 74: base 0xfe0011000 pairs (0x35,8) (0xa2,1) (0x242,1) (0x248,1) (0x24a,2) (0x25b,6) (0x262,1) (0x2bb,5) (0x2c4,16) (0x2e4,8) (0x380,2) (0x383,2) (0x41d,3) (0x24d,1)
  load op 61 at 105: base 0xfe0008000 pairs (0x0,0)
  load op 5f at 110: base 0xfe0010000 pairs (0x0,0)
  load op 5e at 115: base 0xfe0011000 pairs (0x0,0)
  load op 61 at 125: base 0xfe0008000 pairs (0x0,0)
  load op 5f at 130: base 0xfe0010000 pairs (0x0,0)
  load op 5e at 135: base 0xfe0011000 pairs (0x0,0)
submit #205 hib 150 dwords at 0xfe0000000: pass 12 rewrite 2 drop 2 unmapped 0 cc 2 mappings 1084 ... OK rc 0 17.61 ms
timing: #205 done at t 23.716 s, 79.0 ms after the sync and hints
timing: t 23.717 s hib 2 dwords: sync 11.1 ms, hints 0.0 ms
submit #206 hib 2 dwords at 0xfe003a200: pass 1 rewrite 0 drop 0 unmapped 0 cc 0 mappings 1084 ... OK rc 0 17.65 ms
timing: #206 done at t 23.750 s, 22.5 ms after the sync and hints
timing: t 23.751 s dcb 96 dwords: sync 11.4 ms, hints 0.1 ms
  load op 9f at 38: addr 0xfe0040068 idx 0 fmt 1 regoff 0x0 n 921 (table contents not committed)
  load op 63 at 43: addr 0xfe0042068 idx 0 fmt 1 regoff 0x0 n 174 (table contents not committed)
  load op 64 at 48: addr 0xfe00425d8 idx 0 fmt 1 regoff 0x0 n 49 (table contents not committed)
submit #207 dcb 96 dwords at 0xfe0042920: pass 20 rewrite 2 drop 2 unmapped 0 cc 0 mappings 1084 ... OK rc 0 17.58 ms
timing: #207 done at t 23.835 s, 72.0 ms after the sync and hints
timing: t 23.836 s dcb 2647 dwords: sync 11.1 ms, hints 0.2 ms
  load op 9f at 36: addr 0xfe0040068 idx 0 fmt 1 regoff 0x0 n 921 (table contents not committed)
  load op 63 at 41: addr 0xfe0042068 idx 0 fmt 1 regoff 0x0 n 174 (table contents not committed)
  load op 64 at 46: addr 0xfe00425d8 idx 0 fmt 1 regoff 0x0 n 57 (table contents not committed)
  load op 9f at 88: addr 0x504301500 idx 0 fmt 1 regoff 0x0 n 136 (table contents not committed)
  load op 64 at 93: addr 0x504300500 idx 0 fmt 1 regoff 0x0 n 3 (table contents not committed)
  load op 63 at 98: addr 0x5042ff500 idx 0 fmt 1 regoff 0x0 n 3 (table contents not committed)
  load op 9f at 1541: addr 0xfe0040068 idx 0 fmt 1 regoff 0x0 n 921 (table contents not committed)
  load op 9f at 1548: addr 0x504301940 idx 0 fmt 1 regoff 0x0 n 70 (table contents not committed)
  load op 63 at 1553: addr 0x908e5ff90 idx 0 fmt 1 regoff 0x0 n 6 (table contents not committed)
  load op 9f at 1558: addr 0x908e5ffc0 idx 0 fmt 1 regoff 0x0 n 10 (table contents not committed)
  load op 63 at 1563: addr 0x908e5f7d0 idx 0 fmt 1 regoff 0x0 n 6 (table contents not committed)
  load op 9f at 1568: addr 0x908e5f800 idx 0 fmt 1 regoff 0x0 n 9 (table contents not committed)
  load op 64 at 1573: addr 0x504300518 idx 0 fmt 1 regoff 0x0 n 5 (table contents not committed)
  load op 9f at 1691: addr 0x504301b70 idx 0 fmt 1 regoff 0x0 n 131 (table contents not committed)
  load op 64 at 1698: addr 0x504300540 idx 0 fmt 1 regoff 0x0 n 1 (table contents not committed)
  load op 9f at 1730: addr 0xfe0040068 idx 0 fmt 1 regoff 0x0 n 921 (table contents not committed)
  load op 9f at 1737: addr 0x504301f88 idx 0 fmt 1 regoff 0x0 n 70 (table contents not committed)
  load op 63 at 1742: addr 0x908e5ff90 idx 0 fmt 1 regoff 0x0 n 6 (table contents not committed)
  load op 9f at 1747: addr 0x908e5ffc0 idx 0 fmt 1 regoff 0x0 n 10 (table contents not committed)
  load op 63 at 1752: addr 0x908e5f7d0 idx 0 fmt 1 regoff 0x0 n 6 (table contents not committed)
  load op 9f at 1757: addr 0x908e5f800 idx 0 fmt 1 regoff 0x0 n 9 (table contents not committed)
  load op 64 at 1762: addr 0x504300548 idx 0 fmt 1 regoff 0x0 n 5 (table contents not committed)
  load op 63 at 1858: addr 0x5042ff518 idx 0 fmt 1 regoff 0x0 n 10 (table contents not committed)
  load op 63 at 2049: addr 0x5042ff568 idx 0 fmt 1 regoff 0x0 n 28 (table contents not committed)
  load op 64 at 2123: addr 0x504300570 idx 0 fmt 1 regoff 0x0 n 5 (table contents not committed)
  load op 9f at 2130: addr 0x5043021b8 idx 0 fmt 1 regoff 0x0 n 96 (table contents not committed)
  load op 9f at 2135: addr 0x5042fe390 idx 0 fmt 1 regoff 0x0 n 194 (table contents not committed)
submit #208 dcb 2647 dwords at 0x503c02500: pass 236 rewrite 123 drop 120 unmapped 0 cc 4 mappings 1084 ... OK rc 0 18.14 ms
timing: #208 done at t 24.237 s, 390.3 ms after the sync and hints
state stack #208: push 2 pop 2 conditional 1 unmatched 0; restored 1842 regs (+1874 dwords); tables 13, unreadable 0
timing: t 24.240 s dcb 851 dwords: sync 11.3 ms, hints 0.1 ms
  load op 9f at 38: addr 0xfe0040068 idx 0 fmt 1 regoff 0x0 n 921 (table contents not committed)
  load op 63 at 43: addr 0xfe0042068 idx 0 fmt 1 regoff 0x0 n 174 (table contents not committed)
  load op 64 at 48: addr 0xfe00425d8 idx 0 fmt 1 regoff 0x0 n 57 (table contents not committed)
  load op 9f at 90: addr 0x505e01500 idx 0 fmt 1 regoff 0x0 n 5 (table contents not committed)
  load op 64 at 95: addr 0x505e00500 idx 0 fmt 1 regoff 0x0 n 2 (table contents not committed)
  load op 63 at 100: addr 0x505dff500 idx 0 fmt 1 regoff 0x0 n 3 (table contents not committed)
submit #209 dcb 851 dwords at 0x505a02500: pass 47 rewrite 55 drop 45 unmapped 0 cc 0 mappings 1084 ... OK rc 0 17.68 ms
timing: #209 done at t 24.345 s, 94.1 ms after the sync and hints
timing: t 24.346 s acb 2 dwords: sync 11.2 ms, hints 0.1 ms
submit #210 acb 2 dwords at 0xfe003a200: pass 1 rewrite 0 drop 0 unmapped 0 cc 0 mappings 1084 ... OK rc 0 17.52 ms
timing: #210 done at t 24.379 s, 22.3 ms after the sync and hints
cpu-wait WAIT_REG_MEM64 at 87 on 0x400202d80: satisfied after 0.0 ms
timing: t 24.381 s after that wait (acb 463 dwords)
timing: t 24.380 s dcb 798 dwords: sync 11.8 ms, hints 0.2 ms
  load op 9f at 35: addr 0xfe0040068 idx 0 fmt 1 regoff 0x0 n 921 (table contents not committed)
  load op 63 at 40: addr 0xfe0042068 idx 0 fmt 1 regoff 0x0 n 174 (table contents not committed)
  load op 64 at 45: addr 0xfe00425d8 idx 0 fmt 1 regoff 0x0 n 57 (table contents not committed)
  load op 9f at 87: addr 0x506e01500 idx 0 fmt 1 regoff 0x0 n 136 (table contents not committed)
  load op 64 at 92: addr 0x506e00500 idx 0 fmt 1 regoff 0x0 n 3 (table contents not committed)
  load op 63 at 97: addr 0x506dff500 idx 0 fmt 1 regoff 0x0 n 3 (table contents not committed)
  load op 9f at 212: addr 0xfe0040068 idx 0 fmt 1 regoff 0x0 n 921 (table contents not committed)
  load op 9f at 219: addr 0x506e01940 idx 0 fmt 1 regoff 0x0 n 70 (table contents not committed)
  load op 63 at 224: addr 0x908e5ff90 idx 0 fmt 1 regoff 0x0 n 6 (table contents not committed)
  load op 9f at 229: addr 0x908e5ffc0 idx 0 fmt 1 regoff 0x0 n 10 (table contents not committed)
  load op 63 at 234: addr 0x908e5f7d0 idx 0 fmt 1 regoff 0x0 n 6 (table contents not committed)
  load op 9f at 239: addr 0x908e5f800 idx 0 fmt 1 regoff 0x0 n 9 (table contents not committed)
  load op 64 at 244: addr 0x506e00518 idx 0 fmt 1 regoff 0x0 n 5 (table contents not committed)
  load op 9f at 340: addr 0x506e01b70 idx 0 fmt 1 regoff 0x0 n 131 (table contents not committed)
  load op 64 at 347: addr 0x506e00540 idx 0 fmt 1 regoff 0x0 n 1 (table contents not committed)
  load op 9f at 379: addr 0xfe0040068 idx 0 fmt 1 regoff 0x0 n 921 (table contents not committed)
  load op 9f at 386: addr 0x506e01f88 idx 0 fmt 1 regoff 0x0 n 70 (table contents not committed)
  load op 63 at 391: addr 0x908e5ff90 idx 0 fmt 1 regoff 0x0 n 6 (table contents not committed)
  load op 9f at 396: addr 0x908e5ffc0 idx 0 fmt 1 regoff 0x0 n 10 (table contents not committed)
  load op 63 at 401: addr 0x908e5f7d0 idx 0 fmt 1 regoff 0x0 n 6 (table contents not committed)
  load op 9f at 406: addr 0x908e5f800 idx 0 fmt 1 regoff 0x0 n 9 (table contents not committed)
  load op 64 at 411: addr 0x506e00548 idx 0 fmt 1 regoff 0x0 n 5 (table contents not committed)
  load op 9f at 548: addr 0x506e021b8 idx 0 fmt 1 regoff 0x0 n 98 (table contents not committed)
  load op 64 at 555: addr 0x506e00570 idx 0 fmt 1 regoff 0x0 n 1 (table contents not committed)
  load op 9f at 560: addr 0x506dfe500 idx 0 fmt 1 regoff 0x0 n 33 (table contents not committed)
  load op 9f at 592: addr 0xfe0040068 idx 0 fmt 1 regoff 0x0 n 921 (table contents not committed)
  load op 9f at 599: addr 0x506dfe608 idx 0 fmt 1 regoff 0x0 n 70 (table contents not committed)
  load op 63 at 604: addr 0x908e5ff90 idx 0 fmt 1 regoff 0x0 n 6 (table contents not committed)
  load op 9f at 609: addr 0x908e5ffc0 idx 0 fmt 1 regoff 0x0 n 10 (table contents not committed)
  load op 63 at 614: addr 0x908e5f7d0 idx 0 fmt 1 regoff 0x0 n 6 (table contents not committed)
  load op 9f at 619: addr 0x908e5f800 idx 0 fmt 1 regoff 0x0 n 9 (table contents not committed)
  load op 64 at 624: addr 0x506e00578 idx 0 fmt 1 regoff 0x0 n 5 (table contents not committed)
submit #211 dcb 798 dwords at 0x506802500: pass 103 rewrite 35 drop 22 unmapped 0 cc 6 mappings 1084 ... OK rc 0 18.27 ms
timing: #211 done at t 24.843 s, 450.1 ms after the sync and hints
state stack #211: push 3 pop 3 conditional 1 unmatched 0; restored 2763 regs (+2811 dwords); tables 17, unreadable 0
timing: t 24.844 s acb 463 dwords: sync 11.2 ms, hints 0.0 ms
submit #212 acb 463 dwords at 0x4004867c0: pass 43 rewrite 11 drop 27 unmapped 0 cc 0 mappings 1084 ... OK rc 0 17.84 ms
timing: #212 done at t 24.878 s, 22.7 ms after the sync and hints
acb head: 1287 of 1336 dwords go ahead of the wait at 1287 on 0x400202f80
timing: t 24.879 s dcb 1248 dwords: sync 11.6 ms, hints 0.2 ms
  load op 9f at 36: addr 0xfe0040068 idx 0 fmt 1 regoff 0x0 n 921 (table contents not committed)
  load op 63 at 41: addr 0xfe0042068 idx 0 fmt 1 regoff 0x0 n 174 (table contents not committed)
  load op 64 at 46: addr 0xfe00425d8 idx 0 fmt 1 regoff 0x0 n 57 (table contents not committed)
  load op 9f at 88: addr 0x505201500 idx 0 fmt 1 regoff 0x0 n 5 (table contents not committed)
  load op 64 at 93: addr 0x505200500 idx 0 fmt 1 regoff 0x0 n 2 (table contents not committed)
  load op 63 at 98: addr 0x5051ff500 idx 0 fmt 1 regoff 0x0 n 3 (table contents not committed)
  load op 9f at 756: addr 0xfe0040068 idx 0 fmt 1 regoff 0x0 n 921 (table contents not committed)
  load op 9f at 763: addr 0x505201528 idx 0 fmt 1 regoff 0x0 n 74 (table contents not committed)
  load op 63 at 768: addr 0x908e5ff90 idx 0 fmt 1 regoff 0x0 n 6 (table contents not committed)
  load op 9f at 773: addr 0x908e5ffc0 idx 0 fmt 1 regoff 0x0 n 10 (table contents not committed)
  load op 64 at 778: addr 0x505200510 idx 0 fmt 1 regoff 0x0 n 5 (table contents not committed)
  load op 9f at 901: addr 0xfe0040068 idx 0 fmt 1 regoff 0x0 n 921 (table contents not committed)
  load op 9f at 908: addr 0x505201778 idx 0 fmt 1 regoff 0x0 n 74 (table contents not committed)
  load op 63 at 913: addr 0x908e5ff90 idx 0 fmt 1 regoff 0x0 n 6 (table contents not committed)
  load op 9f at 918: addr 0x908e5ffc0 idx 0 fmt 1 regoff 0x0 n 10 (table contents not committed)
  load op 64 at 923: addr 0x505200538 idx 0 fmt 1 regoff 0x0 n 5 (table contents not committed)
  load op 9f at 1046: addr 0xfe0040068 idx 0 fmt 1 regoff 0x0 n 921 (table contents not committed)
  load op 9f at 1053: addr 0x5052019c8 idx 0 fmt 1 regoff 0x0 n 74 (table contents not committed)
  load op 63 at 1058: addr 0x908e5ff90 idx 0 fmt 1 regoff 0x0 n 6 (table contents not committed)
  load op 9f at 1063: addr 0x908e5ffc0 idx 0 fmt 1 regoff 0x0 n 10 (table contents not committed)
  load op 64 at 1068: addr 0x505200560 idx 0 fmt 1 regoff 0x0 n 5 (table contents not committed)
submit #213 dcb 1248 dwords at 0x504e02500: pass 151 rewrite 46 drop 45 unmapped 0 cc 6 mappings 1084 ... OK rc 0 17.87 ms
timing: #213 done at t 25.194 s, 303.1 ms after the sync and hints
state stack #213: push 3 pop 3 conditional 1 unmatched 0; restored 2763 regs (+2811 dwords); tables 11, unreadable 0
flip 1/0 buffer 0x507410000 +0x1fe0000: sum 0x17ea65194594 nonzero 8100/8160 pattern 0
  target CB0 0x5093f0000: distinct 53 min 0xc0000000 max 0xc340d034,   target CB0 0x5093f0000: nonzero 1024/1024
  target CB0 0x563800000: distinct 1 min 0x00000000 max 0x00000000,   target CB0 0x563800000: nonzero 0/1024
  target CB0 0x55c00d000: distinct 4 min 0x00000000 max 0xffffffff,   target CB0 0x55c00d000: nonzero 147/1024
  target CB0 0x5637f0000: distinct 1 min 0x00000000 max 0x00000000,   target CB0 0x5637f0000: nonzero 0/1024
  target CB0 0x519df0000: distinct 1 min 0x38003800 max 0x38003800,   target CB0 0x519df0000: nonzero 1024/1024
  target CB0 0x570a99000: distinct 8 min 0x00000000 max 0xffffffff,   target CB0 0x570a99000: nonzero 85/1024
timing: t 25.196 s acb 1287 dwords: sync 11.4 ms, hints 0.0 ms
  target DB_HTILE 0x516870000: distinct 3 min 0x00000000 max 0xfffffff0,   target DB_HTILE 0x516870000: nonzero 80/1024
  target DB_Z_READ 0x5157a0000: distinct 1 min 0x3f800000 max 0x3f800000, submit #214 acb 1287 dwords at 0x4002a55c0: pass 118 rewrite 35 drop 63 unmapped 0 cc 0 mappings 1084 ...   target DB_Z_READ 0x5157a0000: nonzero 1024/1024
  target DB_STENCIL_READ 0x5164b0000: distinct 3 min 0x00000000 max 0xfffffff0,   target DB_STENCIL_READ 0x5164b0000: nonzero 881/1024
  target CB0 0x511650000: distinct 1 min 0x00000000 max 0x00000000,   target CB0 0x511650000: nonzero 0/1024
  target CB0 0x570a3c000: distinct 9 min 0x00000000 max 0xffffffff,   target CB0 0x570a3c000: nonzero 133/1024
  target CB0 0x570a45000: distinct 9 min 0x00000000 max 0xffffffff,   target CB0 0x570a45000: nonzero 124/1024
  target CB0 0x513d80000: distinct 1 min 0x00000000 max 0x00000000,   target CB0 0x513d80000: nonzero 0/1024
  target CB0 0x570a72000: distinct 8 min 0x00000000 max 0xffffffff,   target CB0 0x570a72000: nonzero 94/1024
  target DB_HTILE 0x55c050000: distinct 3 min 0x00000000 max 0xffffffff,   target DB_HTILE 0x55c050000: nonzero 144/1024
  target DB_Z_READ 0x527430000: distinct 1 min 0xffffffff max 0xffffffff,   target DB_Z_READ 0x527430000: nonzero 1024/1024
timing: t 25.228 s flip 1/0, VideoOutSubmitFlip took 0.0 ms
OK rc 0 18.52 ms
timing: #214 done at t 25.233 s, 25.5 ms after the sync and hints
cpu-wait WAIT_REG_MEM64 at 115 on 0x400202d40: satisfied after 0.0 ms
timing: t 25.235 s after that wait (dcb 9774 dwords)
cpu-wait WAIT_REG_MEM64 at 1629 on 0x400202dc0: satisfied after 0.0 ms
timing: t 25.236 s after that wait (dcb 9774 dwords)
cpu-wait WAIT_REG_MEM64 at 9223 on 0x559cd49a53d0: satisfied after 0.0 ms
timing: t 25.238 s after that wait (dcb 9774 dwords)
timing: t 25.239 s dcb 9774 dwords: sync 11.3 ms, hints 0.3 ms
  indirect op 16 at 1246: base 0x5074063c0 +0x0 -> 1 1 1 0 0
  indirect op 16 at 1278: base 0x5074063e0 +0x0 -> 1 1 1 0 0
  indirect op 16 at 1310: base 0x50740a520 +0x0 -> 1 1 1 0 0
  indirect op 16 at 1342: base 0x50740a540 +0x0 -> 1 1 1 0 0
  indirect op 25 at 4584: base 0x56ddaffa0 +0x0 -> 1 512 0 0 0
  load op 9f at 28: addr 0xfe0040068 idx 0 fmt 1 regoff 0x0 n 921 (table contents not committed)
  load op 63 at 33: addr 0xfe0042068 idx 0 fmt 1 regoff 0x0 n 174 (table contents not committed)
  load op 64 at 38: addr 0xfe00425d8 idx 0 fmt 1 regoff 0x0 n 57 (table contents not committed)
  load op 9f at 80: addr 0x502e01500 idx 0 fmt 1 regoff 0x0 n 295 (table contents not committed)
  load op 64 at 85: addr 0x502e00500 idx 0 fmt 1 regoff 0x0 n 7 (table contents not committed)
  load op 63 at 90: addr 0x502dff500 idx 0 fmt 1 regoff 0x0 n 13 (table contents not committed)
  load op 63 at 342: addr 0x502dff568 idx 0 fmt 1 regoff 0x0 n 10 (table contents not committed)
  load op 63 at 734: addr 0x502dff5b8 idx 0 fmt 1 regoff 0x0 n 18 (table contents not committed)
  load op 63 at 1217: addr 0x502dff648 idx 0 fmt 1 regoff 0x0 n 10 (table contents not committed)
  load op 63 at 1249: addr 0x502dff698 idx 0 fmt 1 regoff 0x0 n 10 (table contents not committed)
  load op 63 at 1281: addr 0x502dff6e8 idx 0 fmt 1 regoff 0x0 n 10 (table contents not committed)
  load op 63 at 1313: addr 0x502dff738 idx 0 fmt 1 regoff 0x0 n 10 (table contents not committed)
  load op 9f at 1724: addr 0xfe0040068 idx 0 fmt 1 regoff 0x0 n 921 (table contents not committed)
  load op 9f at 1731: addr 0x502e01e38 idx 0 fmt 1 regoff 0x0 n 74 (table contents not committed)
  load op 63 at 1736: addr 0x908e5ff90 idx 0 fmt 1 regoff 0x0 n 6 (table contents not committed)
  load op 9f at 1741: addr 0x908e5ffc0 idx 0 fmt 1 regoff 0x0 n 10 (table contents not committed)
  load op 64 at 1746: addr 0x502e00538 idx 0 fmt 1 regoff 0x0 n 5 (table contents not committed)
  load op 9f at 1799: addr 0x502e02088 idx 0 fmt 1 regoff 0x0 n 132 (table contents not committed)
  load op 63 at 1804: addr 0x502dff788 idx 0 fmt 1 regoff 0x0 n 30 (table contents not committed)
  load op 64 at 1884: addr 0x502e00560 idx 0 fmt 1 regoff 0x0 n 5 (table contents not committed)
  load op 9f at 1891: addr 0x502dfd440 idx 0 fmt 1 regoff 0x0 n 175 (table contents not committed)
  load op 63 at 2106: addr 0x502dff878 idx 0 fmt 1 regoff 0x0 n 20 (table contents not committed)
  load op 9f at 3069: addr 0xfe0040068 idx 0 fmt 1 regoff 0x0 n 921 (table contents not committed)
  load op 9f at 3076: addr 0x502dfd9b8 idx 0 fmt 1 regoff 0x0 n 70 (table contents not committed)
  load op 63 at 3081: addr 0x908e5ff90 idx 0 fmt 1 regoff 0x0 n 6 (table contents not committed)
  load op 9f at 3086: addr 0x908e5ffc0 idx 0 fmt 1 regoff 0x0 n 10 (table contents not committed)
  load op 63 at 3091: addr 0x908e5f7d0 idx 0 fmt 1 regoff 0x0 n 6 (table contents not committed)
  load op 9f at 3096: addr 0x908e5f800 idx 0 fmt 1 regoff 0x0 n 9 (table contents not committed)
  load op 64 at 3101: addr 0x502e00588 idx 0 fmt 1 regoff 0x0 n 5 (table contents not committed)
  load op 9f at 3140: addr 0x502dfdbe8 idx 0 fmt 1 regoff 0x0 n 19 (table contents not committed)
  load op 63 at 3145: addr 0x502dff918 idx 0 fmt 1 regoff 0x0 n 12 (table contents not committed)
  load op 9f at 3268: addr 0xfe0040068 idx 0 fmt 1 regoff 0x0 n 921 (table contents not committed)
  load op 9f at 3275: addr 0x502dfdc80 idx 0 fmt 1 regoff 0x0 n 74 (table contents not committed)
  load op 63 at 3280: addr 0x908e5ff90 idx 0 fmt 1 regoff 0x0 n 6 (table contents not committed)
  load op 9f at 3285: addr 0x908e5ffc0 idx 0 fmt 1 regoff 0x0 n 10 (table contents not committed)
  load op 64 at 3290: addr 0x502e005b0 idx 0 fmt 1 regoff 0x0 n 5 (table contents not committed)
  load op 9f at 3329: addr 0x502dfded0 idx 0 fmt 1 regoff 0x0 n 166 (table contents not committed)
  load op 63 at 3334: addr 0x502dff978 idx 0 fmt 1 regoff 0x0 n 30 (table contents not committed)
  load op 64 at 3430: addr 0x502e005d8 idx 0 fmt 1 regoff 0x0 n 5 (table contents not committed)
  load op 9f at 3437: addr 0x502dfc320 idx 0 fmt 1 regoff 0x0 n 135 (table contents not committed)
  load op 63 at 3675: addr 0x502dffa68 idx 0 fmt 1 regoff 0x0 n 36 (table contents not committed)
  load op 64 at 4540: addr 0x502e00600 idx 0 fmt 1 regoff 0x0 n 6 (table contents not committed)
  load op 9f at 4545: addr 0x502dfc758 idx 0 fmt 1 regoff 0x0 n 376 (table contents not committed)
  load op 9f at 4552: addr 0x502dfb118 idx 0 fmt 1 regoff 0x0 n 205 (table contents not committed)
  load op 9f at 4853: addr 0xfe0040068 idx 0 fmt 1 regoff 0x0 n 921 (table contents not committed)
  load op 9f at 4860: addr 0x502dfb780 idx 0 fmt 1 regoff 0x0 n 74 (table contents not committed)
  load op 63 at 4865: addr 0x908e5ff90 idx 0 fmt 1 regoff 0x0 n 6 (table contents not committed)
  load op 9f at 4870: addr 0x908e5ffc0 idx 0 fmt 1 regoff 0x0 n 10 (table contents not committed)
  load op 64 at 4875: addr 0x502e00630 idx 0 fmt 1 regoff 0x0 n 5 (table contents not committed)
  load op 63 at 4914: addr 0x502dffb88 idx 0 fmt 1 regoff 0x0 n 21 (table contents not committed)
  load op 9f at 4925: addr 0x502dfb9d0 idx 0 fmt 1 regoff 0x0 n 223 (table contents not committed)
  load op 63 at 5714: addr 0x502dffc30 idx 0 fmt 1 regoff 0x0 n 10 (table contents not committed)
  load op 63 at 5831: addr 0x502dffc80 idx 0 fmt 1 regoff 0x0 n 28 (table contents not committed)
  load op 64 at 5910: addr 0x502e00658 idx 0 fmt 1 regoff 0x0 n 5 (table contents not committed)
  load op 9f at 5917: addr 0x502df9e30 idx 0 fmt 1 regoff 0x0 n 67 (table contents not committed)
  load op 9f at 6045: addr 0x502dfa048 idx 0 fmt 1 regoff 0x0 n 121 (table contents not committed)
  load op 63 at 6050: addr 0x502dffd60 idx 0 fmt 1 regoff 0x0 n 18 (table contents not committed)
  load op 64 at 6055: addr 0x502e00680 idx 0 fmt 1 regoff 0x0 n 3 (table contents not committed)
  load op 9f at 6204: addr 0x502dfa410 idx 0 fmt 1 regoff 0x0 n 121 (table contents not committed)
  load op 63 at 6209: addr 0x502dffdf0 idx 0 fmt 1 regoff 0x0 n 18 (table contents not committed)
  load op 64 at 6214: addr 0x502e00698 idx 0 fmt 1 regoff 0x0 n 3 (table contents not committed)
  load op 63 at 6578: addr 0x502dffe80 idx 0 fmt 1 regoff 0x0 n 10 (table contents not committed)
  load op 9f at 7058: addr 0x502dfa7d8 idx 0 fmt 1 regoff 0x0 n 195 (table contents not committed)
  load op 9f at 7063: addr 0x502df8d80 idx 0 fmt 1 regoff 0x0 n 85 (table contents not committed)
  load op 63 at 7068: addr 0x502dffed0 idx 0 fmt 1 regoff 0x0 n 18 (table contents not committed)
  load op 64 at 7073: addr 0x502e006b0 idx 0 fmt 1 regoff 0x0 n 3 (table contents not committed)
  load op 9f at 7186: addr 0x502df9028 idx 0 fmt 1 regoff 0x0 n 129 (table contents not committed)
  load op 63 at 7191: addr 0x502dfff60 idx 0 fmt 1 regoff 0x0 n 18 (table contents not committed)
  load op 64 at 7196: addr 0x502e006c8 idx 0 fmt 1 regoff 0x0 n 3 (table contents not committed)
  load op 9f at 7309: addr 0x502df9430 idx 0 fmt 1 regoff 0x0 n 129 (table contents not committed)
  load op 63 at 7314: addr 0x502dffff0 idx 0 fmt 1 regoff 0x0 n 18 (table contents not committed)
  load op 64 at 7319: addr 0x502e006e0 idx 0 fmt 1 regoff 0x0 n 3 (table contents not committed)
  load op 9f at 7432: addr 0x502df9838 idx 0 fmt 1 regoff 0x0 n 58 (table contents not committed)
  load op 9f at 7537: addr 0x502df9a08 idx 0 fmt 1 regoff 0x0 n 66 (table contents not committed)
  load op 9f at 7642: addr 0x502df9c18 idx 0 fmt 1 regoff 0x0 n 37 (table contents not committed)
  load op 9f at 7647: addr 0x502df7300 idx 0 fmt 1 regoff 0x0 n 21 (table contents not committed)
  load op 9f at 7752: addr 0x502df73a8 idx 0 fmt 1 regoff 0x0 n 66 (table contents not committed)
  load op 9f at 7857: addr 0x502df75b8 idx 0 fmt 1 regoff 0x0 n 58 (table contents not committed)
  load op 9f at 7962: addr 0x502df7788 idx 0 fmt 1 regoff 0x0 n 130 (table contents not committed)
  load op 63 at 7967: addr 0x502e00080 idx 0 fmt 1 regoff 0x0 n 18 (table contents not committed)
  load op 64 at 7972: addr 0x502e006f8 idx 0 fmt 1 regoff 0x0 n 3 (table contents not committed)
  load op 9f at 8099: addr 0x502df7b98 idx 0 fmt 1 regoff 0x0 n 135 (table contents not committed)
  load op 63 at 8104: addr 0x502e00110 idx 0 fmt 1 regoff 0x0 n 18 (table contents not committed)
  load op 64 at 8109: addr 0x502e00710 idx 0 fmt 1 regoff 0x0 n 3 (table contents not committed)
  load op 63 at 8687: addr 0x502e001a0 idx 0 fmt 1 regoff 0x0 n 28 (table contents not committed)
  load op 64 at 9264: addr 0x502e00728 idx 0 fmt 1 regoff 0x0 n 5 (table contents not committed)
  load op 9f at 9269: addr 0x502df7fd0 idx 0 fmt 1 regoff 0x0 n 97 (table contents not committed)
  load op 9f at 9276: addr 0x502df5868 idx 0 fmt 1 regoff 0x0 n 183 (table contents not committed)
submit #215 dcb 9774 dwords at 0x502702500: pass 651 rewrite 493 drop 432 unmapped 1 cc 8 mappings 1084 ... OK rc 0 20.13 ms
timing: #215 done at t 26.547 s, 1296.6 ms after the sync and hints
state stack #215: push 4 pop 4 conditional 1 unmatched 0; restored 3684 regs (+3748 dwords); tables 40, unreadable 0
map 0x335370000 +0x10000 ... ok
swapped pages taken as resident so far: 0
vmas 107 total 13075.0 MiB resident 3448.2 MiB mapped 3448.2 MiB
timing: t 26.549 s acb 2 dwords: sync 15.2 ms, hints 0.0 ms
submit #216 acb 2 dwords at 0xfe003a200: pass 1 rewrite 0 drop 0 unmapped 0 cc 0 mappings 1085 ... EFAULT, resync ... unmap 0x335330000 +0x20000 (no longer rw anonymous) ... ok
map 0x200284000 +0x4000 ... ok
map 0x300e70000 +0x10000 ... ok
map 0x335330000 +0x4000 ... ok
map 0x335338000 +0x18000 ... ok
map 0x335360000 +0x8000 ... ok
map 0x335368000 +0x8000 ... ok
map 0x335380000 +0x8000 ... ok
map 0x37dfd8000 +0x8000 ... ok
swapped pages taken as resident so far: 0
vmas 108 total 13075.0 MiB resident 3448.2 MiB mapped 3448.4 MiB
OK rc 0 (retried) 17.69 ms
timing: #216 done at t 26.617 s, 52.6 ms after the sync and hints
cpu-wait WAIT_REG_MEM64 at 0 on 0x400202f80: satisfied after 0.0 ms
timing: t 26.618 s after that wait (acb 49 dwords)
timing: t 26.618 s cc 3 dwords: sync 11.1 ms, hints 0.0 ms
submit #217 cc 3 dwords at 0x313b17cf4: pass 0 rewrite 1 drop 0 unmapped 0 cc 1 mappings 1092 ... OK rc 0 17.44 ms
timing: #217 done at t 26.651 s, 22.2 ms after the sync and hints
timing: t 26.652 s acb 49 dwords: sync 11.0 ms, hints 0.0 ms
submit #218 acb 49 dwords at 0x4002a69dc: pass 2 rewrite 3 drop 3 unmapped 0 cc 0 mappings 1092 ... OK rc 0 17.46 ms
timing: #218 done at t 26.685 s, 22.2 ms after the sync and hints
timing: t 26.686 s hib 150 dwords: sync 11.0 ms, hints 0.1 ms
  load op 61 at 10: base 0xfe0008000 pairs (0x0,215) (0xd8,272) (0x1f5,4) (0x1ff,158) (0x2a0,2) (0x2a3,1) (0x2a5,66) (0x2f5,203)
  load op 5f at 29: base 0xfe0010000 pairs (0x1,1) (0x6,38) (0x32,4) (0x80,4) (0x87,37) (0xb2,4) (0xc8,2) (0x100,4) (0x107,37) (0x132,4) (0x148,2) (0x204,3) (0x20c,2) (0x212,2) (0x215,6) (0x224,5) (0x22a,1) (0x240,16) (0x27d,1) (0x280,1) (0x207,3)
  load op 5e at 74: base 0xfe0011000 pairs (0x35,8) (0xa2,1) (0x242,1) (0x248,1) (0x24a,2) (0x25b,6) (0x262,1) (0x2bb,5) (0x2c4,16) (0x2e4,8) (0x380,2) (0x383,2) (0x41d,3) (0x24d,1)
  load op 61 at 105: base 0xfe0008000 pairs (0x0,0)
  load op 5f at 110: base 0xfe0010000 pairs (0x0,0)
  load op 5e at 115: base 0xfe0011000 pairs (0x0,0)
  load op 61 at 125: base 0xfe0008000 pairs (0x0,0)
  load op 5f at 130: base 0xfe0010000 pairs (0x0,0)
  load op 5e at 135: base 0xfe0011000 pairs (0x0,0)
submit #219 hib 150 dwords at 0xfe0000000: pass 12 rewrite 2 drop 2 unmapped 0 cc 2 mappings 1092 ... OK rc 0 17.42 ms
timing: #219 done at t 26.776 s, 79.0 ms after the sync and hints
timing: t 26.777 s hib 2 dwords: sync 11.1 ms, hints 0.0 ms
submit #220 hib 2 dwords at 0xfe003a200: pass 1 rewrite 0 drop 0 unmapped 0 cc 0 mappings 1092 ... OK rc 0 17.49 ms
timing: #220 done at t 26.810 s, 22.2 ms after the sync and hints
timing: t 26.811 s dcb 96 dwords: sync 11.3 ms, hints 0.1 ms
  load op 9f at 38: addr 0xfe0040068 idx 0 fmt 1 regoff 0x0 n 921 (table contents not committed)
  load op 63 at 43: addr 0xfe0042068 idx 0 fmt 1 regoff 0x0 n 174 (table contents not committed)
  load op 64 at 48: addr 0xfe00425d8 idx 0 fmt 1 regoff 0x0 n 49 (table contents not committed)
submit #221 dcb 96 dwords at 0xfe0042920: pass 20 rewrite 2 drop 2 unmapped 0 cc 0 mappings 1092 ... OK rc 0 17.87 ms
timing: #221 done at t 26.893 s, 69.8 ms after the sync and hints
timing: t 26.894 s dcb 2647 dwords: sync 11.0 ms, hints 0.2 ms
  load op 9f at 36: addr 0xfe0040068 idx 0 fmt 1 regoff 0x0 n 921 (table contents not committed)
  load op 63 at 41: addr 0xfe0042068 idx 0 fmt 1 regoff 0x0 n 174 (table contents not committed)
  load op 64 at 46: addr 0xfe00425d8 idx 0 fmt 1 regoff 0x0 n 57 (table contents not committed)
  load op 9f at 88: addr 0x504a01500 idx 0 fmt 1 regoff 0x0 n 136 (table contents not committed)
  load op 64 at 93: addr 0x504a00500 idx 0 fmt 1 regoff 0x0 n 3 (table contents not committed)
  load op 63 at 98: addr 0x5049ff500 idx 0 fmt 1 regoff 0x0 n 3 (table contents not committed)
  load op 9f at 1541: addr 0xfe0040068 idx 0 fmt 1 regoff 0x0 n 921 (table contents not committed)
  load op 9f at 1548: addr 0x504a01940 idx 0 fmt 1 regoff 0x0 n 70 (table contents not committed)
  load op 63 at 1553: addr 0x908e5ff90 idx 0 fmt 1 regoff 0x0 n 6 (table contents not committed)
  load op 9f at 1558: addr 0x908e5ffc0 idx 0 fmt 1 regoff 0x0 n 10 (table contents not committed)
  load op 63 at 1563: addr 0x908e5f7d0 idx 0 fmt 1 regoff 0x0 n 6 (table contents not committed)
  load op 9f at 1568: addr 0x908e5f800 idx 0 fmt 1 regoff 0x0 n 9 (table contents not committed)
  load op 64 at 1573: addr 0x504a00518 idx 0 fmt 1 regoff 0x0 n 5 (table contents not committed)
  load op 9f at 1691: addr 0x504a01b70 idx 0 fmt 1 regoff 0x0 n 131 (table contents not committed)
  load op 64 at 1698: addr 0x504a00540 idx 0 fmt 1 regoff 0x0 n 1 (table contents not committed)
  load op 9f at 1730: addr 0xfe0040068 idx 0 fmt 1 regoff 0x0 n 921 (table contents not committed)
  load op 9f at 1737: addr 0x504a01f88 idx 0 fmt 1 regoff 0x0 n 70 (table contents not committed)
  load op 63 at 1742: addr 0x908e5ff90 idx 0 fmt 1 regoff 0x0 n 6 (table contents not committed)
  load op 9f at 1747: addr 0x908e5ffc0 idx 0 fmt 1 regoff 0x0 n 10 (table contents not committed)
  load op 63 at 1752: addr 0x908e5f7d0 idx 0 fmt 1 regoff 0x0 n 6 (table contents not committed)
  load op 9f at 1757: addr 0x908e5f800 idx 0 fmt 1 regoff 0x0 n 9 (table contents not committed)
  load op 64 at 1762: addr 0x504a00548 idx 0 fmt 1 regoff 0x0 n 5 (table contents not committed)
  load op 63 at 1858: addr 0x5049ff518 idx 0 fmt 1 regoff 0x0 n 10 (table contents not committed)
  load op 63 at 2049: addr 0x5049ff568 idx 0 fmt 1 regoff 0x0 n 28 (table contents not committed)
  load op 64 at 2123: addr 0x504a00570 idx 0 fmt 1 regoff 0x0 n 5 (table contents not committed)
  load op 9f at 2130: addr 0x504a021b8 idx 0 fmt 1 regoff 0x0 n 96 (table contents not committed)
  load op 9f at 2135: addr 0x5049fe390 idx 0 fmt 1 regoff 0x0 n 194 (table contents not committed)
submit #222 dcb 2647 dwords at 0x504302500: pass 236 rewrite 123 drop 120 unmapped 0 cc 4 mappings 1092 ... OK rc 0 17.91 ms
timing: #222 done at t 27.297 s, 392.5 ms after the sync and hints
state stack #222: push 2 pop 2 conditional 1 unmatched 0; restored 1842 regs (+1874 dwords); tables 13, unreadable 0
timing: t 27.299 s dcb 851 dwords: sync 11.1 ms, hints 0.1 ms
  load op 9f at 38: addr 0xfe0040068 idx 0 fmt 1 regoff 0x0 n 921 (table contents not committed)
  load op 63 at 43: addr 0xfe0042068 idx 0 fmt 1 regoff 0x0 n 174 (table contents not committed)
  load op 64 at 48: addr 0xfe00425d8 idx 0 fmt 1 regoff 0x0 n 57 (table contents not committed)
  load op 9f at 90: addr 0x506201500 idx 0 fmt 1 regoff 0x0 n 5 (table contents not committed)
  load op 64 at 95: addr 0x506200500 idx 0 fmt 1 regoff 0x0 n 2 (table contents not committed)
  load op 63 at 100: addr 0x5061ff500 idx 0 fmt 1 regoff 0x0 n 3 (table contents not committed)
submit #223 dcb 851 dwords at 0x505e02500: pass 47 rewrite 55 drop 45 unmapped 0 cc 0 mappings 1092 ... OK rc 0 17.56 ms
timing: #223 done at t 27.406 s, 95.4 ms after the sync and hints
timing: t 27.407 s acb 2 dwords: sync 11.0 ms, hints 0.0 ms
submit #224 acb 2 dwords at 0xfe003a200: pass 1 rewrite 0 drop 0 unmapped 0 cc 0 mappings 1092 ... OK rc 0 17.40 ms
timing: #224 done at t 27.440 s, 22.1 ms after the sync and hints
cpu-wait WAIT_REG_MEM64 at 87 on 0x400203980: satisfied after 0.0 ms
timing: t 27.442 s after that wait (acb 463 dwords)
timing: t 27.441 s dcb 798 dwords: sync 11.2 ms, hints 0.2 ms
  load op 9f at 35: addr 0xfe0040068 idx 0 fmt 1 regoff 0x0 n 921 (table contents not committed)
  load op 63 at 40: addr 0xfe0042068 idx 0 fmt 1 regoff 0x0 n 174 (table contents not committed)
  load op 64 at 45: addr 0xfe00425d8 idx 0 fmt 1 regoff 0x0 n 57 (table contents not committed)
  load op 9f at 87: addr 0x507401500 idx 0 fmt 1 regoff 0x0 n 136 (table contents not committed)
  load op 64 at 92: addr 0x507400500 idx 0 fmt 1 regoff 0x0 n 3 (table contents not committed)
  load op 63 at 97: addr 0x5073ff500 idx 0 fmt 1 regoff 0x0 n 3 (table contents not committed)
  load op 9f at 212: addr 0xfe0040068 idx 0 fmt 1 regoff 0x0 n 921 (table contents not committed)
  load op 9f at 219: addr 0x507401940 idx 0 fmt 1 regoff 0x0 n 70 (table contents not committed)
  load op 63 at 224: addr 0x908e5ff90 idx 0 fmt 1 regoff 0x0 n 6 (table contents not committed)
  load op 9f at 229: addr 0x908e5ffc0 idx 0 fmt 1 regoff 0x0 n 10 (table contents not committed)
  load op 63 at 234: addr 0x908e5f7d0 idx 0 fmt 1 regoff 0x0 n 6 (table contents not committed)
  load op 9f at 239: addr 0x908e5f800 idx 0 fmt 1 regoff 0x0 n 9 (table contents not committed)
  load op 64 at 244: addr 0x507400518 idx 0 fmt 1 regoff 0x0 n 5 (table contents not committed)
  load op 9f at 340: addr 0x507401b70 idx 0 fmt 1 regoff 0x0 n 131 (table contents not committed)
  load op 64 at 347: addr 0x507400540 idx 0 fmt 1 regoff 0x0 n 1 (table contents not committed)
  load op 9f at 379: addr 0xfe0040068 idx 0 fmt 1 regoff 0x0 n 921 (table contents not committed)
  load op 9f at 386: addr 0x507401f88 idx 0 fmt 1 regoff 0x0 n 70 (table contents not committed)
  load op 63 at 391: addr 0x908e5ff90 idx 0 fmt 1 regoff 0x0 n 6 (table contents not committed)
  load op 9f at 396: addr 0x908e5ffc0 idx 0 fmt 1 regoff 0x0 n 10 (table contents not committed)
  load op 63 at 401: addr 0x908e5f7d0 idx 0 fmt 1 regoff 0x0 n 6 (table contents not committed)
  load op 9f at 406: addr 0x908e5f800 idx 0 fmt 1 regoff 0x0 n 9 (table contents not committed)
  load op 64 at 411: addr 0x507400548 idx 0 fmt 1 regoff 0x0 n 5 (table contents not committed)
  load op 9f at 548: addr 0x5074021b8 idx 0 fmt 1 regoff 0x0 n 98 (table contents not committed)
  load op 64 at 555: addr 0x507400570 idx 0 fmt 1 regoff 0x0 n 1 (table contents not committed)
  load op 9f at 560: addr 0x5073fe500 idx 0 fmt 1 regoff 0x0 n 33 (table contents not committed)
  load op 9f at 592: addr 0xfe0040068 idx 0 fmt 1 regoff 0x0 n 921 (table contents not committed)
  load op 9f at 599: addr 0x5073fe608 idx 0 fmt 1 regoff 0x0 n 70 (table contents not committed)
  load op 63 at 604: addr 0x908e5ff90 idx 0 fmt 1 regoff 0x0 n 6 (table contents not committed)
  load op 9f at 609: addr 0x908e5ffc0 idx 0 fmt 1 regoff 0x0 n 10 (table contents not committed)
  load op 63 at 614: addr 0x908e5f7d0 idx 0 fmt 1 regoff 0x0 n 6 (table contents not committed)
  load op 9f at 619: addr 0x908e5f800 idx 0 fmt 1 regoff 0x0 n 9 (table contents not committed)
  load op 64 at 624: addr 0x507400578 idx 0 fmt 1 regoff 0x0 n 5 (table contents not committed)
submit #225 dcb 798 dwords at 0x506e02500: pass 103 rewrite 35 drop 22 unmapped 0 cc 6 mappings 1092 ... OK rc 0 18.09 ms
timing: #225 done at t 27.904 s, 452.0 ms after the sync and hints
state stack #225: push 3 pop 3 conditional 1 unmatched 0; restored 2763 regs (+2811 dwords); tables 17, unreadable 0
timing: t 27.906 s acb 463 dwords: sync 11.4 ms, hints 0.1 ms
submit #226 acb 463 dwords at 0x400526840: pass 43 rewrite 11 drop 27 unmapped 0 cc 0 mappings 1092 ... OK rc 0 17.81 ms
timing: #226 done at t 27.940 s, 22.6 ms after the sync and hints
acb head: 1287 of 1336 dwords go ahead of the wait at 1287 on 0x400203b80
timing: t 27.941 s dcb 1248 dwords: sync 11.4 ms, hints 0.1 ms
  load op 9f at 36: addr 0xfe0040068 idx 0 fmt 1 regoff 0x0 n 921 (table contents not committed)
  load op 63 at 41: addr 0xfe0042068 idx 0 fmt 1 regoff 0x0 n 174 (table contents not committed)
  load op 64 at 46: addr 0xfe00425d8 idx 0 fmt 1 regoff 0x0 n 57 (table contents not committed)
  load op 9f at 88: addr 0x505601500 idx 0 fmt 1 regoff 0x0 n 5 (table contents not committed)
  load op 64 at 93: addr 0x505600500 idx 0 fmt 1 regoff 0x0 n 2 (table contents not committed)
  load op 63 at 98: addr 0x5055ff500 idx 0 fmt 1 regoff 0x0 n 3 (table contents not committed)
  load op 9f at 756: addr 0xfe0040068 idx 0 fmt 1 regoff 0x0 n 921 (table contents not committed)
  load op 9f at 763: addr 0x505601528 idx 0 fmt 1 regoff 0x0 n 74 (table contents not committed)
  load op 63 at 768: addr 0x908e5ff90 idx 0 fmt 1 regoff 0x0 n 6 (table contents not committed)
  load op 9f at 773: addr 0x908e5ffc0 idx 0 fmt 1 regoff 0x0 n 10 (table contents not committed)
  load op 64 at 778: addr 0x505600510 idx 0 fmt 1 regoff 0x0 n 5 (table contents not committed)
  load op 9f at 901: addr 0xfe0040068 idx 0 fmt 1 regoff 0x0 n 921 (table contents not committed)
  load op 9f at 908: addr 0x505601778 idx 0 fmt 1 regoff 0x0 n 74 (table contents not committed)
  load op 63 at 913: addr 0x908e5ff90 idx 0 fmt 1 regoff 0x0 n 6 (table contents not committed)
  load op 9f at 918: addr 0x908e5ffc0 idx 0 fmt 1 regoff 0x0 n 10 (table contents not committed)
  load op 64 at 923: addr 0x505600538 idx 0 fmt 1 regoff 0x0 n 5 (table contents not committed)
  load op 9f at 1046: addr 0xfe0040068 idx 0 fmt 1 regoff 0x0 n 921 (table contents not committed)
  load op 9f at 1053: addr 0x5056019c8 idx 0 fmt 1 regoff 0x0 n 74 (table contents not committed)
  load op 63 at 1058: addr 0x908e5ff90 idx 0 fmt 1 regoff 0x0 n 6 (table contents not committed)
  load op 9f at 1063: addr 0x908e5ffc0 idx 0 fmt 1 regoff 0x0 n 10 (table contents not committed)
  load op 64 at 1068: addr 0x505600560 idx 0 fmt 1 regoff 0x0 n 5 (table contents not committed)
submit #227 dcb 1248 dwords at 0x505202500: pass 151 rewrite 46 drop 45 unmapped 0 cc 6 mappings 1092 ... OK rc 0 17.90 ms
timing: #227 done at t 28.255 s, 302.8 ms after the sync and hints
state stack #227: push 3 pop 3 conditional 1 unmatched 0; restored 2763 regs (+2811 dwords); tables 11, unreadable 0
flip 1/1 buffer 0x5093f0000 +0x1fe0000: sum 0x17ea65194594 nonzero 8100/8160 pattern 0
  target CB0 0x507410000: distinct 53 min 0xc0000000 max 0xc340d034,   target CB0 0x507410000: nonzero 1024/1024
  target CB0 0x563800000: distinct 1 min 0x00000000 max 0x00000000,   target CB0 0x563800000: nonzero 0/1024
  target CB0 0x55c00d000: distinct 4 min 0x00000000 max 0xffffffff,   target CB0 0x55c00d000: nonzero 147/1024
  target CB0 0x5637f0000: distinct 1 min 0x00000000 max 0x00000000, timing: t 28.257 s acb 1287 dwords: sync 11.9 ms, hints 0.0 ms
  target CB0 0x5637f0000: nonzero 0/1024
  target CB0 0x519df0000: distinct 1 min 0x38003800 max 0x38003800,   target CB0 0x519df0000: nonzero 1024/1024
submit #228 acb 1287 dwords at 0x400345640: pass 118 rewrite 35 drop 63 unmapped 0 cc 0 mappings 1092 ...   target CB0 0x570a99000: distinct 8 min 0x00000000 max 0xffffffff,   target CB0 0x570a99000: nonzero 85/1024
  target DB_HTILE 0x516870000: distinct 3 min 0x00000000 max 0xfffffff0,   target DB_HTILE 0x516870000: nonzero 80/1024
  target DB_Z_READ 0x5157a0000: distinct 1 min 0x3f800000 max 0x3f800000,   target DB_Z_READ 0x5157a0000: nonzero 1024/1024
  target DB_STENCIL_READ 0x5164b0000: distinct 3 min 0x00000000 max 0xfffffff0,   target DB_STENCIL_READ 0x5164b0000: nonzero 881/1024
  target CB0 0x511650000: distinct 1 min 0x00000000 max 0x00000000,   target CB0 0x511650000: nonzero 0/1024
  target CB0 0x570a3c000: distinct 9 min 0x00000000 max 0xffffffff,   target CB0 0x570a3c000: nonzero 133/1024
  target CB0 0x570a45000: distinct 9 min 0x00000000 max 0xffffffff,   target CB0 0x570a45000: nonzero 124/1024
  target CB0 0x513d80000: distinct 1 min 0x00000000 max 0x00000000,   target CB0 0x513d80000: nonzero 0/1024
  target CB0 0x570a72000: distinct 8 min 0x00000000 max 0xffffffff,   target CB0 0x570a72000: nonzero 94/1024
  target DB_HTILE 0x55c050000: distinct 3 min 0x00000000 max 0xffffffff,   target DB_HTILE 0x55c050000: nonzero 144/1024
  target DB_Z_READ 0x527430000: distinct 1 min 0xffffffff max 0xffffffff, OK rc 0 18.97 ms
  target DB_Z_READ 0x527430000: nonzero 1024/1024
timing: #228 done at t 28.296 s, 27.2 ms after the sync and hints
timing: t 28.297 s flip 1/1, VideoOutSubmitFlip took 0.0 ms
cpu-wait WAIT_REG_MEM64 at 115 on 0x400203940: satisfied after 0.0 ms
timing: t 28.301 s after that wait (dcb 9774 dwords)
cpu-wait WAIT_REG_MEM64 at 1629 on 0x4002039c0: satisfied after 0.0 ms
timing: t 28.303 s after that wait (dcb 9774 dwords)
cpu-wait WAIT_REG_MEM64 at 9223 on 0x559cd49a53d8: satisfied after 0.0 ms
timing: t 28.305 s after that wait (dcb 9774 dwords)
timing: t 28.305 s dcb 9774 dwords: sync 11.1 ms, hints 0.3 ms
  indirect op 16 at 1246: base 0x5074063c0 +0x0 -> 1 1 1 0 0
  indirect op 16 at 1278: base 0x5074063e0 +0x0 -> 1 1 1 0 0
  indirect op 16 at 1310: base 0x50740a520 +0x0 -> 1 1 1 0 0
  indirect op 16 at 1342: base 0x50740a540 +0x0 -> 1 1 1 0 0
  indirect op 25 at 4584: base 0x56ddaffa0 +0x0 -> 1 512 0 0 0
  load op 9f at 28: addr 0xfe0040068 idx 0 fmt 1 regoff 0x0 n 921 (table contents not committed)
  load op 63 at 33: addr 0xfe0042068 idx 0 fmt 1 regoff 0x0 n 174 (table contents not committed)
  load op 64 at 38: addr 0xfe00425d8 idx 0 fmt 1 regoff 0x0 n 57 (table contents not committed)
  load op 9f at 80: addr 0x503501500 idx 0 fmt 1 regoff 0x0 n 295 (table contents not committed)
  load op 64 at 85: addr 0x503500500 idx 0 fmt 1 regoff 0x0 n 7 (table contents not committed)
  load op 63 at 90: addr 0x5034ff500 idx 0 fmt 1 regoff 0x0 n 13 (table contents not committed)
  load op 63 at 342: addr 0x5034ff568 idx 0 fmt 1 regoff 0x0 n 10 (table contents not committed)
  load op 63 at 734: addr 0x5034ff5b8 idx 0 fmt 1 regoff 0x0 n 18 (table contents not committed)
  load op 63 at 1217: addr 0x5034ff648 idx 0 fmt 1 regoff 0x0 n 10 (table contents not committed)
  load op 63 at 1249: addr 0x5034ff698 idx 0 fmt 1 regoff 0x0 n 10 (table contents not committed)
  load op 63 at 1281: addr 0x5034ff6e8 idx 0 fmt 1 regoff 0x0 n 10 (table contents not committed)
  load op 63 at 1313: addr 0x5034ff738 idx 0 fmt 1 regoff 0x0 n 10 (table contents not committed)
  load op 9f at 1724: addr 0xfe0040068 idx 0 fmt 1 regoff 0x0 n 921 (table contents not committed)
  load op 9f at 1731: addr 0x503501e38 idx 0 fmt 1 regoff 0x0 n 74 (table contents not committed)
  load op 63 at 1736: addr 0x908e5ff90 idx 0 fmt 1 regoff 0x0 n 6 (table contents not committed)
  load op 9f at 1741: addr 0x908e5ffc0 idx 0 fmt 1 regoff 0x0 n 10 (table contents not committed)
  load op 64 at 1746: addr 0x503500538 idx 0 fmt 1 regoff 0x0 n 5 (table contents not committed)
  load op 9f at 1799: addr 0x503502088 idx 0 fmt 1 regoff 0x0 n 132 (table contents not committed)
  load op 63 at 1804: addr 0x5034ff788 idx 0 fmt 1 regoff 0x0 n 30 (table contents not committed)
  load op 64 at 1884: addr 0x503500560 idx 0 fmt 1 regoff 0x0 n 5 (table contents not committed)
  load op 9f at 1891: addr 0x5034fd440 idx 0 fmt 1 regoff 0x0 n 175 (table contents not committed)
  load op 63 at 2106: addr 0x5034ff878 idx 0 fmt 1 regoff 0x0 n 20 (table contents not committed)
  load op 9f at 3069: addr 0xfe0040068 idx 0 fmt 1 regoff 0x0 n 921 (table contents not committed)
  load op 9f at 3076: addr 0x5034fd9b8 idx 0 fmt 1 regoff 0x0 n 70 (table contents not committed)
  load op 63 at 3081: addr 0x908e5ff90 idx 0 fmt 1 regoff 0x0 n 6 (table contents not committed)
  load op 9f at 3086: addr 0x908e5ffc0 idx 0 fmt 1 regoff 0x0 n 10 (table contents not committed)
  load op 63 at 3091: addr 0x908e5f7d0 idx 0 fmt 1 regoff 0x0 n 6 (table contents not committed)
  load op 9f at 3096: addr 0x908e5f800 idx 0 fmt 1 regoff 0x0 n 9 (table contents not committed)
  load op 64 at 3101: addr 0x503500588 idx 0 fmt 1 regoff 0x0 n 5 (table contents not committed)
  load op 9f at 3140: addr 0x5034fdbe8 idx 0 fmt 1 regoff 0x0 n 19 (table contents not committed)
  load op 63 at 3145: addr 0x5034ff918 idx 0 fmt 1 regoff 0x0 n 12 (table contents not committed)
  load op 9f at 3268: addr 0xfe0040068 idx 0 fmt 1 regoff 0x0 n 921 (table contents not committed)
  load op 9f at 3275: addr 0x5034fdc80 idx 0 fmt 1 regoff 0x0 n 74 (table contents not committed)
  load op 63 at 3280: addr 0x908e5ff90 idx 0 fmt 1 regoff 0x0 n 6 (table contents not committed)
  load op 9f at 3285: addr 0x908e5ffc0 idx 0 fmt 1 regoff 0x0 n 10 (table contents not committed)
  load op 64 at 3290: addr 0x5035005b0 idx 0 fmt 1 regoff 0x0 n 5 (table contents not committed)
  load op 9f at 3329: addr 0x5034fded0 idx 0 fmt 1 regoff 0x0 n 166 (table contents not committed)
  load op 63 at 3334: addr 0x5034ff978 idx 0 fmt 1 regoff 0x0 n 30 (table contents not committed)
  load op 64 at 3430: addr 0x5035005d8 idx 0 fmt 1 regoff 0x0 n 5 (table contents not committed)
  load op 9f at 3437: addr 0x5034fc320 idx 0 fmt 1 regoff 0x0 n 135 (table contents not committed)
  load op 63 at 3675: addr 0x5034ffa68 idx 0 fmt 1 regoff 0x0 n 36 (table contents not committed)
  load op 64 at 4540: addr 0x503500600 idx 0 fmt 1 regoff 0x0 n 6 (table contents not committed)
  load op 9f at 4545: addr 0x5034fc758 idx 0 fmt 1 regoff 0x0 n 376 (table contents not committed)
  load op 9f at 4552: addr 0x5034fb118 idx 0 fmt 1 regoff 0x0 n 205 (table contents not committed)
  load op 9f at 4853: addr 0xfe0040068 idx 0 fmt 1 regoff 0x0 n 921 (table contents not committed)
  load op 9f at 4860: addr 0x5034fb780 idx 0 fmt 1 regoff 0x0 n 74 (table contents not committed)
  load op 63 at 4865: addr 0x908e5ff90 idx 0 fmt 1 regoff 0x0 n 6 (table contents not committed)
  load op 9f at 4870: addr 0x908e5ffc0 idx 0 fmt 1 regoff 0x0 n 10 (table contents not committed)
  load op 64 at 4875: addr 0x503500630 idx 0 fmt 1 regoff 0x0 n 5 (table contents not committed)
  load op 63 at 4914: addr 0x5034ffb88 idx 0 fmt 1 regoff 0x0 n 21 (table contents not committed)
  load op 9f at 4925: addr 0x5034fb9d0 idx 0 fmt 1 regoff 0x0 n 223 (table contents not committed)
  load op 63 at 5714: addr 0x5034ffc30 idx 0 fmt 1 regoff 0x0 n 10 (table contents not committed)
  load op 63 at 5831: addr 0x5034ffc80 idx 0 fmt 1 regoff 0x0 n 28 (table contents not committed)
  load op 64 at 5910: addr 0x503500658 idx 0 fmt 1 regoff 0x0 n 5 (table contents not committed)
  load op 9f at 5917: addr 0x5034f9e30 idx 0 fmt 1 regoff 0x0 n 67 (table contents not committed)
  load op 9f at 6045: addr 0x5034fa048 idx 0 fmt 1 regoff 0x0 n 121 (table contents not committed)
  load op 63 at 6050: addr 0x5034ffd60 idx 0 fmt 1 regoff 0x0 n 18 (table contents not committed)
  load op 64 at 6055: addr 0x503500680 idx 0 fmt 1 regoff 0x0 n 3 (table contents not committed)
  load op 9f at 6204: addr 0x5034fa410 idx 0 fmt 1 regoff 0x0 n 121 (table contents not committed)
  load op 63 at 6209: addr 0x5034ffdf0 idx 0 fmt 1 regoff 0x0 n 18 (table contents not committed)
  load op 64 at 6214: addr 0x503500698 idx 0 fmt 1 regoff 0x0 n 3 (table contents not committed)
  load op 63 at 6578: addr 0x5034ffe80 idx 0 fmt 1 regoff 0x0 n 10 (table contents not committed)
  load op 9f at 7058: addr 0x5034fa7d8 idx 0 fmt 1 regoff 0x0 n 195 (table contents not committed)
  load op 9f at 7063: addr 0x5034f8d80 idx 0 fmt 1 regoff 0x0 n 85 (table contents not committed)
  load op 63 at 7068: addr 0x5034ffed0 idx 0 fmt 1 regoff 0x0 n 18 (table contents not committed)
  load op 64 at 7073: addr 0x5035006b0 idx 0 fmt 1 regoff 0x0 n 3 (table contents not committed)
  load op 9f at 7186: addr 0x5034f9028 idx 0 fmt 1 regoff 0x0 n 129 (table contents not committed)
  load op 63 at 7191: addr 0x5034fff60 idx 0 fmt 1 regoff 0x0 n 18 (table contents not committed)
  load op 64 at 7196: addr 0x5035006c8 idx 0 fmt 1 regoff 0x0 n 3 (table contents not committed)
  load op 9f at 7309: addr 0x5034f9430 idx 0 fmt 1 regoff 0x0 n 129 (table contents not committed)
  load op 63 at 7314: addr 0x5034ffff0 idx 0 fmt 1 regoff 0x0 n 18 (table contents not committed)
  load op 64 at 7319: addr 0x5035006e0 idx 0 fmt 1 regoff 0x0 n 3 (table contents not committed)
  load op 9f at 7432: addr 0x5034f9838 idx 0 fmt 1 regoff 0x0 n 58 (table contents not committed)
  load op 9f at 7537: addr 0x5034f9a08 idx 0 fmt 1 regoff 0x0 n 66 (table contents not committed)
  load op 9f at 7642: addr 0x5034f9c18 idx 0 fmt 1 regoff 0x0 n 37 (table contents not committed)
  load op 9f at 7647: addr 0x5034f7300 idx 0 fmt 1 regoff 0x0 n 21 (table contents not committed)
  load op 9f at 7752: addr 0x5034f73a8 idx 0 fmt 1 regoff 0x0 n 66 (table contents not committed)
  load op 9f at 7857: addr 0x5034f75b8 idx 0 fmt 1 regoff 0x0 n 58 (table contents not committed)
  load op 9f at 7962: addr 0x5034f7788 idx 0 fmt 1 regoff 0x0 n 130 (table contents not committed)
  load op 63 at 7967: addr 0x503500080 idx 0 fmt 1 regoff 0x0 n 18 (table contents not committed)
  load op 64 at 7972: addr 0x5035006f8 idx 0 fmt 1 regoff 0x0 n 3 (table contents not committed)
  load op 9f at 8099: addr 0x5034f7b98 idx 0 fmt 1 regoff 0x0 n 135 (table contents not committed)
  load op 63 at 8104: addr 0x503500110 idx 0 fmt 1 regoff 0x0 n 18 (table contents not committed)
  load op 64 at 8109: addr 0x503500710 idx 0 fmt 1 regoff 0x0 n 3 (table contents not committed)
  load op 63 at 8687: addr 0x5035001a0 idx 0 fmt 1 regoff 0x0 n 28 (table contents not committed)
  load op 64 at 9264: addr 0x503500728 idx 0 fmt 1 regoff 0x0 n 5 (table contents not committed)
  load op 9f at 9269: addr 0x5034f7fd0 idx 0 fmt 1 regoff 0x0 n 97 (table contents not committed)
  load op 9f at 9276: addr 0x5034f5868 idx 0 fmt 1 regoff 0x0 n 183 (table contents not committed)
submit #229 dcb 9774 dwords at 0x502e02500: pass 651 rewrite 493 drop 432 unmapped 1 cc 8 mappings 1092 ... OK rc 0 20.13 ms
timing: #229 done at t 29.720 s, 1403.4 ms after the sync and hints
state stack #229: push 4 pop 4 conditional 1 unmatched 0; restored 3684 regs (+3748 dwords); tables 40, unreadable 0
map 0x100d380000 +0x50000 ... ok
swapped pages taken as resident so far: 0
vmas 108 total 13075.0 MiB resident 3448.7 MiB mapped 3448.7 MiB
timing: t 29.722 s acb 2 dwords: sync 15.5 ms, hints 0.0 ms
submit #230 acb 2 dwords at 0xfe003a200: pass 1 rewrite 0 drop 0 unmapped 0 cc 0 mappings 1093 ... OK rc 0 21.44 ms
timing: #230 done at t 29.763 s, 25.6 ms after the sync and hints
cpu-wait WAIT_REG_MEM64 at 0 on 0x400203b80: satisfied after 0.0 ms
timing: t 29.765 s after that wait (acb 49 dwords)
map 0x335388000 +0x70000 ... ok
swapped pages taken as resident so far: 0
vmas 108 total 13075.0 MiB resident 3449.2 MiB mapped 3449.2 MiB
timing: t 29.764 s cc 3 dwords: sync 14.0 ms, hints 0.0 ms
submit #231 cc 3 dwords at 0x313b17cf4: pass 0 rewrite 1 drop 0 unmapped 0 cc 1 mappings 1094 ... OK rc 0 17.56 ms
timing: #231 done at t 29.799 s, 21.2 ms after the sync and hints
timing: t 29.800 s acb 49 dwords: sync 12.6 ms, hints 0.0 ms
submit #232 acb 49 dwords at 0x400346a5c: pass 2 rewrite 3 drop 3 unmapped 0 cc 0 mappings 1094 ... OK rc 0 18.22 ms
timing: #232 done at t 29.835 s, 22.2 ms after the sync and hints
timing: t 29.835 s hib 150 dwords: sync 11.7 ms, hints 0.1 ms
  load op 61 at 10: base 0xfe0008000 pairs (0x0,215) (0xd8,272) (0x1f5,4) (0x1ff,158) (0x2a0,2) (0x2a3,1) (0x2a5,66) (0x2f5,203)
  load op 5f at 29: base 0xfe0010000 pairs (0x1,1) (0x6,38) (0x32,4) (0x80,4) (0x87,37) (0xb2,4) (0xc8,2) (0x100,4) (0x107,37) (0x132,4) (0x148,2) (0x204,3) (0x20c,2) (0x212,2) (0x215,6) (0x224,5) (0x22a,1) (0x240,16) (0x27d,1) (0x280,1) (0x207,3)
  load op 5e at 74: base 0xfe0011000 pairs (0x35,8) (0xa2,1) (0x242,1) (0x248,1) (0x24a,2) (0x25b,6) (0x262,1) (0x2bb,5) (0x2c4,16) (0x2e4,8) (0x380,2) (0x383,2) (0x41d,3) (0x24d,1)
  load op 61 at 105: base 0xfe0008000 pairs (0x0,0)
  load op 5f at 110: base 0xfe0010000 pairs (0x0,0)
  load op 5e at 115: base 0xfe0011000 pairs (0x0,0)
  load op 61 at 125: base 0xfe0008000 pairs (0x0,0)
  load op 5f at 130: base 0xfe0010000 pairs (0x0,0)
  load op 5e at 135: base 0xfe0011000 pairs (0x0,0)
submit #233 hib 150 dwords at 0xfe0000000: pass 12 rewrite 2 drop 2 unmapped 0 cc 2 mappings 1094 ... OK rc 0 17.80 ms
timing: #233 done at t 29.908 s, 60.7 ms after the sync and hints
map 0x3353f8000 +0x10000 ... ok
swapped pages taken as resident so far: 0
vmas 108 total 13075.0 MiB resident 3449.2 MiB mapped 3449.2 MiB
timing: t 29.908 s hib 2 dwords: sync 14.1 ms, hints 0.0 ms
submit #234 hib 2 dwords at 0xfe003a200: pass 1 rewrite 0 drop 0 unmapped 0 cc 0 mappings 1095 ... OK rc 0 17.73 ms
timing: #234 done at t 29.944 s, 21.3 ms after the sync and hints
timing: t 29.945 s dcb 96 dwords: sync 11.2 ms, hints 0.1 ms
  load op 9f at 38: addr 0xfe0040068 idx 0 fmt 1 regoff 0x0 n 921 (table contents not committed)
  load op 63 at 43: addr 0xfe0042068 idx 0 fmt 1 regoff 0x0 n 174 (table contents not committed)
  load op 64 at 48: addr 0xfe00425d8 idx 0 fmt 1 regoff 0x0 n 49 (table contents not committed)
submit #235 dcb 96 dwords at 0xfe0042920: pass 20 rewrite 2 drop 2 unmapped 0 cc 0 mappings 1095 ... OK rc 0 17.67 ms
timing: #235 done at t 30.010 s, 54.2 ms after the sync and hints
map 0x302230000 +0x10000 ... ok
map 0x335408000 +0xc0000 ... ok
map 0x3354c8000 +0x10000 ... ok
map 0x500980000 +0x10000 ... ok
map 0x100d3d0000 +0x480000 ... ok
map 0x10ca3a0000 +0x40000 ... ok
map 0x111a2c0000 +0xcb0000 ... ok
swapped pages taken as resident so far: 0
vmas 108 total 13075.0 MiB resident 3467.4 MiB mapped 3467.6 MiB
timing: t 30.011 s dcb 2647 dwords: sync 22.3 ms, hints 0.2 ms
  load op 9f at 36: addr 0xfe0040068 idx 0 fmt 1 regoff 0x0 n 921 (table contents not committed)
  load op 63 at 41: addr 0xfe0042068 idx 0 fmt 1 regoff 0x0 n 174 (table contents not committed)
  load op 64 at 46: addr 0xfe00425d8 idx 0 fmt 1 regoff 0x0 n 57 (table contents not committed)
  load op 9f at 88: addr 0x503c01500 idx 0 fmt 1 regoff 0x0 n 136 (table contents not committed)
  load op 64 at 93: addr 0x503c00500 idx 0 fmt 1 regoff 0x0 n 3 (table contents not committed)
  load op 63 at 98: addr 0x503bff500 idx 0 fmt 1 regoff 0x0 n 3 (table contents not committed)
  load op 9f at 1541: addr 0xfe0040068 idx 0 fmt 1 regoff 0x0 n 921 (table contents not committed)
  load op 9f at 1548: addr 0x503c01940 idx 0 fmt 1 regoff 0x0 n 70 (table contents not committed)
  load op 63 at 1553: addr 0x908e5ff90 idx 0 fmt 1 regoff 0x0 n 6 (table contents not committed)
  load op 9f at 1558: addr 0x908e5ffc0 idx 0 fmt 1 regoff 0x0 n 10 (table contents not committed)
  load op 63 at 1563: addr 0x908e5f7d0 idx 0 fmt 1 regoff 0x0 n 6 (table contents not committed)
  load op 9f at 1568: addr 0x908e5f800 idx 0 fmt 1 regoff 0x0 n 9 (table contents not committed)
  load op 64 at 1573: addr 0x503c00518 idx 0 fmt 1 regoff 0x0 n 5 (table contents not committed)
  load op 9f at 1691: addr 0x503c01b70 idx 0 fmt 1 regoff 0x0 n 131 (table contents not committed)
  load op 64 at 1698: addr 0x503c00540 idx 0 fmt 1 regoff 0x0 n 1 (table contents not committed)
  load op 9f at 1730: addr 0xfe0040068 idx 0 fmt 1 regoff 0x0 n 921 (table contents not committed)
  load op 9f at 1737: addr 0x503c01f88 idx 0 fmt 1 regoff 0x0 n 70 (table contents not committed)
  load op 63 at 1742: addr 0x908e5ff90 idx 0 fmt 1 regoff 0x0 n 6 (table contents not committed)
  load op 9f at 1747: addr 0x908e5ffc0 idx 0 fmt 1 regoff 0x0 n 10 (table contents not committed)
  load op 63 at 1752: addr 0x908e5f7d0 idx 0 fmt 1 regoff 0x0 n 6 (table contents not committed)
  load op 9f at 1757: addr 0x908e5f800 idx 0 fmt 1 regoff 0x0 n 9 (table contents not committed)
  load op 64 at 1762: addr 0x503c00548 idx 0 fmt 1 regoff 0x0 n 5 (table contents not committed)
  load op 63 at 1858: addr 0x503bff518 idx 0 fmt 1 regoff 0x0 n 10 (table contents not committed)
  load op 63 at 2049: addr 0x503bff568 idx 0 fmt 1 regoff 0x0 n 28 (table contents not committed)
  load op 64 at 2123: addr 0x503c00570 idx 0 fmt 1 regoff 0x0 n 5 (table contents not committed)
  load op 9f at 2130: addr 0x503c021b8 idx 0 fmt 1 regoff 0x0 n 96 (table contents not committed)
  load op 9f at 2135: addr 0x503bfe390 idx 0 fmt 1 regoff 0x0 n 194 (table contents not committed)
submit #236 dcb 2647 dwords at 0x503502500: pass 236 rewrite 123 drop 120 unmapped 0 cc 4 mappings 1102 ... OK rc 0 18.86 ms
timing: #236 done at t 30.319 s, 285.9 ms after the sync and hints
state stack #236: push 2 pop 2 conditional 1 unmatched 0; restored 1842 regs (+1874 dwords); tables 13, unreadable 0
map 0x301b10000 +0x50000 ... ok
map 0x3354d8000 +0xc0000 ... ok
map 0x335598000 +0x120000 ... ok
map 0x4036e0000 +0x320000 ... ok
map 0x100d850000 +0xbe0000 ... ok
map 0x10ca3e0000 +0x20000 ... ok
map 0x111af70000 +0x800000 ... ok
swapped pages taken as resident so far: 0
vmas 108 total 13075.0 MiB resident 3492.7 MiB mapped 3492.9 MiB
timing: t 30.321 s dcb 851 dwords: sync 26.9 ms, hints 0.1 ms
  load op 9f at 38: addr 0xfe0040068 idx 0 fmt 1 regoff 0x0 n 921 (table contents not committed)
  load op 63 at 43: addr 0xfe0042068 idx 0 fmt 1 regoff 0x0 n 174 (table contents not committed)
  load op 64 at 48: addr 0xfe00425d8 idx 0 fmt 1 regoff 0x0 n 57 (table contents not committed)
  load op 9f at 90: addr 0x505a01500 idx 0 fmt 1 regoff 0x0 n 5 (table contents not committed)
  load op 64 at 95: addr 0x505a00500 idx 0 fmt 1 regoff 0x0 n 2 (table contents not committed)
  load op 63 at 100: addr 0x5059ff500 idx 0 fmt 1 regoff 0x0 n 3 (table contents not committed)
submit #237 dcb 851 dwords at 0x505602500: pass 47 rewrite 55 drop 45 unmapped 0 cc 0 mappings 1109 ... OK rc 0 18.08 ms
timing: #237 done at t 30.439 s, 90.8 ms after the sync and hints
timing: t 30.440 s acb 2 dwords: sync 11.5 ms, hints 0.0 ms
submit #238 acb 2 dwords at 0xfe003a200: pass 1 rewrite 0 drop 0 unmapped 0 cc 0 mappings 1109 ... OK rc 0 18.40 ms
timing: #238 done at t 30.475 s, 23.2 ms after the sync and hints
cpu-wait WAIT_REG_MEM64 at 87 on 0x400201a40: satisfied after 0.0 ms
timing: t 30.476 s after that wait (acb 463 dwords)
timing: t 30.476 s dcb 798 dwords: sync 11.6 ms, hints 0.2 ms
  load op 9f at 35: addr 0xfe0040068 idx 0 fmt 1 regoff 0x0 n 921 (table contents not committed)
  load op 63 at 40: addr 0xfe0042068 idx 0 fmt 1 regoff 0x0 n 174 (table contents not committed)
  load op 64 at 45: addr 0xfe00425d8 idx 0 fmt 1 regoff 0x0 n 57 (table contents not committed)
  load op 9f at 87: addr 0x506801500 idx 0 fmt 1 regoff 0x0 n 136 (table contents not committed)
  load op 64 at 92: addr 0x506800500 idx 0 fmt 1 regoff 0x0 n 3 (table contents not committed)
  load op 63 at 97: addr 0x5067ff500 idx 0 fmt 1 regoff 0x0 n 3 (table contents not committed)
  load op 9f at 212: addr 0xfe0040068 idx 0 fmt 1 regoff 0x0 n 921 (table contents not committed)
  load op 9f at 219: addr 0x506801940 idx 0 fmt 1 regoff 0x0 n 70 (table contents not committed)
  load op 63 at 224: addr 0x908e5ff90 idx 0 fmt 1 regoff 0x0 n 6 (table contents not committed)
  load op 9f at 229: addr 0x908e5ffc0 idx 0 fmt 1 regoff 0x0 n 10 (table contents not committed)
  load op 63 at 234: addr 0x908e5f7d0 idx 0 fmt 1 regoff 0x0 n 6 (table contents not committed)
  load op 9f at 239: addr 0x908e5f800 idx 0 fmt 1 regoff 0x0 n 9 (table contents not committed)
  load op 64 at 244: addr 0x506800518 idx 0 fmt 1 regoff 0x0 n 5 (table contents not committed)
  load op 9f at 340: addr 0x506801b70 idx 0 fmt 1 regoff 0x0 n 131 (table contents not committed)
  load op 64 at 347: addr 0x506800540 idx 0 fmt 1 regoff 0x0 n 1 (table contents not committed)
  load op 9f at 379: addr 0xfe0040068 idx 0 fmt 1 regoff 0x0 n 921 (table contents not committed)
  load op 9f at 386: addr 0x506801f88 idx 0 fmt 1 regoff 0x0 n 70 (table contents not committed)
  load op 63 at 391: addr 0x908e5ff90 idx 0 fmt 1 regoff 0x0 n 6 (table contents not committed)
  load op 9f at 396: addr 0x908e5ffc0 idx 0 fmt 1 regoff 0x0 n 10 (table contents not committed)
  load op 63 at 401: addr 0x908e5f7d0 idx 0 fmt 1 regoff 0x0 n 6 (table contents not committed)
  load op 9f at 406: addr 0x908e5f800 idx 0 fmt 1 regoff 0x0 n 9 (table contents not committed)
  load op 64 at 411: addr 0x506800548 idx 0 fmt 1 regoff 0x0 n 5 (table contents not committed)
  load op 9f at 548: addr 0x5068021b8 idx 0 fmt 1 regoff 0x0 n 98 (table contents not committed)
  load op 64 at 555: addr 0x506800570 idx 0 fmt 1 regoff 0x0 n 1 (table contents not committed)
  load op 9f at 560: addr 0x5067fe500 idx 0 fmt 1 regoff 0x0 n 33 (table contents not committed)
  load op 9f at 592: addr 0xfe0040068 idx 0 fmt 1 regoff 0x0 n 921 (table contents not committed)
  load op 9f at 599: addr 0x5067fe608 idx 0 fmt 1 regoff 0x0 n 70 (table contents not committed)
  load op 63 at 604: addr 0x908e5ff90 idx 0 fmt 1 regoff 0x0 n 6 (table contents not committed)
  load op 9f at 609: addr 0x908e5ffc0 idx 0 fmt 1 regoff 0x0 n 10 (table contents not committed)
  load op 63 at 614: addr 0x908e5f7d0 idx 0 fmt 1 regoff 0x0 n 6 (table contents not committed)
  load op 9f at 619: addr 0x908e5f800 idx 0 fmt 1 regoff 0x0 n 9 (table contents not committed)
  load op 64 at 624: addr 0x506800578 idx 0 fmt 1 regoff 0x0 n 5 (table contents not committed)
submit #239 dcb 798 dwords at 0x506202500: pass 103 rewrite 35 drop 22 unmapped 0 cc 6 mappings 1109 ... OK rc 0 18.16 ms
timing: #239 done at t 30.925 s, 437.3 ms after the sync and hints
state stack #239: push 3 pop 3 conditional 1 unmatched 0; restored 2763 regs (+2811 dwords); tables 17, unreadable 0
timing: t 30.927 s acb 463 dwords: sync 11.2 ms, hints 0.0 ms
submit #240 acb 463 dwords at 0x4003e6740: pass 43 rewrite 11 drop 27 unmapped 0 cc 0 mappings 1109 ... OK rc 0 18.45 ms
timing: #240 done at t 30.961 s, 23.5 ms after the sync and hints
acb head: 1287 of 1336 dwords go ahead of the wait at 1287 on 0x400202380
timing: t 30.962 s dcb 1248 dwords: sync 11.3 ms, hints 0.2 ms
  load op 9f at 36: addr 0xfe0040068 idx 0 fmt 1 regoff 0x0 n 921 (table contents not committed)
  load op 63 at 41: addr 0xfe0042068 idx 0 fmt 1 regoff 0x0 n 174 (table contents not committed)
  load op 64 at 46: addr 0xfe00425d8 idx 0 fmt 1 regoff 0x0 n 57 (table contents not committed)
  load op 9f at 88: addr 0x504e01500 idx 0 fmt 1 regoff 0x0 n 5 (table contents not committed)
  load op 64 at 93: addr 0x504e00500 idx 0 fmt 1 regoff 0x0 n 2 (table contents not committed)
  load op 63 at 98: addr 0x504dff500 idx 0 fmt 1 regoff 0x0 n 3 (table contents not committed)
  load op 9f at 756: addr 0xfe0040068 idx 0 fmt 1 regoff 0x0 n 921 (table contents not committed)
  load op 9f at 763: addr 0x504e01528 idx 0 fmt 1 regoff 0x0 n 74 (table contents not committed)
  load op 63 at 768: addr 0x908e5ff90 idx 0 fmt 1 regoff 0x0 n 6 (table contents not committed)
  load op 9f at 773: addr 0x908e5ffc0 idx 0 fmt 1 regoff 0x0 n 10 (table contents not committed)
  load op 64 at 778: addr 0x504e00510 idx 0 fmt 1 regoff 0x0 n 5 (table contents not committed)
  load op 9f at 901: addr 0xfe0040068 idx 0 fmt 1 regoff 0x0 n 921 (table contents not committed)
  load op 9f at 908: addr 0x504e01778 idx 0 fmt 1 regoff 0x0 n 74 (table contents not committed)
  load op 63 at 913: addr 0x908e5ff90 idx 0 fmt 1 regoff 0x0 n 6 (table contents not committed)
  load op 9f at 918: addr 0x908e5ffc0 idx 0 fmt 1 regoff 0x0 n 10 (table contents not committed)
  load op 64 at 923: addr 0x504e00538 idx 0 fmt 1 regoff 0x0 n 5 (table contents not committed)
  load op 9f at 1046: addr 0xfe0040068 idx 0 fmt 1 regoff 0x0 n 921 (table contents not committed)
  load op 9f at 1053: addr 0x504e019c8 idx 0 fmt 1 regoff 0x0 n 74 (table contents not committed)
  load op 63 at 1058: addr 0x908e5ff90 idx 0 fmt 1 regoff 0x0 n 6 (table contents not committed)
  load op 9f at 1063: addr 0x908e5ffc0 idx 0 fmt 1 regoff 0x0 n 10 (table contents not committed)
  load op 64 at 1068: addr 0x504e00560 idx 0 fmt 1 regoff 0x0 n 5 (table contents not committed)
submit #241 dcb 1248 dwords at 0x504a02500: pass 151 rewrite 46 drop 45 unmapped 0 cc 6 mappings 1109 ... OK rc 0 18.01 ms
timing: #241 done at t 31.273 s, 299.0 ms after the sync and hints
state stack #241: push 3 pop 3 conditional 1 unmatched 0; restored 2763 regs (+2811 dwords); tables 11, unreadable 0
flip 1/0 buffer 0x507410000 +0x1fe0000: sum 0x17ea65194594 nonzero 8100/8160 pattern 0
  target CB0 0x5093f0000: distinct 53 min 0xc0000000 max 0xc340d034,   target CB0 0x5093f0000: nonzero 1024/1024
  target CB0 0x563800000: distinct 1 min 0x00000000 max 0x00000000,   target CB0 0x563800000: nonzero 0/1024
  target CB0 0x55c00d000: distinct 4 min 0x00000000 max 0xffffffff,   target CB0 0x55c00d000: nonzero 147/1024
  target CB0 0x5637f0000: distinct 1 min 0x00000000 max 0x00000000,   target CB0 0x5637f0000: nonzero 0/1024
  target CB0 0x519df0000: distinct 1 min 0x38003800 max 0x38003800,   target CB0 0x519df0000: nonzero 1024/1024
  target CB0 0x570a99000: distinct 8 min 0x00000000 max 0xffffffff, timing: t 31.275 s acb 1287 dwords: sync 11.3 ms, hints 0.0 ms
  target CB0 0x570a99000: nonzero 85/1024
  target DB_HTILE 0x516870000: distinct 3 min 0x00000000 max 0xfffffff0,   target DB_HTILE 0x516870000: nonzero 80/1024
submit #242 acb 1287 dwords at 0x400205540: pass 118 rewrite 35 drop 63 unmapped 0 cc 0 mappings 1109 ...   target DB_Z_READ 0x5157a0000: distinct 1 min 0x3f800000 max 0x3f800000,   target DB_Z_READ 0x5157a0000: nonzero 1024/1024
  target DB_STENCIL_READ 0x5164b0000: distinct 3 min 0x00000000 max 0xfffffff0,   target DB_STENCIL_READ 0x5164b0000: nonzero 881/1024
  target CB0 0x511650000: distinct 1 min 0x00000000 max 0x00000000,   target CB0 0x511650000: nonzero 0/1024
  target CB0 0x570a3c000: distinct 9 min 0x00000000 max 0xffffffff,   target CB0 0x570a3c000: nonzero 133/1024
  target CB0 0x570a45000: distinct 9 min 0x00000000 max 0xffffffff,   target CB0 0x570a45000: nonzero 124/1024
  target CB0 0x513d80000: distinct 1 min 0x00000000 max 0x00000000,   target CB0 0x513d80000: nonzero 0/1024
  target CB0 0x570a72000: distinct 8 min 0x00000000 max 0xffffffff,   target CB0 0x570a72000: nonzero 94/1024
  target DB_HTILE 0x55c050000: distinct 3 min 0x00000000 max 0xffffffff,   target DB_HTILE 0x55c050000: nonzero 144/1024
  target DB_Z_READ 0x527430000: distinct 1 min 0xffffffff max 0xffffffff,   target DB_Z_READ 0x527430000: nonzero 1024/1024
timing: t 31.308 s flip 1/0, VideoOutSubmitFlip took 0.0 ms
OK rc 0 19.47 ms
timing: #242 done at t 31.312 s, 26.4 ms after the sync and hints
cpu-wait WAIT_REG_MEM64 at 115 on 0x400201d40: satisfied after 0.0 ms
timing: t 31.314 s after that wait (dcb 9774 dwords)
cpu-wait WAIT_REG_MEM64 at 1629 on 0x400201840: satisfied after 0.0 ms
timing: t 31.316 s after that wait (dcb 9774 dwords)
cpu-wait WAIT_REG_MEM64 at 9223 on 0x559cd49a53d0: satisfied after 0.0 ms
timing: t 31.318 s after that wait (dcb 9774 dwords)
timing: t 31.318 s dcb 9774 dwords: sync 11.2 ms, hints 0.3 ms
  indirect op 16 at 1246: base 0x5074063c0 +0x0 -> 1 1 1 0 0
  indirect op 16 at 1278: base 0x5074063e0 +0x0 -> 1 1 1 0 0
  indirect op 16 at 1310: base 0x50740a520 +0x0 -> 1 1 1 0 0
  indirect op 16 at 1342: base 0x50740a540 +0x0 -> 1 1 1 0 0
  indirect op 25 at 4584: base 0x56ddaffa0 +0x0 -> 1 512 0 0 0
  load op 9f at 28: addr 0xfe0040068 idx 0 fmt 1 regoff 0x0 n 921 (table contents not committed)
  load op 63 at 33: addr 0xfe0042068 idx 0 fmt 1 regoff 0x0 n 174 (table contents not committed)
  load op 64 at 38: addr 0xfe00425d8 idx 0 fmt 1 regoff 0x0 n 57 (table contents not committed)
  load op 9f at 80: addr 0x502701500 idx 0 fmt 1 regoff 0x0 n 295 (table contents not committed)
  load op 64 at 85: addr 0x502700500 idx 0 fmt 1 regoff 0x0 n 7 (table contents not committed)
  load op 63 at 90: addr 0x5026ff500 idx 0 fmt 1 regoff 0x0 n 13 (table contents not committed)
  load op 63 at 342: addr 0x5026ff568 idx 0 fmt 1 regoff 0x0 n 10 (table contents not committed)
  load op 63 at 734: addr 0x5026ff5b8 idx 0 fmt 1 regoff 0x0 n 18 (table contents not committed)
  load op 63 at 1217: addr 0x5026ff648 idx 0 fmt 1 regoff 0x0 n 10 (table contents not committed)
  load op 63 at 1249: addr 0x5026ff698 idx 0 fmt 1 regoff 0x0 n 10 (table contents not committed)
  load op 63 at 1281: addr 0x5026ff6e8 idx 0 fmt 1 regoff 0x0 n 10 (table contents not committed)
  load op 63 at 1313: addr 0x5026ff738 idx 0 fmt 1 regoff 0x0 n 10 (table contents not committed)
  load op 9f at 1724: addr 0xfe0040068 idx 0 fmt 1 regoff 0x0 n 921 (table contents not committed)
  load op 9f at 1731: addr 0x502701e38 idx 0 fmt 1 regoff 0x0 n 74 (table contents not committed)
  load op 63 at 1736: addr 0x908e5ff90 idx 0 fmt 1 regoff 0x0 n 6 (table contents not committed)
  load op 9f at 1741: addr 0x908e5ffc0 idx 0 fmt 1 regoff 0x0 n 10 (table contents not committed)
  load op 64 at 1746: addr 0x502700538 idx 0 fmt 1 regoff 0x0 n 5 (table contents not committed)
  load op 9f at 1799: addr 0x502702088 idx 0 fmt 1 regoff 0x0 n 132 (table contents not committed)
  load op 63 at 1804: addr 0x5026ff788 idx 0 fmt 1 regoff 0x0 n 30 (table contents not committed)
  load op 64 at 1884: addr 0x502700560 idx 0 fmt 1 regoff 0x0 n 5 (table contents not committed)
  load op 9f at 1891: addr 0x5026fd440 idx 0 fmt 1 regoff 0x0 n 175 (table contents not committed)
  load op 63 at 2106: addr 0x5026ff878 idx 0 fmt 1 regoff 0x0 n 20 (table contents not committed)
  load op 9f at 3069: addr 0xfe0040068 idx 0 fmt 1 regoff 0x0 n 921 (table contents not committed)
  load op 9f at 3076: addr 0x5026fd9b8 idx 0 fmt 1 regoff 0x0 n 70 (table contents not committed)
  load op 63 at 3081: addr 0x908e5ff90 idx 0 fmt 1 regoff 0x0 n 6 (table contents not committed)
  load op 9f at 3086: addr 0x908e5ffc0 idx 0 fmt 1 regoff 0x0 n 10 (table contents not committed)
  load op 63 at 3091: addr 0x908e5f7d0 idx 0 fmt 1 regoff 0x0 n 6 (table contents not committed)
  load op 9f at 3096: addr 0x908e5f800 idx 0 fmt 1 regoff 0x0 n 9 (table contents not committed)
  load op 64 at 3101: addr 0x502700588 idx 0 fmt 1 regoff 0x0 n 5 (table contents not committed)
  load op 9f at 3140: addr 0x5026fdbe8 idx 0 fmt 1 regoff 0x0 n 19 (table contents not committed)
  load op 63 at 3145: addr 0x5026ff918 idx 0 fmt 1 regoff 0x0 n 12 (table contents not committed)
  load op 9f at 3268: addr 0xfe0040068 idx 0 fmt 1 regoff 0x0 n 921 (table contents not committed)
  load op 9f at 3275: addr 0x5026fdc80 idx 0 fmt 1 regoff 0x0 n 74 (table contents not committed)
  load op 63 at 3280: addr 0x908e5ff90 idx 0 fmt 1 regoff 0x0 n 6 (table contents not committed)
  load op 9f at 3285: addr 0x908e5ffc0 idx 0 fmt 1 regoff 0x0 n 10 (table contents not committed)
  load op 64 at 3290: addr 0x5027005b0 idx 0 fmt 1 regoff 0x0 n 5 (table contents not committed)
  load op 9f at 3329: addr 0x5026fded0 idx 0 fmt 1 regoff 0x0 n 166 (table contents not committed)
  load op 63 at 3334: addr 0x5026ff978 idx 0 fmt 1 regoff 0x0 n 30 (table contents not committed)
  load op 64 at 3430: addr 0x5027005d8 idx 0 fmt 1 regoff 0x0 n 5 (table contents not committed)
  load op 9f at 3437: addr 0x5026fc320 idx 0 fmt 1 regoff 0x0 n 135 (table contents not committed)
  load op 63 at 3675: addr 0x5026ffa68 idx 0 fmt 1 regoff 0x0 n 36 (table contents not committed)
  load op 64 at 4540: addr 0x502700600 idx 0 fmt 1 regoff 0x0 n 6 (table contents not committed)
  load op 9f at 4545: addr 0x5026fc758 idx 0 fmt 1 regoff 0x0 n 376 (table contents not committed)
  load op 9f at 4552: addr 0x5026fb118 idx 0 fmt 1 regoff 0x0 n 205 (table contents not committed)
  load op 9f at 4853: addr 0xfe0040068 idx 0 fmt 1 regoff 0x0 n 921 (table contents not committed)
  load op 9f at 4860: addr 0x5026fb780 idx 0 fmt 1 regoff 0x0 n 74 (table contents not committed)
  load op 63 at 4865: addr 0x908e5ff90 idx 0 fmt 1 regoff 0x0 n 6 (table contents not committed)
  load op 9f at 4870: addr 0x908e5ffc0 idx 0 fmt 1 regoff 0x0 n 10 (table contents not committed)
  load op 64 at 4875: addr 0x502700630 idx 0 fmt 1 regoff 0x0 n 5 (table contents not committed)
  load op 63 at 4914: addr 0x5026ffb88 idx 0 fmt 1 regoff 0x0 n 21 (table contents not committed)
  load op 9f at 4925: addr 0x5026fb9d0 idx 0 fmt 1 regoff 0x0 n 223 (table contents not committed)
  load op 63 at 5714: addr 0x5026ffc30 idx 0 fmt 1 regoff 0x0 n 10 (table contents not committed)
  load op 63 at 5831: addr 0x5026ffc80 idx 0 fmt 1 regoff 0x0 n 28 (table contents not committed)
  load op 64 at 5910: addr 0x502700658 idx 0 fmt 1 regoff 0x0 n 5 (table contents not committed)
  load op 9f at 5917: addr 0x5026f9e30 idx 0 fmt 1 regoff 0x0 n 67 (table contents not committed)
  load op 9f at 6045: addr 0x5026fa048 idx 0 fmt 1 regoff 0x0 n 121 (table contents not committed)
  load op 63 at 6050: addr 0x5026ffd60 idx 0 fmt 1 regoff 0x0 n 18 (table contents not committed)
  load op 64 at 6055: addr 0x502700680 idx 0 fmt 1 regoff 0x0 n 3 (table contents not committed)
  load op 9f at 6204: addr 0x5026fa410 idx 0 fmt 1 regoff 0x0 n 121 (table contents not committed)
  load op 63 at 6209: addr 0x5026ffdf0 idx 0 fmt 1 regoff 0x0 n 18 (table contents not committed)
  load op 64 at 6214: addr 0x502700698 idx 0 fmt 1 regoff 0x0 n 3 (table contents not committed)
  load op 63 at 6578: addr 0x5026ffe80 idx 0 fmt 1 regoff 0x0 n 10 (table contents not committed)
  load op 9f at 7058: addr 0x5026fa7d8 idx 0 fmt 1 regoff 0x0 n 195 (table contents not committed)
  load op 9f at 7063: addr 0x5026f8d80 idx 0 fmt 1 regoff 0x0 n 85 (table contents not committed)
  load op 63 at 7068: addr 0x5026ffed0 idx 0 fmt 1 regoff 0x0 n 18 (table contents not committed)
  load op 64 at 7073: addr 0x5027006b0 idx 0 fmt 1 regoff 0x0 n 3 (table contents not committed)
  load op 9f at 7186: addr 0x5026f9028 idx 0 fmt 1 regoff 0x0 n 129 (table contents not committed)
  load op 63 at 7191: addr 0x5026fff60 idx 0 fmt 1 regoff 0x0 n 18 (table contents not committed)
  load op 64 at 7196: addr 0x5027006c8 idx 0 fmt 1 regoff 0x0 n 3 (table contents not committed)
  load op 9f at 7309: addr 0x5026f9430 idx 0 fmt 1 regoff 0x0 n 129 (table contents not committed)
  load op 63 at 7314: addr 0x5026ffff0 idx 0 fmt 1 regoff 0x0 n 18 (table contents not committed)
  load op 64 at 7319: addr 0x5027006e0 idx 0 fmt 1 regoff 0x0 n 3 (table contents not committed)
  load op 9f at 7432: addr 0x5026f9838 idx 0 fmt 1 regoff 0x0 n 58 (table contents not committed)
  load op 9f at 7537: addr 0x5026f9a08 idx 0 fmt 1 regoff 0x0 n 66 (table contents not committed)
  load op 9f at 7642: addr 0x5026f9c18 idx 0 fmt 1 regoff 0x0 n 37 (table contents not committed)
  load op 9f at 7647: addr 0x5026f7300 idx 0 fmt 1 regoff 0x0 n 21 (table contents not committed)
  load op 9f at 7752: addr 0x5026f73a8 idx 0 fmt 1 regoff 0x0 n 66 (table contents not committed)
  load op 9f at 7857: addr 0x5026f75b8 idx 0 fmt 1 regoff 0x0 n 58 (table contents not committed)
  load op 9f at 7962: addr 0x5026f7788 idx 0 fmt 1 regoff 0x0 n 130 (table contents not committed)
  load op 63 at 7967: addr 0x502700080 idx 0 fmt 1 regoff 0x0 n 18 (table contents not committed)
  load op 64 at 7972: addr 0x5027006f8 idx 0 fmt 1 regoff 0x0 n 3 (table contents not committed)
  load op 9f at 8099: addr 0x5026f7b98 idx 0 fmt 1 regoff 0x0 n 135 (table contents not committed)
  load op 63 at 8104: addr 0x502700110 idx 0 fmt 1 regoff 0x0 n 18 (table contents not committed)
  load op 64 at 8109: addr 0x502700710 idx 0 fmt 1 regoff 0x0 n 3 (table contents not committed)
  load op 63 at 8687: addr 0x5027001a0 idx 0 fmt 1 regoff 0x0 n 28 (table contents not committed)
  load op 64 at 9264: addr 0x502700728 idx 0 fmt 1 regoff 0x0 n 5 (table contents not committed)
  load op 9f at 9269: addr 0x5026f7fd0 idx 0 fmt 1 regoff 0x0 n 97 (table contents not committed)
  load op 9f at 9276: addr 0x5026f5868 idx 0 fmt 1 regoff 0x0 n 183 (table contents not committed)
submit #243 dcb 9774 dwords at 0x502002500: pass 651 rewrite 493 drop 432 unmapped 1 cc 8 mappings 1109 ... OK rc 0 20.33 ms
timing: #243 done at t 32.616 s, 1286.2 ms after the sync and hints
state stack #243: push 4 pop 4 conditional 1 unmatched 0; restored 3684 regs (+3748 dwords); tables 40, unreadable 0
timing: t 32.618 s acb 2 dwords: sync 11.4 ms, hints 0.0 ms
submit #244 acb 2 dwords at 0xfe003a200: pass 1 rewrite 0 drop 0 unmapped 0 cc 0 mappings 1109 ... OK rc 0 17.88 ms
timing: #244 done at t 32.652 s, 22.7 ms after the sync and hints
cpu-wait WAIT_REG_MEM64 at 0 on 0x400202380: satisfied after 0.0 ms
timing: t 32.654 s after that wait (acb 49 dwords)
map 0x304200000 +0x10000 ... ok
swapped pages taken as resident so far: 0
vmas 108 total 13075.0 MiB resident 3492.9 MiB mapped 3493.0 MiB
timing: t 32.653 s cc 3 dwords: sync 15.6 ms, hints 0.1 ms
submit #245 cc 3 dwords at 0x313b17cf4: pass 0 rewrite 1 drop 0 unmapped 0 cc 1 mappings 1110 ... OK rc 0 17.83 ms
timing: #245 done at t 32.691 s, 22.5 ms after the sync and hints
timing: t 32.692 s acb 49 dwords: sync 11.2 ms, hints 0.0 ms
submit #246 acb 49 dwords at 0x40020695c: pass 2 rewrite 3 drop 3 unmapped 0 cc 0 mappings 1110 ... OK rc 0 17.92 ms
timing: #246 done at t 32.726 s, 22.7 ms after the sync and hints
timing: t 32.727 s hib 150 dwords: sync 11.6 ms, hints 0.1 ms
  load op 61 at 10: base 0xfe0008000 pairs (0x0,215) (0xd8,272) (0x1f5,4) (0x1ff,158) (0x2a0,2) (0x2a3,1) (0x2a5,66) (0x2f5,203)
  load op 5f at 29: base 0xfe0010000 pairs (0x1,1) (0x6,38) (0x32,4) (0x80,4) (0x87,37) (0xb2,4) (0xc8,2) (0x100,4) (0x107,37) (0x132,4) (0x148,2) (0x204,3) (0x20c,2) (0x212,2) (0x215,6) (0x224,5) (0x22a,1) (0x240,16) (0x27d,1) (0x280,1) (0x207,3)
  load op 5e at 74: base 0xfe0011000 pairs (0x35,8) (0xa2,1) (0x242,1) (0x248,1) (0x24a,2) (0x25b,6) (0x262,1) (0x2bb,5) (0x2c4,16) (0x2e4,8) (0x380,2) (0x383,2) (0x41d,3) (0x24d,1)
  load op 61 at 105: base 0xfe0008000 pairs (0x0,0)
  load op 5f at 110: base 0xfe0010000 pairs (0x0,0)
  load op 5e at 115: base 0xfe0011000 pairs (0x0,0)
  load op 61 at 125: base 0xfe0008000 pairs (0x0,0)
  load op 5f at 130: base 0xfe0010000 pairs (0x0,0)
  load op 5e at 135: base 0xfe0011000 pairs (0x0,0)
submit #247 hib 150 dwords at 0xfe0000000: pass 12 rewrite 2 drop 2 unmapped 0 cc 2 mappings 1110 ... OK rc 0 18.14 ms
timing: #247 done at t 32.817 s, 78.2 ms after the sync and hints
timing: t 32.818 s hib 2 dwords: sync 11.6 ms, hints 0.0 ms
submit #248 hib 2 dwords at 0xfe003a200: pass 1 rewrite 0 drop 0 unmapped 0 cc 0 mappings 1110 ... OK rc 0 17.83 ms
timing: #248 done at t 32.852 s, 22.7 ms after the sync and hints
timing: t 32.853 s dcb 96 dwords: sync 11.3 ms, hints 0.1 ms
  load op 9f at 38: addr 0xfe0040068 idx 0 fmt 1 regoff 0x0 n 921 (table contents not committed)
  load op 63 at 43: addr 0xfe0042068 idx 0 fmt 1 regoff 0x0 n 174 (table contents not committed)
  load op 64 at 48: addr 0xfe00425d8 idx 0 fmt 1 regoff 0x0 n 49 (table contents not committed)
submit #249 dcb 96 dwords at 0xfe0042920: pass 20 rewrite 2 drop 2 unmapped 0 cc 0 mappings 1110 ... OK rc 0 18.05 ms
timing: #249 done at t 32.935 s, 70.4 ms after the sync and hints
timing: t 32.936 s dcb 2647 dwords: sync 11.5 ms, hints 0.2 ms
  load op 9f at 36: addr 0xfe0040068 idx 0 fmt 1 regoff 0x0 n 921 (table contents not committed)
  load op 63 at 41: addr 0xfe0042068 idx 0 fmt 1 regoff 0x0 n 174 (table contents not committed)
  load op 64 at 46: addr 0xfe00425d8 idx 0 fmt 1 regoff 0x0 n 57 (table contents not committed)
  load op 9f at 88: addr 0x504301500 idx 0 fmt 1 regoff 0x0 n 136 (table contents not committed)
  load op 64 at 93: addr 0x504300500 idx 0 fmt 1 regoff 0x0 n 3 (table contents not committed)
  load op 63 at 98: addr 0x5042ff500 idx 0 fmt 1 regoff 0x0 n 3 (table contents not committed)
  load op 9f at 1541: addr 0xfe0040068 idx 0 fmt 1 regoff 0x0 n 921 (table contents not committed)
  load op 9f at 1548: addr 0x504301940 idx 0 fmt 1 regoff 0x0 n 70 (table contents not committed)
  load op 63 at 1553: addr 0x908e5ff90 idx 0 fmt 1 regoff 0x0 n 6 (table contents not committed)
  load op 9f at 1558: addr 0x908e5ffc0 idx 0 fmt 1 regoff 0x0 n 10 (table contents not committed)
  load op 63 at 1563: addr 0x908e5f7d0 idx 0 fmt 1 regoff 0x0 n 6 (table contents not committed)
  load op 9f at 1568: addr 0x908e5f800 idx 0 fmt 1 regoff 0x0 n 9 (table contents not committed)
  load op 64 at 1573: addr 0x504300518 idx 0 fmt 1 regoff 0x0 n 5 (table contents not committed)
  load op 9f at 1691: addr 0x504301b70 idx 0 fmt 1 regoff 0x0 n 131 (table contents not committed)
  load op 64 at 1698: addr 0x504300540 idx 0 fmt 1 regoff 0x0 n 1 (table contents not committed)
  load op 9f at 1730: addr 0xfe0040068 idx 0 fmt 1 regoff 0x0 n 921 (table contents not committed)
  load op 9f at 1737: addr 0x504301f88 idx 0 fmt 1 regoff 0x0 n 70 (table contents not committed)
  load op 63 at 1742: addr 0x908e5ff90 idx 0 fmt 1 regoff 0x0 n 6 (table contents not committed)
  load op 9f at 1747: addr 0x908e5ffc0 idx 0 fmt 1 regoff 0x0 n 10 (table contents not committed)
  load op 63 at 1752: addr 0x908e5f7d0 idx 0 fmt 1 regoff 0x0 n 6 (table contents not committed)
  load op 9f at 1757: addr 0x908e5f800 idx 0 fmt 1 regoff 0x0 n 9 (table contents not committed)
  load op 64 at 1762: addr 0x504300548 idx 0 fmt 1 regoff 0x0 n 5 (table contents not committed)
  load op 63 at 1858: addr 0x5042ff518 idx 0 fmt 1 regoff 0x0 n 10 (table contents not committed)
  load op 63 at 2049: addr 0x5042ff568 idx 0 fmt 1 regoff 0x0 n 28 (table contents not committed)
  load op 64 at 2123: addr 0x504300570 idx 0 fmt 1 regoff 0x0 n 5 (table contents not committed)
  load op 9f at 2130: addr 0x5043021b8 idx 0 fmt 1 regoff 0x0 n 96 (table contents not committed)
  load op 9f at 2135: addr 0x5042fe390 idx 0 fmt 1 regoff 0x0 n 194 (table contents not committed)
submit #250 dcb 2647 dwords at 0x503c02500: pass 236 rewrite 123 drop 120 unmapped 0 cc 4 mappings 1110 ... OK rc 0 18.22 ms
timing: #250 done at t 33.332 s, 384.3 ms after the sync and hints
state stack #250: push 2 pop 2 conditional 1 unmatched 0; restored 1842 regs (+1874 dwords); tables 13, unreadable 0
timing: t 33.334 s dcb 851 dwords: sync 11.1 ms, hints 0.1 ms
  load op 9f at 38: addr 0xfe0040068 idx 0 fmt 1 regoff 0x0 n 921 (table contents not committed)
  load op 63 at 43: addr 0xfe0042068 idx 0 fmt 1 regoff 0x0 n 174 (table contents not committed)
  load op 64 at 48: addr 0xfe00425d8 idx 0 fmt 1 regoff 0x0 n 57 (table contents not committed)
  load op 9f at 90: addr 0x505e01500 idx 0 fmt 1 regoff 0x0 n 5 (table contents not committed)
  load op 64 at 95: addr 0x505e00500 idx 0 fmt 1 regoff 0x0 n 2 (table contents not committed)
  load op 63 at 100: addr 0x505dff500 idx 0 fmt 1 regoff 0x0 n 3 (table contents not committed)
submit #251 dcb 851 dwords at 0x505a02500: pass 47 rewrite 55 drop 45 unmapped 0 cc 0 mappings 1110 ... OK rc 0 18.02 ms
timing: #251 done at t 33.439 s, 93.3 ms after the sync and hints
timing: t 33.440 s acb 2 dwords: sync 11.7 ms, hints 0.0 ms
submit #252 acb 2 dwords at 0xfe003a200: pass 1 rewrite 0 drop 0 unmapped 0 cc 0 mappings 1110 ... OK rc 0 17.80 ms
timing: #252 done at t 33.474 s, 22.5 ms after the sync and hints
cpu-wait WAIT_REG_MEM64 at 87 on 0x400202d80: satisfied after 0.0 ms
timing: t 33.475 s after that wait (acb 463 dwords)
timing: t 33.475 s dcb 798 dwords: sync 11.4 ms, hints 0.2 ms
  load op 9f at 35: addr 0xfe0040068 idx 0 fmt 1 regoff 0x0 n 921 (table contents not committed)
  load op 63 at 40: addr 0xfe0042068 idx 0 fmt 1 regoff 0x0 n 174 (table contents not committed)
  load op 64 at 45: addr 0xfe00425d8 idx 0 fmt 1 regoff 0x0 n 57 (table contents not committed)
  load op 9f at 87: addr 0x506e01500 idx 0 fmt 1 regoff 0x0 n 136 (table contents not committed)
  load op 64 at 92: addr 0x506e00500 idx 0 fmt 1 regoff 0x0 n 3 (table contents not committed)
  load op 63 at 97: addr 0x506dff500 idx 0 fmt 1 regoff 0x0 n 3 (table contents not committed)
  load op 9f at 212: addr 0xfe0040068 idx 0 fmt 1 regoff 0x0 n 921 (table contents not committed)
  load op 9f at 219: addr 0x506e01940 idx 0 fmt 1 regoff 0x0 n 70 (table contents not committed)
  load op 63 at 224: addr 0x908e5ff90 idx 0 fmt 1 regoff 0x0 n 6 (table contents not committed)
  load op 9f at 229: addr 0x908e5ffc0 idx 0 fmt 1 regoff 0x0 n 10 (table contents not committed)
  load op 63 at 234: addr 0x908e5f7d0 idx 0 fmt 1 regoff 0x0 n 6 (table contents not committed)
  load op 9f at 239: addr 0x908e5f800 idx 0 fmt 1 regoff 0x0 n 9 (table contents not committed)
  load op 64 at 244: addr 0x506e00518 idx 0 fmt 1 regoff 0x0 n 5 (table contents not committed)
  load op 9f at 340: addr 0x506e01b70 idx 0 fmt 1 regoff 0x0 n 131 (table contents not committed)
  load op 64 at 347: addr 0x506e00540 idx 0 fmt 1 regoff 0x0 n 1 (table contents not committed)
  load op 9f at 379: addr 0xfe0040068 idx 0 fmt 1 regoff 0x0 n 921 (table contents not committed)
  load op 9f at 386: addr 0x506e01f88 idx 0 fmt 1 regoff 0x0 n 70 (table contents not committed)
  load op 63 at 391: addr 0x908e5ff90 idx 0 fmt 1 regoff 0x0 n 6 (table contents not committed)
  load op 9f at 396: addr 0x908e5ffc0 idx 0 fmt 1 regoff 0x0 n 10 (table contents not committed)
  load op 63 at 401: addr 0x908e5f7d0 idx 0 fmt 1 regoff 0x0 n 6 (table contents not committed)
  load op 9f at 406: addr 0x908e5f800 idx 0 fmt 1 regoff 0x0 n 9 (table contents not committed)
  load op 64 at 411: addr 0x506e00548 idx 0 fmt 1 regoff 0x0 n 5 (table contents not committed)
  load op 9f at 548: addr 0x506e021b8 idx 0 fmt 1 regoff 0x0 n 98 (table contents not committed)
  load op 64 at 555: addr 0x506e00570 idx 0 fmt 1 regoff 0x0 n 1 (table contents not committed)
  load op 9f at 560: addr 0x506dfe500 idx 0 fmt 1 regoff 0x0 n 33 (table contents not committed)
  load op 9f at 592: addr 0xfe0040068 idx 0 fmt 1 regoff 0x0 n 921 (table contents not committed)
  load op 9f at 599: addr 0x506dfe608 idx 0 fmt 1 regoff 0x0 n 70 (table contents not committed)
  load op 63 at 604: addr 0x908e5ff90 idx 0 fmt 1 regoff 0x0 n 6 (table contents not committed)
  load op 9f at 609: addr 0x908e5ffc0 idx 0 fmt 1 regoff 0x0 n 10 (table contents not committed)
  load op 63 at 614: addr 0x908e5f7d0 idx 0 fmt 1 regoff 0x0 n 6 (table contents not committed)
  load op 9f at 619: addr 0x908e5f800 idx 0 fmt 1 regoff 0x0 n 9 (table contents not committed)
  load op 64 at 624: addr 0x506e00578 idx 0 fmt 1 regoff 0x0 n 5 (table contents not committed)
submit #253 dcb 798 dwords at 0x506802500: pass 103 rewrite 35 drop 22 unmapped 0 cc 6 mappings 1110 ... OK rc 0 18.23 ms
timing: #253 done at t 33.922 s, 435.9 ms after the sync and hints
state stack #253: push 3 pop 3 conditional 1 unmatched 0; restored 2763 regs (+2811 dwords); tables 17, unreadable 0
timing: t 33.924 s acb 463 dwords: sync 11.2 ms, hints 0.0 ms
submit #254 acb 463 dwords at 0x4004867c0: pass 43 rewrite 11 drop 27 unmapped 0 cc 0 mappings 1110 ... OK rc 0 18.17 ms
timing: #254 done at t 33.959 s, 23.5 ms after the sync and hints
acb head: 1287 of 1336 dwords go ahead of the wait at 1287 on 0x400202f80
timing: t 33.960 s dcb 1248 dwords: sync 11.7 ms, hints 0.2 ms
  load op 9f at 36: addr 0xfe0040068 idx 0 fmt 1 regoff 0x0 n 921 (table contents not committed)
  load op 63 at 41: addr 0xfe0042068 idx 0 fmt 1 regoff 0x0 n 174 (table contents not committed)
  load op 64 at 46: addr 0xfe00425d8 idx 0 fmt 1 regoff 0x0 n 57 (table contents not committed)
  load op 9f at 88: addr 0x505201500 idx 0 fmt 1 regoff 0x0 n 5 (table contents not committed)
  load op 64 at 93: addr 0x505200500 idx 0 fmt 1 regoff 0x0 n 2 (table contents not committed)
  load op 63 at 98: addr 0x5051ff500 idx 0 fmt 1 regoff 0x0 n 3 (table contents not committed)
  load op 9f at 756: addr 0xfe0040068 idx 0 fmt 1 regoff 0x0 n 921 (table contents not committed)
  load op 9f at 763: addr 0x505201528 idx 0 fmt 1 regoff 0x0 n 74 (table contents not committed)
  load op 63 at 768: addr 0x908e5ff90 idx 0 fmt 1 regoff 0x0 n 6 (table contents not committed)
  load op 9f at 773: addr 0x908e5ffc0 idx 0 fmt 1 regoff 0x0 n 10 (table contents not committed)
  load op 64 at 778: addr 0x505200510 idx 0 fmt 1 regoff 0x0 n 5 (table contents not committed)
  load op 9f at 901: addr 0xfe0040068 idx 0 fmt 1 regoff 0x0 n 921 (table contents not committed)
  load op 9f at 908: addr 0x505201778 idx 0 fmt 1 regoff 0x0 n 74 (table contents not committed)
  load op 63 at 913: addr 0x908e5ff90 idx 0 fmt 1 regoff 0x0 n 6 (table contents not committed)
  load op 9f at 918: addr 0x908e5ffc0 idx 0 fmt 1 regoff 0x0 n 10 (table contents not committed)
  load op 64 at 923: addr 0x505200538 idx 0 fmt 1 regoff 0x0 n 5 (table contents not committed)
  load op 9f at 1046: addr 0xfe0040068 idx 0 fmt 1 regoff 0x0 n 921 (table contents not committed)
  load op 9f at 1053: addr 0x5052019c8 idx 0 fmt 1 regoff 0x0 n 74 (table contents not committed)
  load op 63 at 1058: addr 0x908e5ff90 idx 0 fmt 1 regoff 0x0 n 6 (table contents not committed)
  load op 9f at 1063: addr 0x908e5ffc0 idx 0 fmt 1 regoff 0x0 n 10 (table contents not committed)
  load op 64 at 1068: addr 0x505200560 idx 0 fmt 1 regoff 0x0 n 5 (table contents not committed)
submit #255 dcb 1248 dwords at 0x504e02500: pass 151 rewrite 46 drop 45 unmapped 0 cc 6 mappings 1110 ... OK rc 0 17.95 ms
timing: #255 done at t 34.266 s, 294.4 ms after the sync and hints
state stack #255: push 3 pop 3 conditional 1 unmatched 0; restored 2763 regs (+2811 dwords); tables 11, unreadable 0
flip 1/1 buffer 0x5093f0000 +0x1fe0000: sum 0x17ea65194594 nonzero 8100/8160 pattern 0
  target CB0 0x507410000: distinct 53 min 0xc0000000 max 0xc340d034,   target CB0 0x507410000: nonzero 1024/1024
  target CB0 0x563800000: distinct 1 min 0x00000000 max 0x00000000,   target CB0 0x563800000: nonzero 0/1024
  target CB0 0x55c00d000: distinct 4 min 0x00000000 max 0xffffffff,   target CB0 0x55c00d000: nonzero 147/1024
  target CB0 0x5637f0000: distinct 1 min 0x00000000 max 0x00000000,   target CB0 0x5637f0000: nonzero 0/1024
  target CB0 0x519df0000: distinct 1 min 0x38003800 max 0x38003800,   target CB0 0x519df0000: nonzero 1024/1024
  target CB0 0x570a99000: distinct 8 min 0x00000000 max 0xffffffff,   target CB0 0x570a99000: nonzero 85/1024
  target DB_HTILE 0x516870000: distinct 3 min 0x00000000 max 0xfffffff0,   target DB_HTILE 0x516870000: nonzero 80/1024
timing: t 34.268 s acb 1287 dwords: sync 12.1 ms, hints 0.1 ms
  target DB_Z_READ 0x5157a0000: distinct 1 min 0x3f800000 max 0x3f800000,   target DB_Z_READ 0x5157a0000: nonzero 1024/1024
  target DB_STENCIL_READ 0x5164b0000: distinct 3 min 0x00000000 max 0xfffffff0,   target DB_STENCIL_READ 0x5164b0000: nonzero 881/1024
submit #256 acb 1287 dwords at 0x4002a55c0: pass 118 rewrite 35 drop 63 unmapped 0 cc 0 mappings 1110 ...   target CB0 0x511650000: distinct 1 min 0x00000000 max 0x00000000,   target CB0 0x511650000: nonzero 0/1024
  target CB0 0x570a3c000: distinct 9 min 0x00000000 max 0xffffffff,   target CB0 0x570a3c000: nonzero 133/1024
  target CB0 0x570a45000: distinct 9 min 0x00000000 max 0xffffffff,   target CB0 0x570a45000: nonzero 124/1024
  target CB0 0x513d80000: distinct 1 min 0x00000000 max 0x00000000,   target CB0 0x513d80000: nonzero 0/1024
  target CB0 0x570a72000: distinct 8 min 0x00000000 max 0xffffffff,   target CB0 0x570a72000: nonzero 94/1024
  target DB_HTILE 0x55c050000: distinct 3 min 0x00000000 max 0xffffffff,   target DB_HTILE 0x55c050000: nonzero 144/1024
  target DB_Z_READ 0x527430000: distinct 1 min 0xffffffff max 0xffffffff,   target DB_Z_READ 0x527430000: nonzero 1024/1024
timing: t 34.298 s flip 1/1, VideoOutSubmitFlip took 0.0 ms
OK rc 0 19.30 ms
timing: #256 done at t 34.307 s, 27.5 ms after the sync and hints
cpu-wait WAIT_REG_MEM64 at 115 on 0x400202d40: satisfied after 0.0 ms
timing: t 34.309 s after that wait (dcb 9774 dwords)
cpu-wait WAIT_REG_MEM64 at 1629 on 0x400202dc0: satisfied after 0.0 ms
timing: t 34.311 s after that wait (dcb 9774 dwords)
cpu-wait WAIT_REG_MEM64 at 9223 on 0x559cd49a53d8: satisfied after 0.0 ms
timing: t 34.313 s after that wait (dcb 9774 dwords)
timing: t 34.313 s dcb 9774 dwords: sync 11.2 ms, hints 0.3 ms
  indirect op 16 at 1246: base 0x5074063c0 +0x0 -> 1 1 1 0 0
  indirect op 16 at 1278: base 0x5074063e0 +0x0 -> 1 1 1 0 0
  indirect op 16 at 1310: base 0x50740a520 +0x0 -> 1 1 1 0 0
  indirect op 16 at 1342: base 0x50740a540 +0x0 -> 1 1 1 0 0
  indirect op 25 at 4584: base 0x56ddaffa0 +0x0 -> 1 512 0 0 0
  load op 9f at 28: addr 0xfe0040068 idx 0 fmt 1 regoff 0x0 n 921 (table contents not committed)
  load op 63 at 33: addr 0xfe0042068 idx 0 fmt 1 regoff 0x0 n 174 (table contents not committed)
  load op 64 at 38: addr 0xfe00425d8 idx 0 fmt 1 regoff 0x0 n 57 (table contents not committed)
  load op 9f at 80: addr 0x502e01500 idx 0 fmt 1 regoff 0x0 n 295 (table contents not committed)
  load op 64 at 85: addr 0x502e00500 idx 0 fmt 1 regoff 0x0 n 7 (table contents not committed)
  load op 63 at 90: addr 0x502dff500 idx 0 fmt 1 regoff 0x0 n 13 (table contents not committed)
  load op 63 at 342: addr 0x502dff568 idx 0 fmt 1 regoff 0x0 n 10 (table contents not committed)
  load op 63 at 734: addr 0x502dff5b8 idx 0 fmt 1 regoff 0x0 n 18 (table contents not committed)
  load op 63 at 1217: addr 0x502dff648 idx 0 fmt 1 regoff 0x0 n 10 (table contents not committed)
  load op 63 at 1249: addr 0x502dff698 idx 0 fmt 1 regoff 0x0 n 10 (table contents not committed)
  load op 63 at 1281: addr 0x502dff6e8 idx 0 fmt 1 regoff 0x0 n 10 (table contents not committed)
  load op 63 at 1313: addr 0x502dff738 idx 0 fmt 1 regoff 0x0 n 10 (table contents not committed)
  load op 9f at 1724: addr 0xfe0040068 idx 0 fmt 1 regoff 0x0 n 921 (table contents not committed)
  load op 9f at 1731: addr 0x502e01e38 idx 0 fmt 1 regoff 0x0 n 74 (table contents not committed)
  load op 63 at 1736: addr 0x908e5ff90 idx 0 fmt 1 regoff 0x0 n 6 (table contents not committed)
  load op 9f at 1741: addr 0x908e5ffc0 idx 0 fmt 1 regoff 0x0 n 10 (table contents not committed)
  load op 64 at 1746: addr 0x502e00538 idx 0 fmt 1 regoff 0x0 n 5 (table contents not committed)
  load op 9f at 1799: addr 0x502e02088 idx 0 fmt 1 regoff 0x0 n 132 (table contents not committed)
  load op 63 at 1804: addr 0x502dff788 idx 0 fmt 1 regoff 0x0 n 30 (table contents not committed)
  load op 64 at 1884: addr 0x502e00560 idx 0 fmt 1 regoff 0x0 n 5 (table contents not committed)
  load op 9f at 1891: addr 0x502dfd440 idx 0 fmt 1 regoff 0x0 n 175 (table contents not committed)
  load op 63 at 2106: addr 0x502dff878 idx 0 fmt 1 regoff 0x0 n 20 (table contents not committed)
  load op 9f at 3069: addr 0xfe0040068 idx 0 fmt 1 regoff 0x0 n 921 (table contents not committed)
  load op 9f at 3076: addr 0x502dfd9b8 idx 0 fmt 1 regoff 0x0 n 70 (table contents not committed)
  load op 63 at 3081: addr 0x908e5ff90 idx 0 fmt 1 regoff 0x0 n 6 (table contents not committed)
  load op 9f at 3086: addr 0x908e5ffc0 idx 0 fmt 1 regoff 0x0 n 10 (table contents not committed)
  load op 63 at 3091: addr 0x908e5f7d0 idx 0 fmt 1 regoff 0x0 n 6 (table contents not committed)
  load op 9f at 3096: addr 0x908e5f800 idx 0 fmt 1 regoff 0x0 n 9 (table contents not committed)
  load op 64 at 3101: addr 0x502e00588 idx 0 fmt 1 regoff 0x0 n 5 (table contents not committed)
  load op 9f at 3140: addr 0x502dfdbe8 idx 0 fmt 1 regoff 0x0 n 19 (table contents not committed)
  load op 63 at 3145: addr 0x502dff918 idx 0 fmt 1 regoff 0x0 n 12 (table contents not committed)
  load op 9f at 3268: addr 0xfe0040068 idx 0 fmt 1 regoff 0x0 n 921 (table contents not committed)
  load op 9f at 3275: addr 0x502dfdc80 idx 0 fmt 1 regoff 0x0 n 74 (table contents not committed)
  load op 63 at 3280: addr 0x908e5ff90 idx 0 fmt 1 regoff 0x0 n 6 (table contents not committed)
  load op 9f at 3285: addr 0x908e5ffc0 idx 0 fmt 1 regoff 0x0 n 10 (table contents not committed)
  load op 64 at 3290: addr 0x502e005b0 idx 0 fmt 1 regoff 0x0 n 5 (table contents not committed)
  load op 9f at 3329: addr 0x502dfded0 idx 0 fmt 1 regoff 0x0 n 166 (table contents not committed)
  load op 63 at 3334: addr 0x502dff978 idx 0 fmt 1 regoff 0x0 n 30 (table contents not committed)
  load op 64 at 3430: addr 0x502e005d8 idx 0 fmt 1 regoff 0x0 n 5 (table contents not committed)
  load op 9f at 3437: addr 0x502dfc320 idx 0 fmt 1 regoff 0x0 n 135 (table contents not committed)
  load op 63 at 3675: addr 0x502dffa68 idx 0 fmt 1 regoff 0x0 n 36 (table contents not committed)
  load op 64 at 4540: addr 0x502e00600 idx 0 fmt 1 regoff 0x0 n 6 (table contents not committed)
  load op 9f at 4545: addr 0x502dfc758 idx 0 fmt 1 regoff 0x0 n 376 (table contents not committed)
  load op 9f at 4552: addr 0x502dfb118 idx 0 fmt 1 regoff 0x0 n 205 (table contents not committed)
  load op 9f at 4853: addr 0xfe0040068 idx 0 fmt 1 regoff 0x0 n 921 (table contents not committed)
  load op 9f at 4860: addr 0x502dfb780 idx 0 fmt 1 regoff 0x0 n 74 (table contents not committed)
  load op 63 at 4865: addr 0x908e5ff90 idx 0 fmt 1 regoff 0x0 n 6 (table contents not committed)
  load op 9f at 4870: addr 0x908e5ffc0 idx 0 fmt 1 regoff 0x0 n 10 (table contents not committed)
  load op 64 at 4875: addr 0x502e00630 idx 0 fmt 1 regoff 0x0 n 5 (table contents not committed)
  load op 63 at 4914: addr 0x502dffb88 idx 0 fmt 1 regoff 0x0 n 21 (table contents not committed)
  load op 9f at 4925: addr 0x502dfb9d0 idx 0 fmt 1 regoff 0x0 n 223 (table contents not committed)
  load op 63 at 5714: addr 0x502dffc30 idx 0 fmt 1 regoff 0x0 n 10 (table contents not committed)
  load op 63 at 5831: addr 0x502dffc80 idx 0 fmt 1 regoff 0x0 n 28 (table contents not committed)
  load op 64 at 5910: addr 0x502e00658 idx 0 fmt 1 regoff 0x0 n 5 (table contents not committed)
  load op 9f at 5917: addr 0x502df9e30 idx 0 fmt 1 regoff 0x0 n 67 (table contents not committed)
  load op 9f at 6045: addr 0x502dfa048 idx 0 fmt 1 regoff 0x0 n 121 (table contents not committed)
  load op 63 at 6050: addr 0x502dffd60 idx 0 fmt 1 regoff 0x0 n 18 (table contents not committed)
  load op 64 at 6055: addr 0x502e00680 idx 0 fmt 1 regoff 0x0 n 3 (table contents not committed)
  load op 9f at 6204: addr 0x502dfa410 idx 0 fmt 1 regoff 0x0 n 121 (table contents not committed)
  load op 63 at 6209: addr 0x502dffdf0 idx 0 fmt 1 regoff 0x0 n 18 (table contents not committed)
  load op 64 at 6214: addr 0x502e00698 idx 0 fmt 1 regoff 0x0 n 3 (table contents not committed)
  load op 63 at 6578: addr 0x502dffe80 idx 0 fmt 1 regoff 0x0 n 10 (table contents not committed)
  load op 9f at 7058: addr 0x502dfa7d8 idx 0 fmt 1 regoff 0x0 n 195 (table contents not committed)
  load op 9f at 7063: addr 0x502df8d80 idx 0 fmt 1 regoff 0x0 n 85 (table contents not committed)
  load op 63 at 7068: addr 0x502dffed0 idx 0 fmt 1 regoff 0x0 n 18 (table contents not committed)
  load op 64 at 7073: addr 0x502e006b0 idx 0 fmt 1 regoff 0x0 n 3 (table contents not committed)
  load op 9f at 7186: addr 0x502df9028 idx 0 fmt 1 regoff 0x0 n 129 (table contents not committed)
  load op 63 at 7191: addr 0x502dfff60 idx 0 fmt 1 regoff 0x0 n 18 (table contents not committed)
  load op 64 at 7196: addr 0x502e006c8 idx 0 fmt 1 regoff 0x0 n 3 (table contents not committed)
  load op 9f at 7309: addr 0x502df9430 idx 0 fmt 1 regoff 0x0 n 129 (table contents not committed)
  load op 63 at 7314: addr 0x502dffff0 idx 0 fmt 1 regoff 0x0 n 18 (table contents not committed)
  load op 64 at 7319: addr 0x502e006e0 idx 0 fmt 1 regoff 0x0 n 3 (table contents not committed)
  load op 9f at 7432: addr 0x502df9838 idx 0 fmt 1 regoff 0x0 n 58 (table contents not committed)
  load op 9f at 7537: addr 0x502df9a08 idx 0 fmt 1 regoff 0x0 n 66 (table contents not committed)
  load op 9f at 7642: addr 0x502df9c18 idx 0 fmt 1 regoff 0x0 n 37 (table contents not committed)
  load op 9f at 7647: addr 0x502df7300 idx 0 fmt 1 regoff 0x0 n 21 (table contents not committed)
  load op 9f at 7752: addr 0x502df73a8 idx 0 fmt 1 regoff 0x0 n 66 (table contents not committed)
  load op 9f at 7857: addr 0x502df75b8 idx 0 fmt 1 regoff 0x0 n 58 (table contents not committed)
  load op 9f at 7962: addr 0x502df7788 idx 0 fmt 1 regoff 0x0 n 130 (table contents not committed)
  load op 63 at 7967: addr 0x502e00080 idx 0 fmt 1 regoff 0x0 n 18 (table contents not committed)
  load op 64 at 7972: addr 0x502e006f8 idx 0 fmt 1 regoff 0x0 n 3 (table contents not committed)
  load op 9f at 8099: addr 0x502df7b98 idx 0 fmt 1 regoff 0x0 n 135 (table contents not committed)
  load op 63 at 8104: addr 0x502e00110 idx 0 fmt 1 regoff 0x0 n 18 (table contents not committed)
  load op 64 at 8109: addr 0x502e00710 idx 0 fmt 1 regoff 0x0 n 3 (table contents not committed)
  load op 63 at 8687: addr 0x502e001a0 idx 0 fmt 1 regoff 0x0 n 28 (table contents not committed)
  load op 64 at 9264: addr 0x502e00728 idx 0 fmt 1 regoff 0x0 n 5 (table contents not committed)
  load op 9f at 9269: addr 0x502df7fd0 idx 0 fmt 1 regoff 0x0 n 97 (table contents not committed)
  load op 9f at 9276: addr 0x502df5868 idx 0 fmt 1 regoff 0x0 n 183 (table contents not committed)
submit #257 dcb 9774 dwords at 0x502702500: pass 651 rewrite 493 drop 432 unmapped 1 cc 8 mappings 1110 ... OK rc 0 20.24 ms
timing: #257 done at t 35.610 s, 1285.0 ms after the sync and hints
state stack #257: push 4 pop 4 conditional 1 unmatched 0; restored 3684 regs (+3748 dwords); tables 40, unreadable 0
map 0x100e430000 +0x70000 ... ok
swapped pages taken as resident so far: 0
vmas 108 total 13075.0 MiB resident 3493.4 MiB mapped 3493.4 MiB
timing: t 35.612 s acb 2 dwords: sync 15.5 ms, hints 0.0 ms
submit #258 acb 2 dwords at 0xfe003a200: pass 1 rewrite 0 drop 0 unmapped 0 cc 0 mappings 1111 ... OK rc 0 18.14 ms
timing: #258 done at t 35.650 s, 22.7 ms after the sync and hints
cpu-wait WAIT_REG_MEM64 at 0 on 0x400202f80: satisfied after 0.0 ms
timing: t 35.651 s after that wait (acb 49 dwords)
map 0x3356b8000 +0x20000 ... ok
swapped pages taken as resident so far: 0
vmas 108 total 13075.0 MiB resident 3493.5 MiB mapped 3493.5 MiB
timing: t 35.651 s cc 3 dwords: sync 15.7 ms, hints 0.0 ms
submit #259 cc 3 dwords at 0x313b17cf4: pass 0 rewrite 1 drop 0 unmapped 0 cc 1 mappings 1112 ... OK rc 0 20.62 ms
timing: #259 done at t 35.696 s, 29.5 ms after the sync and hints
timing: t 35.697 s acb 49 dwords: sync 11.7 ms, hints 0.0 ms
submit #260 acb 49 dwords at 0x4002a69dc: pass 2 rewrite 3 drop 3 unmapped 0 cc 0 mappings 1112 ... OK rc 0 18.16 ms
timing: #260 done at t 35.732 s, 23.2 ms after the sync and hints
timing: t 35.733 s hib 150 dwords: sync 11.9 ms, hints 0.1 ms
  load op 61 at 10: base 0xfe0008000 pairs (0x0,215) (0xd8,272) (0x1f5,4) (0x1ff,158) (0x2a0,2) (0x2a3,1) (0x2a5,66) (0x2f5,203)
  load op 5f at 29: base 0xfe0010000 pairs (0x1,1) (0x6,38) (0x32,4) (0x80,4) (0x87,37) (0xb2,4) (0xc8,2) (0x100,4) (0x107,37) (0x132,4) (0x148,2) (0x204,3) (0x20c,2) (0x212,2) (0x215,6) (0x224,5) (0x22a,1) (0x240,16) (0x27d,1) (0x280,1) (0x207,3)
  load op 5e at 74: base 0xfe0011000 pairs (0x35,8) (0xa2,1) (0x242,1) (0x248,1) (0x24a,2) (0x25b,6) (0x262,1) (0x2bb,5) (0x2c4,16) (0x2e4,8) (0x380,2) (0x383,2) (0x41d,3) (0x24d,1)
  load op 61 at 105: base 0xfe0008000 pairs (0x0,0)
  load op 5f at 110: base 0xfe0010000 pairs (0x0,0)
  load op 5e at 115: base 0xfe0011000 pairs (0x0,0)
  load op 61 at 125: base 0xfe0008000 pairs (0x0,0)
  load op 5f at 130: base 0xfe0010000 pairs (0x0,0)
  load op 5e at 135: base 0xfe0011000 pairs (0x0,0)
submit #261 hib 150 dwords at 0xfe0000000: pass 12 rewrite 2 drop 2 unmapped 0 cc 2 mappings 1112 ... OK rc 0 17.88 ms
timing: #261 done at t 35.833 s, 88.0 ms after the sync and hints
map 0x3356d8000 +0x10000 ... ok
swapped pages taken as resident so far: 0
vmas 108 total 13075.0 MiB resident 3493.6 MiB mapped 3493.6 MiB
timing: t 35.834 s hib 2 dwords: sync 15.3 ms, hints 0.0 ms
submit #262 hib 2 dwords at 0xfe003a200: pass 1 rewrite 0 drop 0 unmapped 0 cc 0 mappings 1113 ... OK rc 0 18.64 ms
timing: #262 done at t 35.872 s, 23.3 ms after the sync and hints
map 0x3356e8000 +0x10000 ... ok
map 0x100e4a0000 +0x30000 ... ok
map 0x10ca400000 +0x40000 ... ok
map 0x111b770000 +0xa60000 ... ok
swapped pages taken as resident so far: 0
vmas 108 total 13075.0 MiB resident 3504.4 MiB mapped 3504.5 MiB
timing: t 35.873 s dcb 96 dwords: sync 21.8 ms, hints 0.1 ms
  load op 9f at 38: addr 0xfe0040068 idx 0 fmt 1 regoff 0x0 n 921 (table contents not committed)
  load op 63 at 43: addr 0xfe0042068 idx 0 fmt 1 regoff 0x0 n 174 (table contents not committed)
  load op 64 at 48: addr 0xfe00425d8 idx 0 fmt 1 regoff 0x0 n 49 (table contents not committed)
submit #263 dcb 96 dwords at 0xfe0042920: pass 20 rewrite 2 drop 2 unmapped 0 cc 0 mappings 1117 ... OK rc 0 17.80 ms
timing: #263 done at t 35.966 s, 70.3 ms after the sync and hints
map 0x302c00000 +0x10000 ... ok
map 0x3356f8000 +0xf0000 ... ok
map 0x3357e8000 +0x10000 ... ok
map 0x100e4d0000 +0x1c0000 ... ok
map 0x10ca440000 +0x40000 ... ok
map 0x111c1d0000 +0x2850000 ... ok
swapped pages taken as resident so far: 0
vmas 108 total 13075.0 MiB resident 3547.7 MiB mapped 3547.9 MiB
hint CB0 0x53b6a0000: window 0x5396a0000+0x4000000, mapped +0.0 MiB
hint CB0 0x570e67000: window 0x56ee60000+0x4000000, mapped +1.7 MiB
timing: t 35.967 s dcb 3006 dwords: sync 24.7 ms, hints 2.5 ms
  load op 9f at 36: addr 0xfe0040068 idx 0 fmt 1 regoff 0x0 n 921 (table contents not committed)
  load op 63 at 41: addr 0xfe0042068 idx 0 fmt 1 regoff 0x0 n 174 (table contents not committed)
  load op 64 at 46: addr 0xfe00425d8 idx 0 fmt 1 regoff 0x0 n 57 (table contents not committed)
  load op 9f at 88: addr 0x504a01500 idx 0 fmt 1 regoff 0x0 n 136 (table contents not committed)
  load op 64 at 93: addr 0x504a00500 idx 0 fmt 1 regoff 0x0 n 3 (table contents not committed)
  load op 63 at 98: addr 0x5049ff500 idx 0 fmt 1 regoff 0x0 n 3 (table contents not committed)
  load op 9f at 1460: addr 0xfe0040068 idx 0 fmt 1 regoff 0x0 n 921 (table contents not committed)
  load op 9f at 1467: addr 0x504a01940 idx 0 fmt 1 regoff 0x0 n 70 (table contents not committed)
  load op 63 at 1472: addr 0x908e5ff90 idx 0 fmt 1 regoff 0x0 n 6 (table contents not committed)
  load op 9f at 1477: addr 0x908e5ffc0 idx 0 fmt 1 regoff 0x0 n 10 (table contents not committed)
  load op 63 at 1482: addr 0x908e5f7d0 idx 0 fmt 1 regoff 0x0 n 6 (table contents not committed)
  load op 9f at 1487: addr 0x908e5f800 idx 0 fmt 1 regoff 0x0 n 9 (table contents not committed)
  load op 64 at 1492: addr 0x504a00518 idx 0 fmt 1 regoff 0x0 n 5 (table contents not committed)
  load op 9f at 1861: addr 0x504a01b70 idx 0 fmt 1 regoff 0x0 n 131 (table contents not committed)
  load op 64 at 1868: addr 0x504a00540 idx 0 fmt 1 regoff 0x0 n 1 (table contents not committed)
  load op 9f at 1900: addr 0xfe0040068 idx 0 fmt 1 regoff 0x0 n 921 (table contents not committed)
  load op 9f at 1907: addr 0x504a01f88 idx 0 fmt 1 regoff 0x0 n 70 (table contents not committed)
  load op 63 at 1912: addr 0x908e5ff90 idx 0 fmt 1 regoff 0x0 n 6 (table contents not committed)
  load op 9f at 1917: addr 0x908e5ffc0 idx 0 fmt 1 regoff 0x0 n 10 (table contents not committed)
  load op 63 at 1922: addr 0x908e5f7d0 idx 0 fmt 1 regoff 0x0 n 6 (table contents not committed)
  load op 9f at 1927: addr 0x908e5f800 idx 0 fmt 1 regoff 0x0 n 9 (table contents not committed)
  load op 64 at 1932: addr 0x504a00548 idx 0 fmt 1 regoff 0x0 n 5 (table contents not committed)
  load op 9f at 2050: addr 0x504a021b8 idx 0 fmt 1 regoff 0x0 n 98 (table contents not committed)
  load op 64 at 2057: addr 0x504a00570 idx 0 fmt 1 regoff 0x0 n 1 (table contents not committed)
  load op 9f at 2062: addr 0x5049fe500 idx 0 fmt 1 regoff 0x0 n 33 (table contents not committed)
  load op 9f at 2094: addr 0xfe0040068 idx 0 fmt 1 regoff 0x0 n 921 (table contents not committed)
  load op 9f at 2101: addr 0x5049fe608 idx 0 fmt 1 regoff 0x0 n 70 (table contents not committed)
  load op 63 at 2106: addr 0x908e5ff90 idx 0 fmt 1 regoff 0x0 n 6 (table contents not committed)
  load op 9f at 2111: addr 0x908e5ffc0 idx 0 fmt 1 regoff 0x0 n 10 (table contents not committed)
  load op 63 at 2116: addr 0x908e5f7d0 idx 0 fmt 1 regoff 0x0 n 6 (table contents not committed)
  load op 9f at 2121: addr 0x908e5f800 idx 0 fmt 1 regoff 0x0 n 9 (table contents not committed)
  load op 64 at 2126: addr 0x504a00578 idx 0 fmt 1 regoff 0x0 n 5 (table contents not committed)
  load op 63 at 2222: addr 0x5049ff518 idx 0 fmt 1 regoff 0x0 n 10 (table contents not committed)
  load op 63 at 2413: addr 0x5049ff568 idx 0 fmt 1 regoff 0x0 n 28 (table contents not committed)
  load op 64 at 2487: addr 0x504a005a0 idx 0 fmt 1 regoff 0x0 n 5 (table contents not committed)
  load op 9f at 2494: addr 0x5049fe838 idx 0 fmt 1 regoff 0x0 n 290 (table contents not committed)
submit #264 dcb 3006 dwords at 0x504302500: pass 293 rewrite 132 drop 126 unmapped 0 cc 6 mappings 1124 ... OK rc 0 18.54 ms
timing: #264 done at t 36.492 s, 497.7 ms after the sync and hints
state stack #264: push 3 pop 3 conditional 1 unmatched 0; restored 2763 regs (+2811 dwords); tables 18, unreadable 0
map 0x3357f8000 +0xd0000 ... ok
map 0x403a00000 +0x10000 ... ok
map 0x100e690000 +0x70000 ... ok
map 0x10ca480000 +0x40000 ... ok
map 0x111ea20000 +0x2030000 ... ok
swapped pages taken as resident so far: 0
vmas 108 total 13075.0 MiB resident 3583.2 MiB mapped 3583.3 MiB
timing: t 36.494 s dcb 851 dwords: sync 22.3 ms, hints 0.1 ms
  load op 9f at 38: addr 0xfe0040068 idx 0 fmt 1 regoff 0x0 n 921 (table contents not committed)
  load op 63 at 43: addr 0xfe0042068 idx 0 fmt 1 regoff 0x0 n 174 (table contents not committed)
  load op 64 at 48: addr 0xfe00425d8 idx 0 fmt 1 regoff 0x0 n 57 (table contents not committed)
  load op 9f at 90: addr 0x506201500 idx 0 fmt 1 regoff 0x0 n 5 (table contents not committed)
  load op 64 at 95: addr 0x506200500 idx 0 fmt 1 regoff 0x0 n 2 (table contents not committed)
  load op 63 at 100: addr 0x5061ff500 idx 0 fmt 1 regoff 0x0 n 3 (table contents not committed)
submit #265 dcb 851 dwords at 0x505e02500: pass 47 rewrite 55 drop 45 unmapped 0 cc 0 mappings 1129 ... OK rc 0 18.25 ms
timing: #265 done at t 36.606 s, 89.5 ms after the sync and hints
timing: t 36.607 s acb 2 dwords: sync 11.5 ms, hints 0.0 ms
submit #266 acb 2 dwords at 0xfe003a200: pass 1 rewrite 0 drop 0 unmapped 0 cc 0 mappings 1129 ... OK rc 0 18.56 ms
timing: #266 done at t 36.642 s, 23.4 ms after the sync and hints
cpu-wait WAIT_REG_MEM64 at 87 on 0x400203980: satisfied after 0.0 ms
timing: t 36.643 s after that wait (acb 463 dwords)
hint CB0 0x570e08000: window 0x56ee00000+0x4000000, mapped +0.0 MiB
hint CB0 0x570e11000: window 0x56ee10000+0x4000000, mapped +0.0 MiB
hint CB0 0x570e3e000: window 0x56ee30000+0x4000000, mapped +0.0 MiB
timing: t 36.643 s dcb 798 dwords: sync 11.3 ms, hints 2.9 ms
  load op 9f at 35: addr 0xfe0040068 idx 0 fmt 1 regoff 0x0 n 921 (table contents not committed)
  load op 63 at 40: addr 0xfe0042068 idx 0 fmt 1 regoff 0x0 n 174 (table contents not committed)
  load op 64 at 45: addr 0xfe00425d8 idx 0 fmt 1 regoff 0x0 n 57 (table contents not committed)
  load op 9f at 87: addr 0x507401500 idx 0 fmt 1 regoff 0x0 n 136 (table contents not committed)
  load op 64 at 92: addr 0x507400500 idx 0 fmt 1 regoff 0x0 n 3 (table contents not committed)
  load op 63 at 97: addr 0x5073ff500 idx 0 fmt 1 regoff 0x0 n 3 (table contents not committed)
  load op 9f at 212: addr 0xfe0040068 idx 0 fmt 1 regoff 0x0 n 921 (table contents not committed)
  load op 9f at 219: addr 0x507401940 idx 0 fmt 1 regoff 0x0 n 70 (table contents not committed)
  load op 63 at 224: addr 0x908e5ff90 idx 0 fmt 1 regoff 0x0 n 6 (table contents not committed)
  load op 9f at 229: addr 0x908e5ffc0 idx 0 fmt 1 regoff 0x0 n 10 (table contents not committed)
  load op 63 at 234: addr 0x908e5f7d0 idx 0 fmt 1 regoff 0x0 n 6 (table contents not committed)
  load op 9f at 239: addr 0x908e5f800 idx 0 fmt 1 regoff 0x0 n 9 (table contents not committed)
  load op 64 at 244: addr 0x507400518 idx 0 fmt 1 regoff 0x0 n 5 (table contents not committed)
  load op 9f at 340: addr 0x507401b70 idx 0 fmt 1 regoff 0x0 n 131 (table contents not committed)
  load op 64 at 347: addr 0x507400540 idx 0 fmt 1 regoff 0x0 n 1 (table contents not committed)
  load op 9f at 379: addr 0xfe0040068 idx 0 fmt 1 regoff 0x0 n 921 (table contents not committed)
  load op 9f at 386: addr 0x507401f88 idx 0 fmt 1 regoff 0x0 n 70 (table contents not committed)
  load op 63 at 391: addr 0x908e5ff90 idx 0 fmt 1 regoff 0x0 n 6 (table contents not committed)
  load op 9f at 396: addr 0x908e5ffc0 idx 0 fmt 1 regoff 0x0 n 10 (table contents not committed)
  load op 63 at 401: addr 0x908e5f7d0 idx 0 fmt 1 regoff 0x0 n 6 (table contents not committed)
  load op 9f at 406: addr 0x908e5f800 idx 0 fmt 1 regoff 0x0 n 9 (table contents not committed)
  load op 64 at 411: addr 0x507400548 idx 0 fmt 1 regoff 0x0 n 5 (table contents not committed)
  load op 9f at 548: addr 0x5074021b8 idx 0 fmt 1 regoff 0x0 n 98 (table contents not committed)
  load op 64 at 555: addr 0x507400570 idx 0 fmt 1 regoff 0x0 n 1 (table contents not committed)
  load op 9f at 560: addr 0x5073fe500 idx 0 fmt 1 regoff 0x0 n 33 (table contents not committed)
  load op 9f at 592: addr 0xfe0040068 idx 0 fmt 1 regoff 0x0 n 921 (table contents not committed)
  load op 9f at 599: addr 0x5073fe608 idx 0 fmt 1 regoff 0x0 n 70 (table contents not committed)
  load op 63 at 604: addr 0x908e5ff90 idx 0 fmt 1 regoff 0x0 n 6 (table contents not committed)
  load op 9f at 609: addr 0x908e5ffc0 idx 0 fmt 1 regoff 0x0 n 10 (table contents not committed)
  load op 63 at 614: addr 0x908e5f7d0 idx 0 fmt 1 regoff 0x0 n 6 (table contents not committed)
  load op 9f at 619: addr 0x908e5f800 idx 0 fmt 1 regoff 0x0 n 9 (table contents not committed)
  load op 64 at 624: addr 0x507400578 idx 0 fmt 1 regoff 0x0 n 5 (table contents not committed)
submit #267 dcb 798 dwords at 0x506e02500: pass 103 rewrite 35 drop 22 unmapped 0 cc 6 mappings 1129 ... OK rc 0 18.57 ms
timing: #267 done at t 37.107 s, 449.6 ms after the sync and hints
state stack #267: push 3 pop 3 conditional 1 unmatched 0; restored 2763 regs (+2811 dwords); tables 17, unreadable 0
timing: t 37.108 s acb 463 dwords: sync 11.3 ms, hints 0.0 ms
submit #268 acb 463 dwords at 0x400526840: pass 43 rewrite 11 drop 27 unmapped 0 cc 0 mappings 1129 ... OK rc 0 18.89 ms
timing: #268 done at t 37.143 s, 23.8 ms after the sync and hints
acb head: 1287 of 1336 dwords go ahead of the wait at 1287 on 0x400203b80
timing: t 37.145 s dcb 1248 dwords: sync 11.2 ms, hints 0.2 ms
  load op 9f at 36: addr 0xfe0040068 idx 0 fmt 1 regoff 0x0 n 921 (table contents not committed)
  load op 63 at 41: addr 0xfe0042068 idx 0 fmt 1 regoff 0x0 n 174 (table contents not committed)
  load op 64 at 46: addr 0xfe00425d8 idx 0 fmt 1 regoff 0x0 n 57 (table contents not committed)
  load op 9f at 88: addr 0x505601500 idx 0 fmt 1 regoff 0x0 n 5 (table contents not committed)
  load op 64 at 93: addr 0x505600500 idx 0 fmt 1 regoff 0x0 n 2 (table contents not committed)
  load op 63 at 98: addr 0x5055ff500 idx 0 fmt 1 regoff 0x0 n 3 (table contents not committed)
  load op 9f at 756: addr 0xfe0040068 idx 0 fmt 1 regoff 0x0 n 921 (table contents not committed)
  load op 9f at 763: addr 0x505601528 idx 0 fmt 1 regoff 0x0 n 74 (table contents not committed)
  load op 63 at 768: addr 0x908e5ff90 idx 0 fmt 1 regoff 0x0 n 6 (table contents not committed)
  load op 9f at 773: addr 0x908e5ffc0 idx 0 fmt 1 regoff 0x0 n 10 (table contents not committed)
  load op 64 at 778: addr 0x505600510 idx 0 fmt 1 regoff 0x0 n 5 (table contents not committed)
  load op 9f at 901: addr 0xfe0040068 idx 0 fmt 1 regoff 0x0 n 921 (table contents not committed)
  load op 9f at 908: addr 0x505601778 idx 0 fmt 1 regoff 0x0 n 74 (table contents not committed)
  load op 63 at 913: addr 0x908e5ff90 idx 0 fmt 1 regoff 0x0 n 6 (table contents not committed)
  load op 9f at 918: addr 0x908e5ffc0 idx 0 fmt 1 regoff 0x0 n 10 (table contents not committed)
  load op 64 at 923: addr 0x505600538 idx 0 fmt 1 regoff 0x0 n 5 (table contents not committed)
  load op 9f at 1046: addr 0xfe0040068 idx 0 fmt 1 regoff 0x0 n 921 (table contents not committed)
  load op 9f at 1053: addr 0x5056019c8 idx 0 fmt 1 regoff 0x0 n 74 (table contents not committed)
  load op 63 at 1058: addr 0x908e5ff90 idx 0 fmt 1 regoff 0x0 n 6 (table contents not committed)
  load op 9f at 1063: addr 0x908e5ffc0 idx 0 fmt 1 regoff 0x0 n 10 (table contents not committed)
  load op 64 at 1068: addr 0x505600560 idx 0 fmt 1 regoff 0x0 n 5 (table contents not committed)
submit #269 dcb 1248 dwords at 0x505202500: pass 151 rewrite 46 drop 45 unmapped 0 cc 6 mappings 1129 ... OK rc 0 18.47 ms
timing: #269 done at t 37.455 s, 299.4 ms after the sync and hints
state stack #269: push 3 pop 3 conditional 1 unmatched 0; restored 2763 regs (+2811 dwords); tables 11, unreadable 0
flip 1/0 buffer 0x507410000 +0x1fe0000: sum 0x17ea65194594 nonzero 8100/8160 pattern 0
  target CB0 0x570e67000: distinct 10 min 0x00000000 max 0xffffffff,   target CB0 0x570e67000: nonzero 10/1024
  target CB0 0x563800000: distinct 1 min 0x00000000 max 0x00000000,   target CB0 0x563800000: nonzero 0/1024
  target CB0 0x55c00d000: distinct 4 min 0x00000000 max 0xffffffff,   target CB0 0x55c00d000: nonzero 147/1024
  target CB0 0x5637f0000: distinct 1 min 0x00000000 max 0x00000000,   target CB0 0x5637f0000: nonzero 0/1024
  target CB0 0x519df0000: distinct 1 min 0x38003800 max 0x38003800,   target CB0 0x519df0000: nonzero 1024/1024
  target CB0 0x570e65000: distinct 10 min 0x00000000 max 0xffffffff,   target CB0 0x570e65000: nonzero 12/1024
  target DB_HTILE 0x516870000: distinct 3 min 0x00000000 max 0xfffffff0, timing: t 37.457 s acb 1287 dwords: sync 11.8 ms, hints 0.0 ms
  target DB_HTILE 0x516870000: nonzero 80/1024
  target DB_Z_READ 0x5157a0000: distinct 1 min 0x3f800000 max 0x3f800000,   target DB_Z_READ 0x5157a0000: nonzero 1024/1024
submit #270 acb 1287 dwords at 0x400345640: pass 118 rewrite 35 drop 63 unmapped 0 cc 0 mappings 1129 ...   target DB_STENCIL_READ 0x5164b0000: distinct 3 min 0x00000000 max 0xfffffff0,   target DB_STENCIL_READ 0x5164b0000: nonzero 881/1024
  target CB0 0x511650000: distinct 1 min 0x00000000 max 0x00000000,   target CB0 0x511650000: nonzero 0/1024
  target CB0 0x570e08000: distinct 11 min 0x00000000 max 0xffffffff,   target CB0 0x570e08000: nonzero 60/1024
  target CB0 0x570e11000: distinct 11 min 0x00000000 max 0xffffffff,   target CB0 0x570e11000: nonzero 51/1024
  target CB0 0x513d80000: distinct 1 min 0x00000000 max 0x00000000,   target CB0 0x513d80000: nonzero 0/1024
  target CB0 0x570e3e000: distinct 10 min 0x00000000 max 0xffffffff,   target CB0 0x570e3e000: nonzero 21/1024
  target DB_HTILE 0x55c050000: distinct 3 min 0x00000000 max 0xffffffff,   target DB_HTILE 0x55c050000: nonzero 144/1024
  target DB_Z_READ 0x527430000: distinct 1 min 0xffffffff max 0xffffffff,   target DB_Z_READ 0x527430000: nonzero 1024/1024
OK rc 0 19.87 ms
timing: t 37.495 s flip 1/0, VideoOutSubmitFlip took 0.0 ms
timing: #270 done at t 37.496 s, 27.0 ms after the sync and hints
cpu-wait WAIT_REG_MEM64 at 115 on 0x400203940: satisfied after 0.0 ms
timing: t 37.499 s after that wait (dcb 9774 dwords)
cpu-wait WAIT_REG_MEM64 at 1629 on 0x4002039c0: satisfied after 0.0 ms
timing: t 37.501 s after that wait (dcb 9774 dwords)
cpu-wait WAIT_REG_MEM64 at 9223 on 0x559cd49a53d0: satisfied after 0.0 ms
timing: t 37.503 s after that wait (dcb 9774 dwords)
hint CB0 0x570df9000: window 0x56edf0000+0x4000000, mapped +0.0 MiB
hint CB0 0x570e47000: window 0x56ee40000+0x4000000, mapped +0.0 MiB
hint CB0 0x53e430000: window 0x53c430000+0x4000000, mapped +0.0 MiB
hint CB0 0x570f92000: window 0x56ef90000+0x4000000, mapped +1.2 MiB
hint CB0 0x53fa40000: window 0x53da40000+0x4000000, mapped +0.0 MiB
hint CB0 0x540120000: window 0x53e120000+0x4000000, mapped +0.0 MiB
hint CB0 0x53e020000: window 0x53c020000+0x4000000, mapped +0.0 MiB
hint CB0 0x570fdb000: window 0x56efd0000+0x4000000, mapped +0.2 MiB
hint CB0 0x571137000: window 0x56f130000+0x4000000, mapped +1.4 MiB
hint CB0 0x53d8a0000: window 0x53b8a0000+0x4000000, mapped +0.0 MiB
hint CB0 0x57114f000: window 0x56f140000+0x4000000, mapped +0.1 MiB
hint CB0 0x53db20000: window 0x53bb20000+0x4000000, mapped +0.0 MiB
hint CB0 0x571153000: window 0x56f150000+0x4000000, mapped +0.1 MiB
hint CB0 0x53f100000: window 0x53d100000+0x4000000, mapped +0.0 MiB
hint CB0 0x53dbe0000: window 0x53bbe0000+0x4000000, mapped +0.0 MiB
hint CB0 0x53dc20000: window 0x53bc20000+0x4000000, mapped +0.0 MiB
hint CB0 0x53f1c0000: window 0x53d1c0000+0x4000000, mapped +0.0 MiB
hint CB0 0x53f1d0000: window 0x53d1d0000+0x4000000, mapped +0.0 MiB
hint CB0 0x53e890000: window 0x53c890000+0x4000000, mapped +0.0 MiB
hint CB0 0x571017000: window 0x56f010000+0x4000000, mapped +0.0 MiB
timing: t 37.504 s dcb 9774 dwords: sync 11.4 ms, hints 18.0 ms
  indirect op 16 at 1246: base 0x5074063c0 +0x0 -> 1 1 1 0 0
  indirect op 16 at 1278: base 0x5074063e0 +0x0 -> 1 1 1 0 0
  indirect op 16 at 1310: base 0x50740a520 +0x0 -> 1 1 1 0 0
  indirect op 16 at 1342: base 0x50740a540 +0x0 -> 1 1 1 0 0
  indirect op 25 at 4584: base 0x56ddaffa0 +0x0 -> 1 512 0 0 0
  load op 9f at 28: addr 0xfe0040068 idx 0 fmt 1 regoff 0x0 n 921 (table contents not committed)
  load op 63 at 33: addr 0xfe0042068 idx 0 fmt 1 regoff 0x0 n 174 (table contents not committed)
  load op 64 at 38: addr 0xfe00425d8 idx 0 fmt 1 regoff 0x0 n 57 (table contents not committed)
  load op 9f at 80: addr 0x503501500 idx 0 fmt 1 regoff 0x0 n 295 (table contents not committed)
  load op 64 at 85: addr 0x503500500 idx 0 fmt 1 regoff 0x0 n 7 (table contents not committed)
  load op 63 at 90: addr 0x5034ff500 idx 0 fmt 1 regoff 0x0 n 13 (table contents not committed)
  load op 63 at 342: addr 0x5034ff568 idx 0 fmt 1 regoff 0x0 n 10 (table contents not committed)
  load op 63 at 734: addr 0x5034ff5b8 idx 0 fmt 1 regoff 0x0 n 18 (table contents not committed)
  load op 63 at 1217: addr 0x5034ff648 idx 0 fmt 1 regoff 0x0 n 10 (table contents not committed)
  load op 63 at 1249: addr 0x5034ff698 idx 0 fmt 1 regoff 0x0 n 10 (table contents not committed)
  load op 63 at 1281: addr 0x5034ff6e8 idx 0 fmt 1 regoff 0x0 n 10 (table contents not committed)
  load op 63 at 1313: addr 0x5034ff738 idx 0 fmt 1 regoff 0x0 n 10 (table contents not committed)
  load op 9f at 1724: addr 0xfe0040068 idx 0 fmt 1 regoff 0x0 n 921 (table contents not committed)
  load op 9f at 1731: addr 0x503501e38 idx 0 fmt 1 regoff 0x0 n 74 (table contents not committed)
  load op 63 at 1736: addr 0x908e5ff90 idx 0 fmt 1 regoff 0x0 n 6 (table contents not committed)
  load op 9f at 1741: addr 0x908e5ffc0 idx 0 fmt 1 regoff 0x0 n 10 (table contents not committed)
  load op 64 at 1746: addr 0x503500538 idx 0 fmt 1 regoff 0x0 n 5 (table contents not committed)
  load op 9f at 1799: addr 0x503502088 idx 0 fmt 1 regoff 0x0 n 132 (table contents not committed)
  load op 63 at 1804: addr 0x5034ff788 idx 0 fmt 1 regoff 0x0 n 30 (table contents not committed)
  load op 64 at 1884: addr 0x503500560 idx 0 fmt 1 regoff 0x0 n 5 (table contents not committed)
  load op 9f at 1891: addr 0x5034fd440 idx 0 fmt 1 regoff 0x0 n 175 (table contents not committed)
  load op 63 at 2106: addr 0x5034ff878 idx 0 fmt 1 regoff 0x0 n 20 (table contents not committed)
  load op 9f at 3069: addr 0xfe0040068 idx 0 fmt 1 regoff 0x0 n 921 (table contents not committed)
  load op 9f at 3076: addr 0x5034fd9b8 idx 0 fmt 1 regoff 0x0 n 70 (table contents not committed)
  load op 63 at 3081: addr 0x908e5ff90 idx 0 fmt 1 regoff 0x0 n 6 (table contents not committed)
  load op 9f at 3086: addr 0x908e5ffc0 idx 0 fmt 1 regoff 0x0 n 10 (table contents not committed)
  load op 63 at 3091: addr 0x908e5f7d0 idx 0 fmt 1 regoff 0x0 n 6 (table contents not committed)
  load op 9f at 3096: addr 0x908e5f800 idx 0 fmt 1 regoff 0x0 n 9 (table contents not committed)
  load op 64 at 3101: addr 0x503500588 idx 0 fmt 1 regoff 0x0 n 5 (table contents not committed)
  load op 9f at 3140: addr 0x5034fdbe8 idx 0 fmt 1 regoff 0x0 n 19 (table contents not committed)
  load op 63 at 3145: addr 0x5034ff918 idx 0 fmt 1 regoff 0x0 n 12 (table contents not committed)
  load op 9f at 3268: addr 0xfe0040068 idx 0 fmt 1 regoff 0x0 n 921 (table contents not committed)
  load op 9f at 3275: addr 0x5034fdc80 idx 0 fmt 1 regoff 0x0 n 74 (table contents not committed)
  load op 63 at 3280: addr 0x908e5ff90 idx 0 fmt 1 regoff 0x0 n 6 (table contents not committed)
  load op 9f at 3285: addr 0x908e5ffc0 idx 0 fmt 1 regoff 0x0 n 10 (table contents not committed)
  load op 64 at 3290: addr 0x5035005b0 idx 0 fmt 1 regoff 0x0 n 5 (table contents not committed)
  load op 9f at 3329: addr 0x5034fded0 idx 0 fmt 1 regoff 0x0 n 166 (table contents not committed)
  load op 63 at 3334: addr 0x5034ff978 idx 0 fmt 1 regoff 0x0 n 30 (table contents not committed)
  load op 64 at 3430: addr 0x5035005d8 idx 0 fmt 1 regoff 0x0 n 5 (table contents not committed)
  load op 9f at 3437: addr 0x5034fc320 idx 0 fmt 1 regoff 0x0 n 135 (table contents not committed)
  load op 63 at 3675: addr 0x5034ffa68 idx 0 fmt 1 regoff 0x0 n 36 (table contents not committed)
  load op 64 at 4540: addr 0x503500600 idx 0 fmt 1 regoff 0x0 n 6 (table contents not committed)
  load op 9f at 4545: addr 0x5034fc758 idx 0 fmt 1 regoff 0x0 n 376 (table contents not committed)
  load op 9f at 4552: addr 0x5034fb118 idx 0 fmt 1 regoff 0x0 n 205 (table contents not committed)
  load op 9f at 4853: addr 0xfe0040068 idx 0 fmt 1 regoff 0x0 n 921 (table contents not committed)
  load op 9f at 4860: addr 0x5034fb780 idx 0 fmt 1 regoff 0x0 n 74 (table contents not committed)
  load op 63 at 4865: addr 0x908e5ff90 idx 0 fmt 1 regoff 0x0 n 6 (table contents not committed)
  load op 9f at 4870: addr 0x908e5ffc0 idx 0 fmt 1 regoff 0x0 n 10 (table contents not committed)
  load op 64 at 4875: addr 0x503500630 idx 0 fmt 1 regoff 0x0 n 5 (table contents not committed)
  load op 63 at 4914: addr 0x5034ffb88 idx 0 fmt 1 regoff 0x0 n 21 (table contents not committed)
  load op 9f at 4925: addr 0x5034fb9d0 idx 0 fmt 1 regoff 0x0 n 223 (table contents not committed)
  load op 63 at 5714: addr 0x5034ffc30 idx 0 fmt 1 regoff 0x0 n 10 (table contents not committed)
  load op 63 at 5831: addr 0x5034ffc80 idx 0 fmt 1 regoff 0x0 n 28 (table contents not committed)
  load op 64 at 5910: addr 0x503500658 idx 0 fmt 1 regoff 0x0 n 5 (table contents not committed)
  load op 9f at 5917: addr 0x5034f9e30 idx 0 fmt 1 regoff 0x0 n 67 (table contents not committed)
  load op 9f at 6045: addr 0x5034fa048 idx 0 fmt 1 regoff 0x0 n 121 (table contents not committed)
  load op 63 at 6050: addr 0x5034ffd60 idx 0 fmt 1 regoff 0x0 n 18 (table contents not committed)
  load op 64 at 6055: addr 0x503500680 idx 0 fmt 1 regoff 0x0 n 3 (table contents not committed)
  load op 9f at 6204: addr 0x5034fa410 idx 0 fmt 1 regoff 0x0 n 121 (table contents not committed)
  load op 63 at 6209: addr 0x5034ffdf0 idx 0 fmt 1 regoff 0x0 n 18 (table contents not committed)
  load op 64 at 6214: addr 0x503500698 idx 0 fmt 1 regoff 0x0 n 3 (table contents not committed)
  load op 63 at 6578: addr 0x5034ffe80 idx 0 fmt 1 regoff 0x0 n 10 (table contents not committed)
  load op 9f at 7058: addr 0x5034fa7d8 idx 0 fmt 1 regoff 0x0 n 195 (table contents not committed)
  load op 9f at 7063: addr 0x5034f8d80 idx 0 fmt 1 regoff 0x0 n 85 (table contents not committed)
  load op 63 at 7068: addr 0x5034ffed0 idx 0 fmt 1 regoff 0x0 n 18 (table contents not committed)
  load op 64 at 7073: addr 0x5035006b0 idx 0 fmt 1 regoff 0x0 n 3 (table contents not committed)
  load op 9f at 7186: addr 0x5034f9028 idx 0 fmt 1 regoff 0x0 n 129 (table contents not committed)
  load op 63 at 7191: addr 0x5034fff60 idx 0 fmt 1 regoff 0x0 n 18 (table contents not committed)
  load op 64 at 7196: addr 0x5035006c8 idx 0 fmt 1 regoff 0x0 n 3 (table contents not committed)
  load op 9f at 7309: addr 0x5034f9430 idx 0 fmt 1 regoff 0x0 n 129 (table contents not committed)
  load op 63 at 7314: addr 0x5034ffff0 idx 0 fmt 1 regoff 0x0 n 18 (table contents not committed)
  load op 64 at 7319: addr 0x5035006e0 idx 0 fmt 1 regoff 0x0 n 3 (table contents not committed)
  load op 9f at 7432: addr 0x5034f9838 idx 0 fmt 1 regoff 0x0 n 58 (table contents not committed)
  load op 9f at 7537: addr 0x5034f9a08 idx 0 fmt 1 regoff 0x0 n 66 (table contents not committed)
  load op 9f at 7642: addr 0x5034f9c18 idx 0 fmt 1 regoff 0x0 n 37 (table contents not committed)
  load op 9f at 7647: addr 0x5034f7300 idx 0 fmt 1 regoff 0x0 n 21 (table contents not committed)
  load op 9f at 7752: addr 0x5034f73a8 idx 0 fmt 1 regoff 0x0 n 66 (table contents not committed)
  load op 9f at 7857: addr 0x5034f75b8 idx 0 fmt 1 regoff 0x0 n 58 (table contents not committed)
  load op 9f at 7962: addr 0x5034f7788 idx 0 fmt 1 regoff 0x0 n 130 (table contents not committed)
  load op 63 at 7967: addr 0x503500080 idx 0 fmt 1 regoff 0x0 n 18 (table contents not committed)
  load op 64 at 7972: addr 0x5035006f8 idx 0 fmt 1 regoff 0x0 n 3 (table contents not committed)
  load op 9f at 8099: addr 0x5034f7b98 idx 0 fmt 1 regoff 0x0 n 135 (table contents not committed)
  load op 63 at 8104: addr 0x503500110 idx 0 fmt 1 regoff 0x0 n 18 (table contents not committed)
  load op 64 at 8109: addr 0x503500710 idx 0 fmt 1 regoff 0x0 n 3 (table contents not committed)
  load op 63 at 8687: addr 0x5035001a0 idx 0 fmt 1 regoff 0x0 n 28 (table contents not committed)
  load op 64 at 9264: addr 0x503500728 idx 0 fmt 1 regoff 0x0 n 5 (table contents not committed)
  load op 9f at 9269: addr 0x5034f7fd0 idx 0 fmt 1 regoff 0x0 n 97 (table contents not committed)
  load op 9f at 9276: addr 0x5034f5868 idx 0 fmt 1 regoff 0x0 n 183 (table contents not committed)
submit #271 dcb 9774 dwords at 0x502e02500: pass 651 rewrite 493 drop 432 unmapped 1 cc 8 mappings 1134 ... OK rc 0 21.84 ms
timing: #271 done at t 38.805 s, 1271.6 ms after the sync and hints
state stack #271: push 4 pop 4 conditional 1 unmatched 0; restored 3684 regs (+3748 dwords); tables 40, unreadable 0
timing: t 38.806 s acb 2 dwords: sync 11.9 ms, hints 0.0 ms
submit #272 acb 2 dwords at 0xfe003a200: pass 1 rewrite 0 drop 0 unmapped 0 cc 0 mappings 1134 ... OK rc 0 18.56 ms
timing: #272 done at t 38.842 s, 23.3 ms after the sync and hints
cpu-wait WAIT_REG_MEM64 at 0 on 0x400203b80: satisfied after 0.0 ms
timing: t 38.843 s after that wait (acb 49 dwords)
timing: t 38.842 s cc 3 dwords: sync 11.4 ms, hints 0.0 ms
submit #273 cc 3 dwords at 0x313b17cf4: pass 0 rewrite 1 drop 0 unmapped 0 cc 1 mappings 1134 ... OK rc 0 18.15 ms
timing: #273 done at t 38.877 s, 22.9 ms after the sync and hints
timing: t 38.878 s acb 49 dwords: sync 11.4 ms, hints 0.0 ms
submit #274 acb 49 dwords at 0x400346a5c: pass 2 rewrite 3 drop 3 unmapped 0 cc 0 mappings 1134 ... OK rc 0 18.35 ms
timing: #274 done at t 38.912 s, 23.2 ms after the sync and hints
timing: t 38.913 s hib 150 dwords: sync 11.5 ms, hints 0.1 ms
  load op 61 at 10: base 0xfe0008000 pairs (0x0,215) (0xd8,272) (0x1f5,4) (0x1ff,158) (0x2a0,2) (0x2a3,1) (0x2a5,66) (0x2f5,203)
  load op 5f at 29: base 0xfe0010000 pairs (0x1,1) (0x6,38) (0x32,4) (0x80,4) (0x87,37) (0xb2,4) (0xc8,2) (0x100,4) (0x107,37) (0x132,4) (0x148,2) (0x204,3) (0x20c,2) (0x212,2) (0x215,6) (0x224,5) (0x22a,1) (0x240,16) (0x27d,1) (0x280,1) (0x207,3)
  load op 5e at 74: base 0xfe0011000 pairs (0x35,8) (0xa2,1) (0x242,1) (0x248,1) (0x24a,2) (0x25b,6) (0x262,1) (0x2bb,5) (0x2c4,16) (0x2e4,8) (0x380,2) (0x383,2) (0x41d,3) (0x24d,1)
  load op 61 at 105: base 0xfe0008000 pairs (0x0,0)
  load op 5f at 110: base 0xfe0010000 pairs (0x0,0)
  load op 5e at 115: base 0xfe0011000 pairs (0x0,0)
  load op 61 at 125: base 0xfe0008000 pairs (0x0,0)
  load op 5f at 130: base 0xfe0010000 pairs (0x0,0)
  load op 5e at 135: base 0xfe0011000 pairs (0x0,0)
submit #275 hib 150 dwords at 0xfe0000000: pass 12 rewrite 2 drop 2 unmapped 0 cc 2 mappings 1134 ... OK rc 0 18.42 ms
timing: #275 done at t 39.003 s, 78.2 ms after the sync and hints
timing: t 39.004 s hib 2 dwords: sync 11.8 ms, hints 0.0 ms
submit #276 hib 2 dwords at 0xfe003a200: pass 1 rewrite 0 drop 0 unmapped 0 cc 0 mappings 1134 ... OK rc 0 18.20 ms
timing: #276 done at t 39.039 s, 23.0 ms after the sync and hints
timing: t 39.040 s dcb 96 dwords: sync 11.2 ms, hints 0.1 ms
  load op 9f at 38: addr 0xfe0040068 idx 0 fmt 1 regoff 0x0 n 921 (table contents not committed)
  load op 63 at 43: addr 0xfe0042068 idx 0 fmt 1 regoff 0x0 n 174 (table contents not committed)
  load op 64 at 48: addr 0xfe00425d8 idx 0 fmt 1 regoff 0x0 n 49 (table contents not committed)
submit #277 dcb 96 dwords at 0xfe0042920: pass 20 rewrite 2 drop 2 unmapped 0 cc 0 mappings 1134 ... OK rc 0 18.24 ms
timing: #277 done at t 39.119 s, 68.4 ms after the sync and hints
timing: t 39.120 s dcb 2647 dwords: sync 11.2 ms, hints 0.2 ms
  load op 9f at 36: addr 0xfe0040068 idx 0 fmt 1 regoff 0x0 n 921 (table contents not committed)
  load op 63 at 41: addr 0xfe0042068 idx 0 fmt 1 regoff 0x0 n 174 (table contents not committed)
  load op 64 at 46: addr 0xfe00425d8 idx 0 fmt 1 regoff 0x0 n 57 (table contents not committed)
  load op 9f at 88: addr 0x503c01500 idx 0 fmt 1 regoff 0x0 n 136 (table contents not committed)
  load op 64 at 93: addr 0x503c00500 idx 0 fmt 1 regoff 0x0 n 3 (table contents not committed)
  load op 63 at 98: addr 0x503bff500 idx 0 fmt 1 regoff 0x0 n 3 (table contents not committed)
  load op 9f at 1541: addr 0xfe0040068 idx 0 fmt 1 regoff 0x0 n 921 (table contents not committed)
  load op 9f at 1548: addr 0x503c01940 idx 0 fmt 1 regoff 0x0 n 70 (table contents not committed)
  load op 63 at 1553: addr 0x908e5ff90 idx 0 fmt 1 regoff 0x0 n 6 (table contents not committed)
  load op 9f at 1558: addr 0x908e5ffc0 idx 0 fmt 1 regoff 0x0 n 10 (table contents not committed)
  load op 63 at 1563: addr 0x908e5f7d0 idx 0 fmt 1 regoff 0x0 n 6 (table contents not committed)
  load op 9f at 1568: addr 0x908e5f800 idx 0 fmt 1 regoff 0x0 n 9 (table contents not committed)
  load op 64 at 1573: addr 0x503c00518 idx 0 fmt 1 regoff 0x0 n 5 (table contents not committed)
  load op 9f at 1691: addr 0x503c01b70 idx 0 fmt 1 regoff 0x0 n 131 (table contents not committed)
  load op 64 at 1698: addr 0x503c00540 idx 0 fmt 1 regoff 0x0 n 1 (table contents not committed)
  load op 9f at 1730: addr 0xfe0040068 idx 0 fmt 1 regoff 0x0 n 921 (table contents not committed)
  load op 9f at 1737: addr 0x503c01f88 idx 0 fmt 1 regoff 0x0 n 70 (table contents not committed)
  load op 63 at 1742: addr 0x908e5ff90 idx 0 fmt 1 regoff 0x0 n 6 (table contents not committed)
  load op 9f at 1747: addr 0x908e5ffc0 idx 0 fmt 1 regoff 0x0 n 10 (table contents not committed)
  load op 63 at 1752: addr 0x908e5f7d0 idx 0 fmt 1 regoff 0x0 n 6 (table contents not committed)
  load op 9f at 1757: addr 0x908e5f800 idx 0 fmt 1 regoff 0x0 n 9 (table contents not committed)
  load op 64 at 1762: addr 0x503c00548 idx 0 fmt 1 regoff 0x0 n 5 (table contents not committed)
  load op 63 at 1858: addr 0x503bff518 idx 0 fmt 1 regoff 0x0 n 10 (table contents not committed)
  load op 63 at 2049: addr 0x503bff568 idx 0 fmt 1 regoff 0x0 n 28 (table contents not committed)
  load op 64 at 2123: addr 0x503c00570 idx 0 fmt 1 regoff 0x0 n 5 (table contents not committed)
  load op 9f at 2130: addr 0x503c021b8 idx 0 fmt 1 regoff 0x0 n 96 (table contents not committed)
  load op 9f at 2135: addr 0x503bfe390 idx 0 fmt 1 regoff 0x0 n 194 (table contents not committed)
submit #278 dcb 2647 dwords at 0x503502500: pass 236 rewrite 123 drop 120 unmapped 0 cc 4 mappings 1134 ... OK rc 0 18.74 ms
timing: #278 done at t 39.517 s, 385.6 ms after the sync and hints
state stack #278: push 2 pop 2 conditional 1 unmatched 0; restored 1842 regs (+1874 dwords); tables 13, unreadable 0
timing: t 39.519 s dcb 851 dwords: sync 11.2 ms, hints 0.1 ms
  load op 9f at 38: addr 0xfe0040068 idx 0 fmt 1 regoff 0x0 n 921 (table contents not committed)
  load op 63 at 43: addr 0xfe0042068 idx 0 fmt 1 regoff 0x0 n 174 (table contents not committed)
  load op 64 at 48: addr 0xfe00425d8 idx 0 fmt 1 regoff 0x0 n 57 (table contents not committed)
  load op 9f at 90: addr 0x505a01500 idx 0 fmt 1 regoff 0x0 n 5 (table contents not committed)
  load op 64 at 95: addr 0x505a00500 idx 0 fmt 1 regoff 0x0 n 2 (table contents not committed)
  load op 63 at 100: addr 0x5059ff500 idx 0 fmt 1 regoff 0x0 n 3 (table contents not committed)
submit #279 dcb 851 dwords at 0x505602500: pass 47 rewrite 55 drop 45 unmapped 0 cc 0 mappings 1134 ... OK rc 0 18.35 ms
timing: #279 done at t 39.622 s, 91.8 ms after the sync and hints
timing: t 39.623 s acb 2 dwords: sync 11.3 ms, hints 0.0 ms
submit #280 acb 2 dwords at 0xfe003a200: pass 1 rewrite 0 drop 0 unmapped 0 cc 0 mappings 1134 ... OK rc 0 18.39 ms
timing: #280 done at t 39.658 s, 23.2 ms after the sync and hints
cpu-wait WAIT_REG_MEM64 at 87 on 0x400201a40: satisfied after 0.0 ms
timing: t 39.660 s after that wait (acb 463 dwords)
timing: t 39.659 s dcb 798 dwords: sync 11.4 ms, hints 0.2 ms
  load op 9f at 35: addr 0xfe0040068 idx 0 fmt 1 regoff 0x0 n 921 (table contents not committed)
  load op 63 at 40: addr 0xfe0042068 idx 0 fmt 1 regoff 0x0 n 174 (table contents not committed)
  load op 64 at 45: addr 0xfe00425d8 idx 0 fmt 1 regoff 0x0 n 57 (table contents not committed)
  load op 9f at 87: addr 0x506801500 idx 0 fmt 1 regoff 0x0 n 136 (table contents not committed)
  load op 64 at 92: addr 0x506800500 idx 0 fmt 1 regoff 0x0 n 3 (table contents not committed)
  load op 63 at 97: addr 0x5067ff500 idx 0 fmt 1 regoff 0x0 n 3 (table contents not committed)
  load op 9f at 212: addr 0xfe0040068 idx 0 fmt 1 regoff 0x0 n 921 (table contents not committed)
  load op 9f at 219: addr 0x506801940 idx 0 fmt 1 regoff 0x0 n 70 (table contents not committed)
  load op 63 at 224: addr 0x908e5ff90 idx 0 fmt 1 regoff 0x0 n 6 (table contents not committed)
  load op 9f at 229: addr 0x908e5ffc0 idx 0 fmt 1 regoff 0x0 n 10 (table contents not committed)
  load op 63 at 234: addr 0x908e5f7d0 idx 0 fmt 1 regoff 0x0 n 6 (table contents not committed)
  load op 9f at 239: addr 0x908e5f800 idx 0 fmt 1 regoff 0x0 n 9 (table contents not committed)
  load op 64 at 244: addr 0x506800518 idx 0 fmt 1 regoff 0x0 n 5 (table contents not committed)
  load op 9f at 340: addr 0x506801b70 idx 0 fmt 1 regoff 0x0 n 131 (table contents not committed)
  load op 64 at 347: addr 0x506800540 idx 0 fmt 1 regoff 0x0 n 1 (table contents not committed)
  load op 9f at 379: addr 0xfe0040068 idx 0 fmt 1 regoff 0x0 n 921 (table contents not committed)
  load op 9f at 386: addr 0x506801f88 idx 0 fmt 1 regoff 0x0 n 70 (table contents not committed)
  load op 63 at 391: addr 0x908e5ff90 idx 0 fmt 1 regoff 0x0 n 6 (table contents not committed)
  load op 9f at 396: addr 0x908e5ffc0 idx 0 fmt 1 regoff 0x0 n 10 (table contents not committed)
  load op 63 at 401: addr 0x908e5f7d0 idx 0 fmt 1 regoff 0x0 n 6 (table contents not committed)
  load op 9f at 406: addr 0x908e5f800 idx 0 fmt 1 regoff 0x0 n 9 (table contents not committed)
  load op 64 at 411: addr 0x506800548 idx 0 fmt 1 regoff 0x0 n 5 (table contents not committed)
  load op 9f at 548: addr 0x5068021b8 idx 0 fmt 1 regoff 0x0 n 98 (table contents not committed)
  load op 64 at 555: addr 0x506800570 idx 0 fmt 1 regoff 0x0 n 1 (table contents not committed)
  load op 9f at 560: addr 0x5067fe500 idx 0 fmt 1 regoff 0x0 n 33 (table contents not committed)
  load op 9f at 592: addr 0xfe0040068 idx 0 fmt 1 regoff 0x0 n 921 (table contents not committed)
  load op 9f at 599: addr 0x5067fe608 idx 0 fmt 1 regoff 0x0 n 70 (table contents not committed)
  load op 63 at 604: addr 0x908e5ff90 idx 0 fmt 1 regoff 0x0 n 6 (table contents not committed)
  load op 9f at 609: addr 0x908e5ffc0 idx 0 fmt 1 regoff 0x0 n 10 (table contents not committed)
  load op 63 at 614: addr 0x908e5f7d0 idx 0 fmt 1 regoff 0x0 n 6 (table contents not committed)
  load op 9f at 619: addr 0x908e5f800 idx 0 fmt 1 regoff 0x0 n 9 (table contents not committed)
  load op 64 at 624: addr 0x506800578 idx 0 fmt 1 regoff 0x0 n 5 (table contents not committed)
submit #281 dcb 798 dwords at 0x506202500: pass 103 rewrite 35 drop 22 unmapped 0 cc 6 mappings 1134 ... OK rc 0 18.70 ms
timing: #281 done at t 40.122 s, 451.6 ms after the sync and hints
state stack #281: push 3 pop 3 conditional 1 unmatched 0; restored 2763 regs (+2811 dwords); tables 17, unreadable 0
timing: t 40.124 s acb 463 dwords: sync 11.3 ms, hints 0.0 ms
submit #282 acb 463 dwords at 0x4003e6740: pass 43 rewrite 11 drop 27 unmapped 0 cc 0 mappings 1134 ... OK rc 0 18.78 ms
timing: #282 done at t 40.160 s, 24.7 ms after the sync and hints
acb head: 1287 of 1336 dwords go ahead of the wait at 1287 on 0x400202380
timing: t 40.161 s dcb 1248 dwords: sync 11.6 ms, hints 0.2 ms
  load op 9f at 36: addr 0xfe0040068 idx 0 fmt 1 regoff 0x0 n 921 (table contents not committed)
  load op 63 at 41: addr 0xfe0042068 idx 0 fmt 1 regoff 0x0 n 174 (table contents not committed)
  load op 64 at 46: addr 0xfe00425d8 idx 0 fmt 1 regoff 0x0 n 57 (table contents not committed)
  load op 9f at 88: addr 0x504e01500 idx 0 fmt 1 regoff 0x0 n 5 (table contents not committed)
  load op 64 at 93: addr 0x504e00500 idx 0 fmt 1 regoff 0x0 n 2 (table contents not committed)
  load op 63 at 98: addr 0x504dff500 idx 0 fmt 1 regoff 0x0 n 3 (table contents not committed)
  load op 9f at 756: addr 0xfe0040068 idx 0 fmt 1 regoff 0x0 n 921 (table contents not committed)
  load op 9f at 763: addr 0x504e01528 idx 0 fmt 1 regoff 0x0 n 74 (table contents not committed)
  load op 63 at 768: addr 0x908e5ff90 idx 0 fmt 1 regoff 0x0 n 6 (table contents not committed)
  load op 9f at 773: addr 0x908e5ffc0 idx 0 fmt 1 regoff 0x0 n 10 (table contents not committed)
  load op 64 at 778: addr 0x504e00510 idx 0 fmt 1 regoff 0x0 n 5 (table contents not committed)
  load op 9f at 901: addr 0xfe0040068 idx 0 fmt 1 regoff 0x0 n 921 (table contents not committed)
  load op 9f at 908: addr 0x504e01778 idx 0 fmt 1 regoff 0x0 n 74 (table contents not committed)
  load op 63 at 913: addr 0x908e5ff90 idx 0 fmt 1 regoff 0x0 n 6 (table contents not committed)
  load op 9f at 918: addr 0x908e5ffc0 idx 0 fmt 1 regoff 0x0 n 10 (table contents not committed)
  load op 64 at 923: addr 0x504e00538 idx 0 fmt 1 regoff 0x0 n 5 (table contents not committed)
  load op 9f at 1046: addr 0xfe0040068 idx 0 fmt 1 regoff 0x0 n 921 (table contents not committed)
  load op 9f at 1053: addr 0x504e019c8 idx 0 fmt 1 regoff 0x0 n 74 (table contents not committed)
  load op 63 at 1058: addr 0x908e5ff90 idx 0 fmt 1 regoff 0x0 n 6 (table contents not committed)
  load op 9f at 1063: addr 0x908e5ffc0 idx 0 fmt 1 regoff 0x0 n 10 (table contents not committed)
  load op 64 at 1068: addr 0x504e00560 idx 0 fmt 1 regoff 0x0 n 5 (table contents not committed)
submit #283 dcb 1248 dwords at 0x504a02500: pass 151 rewrite 46 drop 45 unmapped 0 cc 6 mappings 1134 ... OK rc 0 18.73 ms
timing: #283 done at t 40.477 s, 304.8 ms after the sync and hints
state stack #283: push 3 pop 3 conditional 1 unmatched 0; restored 2763 regs (+2811 dwords); tables 11, unreadable 0
flip 1/1 buffer 0x5093f0000 +0x1fe0000: sum 0x17ea65194594 nonzero 8100/8160 pattern 0
  target CB0 0x507410000: distinct 53 min 0xc0000000 max 0xc340d034,   target CB0 0x507410000: nonzero 1024/1024
  target CB0 0x563800000: distinct 1 min 0x00000000 max 0x00000000,   target CB0 0x563800000: nonzero 0/1024
  target CB0 0x55c00d000: distinct 4 min 0x00000000 max 0xffffffff,   target CB0 0x55c00d000: nonzero 147/1024
  target CB0 0x5637f0000: distinct 1 min 0x00000000 max 0x00000000,   target CB0 0x5637f0000: nonzero 0/1024
timing: t 40.479 s acb 1287 dwords: sync 12.0 ms, hints 0.0 ms
  target CB0 0x519df0000: distinct 1 min 0x38003800 max 0x38003800,   target CB0 0x519df0000: nonzero 1024/1024
  target CB0 0x570e65000: distinct 12 min 0x00000000 max 0xffffffff, submit #284 acb 1287 dwords at 0x400205540: pass 118 rewrite 35 drop 63 unmapped 0 cc 0 mappings 1134 ...   target CB0 0x570e65000: nonzero 129/1024
  target DB_HTILE 0x516870000: distinct 3 min 0x00000000 max 0xfffffff0,   target DB_HTILE 0x516870000: nonzero 80/1024
  target DB_Z_READ 0x5157a0000: distinct 1 min 0x3f800000 max 0x3f800000,   target DB_Z_READ 0x5157a0000: nonzero 1024/1024
  target DB_STENCIL_READ 0x5164b0000: distinct 3 min 0x00000000 max 0xfffffff0,   target DB_STENCIL_READ 0x5164b0000: nonzero 881/1024
  target CB0 0x511650000: distinct 1 min 0x00000000 max 0x00000000, OK rc 0 19.39 ms
timing: #284 done at t 40.518 s, 26.8 ms after the sync and hints
  target CB0 0x511650000: nonzero 0/1024
  target CB0 0x570e08000: distinct 13 min 0x00000000 max 0xffffffff,   target CB0 0x570e08000: nonzero 177/1024
  target CB0 0x570e11000: distinct 13 min 0x00000000 max 0xffffffff,   target CB0 0x570e11000: nonzero 168/1024
  target CB0 0x513d80000: distinct 1 min 0x00000000 max 0x00000000,   target CB0 0x513d80000: nonzero 0/1024
  target CB0 0x570e3e000: distinct 12 min 0x00000000 max 0xffffffff,   target CB0 0x570e3e000: nonzero 138/1024
  target DB_HTILE 0x55c050000: distinct 3 min 0x00000000 max 0xffffffff,   target DB_HTILE 0x55c050000: nonzero 144/1024
  target DB_Z_READ 0x527430000: distinct 1 min 0xffffffff max 0xffffffff,   target DB_Z_READ 0x527430000: nonzero 1024/1024
timing: t 40.530 s flip 1/1, VideoOutSubmitFlip took 0.0 ms
cpu-wait WAIT_REG_MEM64 at 115 on 0x400201d40: satisfied after 0.0 ms
timing: t 40.533 s after that wait (dcb 9774 dwords)
cpu-wait WAIT_REG_MEM64 at 1629 on 0x400201840: satisfied after 0.0 ms
timing: t 40.535 s after that wait (dcb 9774 dwords)
cpu-wait WAIT_REG_MEM64 at 9223 on 0x559cd49a53d8: satisfied after 0.0 ms
timing: t 40.537 s after that wait (dcb 9774 dwords)
timing: t 40.538 s dcb 9774 dwords: sync 11.2 ms, hints 0.3 ms
  indirect op 16 at 1246: base 0x5074063c0 +0x0 -> 1 1 1 0 0
  indirect op 16 at 1278: base 0x5074063e0 +0x0 -> 1 1 1 0 0
  indirect op 16 at 1310: base 0x50740a520 +0x0 -> 1 1 1 0 0
  indirect op 16 at 1342: base 0x50740a540 +0x0 -> 1 1 1 0 0
  indirect op 25 at 4584: base 0x56ddaffa0 +0x0 -> 1 512 0 0 0
  load op 9f at 28: addr 0xfe0040068 idx 0 fmt 1 regoff 0x0 n 921 (table contents not committed)
  load op 63 at 33: addr 0xfe0042068 idx 0 fmt 1 regoff 0x0 n 174 (table contents not committed)
  load op 64 at 38: addr 0xfe00425d8 idx 0 fmt 1 regoff 0x0 n 57 (table contents not committed)
  load op 9f at 80: addr 0x502701500 idx 0 fmt 1 regoff 0x0 n 295 (table contents not committed)
  load op 64 at 85: addr 0x502700500 idx 0 fmt 1 regoff 0x0 n 7 (table contents not committed)
  load op 63 at 90: addr 0x5026ff500 idx 0 fmt 1 regoff 0x0 n 13 (table contents not committed)
  load op 63 at 342: addr 0x5026ff568 idx 0 fmt 1 regoff 0x0 n 10 (table contents not committed)
  load op 63 at 734: addr 0x5026ff5b8 idx 0 fmt 1 regoff 0x0 n 18 (table contents not committed)
  load op 63 at 1217: addr 0x5026ff648 idx 0 fmt 1 regoff 0x0 n 10 (table contents not committed)
  load op 63 at 1249: addr 0x5026ff698 idx 0 fmt 1 regoff 0x0 n 10 (table contents not committed)
  load op 63 at 1281: addr 0x5026ff6e8 idx 0 fmt 1 regoff 0x0 n 10 (table contents not committed)
  load op 63 at 1313: addr 0x5026ff738 idx 0 fmt 1 regoff 0x0 n 10 (table contents not committed)
  load op 9f at 1724: addr 0xfe0040068 idx 0 fmt 1 regoff 0x0 n 921 (table contents not committed)
  load op 9f at 1731: addr 0x502701e38 idx 0 fmt 1 regoff 0x0 n 74 (table contents not committed)
  load op 63 at 1736: addr 0x908e5ff90 idx 0 fmt 1 regoff 0x0 n 6 (table contents not committed)
  load op 9f at 1741: addr 0x908e5ffc0 idx 0 fmt 1 regoff 0x0 n 10 (table contents not committed)
  load op 64 at 1746: addr 0x502700538 idx 0 fmt 1 regoff 0x0 n 5 (table contents not committed)
  load op 9f at 1799: addr 0x502702088 idx 0 fmt 1 regoff 0x0 n 132 (table contents not committed)
  load op 63 at 1804: addr 0x5026ff788 idx 0 fmt 1 regoff 0x0 n 30 (table contents not committed)
  load op 64 at 1884: addr 0x502700560 idx 0 fmt 1 regoff 0x0 n 5 (table contents not committed)
  load op 9f at 1891: addr 0x5026fd440 idx 0 fmt 1 regoff 0x0 n 175 (table contents not committed)
  load op 63 at 2106: addr 0x5026ff878 idx 0 fmt 1 regoff 0x0 n 20 (table contents not committed)
  load op 9f at 3069: addr 0xfe0040068 idx 0 fmt 1 regoff 0x0 n 921 (table contents not committed)
  load op 9f at 3076: addr 0x5026fd9b8 idx 0 fmt 1 regoff 0x0 n 70 (table contents not committed)
  load op 63 at 3081: addr 0x908e5ff90 idx 0 fmt 1 regoff 0x0 n 6 (table contents not committed)
  load op 9f at 3086: addr 0x908e5ffc0 idx 0 fmt 1 regoff 0x0 n 10 (table contents not committed)
  load op 63 at 3091: addr 0x908e5f7d0 idx 0 fmt 1 regoff 0x0 n 6 (table contents not committed)
  load op 9f at 3096: addr 0x908e5f800 idx 0 fmt 1 regoff 0x0 n 9 (table contents not committed)
  load op 64 at 3101: addr 0x502700588 idx 0 fmt 1 regoff 0x0 n 5 (table contents not committed)
  load op 9f at 3140: addr 0x5026fdbe8 idx 0 fmt 1 regoff 0x0 n 19 (table contents not committed)
  load op 63 at 3145: addr 0x5026ff918 idx 0 fmt 1 regoff 0x0 n 12 (table contents not committed)
  load op 9f at 3268: addr 0xfe0040068 idx 0 fmt 1 regoff 0x0 n 921 (table contents not committed)
  load op 9f at 3275: addr 0x5026fdc80 idx 0 fmt 1 regoff 0x0 n 74 (table contents not committed)
  load op 63 at 3280: addr 0x908e5ff90 idx 0 fmt 1 regoff 0x0 n 6 (table contents not committed)
  load op 9f at 3285: addr 0x908e5ffc0 idx 0 fmt 1 regoff 0x0 n 10 (table contents not committed)
  load op 64 at 3290: addr 0x5027005b0 idx 0 fmt 1 regoff 0x0 n 5 (table contents not committed)
  load op 9f at 3329: addr 0x5026fded0 idx 0 fmt 1 regoff 0x0 n 166 (table contents not committed)
  load op 63 at 3334: addr 0x5026ff978 idx 0 fmt 1 regoff 0x0 n 30 (table contents not committed)
  load op 64 at 3430: addr 0x5027005d8 idx 0 fmt 1 regoff 0x0 n 5 (table contents not committed)
  load op 9f at 3437: addr 0x5026fc320 idx 0 fmt 1 regoff 0x0 n 135 (table contents not committed)
  load op 63 at 3675: addr 0x5026ffa68 idx 0 fmt 1 regoff 0x0 n 36 (table contents not committed)
  load op 64 at 4540: addr 0x502700600 idx 0 fmt 1 regoff 0x0 n 6 (table contents not committed)
  load op 9f at 4545: addr 0x5026fc758 idx 0 fmt 1 regoff 0x0 n 376 (table contents not committed)
  load op 9f at 4552: addr 0x5026fb118 idx 0 fmt 1 regoff 0x0 n 205 (table contents not committed)
  load op 9f at 4853: addr 0xfe0040068 idx 0 fmt 1 regoff 0x0 n 921 (table contents not committed)
  load op 9f at 4860: addr 0x5026fb780 idx 0 fmt 1 regoff 0x0 n 74 (table contents not committed)
  load op 63 at 4865: addr 0x908e5ff90 idx 0 fmt 1 regoff 0x0 n 6 (table contents not committed)
  load op 9f at 4870: addr 0x908e5ffc0 idx 0 fmt 1 regoff 0x0 n 10 (table contents not committed)
  load op 64 at 4875: addr 0x502700630 idx 0 fmt 1 regoff 0x0 n 5 (table contents not committed)
  load op 63 at 4914: addr 0x5026ffb88 idx 0 fmt 1 regoff 0x0 n 21 (table contents not committed)
  load op 9f at 4925: addr 0x5026fb9d0 idx 0 fmt 1 regoff 0x0 n 223 (table contents not committed)
  load op 63 at 5714: addr 0x5026ffc30 idx 0 fmt 1 regoff 0x0 n 10 (table contents not committed)
  load op 63 at 5831: addr 0x5026ffc80 idx 0 fmt 1 regoff 0x0 n 28 (table contents not committed)
  load op 64 at 5910: addr 0x502700658 idx 0 fmt 1 regoff 0x0 n 5 (table contents not committed)
  load op 9f at 5917: addr 0x5026f9e30 idx 0 fmt 1 regoff 0x0 n 67 (table contents not committed)
  load op 9f at 6045: addr 0x5026fa048 idx 0 fmt 1 regoff 0x0 n 121 (table contents not committed)
  load op 63 at 6050: addr 0x5026ffd60 idx 0 fmt 1 regoff 0x0 n 18 (table contents not committed)
  load op 64 at 6055: addr 0x502700680 idx 0 fmt 1 regoff 0x0 n 3 (table contents not committed)
  load op 9f at 6204: addr 0x5026fa410 idx 0 fmt 1 regoff 0x0 n 121 (table contents not committed)
  load op 63 at 6209: addr 0x5026ffdf0 idx 0 fmt 1 regoff 0x0 n 18 (table contents not committed)
  load op 64 at 6214: addr 0x502700698 idx 0 fmt 1 regoff 0x0 n 3 (table contents not committed)
  load op 63 at 6578: addr 0x5026ffe80 idx 0 fmt 1 regoff 0x0 n 10 (table contents not committed)
  load op 9f at 7058: addr 0x5026fa7d8 idx 0 fmt 1 regoff 0x0 n 195 (table contents not committed)
  load op 9f at 7063: addr 0x5026f8d80 idx 0 fmt 1 regoff 0x0 n 85 (table contents not committed)
  load op 63 at 7068: addr 0x5026ffed0 idx 0 fmt 1 regoff 0x0 n 18 (table contents not committed)
  load op 64 at 7073: addr 0x5027006b0 idx 0 fmt 1 regoff 0x0 n 3 (table contents not committed)
  load op 9f at 7186: addr 0x5026f9028 idx 0 fmt 1 regoff 0x0 n 129 (table contents not committed)
  load op 63 at 7191: addr 0x5026fff60 idx 0 fmt 1 regoff 0x0 n 18 (table contents not committed)
  load op 64 at 7196: addr 0x5027006c8 idx 0 fmt 1 regoff 0x0 n 3 (table contents not committed)
  load op 9f at 7309: addr 0x5026f9430 idx 0 fmt 1 regoff 0x0 n 129 (table contents not committed)
  load op 63 at 7314: addr 0x5026ffff0 idx 0 fmt 1 regoff 0x0 n 18 (table contents not committed)
  load op 64 at 7319: addr 0x5027006e0 idx 0 fmt 1 regoff 0x0 n 3 (table contents not committed)
  load op 9f at 7432: addr 0x5026f9838 idx 0 fmt 1 regoff 0x0 n 58 (table contents not committed)
  load op 9f at 7537: addr 0x5026f9a08 idx 0 fmt 1 regoff 0x0 n 66 (table contents not committed)
  load op 9f at 7642: addr 0x5026f9c18 idx 0 fmt 1 regoff 0x0 n 37 (table contents not committed)
  load op 9f at 7647: addr 0x5026f7300 idx 0 fmt 1 regoff 0x0 n 21 (table contents not committed)
  load op 9f at 7752: addr 0x5026f73a8 idx 0 fmt 1 regoff 0x0 n 66 (table contents not committed)
  load op 9f at 7857: addr 0x5026f75b8 idx 0 fmt 1 regoff 0x0 n 58 (table contents not committed)
  load op 9f at 7962: addr 0x5026f7788 idx 0 fmt 1 regoff 0x0 n 130 (table contents not committed)
  load op 63 at 7967: addr 0x502700080 idx 0 fmt 1 regoff 0x0 n 18 (table contents not committed)
  load op 64 at 7972: addr 0x5027006f8 idx 0 fmt 1 regoff 0x0 n 3 (table contents not committed)
  load op 9f at 8099: addr 0x5026f7b98 idx 0 fmt 1 regoff 0x0 n 135 (table contents not committed)
  load op 63 at 8104: addr 0x502700110 idx 0 fmt 1 regoff 0x0 n 18 (table contents not committed)
  load op 64 at 8109: addr 0x502700710 idx 0 fmt 1 regoff 0x0 n 3 (table contents not committed)
  load op 63 at 8687: addr 0x5027001a0 idx 0 fmt 1 regoff 0x0 n 28 (table contents not committed)
  load op 64 at 9264: addr 0x502700728 idx 0 fmt 1 regoff 0x0 n 5 (table contents not committed)
  load op 9f at 9269: addr 0x5026f7fd0 idx 0 fmt 1 regoff 0x0 n 97 (table contents not committed)
  load op 9f at 9276: addr 0x5026f5868 idx 0 fmt 1 regoff 0x0 n 183 (table contents not committed)
submit #285 dcb 9774 dwords at 0x502002500: pass 651 rewrite 493 drop 432 unmapped 1 cc 8 mappings 1134 ... OK rc 0 22.05 ms
timing: #285 done at t 41.838 s, 1289.2 ms after the sync and hints
state stack #285: push 4 pop 4 conditional 1 unmatched 0; restored 3684 regs (+3748 dwords); tables 40, unreadable 0
map 0x100e700000 +0x50000 ... ok
swapped pages taken as resident so far: 0
vmas 108 total 13075.0 MiB resident 3586.5 MiB mapped 3586.5 MiB
timing: t 41.840 s acb 2 dwords: sync 15.7 ms, hints 0.1 ms
submit #286 acb 2 dwords at 0xfe003a200: pass 1 rewrite 0 drop 0 unmapped 0 cc 0 mappings 1135 ... OK rc 0 19.03 ms
timing: #286 done at t 41.880 s, 24.6 ms after the sync and hints
cpu-wait WAIT_REG_MEM64 at 0 on 0x400202380: satisfied after 0.0 ms
timing: t 41.882 s after that wait (acb 49 dwords)
map 0x3358c8000 +0x40000 ... ok
swapped pages taken as resident so far: 0
vmas 108 total 13075.0 MiB resident 3586.8 MiB mapped 3586.8 MiB
timing: t 41.881 s cc 3 dwords: sync 15.4 ms, hints 0.0 ms
submit #287 cc 3 dwords at 0x313b17cf4: pass 0 rewrite 1 drop 0 unmapped 0 cc 1 mappings 1136 ... OK rc 0 19.01 ms
timing: #287 done at t 41.921 s, 23.6 ms after the sync and hints
timing: t 41.921 s acb 49 dwords: sync 11.7 ms, hints 0.0 ms
submit #288 acb 49 dwords at 0x40020695c: pass 2 rewrite 3 drop 3 unmapped 0 cc 0 mappings 1136 ... OK rc 0 18.25 ms
timing: #288 done at t 41.956 s, 23.3 ms after the sync and hints
timing: t 41.957 s hib 150 dwords: sync 11.3 ms, hints 0.1 ms
  load op 61 at 10: base 0xfe0008000 pairs (0x0,215) (0xd8,272) (0x1f5,4) (0x1ff,158) (0x2a0,2) (0x2a3,1) (0x2a5,66) (0x2f5,203)
  load op 5f at 29: base 0xfe0010000 pairs (0x1,1) (0x6,38) (0x32,4) (0x80,4) (0x87,37) (0xb2,4) (0xc8,2) (0x100,4) (0x107,37) (0x132,4) (0x148,2) (0x204,3) (0x20c,2) (0x212,2) (0x215,6) (0x224,5) (0x22a,1) (0x240,16) (0x27d,1) (0x280,1) (0x207,3)
  load op 5e at 74: base 0xfe0011000 pairs (0x35,8) (0xa2,1) (0x242,1) (0x248,1) (0x24a,2) (0x25b,6) (0x262,1) (0x2bb,5) (0x2c4,16) (0x2e4,8) (0x380,2) (0x383,2) (0x41d,3) (0x24d,1)
  load op 61 at 105: base 0xfe0008000 pairs (0x0,0)
  load op 5f at 110: base 0xfe0010000 pairs (0x0,0)
  load op 5e at 115: base 0xfe0011000 pairs (0x0,0)
  load op 61 at 125: base 0xfe0008000 pairs (0x0,0)
  load op 5f at 130: base 0xfe0010000 pairs (0x0,0)
  load op 5e at 135: base 0xfe0011000 pairs (0x0,0)
submit #289 hib 150 dwords at 0xfe0000000: pass 12 rewrite 2 drop 2 unmapped 0 cc 2 mappings 1136 ... OK rc 0 18.29 ms
timing: #289 done at t 42.068 s, 99.1 ms after the sync and hints
map 0x335908000 +0x10000 ... ok
swapped pages taken as resident so far: 0
vmas 108 total 13075.0 MiB resident 3586.8 MiB mapped 3586.9 MiB
timing: t 42.069 s hib 2 dwords: sync 15.3 ms, hints 0.1 ms
submit #290 hib 2 dwords at 0xfe003a200: pass 1 rewrite 0 drop 0 unmapped 0 cc 0 mappings 1137 ... OK rc 0 18.23 ms
timing: #290 done at t 42.107 s, 22.8 ms after the sync and hints
timing: t 42.108 s dcb 96 dwords: sync 11.6 ms, hints 0.1 ms
  load op 9f at 38: addr 0xfe0040068 idx 0 fmt 1 regoff 0x0 n 921 (table contents not committed)
  load op 63 at 43: addr 0xfe0042068 idx 0 fmt 1 regoff 0x0 n 174 (table contents not committed)
  load op 64 at 48: addr 0xfe00425d8 idx 0 fmt 1 regoff 0x0 n 49 (table contents not committed)
submit #291 dcb 96 dwords at 0xfe0042920: pass 20 rewrite 2 drop 2 unmapped 0 cc 0 mappings 1137 ... OK rc 0 18.22 ms
timing: #291 done at t 42.190 s, 70.9 ms after the sync and hints
timing: t 42.191 s dcb 2647 dwords: sync 11.2 ms, hints 0.2 ms
  load op 9f at 36: addr 0xfe0040068 idx 0 fmt 1 regoff 0x0 n 921 (table contents not committed)
  load op 63 at 41: addr 0xfe0042068 idx 0 fmt 1 regoff 0x0 n 174 (table contents not committed)
  load op 64 at 46: addr 0xfe00425d8 idx 0 fmt 1 regoff 0x0 n 57 (table contents not committed)
  load op 9f at 88: addr 0x504301500 idx 0 fmt 1 regoff 0x0 n 136 (table contents not committed)
  load op 64 at 93: addr 0x504300500 idx 0 fmt 1 regoff 0x0 n 3 (table contents not committed)
  load op 63 at 98: addr 0x5042ff500 idx 0 fmt 1 regoff 0x0 n 3 (table contents not committed)
  load op 9f at 1541: addr 0xfe0040068 idx 0 fmt 1 regoff 0x0 n 921 (table contents not committed)
  load op 9f at 1548: addr 0x504301940 idx 0 fmt 1 regoff 0x0 n 70 (table contents not committed)
  load op 63 at 1553: addr 0x908e5ff90 idx 0 fmt 1 regoff 0x0 n 6 (table contents not committed)
  load op 9f at 1558: addr 0x908e5ffc0 idx 0 fmt 1 regoff 0x0 n 10 (table contents not committed)
  load op 63 at 1563: addr 0x908e5f7d0 idx 0 fmt 1 regoff 0x0 n 6 (table contents not committed)
  load op 9f at 1568: addr 0x908e5f800 idx 0 fmt 1 regoff 0x0 n 9 (table contents not committed)
  load op 64 at 1573: addr 0x504300518 idx 0 fmt 1 regoff 0x0 n 5 (table contents not committed)
  load op 9f at 1691: addr 0x504301b70 idx 0 fmt 1 regoff 0x0 n 131 (table contents not committed)
  load op 64 at 1698: addr 0x504300540 idx 0 fmt 1 regoff 0x0 n 1 (table contents not committed)
  load op 9f at 1730: addr 0xfe0040068 idx 0 fmt 1 regoff 0x0 n 921 (table contents not committed)
  load op 9f at 1737: addr 0x504301f88 idx 0 fmt 1 regoff 0x0 n 70 (table contents not committed)
  load op 63 at 1742: addr 0x908e5ff90 idx 0 fmt 1 regoff 0x0 n 6 (table contents not committed)
  load op 9f at 1747: addr 0x908e5ffc0 idx 0 fmt 1 regoff 0x0 n 10 (table contents not committed)
  load op 63 at 1752: addr 0x908e5f7d0 idx 0 fmt 1 regoff 0x0 n 6 (table contents not committed)
  load op 9f at 1757: addr 0x908e5f800 idx 0 fmt 1 regoff 0x0 n 9 (table contents not committed)
  load op 64 at 1762: addr 0x504300548 idx 0 fmt 1 regoff 0x0 n 5 (table contents not committed)
  load op 63 at 1858: addr 0x5042ff518 idx 0 fmt 1 regoff 0x0 n 10 (table contents not committed)
  load op 63 at 2049: addr 0x5042ff568 idx 0 fmt 1 regoff 0x0 n 28 (table contents not committed)
  load op 64 at 2123: addr 0x504300570 idx 0 fmt 1 regoff 0x0 n 5 (table contents not committed)
  load op 9f at 2130: addr 0x5043021b8 idx 0 fmt 1 regoff 0x0 n 96 (table contents not committed)
  load op 9f at 2135: addr 0x5042fe390 idx 0 fmt 1 regoff 0x0 n 194 (table contents not committed)
submit #292 dcb 2647 dwords at 0x503c02500: pass 236 rewrite 123 drop 120 unmapped 0 cc 4 mappings 1137 ... OK rc 0 18.64 ms
timing: #292 done at t 42.592 s, 389.4 ms after the sync and hints
state stack #292: push 2 pop 2 conditional 1 unmatched 0; restored 1842 regs (+1874 dwords); tables 13, unreadable 0
timing: t 42.594 s acb 2 dwords: sync 11.4 ms, hints 0.1 ms
submit #293 acb 2 dwords at 0xfe003a200: pass 1 rewrite 0 drop 0 unmapped 0 cc 0 mappings 1137 ... OK rc 0 18.35 ms
timing: #293 done at t 42.629 s, 23.0 ms after the sync and hints
cpu-wait WAIT_REG_MEM64 at 87 on 0x400202d80: satisfied after 0.0 ms
timing: t 42.635 s after that wait (acb 463 dwords)
timing: t 42.630 s dcb 851 dwords: sync 11.4 ms, hints 0.1 ms
  load op 9f at 38: addr 0xfe0040068 idx 0 fmt 1 regoff 0x0 n 921 (table contents not committed)
  load op 63 at 43: addr 0xfe0042068 idx 0 fmt 1 regoff 0x0 n 174 (table contents not committed)
  load op 64 at 48: addr 0xfe00425d8 idx 0 fmt 1 regoff 0x0 n 57 (table contents not committed)
  load op 9f at 90: addr 0x505e01500 idx 0 fmt 1 regoff 0x0 n 5 (table contents not committed)
  load op 64 at 95: addr 0x505e00500 idx 0 fmt 1 regoff 0x0 n 2 (table contents not committed)
  load op 63 at 100: addr 0x505dff500 idx 0 fmt 1 regoff 0x0 n 3 (table contents not committed)
submit #294 dcb 851 dwords at 0x505a02500: pass 47 rewrite 55 drop 45 unmapped 0 cc 0 mappings 1137 ... OK rc 0 18.46 ms
timing: #294 done at t 42.733 s, 92.3 ms after the sync and hints
timing: t 42.734 s acb 463 dwords: sync 11.3 ms, hints 0.1 ms
submit #295 acb 463 dwords at 0x4004867c0: pass 43 rewrite 11 drop 27 unmapped 0 cc 0 mappings 1137 ... OK rc 0 18.49 ms
timing: #295 done at t 42.769 s, 23.7 ms after the sync and hints
timing: t 42.770 s dcb 798 dwords: sync 11.2 ms, hints 0.2 ms
  load op 9f at 35: addr 0xfe0040068 idx 0 fmt 1 regoff 0x0 n 921 (table contents not committed)
  load op 63 at 40: addr 0xfe0042068 idx 0 fmt 1 regoff 0x0 n 174 (table contents not committed)
  load op 64 at 45: addr 0xfe00425d8 idx 0 fmt 1 regoff 0x0 n 57 (table contents not committed)
  load op 9f at 87: addr 0x506e01500 idx 0 fmt 1 regoff 0x0 n 136 (table contents not committed)
  load op 64 at 92: addr 0x506e00500 idx 0 fmt 1 regoff 0x0 n 3 (table contents not committed)
  load op 63 at 97: addr 0x506dff500 idx 0 fmt 1 regoff 0x0 n 3 (table contents not committed)
  load op 9f at 212: addr 0xfe0040068 idx 0 fmt 1 regoff 0x0 n 921 (table contents not committed)
  load op 9f at 219: addr 0x506e01940 idx 0 fmt 1 regoff 0x0 n 70 (table contents not committed)
  load op 63 at 224: addr 0x908e5ff90 idx 0 fmt 1 regoff 0x0 n 6 (table contents not committed)
  load op 9f at 229: addr 0x908e5ffc0 idx 0 fmt 1 regoff 0x0 n 10 (table contents not committed)
  load op 63 at 234: addr 0x908e5f7d0 idx 0 fmt 1 regoff 0x0 n 6 (table contents not committed)
  load op 9f at 239: addr 0x908e5f800 idx 0 fmt 1 regoff 0x0 n 9 (table contents not committed)
  load op 64 at 244: addr 0x506e00518 idx 0 fmt 1 regoff 0x0 n 5 (table contents not committed)
  load op 9f at 340: addr 0x506e01b70 idx 0 fmt 1 regoff 0x0 n 131 (table contents not committed)
  load op 64 at 347: addr 0x506e00540 idx 0 fmt 1 regoff 0x0 n 1 (table contents not committed)
  load op 9f at 379: addr 0xfe0040068 idx 0 fmt 1 regoff 0x0 n 921 (table contents not committed)
  load op 9f at 386: addr 0x506e01f88 idx 0 fmt 1 regoff 0x0 n 70 (table contents not committed)
  load op 63 at 391: addr 0x908e5ff90 idx 0 fmt 1 regoff 0x0 n 6 (table contents not committed)
  load op 9f at 396: addr 0x908e5ffc0 idx 0 fmt 1 regoff 0x0 n 10 (table contents not committed)
  load op 63 at 401: addr 0x908e5f7d0 idx 0 fmt 1 regoff 0x0 n 6 (table contents not committed)
  load op 9f at 406: addr 0x908e5f800 idx 0 fmt 1 regoff 0x0 n 9 (table contents not committed)
  load op 64 at 411: addr 0x506e00548 idx 0 fmt 1 regoff 0x0 n 5 (table contents not committed)
  load op 9f at 548: addr 0x506e021b8 idx 0 fmt 1 regoff 0x0 n 98 (table contents not committed)
  load op 64 at 555: addr 0x506e00570 idx 0 fmt 1 regoff 0x0 n 1 (table contents not committed)
  load op 9f at 560: addr 0x506dfe500 idx 0 fmt 1 regoff 0x0 n 33 (table contents not committed)
  load op 9f at 592: addr 0xfe0040068 idx 0 fmt 1 regoff 0x0 n 921 (table contents not committed)
  load op 9f at 599: addr 0x506dfe608 idx 0 fmt 1 regoff 0x0 n 70 (table contents not committed)
  load op 63 at 604: addr 0x908e5ff90 idx 0 fmt 1 regoff 0x0 n 6 (table contents not committed)
  load op 9f at 609: addr 0x908e5ffc0 idx 0 fmt 1 regoff 0x0 n 10 (table contents not committed)
  load op 63 at 614: addr 0x908e5f7d0 idx 0 fmt 1 regoff 0x0 n 6 (table contents not committed)
  load op 9f at 619: addr 0x908e5f800 idx 0 fmt 1 regoff 0x0 n 9 (table contents not committed)
  load op 64 at 624: addr 0x506e00578 idx 0 fmt 1 regoff 0x0 n 5 (table contents not committed)
submit #296 dcb 798 dwords at 0x506802500: pass 103 rewrite 35 drop 22 unmapped 0 cc 6 mappings 1137 ... OK rc 0 18.71 ms
acb head: 1287 of 1336 dwords go ahead of the wait at 1287 on 0x400202f80
timing: #296 done at t 43.225 s, 443.1 ms after the sync and hints
state stack #296: push 3 pop 3 conditional 1 unmatched 0; restored 2763 regs (+2811 dwords); tables 17, unreadable 0
timing: t 43.227 s acb 1287 dwords: sync 11.4 ms, hints 0.0 ms
submit #297 acb 1287 dwords at 0x4002a55c0: pass 118 rewrite 35 drop 63 unmapped 0 cc 0 mappings 1137 ... OK rc 0 19.43 ms
timing: #297 done at t 43.264 s, 25.2 ms after the sync and hints
timing: t 43.265 s dcb 1248 dwords: sync 11.3 ms, hints 0.2 ms
  load op 9f at 36: addr 0xfe0040068 idx 0 fmt 1 regoff 0x0 n 921 (table contents not committed)
  load op 63 at 41: addr 0xfe0042068 idx 0 fmt 1 regoff 0x0 n 174 (table contents not committed)
  load op 64 at 46: addr 0xfe00425d8 idx 0 fmt 1 regoff 0x0 n 57 (table contents not committed)
  load op 9f at 88: addr 0x505201500 idx 0 fmt 1 regoff 0x0 n 5 (table contents not committed)
  load op 64 at 93: addr 0x505200500 idx 0 fmt 1 regoff 0x0 n 2 (table contents not committed)
  load op 63 at 98: addr 0x5051ff500 idx 0 fmt 1 regoff 0x0 n 3 (table contents not committed)
  load op 9f at 756: addr 0xfe0040068 idx 0 fmt 1 regoff 0x0 n 921 (table contents not committed)
  load op 9f at 763: addr 0x505201528 idx 0 fmt 1 regoff 0x0 n 74 (table contents not committed)
  load op 63 at 768: addr 0x908e5ff90 idx 0 fmt 1 regoff 0x0 n 6 (table contents not committed)
  load op 9f at 773: addr 0x908e5ffc0 idx 0 fmt 1 regoff 0x0 n 10 (table contents not committed)
  load op 64 at 778: addr 0x505200510 idx 0 fmt 1 regoff 0x0 n 5 (table contents not committed)
  load op 9f at 901: addr 0xfe0040068 idx 0 fmt 1 regoff 0x0 n 921 (table contents not committed)
  load op 9f at 908: addr 0x505201778 idx 0 fmt 1 regoff 0x0 n 74 (table contents not committed)
  load op 63 at 913: addr 0x908e5ff90 idx 0 fmt 1 regoff 0x0 n 6 (table contents not committed)
  load op 9f at 918: addr 0x908e5ffc0 idx 0 fmt 1 regoff 0x0 n 10 (table contents not committed)
  load op 64 at 923: addr 0x505200538 idx 0 fmt 1 regoff 0x0 n 5 (table contents not committed)
  load op 9f at 1046: addr 0xfe0040068 idx 0 fmt 1 regoff 0x0 n 921 (table contents not committed)
  load op 9f at 1053: addr 0x5052019c8 idx 0 fmt 1 regoff 0x0 n 74 (table contents not committed)
  load op 63 at 1058: addr 0x908e5ff90 idx 0 fmt 1 regoff 0x0 n 6 (table contents not committed)
  load op 9f at 1063: addr 0x908e5ffc0 idx 0 fmt 1 regoff 0x0 n 10 (table contents not committed)
  load op 64 at 1068: addr 0x505200560 idx 0 fmt 1 regoff 0x0 n 5 (table contents not committed)
submit #298 dcb 1248 dwords at 0x504e02500: pass 151 rewrite 46 drop 45 unmapped 0 cc 6 mappings 1137 ... OK rc 0 18.39 ms
timing: #298 done at t 43.577 s, 300.8 ms after the sync and hints
state stack #298: push 3 pop 3 conditional 1 unmatched 0; restored 2763 regs (+2811 dwords); tables 11, unreadable 0
flip 1/0 buffer 0x507410000 +0x1fe0000: sum 0x17ea65194594 nonzero 8100/8160 pattern 0
  target CB0 0x5093f0000: distinct 53 min 0xc0000000 max 0xc340d034,   target CB0 0x5093f0000: nonzero 1024/1024
  target CB0 0x563800000: distinct 1 min 0x00000000 max 0x00000000,   target CB0 0x563800000: nonzero 0/1024
  target CB0 0x55c00d000: distinct 4 min 0x00000000 max 0xffffffff,   target CB0 0x55c00d000: nonzero 147/1024
  target CB0 0x5637f0000: distinct 1 min 0x00000000 max 0x00000000,   target CB0 0x5637f0000: nonzero 0/1024
  target CB0 0x519df0000: distinct 1 min 0x38003800 max 0x38003800,   target CB0 0x519df0000: nonzero 1024/1024
  target CB0 0x570e65000: distinct 12 min 0x00000000 max 0xffffffff,   target CB0 0x570e65000: nonzero 129/1024
  target DB_HTILE 0x516870000: distinct 3 min 0x00000000 max 0xfffffff0,   target DB_HTILE 0x516870000: nonzero 80/1024
  target DB_Z_READ 0x5157a0000: distinct 1 min 0x3f800000 max 0x3f800000,   target DB_Z_READ 0x5157a0000: nonzero 1024/1024
  target DB_STENCIL_READ 0x5164b0000: distinct 3 min 0x00000000 max 0xfffffff0,   target DB_STENCIL_READ 0x5164b0000: nonzero 881/1024
  target CB0 0x511650000: distinct 1 min 0x00000000 max 0x00000000,   target CB0 0x511650000: nonzero 0/1024
  target CB0 0x570e08000: distinct 13 min 0x00000000 max 0xffffffff,   target CB0 0x570e08000: nonzero 177/1024
  target CB0 0x570e11000: distinct 13 min 0x00000000 max 0xffffffff,   target CB0 0x570e11000: nonzero 168/1024
  target CB0 0x513d80000: distinct 1 min 0x00000000 max 0x00000000,   target CB0 0x513d80000: nonzero 0/1024
  target CB0 0x570e3e000: distinct 12 min 0x00000000 max 0xffffffff,   target CB0 0x570e3e000: nonzero 138/1024
  target DB_HTILE 0x55c050000: distinct 3 min 0x00000000 max 0xffffffff,   target DB_HTILE 0x55c050000: nonzero 144/1024
  target DB_Z_READ 0x527430000: distinct 1 min 0xffffffff max 0xffffffff,   target DB_Z_READ 0x527430000: nonzero 1024/1024
timing: t 43.607 s flip 1/0, VideoOutSubmitFlip took 0.0 ms
cpu-wait WAIT_REG_MEM64 at 115 on 0x400202d40: satisfied after 0.0 ms
timing: t 43.611 s after that wait (dcb 9774 dwords)
cpu-wait WAIT_REG_MEM64 at 1629 on 0x400202dc0: satisfied after 0.0 ms
timing: t 43.613 s after that wait (dcb 9774 dwords)
cpu-wait WAIT_REG_MEM64 at 9223 on 0x559cd49a53d0: satisfied after 0.0 ms
timing: t 43.614 s after that wait (dcb 9774 dwords)
timing: t 43.615 s dcb 9774 dwords: sync 11.8 ms, hints 0.3 ms
  indirect op 16 at 1246: base 0x5074063c0 +0x0 -> 1 1 1 0 0
  indirect op 16 at 1278: base 0x5074063e0 +0x0 -> 1 1 1 0 0
  indirect op 16 at 1310: base 0x50740a520 +0x0 -> 1 1 1 0 0
  indirect op 16 at 1342: base 0x50740a540 +0x0 -> 1 1 1 0 0
  indirect op 25 at 4584: base 0x56ddaffa0 +0x0 -> 1 512 0 0 0
  load op 9f at 28: addr 0xfe0040068 idx 0 fmt 1 regoff 0x0 n 921 (table contents not committed)
  load op 63 at 33: addr 0xfe0042068 idx 0 fmt 1 regoff 0x0 n 174 (table contents not committed)
  load op 64 at 38: addr 0xfe00425d8 idx 0 fmt 1 regoff 0x0 n 57 (table contents not committed)
  load op 9f at 80: addr 0x502e01500 idx 0 fmt 1 regoff 0x0 n 295 (table contents not committed)
  load op 64 at 85: addr 0x502e00500 idx 0 fmt 1 regoff 0x0 n 7 (table contents not committed)
  load op 63 at 90: addr 0x502dff500 idx 0 fmt 1 regoff 0x0 n 13 (table contents not committed)
  load op 63 at 342: addr 0x502dff568 idx 0 fmt 1 regoff 0x0 n 10 (table contents not committed)
  load op 63 at 734: addr 0x502dff5b8 idx 0 fmt 1 regoff 0x0 n 18 (table contents not committed)
  load op 63 at 1217: addr 0x502dff648 idx 0 fmt 1 regoff 0x0 n 10 (table contents not committed)
  load op 63 at 1249: addr 0x502dff698 idx 0 fmt 1 regoff 0x0 n 10 (table contents not committed)
  load op 63 at 1281: addr 0x502dff6e8 idx 0 fmt 1 regoff 0x0 n 10 (table contents not committed)
  load op 63 at 1313: addr 0x502dff738 idx 0 fmt 1 regoff 0x0 n 10 (table contents not committed)
  load op 9f at 1724: addr 0xfe0040068 idx 0 fmt 1 regoff 0x0 n 921 (table contents not committed)
  load op 9f at 1731: addr 0x502e01e38 idx 0 fmt 1 regoff 0x0 n 74 (table contents not committed)
  load op 63 at 1736: addr 0x908e5ff90 idx 0 fmt 1 regoff 0x0 n 6 (table contents not committed)
  load op 9f at 1741: addr 0x908e5ffc0 idx 0 fmt 1 regoff 0x0 n 10 (table contents not committed)
  load op 64 at 1746: addr 0x502e00538 idx 0 fmt 1 regoff 0x0 n 5 (table contents not committed)
  load op 9f at 1799: addr 0x502e02088 idx 0 fmt 1 regoff 0x0 n 132 (table contents not committed)
  load op 63 at 1804: addr 0x502dff788 idx 0 fmt 1 regoff 0x0 n 30 (table contents not committed)
  load op 64 at 1884: addr 0x502e00560 idx 0 fmt 1 regoff 0x0 n 5 (table contents not committed)
  load op 9f at 1891: addr 0x502dfd440 idx 0 fmt 1 regoff 0x0 n 175 (table contents not committed)
  load op 63 at 2106: addr 0x502dff878 idx 0 fmt 1 regoff 0x0 n 20 (table contents not committed)
  load op 9f at 3069: addr 0xfe0040068 idx 0 fmt 1 regoff 0x0 n 921 (table contents not committed)
  load op 9f at 3076: addr 0x502dfd9b8 idx 0 fmt 1 regoff 0x0 n 70 (table contents not committed)
  load op 63 at 3081: addr 0x908e5ff90 idx 0 fmt 1 regoff 0x0 n 6 (table contents not committed)
  load op 9f at 3086: addr 0x908e5ffc0 idx 0 fmt 1 regoff 0x0 n 10 (table contents not committed)
  load op 63 at 3091: addr 0x908e5f7d0 idx 0 fmt 1 regoff 0x0 n 6 (table contents not committed)
  load op 9f at 3096: addr 0x908e5f800 idx 0 fmt 1 regoff 0x0 n 9 (table contents not committed)
  load op 64 at 3101: addr 0x502e00588 idx 0 fmt 1 regoff 0x0 n 5 (table contents not committed)
  load op 9f at 3140: addr 0x502dfdbe8 idx 0 fmt 1 regoff 0x0 n 19 (table contents not committed)
  load op 63 at 3145: addr 0x502dff918 idx 0 fmt 1 regoff 0x0 n 12 (table contents not committed)
  load op 9f at 3268: addr 0xfe0040068 idx 0 fmt 1 regoff 0x0 n 921 (table contents not committed)
  load op 9f at 3275: addr 0x502dfdc80 idx 0 fmt 1 regoff 0x0 n 74 (table contents not committed)
  load op 63 at 3280: addr 0x908e5ff90 idx 0 fmt 1 regoff 0x0 n 6 (table contents not committed)
  load op 9f at 3285: addr 0x908e5ffc0 idx 0 fmt 1 regoff 0x0 n 10 (table contents not committed)
  load op 64 at 3290: addr 0x502e005b0 idx 0 fmt 1 regoff 0x0 n 5 (table contents not committed)
  load op 9f at 3329: addr 0x502dfded0 idx 0 fmt 1 regoff 0x0 n 166 (table contents not committed)
  load op 63 at 3334: addr 0x502dff978 idx 0 fmt 1 regoff 0x0 n 30 (table contents not committed)
  load op 64 at 3430: addr 0x502e005d8 idx 0 fmt 1 regoff 0x0 n 5 (table contents not committed)
  load op 9f at 3437: addr 0x502dfc320 idx 0 fmt 1 regoff 0x0 n 135 (table contents not committed)
  load op 63 at 3675: addr 0x502dffa68 idx 0 fmt 1 regoff 0x0 n 36 (table contents not committed)
  load op 64 at 4540: addr 0x502e00600 idx 0 fmt 1 regoff 0x0 n 6 (table contents not committed)
  load op 9f at 4545: addr 0x502dfc758 idx 0 fmt 1 regoff 0x0 n 376 (table contents not committed)
  load op 9f at 4552: addr 0x502dfb118 idx 0 fmt 1 regoff 0x0 n 205 (table contents not committed)
  load op 9f at 4853: addr 0xfe0040068 idx 0 fmt 1 regoff 0x0 n 921 (table contents not committed)
  load op 9f at 4860: addr 0x502dfb780 idx 0 fmt 1 regoff 0x0 n 74 (table contents not committed)
  load op 63 at 4865: addr 0x908e5ff90 idx 0 fmt 1 regoff 0x0 n 6 (table contents not committed)
  load op 9f at 4870: addr 0x908e5ffc0 idx 0 fmt 1 regoff 0x0 n 10 (table contents not committed)
  load op 64 at 4875: addr 0x502e00630 idx 0 fmt 1 regoff 0x0 n 5 (table contents not committed)
  load op 63 at 4914: addr 0x502dffb88 idx 0 fmt 1 regoff 0x0 n 21 (table contents not committed)
  load op 9f at 4925: addr 0x502dfb9d0 idx 0 fmt 1 regoff 0x0 n 223 (table contents not committed)
  load op 63 at 5714: addr 0x502dffc30 idx 0 fmt 1 regoff 0x0 n 10 (table contents not committed)
  load op 63 at 5831: addr 0x502dffc80 idx 0 fmt 1 regoff 0x0 n 28 (table contents not committed)
  load op 64 at 5910: addr 0x502e00658 idx 0 fmt 1 regoff 0x0 n 5 (table contents not committed)
  load op 9f at 5917: addr 0x502df9e30 idx 0 fmt 1 regoff 0x0 n 67 (table contents not committed)
  load op 9f at 6045: addr 0x502dfa048 idx 0 fmt 1 regoff 0x0 n 121 (table contents not committed)
  load op 63 at 6050: addr 0x502dffd60 idx 0 fmt 1 regoff 0x0 n 18 (table contents not committed)
  load op 64 at 6055: addr 0x502e00680 idx 0 fmt 1 regoff 0x0 n 3 (table contents not committed)
  load op 9f at 6204: addr 0x502dfa410 idx 0 fmt 1 regoff 0x0 n 121 (table contents not committed)
  load op 63 at 6209: addr 0x502dffdf0 idx 0 fmt 1 regoff 0x0 n 18 (table contents not committed)
  load op 64 at 6214: addr 0x502e00698 idx 0 fmt 1 regoff 0x0 n 3 (table contents not committed)
  load op 63 at 6578: addr 0x502dffe80 idx 0 fmt 1 regoff 0x0 n 10 (table contents not committed)
  load op 9f at 7058: addr 0x502dfa7d8 idx 0 fmt 1 regoff 0x0 n 195 (table contents not committed)
  load op 9f at 7063: addr 0x502df8d80 idx 0 fmt 1 regoff 0x0 n 85 (table contents not committed)
  load op 63 at 7068: addr 0x502dffed0 idx 0 fmt 1 regoff 0x0 n 18 (table contents not committed)
  load op 64 at 7073: addr 0x502e006b0 idx 0 fmt 1 regoff 0x0 n 3 (table contents not committed)
  load op 9f at 7186: addr 0x502df9028 idx 0 fmt 1 regoff 0x0 n 129 (table contents not committed)
  load op 63 at 7191: addr 0x502dfff60 idx 0 fmt 1 regoff 0x0 n 18 (table contents not committed)
  load op 64 at 7196: addr 0x502e006c8 idx 0 fmt 1 regoff 0x0 n 3 (table contents not committed)
  load op 9f at 7309: addr 0x502df9430 idx 0 fmt 1 regoff 0x0 n 129 (table contents not committed)
  load op 63 at 7314: addr 0x502dffff0 idx 0 fmt 1 regoff 0x0 n 18 (table contents not committed)
  load op 64 at 7319: addr 0x502e006e0 idx 0 fmt 1 regoff 0x0 n 3 (table contents not committed)
  load op 9f at 7432: addr 0x502df9838 idx 0 fmt 1 regoff 0x0 n 58 (table contents not committed)
  load op 9f at 7537: addr 0x502df9a08 idx 0 fmt 1 regoff 0x0 n 66 (table contents not committed)
  load op 9f at 7642: addr 0x502df9c18 idx 0 fmt 1 regoff 0x0 n 37 (table contents not committed)
  load op 9f at 7647: addr 0x502df7300 idx 0 fmt 1 regoff 0x0 n 21 (table contents not committed)
  load op 9f at 7752: addr 0x502df73a8 idx 0 fmt 1 regoff 0x0 n 66 (table contents not committed)
  load op 9f at 7857: addr 0x502df75b8 idx 0 fmt 1 regoff 0x0 n 58 (table contents not committed)
  load op 9f at 7962: addr 0x502df7788 idx 0 fmt 1 regoff 0x0 n 130 (table contents not committed)
  load op 63 at 7967: addr 0x502e00080 idx 0 fmt 1 regoff 0x0 n 18 (table contents not committed)
  load op 64 at 7972: addr 0x502e006f8 idx 0 fmt 1 regoff 0x0 n 3 (table contents not committed)
  load op 9f at 8099: addr 0x502df7b98 idx 0 fmt 1 regoff 0x0 n 135 (table contents not committed)
  load op 63 at 8104: addr 0x502e00110 idx 0 fmt 1 regoff 0x0 n 18 (table contents not committed)
  load op 64 at 8109: addr 0x502e00710 idx 0 fmt 1 regoff 0x0 n 3 (table contents not committed)
  load op 63 at 8687: addr 0x502e001a0 idx 0 fmt 1 regoff 0x0 n 28 (table contents not committed)
  load op 64 at 9264: addr 0x502e00728 idx 0 fmt 1 regoff 0x0 n 5 (table contents not committed)
  load op 9f at 9269: addr 0x502df7fd0 idx 0 fmt 1 regoff 0x0 n 97 (table contents not committed)
  load op 9f at 9276: addr 0x502df5868 idx 0 fmt 1 regoff 0x0 n 183 (table contents not committed)
submit #299 dcb 9774 dwords at 0x502702500: pass 651 rewrite 493 drop 432 unmapped 1 cc 8 mappings 1137 ... OK rc 0 21.70 ms
timing: #299 done at t 44.961 s, 1333.6 ms after the sync and hints
state stack #299: push 4 pop 4 conditional 1 unmatched 0; restored 3684 regs (+3748 dwords); tables 40, unreadable 0
timing: t 44.962 s acb 2 dwords: sync 13.5 ms, hints 0.1 ms
submit #300 acb 2 dwords at 0xfe003a200: pass 1 rewrite 0 drop 0 unmapped 0 cc 0 mappings 1137 ... OK rc 0 18.96 ms
timing: #300 done at t 45.002 s, 25.9 ms after the sync and hints
cpu-wait WAIT_REG_MEM64 at 0 on 0x400202f80: satisfied after 0.0 ms
map 0x335918000 +0x30000 ... timing: t 45.006 s after that wait (acb 49 dwords)
ok
swapped pages taken as resident so far: 0
vmas 108 total 13075.0 MiB resident 3587.0 MiB mapped 3587.0 MiB
timing: t 45.003 s cc 3 dwords: sync 15.3 ms, hints 0.0 ms
submit #301 cc 3 dwords at 0x313b17cf4: pass 0 rewrite 1 drop 0 unmapped 0 cc 1 mappings 1138 ... OK rc 0 18.77 ms
timing: #301 done at t 45.041 s, 22.7 ms after the sync and hints
timing: t 45.042 s acb 49 dwords: sync 13.9 ms, hints 0.1 ms
submit #302 acb 49 dwords at 0x4002a69dc: pass 2 rewrite 3 drop 3 unmapped 0 cc 0 mappings 1138 ... OK rc 0 18.19 ms
timing: #302 done at t 45.079 s, 23.6 ms after the sync and hints
timing: t 45.080 s hib 150 dwords: sync 11.3 ms, hints 0.1 ms
  load op 61 at 10: base 0xfe0008000 pairs (0x0,215) (0xd8,272) (0x1f5,4) (0x1ff,158) (0x2a0,2) (0x2a3,1) (0x2a5,66) (0x2f5,203)
  load op 5f at 29: base 0xfe0010000 pairs (0x1,1) (0x6,38) (0x32,4) (0x80,4) (0x87,37) (0xb2,4) (0xc8,2) (0x100,4) (0x107,37) (0x132,4) (0x148,2) (0x204,3) (0x20c,2) (0x212,2) (0x215,6) (0x224,5) (0x22a,1) (0x240,16) (0x27d,1) (0x280,1) (0x207,3)
  load op 5e at 74: base 0xfe0011000 pairs (0x35,8) (0xa2,1) (0x242,1) (0x248,1) (0x24a,2) (0x25b,6) (0x262,1) (0x2bb,5) (0x2c4,16) (0x2e4,8) (0x380,2) (0x383,2) (0x41d,3) (0x24d,1)
  load op 61 at 105: base 0xfe0008000 pairs (0x0,0)
  load op 5f at 110: base 0xfe0010000 pairs (0x0,0)
  load op 5e at 115: base 0xfe0011000 pairs (0x0,0)
  load op 61 at 125: base 0xfe0008000 pairs (0x0,0)
  load op 5f at 130: base 0xfe0010000 pairs (0x0,0)
  load op 5e at 135: base 0xfe0011000 pairs (0x0,0)
submit #303 hib 150 dwords at 0xfe0000000: pass 12 rewrite 2 drop 2 unmapped 0 cc 2 mappings 1138 ... OK rc 0 18.88 ms
timing: #303 done at t 45.168 s, 76.1 ms after the sync and hints
timing: t 45.169 s hib 2 dwords: sync 11.3 ms, hints 0.0 ms
submit #304 hib 2 dwords at 0xfe003a200: pass 1 rewrite 0 drop 0 unmapped 0 cc 0 mappings 1138 ... OK rc 0 18.28 ms
timing: #304 done at t 45.203 s, 23.1 ms after the sync and hints
map 0x335948000 +0x10000 ... ok
swapped pages taken as resident so far: 0
vmas 108 total 13075.0 MiB resident 3587.1 MiB mapped 3587.1 MiB
timing: t 45.204 s dcb 96 dwords: sync 14.4 ms, hints 0.1 ms
  load op 9f at 38: addr 0xfe0040068 idx 0 fmt 1 regoff 0x0 n 921 (table contents not committed)
  load op 63 at 43: addr 0xfe0042068 idx 0 fmt 1 regoff 0x0 n 174 (table contents not committed)
  load op 64 at 48: addr 0xfe00425d8 idx 0 fmt 1 regoff 0x0 n 49 (table contents not committed)
submit #305 dcb 96 dwords at 0xfe0042920: pass 20 rewrite 2 drop 2 unmapped 0 cc 0 mappings 1139 ... OK rc 0 18.20 ms
timing: #305 done at t 45.282 s, 63.5 ms after the sync and hints
map 0x403a10000 +0x10000 ... ok
swapped pages taken as resident so far: 0
vmas 108 total 13075.0 MiB resident 3587.1 MiB mapped 3587.2 MiB
timing: t 45.283 s dcb 2647 dwords: sync 14.4 ms, hints 0.2 ms
  load op 9f at 36: addr 0xfe0040068 idx 0 fmt 1 regoff 0x0 n 921 (table contents not committed)
  load op 63 at 41: addr 0xfe0042068 idx 0 fmt 1 regoff 0x0 n 174 (table contents not committed)
  load op 64 at 46: addr 0xfe00425d8 idx 0 fmt 1 regoff 0x0 n 57 (table contents not committed)
  load op 9f at 88: addr 0x504a01500 idx 0 fmt 1 regoff 0x0 n 136 (table contents not committed)
  load op 64 at 93: addr 0x504a00500 idx 0 fmt 1 regoff 0x0 n 3 (table contents not committed)
  load op 63 at 98: addr 0x5049ff500 idx 0 fmt 1 regoff 0x0 n 3 (table contents not committed)
  load op 9f at 1541: addr 0xfe0040068 idx 0 fmt 1 regoff 0x0 n 921 (table contents not committed)
  load op 9f at 1548: addr 0x504a01940 idx 0 fmt 1 regoff 0x0 n 70 (table contents not committed)
  load op 63 at 1553: addr 0x908e5ff90 idx 0 fmt 1 regoff 0x0 n 6 (table contents not committed)
  load op 9f at 1558: addr 0x908e5ffc0 idx 0 fmt 1 regoff 0x0 n 10 (table contents not committed)
  load op 63 at 1563: addr 0x908e5f7d0 idx 0 fmt 1 regoff 0x0 n 6 (table contents not committed)
  load op 9f at 1568: addr 0x908e5f800 idx 0 fmt 1 regoff 0x0 n 9 (table contents not committed)
  load op 64 at 1573: addr 0x504a00518 idx 0 fmt 1 regoff 0x0 n 5 (table contents not committed)
  load op 9f at 1691: addr 0x504a01b70 idx 0 fmt 1 regoff 0x0 n 131 (table contents not committed)
  load op 64 at 1698: addr 0x504a00540 idx 0 fmt 1 regoff 0x0 n 1 (table contents not committed)
  load op 9f at 1730: addr 0xfe0040068 idx 0 fmt 1 regoff 0x0 n 921 (table contents not committed)
  load op 9f at 1737: addr 0x504a01f88 idx 0 fmt 1 regoff 0x0 n 70 (table contents not committed)
  load op 63 at 1742: addr 0x908e5ff90 idx 0 fmt 1 regoff 0x0 n 6 (table contents not committed)
  load op 9f at 1747: addr 0x908e5ffc0 idx 0 fmt 1 regoff 0x0 n 10 (table contents not committed)
  load op 63 at 1752: addr 0x908e5f7d0 idx 0 fmt 1 regoff 0x0 n 6 (table contents not committed)
  load op 9f at 1757: addr 0x908e5f800 idx 0 fmt 1 regoff 0x0 n 9 (table contents not committed)
  load op 64 at 1762: addr 0x504a00548 idx 0 fmt 1 regoff 0x0 n 5 (table contents not committed)
  load op 63 at 1858: addr 0x5049ff518 idx 0 fmt 1 regoff 0x0 n 10 (table contents not committed)
  load op 63 at 2049: addr 0x5049ff568 idx 0 fmt 1 regoff 0x0 n 28 (table contents not committed)
  load op 64 at 2123: addr 0x504a00570 idx 0 fmt 1 regoff 0x0 n 5 (table contents not committed)
  load op 9f at 2130: addr 0x504a021b8 idx 0 fmt 1 regoff 0x0 n 96 (table contents not committed)
  load op 9f at 2135: addr 0x5049fe390 idx 0 fmt 1 regoff 0x0 n 194 (table contents not committed)
submit #306 dcb 2647 dwords at 0x504302500: pass 236 rewrite 123 drop 120 unmapped 0 cc 4 mappings 1140 ... OK rc 0 18.56 ms
timing: #306 done at t 45.612 s, 314.7 ms after the sync and hints
state stack #306: push 2 pop 2 conditional 1 unmatched 0; restored 1842 regs (+1874 dwords); tables 13, unreadable 0
timing: t 45.614 s dcb 851 dwords: sync 11.5 ms, hints 0.1 ms
  load op 9f at 38: addr 0xfe0040068 idx 0 fmt 1 regoff 0x0 n 921 (table contents not committed)
  load op 63 at 43: addr 0xfe0042068 idx 0 fmt 1 regoff 0x0 n 174 (table contents not committed)
  load op 64 at 48: addr 0xfe00425d8 idx 0 fmt 1 regoff 0x0 n 57 (table contents not committed)
  load op 9f at 90: addr 0x506201500 idx 0 fmt 1 regoff 0x0 n 5 (table contents not committed)
  load op 64 at 95: addr 0x506200500 idx 0 fmt 1 regoff 0x0 n 2 (table contents not committed)
  load op 63 at 100: addr 0x5061ff500 idx 0 fmt 1 regoff 0x0 n 3 (table contents not committed)
submit #307 dcb 851 dwords at 0x505e02500: pass 47 rewrite 55 drop 45 unmapped 0 cc 0 mappings 1140 ... OK rc 0 18.31 ms
timing: #307 done at t 45.704 s, 78.6 ms after the sync and hints
timing: t 45.705 s acb 2 dwords: sync 11.4 ms, hints 0.0 ms
submit #308 acb 2 dwords at 0xfe003a200: pass 1 rewrite 0 drop 0 unmapped 0 cc 0 mappings 1140 ... OK rc 0 18.46 ms
timing: #308 done at t 45.739 s, 22.5 ms after the sync and hints
cpu-wait WAIT_REG_MEM64 at 87 on 0x400203980: satisfied after 0.0 ms
timing: t 45.740 s after that wait (acb 463 dwords)
timing: t 45.739 s dcb 798 dwords: sync 11.2 ms, hints 0.2 ms
  load op 9f at 35: addr 0xfe0040068 idx 0 fmt 1 regoff 0x0 n 921 (table contents not committed)
  load op 63 at 40: addr 0xfe0042068 idx 0 fmt 1 regoff 0x0 n 174 (table contents not committed)
  load op 64 at 45: addr 0xfe00425d8 idx 0 fmt 1 regoff 0x0 n 57 (table contents not committed)
  load op 9f at 87: addr 0x507401500 idx 0 fmt 1 regoff 0x0 n 136 (table contents not committed)
  load op 64 at 92: addr 0x507400500 idx 0 fmt 1 regoff 0x0 n 3 (table contents not committed)
  load op 63 at 97: addr 0x5073ff500 idx 0 fmt 1 regoff 0x0 n 3 (table contents not committed)
  load op 9f at 212: addr 0xfe0040068 idx 0 fmt 1 regoff 0x0 n 921 (table contents not committed)
  load op 9f at 219: addr 0x507401940 idx 0 fmt 1 regoff 0x0 n 70 (table contents not committed)
  load op 63 at 224: addr 0x908e5ff90 idx 0 fmt 1 regoff 0x0 n 6 (table contents not committed)
  load op 9f at 229: addr 0x908e5ffc0 idx 0 fmt 1 regoff 0x0 n 10 (table contents not committed)
  load op 63 at 234: addr 0x908e5f7d0 idx 0 fmt 1 regoff 0x0 n 6 (table contents not committed)
  load op 9f at 239: addr 0x908e5f800 idx 0 fmt 1 regoff 0x0 n 9 (table contents not committed)
  load op 64 at 244: addr 0x507400518 idx 0 fmt 1 regoff 0x0 n 5 (table contents not committed)
  load op 9f at 340: addr 0x507401b70 idx 0 fmt 1 regoff 0x0 n 131 (table contents not committed)
  load op 64 at 347: addr 0x507400540 idx 0 fmt 1 regoff 0x0 n 1 (table contents not committed)
  load op 9f at 379: addr 0xfe0040068 idx 0 fmt 1 regoff 0x0 n 921 (table contents not committed)
  load op 9f at 386: addr 0x507401f88 idx 0 fmt 1 regoff 0x0 n 70 (table contents not committed)
  load op 63 at 391: addr 0x908e5ff90 idx 0 fmt 1 regoff 0x0 n 6 (table contents not committed)
  load op 9f at 396: addr 0x908e5ffc0 idx 0 fmt 1 regoff 0x0 n 10 (table contents not committed)
  load op 63 at 401: addr 0x908e5f7d0 idx 0 fmt 1 regoff 0x0 n 6 (table contents not committed)
  load op 9f at 406: addr 0x908e5f800 idx 0 fmt 1 regoff 0x0 n 9 (table contents not committed)
  load op 64 at 411: addr 0x507400548 idx 0 fmt 1 regoff 0x0 n 5 (table contents not committed)
  load op 9f at 548: addr 0x5074021b8 idx 0 fmt 1 regoff 0x0 n 98 (table contents not committed)
  load op 64 at 555: addr 0x507400570 idx 0 fmt 1 regoff 0x0 n 1 (table contents not committed)
  load op 9f at 560: addr 0x5073fe500 idx 0 fmt 1 regoff 0x0 n 33 (table contents not committed)
  load op 9f at 592: addr 0xfe0040068 idx 0 fmt 1 regoff 0x0 n 921 (table contents not committed)
  load op 9f at 599: addr 0x5073fe608 idx 0 fmt 1 regoff 0x0 n 70 (table contents not committed)
  load op 63 at 604: addr 0x908e5ff90 idx 0 fmt 1 regoff 0x0 n 6 (table contents not committed)
  load op 9f at 609: addr 0x908e5ffc0 idx 0 fmt 1 regoff 0x0 n 10 (table contents not committed)
  load op 63 at 614: addr 0x908e5f7d0 idx 0 fmt 1 regoff 0x0 n 6 (table contents not committed)
  load op 9f at 619: addr 0x908e5f800 idx 0 fmt 1 regoff 0x0 n 9 (table contents not committed)
  load op 64 at 624: addr 0x507400578 idx 0 fmt 1 regoff 0x0 n 5 (table contents not committed)
submit #309 dcb 798 dwords at 0x506e02500: pass 103 rewrite 35 drop 22 unmapped 0 cc 6 mappings 1140 ... OK rc 0 18.64 ms
timing: #309 done at t 46.118 s, 366.9 ms after the sync and hints
state stack #309: push 3 pop 3 conditional 1 unmatched 0; restored 2763 regs (+2811 dwords); tables 17, unreadable 0
timing: t 46.119 s acb 463 dwords: sync 11.4 ms, hints 0.1 ms
submit #310 acb 463 dwords at 0x400526840: pass 43 rewrite 11 drop 27 unmapped 0 cc 0 mappings 1140 ... OK rc 0 18.81 ms
timing: #310 done at t 46.155 s, 24.0 ms after the sync and hints
acb head: 1287 of 1336 dwords go ahead of the wait at 1287 on 0x400203b80
timing: t 46.155 s dcb 1248 dwords: sync 11.2 ms, hints 0.2 ms
  load op 9f at 36: addr 0xfe0040068 idx 0 fmt 1 regoff 0x0 n 921 (table contents not committed)
  load op 63 at 41: addr 0xfe0042068 idx 0 fmt 1 regoff 0x0 n 174 (table contents not committed)
  load op 64 at 46: addr 0xfe00425d8 idx 0 fmt 1 regoff 0x0 n 57 (table contents not committed)
  load op 9f at 88: addr 0x505601500 idx 0 fmt 1 regoff 0x0 n 5 (table contents not committed)
  load op 64 at 93: addr 0x505600500 idx 0 fmt 1 regoff 0x0 n 2 (table contents not committed)
  load op 63 at 98: addr 0x5055ff500 idx 0 fmt 1 regoff 0x0 n 3 (table contents not committed)
  load op 9f at 756: addr 0xfe0040068 idx 0 fmt 1 regoff 0x0 n 921 (table contents not committed)
  load op 9f at 763: addr 0x505601528 idx 0 fmt 1 regoff 0x0 n 74 (table contents not committed)
  load op 63 at 768: addr 0x908e5ff90 idx 0 fmt 1 regoff 0x0 n 6 (table contents not committed)
  load op 9f at 773: addr 0x908e5ffc0 idx 0 fmt 1 regoff 0x0 n 10 (table contents not committed)
  load op 64 at 778: addr 0x505600510 idx 0 fmt 1 regoff 0x0 n 5 (table contents not committed)
  load op 9f at 901: addr 0xfe0040068 idx 0 fmt 1 regoff 0x0 n 921 (table contents not committed)
  load op 9f at 908: addr 0x505601778 idx 0 fmt 1 regoff 0x0 n 74 (table contents not committed)
  load op 63 at 913: addr 0x908e5ff90 idx 0 fmt 1 regoff 0x0 n 6 (table contents not committed)
  load op 9f at 918: addr 0x908e5ffc0 idx 0 fmt 1 regoff 0x0 n 10 (table contents not committed)
  load op 64 at 923: addr 0x505600538 idx 0 fmt 1 regoff 0x0 n 5 (table contents not committed)
  load op 9f at 1046: addr 0xfe0040068 idx 0 fmt 1 regoff 0x0 n 921 (table contents not committed)
  load op 9f at 1053: addr 0x5056019c8 idx 0 fmt 1 regoff 0x0 n 74 (table contents not committed)
  load op 63 at 1058: addr 0x908e5ff90 idx 0 fmt 1 regoff 0x0 n 6 (table contents not committed)
  load op 9f at 1063: addr 0x908e5ffc0 idx 0 fmt 1 regoff 0x0 n 10 (table contents not committed)
  load op 64 at 1068: addr 0x505600560 idx 0 fmt 1 regoff 0x0 n 5 (table contents not committed)
submit #311 dcb 1248 dwords at 0x505202500: pass 151 rewrite 46 drop 45 unmapped 0 cc 6 mappings 1140 ... OK rc 0 18.42 ms
timing: #311 done at t 46.417 s, 250.0 ms after the sync and hints
state stack #311: push 3 pop 3 conditional 1 unmatched 0; restored 2763 regs (+2811 dwords); tables 11, unreadable 0
flip 1/1 buffer 0x5093f0000 +0x1fe0000: sum 0x17ea65194594 nonzero 8100/8160 pattern 0
  target CB0 0x507410000: distinct 53 min 0xc0000000 max 0xc340d034,   target CB0 0x507410000: nonzero 1024/1024
  target CB0 0x563800000: distinct 1 min 0x00000000 max 0x00000000,   target CB0 0x563800000: nonzero 0/1024
  target CB0 0x55c00d000: distinct 4 min 0x00000000 max 0xffffffff,   target CB0 0x55c00d000: nonzero 147/1024
  target CB0 0x5637f0000: distinct 1 min 0x00000000 max 0x00000000,   target CB0 0x5637f0000: nonzero 0/1024
  target CB0 0x519df0000: distinct 1 min 0x38003800 max 0x38003800,   target CB0 0x519df0000: nonzero 1024/1024
timing: t 46.418 s acb 1287 dwords: sync 12.5 ms, hints 0.0 ms
  target CB0 0x570e65000: distinct 12 min 0x00000000 max 0xffffffff,   target CB0 0x570e65000: nonzero 129/1024
  target DB_HTILE 0x516870000: distinct 3 min 0x00000000 max 0xfffffff0, submit #312 acb 1287 dwords at 0x400345640: pass 118 rewrite 35 drop 63 unmapped 0 cc 0 mappings 1140 ...   target DB_HTILE 0x516870000: nonzero 80/1024
  target DB_Z_READ 0x5157a0000: distinct 1 min 0x3f800000 max 0x3f800000,   target DB_Z_READ 0x5157a0000: nonzero 1024/1024
  target DB_STENCIL_READ 0x5164b0000: distinct 3 min 0x00000000 max 0xfffffff0,   target DB_STENCIL_READ 0x5164b0000: nonzero 881/1024
  target CB0 0x511650000: distinct 1 min 0x00000000 max 0x00000000,   target CB0 0x511650000: nonzero 0/1024
  target CB0 0x570e08000: distinct 13 min 0x00000000 max 0xffffffff,   target CB0 0x570e08000: nonzero 177/1024
  target CB0 0x570e11000: distinct 13 min 0x00000000 max 0xffffffff,   target CB0 0x570e11000: nonzero 168/1024
  target CB0 0x513d80000: distinct 1 min 0x00000000 max 0x00000000,   target CB0 0x513d80000: nonzero 0/1024
  target CB0 0x570e3e000: distinct 12 min 0x00000000 max 0xffffffff,   target CB0 0x570e3e000: nonzero 138/1024
  target DB_HTILE 0x55c050000: distinct 3 min 0x00000000 max 0xffffffff,   target DB_HTILE 0x55c050000: nonzero 144/1024
  target DB_Z_READ 0x527430000: distinct 1 min 0xffffffff max 0xffffffff,   target DB_Z_READ 0x527430000: nonzero 1024/1024
timing: t 46.449 s flip 1/1, VideoOutSubmitFlip took 0.0 ms
OK rc 0 20.07 ms
timing: #312 done at t 46.457 s, 26.4 ms after the sync and hints
cpu-wait WAIT_REG_MEM64 at 115 on 0x400203940: satisfied after 0.0 ms
timing: t 46.459 s after that wait (dcb 9774 dwords)
cpu-wait WAIT_REG_MEM64 at 1629 on 0x4002039c0: satisfied after 0.0 ms
timing: t 46.460 s after that wait (dcb 9774 dwords)
cpu-wait WAIT_REG_MEM64 at 9223 on 0x559cd49a53d8: satisfied after 0.0 ms
timing: t 46.462 s after that wait (dcb 9774 dwords)
timing: t 46.462 s dcb 9774 dwords: sync 11.3 ms, hints 0.3 ms
  indirect op 16 at 1246: base 0x5074063c0 +0x0 -> 1 1 1 0 0
  indirect op 16 at 1278: base 0x5074063e0 +0x0 -> 1 1 1 0 0
  indirect op 16 at 1310: base 0x50740a520 +0x0 -> 1 1 1 0 0
  indirect op 16 at 1342: base 0x50740a540 +0x0 -> 1 1 1 0 0
  indirect op 25 at 4584: base 0x56ddaffa0 +0x0 -> 1 512 0 0 0
  load op 9f at 28: addr 0xfe0040068 idx 0 fmt 1 regoff 0x0 n 921 (table contents not committed)
  load op 63 at 33: addr 0xfe0042068 idx 0 fmt 1 regoff 0x0 n 174 (table contents not committed)
  load op 64 at 38: addr 0xfe00425d8 idx 0 fmt 1 regoff 0x0 n 57 (table contents not committed)
  load op 9f at 80: addr 0x503501500 idx 0 fmt 1 regoff 0x0 n 295 (table contents not committed)
  load op 64 at 85: addr 0x503500500 idx 0 fmt 1 regoff 0x0 n 7 (table contents not committed)
  load op 63 at 90: addr 0x5034ff500 idx 0 fmt 1 regoff 0x0 n 13 (table contents not committed)
  load op 63 at 342: addr 0x5034ff568 idx 0 fmt 1 regoff 0x0 n 10 (table contents not committed)
  load op 63 at 734: addr 0x5034ff5b8 idx 0 fmt 1 regoff 0x0 n 18 (table contents not committed)
  load op 63 at 1217: addr 0x5034ff648 idx 0 fmt 1 regoff 0x0 n 10 (table contents not committed)
  load op 63 at 1249: addr 0x5034ff698 idx 0 fmt 1 regoff 0x0 n 10 (table contents not committed)
  load op 63 at 1281: addr 0x5034ff6e8 idx 0 fmt 1 regoff 0x0 n 10 (table contents not committed)
  load op 63 at 1313: addr 0x5034ff738 idx 0 fmt 1 regoff 0x0 n 10 (table contents not committed)
  load op 9f at 1724: addr 0xfe0040068 idx 0 fmt 1 regoff 0x0 n 921 (table contents not committed)
  load op 9f at 1731: addr 0x503501e38 idx 0 fmt 1 regoff 0x0 n 74 (table contents not committed)
  load op 63 at 1736: addr 0x908e5ff90 idx 0 fmt 1 regoff 0x0 n 6 (table contents not committed)
  load op 9f at 1741: addr 0x908e5ffc0 idx 0 fmt 1 regoff 0x0 n 10 (table contents not committed)
  load op 64 at 1746: addr 0x503500538 idx 0 fmt 1 regoff 0x0 n 5 (table contents not committed)
  load op 9f at 1799: addr 0x503502088 idx 0 fmt 1 regoff 0x0 n 132 (table contents not committed)
  load op 63 at 1804: addr 0x5034ff788 idx 0 fmt 1 regoff 0x0 n 30 (table contents not committed)
  load op 64 at 1884: addr 0x503500560 idx 0 fmt 1 regoff 0x0 n 5 (table contents not committed)
  load op 9f at 1891: addr 0x5034fd440 idx 0 fmt 1 regoff 0x0 n 175 (table contents not committed)
  load op 63 at 2106: addr 0x5034ff878 idx 0 fmt 1 regoff 0x0 n 20 (table contents not committed)
  load op 9f at 3069: addr 0xfe0040068 idx 0 fmt 1 regoff 0x0 n 921 (table contents not committed)
  load op 9f at 3076: addr 0x5034fd9b8 idx 0 fmt 1 regoff 0x0 n 70 (table contents not committed)
  load op 63 at 3081: addr 0x908e5ff90 idx 0 fmt 1 regoff 0x0 n 6 (table contents not committed)
  load op 9f at 3086: addr 0x908e5ffc0 idx 0 fmt 1 regoff 0x0 n 10 (table contents not committed)
  load op 63 at 3091: addr 0x908e5f7d0 idx 0 fmt 1 regoff 0x0 n 6 (table contents not committed)
  load op 9f at 3096: addr 0x908e5f800 idx 0 fmt 1 regoff 0x0 n 9 (table contents not committed)
  load op 64 at 3101: addr 0x503500588 idx 0 fmt 1 regoff 0x0 n 5 (table contents not committed)
  load op 9f at 3140: addr 0x5034fdbe8 idx 0 fmt 1 regoff 0x0 n 19 (table contents not committed)
  load op 63 at 3145: addr 0x5034ff918 idx 0 fmt 1 regoff 0x0 n 12 (table contents not committed)
  load op 9f at 3268: addr 0xfe0040068 idx 0 fmt 1 regoff 0x0 n 921 (table contents not committed)
  load op 9f at 3275: addr 0x5034fdc80 idx 0 fmt 1 regoff 0x0 n 74 (table contents not committed)
  load op 63 at 3280: addr 0x908e5ff90 idx 0 fmt 1 regoff 0x0 n 6 (table contents not committed)
  load op 9f at 3285: addr 0x908e5ffc0 idx 0 fmt 1 regoff 0x0 n 10 (table contents not committed)
  load op 64 at 3290: addr 0x5035005b0 idx 0 fmt 1 regoff 0x0 n 5 (table contents not committed)
  load op 9f at 3329: addr 0x5034fded0 idx 0 fmt 1 regoff 0x0 n 166 (table contents not committed)
  load op 63 at 3334: addr 0x5034ff978 idx 0 fmt 1 regoff 0x0 n 30 (table contents not committed)
  load op 64 at 3430: addr 0x5035005d8 idx 0 fmt 1 regoff 0x0 n 5 (table contents not committed)
  load op 9f at 3437: addr 0x5034fc320 idx 0 fmt 1 regoff 0x0 n 135 (table contents not committed)
  load op 63 at 3675: addr 0x5034ffa68 idx 0 fmt 1 regoff 0x0 n 36 (table contents not committed)
  load op 64 at 4540: addr 0x503500600 idx 0 fmt 1 regoff 0x0 n 6 (table contents not committed)
  load op 9f at 4545: addr 0x5034fc758 idx 0 fmt 1 regoff 0x0 n 376 (table contents not committed)
  load op 9f at 4552: addr 0x5034fb118 idx 0 fmt 1 regoff 0x0 n 205 (table contents not committed)
  load op 9f at 4853: addr 0xfe0040068 idx 0 fmt 1 regoff 0x0 n 921 (table contents not committed)
  load op 9f at 4860: addr 0x5034fb780 idx 0 fmt 1 regoff 0x0 n 74 (table contents not committed)
  load op 63 at 4865: addr 0x908e5ff90 idx 0 fmt 1 regoff 0x0 n 6 (table contents not committed)
  load op 9f at 4870: addr 0x908e5ffc0 idx 0 fmt 1 regoff 0x0 n 10 (table contents not committed)
  load op 64 at 4875: addr 0x503500630 idx 0 fmt 1 regoff 0x0 n 5 (table contents not committed)
  load op 63 at 4914: addr 0x5034ffb88 idx 0 fmt 1 regoff 0x0 n 21 (table contents not committed)
  load op 9f at 4925: addr 0x5034fb9d0 idx 0 fmt 1 regoff 0x0 n 223 (table contents not committed)
  load op 63 at 5714: addr 0x5034ffc30 idx 0 fmt 1 regoff 0x0 n 10 (table contents not committed)
  load op 63 at 5831: addr 0x5034ffc80 idx 0 fmt 1 regoff 0x0 n 28 (table contents not committed)
  load op 64 at 5910: addr 0x503500658 idx 0 fmt 1 regoff 0x0 n 5 (table contents not committed)
  load op 9f at 5917: addr 0x5034f9e30 idx 0 fmt 1 regoff 0x0 n 67 (table contents not committed)
  load op 9f at 6045: addr 0x5034fa048 idx 0 fmt 1 regoff 0x0 n 121 (table contents not committed)
  load op 63 at 6050: addr 0x5034ffd60 idx 0 fmt 1 regoff 0x0 n 18 (table contents not committed)
  load op 64 at 6055: addr 0x503500680 idx 0 fmt 1 regoff 0x0 n 3 (table contents not committed)
  load op 9f at 6204: addr 0x5034fa410 idx 0 fmt 1 regoff 0x0 n 121 (table contents not committed)
  load op 63 at 6209: addr 0x5034ffdf0 idx 0 fmt 1 regoff 0x0 n 18 (table contents not committed)
  load op 64 at 6214: addr 0x503500698 idx 0 fmt 1 regoff 0x0 n 3 (table contents not committed)
  load op 63 at 6578: addr 0x5034ffe80 idx 0 fmt 1 regoff 0x0 n 10 (table contents not committed)
  load op 9f at 7058: addr 0x5034fa7d8 idx 0 fmt 1 regoff 0x0 n 195 (table contents not committed)
  load op 9f at 7063: addr 0x5034f8d80 idx 0 fmt 1 regoff 0x0 n 85 (table contents not committed)
  load op 63 at 7068: addr 0x5034ffed0 idx 0 fmt 1 regoff 0x0 n 18 (table contents not committed)
  load op 64 at 7073: addr 0x5035006b0 idx 0 fmt 1 regoff 0x0 n 3 (table contents not committed)
  load op 9f at 7186: addr 0x5034f9028 idx 0 fmt 1 regoff 0x0 n 129 (table contents not committed)
  load op 63 at 7191: addr 0x5034fff60 idx 0 fmt 1 regoff 0x0 n 18 (table contents not committed)
  load op 64 at 7196: addr 0x5035006c8 idx 0 fmt 1 regoff 0x0 n 3 (table contents not committed)
  load op 9f at 7309: addr 0x5034f9430 idx 0 fmt 1 regoff 0x0 n 129 (table contents not committed)
  load op 63 at 7314: addr 0x5034ffff0 idx 0 fmt 1 regoff 0x0 n 18 (table contents not committed)
  load op 64 at 7319: addr 0x5035006e0 idx 0 fmt 1 regoff 0x0 n 3 (table contents not committed)
  load op 9f at 7432: addr 0x5034f9838 idx 0 fmt 1 regoff 0x0 n 58 (table contents not committed)
  load op 9f at 7537: addr 0x5034f9a08 idx 0 fmt 1 regoff 0x0 n 66 (table contents not committed)
  load op 9f at 7642: addr 0x5034f9c18 idx 0 fmt 1 regoff 0x0 n 37 (table contents not committed)
  load op 9f at 7647: addr 0x5034f7300 idx 0 fmt 1 regoff 0x0 n 21 (table contents not committed)
  load op 9f at 7752: addr 0x5034f73a8 idx 0 fmt 1 regoff 0x0 n 66 (table contents not committed)
  load op 9f at 7857: addr 0x5034f75b8 idx 0 fmt 1 regoff 0x0 n 58 (table contents not committed)
  load op 9f at 7962: addr 0x5034f7788 idx 0 fmt 1 regoff 0x0 n 130 (table contents not committed)
  load op 63 at 7967: addr 0x503500080 idx 0 fmt 1 regoff 0x0 n 18 (table contents not committed)
  load op 64 at 7972: addr 0x5035006f8 idx 0 fmt 1 regoff 0x0 n 3 (table contents not committed)
  load op 9f at 8099: addr 0x5034f7b98 idx 0 fmt 1 regoff 0x0 n 135 (table contents not committed)
  load op 63 at 8104: addr 0x503500110 idx 0 fmt 1 regoff 0x0 n 18 (table contents not committed)
  load op 64 at 8109: addr 0x503500710 idx 0 fmt 1 regoff 0x0 n 3 (table contents not committed)
  load op 63 at 8687: addr 0x5035001a0 idx 0 fmt 1 regoff 0x0 n 28 (table contents not committed)
  load op 64 at 9264: addr 0x503500728 idx 0 fmt 1 regoff 0x0 n 5 (table contents not committed)
  load op 9f at 9269: addr 0x5034f7fd0 idx 0 fmt 1 regoff 0x0 n 97 (table contents not committed)
  load op 9f at 9276: addr 0x5034f5868 idx 0 fmt 1 regoff 0x0 n 183 (table contents not committed)
submit #313 dcb 9774 dwords at 0x502e02500: pass 651 rewrite 493 drop 432 unmapped 1 cc 8 mappings 1140 ... OK rc 0 21.69 ms
timing: #313 done at t 47.534 s, 1060.1 ms after the sync and hints
state stack #313: push 4 pop 4 conditional 1 unmatched 0; restored 3684 regs (+3748 dwords); tables 40, unreadable 0
timing: t 47.535 s acb 2 dwords: sync 11.6 ms, hints 0.0 ms
submit #314 acb 2 dwords at 0xfe003a200: pass 1 rewrite 0 drop 0 unmapped 0 cc 0 mappings 1140 ... OK rc 0 18.40 ms
timing: #314 done at t 47.569 s, 22.5 ms after the sync and hints
cpu-wait WAIT_REG_MEM64 at 0 on 0x400203b80: satisfied after 0.0 ms
timing: t 47.571 s after that wait (acb 49 dwords)
timing: t 47.570 s cc 3 dwords: sync 11.8 ms, hints 0.0 ms
submit #315 cc 3 dwords at 0x313b17cf4: pass 0 rewrite 1 drop 0 unmapped 0 cc 1 mappings 1140 ... OK rc 0 18.11 ms
timing: #315 done at t 47.604 s, 22.2 ms after the sync and hints
timing: t 47.605 s acb 49 dwords: sync 11.8 ms, hints 0.0 ms
submit #316 acb 49 dwords at 0x400346a5c: pass 2 rewrite 3 drop 3 unmapped 0 cc 0 mappings 1140 ... OK rc 0 18.47 ms
timing: #316 done at t 47.640 s, 22.7 ms after the sync and hints
timing: t 47.640 s hib 150 dwords: sync 11.7 ms, hints 0.1 ms
  load op 61 at 10: base 0xfe0008000 pairs (0x0,215) (0xd8,272) (0x1f5,4) (0x1ff,158) (0x2a0,2) (0x2a3,1) (0x2a5,66) (0x2f5,203)
  load op 5f at 29: base 0xfe0010000 pairs (0x1,1) (0x6,38) (0x32,4) (0x80,4) (0x87,37) (0xb2,4) (0xc8,2) (0x100,4) (0x107,37) (0x132,4) (0x148,2) (0x204,3) (0x20c,2) (0x212,2) (0x215,6) (0x224,5) (0x22a,1) (0x240,16) (0x27d,1) (0x280,1) (0x207,3)
  load op 5e at 74: base 0xfe0011000 pairs (0x35,8) (0xa2,1) (0x242,1) (0x248,1) (0x24a,2) (0x25b,6) (0x262,1) (0x2bb,5) (0x2c4,16) (0x2e4,8) (0x380,2) (0x383,2) (0x41d,3) (0x24d,1)
  load op 61 at 105: base 0xfe0008000 pairs (0x0,0)
  load op 5f at 110: base 0xfe0010000 pairs (0x0,0)
  load op 5e at 115: base 0xfe0011000 pairs (0x0,0)
  load op 61 at 125: base 0xfe0008000 pairs (0x0,0)
  load op 5f at 130: base 0xfe0010000 pairs (0x0,0)
  load op 5e at 135: base 0xfe0011000 pairs (0x0,0)
submit #317 hib 150 dwords at 0xfe0000000: pass 12 rewrite 2 drop 2 unmapped 0 cc 2 mappings 1140 ... OK rc 0 18.26 ms
timing: #317 done at t 47.719 s, 67.2 ms after the sync and hints
timing: t 47.720 s hib 2 dwords: sync 11.2 ms, hints 0.0 ms
submit #318 hib 2 dwords at 0xfe003a200: pass 1 rewrite 0 drop 0 unmapped 0 cc 0 mappings 1140 ... OK rc 0 18.20 ms
timing: #318 done at t 47.754 s, 22.4 ms after the sync and hints
timing: t 47.755 s dcb 96 dwords: sync 11.2 ms, hints 0.1 ms
  load op 9f at 38: addr 0xfe0040068 idx 0 fmt 1 regoff 0x0 n 921 (table contents not committed)
  load op 63 at 43: addr 0xfe0042068 idx 0 fmt 1 regoff 0x0 n 174 (table contents not committed)
  load op 64 at 48: addr 0xfe00425d8 idx 0 fmt 1 regoff 0x0 n 49 (table contents not committed)
submit #319 dcb 96 dwords at 0xfe0042920: pass 20 rewrite 2 drop 2 unmapped 0 cc 0 mappings 1140 ... OK rc 0 18.32 ms
timing: #319 done at t 47.827 s, 61.2 ms after the sync and hints
timing: t 47.828 s dcb 2647 dwords: sync 11.2 ms, hints 0.2 ms
  load op 9f at 36: addr 0xfe0040068 idx 0 fmt 1 regoff 0x0 n 921 (table contents not committed)
  load op 63 at 41: addr 0xfe0042068 idx 0 fmt 1 regoff 0x0 n 174 (table contents not committed)
  load op 64 at 46: addr 0xfe00425d8 idx 0 fmt 1 regoff 0x0 n 57 (table contents not committed)
  load op 9f at 88: addr 0x503c01500 idx 0 fmt 1 regoff 0x0 n 136 (table contents not committed)
  load op 64 at 93: addr 0x503c00500 idx 0 fmt 1 regoff 0x0 n 3 (table contents not committed)
  load op 63 at 98: addr 0x503bff500 idx 0 fmt 1 regoff 0x0 n 3 (table contents not committed)
  load op 9f at 1541: addr 0xfe0040068 idx 0 fmt 1 regoff 0x0 n 921 (table contents not committed)
  load op 9f at 1548: addr 0x503c01940 idx 0 fmt 1 regoff 0x0 n 70 (table contents not committed)
  load op 63 at 1553: addr 0x908e5ff90 idx 0 fmt 1 regoff 0x0 n 6 (table contents not committed)
  load op 9f at 1558: addr 0x908e5ffc0 idx 0 fmt 1 regoff 0x0 n 10 (table contents not committed)
  load op 63 at 1563: addr 0x908e5f7d0 idx 0 fmt 1 regoff 0x0 n 6 (table contents not committed)
  load op 9f at 1568: addr 0x908e5f800 idx 0 fmt 1 regoff 0x0 n 9 (table contents not committed)
  load op 64 at 1573: addr 0x503c00518 idx 0 fmt 1 regoff 0x0 n 5 (table contents not committed)
  load op 9f at 1691: addr 0x503c01b70 idx 0 fmt 1 regoff 0x0 n 131 (table contents not committed)
  load op 64 at 1698: addr 0x503c00540 idx 0 fmt 1 regoff 0x0 n 1 (table contents not committed)
  load op 9f at 1730: addr 0xfe0040068 idx 0 fmt 1 regoff 0x0 n 921 (table contents not committed)
  load op 9f at 1737: addr 0x503c01f88 idx 0 fmt 1 regoff 0x0 n 70 (table contents not committed)
  load op 63 at 1742: addr 0x908e5ff90 idx 0 fmt 1 regoff 0x0 n 6 (table contents not committed)
  load op 9f at 1747: addr 0x908e5ffc0 idx 0 fmt 1 regoff 0x0 n 10 (table contents not committed)
  load op 63 at 1752: addr 0x908e5f7d0 idx 0 fmt 1 regoff 0x0 n 6 (table contents not committed)
  load op 9f at 1757: addr 0x908e5f800 idx 0 fmt 1 regoff 0x0 n 9 (table contents not committed)
  load op 64 at 1762: addr 0x503c00548 idx 0 fmt 1 regoff 0x0 n 5 (table contents not committed)
  load op 63 at 1858: addr 0x503bff518 idx 0 fmt 1 regoff 0x0 n 10 (table contents not committed)
  load op 63 at 2049: addr 0x503bff568 idx 0 fmt 1 regoff 0x0 n 28 (table contents not committed)
  load op 64 at 2123: addr 0x503c00570 idx 0 fmt 1 regoff 0x0 n 5 (table contents not committed)
  load op 9f at 2130: addr 0x503c021b8 idx 0 fmt 1 regoff 0x0 n 96 (table contents not committed)
  load op 9f at 2135: addr 0x503bfe390 idx 0 fmt 1 regoff 0x0 n 194 (table contents not committed)
submit #320 dcb 2647 dwords at 0x503502500: pass 236 rewrite 123 drop 120 unmapped 0 cc 4 mappings 1140 ... OK rc 0 18.66 ms
timing: #320 done at t 48.162 s, 323.0 ms after the sync and hints
state stack #320: push 2 pop 2 conditional 1 unmatched 0; restored 1842 regs (+1874 dwords); tables 13, unreadable 0
timing: t 48.164 s dcb 851 dwords: sync 11.3 ms, hints 0.1 ms
  load op 9f at 38: addr 0xfe0040068 idx 0 fmt 1 regoff 0x0 n 921 (table contents not committed)
  load op 63 at 43: addr 0xfe0042068 idx 0 fmt 1 regoff 0x0 n 174 (table contents not committed)
  load op 64 at 48: addr 0xfe00425d8 idx 0 fmt 1 regoff 0x0 n 57 (table contents not committed)
  load op 9f at 90: addr 0x505a01500 idx 0 fmt 1 regoff 0x0 n 5 (table contents not committed)
  load op 64 at 95: addr 0x505a00500 idx 0 fmt 1 regoff 0x0 n 2 (table contents not committed)
  load op 63 at 100: addr 0x5059ff500 idx 0 fmt 1 regoff 0x0 n 3 (table contents not committed)
submit #321 dcb 851 dwords at 0x505602500: pass 47 rewrite 55 drop 45 unmapped 0 cc 0 mappings 1140 ... OK rc 0 18.35 ms
timing: #321 done at t 48.255 s, 79.1 ms after the sync and hints
timing: t 48.255 s acb 2 dwords: sync 11.8 ms, hints 0.0 ms
submit #322 acb 2 dwords at 0xfe003a200: pass 1 rewrite 0 drop 0 unmapped 0 cc 0 mappings 1140 ... OK rc 0 18.35 ms
timing: #322 done at t 48.290 s, 22.6 ms after the sync and hints
cpu-wait WAIT_REG_MEM64 at 87 on 0x400201a40: satisfied after 0.0 ms
timing: t 48.291 s after that wait (acb 463 dwords)
timing: t 48.291 s dcb 798 dwords: sync 11.4 ms, hints 0.2 ms
  load op 9f at 35: addr 0xfe0040068 idx 0 fmt 1 regoff 0x0 n 921 (table contents not committed)
  load op 63 at 40: addr 0xfe0042068 idx 0 fmt 1 regoff 0x0 n 174 (table contents not committed)
  load op 64 at 45: addr 0xfe00425d8 idx 0 fmt 1 regoff 0x0 n 57 (table contents not committed)
  load op 9f at 87: addr 0x506801500 idx 0 fmt 1 regoff 0x0 n 136 (table contents not committed)
  load op 64 at 92: addr 0x506800500 idx 0 fmt 1 regoff 0x0 n 3 (table contents not committed)
  load op 63 at 97: addr 0x5067ff500 idx 0 fmt 1 regoff 0x0 n 3 (table contents not committed)
  load op 9f at 212: addr 0xfe0040068 idx 0 fmt 1 regoff 0x0 n 921 (table contents not committed)
  load op 9f at 219: addr 0x506801940 idx 0 fmt 1 regoff 0x0 n 70 (table contents not committed)
  load op 63 at 224: addr 0x908e5ff90 idx 0 fmt 1 regoff 0x0 n 6 (table contents not committed)
  load op 9f at 229: addr 0x908e5ffc0 idx 0 fmt 1 regoff 0x0 n 10 (table contents not committed)
  load op 63 at 234: addr 0x908e5f7d0 idx 0 fmt 1 regoff 0x0 n 6 (table contents not committed)
  load op 9f at 239: addr 0x908e5f800 idx 0 fmt 1 regoff 0x0 n 9 (table contents not committed)
  load op 64 at 244: addr 0x506800518 idx 0 fmt 1 regoff 0x0 n 5 (table contents not committed)
  load op 9f at 340: addr 0x506801b70 idx 0 fmt 1 regoff 0x0 n 131 (table contents not committed)
  load op 64 at 347: addr 0x506800540 idx 0 fmt 1 regoff 0x0 n 1 (table contents not committed)
  load op 9f at 379: addr 0xfe0040068 idx 0 fmt 1 regoff 0x0 n 921 (table contents not committed)
  load op 9f at 386: addr 0x506801f88 idx 0 fmt 1 regoff 0x0 n 70 (table contents not committed)
  load op 63 at 391: addr 0x908e5ff90 idx 0 fmt 1 regoff 0x0 n 6 (table contents not committed)
  load op 9f at 396: addr 0x908e5ffc0 idx 0 fmt 1 regoff 0x0 n 10 (table contents not committed)
  load op 63 at 401: addr 0x908e5f7d0 idx 0 fmt 1 regoff 0x0 n 6 (table contents not committed)
  load op 9f at 406: addr 0x908e5f800 idx 0 fmt 1 regoff 0x0 n 9 (table contents not committed)
  load op 64 at 411: addr 0x506800548 idx 0 fmt 1 regoff 0x0 n 5 (table contents not committed)
  load op 9f at 548: addr 0x5068021b8 idx 0 fmt 1 regoff 0x0 n 98 (table contents not committed)
  load op 64 at 555: addr 0x506800570 idx 0 fmt 1 regoff 0x0 n 1 (table contents not committed)
  load op 9f at 560: addr 0x5067fe500 idx 0 fmt 1 regoff 0x0 n 33 (table contents not committed)
  load op 9f at 592: addr 0xfe0040068 idx 0 fmt 1 regoff 0x0 n 921 (table contents not committed)
  load op 9f at 599: addr 0x5067fe608 idx 0 fmt 1 regoff 0x0 n 70 (table contents not committed)
  load op 63 at 604: addr 0x908e5ff90 idx 0 fmt 1 regoff 0x0 n 6 (table contents not committed)
  load op 9f at 609: addr 0x908e5ffc0 idx 0 fmt 1 regoff 0x0 n 10 (table contents not committed)
  load op 63 at 614: addr 0x908e5f7d0 idx 0 fmt 1 regoff 0x0 n 6 (table contents not committed)
  load op 9f at 619: addr 0x908e5f800 idx 0 fmt 1 regoff 0x0 n 9 (table contents not committed)
  load op 64 at 624: addr 0x506800578 idx 0 fmt 1 regoff 0x0 n 5 (table contents not committed)
submit #323 dcb 798 dwords at 0x506202500: pass 103 rewrite 35 drop 22 unmapped 0 cc 6 mappings 1140 ... OK rc 0 18.68 ms
timing: #323 done at t 48.674 s, 371.3 ms after the sync and hints
state stack #323: push 3 pop 3 conditional 1 unmatched 0; restored 2763 regs (+2811 dwords); tables 17, unreadable 0
timing: t 48.675 s acb 463 dwords: sync 11.3 ms, hints 0.0 ms
submit #324 acb 463 dwords at 0x4003e6740: pass 43 rewrite 11 drop 27 unmapped 0 cc 0 mappings 1140 ... OK rc 0 18.71 ms
timing: #324 done at t 48.709 s, 22.8 ms after the sync and hints
acb head: 1287 of 1336 dwords go ahead of the wait at 1287 on 0x400202380
timing: t 48.710 s dcb 1248 dwords: sync 11.7 ms, hints 0.2 ms
  load op 9f at 36: addr 0xfe0040068 idx 0 fmt 1 regoff 0x0 n 921 (table contents not committed)
  load op 63 at 41: addr 0xfe0042068 idx 0 fmt 1 regoff 0x0 n 174 (table contents not committed)
  load op 64 at 46: addr 0xfe00425d8 idx 0 fmt 1 regoff 0x0 n 57 (table contents not committed)
  load op 9f at 88: addr 0x504e01500 idx 0 fmt 1 regoff 0x0 n 5 (table contents not committed)
  load op 64 at 93: addr 0x504e00500 idx 0 fmt 1 regoff 0x0 n 2 (table contents not committed)
  load op 63 at 98: addr 0x504dff500 idx 0 fmt 1 regoff 0x0 n 3 (table contents not committed)
  load op 9f at 756: addr 0xfe0040068 idx 0 fmt 1 regoff 0x0 n 921 (table contents not committed)
  load op 9f at 763: addr 0x504e01528 idx 0 fmt 1 regoff 0x0 n 74 (table contents not committed)
  load op 63 at 768: addr 0x908e5ff90 idx 0 fmt 1 regoff 0x0 n 6 (table contents not committed)
  load op 9f at 773: addr 0x908e5ffc0 idx 0 fmt 1 regoff 0x0 n 10 (table contents not committed)
  load op 64 at 778: addr 0x504e00510 idx 0 fmt 1 regoff 0x0 n 5 (table contents not committed)
  load op 9f at 901: addr 0xfe0040068 idx 0 fmt 1 regoff 0x0 n 921 (table contents not committed)
  load op 9f at 908: addr 0x504e01778 idx 0 fmt 1 regoff 0x0 n 74 (table contents not committed)
  load op 63 at 913: addr 0x908e5ff90 idx 0 fmt 1 regoff 0x0 n 6 (table contents not committed)
  load op 9f at 918: addr 0x908e5ffc0 idx 0 fmt 1 regoff 0x0 n 10 (table contents not committed)
  load op 64 at 923: addr 0x504e00538 idx 0 fmt 1 regoff 0x0 n 5 (table contents not committed)
  load op 9f at 1046: addr 0xfe0040068 idx 0 fmt 1 regoff 0x0 n 921 (table contents not committed)
  load op 9f at 1053: addr 0x504e019c8 idx 0 fmt 1 regoff 0x0 n 74 (table contents not committed)
  load op 63 at 1058: addr 0x908e5ff90 idx 0 fmt 1 regoff 0x0 n 6 (table contents not committed)
  load op 9f at 1063: addr 0x908e5ffc0 idx 0 fmt 1 regoff 0x0 n 10 (table contents not committed)
  load op 64 at 1068: addr 0x504e00560 idx 0 fmt 1 regoff 0x0 n 5 (table contents not committed)
submit #325 dcb 1248 dwords at 0x504a02500: pass 151 rewrite 46 drop 45 unmapped 0 cc 6 mappings 1140 ... OK rc 0 18.37 ms
timing: #325 done at t 48.972 s, 249.5 ms after the sync and hints
state stack #325: push 3 pop 3 conditional 1 unmatched 0; restored 2763 regs (+2811 dwords); tables 11, unreadable 0
flip 1/0 buffer 0x507410000 +0x1fe0000: sum 0x17ea65194594 nonzero 8100/8160 pattern 0
  target CB0 0x5093f0000: distinct 53 min 0xc0000000 max 0xc340d034,   target CB0 0x5093f0000: nonzero 1024/1024
  target CB0 0x563800000: distinct 1 min 0x00000000 max 0x00000000,   target CB0 0x563800000: nonzero 0/1024
  target CB0 0x55c00d000: distinct 4 min 0x00000000 max 0xffffffff,   target CB0 0x55c00d000: nonzero 147/1024
  target CB0 0x5637f0000: distinct 1 min 0x00000000 max 0x00000000,   target CB0 0x5637f0000: nonzero 0/1024
  target CB0 0x519df0000: distinct 1 min 0x38003800 max 0x38003800,   target CB0 0x519df0000: nonzero 1024/1024
  target CB0 0x570e65000: distinct 12 min 0x00000000 max 0xffffffff,   target CB0 0x570e65000: nonzero 129/1024
  target DB_HTILE 0x516870000: distinct 3 min 0x00000000 max 0xfffffff0,   target DB_HTILE 0x516870000: nonzero 80/1024
  target DB_Z_READ 0x5157a0000: distinct 1 min 0x3f800000 max 0x3f800000,   target DB_Z_READ 0x5157a0000: nonzero 1024/1024
timing: t 48.973 s acb 1287 dwords: sync 12.1 ms, hints 0.1 ms
  target DB_STENCIL_READ 0x5164b0000: distinct 3 min 0x00000000 max 0xfffffff0,   target DB_STENCIL_READ 0x5164b0000: nonzero 881/1024
  target CB0 0x511650000: distinct 1 min 0x00000000 max 0x00000000, submit #326 acb 1287 dwords at 0x400205540: pass 118 rewrite 35 drop 63 unmapped 0 cc 0 mappings 1140 ...   target CB0 0x511650000: nonzero 0/1024
  target CB0 0x570e08000: distinct 13 min 0x00000000 max 0xffffffff,   target CB0 0x570e08000: nonzero 177/1024
  target CB0 0x570e11000: distinct 13 min 0x00000000 max 0xffffffff,   target CB0 0x570e11000: nonzero 168/1024
  target CB0 0x513d80000: distinct 1 min 0x00000000 max 0x00000000,   target CB0 0x513d80000: nonzero 0/1024
  target CB0 0x570e3e000: distinct 12 min 0x00000000 max 0xffffffff,   target CB0 0x570e3e000: nonzero 138/1024
  target DB_HTILE 0x55c050000: distinct 3 min 0x00000000 max 0xffffffff,   target DB_HTILE 0x55c050000: nonzero 144/1024
  target DB_Z_READ 0x527430000: distinct 1 min 0xffffffff max 0xffffffff,   target DB_Z_READ 0x527430000: nonzero 1024/1024
timing: t 48.999 s flip 1/0, VideoOutSubmitFlip took 0.0 ms
OK rc 0 19.16 ms
timing: #326 done at t 49.010 s, 24.9 ms after the sync and hints
cpu-wait WAIT_REG_MEM64 at 115 on 0x400201d40: satisfied after 0.0 ms
timing: t 49.012 s after that wait (dcb 9774 dwords)
cpu-wait WAIT_REG_MEM64 at 1629 on 0x400201840: satisfied after 0.0 ms
timing: t 49.013 s after that wait (dcb 9774 dwords)
cpu-wait WAIT_REG_MEM64 at 9223 on 0x559cd49a53d0: satisfied after 0.0 ms
timing: t 49.014 s after that wait (dcb 9774 dwords)
timing: t 49.015 s dcb 9774 dwords: sync 11.4 ms, hints 0.3 ms
  indirect op 16 at 1246: base 0x5074063c0 +0x0 -> 1 1 1 0 0
  indirect op 16 at 1278: base 0x5074063e0 +0x0 -> 1 1 1 0 0
  indirect op 16 at 1310: base 0x50740a520 +0x0 -> 1 1 1 0 0
  indirect op 16 at 1342: base 0x50740a540 +0x0 -> 1 1 1 0 0
  indirect op 25 at 4584: base 0x56ddaffa0 +0x0 -> 1 512 0 0 0
  load op 9f at 28: addr 0xfe0040068 idx 0 fmt 1 regoff 0x0 n 921 (table contents not committed)
  load op 63 at 33: addr 0xfe0042068 idx 0 fmt 1 regoff 0x0 n 174 (table contents not committed)
  load op 64 at 38: addr 0xfe00425d8 idx 0 fmt 1 regoff 0x0 n 57 (table contents not committed)
  load op 9f at 80: addr 0x502701500 idx 0 fmt 1 regoff 0x0 n 295 (table contents not committed)
  load op 64 at 85: addr 0x502700500 idx 0 fmt 1 regoff 0x0 n 7 (table contents not committed)
  load op 63 at 90: addr 0x5026ff500 idx 0 fmt 1 regoff 0x0 n 13 (table contents not committed)
  load op 63 at 342: addr 0x5026ff568 idx 0 fmt 1 regoff 0x0 n 10 (table contents not committed)
  load op 63 at 734: addr 0x5026ff5b8 idx 0 fmt 1 regoff 0x0 n 18 (table contents not committed)
  load op 63 at 1217: addr 0x5026ff648 idx 0 fmt 1 regoff 0x0 n 10 (table contents not committed)
  load op 63 at 1249: addr 0x5026ff698 idx 0 fmt 1 regoff 0x0 n 10 (table contents not committed)
  load op 63 at 1281: addr 0x5026ff6e8 idx 0 fmt 1 regoff 0x0 n 10 (table contents not committed)
  load op 63 at 1313: addr 0x5026ff738 idx 0 fmt 1 regoff 0x0 n 10 (table contents not committed)
  load op 9f at 1724: addr 0xfe0040068 idx 0 fmt 1 regoff 0x0 n 921 (table contents not committed)
  load op 9f at 1731: addr 0x502701e38 idx 0 fmt 1 regoff 0x0 n 74 (table contents not committed)
  load op 63 at 1736: addr 0x908e5ff90 idx 0 fmt 1 regoff 0x0 n 6 (table contents not committed)
  load op 9f at 1741: addr 0x908e5ffc0 idx 0 fmt 1 regoff 0x0 n 10 (table contents not committed)
  load op 64 at 1746: addr 0x502700538 idx 0 fmt 1 regoff 0x0 n 5 (table contents not committed)
  load op 9f at 1799: addr 0x502702088 idx 0 fmt 1 regoff 0x0 n 132 (table contents not committed)
  load op 63 at 1804: addr 0x5026ff788 idx 0 fmt 1 regoff 0x0 n 30 (table contents not committed)
  load op 64 at 1884: addr 0x502700560 idx 0 fmt 1 regoff 0x0 n 5 (table contents not committed)
  load op 9f at 1891: addr 0x5026fd440 idx 0 fmt 1 regoff 0x0 n 175 (table contents not committed)
  load op 63 at 2106: addr 0x5026ff878 idx 0 fmt 1 regoff 0x0 n 20 (table contents not committed)
  load op 9f at 3069: addr 0xfe0040068 idx 0 fmt 1 regoff 0x0 n 921 (table contents not committed)
  load op 9f at 3076: addr 0x5026fd9b8 idx 0 fmt 1 regoff 0x0 n 70 (table contents not committed)
  load op 63 at 3081: addr 0x908e5ff90 idx 0 fmt 1 regoff 0x0 n 6 (table contents not committed)
  load op 9f at 3086: addr 0x908e5ffc0 idx 0 fmt 1 regoff 0x0 n 10 (table contents not committed)
  load op 63 at 3091: addr 0x908e5f7d0 idx 0 fmt 1 regoff 0x0 n 6 (table contents not committed)
  load op 9f at 3096: addr 0x908e5f800 idx 0 fmt 1 regoff 0x0 n 9 (table contents not committed)
  load op 64 at 3101: addr 0x502700588 idx 0 fmt 1 regoff 0x0 n 5 (table contents not committed)
  load op 9f at 3140: addr 0x5026fdbe8 idx 0 fmt 1 regoff 0x0 n 19 (table contents not committed)
  load op 63 at 3145: addr 0x5026ff918 idx 0 fmt 1 regoff 0x0 n 12 (table contents not committed)
  load op 9f at 3268: addr 0xfe0040068 idx 0 fmt 1 regoff 0x0 n 921 (table contents not committed)
  load op 9f at 3275: addr 0x5026fdc80 idx 0 fmt 1 regoff 0x0 n 74 (table contents not committed)
  load op 63 at 3280: addr 0x908e5ff90 idx 0 fmt 1 regoff 0x0 n 6 (table contents not committed)
  load op 9f at 3285: addr 0x908e5ffc0 idx 0 fmt 1 regoff 0x0 n 10 (table contents not committed)
  load op 64 at 3290: addr 0x5027005b0 idx 0 fmt 1 regoff 0x0 n 5 (table contents not committed)
  load op 9f at 3329: addr 0x5026fded0 idx 0 fmt 1 regoff 0x0 n 166 (table contents not committed)
  load op 63 at 3334: addr 0x5026ff978 idx 0 fmt 1 regoff 0x0 n 30 (table contents not committed)
  load op 64 at 3430: addr 0x5027005d8 idx 0 fmt 1 regoff 0x0 n 5 (table contents not committed)
  load op 9f at 3437: addr 0x5026fc320 idx 0 fmt 1 regoff 0x0 n 135 (table contents not committed)
  load op 63 at 3675: addr 0x5026ffa68 idx 0 fmt 1 regoff 0x0 n 36 (table contents not committed)
  load op 64 at 4540: addr 0x502700600 idx 0 fmt 1 regoff 0x0 n 6 (table contents not committed)
  load op 9f at 4545: addr 0x5026fc758 idx 0 fmt 1 regoff 0x0 n 376 (table contents not committed)
  load op 9f at 4552: addr 0x5026fb118 idx 0 fmt 1 regoff 0x0 n 205 (table contents not committed)
  load op 9f at 4853: addr 0xfe0040068 idx 0 fmt 1 regoff 0x0 n 921 (table contents not committed)
  load op 9f at 4860: addr 0x5026fb780 idx 0 fmt 1 regoff 0x0 n 74 (table contents not committed)
  load op 63 at 4865: addr 0x908e5ff90 idx 0 fmt 1 regoff 0x0 n 6 (table contents not committed)
  load op 9f at 4870: addr 0x908e5ffc0 idx 0 fmt 1 regoff 0x0 n 10 (table contents not committed)
  load op 64 at 4875: addr 0x502700630 idx 0 fmt 1 regoff 0x0 n 5 (table contents not committed)
  load op 63 at 4914: addr 0x5026ffb88 idx 0 fmt 1 regoff 0x0 n 21 (table contents not committed)
  load op 9f at 4925: addr 0x5026fb9d0 idx 0 fmt 1 regoff 0x0 n 223 (table contents not committed)
  load op 63 at 5714: addr 0x5026ffc30 idx 0 fmt 1 regoff 0x0 n 10 (table contents not committed)
  load op 63 at 5831: addr 0x5026ffc80 idx 0 fmt 1 regoff 0x0 n 28 (table contents not committed)
  load op 64 at 5910: addr 0x502700658 idx 0 fmt 1 regoff 0x0 n 5 (table contents not committed)
  load op 9f at 5917: addr 0x5026f9e30 idx 0 fmt 1 regoff 0x0 n 67 (table contents not committed)
  load op 9f at 6045: addr 0x5026fa048 idx 0 fmt 1 regoff 0x0 n 121 (table contents not committed)
  load op 63 at 6050: addr 0x5026ffd60 idx 0 fmt 1 regoff 0x0 n 18 (table contents not committed)
  load op 64 at 6055: addr 0x502700680 idx 0 fmt 1 regoff 0x0 n 3 (table contents not committed)
  load op 9f at 6204: addr 0x5026fa410 idx 0 fmt 1 regoff 0x0 n 121 (table contents not committed)
  load op 63 at 6209: addr 0x5026ffdf0 idx 0 fmt 1 regoff 0x0 n 18 (table contents not committed)
  load op 64 at 6214: addr 0x502700698 idx 0 fmt 1 regoff 0x0 n 3 (table contents not committed)
  load op 63 at 6578: addr 0x5026ffe80 idx 0 fmt 1 regoff 0x0 n 10 (table contents not committed)
  load op 9f at 7058: addr 0x5026fa7d8 idx 0 fmt 1 regoff 0x0 n 195 (table contents not committed)
  load op 9f at 7063: addr 0x5026f8d80 idx 0 fmt 1 regoff 0x0 n 85 (table contents not committed)
  load op 63 at 7068: addr 0x5026ffed0 idx 0 fmt 1 regoff 0x0 n 18 (table contents not committed)
  load op 64 at 7073: addr 0x5027006b0 idx 0 fmt 1 regoff 0x0 n 3 (table contents not committed)
  load op 9f at 7186: addr 0x5026f9028 idx 0 fmt 1 regoff 0x0 n 129 (table contents not committed)
  load op 63 at 7191: addr 0x5026fff60 idx 0 fmt 1 regoff 0x0 n 18 (table contents not committed)
  load op 64 at 7196: addr 0x5027006c8 idx 0 fmt 1 regoff 0x0 n 3 (table contents not committed)
  load op 9f at 7309: addr 0x5026f9430 idx 0 fmt 1 regoff 0x0 n 129 (table contents not committed)
  load op 63 at 7314: addr 0x5026ffff0 idx 0 fmt 1 regoff 0x0 n 18 (table contents not committed)
  load op 64 at 7319: addr 0x5027006e0 idx 0 fmt 1 regoff 0x0 n 3 (table contents not committed)
  load op 9f at 7432: addr 0x5026f9838 idx 0 fmt 1 regoff 0x0 n 58 (table contents not committed)
  load op 9f at 7537: addr 0x5026f9a08 idx 0 fmt 1 regoff 0x0 n 66 (table contents not committed)
  load op 9f at 7642: addr 0x5026f9c18 idx 0 fmt 1 regoff 0x0 n 37 (table contents not committed)
  load op 9f at 7647: addr 0x5026f7300 idx 0 fmt 1 regoff 0x0 n 21 (table contents not committed)
  load op 9f at 7752: addr 0x5026f73a8 idx 0 fmt 1 regoff 0x0 n 66 (table contents not committed)
  load op 9f at 7857: addr 0x5026f75b8 idx 0 fmt 1 regoff 0x0 n 58 (table contents not committed)
  load op 9f at 7962: addr 0x5026f7788 idx 0 fmt 1 regoff 0x0 n 130 (table contents not committed)
  load op 63 at 7967: addr 0x502700080 idx 0 fmt 1 regoff 0x0 n 18 (table contents not committed)
  load op 64 at 7972: addr 0x5027006f8 idx 0 fmt 1 regoff 0x0 n 3 (table contents not committed)
  load op 9f at 8099: addr 0x5026f7b98 idx 0 fmt 1 regoff 0x0 n 135 (table contents not committed)
  load op 63 at 8104: addr 0x502700110 idx 0 fmt 1 regoff 0x0 n 18 (table contents not committed)
  load op 64 at 8109: addr 0x502700710 idx 0 fmt 1 regoff 0x0 n 3 (table contents not committed)
  load op 63 at 8687: addr 0x5027001a0 idx 0 fmt 1 regoff 0x0 n 28 (table contents not committed)
  load op 64 at 9264: addr 0x502700728 idx 0 fmt 1 regoff 0x0 n 5 (table contents not committed)
  load op 9f at 9269: addr 0x5026f7fd0 idx 0 fmt 1 regoff 0x0 n 97 (table contents not committed)
  load op 9f at 9276: addr 0x5026f5868 idx 0 fmt 1 regoff 0x0 n 183 (table contents not committed)
submit #327 dcb 9774 dwords at 0x502002500: pass 651 rewrite 493 drop 432 unmapped 1 cc 8 mappings 1140 ... OK rc 0 21.93 ms
timing: #327 done at t 50.084 s, 1057.2 ms after the sync and hints
state stack #327: push 4 pop 4 conditional 1 unmatched 0; restored 3684 regs (+3748 dwords); tables 40, unreadable 0
timing: t 50.085 s acb 2 dwords: sync 12.1 ms, hints 0.0 ms
submit #328 acb 2 dwords at 0xfe003a200: pass 1 rewrite 0 drop 0 unmapped 0 cc 0 mappings 1140 ... OK rc 0 18.53 ms
timing: #328 done at t 50.120 s, 22.7 ms after the sync and hints
cpu-wait WAIT_REG_MEM64 at 0 on 0x400202380: satisfied after 0.0 ms
timing: t 50.122 s after that wait (acb 49 dwords)
timing: t 50.121 s cc 3 dwords: sync 11.5 ms, hints 0.0 ms
submit #329 cc 3 dwords at 0x313b17cf4: pass 0 rewrite 1 drop 0 unmapped 0 cc 1 mappings 1140 ... OK rc 0 18.82 ms
timing: #329 done at t 50.156 s, 23.0 ms after the sync and hints
timing: t 50.156 s acb 49 dwords: sync 11.9 ms, hints 0.0 ms
submit #330 acb 49 dwords at 0x40020695c: pass 2 rewrite 3 drop 3 unmapped 0 cc 0 mappings 1140 ... OK rc 0 18.47 ms
timing: #330 done at t 50.191 s, 22.7 ms after the sync and hints
timing: t 50.192 s hib 150 dwords: sync 11.8 ms, hints 0.1 ms
  load op 61 at 10: base 0xfe0008000 pairs (0x0,215) (0xd8,272) (0x1f5,4) (0x1ff,158) (0x2a0,2) (0x2a3,1) (0x2a5,66) (0x2f5,203)
  load op 5f at 29: base 0xfe0010000 pairs (0x1,1) (0x6,38) (0x32,4) (0x80,4) (0x87,37) (0xb2,4) (0xc8,2) (0x100,4) (0x107,37) (0x132,4) (0x148,2) (0x204,3) (0x20c,2) (0x212,2) (0x215,6) (0x224,5) (0x22a,1) (0x240,16) (0x27d,1) (0x280,1) (0x207,3)
  load op 5e at 74: base 0xfe0011000 pairs (0x35,8) (0xa2,1) (0x242,1) (0x248,1) (0x24a,2) (0x25b,6) (0x262,1) (0x2bb,5) (0x2c4,16) (0x2e4,8) (0x380,2) (0x383,2) (0x41d,3) (0x24d,1)
  load op 61 at 105: base 0xfe0008000 pairs (0x0,0)
  load op 5f at 110: base 0xfe0010000 pairs (0x0,0)
  load op 5e at 115: base 0xfe0011000 pairs (0x0,0)
  load op 61 at 125: base 0xfe0008000 pairs (0x0,0)
  load op 5f at 130: base 0xfe0010000 pairs (0x0,0)
  load op 5e at 135: base 0xfe0011000 pairs (0x0,0)
submit #331 hib 150 dwords at 0xfe0000000: pass 12 rewrite 2 drop 2 unmapped 0 cc 2 mappings 1140 ... OK rc 0 21.28 ms
timing: #331 done at t 50.280 s, 76.2 ms after the sync and hints
timing: t 50.281 s hib 2 dwords: sync 11.7 ms, hints 0.0 ms
submit #332 hib 2 dwords at 0xfe003a200: pass 1 rewrite 0 drop 0 unmapped 0 cc 0 mappings 1140 ... OK rc 0 18.66 ms
timing: #332 done at t 50.315 s, 22.9 ms after the sync and hints
timing: t 50.316 s dcb 96 dwords: sync 11.3 ms, hints 0.1 ms
  load op 9f at 38: addr 0xfe0040068 idx 0 fmt 1 regoff 0x0 n 921 (table contents not committed)
  load op 63 at 43: addr 0xfe0042068 idx 0 fmt 1 regoff 0x0 n 174 (table contents not committed)
  load op 64 at 48: addr 0xfe00425d8 idx 0 fmt 1 regoff 0x0 n 49 (table contents not committed)
submit #333 dcb 96 dwords at 0xfe0042920: pass 20 rewrite 2 drop 2 unmapped 0 cc 0 mappings 1140 ... OK rc 0 18.42 ms
timing: #333 done at t 50.390 s, 61.9 ms after the sync and hints
timing: t 50.390 s dcb 2647 dwords: sync 11.3 ms, hints 0.2 ms
  load op 9f at 36: addr 0xfe0040068 idx 0 fmt 1 regoff 0x0 n 921 (table contents not committed)
  load op 63 at 41: addr 0xfe0042068 idx 0 fmt 1 regoff 0x0 n 174 (table contents not committed)
  load op 64 at 46: addr 0xfe00425d8 idx 0 fmt 1 regoff 0x0 n 57 (table contents not committed)
  load op 9f at 88: addr 0x504301500 idx 0 fmt 1 regoff 0x0 n 136 (table contents not committed)
  load op 64 at 93: addr 0x504300500 idx 0 fmt 1 regoff 0x0 n 3 (table contents not committed)
  load op 63 at 98: addr 0x5042ff500 idx 0 fmt 1 regoff 0x0 n 3 (table contents not committed)
  load op 9f at 1541: addr 0xfe0040068 idx 0 fmt 1 regoff 0x0 n 921 (table contents not committed)
  load op 9f at 1548: addr 0x504301940 idx 0 fmt 1 regoff 0x0 n 70 (table contents not committed)
  load op 63 at 1553: addr 0x908e5ff90 idx 0 fmt 1 regoff 0x0 n 6 (table contents not committed)
  load op 9f at 1558: addr 0x908e5ffc0 idx 0 fmt 1 regoff 0x0 n 10 (table contents not committed)
  load op 63 at 1563: addr 0x908e5f7d0 idx 0 fmt 1 regoff 0x0 n 6 (table contents not committed)
  load op 9f at 1568: addr 0x908e5f800 idx 0 fmt 1 regoff 0x0 n 9 (table contents not committed)
  load op 64 at 1573: addr 0x504300518 idx 0 fmt 1 regoff 0x0 n 5 (table contents not committed)
  load op 9f at 1691: addr 0x504301b70 idx 0 fmt 1 regoff 0x0 n 131 (table contents not committed)
  load op 64 at 1698: addr 0x504300540 idx 0 fmt 1 regoff 0x0 n 1 (table contents not committed)
  load op 9f at 1730: addr 0xfe0040068 idx 0 fmt 1 regoff 0x0 n 921 (table contents not committed)
  load op 9f at 1737: addr 0x504301f88 idx 0 fmt 1 regoff 0x0 n 70 (table contents not committed)
  load op 63 at 1742: addr 0x908e5ff90 idx 0 fmt 1 regoff 0x0 n 6 (table contents not committed)
  load op 9f at 1747: addr 0x908e5ffc0 idx 0 fmt 1 regoff 0x0 n 10 (table contents not committed)
  load op 63 at 1752: addr 0x908e5f7d0 idx 0 fmt 1 regoff 0x0 n 6 (table contents not committed)
  load op 9f at 1757: addr 0x908e5f800 idx 0 fmt 1 regoff 0x0 n 9 (table contents not committed)
  load op 64 at 1762: addr 0x504300548 idx 0 fmt 1 regoff 0x0 n 5 (table contents not committed)
  load op 63 at 1858: addr 0x5042ff518 idx 0 fmt 1 regoff 0x0 n 10 (table contents not committed)
  load op 63 at 2049: addr 0x5042ff568 idx 0 fmt 1 regoff 0x0 n 28 (table contents not committed)
  load op 64 at 2123: addr 0x504300570 idx 0 fmt 1 regoff 0x0 n 5 (table contents not committed)
  load op 9f at 2130: addr 0x5043021b8 idx 0 fmt 1 regoff 0x0 n 96 (table contents not committed)
  load op 9f at 2135: addr 0x5042fe390 idx 0 fmt 1 regoff 0x0 n 194 (table contents not committed)
submit #334 dcb 2647 dwords at 0x503c02500: pass 236 rewrite 123 drop 120 unmapped 0 cc 4 mappings 1140 ... OK rc 0 18.55 ms
timing: #334 done at t 50.724 s, 321.9 ms after the sync and hints
state stack #334: push 2 pop 2 conditional 1 unmatched 0; restored 1842 regs (+1874 dwords); tables 13, unreadable 0
timing: t 50.726 s dcb 851 dwords: sync 11.2 ms, hints 0.1 ms
  load op 9f at 38: addr 0xfe0040068 idx 0 fmt 1 regoff 0x0 n 921 (table contents not committed)
  load op 63 at 43: addr 0xfe0042068 idx 0 fmt 1 regoff 0x0 n 174 (table contents not committed)
  load op 64 at 48: addr 0xfe00425d8 idx 0 fmt 1 regoff 0x0 n 57 (table contents not committed)
  load op 9f at 90: addr 0x505e01500 idx 0 fmt 1 regoff 0x0 n 5 (table contents not committed)
  load op 64 at 95: addr 0x505e00500 idx 0 fmt 1 regoff 0x0 n 2 (table contents not committed)
  load op 63 at 100: addr 0x505dff500 idx 0 fmt 1 regoff 0x0 n 3 (table contents not committed)
submit #335 dcb 851 dwords at 0x505a02500: pass 47 rewrite 55 drop 45 unmapped 0 cc 0 mappings 1140 ... OK rc 0 18.22 ms
timing: #335 done at t 50.815 s, 78.6 ms after the sync and hints
timing: t 50.816 s acb 2 dwords: sync 11.9 ms, hints 0.0 ms
submit #336 acb 2 dwords at 0xfe003a200: pass 1 rewrite 0 drop 0 unmapped 0 cc 0 mappings 1140 ... OK rc 0 18.35 ms
timing: #336 done at t 50.851 s, 22.5 ms after the sync and hints
cpu-wait WAIT_REG_MEM64 at 87 on 0x400202d80: satisfied after 0.0 ms
timing: t 50.852 s after that wait (acb 463 dwords)
timing: t 50.852 s dcb 798 dwords: sync 11.3 ms, hints 0.2 ms
  load op 9f at 35: addr 0xfe0040068 idx 0 fmt 1 regoff 0x0 n 921 (table contents not committed)
  load op 63 at 40: addr 0xfe0042068 idx 0 fmt 1 regoff 0x0 n 174 (table contents not committed)
  load op 64 at 45: addr 0xfe00425d8 idx 0 fmt 1 regoff 0x0 n 57 (table contents not committed)
  load op 9f at 87: addr 0x506e01500 idx 0 fmt 1 regoff 0x0 n 136 (table contents not committed)
  load op 64 at 92: addr 0x506e00500 idx 0 fmt 1 regoff 0x0 n 3 (table contents not committed)
  load op 63 at 97: addr 0x506dff500 idx 0 fmt 1 regoff 0x0 n 3 (table contents not committed)
  load op 9f at 212: addr 0xfe0040068 idx 0 fmt 1 regoff 0x0 n 921 (table contents not committed)
  load op 9f at 219: addr 0x506e01940 idx 0 fmt 1 regoff 0x0 n 70 (table contents not committed)
  load op 63 at 224: addr 0x908e5ff90 idx 0 fmt 1 regoff 0x0 n 6 (table contents not committed)
  load op 9f at 229: addr 0x908e5ffc0 idx 0 fmt 1 regoff 0x0 n 10 (table contents not committed)
  load op 63 at 234: addr 0x908e5f7d0 idx 0 fmt 1 regoff 0x0 n 6 (table contents not committed)
  load op 9f at 239: addr 0x908e5f800 idx 0 fmt 1 regoff 0x0 n 9 (table contents not committed)
  load op 64 at 244: addr 0x506e00518 idx 0 fmt 1 regoff 0x0 n 5 (table contents not committed)
  load op 9f at 340: addr 0x506e01b70 idx 0 fmt 1 regoff 0x0 n 131 (table contents not committed)
  load op 64 at 347: addr 0x506e00540 idx 0 fmt 1 regoff 0x0 n 1 (table contents not committed)
  load op 9f at 379: addr 0xfe0040068 idx 0 fmt 1 regoff 0x0 n 921 (table contents not committed)
  load op 9f at 386: addr 0x506e01f88 idx 0 fmt 1 regoff 0x0 n 70 (table contents not committed)
  load op 63 at 391: addr 0x908e5ff90 idx 0 fmt 1 regoff 0x0 n 6 (table contents not committed)
  load op 9f at 396: addr 0x908e5ffc0 idx 0 fmt 1 regoff 0x0 n 10 (table contents not committed)
  load op 63 at 401: addr 0x908e5f7d0 idx 0 fmt 1 regoff 0x0 n 6 (table contents not committed)
  load op 9f at 406: addr 0x908e5f800 idx 0 fmt 1 regoff 0x0 n 9 (table contents not committed)
  load op 64 at 411: addr 0x506e00548 idx 0 fmt 1 regoff 0x0 n 5 (table contents not committed)
  load op 9f at 548: addr 0x506e021b8 idx 0 fmt 1 regoff 0x0 n 98 (table contents not committed)
  load op 64 at 555: addr 0x506e00570 idx 0 fmt 1 regoff 0x0 n 1 (table contents not committed)
  load op 9f at 560: addr 0x506dfe500 idx 0 fmt 1 regoff 0x0 n 33 (table contents not committed)
  load op 9f at 592: addr 0xfe0040068 idx 0 fmt 1 regoff 0x0 n 921 (table contents not committed)
  load op 9f at 599: addr 0x506dfe608 idx 0 fmt 1 regoff 0x0 n 70 (table contents not committed)
  load op 63 at 604: addr 0x908e5ff90 idx 0 fmt 1 regoff 0x0 n 6 (table contents not committed)
  load op 9f at 609: addr 0x908e5ffc0 idx 0 fmt 1 regoff 0x0 n 10 (table contents not committed)
  load op 63 at 614: addr 0x908e5f7d0 idx 0 fmt 1 regoff 0x0 n 6 (table contents not committed)
  load op 9f at 619: addr 0x908e5f800 idx 0 fmt 1 regoff 0x0 n 9 (table contents not committed)
  load op 64 at 624: addr 0x506e00578 idx 0 fmt 1 regoff 0x0 n 5 (table contents not committed)
submit #337 dcb 798 dwords at 0x506802500: pass 103 rewrite 35 drop 22 unmapped 0 cc 6 mappings 1140 ... OK rc 0 18.57 ms
timing: #337 done at t 51.230 s, 367.3 ms after the sync and hints
state stack #337: push 3 pop 3 conditional 1 unmatched 0; restored 2763 regs (+2811 dwords); tables 17, unreadable 0
timing: t 51.232 s acb 463 dwords: sync 11.7 ms, hints 0.0 ms
submit #338 acb 463 dwords at 0x4004867c0: pass 43 rewrite 11 drop 27 unmapped 0 cc 0 mappings 1140 ... OK rc 0 18.66 ms
timing: #338 done at t 51.266 s, 22.9 ms after the sync and hints
acb head: 1287 of 1336 dwords go ahead of the wait at 1287 on 0x400202f80
timing: t 51.267 s dcb 1248 dwords: sync 11.2 ms, hints 0.2 ms
  load op 9f at 36: addr 0xfe0040068 idx 0 fmt 1 regoff 0x0 n 921 (table contents not committed)
  load op 63 at 41: addr 0xfe0042068 idx 0 fmt 1 regoff 0x0 n 174 (table contents not committed)
  load op 64 at 46: addr 0xfe00425d8 idx 0 fmt 1 regoff 0x0 n 57 (table contents not committed)
  load op 9f at 88: addr 0x505201500 idx 0 fmt 1 regoff 0x0 n 5 (table contents not committed)
  load op 64 at 93: addr 0x505200500 idx 0 fmt 1 regoff 0x0 n 2 (table contents not committed)
  load op 63 at 98: addr 0x5051ff500 idx 0 fmt 1 regoff 0x0 n 3 (table contents not committed)
  load op 9f at 756: addr 0xfe0040068 idx 0 fmt 1 regoff 0x0 n 921 (table contents not committed)
  load op 9f at 763: addr 0x505201528 idx 0 fmt 1 regoff 0x0 n 74 (table contents not committed)
  load op 63 at 768: addr 0x908e5ff90 idx 0 fmt 1 regoff 0x0 n 6 (table contents not committed)
  load op 9f at 773: addr 0x908e5ffc0 idx 0 fmt 1 regoff 0x0 n 10 (table contents not committed)
  load op 64 at 778: addr 0x505200510 idx 0 fmt 1 regoff 0x0 n 5 (table contents not committed)
  load op 9f at 901: addr 0xfe0040068 idx 0 fmt 1 regoff 0x0 n 921 (table contents not committed)
  load op 9f at 908: addr 0x505201778 idx 0 fmt 1 regoff 0x0 n 74 (table contents not committed)
  load op 63 at 913: addr 0x908e5ff90 idx 0 fmt 1 regoff 0x0 n 6 (table contents not committed)
  load op 9f at 918: addr 0x908e5ffc0 idx 0 fmt 1 regoff 0x0 n 10 (table contents not committed)
  load op 64 at 923: addr 0x505200538 idx 0 fmt 1 regoff 0x0 n 5 (table contents not committed)
  load op 9f at 1046: addr 0xfe0040068 idx 0 fmt 1 regoff 0x0 n 921 (table contents not committed)
  load op 9f at 1053: addr 0x5052019c8 idx 0 fmt 1 regoff 0x0 n 74 (table contents not committed)
  load op 63 at 1058: addr 0x908e5ff90 idx 0 fmt 1 regoff 0x0 n 6 (table contents not committed)
  load op 9f at 1063: addr 0x908e5ffc0 idx 0 fmt 1 regoff 0x0 n 10 (table contents not committed)
  load op 64 at 1068: addr 0x505200560 idx 0 fmt 1 regoff 0x0 n 5 (table contents not committed)
submit #339 dcb 1248 dwords at 0x504e02500: pass 151 rewrite 46 drop 45 unmapped 0 cc 6 mappings 1140 ... OK rc 0 18.69 ms
timing: #339 done at t 51.531 s, 252.0 ms after the sync and hints
state stack #339: push 3 pop 3 conditional 1 unmatched 0; restored 2763 regs (+2811 dwords); tables 11, unreadable 0
flip 1/1 buffer 0x5093f0000 +0x1fe0000: sum 0x17ea65194594 nonzero 8100/8160 pattern 0
  target CB0 0x507410000: distinct 53 min 0xc0000000 max 0xc340d034,   target CB0 0x507410000: nonzero 1024/1024
  target CB0 0x563800000: distinct 1 min 0x00000000 max 0x00000000,   target CB0 0x563800000: nonzero 0/1024
  target CB0 0x55c00d000: distinct 4 min 0x00000000 max 0xffffffff,   target CB0 0x55c00d000: nonzero 147/1024
  target CB0 0x5637f0000: distinct 1 min 0x00000000 max 0x00000000,   target CB0 0x5637f0000: nonzero 0/1024
  target CB0 0x519df0000: distinct 1 min 0x38003800 max 0x38003800,   target CB0 0x519df0000: nonzero 1024/1024
  target CB0 0x570e65000: distinct 12 min 0x00000000 max 0xffffffff,   target CB0 0x570e65000: nonzero 129/1024
  target DB_HTILE 0x516870000: distinct 3 min 0x00000000 max 0xfffffff0,   target DB_HTILE 0x516870000: nonzero 80/1024
  target DB_Z_READ 0x5157a0000: distinct 1 min 0x3f800000 max 0x3f800000,   target DB_Z_READ 0x5157a0000: nonzero 1024/1024
timing: t 51.532 s acb 1287 dwords: sync 11.6 ms, hints 0.0 ms
  target DB_STENCIL_READ 0x5164b0000: distinct 3 min 0x00000000 max 0xfffffff0,   target DB_STENCIL_READ 0x5164b0000: nonzero 881/1024
  target CB0 0x511650000: distinct 1 min 0x00000000 max 0x00000000, submit #340 acb 1287 dwords at 0x4002a55c0: pass 118 rewrite 35 drop 63 unmapped 0 cc 0 mappings 1140 ...   target CB0 0x511650000: nonzero 0/1024
  target CB0 0x570e08000: distinct 13 min 0x00000000 max 0xffffffff,   target CB0 0x570e08000: nonzero 177/1024
  target CB0 0x570e11000: distinct 13 min 0x00000000 max 0xffffffff,   target CB0 0x570e11000: nonzero 168/1024
  target CB0 0x513d80000: distinct 1 min 0x00000000 max 0x00000000,   target CB0 0x513d80000: nonzero 0/1024
  target CB0 0x570e3e000: distinct 12 min 0x00000000 max 0xffffffff,   target CB0 0x570e3e000: nonzero 138/1024
  target DB_HTILE 0x55c050000: distinct 3 min 0x00000000 max 0xffffffff,   target DB_HTILE 0x55c050000: nonzero 144/1024
  target DB_Z_READ 0x527430000: distinct 1 min 0xffffffff max 0xffffffff,   target DB_Z_READ 0x527430000: nonzero 1024/1024
timing: t 51.558 s flip 1/1, VideoOutSubmitFlip took 0.0 ms
OK rc 0 19.38 ms
timing: #340 done at t 51.569 s, 25.6 ms after the sync and hints
cpu-wait WAIT_REG_MEM64 at 115 on 0x400202d40: satisfied after 0.0 ms
timing: t 51.571 s after that wait (dcb 9774 dwords)
cpu-wait WAIT_REG_MEM64 at 1629 on 0x400202dc0: satisfied after 0.0 ms
timing: t 51.573 s after that wait (dcb 9774 dwords)
cpu-wait WAIT_REG_MEM64 at 9223 on 0x559cd49a53d8: satisfied after 0.0 ms
timing: t 51.575 s after that wait (dcb 9774 dwords)
timing: t 51.576 s dcb 9774 dwords: sync 11.3 ms, hints 0.3 ms
  indirect op 16 at 1246: base 0x5074063c0 +0x0 -> 1 1 1 0 0
  indirect op 16 at 1278: base 0x5074063e0 +0x0 -> 1 1 1 0 0
  indirect op 16 at 1310: base 0x50740a520 +0x0 -> 1 1 1 0 0
  indirect op 16 at 1342: base 0x50740a540 +0x0 -> 1 1 1 0 0
  indirect op 25 at 4584: base 0x56ddaffa0 +0x0 -> 1 512 0 0 0
  load op 9f at 28: addr 0xfe0040068 idx 0 fmt 1 regoff 0x0 n 921 (table contents not committed)
  load op 63 at 33: addr 0xfe0042068 idx 0 fmt 1 regoff 0x0 n 174 (table contents not committed)
  load op 64 at 38: addr 0xfe00425d8 idx 0 fmt 1 regoff 0x0 n 57 (table contents not committed)
  load op 9f at 80: addr 0x502e01500 idx 0 fmt 1 regoff 0x0 n 295 (table contents not committed)
  load op 64 at 85: addr 0x502e00500 idx 0 fmt 1 regoff 0x0 n 7 (table contents not committed)
  load op 63 at 90: addr 0x502dff500 idx 0 fmt 1 regoff 0x0 n 13 (table contents not committed)
  load op 63 at 342: addr 0x502dff568 idx 0 fmt 1 regoff 0x0 n 10 (table contents not committed)
  load op 63 at 734: addr 0x502dff5b8 idx 0 fmt 1 regoff 0x0 n 18 (table contents not committed)
  load op 63 at 1217: addr 0x502dff648 idx 0 fmt 1 regoff 0x0 n 10 (table contents not committed)
  load op 63 at 1249: addr 0x502dff698 idx 0 fmt 1 regoff 0x0 n 10 (table contents not committed)
  load op 63 at 1281: addr 0x502dff6e8 idx 0 fmt 1 regoff 0x0 n 10 (table contents not committed)
  load op 63 at 1313: addr 0x502dff738 idx 0 fmt 1 regoff 0x0 n 10 (table contents not committed)
  load op 9f at 1724: addr 0xfe0040068 idx 0 fmt 1 regoff 0x0 n 921 (table contents not committed)
  load op 9f at 1731: addr 0x502e01e38 idx 0 fmt 1 regoff 0x0 n 74 (table contents not committed)
  load op 63 at 1736: addr 0x908e5ff90 idx 0 fmt 1 regoff 0x0 n 6 (table contents not committed)
  load op 9f at 1741: addr 0x908e5ffc0 idx 0 fmt 1 regoff 0x0 n 10 (table contents not committed)
  load op 64 at 1746: addr 0x502e00538 idx 0 fmt 1 regoff 0x0 n 5 (table contents not committed)
  load op 9f at 1799: addr 0x502e02088 idx 0 fmt 1 regoff 0x0 n 132 (table contents not committed)
  load op 63 at 1804: addr 0x502dff788 idx 0 fmt 1 regoff 0x0 n 30 (table contents not committed)
  load op 64 at 1884: addr 0x502e00560 idx 0 fmt 1 regoff 0x0 n 5 (table contents not committed)
  load op 9f at 1891: addr 0x502dfd440 idx 0 fmt 1 regoff 0x0 n 175 (table contents not committed)
  load op 63 at 2106: addr 0x502dff878 idx 0 fmt 1 regoff 0x0 n 20 (table contents not committed)
  load op 9f at 3069: addr 0xfe0040068 idx 0 fmt 1 regoff 0x0 n 921 (table contents not committed)
  load op 9f at 3076: addr 0x502dfd9b8 idx 0 fmt 1 regoff 0x0 n 70 (table contents not committed)
  load op 63 at 3081: addr 0x908e5ff90 idx 0 fmt 1 regoff 0x0 n 6 (table contents not committed)
  load op 9f at 3086: addr 0x908e5ffc0 idx 0 fmt 1 regoff 0x0 n 10 (table contents not committed)
  load op 63 at 3091: addr 0x908e5f7d0 idx 0 fmt 1 regoff 0x0 n 6 (table contents not committed)
  load op 9f at 3096: addr 0x908e5f800 idx 0 fmt 1 regoff 0x0 n 9 (table contents not committed)
  load op 64 at 3101: addr 0x502e00588 idx 0 fmt 1 regoff 0x0 n 5 (table contents not committed)
  load op 9f at 3140: addr 0x502dfdbe8 idx 0 fmt 1 regoff 0x0 n 19 (table contents not committed)
  load op 63 at 3145: addr 0x502dff918 idx 0 fmt 1 regoff 0x0 n 12 (table contents not committed)
  load op 9f at 3268: addr 0xfe0040068 idx 0 fmt 1 regoff 0x0 n 921 (table contents not committed)
  load op 9f at 3275: addr 0x502dfdc80 idx 0 fmt 1 regoff 0x0 n 74 (table contents not committed)
  load op 63 at 3280: addr 0x908e5ff90 idx 0 fmt 1 regoff 0x0 n 6 (table contents not committed)
  load op 9f at 3285: addr 0x908e5ffc0 idx 0 fmt 1 regoff 0x0 n 10 (table contents not committed)
  load op 64 at 3290: addr 0x502e005b0 idx 0 fmt 1 regoff 0x0 n 5 (table contents not committed)
  load op 9f at 3329: addr 0x502dfded0 idx 0 fmt 1 regoff 0x0 n 166 (table contents not committed)
  load op 63 at 3334: addr 0x502dff978 idx 0 fmt 1 regoff 0x0 n 30 (table contents not committed)
  load op 64 at 3430: addr 0x502e005d8 idx 0 fmt 1 regoff 0x0 n 5 (table contents not committed)
  load op 9f at 3437: addr 0x502dfc320 idx 0 fmt 1 regoff 0x0 n 135 (table contents not committed)
  load op 63 at 3675: addr 0x502dffa68 idx 0 fmt 1 regoff 0x0 n 36 (table contents not committed)
  load op 64 at 4540: addr 0x502e00600 idx 0 fmt 1 regoff 0x0 n 6 (table contents not committed)
  load op 9f at 4545: addr 0x502dfc758 idx 0 fmt 1 regoff 0x0 n 376 (table contents not committed)
  load op 9f at 4552: addr 0x502dfb118 idx 0 fmt 1 regoff 0x0 n 205 (table contents not committed)
  load op 9f at 4853: addr 0xfe0040068 idx 0 fmt 1 regoff 0x0 n 921 (table contents not committed)
  load op 9f at 4860: addr 0x502dfb780 idx 0 fmt 1 regoff 0x0 n 74 (table contents not committed)
  load op 63 at 4865: addr 0x908e5ff90 idx 0 fmt 1 regoff 0x0 n 6 (table contents not committed)
  load op 9f at 4870: addr 0x908e5ffc0 idx 0 fmt 1 regoff 0x0 n 10 (table contents not committed)
  load op 64 at 4875: addr 0x502e00630 idx 0 fmt 1 regoff 0x0 n 5 (table contents not committed)
  load op 63 at 4914: addr 0x502dffb88 idx 0 fmt 1 regoff 0x0 n 21 (table contents not committed)
  load op 9f at 4925: addr 0x502dfb9d0 idx 0 fmt 1 regoff 0x0 n 223 (table contents not committed)
  load op 63 at 5714: addr 0x502dffc30 idx 0 fmt 1 regoff 0x0 n 10 (table contents not committed)
  load op 63 at 5831: addr 0x502dffc80 idx 0 fmt 1 regoff 0x0 n 28 (table contents not committed)
  load op 64 at 5910: addr 0x502e00658 idx 0 fmt 1 regoff 0x0 n 5 (table contents not committed)
  load op 9f at 5917: addr 0x502df9e30 idx 0 fmt 1 regoff 0x0 n 67 (table contents not committed)
  load op 9f at 6045: addr 0x502dfa048 idx 0 fmt 1 regoff 0x0 n 121 (table contents not committed)
  load op 63 at 6050: addr 0x502dffd60 idx 0 fmt 1 regoff 0x0 n 18 (table contents not committed)
  load op 64 at 6055: addr 0x502e00680 idx 0 fmt 1 regoff 0x0 n 3 (table contents not committed)
  load op 9f at 6204: addr 0x502dfa410 idx 0 fmt 1 regoff 0x0 n 121 (table contents not committed)
  load op 63 at 6209: addr 0x502dffdf0 idx 0 fmt 1 regoff 0x0 n 18 (table contents not committed)
  load op 64 at 6214: addr 0x502e00698 idx 0 fmt 1 regoff 0x0 n 3 (table contents not committed)
  load op 63 at 6578: addr 0x502dffe80 idx 0 fmt 1 regoff 0x0 n 10 (table contents not committed)
  load op 9f at 7058: addr 0x502dfa7d8 idx 0 fmt 1 regoff 0x0 n 195 (table contents not committed)
  load op 9f at 7063: addr 0x502df8d80 idx 0 fmt 1 regoff 0x0 n 85 (table contents not committed)
  load op 63 at 7068: addr 0x502dffed0 idx 0 fmt 1 regoff 0x0 n 18 (table contents not committed)
  load op 64 at 7073: addr 0x502e006b0 idx 0 fmt 1 regoff 0x0 n 3 (table contents not committed)
  load op 9f at 7186: addr 0x502df9028 idx 0 fmt 1 regoff 0x0 n 129 (table contents not committed)
  load op 63 at 7191: addr 0x502dfff60 idx 0 fmt 1 regoff 0x0 n 18 (table contents not committed)
  load op 64 at 7196: addr 0x502e006c8 idx 0 fmt 1 regoff 0x0 n 3 (table contents not committed)
  load op 9f at 7309: addr 0x502df9430 idx 0 fmt 1 regoff 0x0 n 129 (table contents not committed)
  load op 63 at 7314: addr 0x502dffff0 idx 0 fmt 1 regoff 0x0 n 18 (table contents not committed)
  load op 64 at 7319: addr 0x502e006e0 idx 0 fmt 1 regoff 0x0 n 3 (table contents not committed)
  load op 9f at 7432: addr 0x502df9838 idx 0 fmt 1 regoff 0x0 n 58 (table contents not committed)
  load op 9f at 7537: addr 0x502df9a08 idx 0 fmt 1 regoff 0x0 n 66 (table contents not committed)
  load op 9f at 7642: addr 0x502df9c18 idx 0 fmt 1 regoff 0x0 n 37 (table contents not committed)
  load op 9f at 7647: addr 0x502df7300 idx 0 fmt 1 regoff 0x0 n 21 (table contents not committed)
  load op 9f at 7752: addr 0x502df73a8 idx 0 fmt 1 regoff 0x0 n 66 (table contents not committed)
  load op 9f at 7857: addr 0x502df75b8 idx 0 fmt 1 regoff 0x0 n 58 (table contents not committed)
  load op 9f at 7962: addr 0x502df7788 idx 0 fmt 1 regoff 0x0 n 130 (table contents not committed)
  load op 63 at 7967: addr 0x502e00080 idx 0 fmt 1 regoff 0x0 n 18 (table contents not committed)
  load op 64 at 7972: addr 0x502e006f8 idx 0 fmt 1 regoff 0x0 n 3 (table contents not committed)
  load op 9f at 8099: addr 0x502df7b98 idx 0 fmt 1 regoff 0x0 n 135 (table contents not committed)
  load op 63 at 8104: addr 0x502e00110 idx 0 fmt 1 regoff 0x0 n 18 (table contents not committed)
  load op 64 at 8109: addr 0x502e00710 idx 0 fmt 1 regoff 0x0 n 3 (table contents not committed)
  load op 63 at 8687: addr 0x502e001a0 idx 0 fmt 1 regoff 0x0 n 28 (table contents not committed)
  load op 64 at 9264: addr 0x502e00728 idx 0 fmt 1 regoff 0x0 n 5 (table contents not committed)
  load op 9f at 9269: addr 0x502df7fd0 idx 0 fmt 1 regoff 0x0 n 97 (table contents not committed)
  load op 9f at 9276: addr 0x502df5868 idx 0 fmt 1 regoff 0x0 n 183 (table contents not committed)
submit #341 dcb 9774 dwords at 0x502702500: pass 651 rewrite 493 drop 432 unmapped 1 cc 8 mappings 1140 ... OK rc 0 21.65 ms
timing: #341 done at t 52.640 s, 1053.0 ms after the sync and hints
state stack #341: push 4 pop 4 conditional 1 unmatched 0; restored 3684 regs (+3748 dwords); tables 40, unreadable 0
map 0x335958000 +0x10000 ... ok
swapped pages taken as resident so far: 0
vmas 108 total 13075.0 MiB resident 3587.2 MiB mapped 3587.2 MiB
timing: t 52.642 s acb 2 dwords: sync 14.8 ms, hints 0.0 ms
submit #342 acb 2 dwords at 0xfe003a200: pass 1 rewrite 0 drop 0 unmapped 0 cc 0 mappings 1141 ... OK rc 0 18.36 ms
timing: #342 done at t 52.679 s, 22.2 ms after the sync and hints
cpu-wait WAIT_REG_MEM64 at 0 on 0x400202f80: satisfied after 0.0 ms
timing: t 52.680 s after that wait (acb 49 dwords)
timing: t 52.679 s cc 3 dwords: sync 11.9 ms, hints 0.0 ms
submit #343 cc 3 dwords at 0x313b17cf4: pass 0 rewrite 1 drop 0 unmapped 0 cc 1 mappings 1141 ... OK rc 0 18.25 ms
timing: #343 done at t 52.714 s, 22.4 ms after the sync and hints
timing: t 52.714 s acb 49 dwords: sync 11.3 ms, hints 0.0 ms
submit #344 acb 49 dwords at 0x4002a69dc: pass 2 rewrite 3 drop 3 unmapped 0 cc 0 mappings 1141 ... OK rc 0 18.08 ms
timing: #344 done at t 52.748 s, 22.2 ms after the sync and hints
timing: t 52.749 s hib 150 dwords: sync 11.2 ms, hints 0.1 ms
  load op 61 at 10: base 0xfe0008000 pairs (0x0,215) (0xd8,272) (0x1f5,4) (0x1ff,158) (0x2a0,2) (0x2a3,1) (0x2a5,66) (0x2f5,203)
  load op 5f at 29: base 0xfe0010000 pairs (0x1,1) (0x6,38) (0x32,4) (0x80,4) (0x87,37) (0xb2,4) (0xc8,2) (0x100,4) (0x107,37) (0x132,4) (0x148,2) (0x204,3) (0x20c,2) (0x212,2) (0x215,6) (0x224,5) (0x22a,1) (0x240,16) (0x27d,1) (0x280,1) (0x207,3)
  load op 5e at 74: base 0xfe0011000 pairs (0x35,8) (0xa2,1) (0x242,1) (0x248,1) (0x24a,2) (0x25b,6) (0x262,1) (0x2bb,5) (0x2c4,16) (0x2e4,8) (0x380,2) (0x383,2) (0x41d,3) (0x24d,1)
  load op 61 at 105: base 0xfe0008000 pairs (0x0,0)
  load op 5f at 110: base 0xfe0010000 pairs (0x0,0)
  load op 5e at 115: base 0xfe0011000 pairs (0x0,0)
  load op 61 at 125: base 0xfe0008000 pairs (0x0,0)
  load op 5f at 130: base 0xfe0010000 pairs (0x0,0)
  load op 5e at 135: base 0xfe0011000 pairs (0x0,0)
submit #345 hib 150 dwords at 0xfe0000000: pass 12 rewrite 2 drop 2 unmapped 0 cc 2 mappings 1141 ... OK rc 0 18.25 ms
timing: #345 done at t 52.828 s, 68.2 ms after the sync and hints
timing: t 52.829 s hib 2 dwords: sync 11.5 ms, hints 0.0 ms
submit #346 hib 2 dwords at 0xfe003a200: pass 1 rewrite 0 drop 0 unmapped 0 cc 0 mappings 1141 ... OK rc 0 18.49 ms
timing: #346 done at t 52.863 s, 22.7 ms after the sync and hints
timing: t 52.864 s dcb 96 dwords: sync 11.4 ms, hints 0.1 ms
  load op 9f at 38: addr 0xfe0040068 idx 0 fmt 1 regoff 0x0 n 921 (table contents not committed)
  load op 63 at 43: addr 0xfe0042068 idx 0 fmt 1 regoff 0x0 n 174 (table contents not committed)
  load op 64 at 48: addr 0xfe00425d8 idx 0 fmt 1 regoff 0x0 n 49 (table contents not committed)
submit #347 dcb 96 dwords at 0xfe0042920: pass 20 rewrite 2 drop 2 unmapped 0 cc 0 mappings 1141 ... OK rc 0 18.27 ms
timing: #347 done at t 52.936 s, 60.8 ms after the sync and hints
hint CB0 0x53c390000: window 0x53a390000+0x4000000, mapped +0.0 MiB
hint CB0 0x57136f000: window 0x56f360000+0x4000000, mapped +2.1 MiB
hint CB0 0x5219a0000: window 0x51f9a0000+0x4000000, mapped +32.0 MiB
hint DB_HTILE 0x51c5b0000: window 0x51a5b0000+0x4000000, mapped +0.0 MiB
hint DB_Z_READ 0x51a6d0000: window 0x5186d0000+0x4000000, mapped +0.0 MiB
hint DB_STENCIL_READ 0x51bf30000: window 0x519f30000+0x4000000, mapped +0.0 MiB
timing: t 52.937 s dcb 3006 dwords: sync 11.2 ms, hints 11.7 ms
  load op 9f at 36: addr 0xfe0040068 idx 0 fmt 1 regoff 0x0 n 921 (table contents not committed)
  load op 63 at 41: addr 0xfe0042068 idx 0 fmt 1 regoff 0x0 n 174 (table contents not committed)
  load op 64 at 46: addr 0xfe00425d8 idx 0 fmt 1 regoff 0x0 n 57 (table contents not committed)
  load op 9f at 88: addr 0x504a01500 idx 0 fmt 1 regoff 0x0 n 136 (table contents not committed)
  load op 64 at 93: addr 0x504a00500 idx 0 fmt 1 regoff 0x0 n 3 (table contents not committed)
  load op 63 at 98: addr 0x5049ff500 idx 0 fmt 1 regoff 0x0 n 3 (table contents not committed)
  load op 9f at 1460: addr 0xfe0040068 idx 0 fmt 1 regoff 0x0 n 921 (table contents not committed)
  load op 9f at 1467: addr 0x504a01940 idx 0 fmt 1 regoff 0x0 n 70 (table contents not committed)
  load op 63 at 1472: addr 0x908e5ff90 idx 0 fmt 1 regoff 0x0 n 6 (table contents not committed)
  load op 9f at 1477: addr 0x908e5ffc0 idx 0 fmt 1 regoff 0x0 n 10 (table contents not committed)
  load op 63 at 1482: addr 0x908e5f7d0 idx 0 fmt 1 regoff 0x0 n 6 (table contents not committed)
  load op 9f at 1487: addr 0x908e5f800 idx 0 fmt 1 regoff 0x0 n 9 (table contents not committed)
  load op 64 at 1492: addr 0x504a00518 idx 0 fmt 1 regoff 0x0 n 5 (table contents not committed)
  load op 9f at 1861: addr 0x504a01b70 idx 0 fmt 1 regoff 0x0 n 131 (table contents not committed)
  load op 64 at 1868: addr 0x504a00540 idx 0 fmt 1 regoff 0x0 n 1 (table contents not committed)
  load op 9f at 1900: addr 0xfe0040068 idx 0 fmt 1 regoff 0x0 n 921 (table contents not committed)
  load op 9f at 1907: addr 0x504a01f88 idx 0 fmt 1 regoff 0x0 n 70 (table contents not committed)
  load op 63 at 1912: addr 0x908e5ff90 idx 0 fmt 1 regoff 0x0 n 6 (table contents not committed)
  load op 9f at 1917: addr 0x908e5ffc0 idx 0 fmt 1 regoff 0x0 n 10 (table contents not committed)
  load op 63 at 1922: addr 0x908e5f7d0 idx 0 fmt 1 regoff 0x0 n 6 (table contents not committed)
  load op 9f at 1927: addr 0x908e5f800 idx 0 fmt 1 regoff 0x0 n 9 (table contents not committed)
  load op 64 at 1932: addr 0x504a00548 idx 0 fmt 1 regoff 0x0 n 5 (table contents not committed)
  load op 9f at 2050: addr 0x504a021b8 idx 0 fmt 1 regoff 0x0 n 98 (table contents not committed)
  load op 64 at 2057: addr 0x504a00570 idx 0 fmt 1 regoff 0x0 n 1 (table contents not committed)
  load op 9f at 2062: addr 0x5049fe500 idx 0 fmt 1 regoff 0x0 n 33 (table contents not committed)
  load op 9f at 2094: addr 0xfe0040068 idx 0 fmt 1 regoff 0x0 n 921 (table contents not committed)
  load op 9f at 2101: addr 0x5049fe608 idx 0 fmt 1 regoff 0x0 n 70 (table contents not committed)
  load op 63 at 2106: addr 0x908e5ff90 idx 0 fmt 1 regoff 0x0 n 6 (table contents not committed)
  load op 9f at 2111: addr 0x908e5ffc0 idx 0 fmt 1 regoff 0x0 n 10 (table contents not committed)
  load op 63 at 2116: addr 0x908e5f7d0 idx 0 fmt 1 regoff 0x0 n 6 (table contents not committed)
  load op 9f at 2121: addr 0x908e5f800 idx 0 fmt 1 regoff 0x0 n 9 (table contents not committed)
  load op 64 at 2126: addr 0x504a00578 idx 0 fmt 1 regoff 0x0 n 5 (table contents not committed)
  load op 63 at 2222: addr 0x5049ff518 idx 0 fmt 1 regoff 0x0 n 10 (table contents not committed)
  load op 63 at 2413: addr 0x5049ff568 idx 0 fmt 1 regoff 0x0 n 28 (table contents not committed)
  load op 64 at 2487: addr 0x504a005a0 idx 0 fmt 1 regoff 0x0 n 5 (table contents not committed)
  load op 9f at 2494: addr 0x5049fe838 idx 0 fmt 1 regoff 0x0 n 290 (table contents not committed)
submit #348 dcb 3006 dwords at 0x504302500: pass 293 rewrite 132 drop 126 unmapped 0 cc 6 mappings 1143 ... OK rc 0 18.97 ms
timing: #348 done at t 53.376 s, 415.5 ms after the sync and hints
state stack #348: push 3 pop 3 conditional 1 unmatched 0; restored 2763 regs (+2811 dwords); tables 18, unreadable 0
timing: t 53.378 s dcb 851 dwords: sync 11.5 ms, hints 0.1 ms
  load op 9f at 38: addr 0xfe0040068 idx 0 fmt 1 regoff 0x0 n 921 (table contents not committed)
  load op 63 at 43: addr 0xfe0042068 idx 0 fmt 1 regoff 0x0 n 174 (table contents not committed)
  load op 64 at 48: addr 0xfe00425d8 idx 0 fmt 1 regoff 0x0 n 57 (table contents not committed)
  load op 9f at 90: addr 0x506201500 idx 0 fmt 1 regoff 0x0 n 5 (table contents not committed)
  load op 64 at 95: addr 0x506200500 idx 0 fmt 1 regoff 0x0 n 2 (table contents not committed)
  load op 63 at 100: addr 0x5061ff500 idx 0 fmt 1 regoff 0x0 n 3 (table contents not committed)
submit #349 dcb 851 dwords at 0x505e02500: pass 47 rewrite 55 drop 45 unmapped 0 cc 0 mappings 1143 ... OK rc 0 18.61 ms
timing: #349 done at t 53.469 s, 80.1 ms after the sync and hints
timing: t 53.470 s acb 2 dwords: sync 11.3 ms, hints 0.0 ms
submit #350 acb 2 dwords at 0xfe003a200: pass 1 rewrite 0 drop 0 unmapped 0 cc 0 mappings 1143 ... OK rc 0 18.41 ms
timing: #350 done at t 53.504 s, 22.5 ms after the sync and hints
cpu-wait WAIT_REG_MEM64 at 87 on 0x400203980: satisfied after 0.0 ms
timing: t 53.505 s after that wait (acb 463 dwords)
hint CB0 0x512cf0000: window 0x510cf0000+0x4000000, mapped +0.0 MiB
hint CB0 0x5712c1000: window 0x56f2c0000+0x4000000, mapped +0.0 MiB
hint CB0 0x5712d1000: window 0x56f2d0000+0x4000000, mapped +0.0 MiB
hint CB0 0x517610000: window 0x515610000+0x4000000, mapped +0.0 MiB
hint CB0 0x571325000: window 0x56f320000+0x4000000, mapped +0.0 MiB
timing: t 53.505 s dcb 798 dwords: sync 11.6 ms, hints 4.0 ms
  load op 9f at 35: addr 0xfe0040068 idx 0 fmt 1 regoff 0x0 n 921 (table contents not committed)
  load op 63 at 40: addr 0xfe0042068 idx 0 fmt 1 regoff 0x0 n 174 (table contents not committed)
  load op 64 at 45: addr 0xfe00425d8 idx 0 fmt 1 regoff 0x0 n 57 (table contents not committed)
  load op 9f at 87: addr 0x507401500 idx 0 fmt 1 regoff 0x0 n 136 (table contents not committed)
  load op 64 at 92: addr 0x507400500 idx 0 fmt 1 regoff 0x0 n 3 (table contents not committed)
  load op 63 at 97: addr 0x5073ff500 idx 0 fmt 1 regoff 0x0 n 3 (table contents not committed)
  load op 9f at 212: addr 0xfe0040068 idx 0 fmt 1 regoff 0x0 n 921 (table contents not committed)
  load op 9f at 219: addr 0x507401940 idx 0 fmt 1 regoff 0x0 n 70 (table contents not committed)
  load op 63 at 224: addr 0x908e5ff90 idx 0 fmt 1 regoff 0x0 n 6 (table contents not committed)
  load op 9f at 229: addr 0x908e5ffc0 idx 0 fmt 1 regoff 0x0 n 10 (table contents not committed)
  load op 63 at 234: addr 0x908e5f7d0 idx 0 fmt 1 regoff 0x0 n 6 (table contents not committed)
  load op 9f at 239: addr 0x908e5f800 idx 0 fmt 1 regoff 0x0 n 9 (table contents not committed)
  load op 64 at 244: addr 0x507400518 idx 0 fmt 1 regoff 0x0 n 5 (table contents not committed)
  load op 9f at 340: addr 0x507401b70 idx 0 fmt 1 regoff 0x0 n 131 (table contents not committed)
  load op 64 at 347: addr 0x507400540 idx 0 fmt 1 regoff 0x0 n 1 (table contents not committed)
  load op 9f at 379: addr 0xfe0040068 idx 0 fmt 1 regoff 0x0 n 921 (table contents not committed)
  load op 9f at 386: addr 0x507401f88 idx 0 fmt 1 regoff 0x0 n 70 (table contents not committed)
  load op 63 at 391: addr 0x908e5ff90 idx 0 fmt 1 regoff 0x0 n 6 (table contents not committed)
  load op 9f at 396: addr 0x908e5ffc0 idx 0 fmt 1 regoff 0x0 n 10 (table contents not committed)
  load op 63 at 401: addr 0x908e5f7d0 idx 0 fmt 1 regoff 0x0 n 6 (table contents not committed)
  load op 9f at 406: addr 0x908e5f800 idx 0 fmt 1 regoff 0x0 n 9 (table contents not committed)
  load op 64 at 411: addr 0x507400548 idx 0 fmt 1 regoff 0x0 n 5 (table contents not committed)
  load op 9f at 548: addr 0x5074021b8 idx 0 fmt 1 regoff 0x0 n 98 (table contents not committed)
  load op 64 at 555: addr 0x507400570 idx 0 fmt 1 regoff 0x0 n 1 (table contents not committed)
  load op 9f at 560: addr 0x5073fe500 idx 0 fmt 1 regoff 0x0 n 33 (table contents not committed)
  load op 9f at 592: addr 0xfe0040068 idx 0 fmt 1 regoff 0x0 n 921 (table contents not committed)
  load op 9f at 599: addr 0x5073fe608 idx 0 fmt 1 regoff 0x0 n 70 (table contents not committed)
  load op 63 at 604: addr 0x908e5ff90 idx 0 fmt 1 regoff 0x0 n 6 (table contents not committed)
  load op 9f at 609: addr 0x908e5ffc0 idx 0 fmt 1 regoff 0x0 n 10 (table contents not committed)
  load op 63 at 614: addr 0x908e5f7d0 idx 0 fmt 1 regoff 0x0 n 6 (table contents not committed)
  load op 9f at 619: addr 0x908e5f800 idx 0 fmt 1 regoff 0x0 n 9 (table contents not committed)
  load op 64 at 624: addr 0x507400578 idx 0 fmt 1 regoff 0x0 n 5 (table contents not committed)
submit #351 dcb 798 dwords at 0x506e02500: pass 103 rewrite 35 drop 22 unmapped 0 cc 6 mappings 1143 ... OK rc 0 18.97 ms
timing: #351 done at t 53.888 s, 367.7 ms after the sync and hints
state stack #351: push 3 pop 3 conditional 1 unmatched 0; restored 2763 regs (+2811 dwords); tables 17, unreadable 0
timing: t 53.889 s acb 463 dwords: sync 11.8 ms, hints 0.0 ms
submit #352 acb 463 dwords at 0x400526840: pass 43 rewrite 11 drop 27 unmapped 0 cc 0 mappings 1143 ... OK rc 0 18.79 ms
timing: #352 done at t 53.924 s, 23.0 ms after the sync and hints
acb head: 1287 of 1336 dwords go ahead of the wait at 1287 on 0x400203b80
timing: t 53.925 s dcb 1248 dwords: sync 11.4 ms, hints 0.2 ms
  load op 9f at 36: addr 0xfe0040068 idx 0 fmt 1 regoff 0x0 n 921 (table contents not committed)
  load op 63 at 41: addr 0xfe0042068 idx 0 fmt 1 regoff 0x0 n 174 (table contents not committed)
  load op 64 at 46: addr 0xfe00425d8 idx 0 fmt 1 regoff 0x0 n 57 (table contents not committed)
  load op 9f at 88: addr 0x505601500 idx 0 fmt 1 regoff 0x0 n 5 (table contents not committed)
  load op 64 at 93: addr 0x505600500 idx 0 fmt 1 regoff 0x0 n 2 (table contents not committed)
  load op 63 at 98: addr 0x5055ff500 idx 0 fmt 1 regoff 0x0 n 3 (table contents not committed)
  load op 9f at 756: addr 0xfe0040068 idx 0 fmt 1 regoff 0x0 n 921 (table contents not committed)
  load op 9f at 763: addr 0x505601528 idx 0 fmt 1 regoff 0x0 n 74 (table contents not committed)
  load op 63 at 768: addr 0x908e5ff90 idx 0 fmt 1 regoff 0x0 n 6 (table contents not committed)
  load op 9f at 773: addr 0x908e5ffc0 idx 0 fmt 1 regoff 0x0 n 10 (table contents not committed)
  load op 64 at 778: addr 0x505600510 idx 0 fmt 1 regoff 0x0 n 5 (table contents not committed)
  load op 9f at 901: addr 0xfe0040068 idx 0 fmt 1 regoff 0x0 n 921 (table contents not committed)
  load op 9f at 908: addr 0x505601778 idx 0 fmt 1 regoff 0x0 n 74 (table contents not committed)
  load op 63 at 913: addr 0x908e5ff90 idx 0 fmt 1 regoff 0x0 n 6 (table contents not committed)
  load op 9f at 918: addr 0x908e5ffc0 idx 0 fmt 1 regoff 0x0 n 10 (table contents not committed)
  load op 64 at 923: addr 0x505600538 idx 0 fmt 1 regoff 0x0 n 5 (table contents not committed)
  load op 9f at 1046: addr 0xfe0040068 idx 0 fmt 1 regoff 0x0 n 921 (table contents not committed)
  load op 9f at 1053: addr 0x5056019c8 idx 0 fmt 1 regoff 0x0 n 74 (table contents not committed)
  load op 63 at 1058: addr 0x908e5ff90 idx 0 fmt 1 regoff 0x0 n 6 (table contents not committed)
  load op 9f at 1063: addr 0x908e5ffc0 idx 0 fmt 1 regoff 0x0 n 10 (table contents not committed)
  load op 64 at 1068: addr 0x505600560 idx 0 fmt 1 regoff 0x0 n 5 (table contents not committed)
submit #353 dcb 1248 dwords at 0x505202500: pass 151 rewrite 46 drop 45 unmapped 0 cc 6 mappings 1143 ... OK rc 0 18.53 ms
timing: #353 done at t 54.181 s, 244.7 ms after the sync and hints
state stack #353: push 3 pop 3 conditional 1 unmatched 0; restored 2763 regs (+2811 dwords); tables 11, unreadable 0
flip 1/0 buffer 0x507410000 +0x1fe0000: sum 0x17ea65194594 nonzero 8100/8160 pattern 0
  target CB0 0x57136f000: distinct 11 min 0x00000000 max 0xffffffff,   target CB0 0x57136f000: nonzero 11/1024
  target CB0 0x563800000: distinct 1 min 0x00000000 max 0x00000000,   target CB0 0x563800000: nonzero 0/1024
  target CB0 0x55c00d000: distinct 4 min 0x00000000 max 0xffffffff,   target CB0 0x55c00d000: nonzero 147/1024
  target CB0 0x5637f0000: distinct 1 min 0x00000000 max 0x00000000,   target CB0 0x5637f0000: nonzero 0/1024
  target CB0 0x5219a0000: distinct 1 min 0x38003800 max 0x38003800,   target CB0 0x5219a0000: nonzero 1024/1024
  target CB0 0x57136d000: distinct 11 min 0x00000000 max 0xffffffff,   target CB0 0x57136d000: nonzero 13/1024
  target DB_HTILE 0x51c5b0000: distinct 2 min 0x00000000 max 0xfffffff0,   target DB_HTILE 0x51c5b0000: nonzero 128/1024
  target DB_Z_READ 0x51a6d0000: distinct 1 min 0x00000000 max 0x00000000, timing: t 54.183 s acb 1287 dwords: sync 11.3 ms, hints 0.1 ms
  target DB_Z_READ 0x51a6d0000: nonzero 0/1024
  target DB_STENCIL_READ 0x51bf30000: distinct 1 min 0x80800000 max 0x80800000,   target DB_STENCIL_READ 0x51bf30000: nonzero 1024/1024
submit #354 acb 1287 dwords at 0x400345640: pass 118 rewrite 35 drop 63 unmapped 0 cc 0 mappings 1143 ...   target CB0 0x512cf0000: distinct 1 min 0x00000000 max 0x00000000,   target CB0 0x512cf0000: nonzero 0/1024
  target CB0 0x5712c1000: distinct 12 min 0x00000000 max 0xffffffff,   target CB0 0x5712c1000: nonzero 101/1024
  target CB0 0x5712d1000: distinct 12 min 0x00000000 max 0xffffffff,   target CB0 0x5712d1000: nonzero 85/1024
  target CB0 0x517610000: distinct 1 min 0x00000000 max 0x00000000,   target CB0 0x517610000: nonzero 0/1024
  target CB0 0x571325000: distinct 11 min 0x00000000 max 0xffffffff,   target CB0 0x571325000: nonzero 29/1024
  target DB_HTILE 0x55c050000: distinct 3 min 0x00000000 max 0xffffffff,   target DB_HTILE 0x55c050000: nonzero 144/1024
  target DB_Z_READ 0x527430000: distinct 1 min 0xffffffff max 0xffffffff,   target DB_Z_READ 0x527430000: nonzero 1024/1024
timing: t 54.211 s flip 1/0, VideoOutSubmitFlip took 0.0 ms
OK rc 0 20.68 ms
timing: #354 done at t 54.221 s, 26.5 ms after the sync and hints
cpu-wait WAIT_REG_MEM64 at 115 on 0x400203940: satisfied after 0.0 ms
timing: t 54.222 s after that wait (dcb 9089 dwords)
cpu-wait WAIT_REG_MEM64 at 1629 on 0x4002039c0: satisfied after 0.0 ms
timing: t 54.224 s after that wait (dcb 9089 dwords)
cpu-wait WAIT_REG_MEM64 at 8538 on 0x559cd49a53d0: satisfied after 0.0 ms
timing: t 54.225 s after that wait (dcb 9089 dwords)
hint CB0 0x511490000: window 0x50f490000+0x4000000, mapped +0.0 MiB
hint CB0 0x5712a5000: window 0x56f2a0000+0x4000000, mapped +0.0 MiB
hint CB0 0x51c630000: window 0x51a630000+0x4000000, mapped +0.0 MiB
hint CB0 0x571335000: window 0x56f330000+0x4000000, mapped +0.0 MiB
hint CB0 0x540d20000: window 0x53ed20000+0x4000000, mapped +0.0 MiB
hint CB0 0x5714b6000: window 0x56f4b0000+0x4000000, mapped +1.3 MiB
hint CB0 0x544620000: window 0x542620000+0x4000000, mapped +38.1 MiB
hint CB0 0x5716c6000: window 0x56f6c0000+0x4000000, mapped +2.1 MiB
hint CB0 0x53f960000: window 0x53d960000+0x4000000, mapped +0.0 MiB
hint CB0 0x5716de000: window 0x56f6d0000+0x4000000, mapped +0.1 MiB
hint CB0 0x53fbe0000: window 0x53dbe0000+0x4000000, mapped +0.0 MiB
hint CB0 0x571477000: window 0x56f470000+0x4000000, mapped +0.0 MiB
hint CB0 0x53fca0000: window 0x53dca0000+0x4000000, mapped +0.0 MiB
hint CB0 0x5716e2000: window 0x56f6e0000+0x4000000, mapped +0.1 MiB
hint CB0 0x53fd60000: window 0x53dd60000+0x4000000, mapped +0.0 MiB
hint CB0 0x53fda0000: window 0x53dda0000+0x4000000, mapped +0.0 MiB
hint CB0 0x53fde0000: window 0x53dde0000+0x4000000, mapped +0.0 MiB
hint CB0 0x53fdf0000: window 0x53ddf0000+0x4000000, mapped +0.0 MiB
hint CB0 0x544e90000: window 0x542e90000+0x4000000, mapped +8.4 MiB
hint CB0 0x540660000: window 0x53e660000+0x4000000, mapped +0.0 MiB
hint CB0 0x5715a6000: window 0x56f5a0000+0x4000000, mapped +0.0 MiB
timing: t 54.226 s dcb 9089 dwords: sync 11.4 ms, hints 26.2 ms
  indirect op 16 at 1246: base 0x5074063c0 +0x0 -> 1 1 1 0 0
  indirect op 16 at 1278: base 0x5074063e0 +0x0 -> 1 1 1 0 0
  indirect op 16 at 1310: base 0x50740a520 +0x0 -> 1 1 1 0 0
  indirect op 16 at 1342: base 0x50740a540 +0x0 -> 1 1 1 0 0
  indirect op 25 at 4584: base 0x56ddaffa0 +0x0 -> 1 512 0 0 0
  load op 9f at 28: addr 0xfe0040068 idx 0 fmt 1 regoff 0x0 n 921 (table contents not committed)
  load op 63 at 33: addr 0xfe0042068 idx 0 fmt 1 regoff 0x0 n 174 (table contents not committed)
  load op 64 at 38: addr 0xfe00425d8 idx 0 fmt 1 regoff 0x0 n 57 (table contents not committed)
  load op 9f at 80: addr 0x503501500 idx 0 fmt 1 regoff 0x0 n 295 (table contents not committed)
  load op 64 at 85: addr 0x503500500 idx 0 fmt 1 regoff 0x0 n 7 (table contents not committed)
  load op 63 at 90: addr 0x5034ff500 idx 0 fmt 1 regoff 0x0 n 13 (table contents not committed)
  load op 63 at 342: addr 0x5034ff568 idx 0 fmt 1 regoff 0x0 n 10 (table contents not committed)
  load op 63 at 734: addr 0x5034ff5b8 idx 0 fmt 1 regoff 0x0 n 18 (table contents not committed)
  load op 63 at 1217: addr 0x5034ff648 idx 0 fmt 1 regoff 0x0 n 10 (table contents not committed)
  load op 63 at 1249: addr 0x5034ff698 idx 0 fmt 1 regoff 0x0 n 10 (table contents not committed)
  load op 63 at 1281: addr 0x5034ff6e8 idx 0 fmt 1 regoff 0x0 n 10 (table contents not committed)
  load op 63 at 1313: addr 0x5034ff738 idx 0 fmt 1 regoff 0x0 n 10 (table contents not committed)
  load op 9f at 1724: addr 0xfe0040068 idx 0 fmt 1 regoff 0x0 n 921 (table contents not committed)
  load op 9f at 1731: addr 0x503501e38 idx 0 fmt 1 regoff 0x0 n 74 (table contents not committed)
  load op 63 at 1736: addr 0x908e5ff90 idx 0 fmt 1 regoff 0x0 n 6 (table contents not committed)
  load op 9f at 1741: addr 0x908e5ffc0 idx 0 fmt 1 regoff 0x0 n 10 (table contents not committed)
  load op 64 at 1746: addr 0x503500538 idx 0 fmt 1 regoff 0x0 n 5 (table contents not committed)
  load op 9f at 1799: addr 0x503502088 idx 0 fmt 1 regoff 0x0 n 132 (table contents not committed)
  load op 63 at 1804: addr 0x5034ff788 idx 0 fmt 1 regoff 0x0 n 30 (table contents not committed)
  load op 64 at 1884: addr 0x503500560 idx 0 fmt 1 regoff 0x0 n 5 (table contents not committed)
  load op 9f at 1891: addr 0x5034fd440 idx 0 fmt 1 regoff 0x0 n 175 (table contents not committed)
  load op 63 at 2106: addr 0x5034ff878 idx 0 fmt 1 regoff 0x0 n 20 (table contents not committed)
  load op 9f at 3069: addr 0xfe0040068 idx 0 fmt 1 regoff 0x0 n 921 (table contents not committed)
  load op 9f at 3076: addr 0x5034fd9b8 idx 0 fmt 1 regoff 0x0 n 70 (table contents not committed)
  load op 63 at 3081: addr 0x908e5ff90 idx 0 fmt 1 regoff 0x0 n 6 (table contents not committed)
  load op 9f at 3086: addr 0x908e5ffc0 idx 0 fmt 1 regoff 0x0 n 10 (table contents not committed)
  load op 63 at 3091: addr 0x908e5f7d0 idx 0 fmt 1 regoff 0x0 n 6 (table contents not committed)
  load op 9f at 3096: addr 0x908e5f800 idx 0 fmt 1 regoff 0x0 n 9 (table contents not committed)
  load op 64 at 3101: addr 0x503500588 idx 0 fmt 1 regoff 0x0 n 5 (table contents not committed)
  load op 9f at 3140: addr 0x5034fdbe8 idx 0 fmt 1 regoff 0x0 n 19 (table contents not committed)
  load op 63 at 3145: addr 0x5034ff918 idx 0 fmt 1 regoff 0x0 n 12 (table contents not committed)
  load op 9f at 3268: addr 0xfe0040068 idx 0 fmt 1 regoff 0x0 n 921 (table contents not committed)
  load op 9f at 3275: addr 0x5034fdc80 idx 0 fmt 1 regoff 0x0 n 74 (table contents not committed)
  load op 63 at 3280: addr 0x908e5ff90 idx 0 fmt 1 regoff 0x0 n 6 (table contents not committed)
  load op 9f at 3285: addr 0x908e5ffc0 idx 0 fmt 1 regoff 0x0 n 10 (table contents not committed)
  load op 64 at 3290: addr 0x5035005b0 idx 0 fmt 1 regoff 0x0 n 5 (table contents not committed)
  load op 9f at 3329: addr 0x5034fded0 idx 0 fmt 1 regoff 0x0 n 166 (table contents not committed)
  load op 63 at 3334: addr 0x5034ff978 idx 0 fmt 1 regoff 0x0 n 30 (table contents not committed)
  load op 64 at 3430: addr 0x5035005d8 idx 0 fmt 1 regoff 0x0 n 5 (table contents not committed)
  load op 9f at 3437: addr 0x5034fc320 idx 0 fmt 1 regoff 0x0 n 135 (table contents not committed)
  load op 63 at 3675: addr 0x5034ffa68 idx 0 fmt 1 regoff 0x0 n 36 (table contents not committed)
  load op 64 at 4540: addr 0x503500600 idx 0 fmt 1 regoff 0x0 n 6 (table contents not committed)
  load op 9f at 4545: addr 0x5034fc758 idx 0 fmt 1 regoff 0x0 n 376 (table contents not committed)
  load op 9f at 4552: addr 0x5034fb118 idx 0 fmt 1 regoff 0x0 n 205 (table contents not committed)
  load op 9f at 4853: addr 0xfe0040068 idx 0 fmt 1 regoff 0x0 n 921 (table contents not committed)
  load op 9f at 4860: addr 0x5034fb780 idx 0 fmt 1 regoff 0x0 n 74 (table contents not committed)
  load op 63 at 4865: addr 0x908e5ff90 idx 0 fmt 1 regoff 0x0 n 6 (table contents not committed)
  load op 9f at 4870: addr 0x908e5ffc0 idx 0 fmt 1 regoff 0x0 n 10 (table contents not committed)
  load op 64 at 4875: addr 0x503500630 idx 0 fmt 1 regoff 0x0 n 5 (table contents not committed)
  load op 63 at 4914: addr 0x5034ffb88 idx 0 fmt 1 regoff 0x0 n 21 (table contents not committed)
  load op 9f at 4925: addr 0x5034fb9d0 idx 0 fmt 1 regoff 0x0 n 223 (table contents not committed)
  load op 63 at 5901: addr 0x5034ffc30 idx 0 fmt 1 regoff 0x0 n 10 (table contents not committed)
  load op 64 at 6381: addr 0x503500658 idx 0 fmt 1 regoff 0x0 n 5 (table contents not committed)
  load op 63 at 6388: addr 0x5034ffc80 idx 0 fmt 1 regoff 0x0 n 18 (table contents not committed)
  load op 9f at 6393: addr 0x5034f9dd0 idx 0 fmt 1 regoff 0x0 n 67 (table contents not committed)
  load op 9f at 6506: addr 0x5034f9fe8 idx 0 fmt 1 regoff 0x0 n 129 (table contents not committed)
  load op 63 at 6511: addr 0x5034ffd10 idx 0 fmt 1 regoff 0x0 n 18 (table contents not committed)
  load op 64 at 6516: addr 0x503500680 idx 0 fmt 1 regoff 0x0 n 3 (table contents not committed)
  load op 9f at 6629: addr 0x5034fa3f0 idx 0 fmt 1 regoff 0x0 n 129 (table contents not committed)
  load op 63 at 6634: addr 0x5034ffda0 idx 0 fmt 1 regoff 0x0 n 18 (table contents not committed)
  load op 64 at 6639: addr 0x503500698 idx 0 fmt 1 regoff 0x0 n 3 (table contents not committed)
  load op 9f at 6752: addr 0x5034fa7f8 idx 0 fmt 1 regoff 0x0 n 58 (table contents not committed)
  load op 9f at 6857: addr 0x5034fa9c8 idx 0 fmt 1 regoff 0x0 n 66 (table contents not committed)
  load op 9f at 6962: addr 0x5034fabd8 idx 0 fmt 1 regoff 0x0 n 58 (table contents not committed)
  load op 9f at 7067: addr 0x5034f8140 idx 0 fmt 1 regoff 0x0 n 66 (table contents not committed)
  load op 9f at 7172: addr 0x5034f8350 idx 0 fmt 1 regoff 0x0 n 58 (table contents not committed)
  load op 9f at 7277: addr 0x5034f8520 idx 0 fmt 1 regoff 0x0 n 130 (table contents not committed)
  load op 63 at 7282: addr 0x5034ffe30 idx 0 fmt 1 regoff 0x0 n 18 (table contents not committed)
  load op 64 at 7287: addr 0x5035006b0 idx 0 fmt 1 regoff 0x0 n 3 (table contents not committed)
  load op 9f at 7414: addr 0x5034f8930 idx 0 fmt 1 regoff 0x0 n 135 (table contents not committed)
  load op 63 at 7419: addr 0x5034ffec0 idx 0 fmt 1 regoff 0x0 n 18 (table contents not committed)
  load op 64 at 7424: addr 0x5035006c8 idx 0 fmt 1 regoff 0x0 n 3 (table contents not committed)
  load op 63 at 8002: addr 0x5034fff50 idx 0 fmt 1 regoff 0x0 n 28 (table contents not committed)
  load op 64 at 8579: addr 0x5035006e0 idx 0 fmt 1 regoff 0x0 n 5 (table contents not committed)
  load op 9f at 8584: addr 0x5034f8d68 idx 0 fmt 1 regoff 0x0 n 113 (table contents not committed)
  load op 9f at 8591: addr 0x5034f68b8 idx 0 fmt 1 regoff 0x0 n 168 (table contents not committed)
submit #355 dcb 9089 dwords at 0x502e02500: pass 563 rewrite 485 drop 413 unmapped 1 cc 8 mappings 1149 ... OK rc 0 22.47 ms
timing: #355 done at t 55.171 s, 907.7 ms after the sync and hints
state stack #355: push 4 pop 4 conditional 1 unmatched 0; restored 3684 regs (+3748 dwords); tables 35, unreadable 0
timing: t 55.173 s acb 2 dwords: sync 14.0 ms, hints 0.1 ms
submit #356 acb 2 dwords at 0xfe003a200: pass 1 rewrite 0 drop 0 unmapped 0 cc 0 mappings 1149 ... OK rc 0 19.61 ms
timing: #356 done at t 55.212 s, 24.7 ms after the sync and hints
cpu-wait WAIT_REG_MEM64 at 0 on 0x400203b80: satisfied after 0.0 ms
timing: t 55.213 s after that wait (acb 49 dwords)
timing: t 55.213 s cc 3 dwords: sync 12.7 ms, hints 0.0 ms
submit #357 cc 3 dwords at 0x313b17cf4: pass 0 rewrite 1 drop 0 unmapped 0 cc 1 mappings 1149 ... OK rc 0 20.17 ms
timing: #357 done at t 55.250 s, 25.0 ms after the sync and hints
timing: t 55.251 s acb 49 dwords: sync 13.9 ms, hints 0.0 ms
submit #358 acb 49 dwords at 0x400346a5c: pass 2 rewrite 3 drop 3 unmapped 0 cc 0 mappings 1149 ... OK rc 0 22.10 ms
timing: #358 done at t 55.293 s, 27.5 ms after the sync and hints
timing: t 55.294 s hib 150 dwords: sync 11.8 ms, hints 0.1 ms
  load op 61 at 10: base 0xfe0008000 pairs (0x0,215) (0xd8,272) (0x1f5,4) (0x1ff,158) (0x2a0,2) (0x2a3,1) (0x2a5,66) (0x2f5,203)
  load op 5f at 29: base 0xfe0010000 pairs (0x1,1) (0x6,38) (0x32,4) (0x80,4) (0x87,37) (0xb2,4) (0xc8,2) (0x100,4) (0x107,37) (0x132,4) (0x148,2) (0x204,3) (0x20c,2) (0x212,2) (0x215,6) (0x224,5) (0x22a,1) (0x240,16) (0x27d,1) (0x280,1) (0x207,3)
  load op 5e at 74: base 0xfe0011000 pairs (0x35,8) (0xa2,1) (0x242,1) (0x248,1) (0x24a,2) (0x25b,6) (0x262,1) (0x2bb,5) (0x2c4,16) (0x2e4,8) (0x380,2) (0x383,2) (0x41d,3) (0x24d,1)
  load op 61 at 105: base 0xfe0008000 pairs (0x0,0)
  load op 5f at 110: base 0xfe0010000 pairs (0x0,0)
  load op 5e at 115: base 0xfe0011000 pairs (0x0,0)
  load op 61 at 125: base 0xfe0008000 pairs (0x0,0)
  load op 5f at 130: base 0xfe0010000 pairs (0x0,0)
  load op 5e at 135: base 0xfe0011000 pairs (0x0,0)
submit #359 hib 150 dwords at 0xfe0000000: pass 12 rewrite 2 drop 2 unmapped 0 cc 2 mappings 1149 ... OK rc 0 19.76 ms
timing: #359 done at t 55.394 s, 88.4 ms after the sync and hints
timing: t 55.395 s hib 2 dwords: sync 12.8 ms, hints 0.1 ms
submit #360 hib 2 dwords at 0xfe003a200: pass 1 rewrite 0 drop 0 unmapped 0 cc 0 mappings 1149 ... OK rc 0 19.00 ms
timing: #360 done at t 55.432 s, 24.3 ms after the sync and hints
timing: t 55.433 s dcb 96 dwords: sync 11.5 ms, hints 0.1 ms
  load op 9f at 38: addr 0xfe0040068 idx 0 fmt 1 regoff 0x0 n 921 (table contents not committed)
  load op 63 at 43: addr 0xfe0042068 idx 0 fmt 1 regoff 0x0 n 174 (table contents not committed)
  load op 64 at 48: addr 0xfe00425d8 idx 0 fmt 1 regoff 0x0 n 49 (table contents not committed)
submit #361 dcb 96 dwords at 0xfe0042920: pass 20 rewrite 2 drop 2 unmapped 0 cc 0 mappings 1149 ... OK rc 0 18.58 ms
timing: #361 done at t 55.516 s, 71.6 ms after the sync and hints
timing: t 55.517 s dcb 2647 dwords: sync 11.4 ms, hints 0.2 ms
  load op 9f at 36: addr 0xfe0040068 idx 0 fmt 1 regoff 0x0 n 921 (table contents not committed)
  load op 63 at 41: addr 0xfe0042068 idx 0 fmt 1 regoff 0x0 n 174 (table contents not committed)
  load op 64 at 46: addr 0xfe00425d8 idx 0 fmt 1 regoff 0x0 n 57 (table contents not committed)
  load op 9f at 88: addr 0x503c01500 idx 0 fmt 1 regoff 0x0 n 136 (table contents not committed)
  load op 64 at 93: addr 0x503c00500 idx 0 fmt 1 regoff 0x0 n 3 (table contents not committed)
  load op 63 at 98: addr 0x503bff500 idx 0 fmt 1 regoff 0x0 n 3 (table contents not committed)
  load op 9f at 1541: addr 0xfe0040068 idx 0 fmt 1 regoff 0x0 n 921 (table contents not committed)
  load op 9f at 1548: addr 0x503c01940 idx 0 fmt 1 regoff 0x0 n 70 (table contents not committed)
  load op 63 at 1553: addr 0x908e5ff90 idx 0 fmt 1 regoff 0x0 n 6 (table contents not committed)
  load op 9f at 1558: addr 0x908e5ffc0 idx 0 fmt 1 regoff 0x0 n 10 (table contents not committed)
  load op 63 at 1563: addr 0x908e5f7d0 idx 0 fmt 1 regoff 0x0 n 6 (table contents not committed)
  load op 9f at 1568: addr 0x908e5f800 idx 0 fmt 1 regoff 0x0 n 9 (table contents not committed)
  load op 64 at 1573: addr 0x503c00518 idx 0 fmt 1 regoff 0x0 n 5 (table contents not committed)
  load op 9f at 1691: addr 0x503c01b70 idx 0 fmt 1 regoff 0x0 n 131 (table contents not committed)
  load op 64 at 1698: addr 0x503c00540 idx 0 fmt 1 regoff 0x0 n 1 (table contents not committed)
  load op 9f at 1730: addr 0xfe0040068 idx 0 fmt 1 regoff 0x0 n 921 (table contents not committed)
  load op 9f at 1737: addr 0x503c01f88 idx 0 fmt 1 regoff 0x0 n 70 (table contents not committed)
  load op 63 at 1742: addr 0x908e5ff90 idx 0 fmt 1 regoff 0x0 n 6 (table contents not committed)
  load op 9f at 1747: addr 0x908e5ffc0 idx 0 fmt 1 regoff 0x0 n 10 (table contents not committed)
  load op 63 at 1752: addr 0x908e5f7d0 idx 0 fmt 1 regoff 0x0 n 6 (table contents not committed)
  load op 9f at 1757: addr 0x908e5f800 idx 0 fmt 1 regoff 0x0 n 9 (table contents not committed)
  load op 64 at 1762: addr 0x503c00548 idx 0 fmt 1 regoff 0x0 n 5 (table contents not committed)
  load op 63 at 1858: addr 0x503bff518 idx 0 fmt 1 regoff 0x0 n 10 (table contents not committed)
  load op 63 at 2049: addr 0x503bff568 idx 0 fmt 1 regoff 0x0 n 28 (table contents not committed)
  load op 64 at 2123: addr 0x503c00570 idx 0 fmt 1 regoff 0x0 n 5 (table contents not committed)
  load op 9f at 2130: addr 0x503c021b8 idx 0 fmt 1 regoff 0x0 n 96 (table contents not committed)
  load op 9f at 2135: addr 0x503bfe390 idx 0 fmt 1 regoff 0x0 n 194 (table contents not committed)
submit #362 dcb 2647 dwords at 0x503502500: pass 236 rewrite 123 drop 120 unmapped 0 cc 4 mappings 1149 ... OK rc 0 19.20 ms
timing: #362 done at t 55.914 s, 385.2 ms after the sync and hints
state stack #362: push 2 pop 2 conditional 1 unmatched 0; restored 1842 regs (+1874 dwords); tables 13, unreadable 0
timing: t 55.916 s dcb 851 dwords: sync 11.3 ms, hints 0.1 ms
  load op 9f at 38: addr 0xfe0040068 idx 0 fmt 1 regoff 0x0 n 921 (table contents not committed)
  load op 63 at 43: addr 0xfe0042068 idx 0 fmt 1 regoff 0x0 n 174 (table contents not committed)
  load op 64 at 48: addr 0xfe00425d8 idx 0 fmt 1 regoff 0x0 n 57 (table contents not committed)
  load op 9f at 90: addr 0x505a01500 idx 0 fmt 1 regoff 0x0 n 5 (table contents not committed)
  load op 64 at 95: addr 0x505a00500 idx 0 fmt 1 regoff 0x0 n 2 (table contents not committed)
  load op 63 at 100: addr 0x5059ff500 idx 0 fmt 1 regoff 0x0 n 3 (table contents not committed)
submit #363 dcb 851 dwords at 0x505602500: pass 47 rewrite 55 drop 45 unmapped 0 cc 0 mappings 1149 ... OK rc 0 18.55 ms
timing: #363 done at t 56.019 s, 91.7 ms after the sync and hints
timing: t 56.020 s acb 2 dwords: sync 11.5 ms, hints 0.0 ms
submit #364 acb 2 dwords at 0xfe003a200: pass 1 rewrite 0 drop 0 unmapped 0 cc 0 mappings 1149 ... OK rc 0 18.94 ms
timing: #364 done at t 56.056 s, 23.9 ms after the sync and hints
cpu-wait WAIT_REG_MEM64 at 87 on 0x400201a40: satisfied after 0.0 ms
timing: t 56.057 s after that wait (acb 463 dwords)
timing: t 56.057 s dcb 798 dwords: sync 11.2 ms, hints 0.2 ms
  load op 9f at 35: addr 0xfe0040068 idx 0 fmt 1 regoff 0x0 n 921 (table contents not committed)
  load op 63 at 40: addr 0xfe0042068 idx 0 fmt 1 regoff 0x0 n 174 (table contents not committed)
  load op 64 at 45: addr 0xfe00425d8 idx 0 fmt 1 regoff 0x0 n 57 (table contents not committed)
  load op 9f at 87: addr 0x506801500 idx 0 fmt 1 regoff 0x0 n 136 (table contents not committed)
  load op 64 at 92: addr 0x506800500 idx 0 fmt 1 regoff 0x0 n 3 (table contents not committed)
  load op 63 at 97: addr 0x5067ff500 idx 0 fmt 1 regoff 0x0 n 3 (table contents not committed)
  load op 9f at 212: addr 0xfe0040068 idx 0 fmt 1 regoff 0x0 n 921 (table contents not committed)
  load op 9f at 219: addr 0x506801940 idx 0 fmt 1 regoff 0x0 n 70 (table contents not committed)
  load op 63 at 224: addr 0x908e5ff90 idx 0 fmt 1 regoff 0x0 n 6 (table contents not committed)
  load op 9f at 229: addr 0x908e5ffc0 idx 0 fmt 1 regoff 0x0 n 10 (table contents not committed)
  load op 63 at 234: addr 0x908e5f7d0 idx 0 fmt 1 regoff 0x0 n 6 (table contents not committed)
  load op 9f at 239: addr 0x908e5f800 idx 0 fmt 1 regoff 0x0 n 9 (table contents not committed)
  load op 64 at 244: addr 0x506800518 idx 0 fmt 1 regoff 0x0 n 5 (table contents not committed)
  load op 9f at 340: addr 0x506801b70 idx 0 fmt 1 regoff 0x0 n 131 (table contents not committed)
  load op 64 at 347: addr 0x506800540 idx 0 fmt 1 regoff 0x0 n 1 (table contents not committed)
  load op 9f at 379: addr 0xfe0040068 idx 0 fmt 1 regoff 0x0 n 921 (table contents not committed)
  load op 9f at 386: addr 0x506801f88 idx 0 fmt 1 regoff 0x0 n 70 (table contents not committed)
  load op 63 at 391: addr 0x908e5ff90 idx 0 fmt 1 regoff 0x0 n 6 (table contents not committed)
  load op 9f at 396: addr 0x908e5ffc0 idx 0 fmt 1 regoff 0x0 n 10 (table contents not committed)
  load op 63 at 401: addr 0x908e5f7d0 idx 0 fmt 1 regoff 0x0 n 6 (table contents not committed)
  load op 9f at 406: addr 0x908e5f800 idx 0 fmt 1 regoff 0x0 n 9 (table contents not committed)
  load op 64 at 411: addr 0x506800548 idx 0 fmt 1 regoff 0x0 n 5 (table contents not committed)
  load op 9f at 548: addr 0x5068021b8 idx 0 fmt 1 regoff 0x0 n 98 (table contents not committed)
  load op 64 at 555: addr 0x506800570 idx 0 fmt 1 regoff 0x0 n 1 (table contents not committed)
  load op 9f at 560: addr 0x5067fe500 idx 0 fmt 1 regoff 0x0 n 33 (table contents not committed)
  load op 9f at 592: addr 0xfe0040068 idx 0 fmt 1 regoff 0x0 n 921 (table contents not committed)
  load op 9f at 599: addr 0x5067fe608 idx 0 fmt 1 regoff 0x0 n 70 (table contents not committed)
  load op 63 at 604: addr 0x908e5ff90 idx 0 fmt 1 regoff 0x0 n 6 (table contents not committed)
  load op 9f at 609: addr 0x908e5ffc0 idx 0 fmt 1 regoff 0x0 n 10 (table contents not committed)
  load op 63 at 614: addr 0x908e5f7d0 idx 0 fmt 1 regoff 0x0 n 6 (table contents not committed)
  load op 9f at 619: addr 0x908e5f800 idx 0 fmt 1 regoff 0x0 n 9 (table contents not committed)
  load op 64 at 624: addr 0x506800578 idx 0 fmt 1 regoff 0x0 n 5 (table contents not committed)
submit #365 dcb 798 dwords at 0x506202500: pass 103 rewrite 35 drop 22 unmapped 0 cc 6 mappings 1149 ... OK rc 0 20.31 ms
timing: #365 done at t 56.520 s, 451.8 ms after the sync and hints
state stack #365: push 3 pop 3 conditional 1 unmatched 0; restored 2763 regs (+2811 dwords); tables 17, unreadable 0
timing: t 56.522 s acb 463 dwords: sync 11.5 ms, hints 0.1 ms
submit #366 acb 463 dwords at 0x4003e6740: pass 43 rewrite 11 drop 27 unmapped 0 cc 0 mappings 1149 ... OK rc 0 19.34 ms
timing: #366 done at t 56.558 s, 24.3 ms after the sync and hints
acb head: 1287 of 1336 dwords go ahead of the wait at 1287 on 0x400202380
timing: t 56.559 s dcb 1248 dwords: sync 11.7 ms, hints 0.2 ms
  load op 9f at 36: addr 0xfe0040068 idx 0 fmt 1 regoff 0x0 n 921 (table contents not committed)
  load op 63 at 41: addr 0xfe0042068 idx 0 fmt 1 regoff 0x0 n 174 (table contents not committed)
  load op 64 at 46: addr 0xfe00425d8 idx 0 fmt 1 regoff 0x0 n 57 (table contents not committed)
  load op 9f at 88: addr 0x504e01500 idx 0 fmt 1 regoff 0x0 n 5 (table contents not committed)
  load op 64 at 93: addr 0x504e00500 idx 0 fmt 1 regoff 0x0 n 2 (table contents not committed)
  load op 63 at 98: addr 0x504dff500 idx 0 fmt 1 regoff 0x0 n 3 (table contents not committed)
  load op 9f at 756: addr 0xfe0040068 idx 0 fmt 1 regoff 0x0 n 921 (table contents not committed)
  load op 9f at 763: addr 0x504e01528 idx 0 fmt 1 regoff 0x0 n 74 (table contents not committed)
  load op 63 at 768: addr 0x908e5ff90 idx 0 fmt 1 regoff 0x0 n 6 (table contents not committed)
  load op 9f at 773: addr 0x908e5ffc0 idx 0 fmt 1 regoff 0x0 n 10 (table contents not committed)
  load op 64 at 778: addr 0x504e00510 idx 0 fmt 1 regoff 0x0 n 5 (table contents not committed)
  load op 9f at 901: addr 0xfe0040068 idx 0 fmt 1 regoff 0x0 n 921 (table contents not committed)
  load op 9f at 908: addr 0x504e01778 idx 0 fmt 1 regoff 0x0 n 74 (table contents not committed)
  load op 63 at 913: addr 0x908e5ff90 idx 0 fmt 1 regoff 0x0 n 6 (table contents not committed)
  load op 9f at 918: addr 0x908e5ffc0 idx 0 fmt 1 regoff 0x0 n 10 (table contents not committed)
  load op 64 at 923: addr 0x504e00538 idx 0 fmt 1 regoff 0x0 n 5 (table contents not committed)
  load op 9f at 1046: addr 0xfe0040068 idx 0 fmt 1 regoff 0x0 n 921 (table contents not committed)
  load op 9f at 1053: addr 0x504e019c8 idx 0 fmt 1 regoff 0x0 n 74 (table contents not committed)
  load op 63 at 1058: addr 0x908e5ff90 idx 0 fmt 1 regoff 0x0 n 6 (table contents not committed)
  load op 9f at 1063: addr 0x908e5ffc0 idx 0 fmt 1 regoff 0x0 n 10 (table contents not committed)
  load op 64 at 1068: addr 0x504e00560 idx 0 fmt 1 regoff 0x0 n 5 (table contents not committed)
submit #367 dcb 1248 dwords at 0x504a02500: pass 151 rewrite 46 drop 45 unmapped 0 cc 6 mappings 1149 ... OK rc 0 19.27 ms
timing: #367 done at t 56.875 s, 304.4 ms after the sync and hints
state stack #367: push 3 pop 3 conditional 1 unmatched 0; restored 2763 regs (+2811 dwords); tables 11, unreadable 0
flip 1/1 buffer 0x5093f0000 +0x1fe0000: sum 0x17ea65194594 nonzero 8100/8160 pattern 0
  target CB0 0x507410000: distinct 53 min 0xc0000000 max 0xc340d034,   target CB0 0x507410000: nonzero 1024/1024
  target CB0 0x563800000: distinct 1 min 0x00000000 max 0x00000000,   target CB0 0x563800000: nonzero 0/1024
  target CB0 0x55c00d000: distinct 4 min 0x00000000 max 0xffffffff,   target CB0 0x55c00d000: nonzero 147/1024
  target CB0 0x5637f0000: distinct 1 min 0x00000000 max 0x00000000,   target CB0 0x5637f0000: nonzero 0/1024
  target CB0 0x5219a0000: distinct 1 min 0x38003800 max 0x38003800,   target CB0 0x5219a0000: nonzero 1024/1024
  target CB0 0x57136d000: distinct 14 min 0x00000000 max 0xffffffff,   target CB0 0x57136d000: nonzero 156/1024
  target DB_HTILE 0x51c5b0000: distinct 2 min 0x00000000 max 0xfffffff0, timing: t 56.877 s acb 1287 dwords: sync 12.0 ms, hints 0.1 ms
  target DB_HTILE 0x51c5b0000: nonzero 128/1024
  target DB_Z_READ 0x51a6d0000: distinct 1 min 0x3f800000 max 0x3f800000,   target DB_Z_READ 0x51a6d0000: nonzero 1024/1024
submit #368 acb 1287 dwords at 0x400205540: pass 118 rewrite 35 drop 63 unmapped 0 cc 0 mappings 1149 ...   target DB_STENCIL_READ 0x51bf30000: distinct 1 min 0x80800000 max 0x80800000,   target DB_STENCIL_READ 0x51bf30000: nonzero 1024/1024
  target CB0 0x512cf0000: distinct 1 min 0x00000000 max 0x00000000,   target CB0 0x512cf0000: nonzero 0/1024
  target CB0 0x5712c1000: distinct 15 min 0x00000000 max 0xffffffff,   target CB0 0x5712c1000: nonzero 244/1024
  target CB0 0x5712d1000: distinct 15 min 0x00000000 max 0xffffffff,   target CB0 0x5712d1000: nonzero 228/1024
  target CB0 0x517610000: distinct 1 min 0x00000000 max 0x00000000,   target CB0 0x517610000: nonzero 0/1024
  target CB0 0x571325000: distinct 14 min 0x00000000 max 0xffffffff,   target CB0 0x571325000: nonzero 172/1024
  target DB_HTILE 0x55c050000: distinct 3 min 0x00000000 max 0xffffffff,   target DB_HTILE 0x55c050000: nonzero 144/1024
  target DB_Z_READ 0x527430000: distinct 1 min 0xffffffff max 0xffffffff,   target DB_Z_READ 0x527430000: nonzero 1024/1024
timing: t 56.908 s flip 1/1, VideoOutSubmitFlip took 0.0 ms
OK rc 0 21.06 ms
timing: #368 done at t 56.918 s, 28.8 ms after the sync and hints
cpu-wait WAIT_REG_MEM64 at 115 on 0x400201d40: satisfied after 0.0 ms
timing: t 56.920 s after that wait (dcb 9089 dwords)
cpu-wait WAIT_REG_MEM64 at 1629 on 0x400201840: satisfied after 0.0 ms
timing: t 56.922 s after that wait (dcb 9089 dwords)
cpu-wait WAIT_REG_MEM64 at 8538 on 0x559cd49a53d8: satisfied after 0.0 ms
timing: t 56.923 s after that wait (dcb 9089 dwords)
timing: t 56.924 s dcb 9089 dwords: sync 11.8 ms, hints 0.3 ms
  indirect op 16 at 1246: base 0x5074063c0 +0x0 -> 1 1 1 0 0
  indirect op 16 at 1278: base 0x5074063e0 +0x0 -> 1 1 1 0 0
  indirect op 16 at 1310: base 0x50740a520 +0x0 -> 1 1 1 0 0
  indirect op 16 at 1342: base 0x50740a540 +0x0 -> 1 1 1 0 0
  indirect op 25 at 4584: base 0x56ddaffa0 +0x0 -> 1 512 0 0 0
  load op 9f at 28: addr 0xfe0040068 idx 0 fmt 1 regoff 0x0 n 921 (table contents not committed)
  load op 63 at 33: addr 0xfe0042068 idx 0 fmt 1 regoff 0x0 n 174 (table contents not committed)
  load op 64 at 38: addr 0xfe00425d8 idx 0 fmt 1 regoff 0x0 n 57 (table contents not committed)
  load op 9f at 80: addr 0x502701500 idx 0 fmt 1 regoff 0x0 n 295 (table contents not committed)
  load op 64 at 85: addr 0x502700500 idx 0 fmt 1 regoff 0x0 n 7 (table contents not committed)
  load op 63 at 90: addr 0x5026ff500 idx 0 fmt 1 regoff 0x0 n 13 (table contents not committed)
  load op 63 at 342: addr 0x5026ff568 idx 0 fmt 1 regoff 0x0 n 10 (table contents not committed)
  load op 63 at 734: addr 0x5026ff5b8 idx 0 fmt 1 regoff 0x0 n 18 (table contents not committed)
  load op 63 at 1217: addr 0x5026ff648 idx 0 fmt 1 regoff 0x0 n 10 (table contents not committed)
  load op 63 at 1249: addr 0x5026ff698 idx 0 fmt 1 regoff 0x0 n 10 (table contents not committed)
  load op 63 at 1281: addr 0x5026ff6e8 idx 0 fmt 1 regoff 0x0 n 10 (table contents not committed)
  load op 63 at 1313: addr 0x5026ff738 idx 0 fmt 1 regoff 0x0 n 10 (table contents not committed)
  load op 9f at 1724: addr 0xfe0040068 idx 0 fmt 1 regoff 0x0 n 921 (table contents not committed)
  load op 9f at 1731: addr 0x502701e38 idx 0 fmt 1 regoff 0x0 n 74 (table contents not committed)
  load op 63 at 1736: addr 0x908e5ff90 idx 0 fmt 1 regoff 0x0 n 6 (table contents not committed)
  load op 9f at 1741: addr 0x908e5ffc0 idx 0 fmt 1 regoff 0x0 n 10 (table contents not committed)
  load op 64 at 1746: addr 0x502700538 idx 0 fmt 1 regoff 0x0 n 5 (table contents not committed)
  load op 9f at 1799: addr 0x502702088 idx 0 fmt 1 regoff 0x0 n 132 (table contents not committed)
  load op 63 at 1804: addr 0x5026ff788 idx 0 fmt 1 regoff 0x0 n 30 (table contents not committed)
  load op 64 at 1884: addr 0x502700560 idx 0 fmt 1 regoff 0x0 n 5 (table contents not committed)
  load op 9f at 1891: addr 0x5026fd440 idx 0 fmt 1 regoff 0x0 n 175 (table contents not committed)
  load op 63 at 2106: addr 0x5026ff878 idx 0 fmt 1 regoff 0x0 n 20 (table contents not committed)
  load op 9f at 3069: addr 0xfe0040068 idx 0 fmt 1 regoff 0x0 n 921 (table contents not committed)
  load op 9f at 3076: addr 0x5026fd9b8 idx 0 fmt 1 regoff 0x0 n 70 (table contents not committed)
  load op 63 at 3081: addr 0x908e5ff90 idx 0 fmt 1 regoff 0x0 n 6 (table contents not committed)
  load op 9f at 3086: addr 0x908e5ffc0 idx 0 fmt 1 regoff 0x0 n 10 (table contents not committed)
  load op 63 at 3091: addr 0x908e5f7d0 idx 0 fmt 1 regoff 0x0 n 6 (table contents not committed)
  load op 9f at 3096: addr 0x908e5f800 idx 0 fmt 1 regoff 0x0 n 9 (table contents not committed)
  load op 64 at 3101: addr 0x502700588 idx 0 fmt 1 regoff 0x0 n 5 (table contents not committed)
  load op 9f at 3140: addr 0x5026fdbe8 idx 0 fmt 1 regoff 0x0 n 19 (table contents not committed)
  load op 63 at 3145: addr 0x5026ff918 idx 0 fmt 1 regoff 0x0 n 12 (table contents not committed)
  load op 9f at 3268: addr 0xfe0040068 idx 0 fmt 1 regoff 0x0 n 921 (table contents not committed)
  load op 9f at 3275: addr 0x5026fdc80 idx 0 fmt 1 regoff 0x0 n 74 (table contents not committed)
  load op 63 at 3280: addr 0x908e5ff90 idx 0 fmt 1 regoff 0x0 n 6 (table contents not committed)
  load op 9f at 3285: addr 0x908e5ffc0 idx 0 fmt 1 regoff 0x0 n 10 (table contents not committed)
  load op 64 at 3290: addr 0x5027005b0 idx 0 fmt 1 regoff 0x0 n 5 (table contents not committed)
  load op 9f at 3329: addr 0x5026fded0 idx 0 fmt 1 regoff 0x0 n 166 (table contents not committed)
  load op 63 at 3334: addr 0x5026ff978 idx 0 fmt 1 regoff 0x0 n 30 (table contents not committed)
  load op 64 at 3430: addr 0x5027005d8 idx 0 fmt 1 regoff 0x0 n 5 (table contents not committed)
  load op 9f at 3437: addr 0x5026fc320 idx 0 fmt 1 regoff 0x0 n 135 (table contents not committed)
  load op 63 at 3675: addr 0x5026ffa68 idx 0 fmt 1 regoff 0x0 n 36 (table contents not committed)
  load op 64 at 4540: addr 0x502700600 idx 0 fmt 1 regoff 0x0 n 6 (table contents not committed)
  load op 9f at 4545: addr 0x5026fc758 idx 0 fmt 1 regoff 0x0 n 376 (table contents not committed)
  load op 9f at 4552: addr 0x5026fb118 idx 0 fmt 1 regoff 0x0 n 205 (table contents not committed)
  load op 9f at 4853: addr 0xfe0040068 idx 0 fmt 1 regoff 0x0 n 921 (table contents not committed)
  load op 9f at 4860: addr 0x5026fb780 idx 0 fmt 1 regoff 0x0 n 74 (table contents not committed)
  load op 63 at 4865: addr 0x908e5ff90 idx 0 fmt 1 regoff 0x0 n 6 (table contents not committed)
  load op 9f at 4870: addr 0x908e5ffc0 idx 0 fmt 1 regoff 0x0 n 10 (table contents not committed)
  load op 64 at 4875: addr 0x502700630 idx 0 fmt 1 regoff 0x0 n 5 (table contents not committed)
  load op 63 at 4914: addr 0x5026ffb88 idx 0 fmt 1 regoff 0x0 n 21 (table contents not committed)
  load op 9f at 4925: addr 0x5026fb9d0 idx 0 fmt 1 regoff 0x0 n 223 (table contents not committed)
  load op 63 at 5901: addr 0x5026ffc30 idx 0 fmt 1 regoff 0x0 n 10 (table contents not committed)
  load op 64 at 6381: addr 0x502700658 idx 0 fmt 1 regoff 0x0 n 5 (table contents not committed)
  load op 63 at 6388: addr 0x5026ffc80 idx 0 fmt 1 regoff 0x0 n 18 (table contents not committed)
  load op 9f at 6393: addr 0x5026f9dd0 idx 0 fmt 1 regoff 0x0 n 67 (table contents not committed)
  load op 9f at 6506: addr 0x5026f9fe8 idx 0 fmt 1 regoff 0x0 n 129 (table contents not committed)
  load op 63 at 6511: addr 0x5026ffd10 idx 0 fmt 1 regoff 0x0 n 18 (table contents not committed)
  load op 64 at 6516: addr 0x502700680 idx 0 fmt 1 regoff 0x0 n 3 (table contents not committed)
  load op 9f at 6629: addr 0x5026fa3f0 idx 0 fmt 1 regoff 0x0 n 129 (table contents not committed)
  load op 63 at 6634: addr 0x5026ffda0 idx 0 fmt 1 regoff 0x0 n 18 (table contents not committed)
  load op 64 at 6639: addr 0x502700698 idx 0 fmt 1 regoff 0x0 n 3 (table contents not committed)
  load op 9f at 6752: addr 0x5026fa7f8 idx 0 fmt 1 regoff 0x0 n 58 (table contents not committed)
  load op 9f at 6857: addr 0x5026fa9c8 idx 0 fmt 1 regoff 0x0 n 66 (table contents not committed)
  load op 9f at 6962: addr 0x5026fabd8 idx 0 fmt 1 regoff 0x0 n 58 (table contents not committed)
  load op 9f at 7067: addr 0x5026f8140 idx 0 fmt 1 regoff 0x0 n 66 (table contents not committed)
  load op 9f at 7172: addr 0x5026f8350 idx 0 fmt 1 regoff 0x0 n 58 (table contents not committed)
  load op 9f at 7277: addr 0x5026f8520 idx 0 fmt 1 regoff 0x0 n 130 (table contents not committed)
  load op 63 at 7282: addr 0x5026ffe30 idx 0 fmt 1 regoff 0x0 n 18 (table contents not committed)
  load op 64 at 7287: addr 0x5027006b0 idx 0 fmt 1 regoff 0x0 n 3 (table contents not committed)
  load op 9f at 7414: addr 0x5026f8930 idx 0 fmt 1 regoff 0x0 n 135 (table contents not committed)
  load op 63 at 7419: addr 0x5026ffec0 idx 0 fmt 1 regoff 0x0 n 18 (table contents not committed)
  load op 64 at 7424: addr 0x5027006c8 idx 0 fmt 1 regoff 0x0 n 3 (table contents not committed)
  load op 63 at 8002: addr 0x5026fff50 idx 0 fmt 1 regoff 0x0 n 28 (table contents not committed)
  load op 64 at 8579: addr 0x5027006e0 idx 0 fmt 1 regoff 0x0 n 5 (table contents not committed)
  load op 9f at 8584: addr 0x5026f8d68 idx 0 fmt 1 regoff 0x0 n 113 (table contents not committed)
  load op 9f at 8591: addr 0x5026f68b8 idx 0 fmt 1 regoff 0x0 n 168 (table contents not committed)
submit #369 dcb 9089 dwords at 0x502002500: pass 563 rewrite 485 drop 413 unmapped 1 cc 8 mappings 1149 ... OK rc 0 22.14 ms
timing: #369 done at t 58.064 s, 1128.0 ms after the sync and hints
state stack #369: push 4 pop 4 conditional 1 unmatched 0; restored 3684 regs (+3748 dwords); tables 35, unreadable 0
map 0x335968000 +0x10000 ... ok
swapped pages taken as resident so far: 0
vmas 108 total 13075.0 MiB resident 3671.4 MiB mapped 3671.4 MiB
timing: t 58.066 s acb 2 dwords: sync 15.5 ms, hints 0.1 ms
submit #370 acb 2 dwords at 0xfe003a200: pass 1 rewrite 0 drop 0 unmapped 0 cc 0 mappings 1150 ... OK rc 0 18.56 ms
timing: #370 done at t 58.105 s, 23.8 ms after the sync and hints
cpu-wait WAIT_REG_MEM64 at 0 on 0x400202380: satisfied after 0.0 ms
timing: t 58.107 s after that wait (acb 49 dwords)
timing: t 58.106 s cc 3 dwords: sync 11.4 ms, hints 0.1 ms
submit #371 cc 3 dwords at 0x313b17cf4: pass 0 rewrite 1 drop 0 unmapped 0 cc 1 mappings 1150 ... OK rc 0 18.76 ms
timing: #371 done at t 58.141 s, 23.6 ms after the sync and hints
timing: t 58.142 s acb 49 dwords: sync 11.5 ms, hints 0.1 ms
submit #372 acb 49 dwords at 0x40020695c: pass 2 rewrite 3 drop 3 unmapped 0 cc 0 mappings 1150 ... OK rc 0 18.63 ms
timing: #372 done at t 58.177 s, 23.4 ms after the sync and hints
timing: t 58.178 s hib 150 dwords: sync 12.1 ms, hints 0.1 ms
  load op 61 at 10: base 0xfe0008000 pairs (0x0,215) (0xd8,272) (0x1f5,4) (0x1ff,158) (0x2a0,2) (0x2a3,1) (0x2a5,66) (0x2f5,203)
  load op 5f at 29: base 0xfe0010000 pairs (0x1,1) (0x6,38) (0x32,4) (0x80,4) (0x87,37) (0xb2,4) (0xc8,2) (0x100,4) (0x107,37) (0x132,4) (0x148,2) (0x204,3) (0x20c,2) (0x212,2) (0x215,6) (0x224,5) (0x22a,1) (0x240,16) (0x27d,1) (0x280,1) (0x207,3)
  load op 5e at 74: base 0xfe0011000 pairs (0x35,8) (0xa2,1) (0x242,1) (0x248,1) (0x24a,2) (0x25b,6) (0x262,1) (0x2bb,5) (0x2c4,16) (0x2e4,8) (0x380,2) (0x383,2) (0x41d,3) (0x24d,1)
  load op 61 at 105: base 0xfe0008000 pairs (0x0,0)
  load op 5f at 110: base 0xfe0010000 pairs (0x0,0)
  load op 5e at 115: base 0xfe0011000 pairs (0x0,0)
  load op 61 at 125: base 0xfe0008000 pairs (0x0,0)
  load op 5f at 130: base 0xfe0010000 pairs (0x0,0)
  load op 5e at 135: base 0xfe0011000 pairs (0x0,0)
submit #373 hib 150 dwords at 0xfe0000000: pass 12 rewrite 2 drop 2 unmapped 0 cc 2 mappings 1150 ... OK rc 0 19.00 ms
timing: #373 done at t 58.269 s, 78.6 ms after the sync and hints
timing: t 58.270 s hib 2 dwords: sync 11.5 ms, hints 0.0 ms
submit #374 hib 2 dwords at 0xfe003a200: pass 1 rewrite 0 drop 0 unmapped 0 cc 0 mappings 1150 ... OK rc 0 18.80 ms
timing: #374 done at t 58.305 s, 23.6 ms after the sync and hints
timing: t 58.306 s dcb 96 dwords: sync 11.4 ms, hints 0.1 ms
  load op 9f at 38: addr 0xfe0040068 idx 0 fmt 1 regoff 0x0 n 921 (table contents not committed)
  load op 63 at 43: addr 0xfe0042068 idx 0 fmt 1 regoff 0x0 n 174 (table contents not committed)
  load op 64 at 48: addr 0xfe00425d8 idx 0 fmt 1 regoff 0x0 n 49 (table contents not committed)
submit #375 dcb 96 dwords at 0xfe0042920: pass 20 rewrite 2 drop 2 unmapped 0 cc 0 mappings 1150 ... OK rc 0 19.31 ms
timing: #375 done at t 58.389 s, 72.1 ms after the sync and hints
timing: t 58.390 s dcb 2647 dwords: sync 11.5 ms, hints 0.2 ms
  load op 9f at 36: addr 0xfe0040068 idx 0 fmt 1 regoff 0x0 n 921 (table contents not committed)
  load op 63 at 41: addr 0xfe0042068 idx 0 fmt 1 regoff 0x0 n 174 (table contents not committed)
  load op 64 at 46: addr 0xfe00425d8 idx 0 fmt 1 regoff 0x0 n 57 (table contents not committed)
  load op 9f at 88: addr 0x504301500 idx 0 fmt 1 regoff 0x0 n 136 (table contents not committed)
  load op 64 at 93: addr 0x504300500 idx 0 fmt 1 regoff 0x0 n 3 (table contents not committed)
  load op 63 at 98: addr 0x5042ff500 idx 0 fmt 1 regoff 0x0 n 3 (table contents not committed)
  load op 9f at 1541: addr 0xfe0040068 idx 0 fmt 1 regoff 0x0 n 921 (table contents not committed)
  load op 9f at 1548: addr 0x504301940 idx 0 fmt 1 regoff 0x0 n 70 (table contents not committed)
  load op 63 at 1553: addr 0x908e5ff90 idx 0 fmt 1 regoff 0x0 n 6 (table contents not committed)
  load op 9f at 1558: addr 0x908e5ffc0 idx 0 fmt 1 regoff 0x0 n 10 (table contents not committed)
  load op 63 at 1563: addr 0x908e5f7d0 idx 0 fmt 1 regoff 0x0 n 6 (table contents not committed)
  load op 9f at 1568: addr 0x908e5f800 idx 0 fmt 1 regoff 0x0 n 9 (table contents not committed)
  load op 64 at 1573: addr 0x504300518 idx 0 fmt 1 regoff 0x0 n 5 (table contents not committed)
  load op 9f at 1691: addr 0x504301b70 idx 0 fmt 1 regoff 0x0 n 131 (table contents not committed)
  load op 64 at 1698: addr 0x504300540 idx 0 fmt 1 regoff 0x0 n 1 (table contents not committed)
  load op 9f at 1730: addr 0xfe0040068 idx 0 fmt 1 regoff 0x0 n 921 (table contents not committed)
  load op 9f at 1737: addr 0x504301f88 idx 0 fmt 1 regoff 0x0 n 70 (table contents not committed)
  load op 63 at 1742: addr 0x908e5ff90 idx 0 fmt 1 regoff 0x0 n 6 (table contents not committed)
  load op 9f at 1747: addr 0x908e5ffc0 idx 0 fmt 1 regoff 0x0 n 10 (table contents not committed)
  load op 63 at 1752: addr 0x908e5f7d0 idx 0 fmt 1 regoff 0x0 n 6 (table contents not committed)
  load op 9f at 1757: addr 0x908e5f800 idx 0 fmt 1 regoff 0x0 n 9 (table contents not committed)
  load op 64 at 1762: addr 0x504300548 idx 0 fmt 1 regoff 0x0 n 5 (table contents not committed)
  load op 63 at 1858: addr 0x5042ff518 idx 0 fmt 1 regoff 0x0 n 10 (table contents not committed)
  load op 63 at 2049: addr 0x5042ff568 idx 0 fmt 1 regoff 0x0 n 28 (table contents not committed)
  load op 64 at 2123: addr 0x504300570 idx 0 fmt 1 regoff 0x0 n 5 (table contents not committed)
  load op 9f at 2130: addr 0x5043021b8 idx 0 fmt 1 regoff 0x0 n 96 (table contents not committed)
  load op 9f at 2135: addr 0x5042fe390 idx 0 fmt 1 regoff 0x0 n 194 (table contents not committed)
submit #376 dcb 2647 dwords at 0x503c02500: pass 236 rewrite 123 drop 120 unmapped 0 cc 4 mappings 1150 ... OK rc 0 19.11 ms
timing: #376 done at t 58.798 s, 396.0 ms after the sync and hints
state stack #376: push 2 pop 2 conditional 1 unmatched 0; restored 1842 regs (+1874 dwords); tables 13, unreadable 0
timing: t 58.800 s acb 2 dwords: sync 11.7 ms, hints 0.1 ms
submit #377 acb 2 dwords at 0xfe003a200: pass 1 rewrite 0 drop 0 unmapped 0 cc 0 mappings 1150 ... OK rc 0 18.86 ms
timing: #377 done at t 58.835 s, 23.7 ms after the sync and hints
cpu-wait WAIT_REG_MEM64 at 87 on 0x400202d80: satisfied after 0.0 ms
timing: t 58.838 s after that wait (acb 463 dwords)
timing: t 58.837 s dcb 851 dwords: sync 11.4 ms, hints 0.1 ms
  load op 9f at 38: addr 0xfe0040068 idx 0 fmt 1 regoff 0x0 n 921 (table contents not committed)
  load op 63 at 43: addr 0xfe0042068 idx 0 fmt 1 regoff 0x0 n 174 (table contents not committed)
  load op 64 at 48: addr 0xfe00425d8 idx 0 fmt 1 regoff 0x0 n 57 (table contents not committed)
  load op 9f at 90: addr 0x505e01500 idx 0 fmt 1 regoff 0x0 n 5 (table contents not committed)
  load op 64 at 95: addr 0x505e00500 idx 0 fmt 1 regoff 0x0 n 2 (table contents not committed)
  load op 63 at 100: addr 0x505dff500 idx 0 fmt 1 regoff 0x0 n 3 (table contents not committed)
submit #378 dcb 851 dwords at 0x505a02500: pass 47 rewrite 55 drop 45 unmapped 0 cc 0 mappings 1150 ... OK rc 0 19.11 ms
timing: #378 done at t 58.944 s, 95.7 ms after the sync and hints
timing: t 58.945 s acb 463 dwords: sync 11.4 ms, hints 0.0 ms
submit #379 acb 463 dwords at 0x4004867c0: pass 43 rewrite 11 drop 27 unmapped 0 cc 0 mappings 1150 ... OK rc 0 19.36 ms
timing: #379 done at t 58.981 s, 24.3 ms after the sync and hints
timing: t 58.982 s dcb 798 dwords: sync 11.5 ms, hints 0.2 ms
  load op 9f at 35: addr 0xfe0040068 idx 0 fmt 1 regoff 0x0 n 921 (table contents not committed)
  load op 63 at 40: addr 0xfe0042068 idx 0 fmt 1 regoff 0x0 n 174 (table contents not committed)
  load op 64 at 45: addr 0xfe00425d8 idx 0 fmt 1 regoff 0x0 n 57 (table contents not committed)
  load op 9f at 87: addr 0x506e01500 idx 0 fmt 1 regoff 0x0 n 136 (table contents not committed)
  load op 64 at 92: addr 0x506e00500 idx 0 fmt 1 regoff 0x0 n 3 (table contents not committed)
  load op 63 at 97: addr 0x506dff500 idx 0 fmt 1 regoff 0x0 n 3 (table contents not committed)
  load op 9f at 212: addr 0xfe0040068 idx 0 fmt 1 regoff 0x0 n 921 (table contents not committed)
  load op 9f at 219: addr 0x506e01940 idx 0 fmt 1 regoff 0x0 n 70 (table contents not committed)
  load op 63 at 224: addr 0x908e5ff90 idx 0 fmt 1 regoff 0x0 n 6 (table contents not committed)
  load op 9f at 229: addr 0x908e5ffc0 idx 0 fmt 1 regoff 0x0 n 10 (table contents not committed)
  load op 63 at 234: addr 0x908e5f7d0 idx 0 fmt 1 regoff 0x0 n 6 (table contents not committed)
  load op 9f at 239: addr 0x908e5f800 idx 0 fmt 1 regoff 0x0 n 9 (table contents not committed)
  load op 64 at 244: addr 0x506e00518 idx 0 fmt 1 regoff 0x0 n 5 (table contents not committed)
  load op 9f at 340: addr 0x506e01b70 idx 0 fmt 1 regoff 0x0 n 131 (table contents not committed)
  load op 64 at 347: addr 0x506e00540 idx 0 fmt 1 regoff 0x0 n 1 (table contents not committed)
  load op 9f at 379: addr 0xfe0040068 idx 0 fmt 1 regoff 0x0 n 921 (table contents not committed)
  load op 9f at 386: addr 0x506e01f88 idx 0 fmt 1 regoff 0x0 n 70 (table contents not committed)
  load op 63 at 391: addr 0x908e5ff90 idx 0 fmt 1 regoff 0x0 n 6 (table contents not committed)
  load op 9f at 396: addr 0x908e5ffc0 idx 0 fmt 1 regoff 0x0 n 10 (table contents not committed)
  load op 63 at 401: addr 0x908e5f7d0 idx 0 fmt 1 regoff 0x0 n 6 (table contents not committed)
  load op 9f at 406: addr 0x908e5f800 idx 0 fmt 1 regoff 0x0 n 9 (table contents not committed)
  load op 64 at 411: addr 0x506e00548 idx 0 fmt 1 regoff 0x0 n 5 (table contents not committed)
  load op 9f at 548: addr 0x506e021b8 idx 0 fmt 1 regoff 0x0 n 98 (table contents not committed)
  load op 64 at 555: addr 0x506e00570 idx 0 fmt 1 regoff 0x0 n 1 (table contents not committed)
  load op 9f at 560: addr 0x506dfe500 idx 0 fmt 1 regoff 0x0 n 33 (table contents not committed)
  load op 9f at 592: addr 0xfe0040068 idx 0 fmt 1 regoff 0x0 n 921 (table contents not committed)
  load op 9f at 599: addr 0x506dfe608 idx 0 fmt 1 regoff 0x0 n 70 (table contents not committed)
  load op 63 at 604: addr 0x908e5ff90 idx 0 fmt 1 regoff 0x0 n 6 (table contents not committed)
  load op 9f at 609: addr 0x908e5ffc0 idx 0 fmt 1 regoff 0x0 n 10 (table contents not committed)
  load op 63 at 614: addr 0x908e5f7d0 idx 0 fmt 1 regoff 0x0 n 6 (table contents not committed)
  load op 9f at 619: addr 0x908e5f800 idx 0 fmt 1 regoff 0x0 n 9 (table contents not committed)
  load op 64 at 624: addr 0x506e00578 idx 0 fmt 1 regoff 0x0 n 5 (table contents not committed)
submit #380 dcb 798 dwords at 0x506802500: pass 103 rewrite 35 drop 22 unmapped 0 cc 6 mappings 1150 ... acb head: 1287 of 1336 dwords go ahead of the wait at 1287 on 0x400202f80
OK rc 0 19.14 ms
timing: #380 done at t 59.441 s, 447.8 ms after the sync and hints
state stack #380: push 3 pop 3 conditional 1 unmatched 0; restored 2763 regs (+2811 dwords); tables 17, unreadable 0
timing: t 59.443 s acb 1287 dwords: sync 11.5 ms, hints 0.1 ms
submit #381 acb 1287 dwords at 0x4002a55c0: pass 118 rewrite 35 drop 63 unmapped 0 cc 0 mappings 1150 ... OK rc 0 19.96 ms
timing: #381 done at t 59.480 s, 25.6 ms after the sync and hints
timing: t 59.481 s dcb 1248 dwords: sync 11.4 ms, hints 0.2 ms
  load op 9f at 36: addr 0xfe0040068 idx 0 fmt 1 regoff 0x0 n 921 (table contents not committed)
  load op 63 at 41: addr 0xfe0042068 idx 0 fmt 1 regoff 0x0 n 174 (table contents not committed)
  load op 64 at 46: addr 0xfe00425d8 idx 0 fmt 1 regoff 0x0 n 57 (table contents not committed)
  load op 9f at 88: addr 0x505201500 idx 0 fmt 1 regoff 0x0 n 5 (table contents not committed)
  load op 64 at 93: addr 0x505200500 idx 0 fmt 1 regoff 0x0 n 2 (table contents not committed)
  load op 63 at 98: addr 0x5051ff500 idx 0 fmt 1 regoff 0x0 n 3 (table contents not committed)
  load op 9f at 756: addr 0xfe0040068 idx 0 fmt 1 regoff 0x0 n 921 (table contents not committed)
  load op 9f at 763: addr 0x505201528 idx 0 fmt 1 regoff 0x0 n 74 (table contents not committed)
  load op 63 at 768: addr 0x908e5ff90 idx 0 fmt 1 regoff 0x0 n 6 (table contents not committed)
  load op 9f at 773: addr 0x908e5ffc0 idx 0 fmt 1 regoff 0x0 n 10 (table contents not committed)
  load op 64 at 778: addr 0x505200510 idx 0 fmt 1 regoff 0x0 n 5 (table contents not committed)
  load op 9f at 901: addr 0xfe0040068 idx 0 fmt 1 regoff 0x0 n 921 (table contents not committed)
  load op 9f at 908: addr 0x505201778 idx 0 fmt 1 regoff 0x0 n 74 (table contents not committed)
  load op 63 at 913: addr 0x908e5ff90 idx 0 fmt 1 regoff 0x0 n 6 (table contents not committed)
  load op 9f at 918: addr 0x908e5ffc0 idx 0 fmt 1 regoff 0x0 n 10 (table contents not committed)
  load op 64 at 923: addr 0x505200538 idx 0 fmt 1 regoff 0x0 n 5 (table contents not committed)
  load op 9f at 1046: addr 0xfe0040068 idx 0 fmt 1 regoff 0x0 n 921 (table contents not committed)
  load op 9f at 1053: addr 0x5052019c8 idx 0 fmt 1 regoff 0x0 n 74 (table contents not committed)
  load op 63 at 1058: addr 0x908e5ff90 idx 0 fmt 1 regoff 0x0 n 6 (table contents not committed)
  load op 9f at 1063: addr 0x908e5ffc0 idx 0 fmt 1 regoff 0x0 n 10 (table contents not committed)
  load op 64 at 1068: addr 0x505200560 idx 0 fmt 1 regoff 0x0 n 5 (table contents not committed)
submit #382 dcb 1248 dwords at 0x504e02500: pass 151 rewrite 46 drop 45 unmapped 0 cc 6 mappings 1150 ... OK rc 0 19.25 ms
timing: #382 done at t 59.802 s, 309.1 ms after the sync and hints
state stack #382: push 3 pop 3 conditional 1 unmatched 0; restored 2763 regs (+2811 dwords); tables 11, unreadable 0
flip 1/0 buffer 0x507410000 +0x1fe0000: sum 0x17ea65194594 nonzero 8100/8160 pattern 0
  target CB0 0x5093f0000: distinct 53 min 0xc0000000 max 0xc340d034,   target CB0 0x5093f0000: nonzero 1024/1024
  target CB0 0x563800000: distinct 1 min 0x00000000 max 0x00000000,   target CB0 0x563800000: nonzero 0/1024
  target CB0 0x55c00d000: distinct 4 min 0x00000000 max 0xffffffff,   target CB0 0x55c00d000: nonzero 147/1024
  target CB0 0x5637f0000: distinct 1 min 0x00000000 max 0x00000000,   target CB0 0x5637f0000: nonzero 0/1024
  target CB0 0x5219a0000: distinct 1 min 0x38003800 max 0x38003800,   target CB0 0x5219a0000: nonzero 1024/1024
  target CB0 0x57136d000: distinct 14 min 0x00000000 max 0xffffffff,   target CB0 0x57136d000: nonzero 156/1024
  target DB_HTILE 0x51c5b0000: distinct 2 min 0x00000000 max 0xfffffff0,   target DB_HTILE 0x51c5b0000: nonzero 128/1024
  target DB_Z_READ 0x51a6d0000: distinct 1 min 0x3f800000 max 0x3f800000,   target DB_Z_READ 0x51a6d0000: nonzero 1024/1024
  target DB_STENCIL_READ 0x51bf30000: distinct 1 min 0x80800000 max 0x80800000,   target DB_STENCIL_READ 0x51bf30000: nonzero 1024/1024
  target CB0 0x512cf0000: distinct 1 min 0x00000000 max 0x00000000,   target CB0 0x512cf0000: nonzero 0/1024
  target CB0 0x5712c1000: distinct 15 min 0x00000000 max 0xffffffff,   target CB0 0x5712c1000: nonzero 244/1024
  target CB0 0x5712d1000: distinct 15 min 0x00000000 max 0xffffffff,   target CB0 0x5712d1000: nonzero 228/1024
  target CB0 0x517610000: distinct 1 min 0x00000000 max 0x00000000,   target CB0 0x517610000: nonzero 0/1024
  target CB0 0x571325000: distinct 14 min 0x00000000 max 0xffffffff,   target CB0 0x571325000: nonzero 172/1024
  target DB_HTILE 0x55c050000: distinct 3 min 0x00000000 max 0xffffffff,   target DB_HTILE 0x55c050000: nonzero 144/1024
  target DB_Z_READ 0x527430000: distinct 1 min 0xffffffff max 0xffffffff,   target DB_Z_READ 0x527430000: nonzero 1024/1024
timing: t 59.831 s flip 1/0, VideoOutSubmitFlip took 0.0 ms
cpu-wait WAIT_REG_MEM64 at 115 on 0x400202d40: satisfied after 0.0 ms
timing: t 59.833 s after that wait (dcb 9089 dwords)
cpu-wait WAIT_REG_MEM64 at 1629 on 0x400202dc0: satisfied after 0.0 ms
timing: t 59.835 s after that wait (dcb 9089 dwords)
cpu-wait WAIT_REG_MEM64 at 8538 on 0x559cd49a53d0: satisfied after 0.0 ms
timing: t 59.838 s after that wait (dcb 9089 dwords)
timing: t 59.839 s dcb 9089 dwords: sync 11.5 ms, hints 0.3 ms
  indirect op 16 at 1246: base 0x5074063c0 +0x0 -> 1 1 1 0 0
  indirect op 16 at 1278: base 0x5074063e0 +0x0 -> 1 1 1 0 0
  indirect op 16 at 1310: base 0x50740a520 +0x0 -> 1 1 1 0 0
  indirect op 16 at 1342: base 0x50740a540 +0x0 -> 1 1 1 0 0
  indirect op 25 at 4584: base 0x56ddaffa0 +0x0 -> 1 512 0 0 0
  load op 9f at 28: addr 0xfe0040068 idx 0 fmt 1 regoff 0x0 n 921 (table contents not committed)
  load op 63 at 33: addr 0xfe0042068 idx 0 fmt 1 regoff 0x0 n 174 (table contents not committed)
  load op 64 at 38: addr 0xfe00425d8 idx 0 fmt 1 regoff 0x0 n 57 (table contents not committed)
  load op 9f at 80: addr 0x502e01500 idx 0 fmt 1 regoff 0x0 n 295 (table contents not committed)
  load op 64 at 85: addr 0x502e00500 idx 0 fmt 1 regoff 0x0 n 7 (table contents not committed)
  load op 63 at 90: addr 0x502dff500 idx 0 fmt 1 regoff 0x0 n 13 (table contents not committed)
  load op 63 at 342: addr 0x502dff568 idx 0 fmt 1 regoff 0x0 n 10 (table contents not committed)
  load op 63 at 734: addr 0x502dff5b8 idx 0 fmt 1 regoff 0x0 n 18 (table contents not committed)
  load op 63 at 1217: addr 0x502dff648 idx 0 fmt 1 regoff 0x0 n 10 (table contents not committed)
  load op 63 at 1249: addr 0x502dff698 idx 0 fmt 1 regoff 0x0 n 10 (table contents not committed)
  load op 63 at 1281: addr 0x502dff6e8 idx 0 fmt 1 regoff 0x0 n 10 (table contents not committed)
  load op 63 at 1313: addr 0x502dff738 idx 0 fmt 1 regoff 0x0 n 10 (table contents not committed)
  load op 9f at 1724: addr 0xfe0040068 idx 0 fmt 1 regoff 0x0 n 921 (table contents not committed)
  load op 9f at 1731: addr 0x502e01e38 idx 0 fmt 1 regoff 0x0 n 74 (table contents not committed)
  load op 63 at 1736: addr 0x908e5ff90 idx 0 fmt 1 regoff 0x0 n 6 (table contents not committed)
  load op 9f at 1741: addr 0x908e5ffc0 idx 0 fmt 1 regoff 0x0 n 10 (table contents not committed)
  load op 64 at 1746: addr 0x502e00538 idx 0 fmt 1 regoff 0x0 n 5 (table contents not committed)
  load op 9f at 1799: addr 0x502e02088 idx 0 fmt 1 regoff 0x0 n 132 (table contents not committed)
  load op 63 at 1804: addr 0x502dff788 idx 0 fmt 1 regoff 0x0 n 30 (table contents not committed)
  load op 64 at 1884: addr 0x502e00560 idx 0 fmt 1 regoff 0x0 n 5 (table contents not committed)
  load op 9f at 1891: addr 0x502dfd440 idx 0 fmt 1 regoff 0x0 n 175 (table contents not committed)
  load op 63 at 2106: addr 0x502dff878 idx 0 fmt 1 regoff 0x0 n 20 (table contents not committed)
  load op 9f at 3069: addr 0xfe0040068 idx 0 fmt 1 regoff 0x0 n 921 (table contents not committed)
  load op 9f at 3076: addr 0x502dfd9b8 idx 0 fmt 1 regoff 0x0 n 70 (table contents not committed)
  load op 63 at 3081: addr 0x908e5ff90 idx 0 fmt 1 regoff 0x0 n 6 (table contents not committed)
  load op 9f at 3086: addr 0x908e5ffc0 idx 0 fmt 1 regoff 0x0 n 10 (table contents not committed)
  load op 63 at 3091: addr 0x908e5f7d0 idx 0 fmt 1 regoff 0x0 n 6 (table contents not committed)
  load op 9f at 3096: addr 0x908e5f800 idx 0 fmt 1 regoff 0x0 n 9 (table contents not committed)
  load op 64 at 3101: addr 0x502e00588 idx 0 fmt 1 regoff 0x0 n 5 (table contents not committed)
  load op 9f at 3140: addr 0x502dfdbe8 idx 0 fmt 1 regoff 0x0 n 19 (table contents not committed)
  load op 63 at 3145: addr 0x502dff918 idx 0 fmt 1 regoff 0x0 n 12 (table contents not committed)
  load op 9f at 3268: addr 0xfe0040068 idx 0 fmt 1 regoff 0x0 n 921 (table contents not committed)
  load op 9f at 3275: addr 0x502dfdc80 idx 0 fmt 1 regoff 0x0 n 74 (table contents not committed)
  load op 63 at 3280: addr 0x908e5ff90 idx 0 fmt 1 regoff 0x0 n 6 (table contents not committed)
  load op 9f at 3285: addr 0x908e5ffc0 idx 0 fmt 1 regoff 0x0 n 10 (table contents not committed)
  load op 64 at 3290: addr 0x502e005b0 idx 0 fmt 1 regoff 0x0 n 5 (table contents not committed)
  load op 9f at 3329: addr 0x502dfded0 idx 0 fmt 1 regoff 0x0 n 166 (table contents not committed)
  load op 63 at 3334: addr 0x502dff978 idx 0 fmt 1 regoff 0x0 n 30 (table contents not committed)
  load op 64 at 3430: addr 0x502e005d8 idx 0 fmt 1 regoff 0x0 n 5 (table contents not committed)
  load op 9f at 3437: addr 0x502dfc320 idx 0 fmt 1 regoff 0x0 n 135 (table contents not committed)
  load op 63 at 3675: addr 0x502dffa68 idx 0 fmt 1 regoff 0x0 n 36 (table contents not committed)
  load op 64 at 4540: addr 0x502e00600 idx 0 fmt 1 regoff 0x0 n 6 (table contents not committed)
  load op 9f at 4545: addr 0x502dfc758 idx 0 fmt 1 regoff 0x0 n 376 (table contents not committed)
  load op 9f at 4552: addr 0x502dfb118 idx 0 fmt 1 regoff 0x0 n 205 (table contents not committed)
  load op 9f at 4853: addr 0xfe0040068 idx 0 fmt 1 regoff 0x0 n 921 (table contents not committed)
  load op 9f at 4860: addr 0x502dfb780 idx 0 fmt 1 regoff 0x0 n 74 (table contents not committed)
  load op 63 at 4865: addr 0x908e5ff90 idx 0 fmt 1 regoff 0x0 n 6 (table contents not committed)
  load op 9f at 4870: addr 0x908e5ffc0 idx 0 fmt 1 regoff 0x0 n 10 (table contents not committed)
  load op 64 at 4875: addr 0x502e00630 idx 0 fmt 1 regoff 0x0 n 5 (table contents not committed)
  load op 63 at 4914: addr 0x502dffb88 idx 0 fmt 1 regoff 0x0 n 21 (table contents not committed)
  load op 9f at 4925: addr 0x502dfb9d0 idx 0 fmt 1 regoff 0x0 n 223 (table contents not committed)
  load op 63 at 5901: addr 0x502dffc30 idx 0 fmt 1 regoff 0x0 n 10 (table contents not committed)
  load op 64 at 6381: addr 0x502e00658 idx 0 fmt 1 regoff 0x0 n 5 (table contents not committed)
  load op 63 at 6388: addr 0x502dffc80 idx 0 fmt 1 regoff 0x0 n 18 (table contents not committed)
  load op 9f at 6393: addr 0x502df9dd0 idx 0 fmt 1 regoff 0x0 n 67 (table contents not committed)
  load op 9f at 6506: addr 0x502df9fe8 idx 0 fmt 1 regoff 0x0 n 129 (table contents not committed)
  load op 63 at 6511: addr 0x502dffd10 idx 0 fmt 1 regoff 0x0 n 18 (table contents not committed)
  load op 64 at 6516: addr 0x502e00680 idx 0 fmt 1 regoff 0x0 n 3 (table contents not committed)
  load op 9f at 6629: addr 0x502dfa3f0 idx 0 fmt 1 regoff 0x0 n 129 (table contents not committed)
  load op 63 at 6634: addr 0x502dffda0 idx 0 fmt 1 regoff 0x0 n 18 (table contents not committed)
  load op 64 at 6639: addr 0x502e00698 idx 0 fmt 1 regoff 0x0 n 3 (table contents not committed)
  load op 9f at 6752: addr 0x502dfa7f8 idx 0 fmt 1 regoff 0x0 n 58 (table contents not committed)
  load op 9f at 6857: addr 0x502dfa9c8 idx 0 fmt 1 regoff 0x0 n 66 (table contents not committed)
  load op 9f at 6962: addr 0x502dfabd8 idx 0 fmt 1 regoff 0x0 n 58 (table contents not committed)
  load op 9f at 7067: addr 0x502df8140 idx 0 fmt 1 regoff 0x0 n 66 (table contents not committed)
  load op 9f at 7172: addr 0x502df8350 idx 0 fmt 1 regoff 0x0 n 58 (table contents not committed)
  load op 9f at 7277: addr 0x502df8520 idx 0 fmt 1 regoff 0x0 n 130 (table contents not committed)
  load op 63 at 7282: addr 0x502dffe30 idx 0 fmt 1 regoff 0x0 n 18 (table contents not committed)
  load op 64 at 7287: addr 0x502e006b0 idx 0 fmt 1 regoff 0x0 n 3 (table contents not committed)
  load op 9f at 7414: addr 0x502df8930 idx 0 fmt 1 regoff 0x0 n 135 (table contents not committed)
  load op 63 at 7419: addr 0x502dffec0 idx 0 fmt 1 regoff 0x0 n 18 (table contents not committed)
  load op 64 at 7424: addr 0x502e006c8 idx 0 fmt 1 regoff 0x0 n 3 (table contents not committed)
  load op 63 at 8002: addr 0x502dfff50 idx 0 fmt 1 regoff 0x0 n 28 (table contents not committed)
  load op 64 at 8579: addr 0x502e006e0 idx 0 fmt 1 regoff 0x0 n 5 (table contents not committed)
  load op 9f at 8584: addr 0x502df8d68 idx 0 fmt 1 regoff 0x0 n 113 (table contents not committed)
  load op 9f at 8591: addr 0x502df68b8 idx 0 fmt 1 regoff 0x0 n 168 (table contents not committed)
submit #383 dcb 9089 dwords at 0x502702500: pass 563 rewrite 485 drop 413 unmapped 1 cc 8 mappings 1150 ... OK rc 0 22.93 ms
timing: #383 done at t 60.997 s, 1145.8 ms after the sync and hints
state stack #383: push 4 pop 4 conditional 1 unmatched 0; restored 3684 regs (+3748 dwords); tables 35, unreadable 0
timing: t 60.999 s acb 2 dwords: sync 12.0 ms, hints 0.0 ms
submit #384 acb 2 dwords at 0xfe003a200: pass 1 rewrite 0 drop 0 unmapped 0 cc 0 mappings 1150 ... OK rc 0 19.44 ms
timing: #384 done at t 61.035 s, 24.5 ms after the sync and hints
cpu-wait WAIT_REG_MEM64 at 0 on 0x400202f80: satisfied after 0.0 ms
timing: t 61.037 s after that wait (acb 49 dwords)
timing: t 61.036 s cc 3 dwords: sync 14.4 ms, hints 0.1 ms
submit #385 cc 3 dwords at 0x313b17cf4: pass 0 rewrite 1 drop 0 unmapped 0 cc 1 mappings 1150 ... OK rc 0 20.07 ms
timing: #385 done at t 61.076 s, 25.0 ms after the sync and hints
timing: t 61.077 s acb 49 dwords: sync 11.9 ms, hints 0.0 ms
submit #386 acb 49 dwords at 0x4002a69dc: pass 2 rewrite 3 drop 3 unmapped 0 cc 0 mappings 1150 ... OK rc 0 19.30 ms
timing: #386 done at t 61.113 s, 24.2 ms after the sync and hints
timing: t 61.114 s hib 150 dwords: sync 11.4 ms, hints 0.1 ms
  load op 61 at 10: base 0xfe0008000 pairs (0x0,215) (0xd8,272) (0x1f5,4) (0x1ff,158) (0x2a0,2) (0x2a3,1) (0x2a5,66) (0x2f5,203)
  load op 5f at 29: base 0xfe0010000 pairs (0x1,1) (0x6,38) (0x32,4) (0x80,4) (0x87,37) (0xb2,4) (0xc8,2) (0x100,4) (0x107,37) (0x132,4) (0x148,2) (0x204,3) (0x20c,2) (0x212,2) (0x215,6) (0x224,5) (0x22a,1) (0x240,16) (0x27d,1) (0x280,1) (0x207,3)
  load op 5e at 74: base 0xfe0011000 pairs (0x35,8) (0xa2,1) (0x242,1) (0x248,1) (0x24a,2) (0x25b,6) (0x262,1) (0x2bb,5) (0x2c4,16) (0x2e4,8) (0x380,2) (0x383,2) (0x41d,3) (0x24d,1)
  load op 61 at 105: base 0xfe0008000 pairs (0x0,0)
  load op 5f at 110: base 0xfe0010000 pairs (0x0,0)
  load op 5e at 115: base 0xfe0011000 pairs (0x0,0)
  load op 61 at 125: base 0xfe0008000 pairs (0x0,0)
  load op 5f at 130: base 0xfe0010000 pairs (0x0,0)
  load op 5e at 135: base 0xfe0011000 pairs (0x0,0)
submit #387 hib 150 dwords at 0xfe0000000: pass 12 rewrite 2 drop 2 unmapped 0 cc 2 mappings 1150 ... OK rc 0 19.05 ms
timing: #387 done at t 61.212 s, 87.0 ms after the sync and hints
map 0x1120a50000 +0x50000 ... ok
swapped pages taken as resident so far: 0
vmas 108 total 13075.0 MiB resident 3671.7 MiB mapped 3671.7 MiB
timing: t 61.213 s hib 2 dwords: sync 16.0 ms, hints 0.1 ms
submit #388 hib 2 dwords at 0xfe003a200: pass 1 rewrite 0 drop 0 unmapped 0 cc 0 mappings 1151 ... OK rc 0 19.02 ms
timing: #388 done at t 61.253 s, 23.9 ms after the sync and hints
map 0x335978000 +0x10000 ... ok
map 0x335988000 +0x10000 ... ok
map 0x403a20000 +0x10000 ... ok
swapped pages taken as resident so far: 0
vmas 108 total 13075.0 MiB resident 3671.9 MiB mapped 3671.9 MiB
timing: t 61.254 s dcb 96 dwords: sync 18.8 ms, hints 0.1 ms
  load op 9f at 38: addr 0xfe0040068 idx 0 fmt 1 regoff 0x0 n 921 (table contents not committed)
  load op 63 at 43: addr 0xfe0042068 idx 0 fmt 1 regoff 0x0 n 174 (table contents not committed)
  load op 64 at 48: addr 0xfe00425d8 idx 0 fmt 1 regoff 0x0 n 49 (table contents not committed)
submit #389 dcb 96 dwords at 0xfe0042920: pass 20 rewrite 2 drop 2 unmapped 0 cc 0 mappings 1154 ... OK rc 0 18.90 ms
timing: #389 done at t 61.344 s, 70.7 ms after the sync and hints
timing: t 61.345 s dcb 2647 dwords: sync 11.4 ms, hints 0.2 ms
  load op 9f at 36: addr 0xfe0040068 idx 0 fmt 1 regoff 0x0 n 921 (table contents not committed)
  load op 63 at 41: addr 0xfe0042068 idx 0 fmt 1 regoff 0x0 n 174 (table contents not committed)
  load op 64 at 46: addr 0xfe00425d8 idx 0 fmt 1 regoff 0x0 n 57 (table contents not committed)
  load op 9f at 88: addr 0x504a01500 idx 0 fmt 1 regoff 0x0 n 136 (table contents not committed)
  load op 64 at 93: addr 0x504a00500 idx 0 fmt 1 regoff 0x0 n 3 (table contents not committed)
  load op 63 at 98: addr 0x5049ff500 idx 0 fmt 1 regoff 0x0 n 3 (table contents not committed)
  load op 9f at 1541: addr 0xfe0040068 idx 0 fmt 1 regoff 0x0 n 921 (table contents not committed)
  load op 9f at 1548: addr 0x504a01940 idx 0 fmt 1 regoff 0x0 n 70 (table contents not committed)
  load op 63 at 1553: addr 0x908e5ff90 idx 0 fmt 1 regoff 0x0 n 6 (table contents not committed)
  load op 9f at 1558: addr 0x908e5ffc0 idx 0 fmt 1 regoff 0x0 n 10 (table contents not committed)
  load op 63 at 1563: addr 0x908e5f7d0 idx 0 fmt 1 regoff 0x0 n 6 (table contents not committed)
  load op 9f at 1568: addr 0x908e5f800 idx 0 fmt 1 regoff 0x0 n 9 (table contents not committed)
  load op 64 at 1573: addr 0x504a00518 idx 0 fmt 1 regoff 0x0 n 5 (table contents not committed)
  load op 9f at 1691: addr 0x504a01b70 idx 0 fmt 1 regoff 0x0 n 131 (table contents not committed)
  load op 64 at 1698: addr 0x504a00540 idx 0 fmt 1 regoff 0x0 n 1 (table contents not committed)
  load op 9f at 1730: addr 0xfe0040068 idx 0 fmt 1 regoff 0x0 n 921 (table contents not committed)
  load op 9f at 1737: addr 0x504a01f88 idx 0 fmt 1 regoff 0x0 n 70 (table contents not committed)
  load op 63 at 1742: addr 0x908e5ff90 idx 0 fmt 1 regoff 0x0 n 6 (table contents not committed)
  load op 9f at 1747: addr 0x908e5ffc0 idx 0 fmt 1 regoff 0x0 n 10 (table contents not committed)
  load op 63 at 1752: addr 0x908e5f7d0 idx 0 fmt 1 regoff 0x0 n 6 (table contents not committed)
  load op 9f at 1757: addr 0x908e5f800 idx 0 fmt 1 regoff 0x0 n 9 (table contents not committed)
  load op 64 at 1762: addr 0x504a00548 idx 0 fmt 1 regoff 0x0 n 5 (table contents not committed)
  load op 63 at 1858: addr 0x5049ff518 idx 0 fmt 1 regoff 0x0 n 10 (table contents not committed)
  load op 63 at 2049: addr 0x5049ff568 idx 0 fmt 1 regoff 0x0 n 28 (table contents not committed)
  load op 64 at 2123: addr 0x504a00570 idx 0 fmt 1 regoff 0x0 n 5 (table contents not committed)
  load op 9f at 2130: addr 0x504a021b8 idx 0 fmt 1 regoff 0x0 n 96 (table contents not committed)
  load op 9f at 2135: addr 0x5049fe390 idx 0 fmt 1 regoff 0x0 n 194 (table contents not committed)
submit #390 dcb 2647 dwords at 0x504302500: pass 236 rewrite 123 drop 120 unmapped 0 cc 4 mappings 1154 ... OK rc 0 19.05 ms
timing: #390 done at t 61.745 s, 388.9 ms after the sync and hints
state stack #390: push 2 pop 2 conditional 1 unmatched 0; restored 1842 regs (+1874 dwords); tables 13, unreadable 0
timing: t 61.747 s dcb 851 dwords: sync 11.4 ms, hints 0.1 ms
  load op 9f at 38: addr 0xfe0040068 idx 0 fmt 1 regoff 0x0 n 921 (table contents not committed)
  load op 63 at 43: addr 0xfe0042068 idx 0 fmt 1 regoff 0x0 n 174 (table contents not committed)
  load op 64 at 48: addr 0xfe00425d8 idx 0 fmt 1 regoff 0x0 n 57 (table contents not committed)
  load op 9f at 90: addr 0x506201500 idx 0 fmt 1 regoff 0x0 n 5 (table contents not committed)
  load op 64 at 95: addr 0x506200500 idx 0 fmt 1 regoff 0x0 n 2 (table contents not committed)
  load op 63 at 100: addr 0x5061ff500 idx 0 fmt 1 regoff 0x0 n 3 (table contents not committed)
submit #391 dcb 851 dwords at 0x505e02500: pass 47 rewrite 55 drop 45 unmapped 0 cc 0 mappings 1154 ... OK rc 0 18.68 ms
timing: #391 done at t 61.852 s, 93.0 ms after the sync and hints
timing: t 61.853 s acb 2 dwords: sync 12.4 ms, hints 0.0 ms
submit #392 acb 2 dwords at 0xfe003a200: pass 1 rewrite 0 drop 0 unmapped 0 cc 0 mappings 1154 ... OK rc 0 19.17 ms
timing: #392 done at t 61.889 s, 24.0 ms after the sync and hints
cpu-wait WAIT_REG_MEM64 at 87 on 0x400203980: satisfied after 0.0 ms
timing: t 61.891 s after that wait (acb 463 dwords)
timing: t 61.890 s dcb 798 dwords: sync 11.8 ms, hints 0.2 ms
  load op 9f at 35: addr 0xfe0040068 idx 0 fmt 1 regoff 0x0 n 921 (table contents not committed)
  load op 63 at 40: addr 0xfe0042068 idx 0 fmt 1 regoff 0x0 n 174 (table contents not committed)
  load op 64 at 45: addr 0xfe00425d8 idx 0 fmt 1 regoff 0x0 n 57 (table contents not committed)
  load op 9f at 87: addr 0x507401500 idx 0 fmt 1 regoff 0x0 n 136 (table contents not committed)
  load op 64 at 92: addr 0x507400500 idx 0 fmt 1 regoff 0x0 n 3 (table contents not committed)
  load op 63 at 97: addr 0x5073ff500 idx 0 fmt 1 regoff 0x0 n 3 (table contents not committed)
  load op 9f at 212: addr 0xfe0040068 idx 0 fmt 1 regoff 0x0 n 921 (table contents not committed)
  load op 9f at 219: addr 0x507401940 idx 0 fmt 1 regoff 0x0 n 70 (table contents not committed)
  load op 63 at 224: addr 0x908e5ff90 idx 0 fmt 1 regoff 0x0 n 6 (table contents not committed)
  load op 9f at 229: addr 0x908e5ffc0 idx 0 fmt 1 regoff 0x0 n 10 (table contents not committed)
  load op 63 at 234: addr 0x908e5f7d0 idx 0 fmt 1 regoff 0x0 n 6 (table contents not committed)
  load op 9f at 239: addr 0x908e5f800 idx 0 fmt 1 regoff 0x0 n 9 (table contents not committed)
  load op 64 at 244: addr 0x507400518 idx 0 fmt 1 regoff 0x0 n 5 (table contents not committed)
  load op 9f at 340: addr 0x507401b70 idx 0 fmt 1 regoff 0x0 n 131 (table contents not committed)
  load op 64 at 347: addr 0x507400540 idx 0 fmt 1 regoff 0x0 n 1 (table contents not committed)
  load op 9f at 379: addr 0xfe0040068 idx 0 fmt 1 regoff 0x0 n 921 (table contents not committed)
  load op 9f at 386: addr 0x507401f88 idx 0 fmt 1 regoff 0x0 n 70 (table contents not committed)
  load op 63 at 391: addr 0x908e5ff90 idx 0 fmt 1 regoff 0x0 n 6 (table contents not committed)
  load op 9f at 396: addr 0x908e5ffc0 idx 0 fmt 1 regoff 0x0 n 10 (table contents not committed)
  load op 63 at 401: addr 0x908e5f7d0 idx 0 fmt 1 regoff 0x0 n 6 (table contents not committed)
  load op 9f at 406: addr 0x908e5f800 idx 0 fmt 1 regoff 0x0 n 9 (table contents not committed)
  load op 64 at 411: addr 0x507400548 idx 0 fmt 1 regoff 0x0 n 5 (table contents not committed)
  load op 9f at 548: addr 0x5074021b8 idx 0 fmt 1 regoff 0x0 n 98 (table contents not committed)
  load op 64 at 555: addr 0x507400570 idx 0 fmt 1 regoff 0x0 n 1 (table contents not committed)
  load op 9f at 560: addr 0x5073fe500 idx 0 fmt 1 regoff 0x0 n 33 (table contents not committed)
  load op 9f at 592: addr 0xfe0040068 idx 0 fmt 1 regoff 0x0 n 921 (table contents not committed)
  load op 9f at 599: addr 0x5073fe608 idx 0 fmt 1 regoff 0x0 n 70 (table contents not committed)
  load op 63 at 604: addr 0x908e5ff90 idx 0 fmt 1 regoff 0x0 n 6 (table contents not committed)
  load op 9f at 609: addr 0x908e5ffc0 idx 0 fmt 1 regoff 0x0 n 10 (table contents not committed)
  load op 63 at 614: addr 0x908e5f7d0 idx 0 fmt 1 regoff 0x0 n 6 (table contents not committed)
  load op 9f at 619: addr 0x908e5f800 idx 0 fmt 1 regoff 0x0 n 9 (table contents not committed)
  load op 64 at 624: addr 0x507400578 idx 0 fmt 1 regoff 0x0 n 5 (table contents not committed)
submit #393 dcb 798 dwords at 0x506e02500: pass 103 rewrite 35 drop 22 unmapped 0 cc 6 mappings 1154 ... OK rc 0 19.26 ms
timing: #393 done at t 62.350 s, 447.4 ms after the sync and hints
state stack #393: push 3 pop 3 conditional 1 unmatched 0; restored 2763 regs (+2811 dwords); tables 17, unreadable 0
timing: t 62.351 s acb 463 dwords: sync 11.4 ms, hints 0.0 ms
submit #394 acb 463 dwords at 0x400526840: pass 43 rewrite 11 drop 27 unmapped 0 cc 0 mappings 1154 ... OK rc 0 19.02 ms
timing: #394 done at t 62.387 s, 24.0 ms after the sync and hints
acb head: 1287 of 1336 dwords go ahead of the wait at 1287 on 0x400203b80
timing: t 62.388 s dcb 1248 dwords: sync 11.2 ms, hints 0.2 ms
  load op 9f at 36: addr 0xfe0040068 idx 0 fmt 1 regoff 0x0 n 921 (table contents not committed)
  load op 63 at 41: addr 0xfe0042068 idx 0 fmt 1 regoff 0x0 n 174 (table contents not committed)
  load op 64 at 46: addr 0xfe00425d8 idx 0 fmt 1 regoff 0x0 n 57 (table contents not committed)
  load op 9f at 88: addr 0x505601500 idx 0 fmt 1 regoff 0x0 n 5 (table contents not committed)
  load op 64 at 93: addr 0x505600500 idx 0 fmt 1 regoff 0x0 n 2 (table contents not committed)
  load op 63 at 98: addr 0x5055ff500 idx 0 fmt 1 regoff 0x0 n 3 (table contents not committed)
  load op 9f at 756: addr 0xfe0040068 idx 0 fmt 1 regoff 0x0 n 921 (table contents not committed)
  load op 9f at 763: addr 0x505601528 idx 0 fmt 1 regoff 0x0 n 74 (table contents not committed)
  load op 63 at 768: addr 0x908e5ff90 idx 0 fmt 1 regoff 0x0 n 6 (table contents not committed)
  load op 9f at 773: addr 0x908e5ffc0 idx 0 fmt 1 regoff 0x0 n 10 (table contents not committed)
  load op 64 at 778: addr 0x505600510 idx 0 fmt 1 regoff 0x0 n 5 (table contents not committed)
  load op 9f at 901: addr 0xfe0040068 idx 0 fmt 1 regoff 0x0 n 921 (table contents not committed)
  load op 9f at 908: addr 0x505601778 idx 0 fmt 1 regoff 0x0 n 74 (table contents not committed)
  load op 63 at 913: addr 0x908e5ff90 idx 0 fmt 1 regoff 0x0 n 6 (table contents not committed)
  load op 9f at 918: addr 0x908e5ffc0 idx 0 fmt 1 regoff 0x0 n 10 (table contents not committed)
  load op 64 at 923: addr 0x505600538 idx 0 fmt 1 regoff 0x0 n 5 (table contents not committed)
  load op 9f at 1046: addr 0xfe0040068 idx 0 fmt 1 regoff 0x0 n 921 (table contents not committed)
  load op 9f at 1053: addr 0x5056019c8 idx 0 fmt 1 regoff 0x0 n 74 (table contents not committed)
  load op 63 at 1058: addr 0x908e5ff90 idx 0 fmt 1 regoff 0x0 n 6 (table contents not committed)
  load op 9f at 1063: addr 0x908e5ffc0 idx 0 fmt 1 regoff 0x0 n 10 (table contents not committed)
  load op 64 at 1068: addr 0x505600560 idx 0 fmt 1 regoff 0x0 n 5 (table contents not committed)
submit #395 dcb 1248 dwords at 0x505202500: pass 151 rewrite 46 drop 45 unmapped 0 cc 6 mappings 1154 ... OK rc 0 18.72 ms
timing: #395 done at t 62.706 s, 306.6 ms after the sync and hints
state stack #395: push 3 pop 3 conditional 1 unmatched 0; restored 2763 regs (+2811 dwords); tables 11, unreadable 0
flip 1/1 buffer 0x5093f0000 +0x1fe0000: sum 0x17ea65194594 nonzero 8100/8160 pattern 0
  target CB0 0x507410000: distinct 53 min 0xc0000000 max 0xc340d034,   target CB0 0x507410000: nonzero 1024/1024
  target CB0 0x563800000: distinct 1 min 0x00000000 max 0x00000000,   target CB0 0x563800000: nonzero 0/1024
  target CB0 0x55c00d000: distinct 4 min 0x00000000 max 0xffffffff,   target CB0 0x55c00d000: nonzero 147/1024
  target CB0 0x5637f0000: distinct 1 min 0x00000000 max 0x00000000,   target CB0 0x5637f0000: nonzero 0/1024
  target CB0 0x5219a0000: distinct 1 min 0x38003800 max 0x38003800,   target CB0 0x5219a0000: nonzero 1024/1024
  target CB0 0x57136d000: distinct 14 min 0x00000000 max 0xffffffff,   target CB0 0x57136d000: nonzero 156/1024
timing: t 62.708 s acb 1287 dwords: sync 11.6 ms, hints 0.0 ms
  target DB_HTILE 0x51c5b0000: distinct 2 min 0x00000000 max 0xfffffff0,   target DB_HTILE 0x51c5b0000: nonzero 128/1024
  target DB_Z_READ 0x51a6d0000: distinct 1 min 0x3f800000 max 0x3f800000, submit #396 acb 1287 dwords at 0x400345640: pass 118 rewrite 35 drop 63 unmapped 0 cc 0 mappings 1154 ...   target DB_Z_READ 0x51a6d0000: nonzero 1024/1024
  target DB_STENCIL_READ 0x51bf30000: distinct 1 min 0x80800000 max 0x80800000,   target DB_STENCIL_READ 0x51bf30000: nonzero 1024/1024
  target CB0 0x512cf0000: distinct 1 min 0x00000000 max 0x00000000,   target CB0 0x512cf0000: nonzero 0/1024
  target CB0 0x5712c1000: distinct 15 min 0x00000000 max 0xffffffff,   target CB0 0x5712c1000: nonzero 244/1024
  target CB0 0x5712d1000: distinct 15 min 0x00000000 max 0xffffffff,   target CB0 0x5712d1000: nonzero 228/1024
  target CB0 0x517610000: distinct 1 min 0x00000000 max 0x00000000,   target CB0 0x517610000: nonzero 0/1024
  target CB0 0x571325000: distinct 14 min 0x00000000 max 0xffffffff,   target CB0 0x571325000: nonzero 172/1024
  target DB_HTILE 0x55c050000: distinct 3 min 0x00000000 max 0xffffffff,   target DB_HTILE 0x55c050000: nonzero 144/1024
  target DB_Z_READ 0x527430000: distinct 1 min 0xffffffff max 0xffffffff,   target DB_Z_READ 0x527430000: nonzero 1024/1024
timing: t 62.740 s flip 1/1, VideoOutSubmitFlip took 0.0 ms
OK rc 0 20.43 ms
timing: #396 done at t 62.747 s, 28.1 ms after the sync and hints
cpu-wait WAIT_REG_MEM64 at 115 on 0x400203940: satisfied after 0.0 ms
timing: t 62.749 s after that wait (dcb 9089 dwords)
cpu-wait WAIT_REG_MEM64 at 1629 on 0x4002039c0: satisfied after 0.0 ms
timing: t 62.752 s after that wait (dcb 9089 dwords)
cpu-wait WAIT_REG_MEM64 at 8538 on 0x559cd49a53d8: satisfied after 0.0 ms
timing: t 62.754 s after that wait (dcb 9089 dwords)
timing: t 62.754 s dcb 9089 dwords: sync 11.5 ms, hints 0.3 ms
  indirect op 16 at 1246: base 0x5074063c0 +0x0 -> 1 1 1 0 0
  indirect op 16 at 1278: base 0x5074063e0 +0x0 -> 1 1 1 0 0
  indirect op 16 at 1310: base 0x50740a520 +0x0 -> 1 1 1 0 0
  indirect op 16 at 1342: base 0x50740a540 +0x0 -> 1 1 1 0 0
  indirect op 25 at 4584: base 0x56ddaffa0 +0x0 -> 1 512 0 0 0
  load op 9f at 28: addr 0xfe0040068 idx 0 fmt 1 regoff 0x0 n 921 (table contents not committed)
  load op 63 at 33: addr 0xfe0042068 idx 0 fmt 1 regoff 0x0 n 174 (table contents not committed)
  load op 64 at 38: addr 0xfe00425d8 idx 0 fmt 1 regoff 0x0 n 57 (table contents not committed)
  load op 9f at 80: addr 0x503501500 idx 0 fmt 1 regoff 0x0 n 295 (table contents not committed)
  load op 64 at 85: addr 0x503500500 idx 0 fmt 1 regoff 0x0 n 7 (table contents not committed)
  load op 63 at 90: addr 0x5034ff500 idx 0 fmt 1 regoff 0x0 n 13 (table contents not committed)
  load op 63 at 342: addr 0x5034ff568 idx 0 fmt 1 regoff 0x0 n 10 (table contents not committed)
  load op 63 at 734: addr 0x5034ff5b8 idx 0 fmt 1 regoff 0x0 n 18 (table contents not committed)
  load op 63 at 1217: addr 0x5034ff648 idx 0 fmt 1 regoff 0x0 n 10 (table contents not committed)
  load op 63 at 1249: addr 0x5034ff698 idx 0 fmt 1 regoff 0x0 n 10 (table contents not committed)
  load op 63 at 1281: addr 0x5034ff6e8 idx 0 fmt 1 regoff 0x0 n 10 (table contents not committed)
  load op 63 at 1313: addr 0x5034ff738 idx 0 fmt 1 regoff 0x0 n 10 (table contents not committed)
  load op 9f at 1724: addr 0xfe0040068 idx 0 fmt 1 regoff 0x0 n 921 (table contents not committed)
  load op 9f at 1731: addr 0x503501e38 idx 0 fmt 1 regoff 0x0 n 74 (table contents not committed)
  load op 63 at 1736: addr 0x908e5ff90 idx 0 fmt 1 regoff 0x0 n 6 (table contents not committed)
  load op 9f at 1741: addr 0x908e5ffc0 idx 0 fmt 1 regoff 0x0 n 10 (table contents not committed)
  load op 64 at 1746: addr 0x503500538 idx 0 fmt 1 regoff 0x0 n 5 (table contents not committed)
  load op 9f at 1799: addr 0x503502088 idx 0 fmt 1 regoff 0x0 n 132 (table contents not committed)
  load op 63 at 1804: addr 0x5034ff788 idx 0 fmt 1 regoff 0x0 n 30 (table contents not committed)
  load op 64 at 1884: addr 0x503500560 idx 0 fmt 1 regoff 0x0 n 5 (table contents not committed)
  load op 9f at 1891: addr 0x5034fd440 idx 0 fmt 1 regoff 0x0 n 175 (table contents not committed)
  load op 63 at 2106: addr 0x5034ff878 idx 0 fmt 1 regoff 0x0 n 20 (table contents not committed)
  load op 9f at 3069: addr 0xfe0040068 idx 0 fmt 1 regoff 0x0 n 921 (table contents not committed)
  load op 9f at 3076: addr 0x5034fd9b8 idx 0 fmt 1 regoff 0x0 n 70 (table contents not committed)
  load op 63 at 3081: addr 0x908e5ff90 idx 0 fmt 1 regoff 0x0 n 6 (table contents not committed)
  load op 9f at 3086: addr 0x908e5ffc0 idx 0 fmt 1 regoff 0x0 n 10 (table contents not committed)
  load op 63 at 3091: addr 0x908e5f7d0 idx 0 fmt 1 regoff 0x0 n 6 (table contents not committed)
  load op 9f at 3096: addr 0x908e5f800 idx 0 fmt 1 regoff 0x0 n 9 (table contents not committed)
  load op 64 at 3101: addr 0x503500588 idx 0 fmt 1 regoff 0x0 n 5 (table contents not committed)
  load op 9f at 3140: addr 0x5034fdbe8 idx 0 fmt 1 regoff 0x0 n 19 (table contents not committed)
  load op 63 at 3145: addr 0x5034ff918 idx 0 fmt 1 regoff 0x0 n 12 (table contents not committed)
  load op 9f at 3268: addr 0xfe0040068 idx 0 fmt 1 regoff 0x0 n 921 (table contents not committed)
  load op 9f at 3275: addr 0x5034fdc80 idx 0 fmt 1 regoff 0x0 n 74 (table contents not committed)
  load op 63 at 3280: addr 0x908e5ff90 idx 0 fmt 1 regoff 0x0 n 6 (table contents not committed)
  load op 9f at 3285: addr 0x908e5ffc0 idx 0 fmt 1 regoff 0x0 n 10 (table contents not committed)
  load op 64 at 3290: addr 0x5035005b0 idx 0 fmt 1 regoff 0x0 n 5 (table contents not committed)
  load op 9f at 3329: addr 0x5034fded0 idx 0 fmt 1 regoff 0x0 n 166 (table contents not committed)
  load op 63 at 3334: addr 0x5034ff978 idx 0 fmt 1 regoff 0x0 n 30 (table contents not committed)
  load op 64 at 3430: addr 0x5035005d8 idx 0 fmt 1 regoff 0x0 n 5 (table contents not committed)
  load op 9f at 3437: addr 0x5034fc320 idx 0 fmt 1 regoff 0x0 n 135 (table contents not committed)
  load op 63 at 3675: addr 0x5034ffa68 idx 0 fmt 1 regoff 0x0 n 36 (table contents not committed)
  load op 64 at 4540: addr 0x503500600 idx 0 fmt 1 regoff 0x0 n 6 (table contents not committed)
  load op 9f at 4545: addr 0x5034fc758 idx 0 fmt 1 regoff 0x0 n 376 (table contents not committed)
  load op 9f at 4552: addr 0x5034fb118 idx 0 fmt 1 regoff 0x0 n 205 (table contents not committed)
  load op 9f at 4853: addr 0xfe0040068 idx 0 fmt 1 regoff 0x0 n 921 (table contents not committed)
  load op 9f at 4860: addr 0x5034fb780 idx 0 fmt 1 regoff 0x0 n 74 (table contents not committed)
  load op 63 at 4865: addr 0x908e5ff90 idx 0 fmt 1 regoff 0x0 n 6 (table contents not committed)
  load op 9f at 4870: addr 0x908e5ffc0 idx 0 fmt 1 regoff 0x0 n 10 (table contents not committed)
  load op 64 at 4875: addr 0x503500630 idx 0 fmt 1 regoff 0x0 n 5 (table contents not committed)
  load op 63 at 4914: addr 0x5034ffb88 idx 0 fmt 1 regoff 0x0 n 21 (table contents not committed)
  load op 9f at 4925: addr 0x5034fb9d0 idx 0 fmt 1 regoff 0x0 n 223 (table contents not committed)
  load op 63 at 5901: addr 0x5034ffc30 idx 0 fmt 1 regoff 0x0 n 10 (table contents not committed)
  load op 64 at 6381: addr 0x503500658 idx 0 fmt 1 regoff 0x0 n 5 (table contents not committed)
  load op 63 at 6388: addr 0x5034ffc80 idx 0 fmt 1 regoff 0x0 n 18 (table contents not committed)
  load op 9f at 6393: addr 0x5034f9dd0 idx 0 fmt 1 regoff 0x0 n 67 (table contents not committed)
  load op 9f at 6506: addr 0x5034f9fe8 idx 0 fmt 1 regoff 0x0 n 129 (table contents not committed)
  load op 63 at 6511: addr 0x5034ffd10 idx 0 fmt 1 regoff 0x0 n 18 (table contents not committed)
  load op 64 at 6516: addr 0x503500680 idx 0 fmt 1 regoff 0x0 n 3 (table contents not committed)
  load op 9f at 6629: addr 0x5034fa3f0 idx 0 fmt 1 regoff 0x0 n 129 (table contents not committed)
  load op 63 at 6634: addr 0x5034ffda0 idx 0 fmt 1 regoff 0x0 n 18 (table contents not committed)
  load op 64 at 6639: addr 0x503500698 idx 0 fmt 1 regoff 0x0 n 3 (table contents not committed)
  load op 9f at 6752: addr 0x5034fa7f8 idx 0 fmt 1 regoff 0x0 n 58 (table contents not committed)
  load op 9f at 6857: addr 0x5034fa9c8 idx 0 fmt 1 regoff 0x0 n 66 (table contents not committed)
  load op 9f at 6962: addr 0x5034fabd8 idx 0 fmt 1 regoff 0x0 n 58 (table contents not committed)
  load op 9f at 7067: addr 0x5034f8140 idx 0 fmt 1 regoff 0x0 n 66 (table contents not committed)
  load op 9f at 7172: addr 0x5034f8350 idx 0 fmt 1 regoff 0x0 n 58 (table contents not committed)
  load op 9f at 7277: addr 0x5034f8520 idx 0 fmt 1 regoff 0x0 n 130 (table contents not committed)
  load op 63 at 7282: addr 0x5034ffe30 idx 0 fmt 1 regoff 0x0 n 18 (table contents not committed)
  load op 64 at 7287: addr 0x5035006b0 idx 0 fmt 1 regoff 0x0 n 3 (table contents not committed)
  load op 9f at 7414: addr 0x5034f8930 idx 0 fmt 1 regoff 0x0 n 135 (table contents not committed)
  load op 63 at 7419: addr 0x5034ffec0 idx 0 fmt 1 regoff 0x0 n 18 (table contents not committed)
  load op 64 at 7424: addr 0x5035006c8 idx 0 fmt 1 regoff 0x0 n 3 (table contents not committed)
  load op 63 at 8002: addr 0x5034fff50 idx 0 fmt 1 regoff 0x0 n 28 (table contents not committed)
  load op 64 at 8579: addr 0x5035006e0 idx 0 fmt 1 regoff 0x0 n 5 (table contents not committed)
  load op 9f at 8584: addr 0x5034f8d68 idx 0 fmt 1 regoff 0x0 n 113 (table contents not committed)
  load op 9f at 8591: addr 0x5034f68b8 idx 0 fmt 1 regoff 0x0 n 168 (table contents not committed)
submit #397 dcb 9089 dwords at 0x502e02500: pass 563 rewrite 485 drop 413 unmapped 1 cc 8 mappings 1154 ... OK rc 0 22.15 ms
timing: #397 done at t 63.887 s, 1120.7 ms after the sync and hints
state stack #397: push 4 pop 4 conditional 1 unmatched 0; restored 3684 regs (+3748 dwords); tables 35, unreadable 0
timing: t 63.889 s acb 2 dwords: sync 11.8 ms, hints 0.0 ms
submit #398 acb 2 dwords at 0xfe003a200: pass 1 rewrite 0 drop 0 unmapped 0 cc 0 mappings 1154 ... OK rc 0 18.68 ms
timing: #398 done at t 63.925 s, 24.1 ms after the sync and hints
cpu-wait WAIT_REG_MEM64 at 0 on 0x400203b80: satisfied after 0.0 ms
timing: t 63.926 s after that wait (acb 49 dwords)
timing: t 63.926 s cc 3 dwords: sync 11.4 ms, hints 0.0 ms
submit #399 cc 3 dwords at 0x313b17cf4: pass 0 rewrite 1 drop 0 unmapped 0 cc 1 mappings 1154 ... OK rc 0 18.51 ms
timing: #399 done at t 63.961 s, 23.5 ms after the sync and hints
timing: t 63.961 s acb 49 dwords: sync 11.4 ms, hints 0.0 ms
submit #400 acb 49 dwords at 0x400346a5c: pass 2 rewrite 3 drop 3 unmapped 0 cc 0 mappings 1154 ... OK rc 0 18.52 ms
timing: #400 done at t 63.996 s, 23.4 ms after the sync and hints
timing: t 63.997 s hib 150 dwords: sync 11.4 ms, hints 0.1 ms
  load op 61 at 10: base 0xfe0008000 pairs (0x0,215) (0xd8,272) (0x1f5,4) (0x1ff,158) (0x2a0,2) (0x2a3,1) (0x2a5,66) (0x2f5,203)
  load op 5f at 29: base 0xfe0010000 pairs (0x1,1) (0x6,38) (0x32,4) (0x80,4) (0x87,37) (0xb2,4) (0xc8,2) (0x100,4) (0x107,37) (0x132,4) (0x148,2) (0x204,3) (0x20c,2) (0x212,2) (0x215,6) (0x224,5) (0x22a,1) (0x240,16) (0x27d,1) (0x280,1) (0x207,3)
  load op 5e at 74: base 0xfe0011000 pairs (0x35,8) (0xa2,1) (0x242,1) (0x248,1) (0x24a,2) (0x25b,6) (0x262,1) (0x2bb,5) (0x2c4,16) (0x2e4,8) (0x380,2) (0x383,2) (0x41d,3) (0x24d,1)
  load op 61 at 105: base 0xfe0008000 pairs (0x0,0)
  load op 5f at 110: base 0xfe0010000 pairs (0x0,0)
  load op 5e at 115: base 0xfe0011000 pairs (0x0,0)
  load op 61 at 125: base 0xfe0008000 pairs (0x0,0)
  load op 5f at 130: base 0xfe0010000 pairs (0x0,0)
  load op 5e at 135: base 0xfe0011000 pairs (0x0,0)
submit #401 hib 150 dwords at 0xfe0000000: pass 12 rewrite 2 drop 2 unmapped 0 cc 2 mappings 1154 ... OK rc 0 18.57 ms
timing: #401 done at t 64.087 s, 78.1 ms after the sync and hints
timing: t 64.088 s hib 2 dwords: sync 11.3 ms, hints 0.0 ms
submit #402 hib 2 dwords at 0xfe003a200: pass 1 rewrite 0 drop 0 unmapped 0 cc 0 mappings 1154 ... OK rc 0 18.53 ms
timing: #402 done at t 64.122 s, 23.2 ms after the sync and hints
timing: t 64.123 s dcb 96 dwords: sync 11.2 ms, hints 0.1 ms
  load op 9f at 38: addr 0xfe0040068 idx 0 fmt 1 regoff 0x0 n 921 (table contents not committed)
  load op 63 at 43: addr 0xfe0042068 idx 0 fmt 1 regoff 0x0 n 174 (table contents not committed)
  load op 64 at 48: addr 0xfe00425d8 idx 0 fmt 1 regoff 0x0 n 49 (table contents not committed)
submit #403 dcb 96 dwords at 0xfe0042920: pass 20 rewrite 2 drop 2 unmapped 0 cc 0 mappings 1154 ... OK rc 0 18.68 ms
timing: #403 done at t 64.204 s, 70.0 ms after the sync and hints
timing: t 64.205 s dcb 2647 dwords: sync 11.3 ms, hints 0.2 ms
  load op 9f at 36: addr 0xfe0040068 idx 0 fmt 1 regoff 0x0 n 921 (table contents not committed)
  load op 63 at 41: addr 0xfe0042068 idx 0 fmt 1 regoff 0x0 n 174 (table contents not committed)
  load op 64 at 46: addr 0xfe00425d8 idx 0 fmt 1 regoff 0x0 n 57 (table contents not committed)
  load op 9f at 88: addr 0x503c01500 idx 0 fmt 1 regoff 0x0 n 136 (table contents not committed)
  load op 64 at 93: addr 0x503c00500 idx 0 fmt 1 regoff 0x0 n 3 (table contents not committed)
  load op 63 at 98: addr 0x503bff500 idx 0 fmt 1 regoff 0x0 n 3 (table contents not committed)
  load op 9f at 1541: addr 0xfe0040068 idx 0 fmt 1 regoff 0x0 n 921 (table contents not committed)
  load op 9f at 1548: addr 0x503c01940 idx 0 fmt 1 regoff 0x0 n 70 (table contents not committed)
  load op 63 at 1553: addr 0x908e5ff90 idx 0 fmt 1 regoff 0x0 n 6 (table contents not committed)
  load op 9f at 1558: addr 0x908e5ffc0 idx 0 fmt 1 regoff 0x0 n 10 (table contents not committed)
  load op 63 at 1563: addr 0x908e5f7d0 idx 0 fmt 1 regoff 0x0 n 6 (table contents not committed)
  load op 9f at 1568: addr 0x908e5f800 idx 0 fmt 1 regoff 0x0 n 9 (table contents not committed)
  load op 64 at 1573: addr 0x503c00518 idx 0 fmt 1 regoff 0x0 n 5 (table contents not committed)
  load op 9f at 1691: addr 0x503c01b70 idx 0 fmt 1 regoff 0x0 n 131 (table contents not committed)
  load op 64 at 1698: addr 0x503c00540 idx 0 fmt 1 regoff 0x0 n 1 (table contents not committed)
  load op 9f at 1730: addr 0xfe0040068 idx 0 fmt 1 regoff 0x0 n 921 (table contents not committed)
  load op 9f at 1737: addr 0x503c01f88 idx 0 fmt 1 regoff 0x0 n 70 (table contents not committed)
  load op 63 at 1742: addr 0x908e5ff90 idx 0 fmt 1 regoff 0x0 n 6 (table contents not committed)
  load op 9f at 1747: addr 0x908e5ffc0 idx 0 fmt 1 regoff 0x0 n 10 (table contents not committed)
  load op 63 at 1752: addr 0x908e5f7d0 idx 0 fmt 1 regoff 0x0 n 6 (table contents not committed)
  load op 9f at 1757: addr 0x908e5f800 idx 0 fmt 1 regoff 0x0 n 9 (table contents not committed)
  load op 64 at 1762: addr 0x503c00548 idx 0 fmt 1 regoff 0x0 n 5 (table contents not committed)
  load op 63 at 1858: addr 0x503bff518 idx 0 fmt 1 regoff 0x0 n 10 (table contents not committed)
  load op 63 at 2049: addr 0x503bff568 idx 0 fmt 1 regoff 0x0 n 28 (table contents not committed)
  load op 64 at 2123: addr 0x503c00570 idx 0 fmt 1 regoff 0x0 n 5 (table contents not committed)
  load op 9f at 2130: addr 0x503c021b8 idx 0 fmt 1 regoff 0x0 n 96 (table contents not committed)
  load op 9f at 2135: addr 0x503bfe390 idx 0 fmt 1 regoff 0x0 n 194 (table contents not committed)
submit #404 dcb 2647 dwords at 0x503502500: pass 236 rewrite 123 drop 120 unmapped 0 cc 4 mappings 1154 ... OK rc 0 19.23 ms
timing: #404 done at t 64.603 s, 386.4 ms after the sync and hints
state stack #404: push 2 pop 2 conditional 1 unmatched 0; restored 1842 regs (+1874 dwords); tables 13, unreadable 0
timing: t 64.605 s dcb 851 dwords: sync 11.4 ms, hints 0.1 ms
  load op 9f at 38: addr 0xfe0040068 idx 0 fmt 1 regoff 0x0 n 921 (table contents not committed)
  load op 63 at 43: addr 0xfe0042068 idx 0 fmt 1 regoff 0x0 n 174 (table contents not committed)
  load op 64 at 48: addr 0xfe00425d8 idx 0 fmt 1 regoff 0x0 n 57 (table contents not committed)
  load op 9f at 90: addr 0x505a01500 idx 0 fmt 1 regoff 0x0 n 5 (table contents not committed)
  load op 64 at 95: addr 0x505a00500 idx 0 fmt 1 regoff 0x0 n 2 (table contents not committed)
  load op 63 at 100: addr 0x5059ff500 idx 0 fmt 1 regoff 0x0 n 3 (table contents not committed)
submit #405 dcb 851 dwords at 0x505602500: pass 47 rewrite 55 drop 45 unmapped 0 cc 0 mappings 1154 ... OK rc 0 18.81 ms
timing: #405 done at t 64.710 s, 92.6 ms after the sync and hints
timing: t 64.710 s acb 2 dwords: sync 11.9 ms, hints 0.0 ms
submit #406 acb 2 dwords at 0xfe003a200: pass 1 rewrite 0 drop 0 unmapped 0 cc 0 mappings 1154 ... OK rc 0 18.98 ms
timing: #406 done at t 64.747 s, 24.8 ms after the sync and hints
cpu-wait WAIT_REG_MEM64 at 87 on 0x400201a40: satisfied after 0.0 ms
timing: t 64.749 s after that wait (acb 463 dwords)
timing: t 64.748 s dcb 798 dwords: sync 11.7 ms, hints 0.2 ms
  load op 9f at 35: addr 0xfe0040068 idx 0 fmt 1 regoff 0x0 n 921 (table contents not committed)
  load op 63 at 40: addr 0xfe0042068 idx 0 fmt 1 regoff 0x0 n 174 (table contents not committed)
  load op 64 at 45: addr 0xfe00425d8 idx 0 fmt 1 regoff 0x0 n 57 (table contents not committed)
  load op 9f at 87: addr 0x506801500 idx 0 fmt 1 regoff 0x0 n 136 (table contents not committed)
  load op 64 at 92: addr 0x506800500 idx 0 fmt 1 regoff 0x0 n 3 (table contents not committed)
  load op 63 at 97: addr 0x5067ff500 idx 0 fmt 1 regoff 0x0 n 3 (table contents not committed)
  load op 9f at 212: addr 0xfe0040068 idx 0 fmt 1 regoff 0x0 n 921 (table contents not committed)
  load op 9f at 219: addr 0x506801940 idx 0 fmt 1 regoff 0x0 n 70 (table contents not committed)
  load op 63 at 224: addr 0x908e5ff90 idx 0 fmt 1 regoff 0x0 n 6 (table contents not committed)
  load op 9f at 229: addr 0x908e5ffc0 idx 0 fmt 1 regoff 0x0 n 10 (table contents not committed)
  load op 63 at 234: addr 0x908e5f7d0 idx 0 fmt 1 regoff 0x0 n 6 (table contents not committed)
  load op 9f at 239: addr 0x908e5f800 idx 0 fmt 1 regoff 0x0 n 9 (table contents not committed)
  load op 64 at 244: addr 0x506800518 idx 0 fmt 1 regoff 0x0 n 5 (table contents not committed)
  load op 9f at 340: addr 0x506801b70 idx 0 fmt 1 regoff 0x0 n 131 (table contents not committed)
  load op 64 at 347: addr 0x506800540 idx 0 fmt 1 regoff 0x0 n 1 (table contents not committed)
  load op 9f at 379: addr 0xfe0040068 idx 0 fmt 1 regoff 0x0 n 921 (table contents not committed)
  load op 9f at 386: addr 0x506801f88 idx 0 fmt 1 regoff 0x0 n 70 (table contents not committed)
  load op 63 at 391: addr 0x908e5ff90 idx 0 fmt 1 regoff 0x0 n 6 (table contents not committed)
  load op 9f at 396: addr 0x908e5ffc0 idx 0 fmt 1 regoff 0x0 n 10 (table contents not committed)
  load op 63 at 401: addr 0x908e5f7d0 idx 0 fmt 1 regoff 0x0 n 6 (table contents not committed)
  load op 9f at 406: addr 0x908e5f800 idx 0 fmt 1 regoff 0x0 n 9 (table contents not committed)
  load op 64 at 411: addr 0x506800548 idx 0 fmt 1 regoff 0x0 n 5 (table contents not committed)
  load op 9f at 548: addr 0x5068021b8 idx 0 fmt 1 regoff 0x0 n 98 (table contents not committed)
  load op 64 at 555: addr 0x506800570 idx 0 fmt 1 regoff 0x0 n 1 (table contents not committed)
  load op 9f at 560: addr 0x5067fe500 idx 0 fmt 1 regoff 0x0 n 33 (table contents not committed)
  load op 9f at 592: addr 0xfe0040068 idx 0 fmt 1 regoff 0x0 n 921 (table contents not committed)
  load op 9f at 599: addr 0x5067fe608 idx 0 fmt 1 regoff 0x0 n 70 (table contents not committed)
  load op 63 at 604: addr 0x908e5ff90 idx 0 fmt 1 regoff 0x0 n 6 (table contents not committed)
  load op 9f at 609: addr 0x908e5ffc0 idx 0 fmt 1 regoff 0x0 n 10 (table contents not committed)
  load op 63 at 614: addr 0x908e5f7d0 idx 0 fmt 1 regoff 0x0 n 6 (table contents not committed)
  load op 9f at 619: addr 0x908e5f800 idx 0 fmt 1 regoff 0x0 n 9 (table contents not committed)
  load op 64 at 624: addr 0x506800578 idx 0 fmt 1 regoff 0x0 n 5 (table contents not committed)
submit #407 dcb 798 dwords at 0x506202500: pass 103 rewrite 35 drop 22 unmapped 0 cc 6 mappings 1154 ... OK rc 0 19.40 ms
timing: #407 done at t 65.200 s, 440.2 ms after the sync and hints
state stack #407: push 3 pop 3 conditional 1 unmatched 0; restored 2763 regs (+2811 dwords); tables 17, unreadable 0
timing: t 65.202 s acb 463 dwords: sync 12.1 ms, hints 0.1 ms
submit #408 acb 463 dwords at 0x4003e6740: pass 43 rewrite 11 drop 27 unmapped 0 cc 0 mappings 1154 ... OK rc 0 19.74 ms
timing: #408 done at t 65.239 s, 24.6 ms after the sync and hints
acb head: 1287 of 1336 dwords go ahead of the wait at 1287 on 0x400202380
timing: t 65.240 s dcb 1248 dwords: sync 11.4 ms, hints 0.1 ms
  load op 9f at 36: addr 0xfe0040068 idx 0 fmt 1 regoff 0x0 n 921 (table contents not committed)
  load op 63 at 41: addr 0xfe0042068 idx 0 fmt 1 regoff 0x0 n 174 (table contents not committed)
  load op 64 at 46: addr 0xfe00425d8 idx 0 fmt 1 regoff 0x0 n 57 (table contents not committed)
  load op 9f at 88: addr 0x504e01500 idx 0 fmt 1 regoff 0x0 n 5 (table contents not committed)
  load op 64 at 93: addr 0x504e00500 idx 0 fmt 1 regoff 0x0 n 2 (table contents not committed)
  load op 63 at 98: addr 0x504dff500 idx 0 fmt 1 regoff 0x0 n 3 (table contents not committed)
  load op 9f at 756: addr 0xfe0040068 idx 0 fmt 1 regoff 0x0 n 921 (table contents not committed)
  load op 9f at 763: addr 0x504e01528 idx 0 fmt 1 regoff 0x0 n 74 (table contents not committed)
  load op 63 at 768: addr 0x908e5ff90 idx 0 fmt 1 regoff 0x0 n 6 (table contents not committed)
  load op 9f at 773: addr 0x908e5ffc0 idx 0 fmt 1 regoff 0x0 n 10 (table contents not committed)
  load op 64 at 778: addr 0x504e00510 idx 0 fmt 1 regoff 0x0 n 5 (table contents not committed)
  load op 9f at 901: addr 0xfe0040068 idx 0 fmt 1 regoff 0x0 n 921 (table contents not committed)
  load op 9f at 908: addr 0x504e01778 idx 0 fmt 1 regoff 0x0 n 74 (table contents not committed)
  load op 63 at 913: addr 0x908e5ff90 idx 0 fmt 1 regoff 0x0 n 6 (table contents not committed)
  load op 9f at 918: addr 0x908e5ffc0 idx 0 fmt 1 regoff 0x0 n 10 (table contents not committed)
  load op 64 at 923: addr 0x504e00538 idx 0 fmt 1 regoff 0x0 n 5 (table contents not committed)
  load op 9f at 1046: addr 0xfe0040068 idx 0 fmt 1 regoff 0x0 n 921 (table contents not committed)
  load op 9f at 1053: addr 0x504e019c8 idx 0 fmt 1 regoff 0x0 n 74 (table contents not committed)
  load op 63 at 1058: addr 0x908e5ff90 idx 0 fmt 1 regoff 0x0 n 6 (table contents not committed)
  load op 9f at 1063: addr 0x908e5ffc0 idx 0 fmt 1 regoff 0x0 n 10 (table contents not committed)
  load op 64 at 1068: addr 0x504e00560 idx 0 fmt 1 regoff 0x0 n 5 (table contents not committed)
submit #409 dcb 1248 dwords at 0x504a02500: pass 151 rewrite 46 drop 45 unmapped 0 cc 6 mappings 1154 ... OK rc 0 18.78 ms
timing: #409 done at t 65.554 s, 303.2 ms after the sync and hints
state stack #409: push 3 pop 3 conditional 1 unmatched 0; restored 2763 regs (+2811 dwords); tables 11, unreadable 0
flip 1/0 buffer 0x507410000 +0x1fe0000: sum 0x17ea65194594 nonzero 8100/8160 pattern 0
  target CB0 0x5093f0000: distinct 53 min 0xc0000000 max 0xc340d034,   target CB0 0x5093f0000: nonzero 1024/1024
  target CB0 0x563800000: distinct 1 min 0x00000000 max 0x00000000,   target CB0 0x563800000: nonzero 0/1024
  target CB0 0x55c00d000: distinct 4 min 0x00000000 max 0xffffffff,   target CB0 0x55c00d000: nonzero 147/1024
  target CB0 0x5637f0000: distinct 1 min 0x00000000 max 0x00000000,   target CB0 0x5637f0000: nonzero 0/1024
  target CB0 0x5219a0000: distinct 1 min 0x38003800 max 0x38003800,   target CB0 0x5219a0000: nonzero 1024/1024
  target CB0 0x57136d000: distinct 14 min 0x00000000 max 0xffffffff,   target CB0 0x57136d000: nonzero 156/1024
  target DB_HTILE 0x51c5b0000: distinct 2 min 0x00000000 max 0xfffffff0, timing: t 65.556 s acb 1287 dwords: sync 11.4 ms, hints 0.0 ms
  target DB_HTILE 0x51c5b0000: nonzero 128/1024
  target DB_Z_READ 0x51a6d0000: distinct 1 min 0x3f800000 max 0x3f800000,   target DB_Z_READ 0x51a6d0000: nonzero 1024/1024
submit #410 acb 1287 dwords at 0x400205540: pass 118 rewrite 35 drop 63 unmapped 0 cc 0 mappings 1154 ...   target DB_STENCIL_READ 0x51bf30000: distinct 1 min 0x80800000 max 0x80800000,   target DB_STENCIL_READ 0x51bf30000: nonzero 1024/1024
  target CB0 0x512cf0000: distinct 1 min 0x00000000 max 0x00000000,   target CB0 0x512cf0000: nonzero 0/1024
  target CB0 0x5712c1000: distinct 15 min 0x00000000 max 0xffffffff,   target CB0 0x5712c1000: nonzero 244/1024
  target CB0 0x5712d1000: distinct 15 min 0x00000000 max 0xffffffff,   target CB0 0x5712d1000: nonzero 228/1024
  target CB0 0x517610000: distinct 1 min 0x00000000 max 0x00000000,   target CB0 0x517610000: nonzero 0/1024
  target CB0 0x571325000: distinct 14 min 0x00000000 max 0xffffffff,   target CB0 0x571325000: nonzero 172/1024
  target DB_HTILE 0x55c050000: distinct 3 min 0x00000000 max 0xffffffff,   target DB_HTILE 0x55c050000: nonzero 144/1024
  target DB_Z_READ 0x527430000: distinct 1 min 0xffffffff max 0xffffffff,   target DB_Z_READ 0x527430000: nonzero 1024/1024
timing: t 65.587 s flip 1/0, VideoOutSubmitFlip took 0.0 ms
OK rc 0 20.23 ms
timing: #410 done at t 65.596 s, 28.0 ms after the sync and hints
cpu-wait WAIT_REG_MEM64 at 115 on 0x400201d40: satisfied after 0.0 ms
timing: t 65.598 s after that wait (dcb 9089 dwords)
cpu-wait WAIT_REG_MEM64 at 1629 on 0x400201840: satisfied after 0.0 ms
timing: t 65.600 s after that wait (dcb 9089 dwords)
cpu-wait WAIT_REG_MEM64 at 8538 on 0x559cd49a53d0: satisfied after 0.0 ms
timing: t 65.601 s after that wait (dcb 9089 dwords)
timing: t 65.602 s dcb 9089 dwords: sync 12.8 ms, hints 0.3 ms
  indirect op 16 at 1246: base 0x5074063c0 +0x0 -> 1 1 1 0 0
  indirect op 16 at 1278: base 0x5074063e0 +0x0 -> 1 1 1 0 0
  indirect op 16 at 1310: base 0x50740a520 +0x0 -> 1 1 1 0 0
  indirect op 16 at 1342: base 0x50740a540 +0x0 -> 1 1 1 0 0
  indirect op 25 at 4584: base 0x56ddaffa0 +0x0 -> 1 512 0 0 0
  load op 9f at 28: addr 0xfe0040068 idx 0 fmt 1 regoff 0x0 n 921 (table contents not committed)
  load op 63 at 33: addr 0xfe0042068 idx 0 fmt 1 regoff 0x0 n 174 (table contents not committed)
  load op 64 at 38: addr 0xfe00425d8 idx 0 fmt 1 regoff 0x0 n 57 (table contents not committed)
  load op 9f at 80: addr 0x502701500 idx 0 fmt 1 regoff 0x0 n 295 (table contents not committed)
  load op 64 at 85: addr 0x502700500 idx 0 fmt 1 regoff 0x0 n 7 (table contents not committed)
  load op 63 at 90: addr 0x5026ff500 idx 0 fmt 1 regoff 0x0 n 13 (table contents not committed)
  load op 63 at 342: addr 0x5026ff568 idx 0 fmt 1 regoff 0x0 n 10 (table contents not committed)
  load op 63 at 734: addr 0x5026ff5b8 idx 0 fmt 1 regoff 0x0 n 18 (table contents not committed)
  load op 63 at 1217: addr 0x5026ff648 idx 0 fmt 1 regoff 0x0 n 10 (table contents not committed)
  load op 63 at 1249: addr 0x5026ff698 idx 0 fmt 1 regoff 0x0 n 10 (table contents not committed)
  load op 63 at 1281: addr 0x5026ff6e8 idx 0 fmt 1 regoff 0x0 n 10 (table contents not committed)
  load op 63 at 1313: addr 0x5026ff738 idx 0 fmt 1 regoff 0x0 n 10 (table contents not committed)
  load op 9f at 1724: addr 0xfe0040068 idx 0 fmt 1 regoff 0x0 n 921 (table contents not committed)
  load op 9f at 1731: addr 0x502701e38 idx 0 fmt 1 regoff 0x0 n 74 (table contents not committed)
  load op 63 at 1736: addr 0x908e5ff90 idx 0 fmt 1 regoff 0x0 n 6 (table contents not committed)
  load op 9f at 1741: addr 0x908e5ffc0 idx 0 fmt 1 regoff 0x0 n 10 (table contents not committed)
  load op 64 at 1746: addr 0x502700538 idx 0 fmt 1 regoff 0x0 n 5 (table contents not committed)
  load op 9f at 1799: addr 0x502702088 idx 0 fmt 1 regoff 0x0 n 132 (table contents not committed)
  load op 63 at 1804: addr 0x5026ff788 idx 0 fmt 1 regoff 0x0 n 30 (table contents not committed)
  load op 64 at 1884: addr 0x502700560 idx 0 fmt 1 regoff 0x0 n 5 (table contents not committed)
  load op 9f at 1891: addr 0x5026fd440 idx 0 fmt 1 regoff 0x0 n 175 (table contents not committed)
  load op 63 at 2106: addr 0x5026ff878 idx 0 fmt 1 regoff 0x0 n 20 (table contents not committed)
  load op 9f at 3069: addr 0xfe0040068 idx 0 fmt 1 regoff 0x0 n 921 (table contents not committed)
  load op 9f at 3076: addr 0x5026fd9b8 idx 0 fmt 1 regoff 0x0 n 70 (table contents not committed)
  load op 63 at 3081: addr 0x908e5ff90 idx 0 fmt 1 regoff 0x0 n 6 (table contents not committed)
  load op 9f at 3086: addr 0x908e5ffc0 idx 0 fmt 1 regoff 0x0 n 10 (table contents not committed)
  load op 63 at 3091: addr 0x908e5f7d0 idx 0 fmt 1 regoff 0x0 n 6 (table contents not committed)
  load op 9f at 3096: addr 0x908e5f800 idx 0 fmt 1 regoff 0x0 n 9 (table contents not committed)
  load op 64 at 3101: addr 0x502700588 idx 0 fmt 1 regoff 0x0 n 5 (table contents not committed)
  load op 9f at 3140: addr 0x5026fdbe8 idx 0 fmt 1 regoff 0x0 n 19 (table contents not committed)
  load op 63 at 3145: addr 0x5026ff918 idx 0 fmt 1 regoff 0x0 n 12 (table contents not committed)
  load op 9f at 3268: addr 0xfe0040068 idx 0 fmt 1 regoff 0x0 n 921 (table contents not committed)
  load op 9f at 3275: addr 0x5026fdc80 idx 0 fmt 1 regoff 0x0 n 74 (table contents not committed)
  load op 63 at 3280: addr 0x908e5ff90 idx 0 fmt 1 regoff 0x0 n 6 (table contents not committed)
  load op 9f at 3285: addr 0x908e5ffc0 idx 0 fmt 1 regoff 0x0 n 10 (table contents not committed)
  load op 64 at 3290: addr 0x5027005b0 idx 0 fmt 1 regoff 0x0 n 5 (table contents not committed)
  load op 9f at 3329: addr 0x5026fded0 idx 0 fmt 1 regoff 0x0 n 166 (table contents not committed)
  load op 63 at 3334: addr 0x5026ff978 idx 0 fmt 1 regoff 0x0 n 30 (table contents not committed)
  load op 64 at 3430: addr 0x5027005d8 idx 0 fmt 1 regoff 0x0 n 5 (table contents not committed)
  load op 9f at 3437: addr 0x5026fc320 idx 0 fmt 1 regoff 0x0 n 135 (table contents not committed)
  load op 63 at 3675: addr 0x5026ffa68 idx 0 fmt 1 regoff 0x0 n 36 (table contents not committed)
  load op 64 at 4540: addr 0x502700600 idx 0 fmt 1 regoff 0x0 n 6 (table contents not committed)
  load op 9f at 4545: addr 0x5026fc758 idx 0 fmt 1 regoff 0x0 n 376 (table contents not committed)
  load op 9f at 4552: addr 0x5026fb118 idx 0 fmt 1 regoff 0x0 n 205 (table contents not committed)
  load op 9f at 4853: addr 0xfe0040068 idx 0 fmt 1 regoff 0x0 n 921 (table contents not committed)
  load op 9f at 4860: addr 0x5026fb780 idx 0 fmt 1 regoff 0x0 n 74 (table contents not committed)
  load op 63 at 4865: addr 0x908e5ff90 idx 0 fmt 1 regoff 0x0 n 6 (table contents not committed)
  load op 9f at 4870: addr 0x908e5ffc0 idx 0 fmt 1 regoff 0x0 n 10 (table contents not committed)
  load op 64 at 4875: addr 0x502700630 idx 0 fmt 1 regoff 0x0 n 5 (table contents not committed)
  load op 63 at 4914: addr 0x5026ffb88 idx 0 fmt 1 regoff 0x0 n 21 (table contents not committed)
  load op 9f at 4925: addr 0x5026fb9d0 idx 0 fmt 1 regoff 0x0 n 223 (table contents not committed)
  load op 63 at 5901: addr 0x5026ffc30 idx 0 fmt 1 regoff 0x0 n 10 (table contents not committed)
  load op 64 at 6381: addr 0x502700658 idx 0 fmt 1 regoff 0x0 n 5 (table contents not committed)
  load op 63 at 6388: addr 0x5026ffc80 idx 0 fmt 1 regoff 0x0 n 18 (table contents not committed)
  load op 9f at 6393: addr 0x5026f9dd0 idx 0 fmt 1 regoff 0x0 n 67 (table contents not committed)
  load op 9f at 6506: addr 0x5026f9fe8 idx 0 fmt 1 regoff 0x0 n 129 (table contents not committed)
  load op 63 at 6511: addr 0x5026ffd10 idx 0 fmt 1 regoff 0x0 n 18 (table contents not committed)
  load op 64 at 6516: addr 0x502700680 idx 0 fmt 1 regoff 0x0 n 3 (table contents not committed)
  load op 9f at 6629: addr 0x5026fa3f0 idx 0 fmt 1 regoff 0x0 n 129 (table contents not committed)
  load op 63 at 6634: addr 0x5026ffda0 idx 0 fmt 1 regoff 0x0 n 18 (table contents not committed)
  load op 64 at 6639: addr 0x502700698 idx 0 fmt 1 regoff 0x0 n 3 (table contents not committed)
  load op 9f at 6752: addr 0x5026fa7f8 idx 0 fmt 1 regoff 0x0 n 58 (table contents not committed)
  load op 9f at 6857: addr 0x5026fa9c8 idx 0 fmt 1 regoff 0x0 n 66 (table contents not committed)
  load op 9f at 6962: addr 0x5026fabd8 idx 0 fmt 1 regoff 0x0 n 58 (table contents not committed)
  load op 9f at 7067: addr 0x5026f8140 idx 0 fmt 1 regoff 0x0 n 66 (table contents not committed)
  load op 9f at 7172: addr 0x5026f8350 idx 0 fmt 1 regoff 0x0 n 58 (table contents not committed)
  load op 9f at 7277: addr 0x5026f8520 idx 0 fmt 1 regoff 0x0 n 130 (table contents not committed)
  load op 63 at 7282: addr 0x5026ffe30 idx 0 fmt 1 regoff 0x0 n 18 (table contents not committed)
  load op 64 at 7287: addr 0x5027006b0 idx 0 fmt 1 regoff 0x0 n 3 (table contents not committed)
  load op 9f at 7414: addr 0x5026f8930 idx 0 fmt 1 regoff 0x0 n 135 (table contents not committed)
  load op 63 at 7419: addr 0x5026ffec0 idx 0 fmt 1 regoff 0x0 n 18 (table contents not committed)
  load op 64 at 7424: addr 0x5027006c8 idx 0 fmt 1 regoff 0x0 n 3 (table contents not committed)
  load op 63 at 8002: addr 0x5026fff50 idx 0 fmt 1 regoff 0x0 n 28 (table contents not committed)
  load op 64 at 8579: addr 0x5027006e0 idx 0 fmt 1 regoff 0x0 n 5 (table contents not committed)
  load op 9f at 8584: addr 0x5026f8d68 idx 0 fmt 1 regoff 0x0 n 113 (table contents not committed)
  load op 9f at 8591: addr 0x5026f68b8 idx 0 fmt 1 regoff 0x0 n 168 (table contents not committed)
submit #411 dcb 9089 dwords at 0x502002500: pass 563 rewrite 485 drop 413 unmapped 1 cc 8 mappings 1154 ... OK rc 0 22.00 ms
timing: #411 done at t 66.730 s, 1115.4 ms after the sync and hints
state stack #411: push 4 pop 4 conditional 1 unmatched 0; restored 3684 regs (+3748 dwords); tables 35, unreadable 0
map 0x301280000 +0x10000 ... ok
map 0x400330000 +0x10000 ... ok
swapped pages taken as resident so far: 0
vmas 108 total 13075.0 MiB resident 3671.9 MiB mapped 3672.0 MiB
timing: t 66.732 s acb 2 dwords: sync 17.9 ms, hints 0.1 ms
submit #412 acb 2 dwords at 0xfe003a200: pass 1 rewrite 0 drop 0 unmapped 0 cc 0 mappings 1156 ... OK rc 0 18.86 ms
timing: #412 done at t 66.774 s, 23.6 ms after the sync and hints
cpu-wait WAIT_REG_MEM64 at 0 on 0x400202380: satisfied after 0.0 ms
timing: t 66.775 s after that wait (acb 49 dwords)
timing: t 66.775 s cc 3 dwords: sync 11.4 ms, hints 0.0 ms
submit #413 cc 3 dwords at 0x313b17cf4: pass 0 rewrite 1 drop 0 unmapped 0 cc 1 mappings 1156 ... OK rc 0 18.61 ms
timing: #413 done at t 66.810 s, 23.4 ms after the sync and hints
timing: t 66.811 s acb 49 dwords: sync 11.7 ms, hints 0.0 ms
submit #414 acb 49 dwords at 0x40020695c: pass 2 rewrite 3 drop 3 unmapped 0 cc 0 mappings 1156 ... OK rc 0 18.81 ms
timing: #414 done at t 66.846 s, 23.7 ms after the sync and hints
timing: t 66.847 s hib 150 dwords: sync 11.4 ms, hints 0.1 ms
  load op 61 at 10: base 0xfe0008000 pairs (0x0,215) (0xd8,272) (0x1f5,4) (0x1ff,158) (0x2a0,2) (0x2a3,1) (0x2a5,66) (0x2f5,203)
  load op 5f at 29: base 0xfe0010000 pairs (0x1,1) (0x6,38) (0x32,4) (0x80,4) (0x87,37) (0xb2,4) (0xc8,2) (0x100,4) (0x107,37) (0x132,4) (0x148,2) (0x204,3) (0x20c,2) (0x212,2) (0x215,6) (0x224,5) (0x22a,1) (0x240,16) (0x27d,1) (0x280,1) (0x207,3)
  load op 5e at 74: base 0xfe0011000 pairs (0x35,8) (0xa2,1) (0x242,1) (0x248,1) (0x24a,2) (0x25b,6) (0x262,1) (0x2bb,5) (0x2c4,16) (0x2e4,8) (0x380,2) (0x383,2) (0x41d,3) (0x24d,1)
  load op 61 at 105: base 0xfe0008000 pairs (0x0,0)
  load op 5f at 110: base 0xfe0010000 pairs (0x0,0)
  load op 5e at 115: base 0xfe0011000 pairs (0x0,0)
  load op 61 at 125: base 0xfe0008000 pairs (0x0,0)
  load op 5f at 130: base 0xfe0010000 pairs (0x0,0)
  load op 5e at 135: base 0xfe0011000 pairs (0x0,0)
submit #415 hib 150 dwords at 0xfe0000000: pass 12 rewrite 2 drop 2 unmapped 0 cc 2 mappings 1156 ... OK rc 0 18.68 ms
timing: #415 done at t 66.936 s, 77.7 ms after the sync and hints
timing: t 66.937 s hib 2 dwords: sync 11.4 ms, hints 0.0 ms
submit #416 hib 2 dwords at 0xfe003a200: pass 1 rewrite 0 drop 0 unmapped 0 cc 0 mappings 1156 ... OK rc 0 18.61 ms
timing: #416 done at t 66.972 s, 23.5 ms after the sync and hints
timing: t 66.973 s dcb 96 dwords: sync 12.0 ms, hints 0.1 ms
  load op 9f at 38: addr 0xfe0040068 idx 0 fmt 1 regoff 0x0 n 921 (table contents not committed)
  load op 63 at 43: addr 0xfe0042068 idx 0 fmt 1 regoff 0x0 n 174 (table contents not committed)
  load op 64 at 48: addr 0xfe00425d8 idx 0 fmt 1 regoff 0x0 n 49 (table contents not committed)
submit #417 dcb 96 dwords at 0xfe0042920: pass 20 rewrite 2 drop 2 unmapped 0 cc 0 mappings 1156 ... OK rc 0 19.33 ms
timing: #417 done at t 67.058 s, 73.3 ms after the sync and hints
timing: t 67.059 s dcb 2647 dwords: sync 11.6 ms, hints 0.2 ms
  load op 9f at 36: addr 0xfe0040068 idx 0 fmt 1 regoff 0x0 n 921 (table contents not committed)
  load op 63 at 41: addr 0xfe0042068 idx 0 fmt 1 regoff 0x0 n 174 (table contents not committed)
  load op 64 at 46: addr 0xfe00425d8 idx 0 fmt 1 regoff 0x0 n 57 (table contents not committed)
  load op 9f at 88: addr 0x504301500 idx 0 fmt 1 regoff 0x0 n 136 (table contents not committed)
  load op 64 at 93: addr 0x504300500 idx 0 fmt 1 regoff 0x0 n 3 (table contents not committed)
  load op 63 at 98: addr 0x5042ff500 idx 0 fmt 1 regoff 0x0 n 3 (table contents not committed)
  load op 9f at 1541: addr 0xfe0040068 idx 0 fmt 1 regoff 0x0 n 921 (table contents not committed)
  load op 9f at 1548: addr 0x504301940 idx 0 fmt 1 regoff 0x0 n 70 (table contents not committed)
  load op 63 at 1553: addr 0x908e5ff90 idx 0 fmt 1 regoff 0x0 n 6 (table contents not committed)
  load op 9f at 1558: addr 0x908e5ffc0 idx 0 fmt 1 regoff 0x0 n 10 (table contents not committed)
  load op 63 at 1563: addr 0x908e5f7d0 idx 0 fmt 1 regoff 0x0 n 6 (table contents not committed)
  load op 9f at 1568: addr 0x908e5f800 idx 0 fmt 1 regoff 0x0 n 9 (table contents not committed)
  load op 64 at 1573: addr 0x504300518 idx 0 fmt 1 regoff 0x0 n 5 (table contents not committed)
  load op 9f at 1691: addr 0x504301b70 idx 0 fmt 1 regoff 0x0 n 131 (table contents not committed)
  load op 64 at 1698: addr 0x504300540 idx 0 fmt 1 regoff 0x0 n 1 (table contents not committed)
  load op 9f at 1730: addr 0xfe0040068 idx 0 fmt 1 regoff 0x0 n 921 (table contents not committed)
  load op 9f at 1737: addr 0x504301f88 idx 0 fmt 1 regoff 0x0 n 70 (table contents not committed)
  load op 63 at 1742: addr 0x908e5ff90 idx 0 fmt 1 regoff 0x0 n 6 (table contents not committed)
  load op 9f at 1747: addr 0x908e5ffc0 idx 0 fmt 1 regoff 0x0 n 10 (table contents not committed)
  load op 63 at 1752: addr 0x908e5f7d0 idx 0 fmt 1 regoff 0x0 n 6 (table contents not committed)
  load op 9f at 1757: addr 0x908e5f800 idx 0 fmt 1 regoff 0x0 n 9 (table contents not committed)
  load op 64 at 1762: addr 0x504300548 idx 0 fmt 1 regoff 0x0 n 5 (table contents not committed)
  load op 63 at 1858: addr 0x5042ff518 idx 0 fmt 1 regoff 0x0 n 10 (table contents not committed)
  load op 63 at 2049: addr 0x5042ff568 idx 0 fmt 1 regoff 0x0 n 28 (table contents not committed)
  load op 64 at 2123: addr 0x504300570 idx 0 fmt 1 regoff 0x0 n 5 (table contents not committed)
  load op 9f at 2130: addr 0x5043021b8 idx 0 fmt 1 regoff 0x0 n 96 (table contents not committed)
  load op 9f at 2135: addr 0x5042fe390 idx 0 fmt 1 regoff 0x0 n 194 (table contents not committed)
submit #418 dcb 2647 dwords at 0x503c02500: pass 236 rewrite 123 drop 120 unmapped 0 cc 4 mappings 1156 ... OK rc 0 18.98 ms
timing: #418 done at t 67.460 s, 388.7 ms after the sync and hints
state stack #418: push 2 pop 2 conditional 1 unmatched 0; restored 1842 regs (+1874 dwords); tables 13, unreadable 0
timing: t 67.462 s dcb 851 dwords: sync 11.4 ms, hints 0.1 ms
  load op 9f at 38: addr 0xfe0040068 idx 0 fmt 1 regoff 0x0 n 921 (table contents not committed)
  load op 63 at 43: addr 0xfe0042068 idx 0 fmt 1 regoff 0x0 n 174 (table contents not committed)
  load op 64 at 48: addr 0xfe00425d8 idx 0 fmt 1 regoff 0x0 n 57 (table contents not committed)
  load op 9f at 90: addr 0x505e01500 idx 0 fmt 1 regoff 0x0 n 5 (table contents not committed)
  load op 64 at 95: addr 0x505e00500 idx 0 fmt 1 regoff 0x0 n 2 (table contents not committed)
  load op 63 at 100: addr 0x505dff500 idx 0 fmt 1 regoff 0x0 n 3 (table contents not committed)
submit #419 dcb 851 dwords at 0x505a02500: pass 47 rewrite 55 drop 45 unmapped 0 cc 0 mappings 1156 ... OK rc 0 18.52 ms
timing: #419 done at t 67.569 s, 95.8 ms after the sync and hints
timing: t 67.570 s acb 2 dwords: sync 12.0 ms, hints 0.1 ms
submit #420 acb 2 dwords at 0xfe003a200: pass 1 rewrite 0 drop 0 unmapped 0 cc 0 mappings 1156 ... OK rc 0 18.82 ms
timing: #420 done at t 67.606 s, 23.6 ms after the sync and hints
cpu-wait WAIT_REG_MEM64 at 87 on 0x400202d80: satisfied after 0.0 ms
timing: t 67.607 s after that wait (acb 463 dwords)
timing: t 67.607 s dcb 798 dwords: sync 11.5 ms, hints 0.2 ms
  load op 9f at 35: addr 0xfe0040068 idx 0 fmt 1 regoff 0x0 n 921 (table contents not committed)
  load op 63 at 40: addr 0xfe0042068 idx 0 fmt 1 regoff 0x0 n 174 (table contents not committed)
  load op 64 at 45: addr 0xfe00425d8 idx 0 fmt 1 regoff 0x0 n 57 (table contents not committed)
  load op 9f at 87: addr 0x506e01500 idx 0 fmt 1 regoff 0x0 n 136 (table contents not committed)
  load op 64 at 92: addr 0x506e00500 idx 0 fmt 1 regoff 0x0 n 3 (table contents not committed)
  load op 63 at 97: addr 0x506dff500 idx 0 fmt 1 regoff 0x0 n 3 (table contents not committed)
  load op 9f at 212: addr 0xfe0040068 idx 0 fmt 1 regoff 0x0 n 921 (table contents not committed)
  load op 9f at 219: addr 0x506e01940 idx 0 fmt 1 regoff 0x0 n 70 (table contents not committed)
  load op 63 at 224: addr 0x908e5ff90 idx 0 fmt 1 regoff 0x0 n 6 (table contents not committed)
  load op 9f at 229: addr 0x908e5ffc0 idx 0 fmt 1 regoff 0x0 n 10 (table contents not committed)
  load op 63 at 234: addr 0x908e5f7d0 idx 0 fmt 1 regoff 0x0 n 6 (table contents not committed)
  load op 9f at 239: addr 0x908e5f800 idx 0 fmt 1 regoff 0x0 n 9 (table contents not committed)
  load op 64 at 244: addr 0x506e00518 idx 0 fmt 1 regoff 0x0 n 5 (table contents not committed)
  load op 9f at 340: addr 0x506e01b70 idx 0 fmt 1 regoff 0x0 n 131 (table contents not committed)
  load op 64 at 347: addr 0x506e00540 idx 0 fmt 1 regoff 0x0 n 1 (table contents not committed)
  load op 9f at 379: addr 0xfe0040068 idx 0 fmt 1 regoff 0x0 n 921 (table contents not committed)
  load op 9f at 386: addr 0x506e01f88 idx 0 fmt 1 regoff 0x0 n 70 (table contents not committed)
  load op 63 at 391: addr 0x908e5ff90 idx 0 fmt 1 regoff 0x0 n 6 (table contents not committed)
  load op 9f at 396: addr 0x908e5ffc0 idx 0 fmt 1 regoff 0x0 n 10 (table contents not committed)
  load op 63 at 401: addr 0x908e5f7d0 idx 0 fmt 1 regoff 0x0 n 6 (table contents not committed)
  load op 9f at 406: addr 0x908e5f800 idx 0 fmt 1 regoff 0x0 n 9 (table contents not committed)
  load op 64 at 411: addr 0x506e00548 idx 0 fmt 1 regoff 0x0 n 5 (table contents not committed)
  load op 9f at 548: addr 0x506e021b8 idx 0 fmt 1 regoff 0x0 n 98 (table contents not committed)
  load op 64 at 555: addr 0x506e00570 idx 0 fmt 1 regoff 0x0 n 1 (table contents not committed)
  load op 9f at 560: addr 0x506dfe500 idx 0 fmt 1 regoff 0x0 n 33 (table contents not committed)
  load op 9f at 592: addr 0xfe0040068 idx 0 fmt 1 regoff 0x0 n 921 (table contents not committed)
  load op 9f at 599: addr 0x506dfe608 idx 0 fmt 1 regoff 0x0 n 70 (table contents not committed)
  load op 63 at 604: addr 0x908e5ff90 idx 0 fmt 1 regoff 0x0 n 6 (table contents not committed)
  load op 9f at 609: addr 0x908e5ffc0 idx 0 fmt 1 regoff 0x0 n 10 (table contents not committed)
  load op 63 at 614: addr 0x908e5f7d0 idx 0 fmt 1 regoff 0x0 n 6 (table contents not committed)
  load op 9f at 619: addr 0x908e5f800 idx 0 fmt 1 regoff 0x0 n 9 (table contents not committed)
  load op 64 at 624: addr 0x506e00578 idx 0 fmt 1 regoff 0x0 n 5 (table contents not committed)
submit #421 dcb 798 dwords at 0x506802500: pass 103 rewrite 35 drop 22 unmapped 0 cc 6 mappings 1156 ... OK rc 0 19.36 ms
timing: #421 done at t 68.066 s, 447.5 ms after the sync and hints
state stack #421: push 3 pop 3 conditional 1 unmatched 0; restored 2763 regs (+2811 dwords); tables 17, unreadable 0
timing: t 68.068 s acb 463 dwords: sync 11.6 ms, hints 0.0 ms
submit #422 acb 463 dwords at 0x4004867c0: pass 43 rewrite 11 drop 27 unmapped 0 cc 0 mappings 1156 ... OK rc 0 19.11 ms
timing: #422 done at t 68.104 s, 24.3 ms after the sync and hints
acb head: 1287 of 1336 dwords go ahead of the wait at 1287 on 0x400202f80
timing: t 68.105 s dcb 1248 dwords: sync 11.4 ms, hints 0.2 ms
  load op 9f at 36: addr 0xfe0040068 idx 0 fmt 1 regoff 0x0 n 921 (table contents not committed)
  load op 63 at 41: addr 0xfe0042068 idx 0 fmt 1 regoff 0x0 n 174 (table contents not committed)
  load op 64 at 46: addr 0xfe00425d8 idx 0 fmt 1 regoff 0x0 n 57 (table contents not committed)
  load op 9f at 88: addr 0x505201500 idx 0 fmt 1 regoff 0x0 n 5 (table contents not committed)
  load op 64 at 93: addr 0x505200500 idx 0 fmt 1 regoff 0x0 n 2 (table contents not committed)
  load op 63 at 98: addr 0x5051ff500 idx 0 fmt 1 regoff 0x0 n 3 (table contents not committed)
  load op 9f at 756: addr 0xfe0040068 idx 0 fmt 1 regoff 0x0 n 921 (table contents not committed)
  load op 9f at 763: addr 0x505201528 idx 0 fmt 1 regoff 0x0 n 74 (table contents not committed)
  load op 63 at 768: addr 0x908e5ff90 idx 0 fmt 1 regoff 0x0 n 6 (table contents not committed)
  load op 9f at 773: addr 0x908e5ffc0 idx 0 fmt 1 regoff 0x0 n 10 (table contents not committed)
  load op 64 at 778: addr 0x505200510 idx 0 fmt 1 regoff 0x0 n 5 (table contents not committed)
  load op 9f at 901: addr 0xfe0040068 idx 0 fmt 1 regoff 0x0 n 921 (table contents not committed)
  load op 9f at 908: addr 0x505201778 idx 0 fmt 1 regoff 0x0 n 74 (table contents not committed)
  load op 63 at 913: addr 0x908e5ff90 idx 0 fmt 1 regoff 0x0 n 6 (table contents not committed)
  load op 9f at 918: addr 0x908e5ffc0 idx 0 fmt 1 regoff 0x0 n 10 (table contents not committed)
  load op 64 at 923: addr 0x505200538 idx 0 fmt 1 regoff 0x0 n 5 (table contents not committed)
  load op 9f at 1046: addr 0xfe0040068 idx 0 fmt 1 regoff 0x0 n 921 (table contents not committed)
  load op 9f at 1053: addr 0x5052019c8 idx 0 fmt 1 regoff 0x0 n 74 (table contents not committed)
  load op 63 at 1058: addr 0x908e5ff90 idx 0 fmt 1 regoff 0x0 n 6 (table contents not committed)
  load op 9f at 1063: addr 0x908e5ffc0 idx 0 fmt 1 regoff 0x0 n 10 (table contents not committed)
  load op 64 at 1068: addr 0x505200560 idx 0 fmt 1 regoff 0x0 n 5 (table contents not committed)
submit #423 dcb 1248 dwords at 0x504e02500: pass 151 rewrite 46 drop 45 unmapped 0 cc 6 mappings 1156 ... OK rc 0 18.93 ms
timing: #423 done at t 68.419 s, 302.1 ms after the sync and hints
state stack #423: push 3 pop 3 conditional 1 unmatched 0; restored 2763 regs (+2811 dwords); tables 11, unreadable 0
flip 1/1 buffer 0x5093f0000 +0x1fe0000: sum 0x17ea65194594 nonzero 8100/8160 pattern 0
  target CB0 0x507410000: distinct 53 min 0xc0000000 max 0xc340d034,   target CB0 0x507410000: nonzero 1024/1024
  target CB0 0x563800000: distinct 1 min 0x00000000 max 0x00000000,   target CB0 0x563800000: nonzero 0/1024
  target CB0 0x55c00d000: distinct 4 min 0x00000000 max 0xffffffff,   target CB0 0x55c00d000: nonzero 147/1024
  target CB0 0x5637f0000: distinct 1 min 0x00000000 max 0x00000000,   target CB0 0x5637f0000: nonzero 0/1024
  target CB0 0x5219a0000: distinct 1 min 0x38003800 max 0x38003800,   target CB0 0x5219a0000: nonzero 1024/1024
  target CB0 0x57136d000: distinct 14 min 0x00000000 max 0xffffffff,   target CB0 0x57136d000: nonzero 156/1024
  target DB_HTILE 0x51c5b0000: distinct 2 min 0x00000000 max 0xfffffff0, timing: t 68.420 s acb 1287 dwords: sync 11.5 ms, hints 0.0 ms
  target DB_HTILE 0x51c5b0000: nonzero 128/1024
  target DB_Z_READ 0x51a6d0000: distinct 1 min 0x3f800000 max 0x3f800000,   target DB_Z_READ 0x51a6d0000: nonzero 1024/1024
submit #424 acb 1287 dwords at 0x4002a55c0: pass 118 rewrite 35 drop 63 unmapped 0 cc 0 mappings 1156 ...   target DB_STENCIL_READ 0x51bf30000: distinct 1 min 0x80800000 max 0x80800000,   target DB_STENCIL_READ 0x51bf30000: nonzero 1024/1024
  target CB0 0x512cf0000: distinct 1 min 0x00000000 max 0x00000000,   target CB0 0x512cf0000: nonzero 0/1024
  target CB0 0x5712c1000: distinct 15 min 0x00000000 max 0xffffffff,   target CB0 0x5712c1000: nonzero 244/1024
  target CB0 0x5712d1000: distinct 15 min 0x00000000 max 0xffffffff,   target CB0 0x5712d1000: nonzero 228/1024
  target CB0 0x517610000: distinct 1 min 0x00000000 max 0x00000000,   target CB0 0x517610000: nonzero 0/1024
  target CB0 0x571325000: distinct 14 min 0x00000000 max 0xffffffff,   target CB0 0x571325000: nonzero 172/1024
  target DB_HTILE 0x55c050000: distinct 3 min 0x00000000 max 0xffffffff,   target DB_HTILE 0x55c050000: nonzero 144/1024
  target DB_Z_READ 0x527430000: distinct 1 min 0xffffffff max 0xffffffff,   target DB_Z_READ 0x527430000: nonzero 1024/1024
timing: t 68.451 s flip 1/1, VideoOutSubmitFlip took 0.0 ms
OK rc 0 21.96 ms
timing: #424 done at t 68.461 s, 29.3 ms after the sync and hints
cpu-wait WAIT_REG_MEM64 at 115 on 0x400202d40: satisfied after 0.0 ms
timing: t 68.463 s after that wait (dcb 9089 dwords)
cpu-wait WAIT_REG_MEM64 at 1629 on 0x400202dc0: satisfied after 0.0 ms
timing: t 68.465 s after that wait (dcb 9089 dwords)
cpu-wait WAIT_REG_MEM64 at 8538 on 0x559cd49a53d8: satisfied after 0.0 ms
timing: t 68.467 s after that wait (dcb 9089 dwords)
timing: t 68.467 s dcb 9089 dwords: sync 11.4 ms, hints 0.3 ms
  indirect op 16 at 1246: base 0x5074063c0 +0x0 -> 1 1 1 0 0
  indirect op 16 at 1278: base 0x5074063e0 +0x0 -> 1 1 1 0 0
  indirect op 16 at 1310: base 0x50740a520 +0x0 -> 1 1 1 0 0
  indirect op 16 at 1342: base 0x50740a540 +0x0 -> 1 1 1 0 0
  indirect op 25 at 4584: base 0x56ddaffa0 +0x0 -> 1 512 0 0 0
  load op 9f at 28: addr 0xfe0040068 idx 0 fmt 1 regoff 0x0 n 921 (table contents not committed)
  load op 63 at 33: addr 0xfe0042068 idx 0 fmt 1 regoff 0x0 n 174 (table contents not committed)
  load op 64 at 38: addr 0xfe00425d8 idx 0 fmt 1 regoff 0x0 n 57 (table contents not committed)
  load op 9f at 80: addr 0x502e01500 idx 0 fmt 1 regoff 0x0 n 295 (table contents not committed)
  load op 64 at 85: addr 0x502e00500 idx 0 fmt 1 regoff 0x0 n 7 (table contents not committed)
  load op 63 at 90: addr 0x502dff500 idx 0 fmt 1 regoff 0x0 n 13 (table contents not committed)
  load op 63 at 342: addr 0x502dff568 idx 0 fmt 1 regoff 0x0 n 10 (table contents not committed)
  load op 63 at 734: addr 0x502dff5b8 idx 0 fmt 1 regoff 0x0 n 18 (table contents not committed)
  load op 63 at 1217: addr 0x502dff648 idx 0 fmt 1 regoff 0x0 n 10 (table contents not committed)
  load op 63 at 1249: addr 0x502dff698 idx 0 fmt 1 regoff 0x0 n 10 (table contents not committed)
  load op 63 at 1281: addr 0x502dff6e8 idx 0 fmt 1 regoff 0x0 n 10 (table contents not committed)
  load op 63 at 1313: addr 0x502dff738 idx 0 fmt 1 regoff 0x0 n 10 (table contents not committed)
  load op 9f at 1724: addr 0xfe0040068 idx 0 fmt 1 regoff 0x0 n 921 (table contents not committed)
  load op 9f at 1731: addr 0x502e01e38 idx 0 fmt 1 regoff 0x0 n 74 (table contents not committed)
  load op 63 at 1736: addr 0x908e5ff90 idx 0 fmt 1 regoff 0x0 n 6 (table contents not committed)
  load op 9f at 1741: addr 0x908e5ffc0 idx 0 fmt 1 regoff 0x0 n 10 (table contents not committed)
  load op 64 at 1746: addr 0x502e00538 idx 0 fmt 1 regoff 0x0 n 5 (table contents not committed)
  load op 9f at 1799: addr 0x502e02088 idx 0 fmt 1 regoff 0x0 n 132 (table contents not committed)
  load op 63 at 1804: addr 0x502dff788 idx 0 fmt 1 regoff 0x0 n 30 (table contents not committed)
  load op 64 at 1884: addr 0x502e00560 idx 0 fmt 1 regoff 0x0 n 5 (table contents not committed)
  load op 9f at 1891: addr 0x502dfd440 idx 0 fmt 1 regoff 0x0 n 175 (table contents not committed)
  load op 63 at 2106: addr 0x502dff878 idx 0 fmt 1 regoff 0x0 n 20 (table contents not committed)
  load op 9f at 3069: addr 0xfe0040068 idx 0 fmt 1 regoff 0x0 n 921 (table contents not committed)
  load op 9f at 3076: addr 0x502dfd9b8 idx 0 fmt 1 regoff 0x0 n 70 (table contents not committed)
  load op 63 at 3081: addr 0x908e5ff90 idx 0 fmt 1 regoff 0x0 n 6 (table contents not committed)
  load op 9f at 3086: addr 0x908e5ffc0 idx 0 fmt 1 regoff 0x0 n 10 (table contents not committed)
  load op 63 at 3091: addr 0x908e5f7d0 idx 0 fmt 1 regoff 0x0 n 6 (table contents not committed)
  load op 9f at 3096: addr 0x908e5f800 idx 0 fmt 1 regoff 0x0 n 9 (table contents not committed)
  load op 64 at 3101: addr 0x502e00588 idx 0 fmt 1 regoff 0x0 n 5 (table contents not committed)
  load op 9f at 3140: addr 0x502dfdbe8 idx 0 fmt 1 regoff 0x0 n 19 (table contents not committed)
  load op 63 at 3145: addr 0x502dff918 idx 0 fmt 1 regoff 0x0 n 12 (table contents not committed)
  load op 9f at 3268: addr 0xfe0040068 idx 0 fmt 1 regoff 0x0 n 921 (table contents not committed)
  load op 9f at 3275: addr 0x502dfdc80 idx 0 fmt 1 regoff 0x0 n 74 (table contents not committed)
  load op 63 at 3280: addr 0x908e5ff90 idx 0 fmt 1 regoff 0x0 n 6 (table contents not committed)
  load op 9f at 3285: addr 0x908e5ffc0 idx 0 fmt 1 regoff 0x0 n 10 (table contents not committed)
  load op 64 at 3290: addr 0x502e005b0 idx 0 fmt 1 regoff 0x0 n 5 (table contents not committed)
  load op 9f at 3329: addr 0x502dfded0 idx 0 fmt 1 regoff 0x0 n 166 (table contents not committed)
  load op 63 at 3334: addr 0x502dff978 idx 0 fmt 1 regoff 0x0 n 30 (table contents not committed)
  load op 64 at 3430: addr 0x502e005d8 idx 0 fmt 1 regoff 0x0 n 5 (table contents not committed)
  load op 9f at 3437: addr 0x502dfc320 idx 0 fmt 1 regoff 0x0 n 135 (table contents not committed)
  load op 63 at 3675: addr 0x502dffa68 idx 0 fmt 1 regoff 0x0 n 36 (table contents not committed)
  load op 64 at 4540: addr 0x502e00600 idx 0 fmt 1 regoff 0x0 n 6 (table contents not committed)
  load op 9f at 4545: addr 0x502dfc758 idx 0 fmt 1 regoff 0x0 n 376 (table contents not committed)
  load op 9f at 4552: addr 0x502dfb118 idx 0 fmt 1 regoff 0x0 n 205 (table contents not committed)
  load op 9f at 4853: addr 0xfe0040068 idx 0 fmt 1 regoff 0x0 n 921 (table contents not committed)
  load op 9f at 4860: addr 0x502dfb780 idx 0 fmt 1 regoff 0x0 n 74 (table contents not committed)
  load op 63 at 4865: addr 0x908e5ff90 idx 0 fmt 1 regoff 0x0 n 6 (table contents not committed)
  load op 9f at 4870: addr 0x908e5ffc0 idx 0 fmt 1 regoff 0x0 n 10 (table contents not committed)
  load op 64 at 4875: addr 0x502e00630 idx 0 fmt 1 regoff 0x0 n 5 (table contents not committed)
  load op 63 at 4914: addr 0x502dffb88 idx 0 fmt 1 regoff 0x0 n 21 (table contents not committed)
  load op 9f at 4925: addr 0x502dfb9d0 idx 0 fmt 1 regoff 0x0 n 223 (table contents not committed)
  load op 63 at 5901: addr 0x502dffc30 idx 0 fmt 1 regoff 0x0 n 10 (table contents not committed)
  load op 64 at 6381: addr 0x502e00658 idx 0 fmt 1 regoff 0x0 n 5 (table contents not committed)
  load op 63 at 6388: addr 0x502dffc80 idx 0 fmt 1 regoff 0x0 n 18 (table contents not committed)
  load op 9f at 6393: addr 0x502df9dd0 idx 0 fmt 1 regoff 0x0 n 67 (table contents not committed)
  load op 9f at 6506: addr 0x502df9fe8 idx 0 fmt 1 regoff 0x0 n 129 (table contents not committed)
  load op 63 at 6511: addr 0x502dffd10 idx 0 fmt 1 regoff 0x0 n 18 (table contents not committed)
  load op 64 at 6516: addr 0x502e00680 idx 0 fmt 1 regoff 0x0 n 3 (table contents not committed)
  load op 9f at 6629: addr 0x502dfa3f0 idx 0 fmt 1 regoff 0x0 n 129 (table contents not committed)
  load op 63 at 6634: addr 0x502dffda0 idx 0 fmt 1 regoff 0x0 n 18 (table contents not committed)
  load op 64 at 6639: addr 0x502e00698 idx 0 fmt 1 regoff 0x0 n 3 (table contents not committed)
  load op 9f at 6752: addr 0x502dfa7f8 idx 0 fmt 1 regoff 0x0 n 58 (table contents not committed)
  load op 9f at 6857: addr 0x502dfa9c8 idx 0 fmt 1 regoff 0x0 n 66 (table contents not committed)
  load op 9f at 6962: addr 0x502dfabd8 idx 0 fmt 1 regoff 0x0 n 58 (table contents not committed)
  load op 9f at 7067: addr 0x502df8140 idx 0 fmt 1 regoff 0x0 n 66 (table contents not committed)
  load op 9f at 7172: addr 0x502df8350 idx 0 fmt 1 regoff 0x0 n 58 (table contents not committed)
  load op 9f at 7277: addr 0x502df8520 idx 0 fmt 1 regoff 0x0 n 130 (table contents not committed)
  load op 63 at 7282: addr 0x502dffe30 idx 0 fmt 1 regoff 0x0 n 18 (table contents not committed)
  load op 64 at 7287: addr 0x502e006b0 idx 0 fmt 1 regoff 0x0 n 3 (table contents not committed)
  load op 9f at 7414: addr 0x502df8930 idx 0 fmt 1 regoff 0x0 n 135 (table contents not committed)
  load op 63 at 7419: addr 0x502dffec0 idx 0 fmt 1 regoff 0x0 n 18 (table contents not committed)
  load op 64 at 7424: addr 0x502e006c8 idx 0 fmt 1 regoff 0x0 n 3 (table contents not committed)
  load op 63 at 8002: addr 0x502dfff50 idx 0 fmt 1 regoff 0x0 n 28 (table contents not committed)
  load op 64 at 8579: addr 0x502e006e0 idx 0 fmt 1 regoff 0x0 n 5 (table contents not committed)
  load op 9f at 8584: addr 0x502df8d68 idx 0 fmt 1 regoff 0x0 n 113 (table contents not committed)
  load op 9f at 8591: addr 0x502df68b8 idx 0 fmt 1 regoff 0x0 n 168 (table contents not committed)
submit #425 dcb 9089 dwords at 0x502702500: pass 563 rewrite 485 drop 413 unmapped 1 cc 8 mappings 1156 ... OK rc 0 22.01 ms
timing: #425 done at t 69.602 s, 1122.8 ms after the sync and hints
state stack #425: push 4 pop 4 conditional 1 unmatched 0; restored 3684 regs (+3748 dwords); tables 35, unreadable 0
map 0x4003d0000 +0x10000 ... ok
swapped pages taken as resident so far: 0
vmas 108 total 13075.0 MiB resident 3672.1 MiB mapped 3672.1 MiB
timing: t 69.604 s acb 2 dwords: sync 15.8 ms, hints 0.0 ms
submit #426 acb 2 dwords at 0xfe003a200: pass 1 rewrite 0 drop 0 unmapped 0 cc 0 mappings 1157 ... OK rc 0 19.07 ms
timing: #426 done at t 69.643 s, 23.7 ms after the sync and hints
cpu-wait WAIT_REG_MEM64 at 0 on 0x400202f80: satisfied after 0.0 ms
timing: t 69.645 s after that wait (acb 49 dwords)
timing: t 69.644 s cc 3 dwords: sync 11.6 ms, hints 0.0 ms
submit #427 cc 3 dwords at 0x313b17cf4: pass 0 rewrite 1 drop 0 unmapped 0 cc 1 mappings 1157 ... OK rc 0 19.06 ms
timing: #427 done at t 69.680 s, 23.9 ms after the sync and hints
timing: t 69.681 s acb 49 dwords: sync 11.7 ms, hints 0.0 ms
submit #428 acb 49 dwords at 0x4002a69dc: pass 2 rewrite 3 drop 3 unmapped 0 cc 0 mappings 1157 ... OK rc 0 18.61 ms
timing: #428 done at t 69.716 s, 23.4 ms after the sync and hints
timing: t 69.717 s hib 150 dwords: sync 11.9 ms, hints 0.1 ms
  load op 61 at 10: base 0xfe0008000 pairs (0x0,215) (0xd8,272) (0x1f5,4) (0x1ff,158) (0x2a0,2) (0x2a3,1) (0x2a5,66) (0x2f5,203)
  load op 5f at 29: base 0xfe0010000 pairs (0x1,1) (0x6,38) (0x32,4) (0x80,4) (0x87,37) (0xb2,4) (0xc8,2) (0x100,4) (0x107,37) (0x132,4) (0x148,2) (0x204,3) (0x20c,2) (0x212,2) (0x215,6) (0x224,5) (0x22a,1) (0x240,16) (0x27d,1) (0x280,1) (0x207,3)
  load op 5e at 74: base 0xfe0011000 pairs (0x35,8) (0xa2,1) (0x242,1) (0x248,1) (0x24a,2) (0x25b,6) (0x262,1) (0x2bb,5) (0x2c4,16) (0x2e4,8) (0x380,2) (0x383,2) (0x41d,3) (0x24d,1)
  load op 61 at 105: base 0xfe0008000 pairs (0x0,0)
  load op 5f at 110: base 0xfe0010000 pairs (0x0,0)
  load op 5e at 115: base 0xfe0011000 pairs (0x0,0)
  load op 61 at 125: base 0xfe0008000 pairs (0x0,0)
  load op 5f at 130: base 0xfe0010000 pairs (0x0,0)
  load op 5e at 135: base 0xfe0011000 pairs (0x0,0)
submit #429 hib 150 dwords at 0xfe0000000: pass 12 rewrite 2 drop 2 unmapped 0 cc 2 mappings 1157 ... OK rc 0 19.38 ms
timing: #429 done at t 69.820 s, 91.5 ms after the sync and hints
map 0x335998000 +0x10000 ... ok
map 0x100e750000 +0x10000 ... ok
map 0x1120aa0000 +0x390000 ... ok
swapped pages taken as resident so far: 0
vmas 108 total 13075.0 MiB resident 3675.7 MiB mapped 3675.8 MiB
timing: t 69.821 s hib 2 dwords: sync 19.5 ms, hints 0.0 ms
submit #430 hib 2 dwords at 0xfe003a200: pass 1 rewrite 0 drop 0 unmapped 0 cc 0 mappings 1160 ... OK rc 0 18.90 ms
timing: #430 done at t 69.865 s, 23.6 ms after the sync and hints
map 0x3359a8000 +0x10000 ... ok
map 0x100e760000 +0x80000 ... ok
swapped pages taken as resident so far: 0
vmas 108 total 13075.0 MiB resident 3676.3 MiB mapped 3676.4 MiB
timing: t 69.866 s dcb 96 dwords: sync 17.4 ms, hints 0.1 ms
  load op 9f at 38: addr 0xfe0040068 idx 0 fmt 1 regoff 0x0 n 921 (table contents not committed)
  load op 63 at 43: addr 0xfe0042068 idx 0 fmt 1 regoff 0x0 n 174 (table contents not committed)
  load op 64 at 48: addr 0xfe00425d8 idx 0 fmt 1 regoff 0x0 n 49 (table contents not committed)
submit #431 dcb 96 dwords at 0xfe0042920: pass 20 rewrite 2 drop 2 unmapped 0 cc 0 mappings 1162 ... OK rc 0 19.16 ms
timing: #431 done at t 69.954 s, 70.6 ms after the sync and hints
hint CB0 0x53cc10000: window 0x53ac10000+0x4000000, mapped +0.0 MiB
hint CB0 0x571a64000: window 0x56fa60000+0x4000000, mapped +3.5 MiB
hint CB0 0x526bf0000: window 0x524bf0000+0x4000000, mapped +0.0 MiB
hint CB0 0x5719a8000: window 0x56f9a0000+0x4000000, mapped +0.0 MiB
hint DB_HTILE 0x5203a0000: window 0x51e3a0000+0x4000000, mapped +0.0 MiB
hint DB_Z_READ 0x51db50000: window 0x51bb50000+0x4000000, mapped +0.0 MiB
hint DB_STENCIL_READ 0x51fb30000: window 0x51db30000+0x4000000, mapped +0.0 MiB
timing: t 69.955 s dcb 3006 dwords: sync 11.3 ms, hints 7.4 ms
  load op 9f at 36: addr 0xfe0040068 idx 0 fmt 1 regoff 0x0 n 921 (table contents not committed)
  load op 63 at 41: addr 0xfe0042068 idx 0 fmt 1 regoff 0x0 n 174 (table contents not committed)
  load op 64 at 46: addr 0xfe00425d8 idx 0 fmt 1 regoff 0x0 n 57 (table contents not committed)
  load op 9f at 88: addr 0x504a01500 idx 0 fmt 1 regoff 0x0 n 136 (table contents not committed)
  load op 64 at 93: addr 0x504a00500 idx 0 fmt 1 regoff 0x0 n 3 (table contents not committed)
  load op 63 at 98: addr 0x5049ff500 idx 0 fmt 1 regoff 0x0 n 3 (table contents not committed)
  load op 9f at 1460: addr 0xfe0040068 idx 0 fmt 1 regoff 0x0 n 921 (table contents not committed)
  load op 9f at 1467: addr 0x504a01940 idx 0 fmt 1 regoff 0x0 n 70 (table contents not committed)
  load op 63 at 1472: addr 0x908e5ff90 idx 0 fmt 1 regoff 0x0 n 6 (table contents not committed)
  load op 9f at 1477: addr 0x908e5ffc0 idx 0 fmt 1 regoff 0x0 n 10 (table contents not committed)
  load op 63 at 1482: addr 0x908e5f7d0 idx 0 fmt 1 regoff 0x0 n 6 (table contents not committed)
  load op 9f at 1487: addr 0x908e5f800 idx 0 fmt 1 regoff 0x0 n 9 (table contents not committed)
  load op 64 at 1492: addr 0x504a00518 idx 0 fmt 1 regoff 0x0 n 5 (table contents not committed)
  load op 9f at 1861: addr 0x504a01b70 idx 0 fmt 1 regoff 0x0 n 131 (table contents not committed)
  load op 64 at 1868: addr 0x504a00540 idx 0 fmt 1 regoff 0x0 n 1 (table contents not committed)
  load op 9f at 1900: addr 0xfe0040068 idx 0 fmt 1 regoff 0x0 n 921 (table contents not committed)
  load op 9f at 1907: addr 0x504a01f88 idx 0 fmt 1 regoff 0x0 n 70 (table contents not committed)
  load op 63 at 1912: addr 0x908e5ff90 idx 0 fmt 1 regoff 0x0 n 6 (table contents not committed)
  load op 9f at 1917: addr 0x908e5ffc0 idx 0 fmt 1 regoff 0x0 n 10 (table contents not committed)
  load op 63 at 1922: addr 0x908e5f7d0 idx 0 fmt 1 regoff 0x0 n 6 (table contents not committed)
  load op 9f at 1927: addr 0x908e5f800 idx 0 fmt 1 regoff 0x0 n 9 (table contents not committed)
  load op 64 at 1932: addr 0x504a00548 idx 0 fmt 1 regoff 0x0 n 5 (table contents not committed)
  load op 9f at 2050: addr 0x504a021b8 idx 0 fmt 1 regoff 0x0 n 98 (table contents not committed)
  load op 64 at 2057: addr 0x504a00570 idx 0 fmt 1 regoff 0x0 n 1 (table contents not committed)
  load op 9f at 2062: addr 0x5049fe500 idx 0 fmt 1 regoff 0x0 n 33 (table contents not committed)
  load op 9f at 2094: addr 0xfe0040068 idx 0 fmt 1 regoff 0x0 n 921 (table contents not committed)
  load op 9f at 2101: addr 0x5049fe608 idx 0 fmt 1 regoff 0x0 n 70 (table contents not committed)
  load op 63 at 2106: addr 0x908e5ff90 idx 0 fmt 1 regoff 0x0 n 6 (table contents not committed)
  load op 9f at 2111: addr 0x908e5ffc0 idx 0 fmt 1 regoff 0x0 n 10 (table contents not committed)
  load op 63 at 2116: addr 0x908e5f7d0 idx 0 fmt 1 regoff 0x0 n 6 (table contents not committed)
  load op 9f at 2121: addr 0x908e5f800 idx 0 fmt 1 regoff 0x0 n 9 (table contents not committed)
  load op 64 at 2126: addr 0x504a00578 idx 0 fmt 1 regoff 0x0 n 5 (table contents not committed)
  load op 63 at 2222: addr 0x5049ff518 idx 0 fmt 1 regoff 0x0 n 10 (table contents not committed)
  load op 63 at 2413: addr 0x5049ff568 idx 0 fmt 1 regoff 0x0 n 28 (table contents not committed)
  load op 64 at 2487: addr 0x504a005a0 idx 0 fmt 1 regoff 0x0 n 5 (table contents not committed)
  load op 9f at 2494: addr 0x5049fe838 idx 0 fmt 1 regoff 0x0 n 290 (table contents not committed)
submit #432 dcb 3006 dwords at 0x504302500: pass 293 rewrite 132 drop 126 unmapped 0 cc 6 mappings 1163 ... OK rc 0 19.23 ms
timing: #432 done at t 70.473 s, 499.6 ms after the sync and hints
state stack #432: push 3 pop 3 conditional 1 unmatched 0; restored 2763 regs (+2811 dwords); tables 18, unreadable 0
timing: t 70.475 s acb 2 dwords: sync 11.5 ms, hints 0.0 ms
submit #433 acb 2 dwords at 0xfe003a200: pass 1 rewrite 0 drop 0 unmapped 0 cc 0 mappings 1163 ... OK rc 0 18.69 ms
timing: #433 done at t 70.510 s, 23.5 ms after the sync and hints
cpu-wait WAIT_REG_MEM64 at 87 on 0x400203980: satisfied after 0.0 ms
timing: t 70.512 s after that wait (acb 463 dwords)
timing: t 70.511 s dcb 851 dwords: sync 11.4 ms, hints 0.1 ms
  load op 9f at 38: addr 0xfe0040068 idx 0 fmt 1 regoff 0x0 n 921 (table contents not committed)
  load op 63 at 43: addr 0xfe0042068 idx 0 fmt 1 regoff 0x0 n 174 (table contents not committed)
  load op 64 at 48: addr 0xfe00425d8 idx 0 fmt 1 regoff 0x0 n 57 (table contents not committed)
  load op 9f at 90: addr 0x506201500 idx 0 fmt 1 regoff 0x0 n 5 (table contents not committed)
  load op 64 at 95: addr 0x506200500 idx 0 fmt 1 regoff 0x0 n 2 (table contents not committed)
  load op 63 at 100: addr 0x5061ff500 idx 0 fmt 1 regoff 0x0 n 3 (table contents not committed)
submit #434 dcb 851 dwords at 0x505e02500: pass 47 rewrite 55 drop 45 unmapped 0 cc 0 mappings 1163 ... OK rc 0 18.72 ms
timing: #434 done at t 70.616 s, 93.1 ms after the sync and hints
timing: t 70.616 s acb 463 dwords: sync 11.5 ms, hints 0.0 ms
submit #435 acb 463 dwords at 0x400526840: pass 43 rewrite 11 drop 27 unmapped 0 cc 0 mappings 1163 ... OK rc 0 19.00 ms
timing: #435 done at t 70.652 s, 24.0 ms after the sync and hints
hint CB0 0x513bf0000: window 0x511bf0000+0x4000000, mapped +0.0 MiB
hint CB0 0x571867000: window 0x56f860000+0x4000000, mapped +0.0 MiB
hint CB0 0x57187b000: window 0x56f870000+0x4000000, mapped +0.0 MiB
hint CB0 0x519b90000: window 0x517b90000+0x4000000, mapped +0.0 MiB
hint CB0 0x5718eb000: window 0x56f8e0000+0x4000000, mapped +0.0 MiB
timing: t 70.653 s dcb 798 dwords: sync 11.3 ms, hints 4.7 ms
  load op 9f at 35: addr 0xfe0040068 idx 0 fmt 1 regoff 0x0 n 921 (table contents not committed)
  load op 63 at 40: addr 0xfe0042068 idx 0 fmt 1 regoff 0x0 n 174 (table contents not committed)
  load op 64 at 45: addr 0xfe00425d8 idx 0 fmt 1 regoff 0x0 n 57 (table contents not committed)
  load op 9f at 87: addr 0x507401500 idx 0 fmt 1 regoff 0x0 n 136 (table contents not committed)
  load op 64 at 92: addr 0x507400500 idx 0 fmt 1 regoff 0x0 n 3 (table contents not committed)
  load op 63 at 97: addr 0x5073ff500 idx 0 fmt 1 regoff 0x0 n 3 (table contents not committed)
  load op 9f at 212: addr 0xfe0040068 idx 0 fmt 1 regoff 0x0 n 921 (table contents not committed)
  load op 9f at 219: addr 0x507401940 idx 0 fmt 1 regoff 0x0 n 70 (table contents not committed)
  load op 63 at 224: addr 0x908e5ff90 idx 0 fmt 1 regoff 0x0 n 6 (table contents not committed)
  load op 9f at 229: addr 0x908e5ffc0 idx 0 fmt 1 regoff 0x0 n 10 (table contents not committed)
  load op 63 at 234: addr 0x908e5f7d0 idx 0 fmt 1 regoff 0x0 n 6 (table contents not committed)
  load op 9f at 239: addr 0x908e5f800 idx 0 fmt 1 regoff 0x0 n 9 (table contents not committed)
  load op 64 at 244: addr 0x507400518 idx 0 fmt 1 regoff 0x0 n 5 (table contents not committed)
  load op 9f at 340: addr 0x507401b70 idx 0 fmt 1 regoff 0x0 n 131 (table contents not committed)
  load op 64 at 347: addr 0x507400540 idx 0 fmt 1 regoff 0x0 n 1 (table contents not committed)
  load op 9f at 379: addr 0xfe0040068 idx 0 fmt 1 regoff 0x0 n 921 (table contents not committed)
  load op 9f at 386: addr 0x507401f88 idx 0 fmt 1 regoff 0x0 n 70 (table contents not committed)
  load op 63 at 391: addr 0x908e5ff90 idx 0 fmt 1 regoff 0x0 n 6 (table contents not committed)
  load op 9f at 396: addr 0x908e5ffc0 idx 0 fmt 1 regoff 0x0 n 10 (table contents not committed)
  load op 63 at 401: addr 0x908e5f7d0 idx 0 fmt 1 regoff 0x0 n 6 (table contents not committed)
  load op 9f at 406: addr 0x908e5f800 idx 0 fmt 1 regoff 0x0 n 9 (table contents not committed)
  load op 64 at 411: addr 0x507400548 idx 0 fmt 1 regoff 0x0 n 5 (table contents not committed)
  load op 9f at 548: addr 0x5074021b8 idx 0 fmt 1 regoff 0x0 n 98 (table contents not committed)
  load op 64 at 555: addr 0x507400570 idx 0 fmt 1 regoff 0x0 n 1 (table contents not committed)
  load op 9f at 560: addr 0x5073fe500 idx 0 fmt 1 regoff 0x0 n 33 (table contents not committed)
  load op 9f at 592: addr 0xfe0040068 idx 0 fmt 1 regoff 0x0 n 921 (table contents not committed)
  load op 9f at 599: addr 0x5073fe608 idx 0 fmt 1 regoff 0x0 n 70 (table contents not committed)
  load op 63 at 604: addr 0x908e5ff90 idx 0 fmt 1 regoff 0x0 n 6 (table contents not committed)
  load op 9f at 609: addr 0x908e5ffc0 idx 0 fmt 1 regoff 0x0 n 10 (table contents not committed)
  load op 63 at 614: addr 0x908e5f7d0 idx 0 fmt 1 regoff 0x0 n 6 (table contents not committed)
  load op 9f at 619: addr 0x908e5f800 idx 0 fmt 1 regoff 0x0 n 9 (table contents not committed)
  load op 64 at 624: addr 0x507400578 idx 0 fmt 1 regoff 0x0 n 5 (table contents not committed)
submit #436 dcb 798 dwords at 0x506e02500: pass 103 rewrite 35 drop 22 unmapped 0 cc 6 mappings 1163 ... acb head: 1287 of 1336 dwords go ahead of the wait at 1287 on 0x400203b80
OK rc 0 19.40 ms
timing: #436 done at t 71.113 s, 444.1 ms after the sync and hints
state stack #436: push 3 pop 3 conditional 1 unmatched 0; restored 2763 regs (+2811 dwords); tables 17, unreadable 0
timing: t 71.115 s acb 1287 dwords: sync 11.4 ms, hints 0.0 ms
submit #437 acb 1287 dwords at 0x400345640: pass 118 rewrite 35 drop 63 unmapped 0 cc 0 mappings 1163 ... OK rc 0 20.86 ms
timing: #437 done at t 71.153 s, 26.4 ms after the sync and hints
timing: t 71.154 s dcb 1248 dwords: sync 11.5 ms, hints 0.2 ms
  load op 9f at 36: addr 0xfe0040068 idx 0 fmt 1 regoff 0x0 n 921 (table contents not committed)
  load op 63 at 41: addr 0xfe0042068 idx 0 fmt 1 regoff 0x0 n 174 (table contents not committed)
  load op 64 at 46: addr 0xfe00425d8 idx 0 fmt 1 regoff 0x0 n 57 (table contents not committed)
  load op 9f at 88: addr 0x505601500 idx 0 fmt 1 regoff 0x0 n 5 (table contents not committed)
  load op 64 at 93: addr 0x505600500 idx 0 fmt 1 regoff 0x0 n 2 (table contents not committed)
  load op 63 at 98: addr 0x5055ff500 idx 0 fmt 1 regoff 0x0 n 3 (table contents not committed)
  load op 9f at 756: addr 0xfe0040068 idx 0 fmt 1 regoff 0x0 n 921 (table contents not committed)
  load op 9f at 763: addr 0x505601528 idx 0 fmt 1 regoff 0x0 n 74 (table contents not committed)
  load op 63 at 768: addr 0x908e5ff90 idx 0 fmt 1 regoff 0x0 n 6 (table contents not committed)
  load op 9f at 773: addr 0x908e5ffc0 idx 0 fmt 1 regoff 0x0 n 10 (table contents not committed)
  load op 64 at 778: addr 0x505600510 idx 0 fmt 1 regoff 0x0 n 5 (table contents not committed)
  load op 9f at 901: addr 0xfe0040068 idx 0 fmt 1 regoff 0x0 n 921 (table contents not committed)
  load op 9f at 908: addr 0x505601778 idx 0 fmt 1 regoff 0x0 n 74 (table contents not committed)
  load op 63 at 913: addr 0x908e5ff90 idx 0 fmt 1 regoff 0x0 n 6 (table contents not committed)
  load op 9f at 918: addr 0x908e5ffc0 idx 0 fmt 1 regoff 0x0 n 10 (table contents not committed)
  load op 64 at 923: addr 0x505600538 idx 0 fmt 1 regoff 0x0 n 5 (table contents not committed)
  load op 9f at 1046: addr 0xfe0040068 idx 0 fmt 1 regoff 0x0 n 921 (table contents not committed)
  load op 9f at 1053: addr 0x5056019c8 idx 0 fmt 1 regoff 0x0 n 74 (table contents not committed)
  load op 63 at 1058: addr 0x908e5ff90 idx 0 fmt 1 regoff 0x0 n 6 (table contents not committed)
  load op 9f at 1063: addr 0x908e5ffc0 idx 0 fmt 1 regoff 0x0 n 10 (table contents not committed)
  load op 64 at 1068: addr 0x505600560 idx 0 fmt 1 regoff 0x0 n 5 (table contents not committed)
submit #438 dcb 1248 dwords at 0x505202500: pass 151 rewrite 46 drop 45 unmapped 0 cc 6 mappings 1163 ... OK rc 0 19.00 ms
timing: #438 done at t 71.471 s, 306.0 ms after the sync and hints
state stack #438: push 3 pop 3 conditional 1 unmatched 0; restored 2763 regs (+2811 dwords); tables 11, unreadable 0
flip 1/0 buffer 0x507410000 +0x1fe0000: sum 0x17ea65194594 nonzero 8100/8160 pattern 0
  target CB0 0x571a64000: distinct 12 min 0x00000000 max 0xffffffff,   target CB0 0x571a64000: nonzero 13/1024
  target CB0 0x563800000: distinct 1 min 0x00000000 max 0x00000000,   target CB0 0x563800000: nonzero 0/1024
  target CB0 0x55c00d000: distinct 4 min 0x00000000 max 0xffffffff,   target CB0 0x55c00d000: nonzero 147/1024
  target CB0 0x5637f0000: distinct 1 min 0x00000000 max 0x00000000,   target CB0 0x5637f0000: nonzero 0/1024
  target CB0 0x526bf0000: distinct 1 min 0x38003800 max 0x38003800,   target CB0 0x526bf0000: nonzero 1024/1024
  target CB0 0x5719a8000: distinct 12 min 0x00000000 max 0xffffffff,   target CB0 0x5719a8000: nonzero 15/1024
  target DB_HTILE 0x5203a0000: distinct 2 min 0x00000000 max 0xfffffff0,   target DB_HTILE 0x5203a0000: nonzero 160/1024
  target DB_Z_READ 0x51db50000: distinct 1 min 0x00000000 max 0x00000000,   target DB_Z_READ 0x51db50000: nonzero 0/1024
  target DB_STENCIL_READ 0x51fb30000: distinct 1 min 0x80800000 max 0x80800000,   target DB_STENCIL_READ 0x51fb30000: nonzero 1024/1024
  target CB0 0x513bf0000: distinct 1 min 0x00000000 max 0x00000000,   target CB0 0x513bf0000: nonzero 0/1024
  target CB0 0x571867000: distinct 14 min 0x00000000 max 0xffffffff,   target CB0 0x571867000: nonzero 128/1024
  target CB0 0x57187b000: distinct 14 min 0x00000000 max 0xffffffff,   target CB0 0x57187b000: nonzero 108/1024
  target CB0 0x519b90000: distinct 1 min 0x00000000 max 0x00000000,   target CB0 0x519b90000: nonzero 0/1024
  target CB0 0x5718eb000: distinct 13 min 0x00000000 max 0xffffffff,   target CB0 0x5718eb000: nonzero 36/1024
  target DB_HTILE 0x55c050000: distinct 3 min 0x00000000 max 0xffffffff,   target DB_HTILE 0x55c050000: nonzero 144/1024
  target DB_Z_READ 0x527430000: distinct 1 min 0xffffffff max 0xffffffff,   target DB_Z_READ 0x527430000: nonzero 1024/1024
timing: t 71.502 s flip 1/0, VideoOutSubmitFlip took 0.0 ms
cpu-wait WAIT_REG_MEM64 at 115 on 0x400203940: satisfied after 0.0 ms
timing: t 71.504 s after that wait (dcb 9023 dwords)
cpu-wait WAIT_REG_MEM64 at 1629 on 0x4002039c0: satisfied after 0.0 ms
timing: t 71.506 s after that wait (dcb 9023 dwords)
cpu-wait WAIT_REG_MEM64 at 8472 on 0x559cd49a53d0: satisfied after 0.0 ms
timing: t 71.507 s after that wait (dcb 9023 dwords)
hint CB0 0x511c10000: window 0x50fc10000+0x4000000, mapped +0.0 MiB
hint CB0 0x57183f000: window 0x56f830000+0x4000000, mapped +0.0 MiB
hint CB0 0x520440000: window 0x51e440000+0x4000000, mapped +0.0 MiB
hint CB0 0x5718ff000: window 0x56f8f0000+0x4000000, mapped +0.0 MiB
hint CB0 0x542ab0000: window 0x540ab0000+0x4000000, mapped +0.0 MiB
hint CB0 0x571ace000: window 0x56fac0000+0x4000000, mapped +0.4 MiB
hint CB0 0x541010000: window 0x53f010000+0x4000000, mapped +0.0 MiB
hint CB0 0x571d2a000: window 0x56fd20000+0x4000000, mapped +2.4 MiB
hint CB0 0x542960000: window 0x540960000+0x4000000, mapped +0.0 MiB
hint CB0 0x571d42000: window 0x56fd40000+0x4000000, mapped +0.1 MiB
hint CB0 0x542be0000: window 0x540be0000+0x4000000, mapped +0.0 MiB
hint CB0 0x571a7d000: window 0x56fa70000+0x4000000, mapped +0.0 MiB
hint CB0 0x542ca0000: window 0x540ca0000+0x4000000, mapped +0.0 MiB
hint CB0 0x542d60000: window 0x540d60000+0x4000000, mapped +0.0 MiB
hint CB0 0x542da0000: window 0x540da0000+0x4000000, mapped +0.0 MiB
hint CB0 0x542de0000: window 0x540de0000+0x4000000, mapped +0.0 MiB
hint CB0 0x542df0000: window 0x540df0000+0x4000000, mapped +0.0 MiB
hint CB0 0x5420f0000: window 0x5400f0000+0x4000000, mapped +0.0 MiB
hint CB0 0x571d36000: window 0x56fd30000+0x4000000, mapped +0.0 MiB
timing: t 71.508 s dcb 9023 dwords: sync 11.4 ms, hints 18.6 ms
  indirect op 16 at 1246: base 0x5074063c0 +0x0 -> 3344 1 1 0 0
  indirect op 16 at 1278: base 0x5074063e0 +0x0 -> 1 1 1 0 0
  indirect op 16 at 1310: base 0x50740a520 +0x0 -> 1 1 1 0 0
  indirect op 16 at 1342: base 0x50740a540 +0x0 -> 1 1 1 0 0
  indirect op 25 at 4584: base 0x56ddaffa0 +0x0 -> 1 512 0 0 0
  load op 9f at 28: addr 0xfe0040068 idx 0 fmt 1 regoff 0x0 n 921 (table contents not committed)
  load op 63 at 33: addr 0xfe0042068 idx 0 fmt 1 regoff 0x0 n 174 (table contents not committed)
  load op 64 at 38: addr 0xfe00425d8 idx 0 fmt 1 regoff 0x0 n 57 (table contents not committed)
  load op 9f at 80: addr 0x503501500 idx 0 fmt 1 regoff 0x0 n 295 (table contents not committed)
  load op 64 at 85: addr 0x503500500 idx 0 fmt 1 regoff 0x0 n 7 (table contents not committed)
  load op 63 at 90: addr 0x5034ff500 idx 0 fmt 1 regoff 0x0 n 13 (table contents not committed)
  load op 63 at 342: addr 0x5034ff568 idx 0 fmt 1 regoff 0x0 n 10 (table contents not committed)
  load op 63 at 734: addr 0x5034ff5b8 idx 0 fmt 1 regoff 0x0 n 18 (table contents not committed)
  load op 63 at 1217: addr 0x5034ff648 idx 0 fmt 1 regoff 0x0 n 10 (table contents not committed)
  load op 63 at 1249: addr 0x5034ff698 idx 0 fmt 1 regoff 0x0 n 10 (table contents not committed)
  load op 63 at 1281: addr 0x5034ff6e8 idx 0 fmt 1 regoff 0x0 n 10 (table contents not committed)
  load op 63 at 1313: addr 0x5034ff738 idx 0 fmt 1 regoff 0x0 n 10 (table contents not committed)
  load op 9f at 1724: addr 0xfe0040068 idx 0 fmt 1 regoff 0x0 n 921 (table contents not committed)
  load op 9f at 1731: addr 0x503501e38 idx 0 fmt 1 regoff 0x0 n 74 (table contents not committed)
  load op 63 at 1736: addr 0x908e5ff90 idx 0 fmt 1 regoff 0x0 n 6 (table contents not committed)
  load op 9f at 1741: addr 0x908e5ffc0 idx 0 fmt 1 regoff 0x0 n 10 (table contents not committed)
  load op 64 at 1746: addr 0x503500538 idx 0 fmt 1 regoff 0x0 n 5 (table contents not committed)
  load op 9f at 1799: addr 0x503502088 idx 0 fmt 1 regoff 0x0 n 132 (table contents not committed)
  load op 63 at 1804: addr 0x5034ff788 idx 0 fmt 1 regoff 0x0 n 30 (table contents not committed)
  load op 64 at 1884: addr 0x503500560 idx 0 fmt 1 regoff 0x0 n 5 (table contents not committed)
  load op 9f at 1891: addr 0x5034fd440 idx 0 fmt 1 regoff 0x0 n 175 (table contents not committed)
  load op 63 at 2106: addr 0x5034ff878 idx 0 fmt 1 regoff 0x0 n 20 (table contents not committed)
  load op 9f at 3069: addr 0xfe0040068 idx 0 fmt 1 regoff 0x0 n 921 (table contents not committed)
  load op 9f at 3076: addr 0x5034fd9b8 idx 0 fmt 1 regoff 0x0 n 70 (table contents not committed)
  load op 63 at 3081: addr 0x908e5ff90 idx 0 fmt 1 regoff 0x0 n 6 (table contents not committed)
  load op 9f at 3086: addr 0x908e5ffc0 idx 0 fmt 1 regoff 0x0 n 10 (table contents not committed)
  load op 63 at 3091: addr 0x908e5f7d0 idx 0 fmt 1 regoff 0x0 n 6 (table contents not committed)
  load op 9f at 3096: addr 0x908e5f800 idx 0 fmt 1 regoff 0x0 n 9 (table contents not committed)
  load op 64 at 3101: addr 0x503500588 idx 0 fmt 1 regoff 0x0 n 5 (table contents not committed)
  load op 9f at 3140: addr 0x5034fdbe8 idx 0 fmt 1 regoff 0x0 n 19 (table contents not committed)
  load op 63 at 3145: addr 0x5034ff918 idx 0 fmt 1 regoff 0x0 n 12 (table contents not committed)
  load op 9f at 3268: addr 0xfe0040068 idx 0 fmt 1 regoff 0x0 n 921 (table contents not committed)
  load op 9f at 3275: addr 0x5034fdc80 idx 0 fmt 1 regoff 0x0 n 74 (table contents not committed)
  load op 63 at 3280: addr 0x908e5ff90 idx 0 fmt 1 regoff 0x0 n 6 (table contents not committed)
  load op 9f at 3285: addr 0x908e5ffc0 idx 0 fmt 1 regoff 0x0 n 10 (table contents not committed)
  load op 64 at 3290: addr 0x5035005b0 idx 0 fmt 1 regoff 0x0 n 5 (table contents not committed)
  load op 9f at 3329: addr 0x5034fded0 idx 0 fmt 1 regoff 0x0 n 166 (table contents not committed)
  load op 63 at 3334: addr 0x5034ff978 idx 0 fmt 1 regoff 0x0 n 30 (table contents not committed)
  load op 64 at 3430: addr 0x5035005d8 idx 0 fmt 1 regoff 0x0 n 5 (table contents not committed)
  load op 9f at 3437: addr 0x5034fc320 idx 0 fmt 1 regoff 0x0 n 135 (table contents not committed)
  load op 63 at 3675: addr 0x5034ffa68 idx 0 fmt 1 regoff 0x0 n 36 (table contents not committed)
  load op 64 at 4540: addr 0x503500600 idx 0 fmt 1 regoff 0x0 n 6 (table contents not committed)
  load op 9f at 4545: addr 0x5034fc758 idx 0 fmt 1 regoff 0x0 n 376 (table contents not committed)
  load op 9f at 4552: addr 0x5034fb118 idx 0 fmt 1 regoff 0x0 n 205 (table contents not committed)
  load op 9f at 4853: addr 0xfe0040068 idx 0 fmt 1 regoff 0x0 n 921 (table contents not committed)
  load op 9f at 4860: addr 0x5034fb780 idx 0 fmt 1 regoff 0x0 n 74 (table contents not committed)
  load op 63 at 4865: addr 0x908e5ff90 idx 0 fmt 1 regoff 0x0 n 6 (table contents not committed)
  load op 9f at 4870: addr 0x908e5ffc0 idx 0 fmt 1 regoff 0x0 n 10 (table contents not committed)
  load op 64 at 4875: addr 0x503500630 idx 0 fmt 1 regoff 0x0 n 5 (table contents not committed)
  load op 63 at 4914: addr 0x5034ffb88 idx 0 fmt 1 regoff 0x0 n 21 (table contents not committed)
  load op 9f at 4925: addr 0x5034fb9d0 idx 0 fmt 1 regoff 0x0 n 223 (table contents not committed)
  load op 64 at 6315: addr 0x503500658 idx 0 fmt 1 regoff 0x0 n 5 (table contents not committed)
  load op 63 at 6322: addr 0x5034ffc30 idx 0 fmt 1 regoff 0x0 n 18 (table contents not committed)
  load op 9f at 6327: addr 0x5034f9e30 idx 0 fmt 1 regoff 0x0 n 67 (table contents not committed)
  load op 9f at 6440: addr 0x5034fa048 idx 0 fmt 1 regoff 0x0 n 129 (table contents not committed)
  load op 63 at 6445: addr 0x5034ffcc0 idx 0 fmt 1 regoff 0x0 n 18 (table contents not committed)
  load op 64 at 6450: addr 0x503500680 idx 0 fmt 1 regoff 0x0 n 3 (table contents not committed)
  load op 9f at 6563: addr 0x5034fa450 idx 0 fmt 1 regoff 0x0 n 129 (table contents not committed)
  load op 63 at 6568: addr 0x5034ffd50 idx 0 fmt 1 regoff 0x0 n 18 (table contents not committed)
  load op 64 at 6573: addr 0x503500698 idx 0 fmt 1 regoff 0x0 n 3 (table contents not committed)
  load op 9f at 6686: addr 0x5034fa858 idx 0 fmt 1 regoff 0x0 n 58 (table contents not committed)
  load op 9f at 6791: addr 0x5034faa28 idx 0 fmt 1 regoff 0x0 n 66 (table contents not committed)
  load op 9f at 6896: addr 0x5034fac38 idx 0 fmt 1 regoff 0x0 n 58 (table contents not committed)
  load op 9f at 7001: addr 0x5034f81a0 idx 0 fmt 1 regoff 0x0 n 66 (table contents not committed)
  load op 9f at 7106: addr 0x5034f83b0 idx 0 fmt 1 regoff 0x0 n 58 (table contents not committed)
  load op 9f at 7211: addr 0x5034f8580 idx 0 fmt 1 regoff 0x0 n 130 (table contents not committed)
  load op 63 at 7216: addr 0x5034ffde0 idx 0 fmt 1 regoff 0x0 n 18 (table contents not committed)
  load op 64 at 7221: addr 0x5035006b0 idx 0 fmt 1 regoff 0x0 n 3 (table contents not committed)
  load op 9f at 7348: addr 0x5034f8990 idx 0 fmt 1 regoff 0x0 n 135 (table contents not committed)
  load op 63 at 7353: addr 0x5034ffe70 idx 0 fmt 1 regoff 0x0 n 18 (table contents not committed)
  load op 64 at 7358: addr 0x5035006c8 idx 0 fmt 1 regoff 0x0 n 3 (table contents not committed)
  load op 63 at 7936: addr 0x5034fff00 idx 0 fmt 1 regoff 0x0 n 28 (table contents not committed)
  load op 64 at 8513: addr 0x5035006e0 idx 0 fmt 1 regoff 0x0 n 5 (table contents not committed)
  load op 9f at 8518: addr 0x5034f8dc8 idx 0 fmt 1 regoff 0x0 n 113 (table contents not committed)
  load op 9f at 8525: addr 0x5034f6918 idx 0 fmt 1 regoff 0x0 n 168 (table contents not committed)
submit #439 dcb 9023 dwords at 0x502e02500: pass 559 rewrite 484 drop 408 unmapped 1 cc 8 mappings 1166 ... OK rc 0 22.39 ms
timing: #439 done at t 72.671 s, 1132.9 ms after the sync and hints
state stack #439: push 4 pop 4 conditional 1 unmatched 0; restored 3684 regs (+3748 dwords); tables 35, unreadable 0
map 0x400290000 +0x10000 ... ok
swapped pages taken as resident so far: 0
vmas 108 total 13075.0 MiB resident 3682.7 MiB mapped 3682.8 MiB
timing: t 72.673 s acb 2 dwords: sync 15.5 ms, hints 0.0 ms
submit #440 acb 2 dwords at 0xfe003a200: pass 1 rewrite 0 drop 0 unmapped 0 cc 0 mappings 1167 ... OK rc 0 18.69 ms
timing: #440 done at t 72.712 s, 23.2 ms after the sync and hints
cpu-wait WAIT_REG_MEM64 at 0 on 0x400203b80: satisfied after 0.0 ms
timing: t 72.713 s after that wait (acb 49 dwords)
timing: t 72.713 s cc 3 dwords: sync 12.3 ms, hints 0.0 ms
submit #441 cc 3 dwords at 0x313b17cf4: pass 0 rewrite 1 drop 0 unmapped 0 cc 1 mappings 1167 ... OK rc 0 18.72 ms
timing: #441 done at t 72.749 s, 23.5 ms after the sync and hints
timing: t 72.749 s acb 49 dwords: sync 11.4 ms, hints 0.0 ms
submit #442 acb 49 dwords at 0x400346a5c: pass 2 rewrite 3 drop 3 unmapped 0 cc 0 mappings 1167 ... OK rc 0 18.74 ms
timing: #442 done at t 72.785 s, 23.8 ms after the sync and hints
timing: t 72.786 s hib 150 dwords: sync 11.4 ms, hints 0.1 ms
  load op 61 at 10: base 0xfe0008000 pairs (0x0,215) (0xd8,272) (0x1f5,4) (0x1ff,158) (0x2a0,2) (0x2a3,1) (0x2a5,66) (0x2f5,203)
  load op 5f at 29: base 0xfe0010000 pairs (0x1,1) (0x6,38) (0x32,4) (0x80,4) (0x87,37) (0xb2,4) (0xc8,2) (0x100,4) (0x107,37) (0x132,4) (0x148,2) (0x204,3) (0x20c,2) (0x212,2) (0x215,6) (0x224,5) (0x22a,1) (0x240,16) (0x27d,1) (0x280,1) (0x207,3)
  load op 5e at 74: base 0xfe0011000 pairs (0x35,8) (0xa2,1) (0x242,1) (0x248,1) (0x24a,2) (0x25b,6) (0x262,1) (0x2bb,5) (0x2c4,16) (0x2e4,8) (0x380,2) (0x383,2) (0x41d,3) (0x24d,1)
  load op 61 at 105: base 0xfe0008000 pairs (0x0,0)
  load op 5f at 110: base 0xfe0010000 pairs (0x0,0)
  load op 5e at 115: base 0xfe0011000 pairs (0x0,0)
  load op 61 at 125: base 0xfe0008000 pairs (0x0,0)
  load op 5f at 130: base 0xfe0010000 pairs (0x0,0)
  load op 5e at 135: base 0xfe0011000 pairs (0x0,0)
submit #443 hib 150 dwords at 0xfe0000000: pass 12 rewrite 2 drop 2 unmapped 0 cc 2 mappings 1167 ... OK rc 0 18.79 ms
timing: #443 done at t 72.878 s, 80.9 ms after the sync and hints
timing: t 72.879 s hib 2 dwords: sync 11.9 ms, hints 0.0 ms
submit #444 hib 2 dwords at 0xfe003a200: pass 1 rewrite 0 drop 0 unmapped 0 cc 0 mappings 1167 ... OK rc 0 18.67 ms
timing: #444 done at t 72.915 s, 23.6 ms after the sync and hints
timing: t 72.915 s dcb 96 dwords: sync 11.5 ms, hints 0.1 ms
  load op 9f at 38: addr 0xfe0040068 idx 0 fmt 1 regoff 0x0 n 921 (table contents not committed)
  load op 63 at 43: addr 0xfe0042068 idx 0 fmt 1 regoff 0x0 n 174 (table contents not committed)
  load op 64 at 48: addr 0xfe00425d8 idx 0 fmt 1 regoff 0x0 n 49 (table contents not committed)
submit #445 dcb 96 dwords at 0xfe0042920: pass 20 rewrite 2 drop 2 unmapped 0 cc 0 mappings 1167 ... OK rc 0 18.79 ms
timing: #445 done at t 72.997 s, 70.4 ms after the sync and hints
timing: t 72.998 s dcb 2647 dwords: sync 11.4 ms, hints 0.2 ms
  load op 9f at 36: addr 0xfe0040068 idx 0 fmt 1 regoff 0x0 n 921 (table contents not committed)
  load op 63 at 41: addr 0xfe0042068 idx 0 fmt 1 regoff 0x0 n 174 (table contents not committed)
  load op 64 at 46: addr 0xfe00425d8 idx 0 fmt 1 regoff 0x0 n 57 (table contents not committed)
  load op 9f at 88: addr 0x503c01500 idx 0 fmt 1 regoff 0x0 n 136 (table contents not committed)
  load op 64 at 93: addr 0x503c00500 idx 0 fmt 1 regoff 0x0 n 3 (table contents not committed)
  load op 63 at 98: addr 0x503bff500 idx 0 fmt 1 regoff 0x0 n 3 (table contents not committed)
  load op 9f at 1541: addr 0xfe0040068 idx 0 fmt 1 regoff 0x0 n 921 (table contents not committed)
  load op 9f at 1548: addr 0x503c01940 idx 0 fmt 1 regoff 0x0 n 70 (table contents not committed)
  load op 63 at 1553: addr 0x908e5ff90 idx 0 fmt 1 regoff 0x0 n 6 (table contents not committed)
  load op 9f at 1558: addr 0x908e5ffc0 idx 0 fmt 1 regoff 0x0 n 10 (table contents not committed)
  load op 63 at 1563: addr 0x908e5f7d0 idx 0 fmt 1 regoff 0x0 n 6 (table contents not committed)
  load op 9f at 1568: addr 0x908e5f800 idx 0 fmt 1 regoff 0x0 n 9 (table contents not committed)
  load op 64 at 1573: addr 0x503c00518 idx 0 fmt 1 regoff 0x0 n 5 (table contents not committed)
  load op 9f at 1691: addr 0x503c01b70 idx 0 fmt 1 regoff 0x0 n 131 (table contents not committed)
  load op 64 at 1698: addr 0x503c00540 idx 0 fmt 1 regoff 0x0 n 1 (table contents not committed)
  load op 9f at 1730: addr 0xfe0040068 idx 0 fmt 1 regoff 0x0 n 921 (table contents not committed)
  load op 9f at 1737: addr 0x503c01f88 idx 0 fmt 1 regoff 0x0 n 70 (table contents not committed)
  load op 63 at 1742: addr 0x908e5ff90 idx 0 fmt 1 regoff 0x0 n 6 (table contents not committed)
  load op 9f at 1747: addr 0x908e5ffc0 idx 0 fmt 1 regoff 0x0 n 10 (table contents not committed)
  load op 63 at 1752: addr 0x908e5f7d0 idx 0 fmt 1 regoff 0x0 n 6 (table contents not committed)
  load op 9f at 1757: addr 0x908e5f800 idx 0 fmt 1 regoff 0x0 n 9 (table contents not committed)
  load op 64 at 1762: addr 0x503c00548 idx 0 fmt 1 regoff 0x0 n 5 (table contents not committed)
  load op 63 at 1858: addr 0x503bff518 idx 0 fmt 1 regoff 0x0 n 10 (table contents not committed)
  load op 63 at 2049: addr 0x503bff568 idx 0 fmt 1 regoff 0x0 n 28 (table contents not committed)
  load op 64 at 2123: addr 0x503c00570 idx 0 fmt 1 regoff 0x0 n 5 (table contents not committed)
  load op 9f at 2130: addr 0x503c021b8 idx 0 fmt 1 regoff 0x0 n 96 (table contents not committed)
  load op 9f at 2135: addr 0x503bfe390 idx 0 fmt 1 regoff 0x0 n 194 (table contents not committed)
submit #446 dcb 2647 dwords at 0x503502500: pass 236 rewrite 123 drop 120 unmapped 0 cc 4 mappings 1167 ... OK rc 0 19.19 ms
timing: #446 done at t 73.408 s, 398.2 ms after the sync and hints
state stack #446: push 2 pop 2 conditional 1 unmatched 0; restored 1842 regs (+1874 dwords); tables 13, unreadable 0
timing: t 73.410 s dcb 851 dwords: sync 11.7 ms, hints 0.1 ms
  load op 9f at 38: addr 0xfe0040068 idx 0 fmt 1 regoff 0x0 n 921 (table contents not committed)
  load op 63 at 43: addr 0xfe0042068 idx 0 fmt 1 regoff 0x0 n 174 (table contents not committed)
  load op 64 at 48: addr 0xfe00425d8 idx 0 fmt 1 regoff 0x0 n 57 (table contents not committed)
  load op 9f at 90: addr 0x505a01500 idx 0 fmt 1 regoff 0x0 n 5 (table contents not committed)
  load op 64 at 95: addr 0x505a00500 idx 0 fmt 1 regoff 0x0 n 2 (table contents not committed)
  load op 63 at 100: addr 0x5059ff500 idx 0 fmt 1 regoff 0x0 n 3 (table contents not committed)
submit #447 dcb 851 dwords at 0x505602500: pass 47 rewrite 55 drop 45 unmapped 0 cc 0 mappings 1167 ... OK rc 0 18.82 ms
timing: #447 done at t 73.516 s, 93.3 ms after the sync and hints
timing: t 73.516 s acb 2 dwords: sync 12.0 ms, hints 0.1 ms
submit #448 acb 2 dwords at 0xfe003a200: pass 1 rewrite 0 drop 0 unmapped 0 cc 0 mappings 1167 ... OK rc 0 18.84 ms
timing: #448 done at t 73.552 s, 23.7 ms after the sync and hints
cpu-wait WAIT_REG_MEM64 at 87 on 0x400201a40: satisfied after 0.0 ms
timing: t 73.554 s after that wait (acb 463 dwords)
timing: t 73.553 s dcb 798 dwords: sync 11.8 ms, hints 0.2 ms
  load op 9f at 35: addr 0xfe0040068 idx 0 fmt 1 regoff 0x0 n 921 (table contents not committed)
  load op 63 at 40: addr 0xfe0042068 idx 0 fmt 1 regoff 0x0 n 174 (table contents not committed)
  load op 64 at 45: addr 0xfe00425d8 idx 0 fmt 1 regoff 0x0 n 57 (table contents not committed)
  load op 9f at 87: addr 0x506801500 idx 0 fmt 1 regoff 0x0 n 136 (table contents not committed)
  load op 64 at 92: addr 0x506800500 idx 0 fmt 1 regoff 0x0 n 3 (table contents not committed)
  load op 63 at 97: addr 0x5067ff500 idx 0 fmt 1 regoff 0x0 n 3 (table contents not committed)
  load op 9f at 212: addr 0xfe0040068 idx 0 fmt 1 regoff 0x0 n 921 (table contents not committed)
  load op 9f at 219: addr 0x506801940 idx 0 fmt 1 regoff 0x0 n 70 (table contents not committed)
  load op 63 at 224: addr 0x908e5ff90 idx 0 fmt 1 regoff 0x0 n 6 (table contents not committed)
  load op 9f at 229: addr 0x908e5ffc0 idx 0 fmt 1 regoff 0x0 n 10 (table contents not committed)
  load op 63 at 234: addr 0x908e5f7d0 idx 0 fmt 1 regoff 0x0 n 6 (table contents not committed)
  load op 9f at 239: addr 0x908e5f800 idx 0 fmt 1 regoff 0x0 n 9 (table contents not committed)
  load op 64 at 244: addr 0x506800518 idx 0 fmt 1 regoff 0x0 n 5 (table contents not committed)
  load op 9f at 340: addr 0x506801b70 idx 0 fmt 1 regoff 0x0 n 131 (table contents not committed)
  load op 64 at 347: addr 0x506800540 idx 0 fmt 1 regoff 0x0 n 1 (table contents not committed)
  load op 9f at 379: addr 0xfe0040068 idx 0 fmt 1 regoff 0x0 n 921 (table contents not committed)
  load op 9f at 386: addr 0x506801f88 idx 0 fmt 1 regoff 0x0 n 70 (table contents not committed)
  load op 63 at 391: addr 0x908e5ff90 idx 0 fmt 1 regoff 0x0 n 6 (table contents not committed)
  load op 9f at 396: addr 0x908e5ffc0 idx 0 fmt 1 regoff 0x0 n 10 (table contents not committed)
  load op 63 at 401: addr 0x908e5f7d0 idx 0 fmt 1 regoff 0x0 n 6 (table contents not committed)
  load op 9f at 406: addr 0x908e5f800 idx 0 fmt 1 regoff 0x0 n 9 (table contents not committed)
  load op 64 at 411: addr 0x506800548 idx 0 fmt 1 regoff 0x0 n 5 (table contents not committed)
  load op 9f at 548: addr 0x5068021b8 idx 0 fmt 1 regoff 0x0 n 98 (table contents not committed)
  load op 64 at 555: addr 0x506800570 idx 0 fmt 1 regoff 0x0 n 1 (table contents not committed)
  load op 9f at 560: addr 0x5067fe500 idx 0 fmt 1 regoff 0x0 n 33 (table contents not committed)
  load op 9f at 592: addr 0xfe0040068 idx 0 fmt 1 regoff 0x0 n 921 (table contents not committed)
  load op 9f at 599: addr 0x5067fe608 idx 0 fmt 1 regoff 0x0 n 70 (table contents not committed)
  load op 63 at 604: addr 0x908e5ff90 idx 0 fmt 1 regoff 0x0 n 6 (table contents not committed)
  load op 9f at 609: addr 0x908e5ffc0 idx 0 fmt 1 regoff 0x0 n 10 (table contents not committed)
  load op 63 at 614: addr 0x908e5f7d0 idx 0 fmt 1 regoff 0x0 n 6 (table contents not committed)
  load op 9f at 619: addr 0x908e5f800 idx 0 fmt 1 regoff 0x0 n 9 (table contents not committed)
  load op 64 at 624: addr 0x506800578 idx 0 fmt 1 regoff 0x0 n 5 (table contents not committed)
submit #449 dcb 798 dwords at 0x506202500: pass 103 rewrite 35 drop 22 unmapped 0 cc 6 mappings 1167 ... OK rc 0 19.68 ms
timing: #449 done at t 74.016 s, 451.1 ms after the sync and hints
state stack #449: push 3 pop 3 conditional 1 unmatched 0; restored 2763 regs (+2811 dwords); tables 17, unreadable 0
timing: t 74.018 s acb 463 dwords: sync 12.4 ms, hints 0.0 ms
submit #450 acb 463 dwords at 0x4003e6740: pass 43 rewrite 11 drop 27 unmapped 0 cc 0 mappings 1167 ... OK rc 0 19.33 ms
timing: #450 done at t 74.055 s, 24.3 ms after the sync and hints
acb head: 1287 of 1336 dwords go ahead of the wait at 1287 on 0x400202380
timing: t 74.056 s dcb 1248 dwords: sync 11.9 ms, hints 0.2 ms
  load op 9f at 36: addr 0xfe0040068 idx 0 fmt 1 regoff 0x0 n 921 (table contents not committed)
  load op 63 at 41: addr 0xfe0042068 idx 0 fmt 1 regoff 0x0 n 174 (table contents not committed)
  load op 64 at 46: addr 0xfe00425d8 idx 0 fmt 1 regoff 0x0 n 57 (table contents not committed)
  load op 9f at 88: addr 0x504e01500 idx 0 fmt 1 regoff 0x0 n 5 (table contents not committed)
  load op 64 at 93: addr 0x504e00500 idx 0 fmt 1 regoff 0x0 n 2 (table contents not committed)
  load op 63 at 98: addr 0x504dff500 idx 0 fmt 1 regoff 0x0 n 3 (table contents not committed)
  load op 9f at 756: addr 0xfe0040068 idx 0 fmt 1 regoff 0x0 n 921 (table contents not committed)
  load op 9f at 763: addr 0x504e01528 idx 0 fmt 1 regoff 0x0 n 74 (table contents not committed)
  load op 63 at 768: addr 0x908e5ff90 idx 0 fmt 1 regoff 0x0 n 6 (table contents not committed)
  load op 9f at 773: addr 0x908e5ffc0 idx 0 fmt 1 regoff 0x0 n 10 (table contents not committed)
  load op 64 at 778: addr 0x504e00510 idx 0 fmt 1 regoff 0x0 n 5 (table contents not committed)
  load op 9f at 901: addr 0xfe0040068 idx 0 fmt 1 regoff 0x0 n 921 (table contents not committed)
  load op 9f at 908: addr 0x504e01778 idx 0 fmt 1 regoff 0x0 n 74 (table contents not committed)
  load op 63 at 913: addr 0x908e5ff90 idx 0 fmt 1 regoff 0x0 n 6 (table contents not committed)
  load op 9f at 918: addr 0x908e5ffc0 idx 0 fmt 1 regoff 0x0 n 10 (table contents not committed)
  load op 64 at 923: addr 0x504e00538 idx 0 fmt 1 regoff 0x0 n 5 (table contents not committed)
  load op 9f at 1046: addr 0xfe0040068 idx 0 fmt 1 regoff 0x0 n 921 (table contents not committed)
  load op 9f at 1053: addr 0x504e019c8 idx 0 fmt 1 regoff 0x0 n 74 (table contents not committed)
  load op 63 at 1058: addr 0x908e5ff90 idx 0 fmt 1 regoff 0x0 n 6 (table contents not committed)
  load op 9f at 1063: addr 0x908e5ffc0 idx 0 fmt 1 regoff 0x0 n 10 (table contents not committed)
  load op 64 at 1068: addr 0x504e00560 idx 0 fmt 1 regoff 0x0 n 5 (table contents not committed)
submit #451 dcb 1248 dwords at 0x504a02500: pass 151 rewrite 46 drop 45 unmapped 0 cc 6 mappings 1167 ... OK rc 0 18.82 ms
timing: #451 done at t 74.373 s, 304.8 ms after the sync and hints
state stack #451: push 3 pop 3 conditional 1 unmatched 0; restored 2763 regs (+2811 dwords); tables 11, unreadable 0
flip 1/1 buffer 0x5093f0000 +0x1fe0000: sum 0x17ea65194594 nonzero 8100/8160 pattern 0
  target CB0 0x507410000: distinct 53 min 0xc0000000 max 0xc340d034,   target CB0 0x507410000: nonzero 1024/1024
  target CB0 0x563800000: distinct 1 min 0x00000000 max 0x00000000,   target CB0 0x563800000: nonzero 0/1024
  target CB0 0x55c00d000: distinct 4 min 0x00000000 max 0xffffffff,   target CB0 0x55c00d000: nonzero 147/1024
  target CB0 0x5637f0000: distinct 1 min 0x00000000 max 0x00000000,   target CB0 0x5637f0000: nonzero 0/1024
  target CB0 0x526bf0000: distinct 1 min 0x38003800 max 0x38003800,   target CB0 0x526bf0000: nonzero 1024/1024
  target CB0 0x5719a8000: distinct 15 min 0x00000000 max 0xffffffff,   target CB0 0x5719a8000: nonzero 102/1024
  target DB_HTILE 0x5203a0000: distinct 2 min 0x00000000 max 0xfffffff0, timing: t 74.375 s acb 1287 dwords: sync 11.6 ms, hints 0.0 ms
  target DB_HTILE 0x5203a0000: nonzero 160/1024
  target DB_Z_READ 0x51db50000: distinct 1 min 0x3f800000 max 0x3f800000,   target DB_Z_READ 0x51db50000: nonzero 1024/1024
submit #452 acb 1287 dwords at 0x400205540: pass 118 rewrite 35 drop 63 unmapped 0 cc 0 mappings 1167 ...   target DB_STENCIL_READ 0x51fb30000: distinct 1 min 0x80800000 max 0x80800000,   target DB_STENCIL_READ 0x51fb30000: nonzero 1024/1024
  target CB0 0x513bf0000: distinct 1 min 0x00000000 max 0x00000000,   target CB0 0x513bf0000: nonzero 0/1024
  target CB0 0x571867000: distinct 17 min 0x00000000 max 0xffffffff,   target CB0 0x571867000: nonzero 215/1024
  target CB0 0x57187b000: distinct 17 min 0x00000000 max 0xffffffff,   target CB0 0x57187b000: nonzero 195/1024
  target CB0 0x519b90000: distinct 1 min 0x00000000 max 0x00000000,   target CB0 0x519b90000: nonzero 0/1024
  target CB0 0x5718eb000: distinct 16 min 0x00000000 max 0xffffffff,   target CB0 0x5718eb000: nonzero 123/1024
  target DB_HTILE 0x55c050000: distinct 3 min 0x00000000 max 0xffffffff,   target DB_HTILE 0x55c050000: nonzero 144/1024
  target DB_Z_READ 0x527430000: distinct 1 min 0xffffffff max 0xffffffff,   target DB_Z_READ 0x527430000: nonzero 1024/1024
timing: t 74.406 s flip 1/1, VideoOutSubmitFlip took 0.0 ms
OK rc 0 21.52 ms
timing: #452 done at t 74.415 s, 29.2 ms after the sync and hints
cpu-wait WAIT_REG_MEM64 at 115 on 0x400201d40: satisfied after 0.0 ms
timing: t 74.418 s after that wait (dcb 9023 dwords)
cpu-wait WAIT_REG_MEM64 at 1629 on 0x400201840: satisfied after 0.0 ms
timing: t 74.419 s after that wait (dcb 9023 dwords)
cpu-wait WAIT_REG_MEM64 at 8472 on 0x559cd49a53d8: satisfied after 0.0 ms
timing: t 74.421 s after that wait (dcb 9023 dwords)
timing: t 74.422 s dcb 9023 dwords: sync 11.4 ms, hints 0.3 ms
  indirect op 16 at 1246: base 0x5074063c0 +0x0 -> 1 1 1 0 0
  indirect op 16 at 1278: base 0x5074063e0 +0x0 -> 1 1 1 0 0
  indirect op 16 at 1310: base 0x50740a520 +0x0 -> 1 1 1 0 0
  indirect op 16 at 1342: base 0x50740a540 +0x0 -> 1 1 1 0 0
  indirect op 25 at 4584: base 0x56ddaffa0 +0x0 -> 1 512 0 0 0
  load op 9f at 28: addr 0xfe0040068 idx 0 fmt 1 regoff 0x0 n 921 (table contents not committed)
  load op 63 at 33: addr 0xfe0042068 idx 0 fmt 1 regoff 0x0 n 174 (table contents not committed)
  load op 64 at 38: addr 0xfe00425d8 idx 0 fmt 1 regoff 0x0 n 57 (table contents not committed)
  load op 9f at 80: addr 0x502701500 idx 0 fmt 1 regoff 0x0 n 295 (table contents not committed)
  load op 64 at 85: addr 0x502700500 idx 0 fmt 1 regoff 0x0 n 7 (table contents not committed)
  load op 63 at 90: addr 0x5026ff500 idx 0 fmt 1 regoff 0x0 n 13 (table contents not committed)
  load op 63 at 342: addr 0x5026ff568 idx 0 fmt 1 regoff 0x0 n 10 (table contents not committed)
  load op 63 at 734: addr 0x5026ff5b8 idx 0 fmt 1 regoff 0x0 n 18 (table contents not committed)
  load op 63 at 1217: addr 0x5026ff648 idx 0 fmt 1 regoff 0x0 n 10 (table contents not committed)
  load op 63 at 1249: addr 0x5026ff698 idx 0 fmt 1 regoff 0x0 n 10 (table contents not committed)
  load op 63 at 1281: addr 0x5026ff6e8 idx 0 fmt 1 regoff 0x0 n 10 (table contents not committed)
  load op 63 at 1313: addr 0x5026ff738 idx 0 fmt 1 regoff 0x0 n 10 (table contents not committed)
  load op 9f at 1724: addr 0xfe0040068 idx 0 fmt 1 regoff 0x0 n 921 (table contents not committed)
  load op 9f at 1731: addr 0x502701e38 idx 0 fmt 1 regoff 0x0 n 74 (table contents not committed)
  load op 63 at 1736: addr 0x908e5ff90 idx 0 fmt 1 regoff 0x0 n 6 (table contents not committed)
  load op 9f at 1741: addr 0x908e5ffc0 idx 0 fmt 1 regoff 0x0 n 10 (table contents not committed)
  load op 64 at 1746: addr 0x502700538 idx 0 fmt 1 regoff 0x0 n 5 (table contents not committed)
  load op 9f at 1799: addr 0x502702088 idx 0 fmt 1 regoff 0x0 n 132 (table contents not committed)
  load op 63 at 1804: addr 0x5026ff788 idx 0 fmt 1 regoff 0x0 n 30 (table contents not committed)
  load op 64 at 1884: addr 0x502700560 idx 0 fmt 1 regoff 0x0 n 5 (table contents not committed)
  load op 9f at 1891: addr 0x5026fd440 idx 0 fmt 1 regoff 0x0 n 175 (table contents not committed)
  load op 63 at 2106: addr 0x5026ff878 idx 0 fmt 1 regoff 0x0 n 20 (table contents not committed)
  load op 9f at 3069: addr 0xfe0040068 idx 0 fmt 1 regoff 0x0 n 921 (table contents not committed)
  load op 9f at 3076: addr 0x5026fd9b8 idx 0 fmt 1 regoff 0x0 n 70 (table contents not committed)
  load op 63 at 3081: addr 0x908e5ff90 idx 0 fmt 1 regoff 0x0 n 6 (table contents not committed)
  load op 9f at 3086: addr 0x908e5ffc0 idx 0 fmt 1 regoff 0x0 n 10 (table contents not committed)
  load op 63 at 3091: addr 0x908e5f7d0 idx 0 fmt 1 regoff 0x0 n 6 (table contents not committed)
  load op 9f at 3096: addr 0x908e5f800 idx 0 fmt 1 regoff 0x0 n 9 (table contents not committed)
  load op 64 at 3101: addr 0x502700588 idx 0 fmt 1 regoff 0x0 n 5 (table contents not committed)
  load op 9f at 3140: addr 0x5026fdbe8 idx 0 fmt 1 regoff 0x0 n 19 (table contents not committed)
  load op 63 at 3145: addr 0x5026ff918 idx 0 fmt 1 regoff 0x0 n 12 (table contents not committed)
  load op 9f at 3268: addr 0xfe0040068 idx 0 fmt 1 regoff 0x0 n 921 (table contents not committed)
  load op 9f at 3275: addr 0x5026fdc80 idx 0 fmt 1 regoff 0x0 n 74 (table contents not committed)
  load op 63 at 3280: addr 0x908e5ff90 idx 0 fmt 1 regoff 0x0 n 6 (table contents not committed)
  load op 9f at 3285: addr 0x908e5ffc0 idx 0 fmt 1 regoff 0x0 n 10 (table contents not committed)
  load op 64 at 3290: addr 0x5027005b0 idx 0 fmt 1 regoff 0x0 n 5 (table contents not committed)
  load op 9f at 3329: addr 0x5026fded0 idx 0 fmt 1 regoff 0x0 n 166 (table contents not committed)
  load op 63 at 3334: addr 0x5026ff978 idx 0 fmt 1 regoff 0x0 n 30 (table contents not committed)
  load op 64 at 3430: addr 0x5027005d8 idx 0 fmt 1 regoff 0x0 n 5 (table contents not committed)
  load op 9f at 3437: addr 0x5026fc320 idx 0 fmt 1 regoff 0x0 n 135 (table contents not committed)
  load op 63 at 3675: addr 0x5026ffa68 idx 0 fmt 1 regoff 0x0 n 36 (table contents not committed)
  load op 64 at 4540: addr 0x502700600 idx 0 fmt 1 regoff 0x0 n 6 (table contents not committed)
  load op 9f at 4545: addr 0x5026fc758 idx 0 fmt 1 regoff 0x0 n 376 (table contents not committed)
  load op 9f at 4552: addr 0x5026fb118 idx 0 fmt 1 regoff 0x0 n 205 (table contents not committed)
  load op 9f at 4853: addr 0xfe0040068 idx 0 fmt 1 regoff 0x0 n 921 (table contents not committed)
  load op 9f at 4860: addr 0x5026fb780 idx 0 fmt 1 regoff 0x0 n 74 (table contents not committed)
  load op 63 at 4865: addr 0x908e5ff90 idx 0 fmt 1 regoff 0x0 n 6 (table contents not committed)
  load op 9f at 4870: addr 0x908e5ffc0 idx 0 fmt 1 regoff 0x0 n 10 (table contents not committed)
  load op 64 at 4875: addr 0x502700630 idx 0 fmt 1 regoff 0x0 n 5 (table contents not committed)
  load op 63 at 4914: addr 0x5026ffb88 idx 0 fmt 1 regoff 0x0 n 21 (table contents not committed)
  load op 9f at 4925: addr 0x5026fb9d0 idx 0 fmt 1 regoff 0x0 n 223 (table contents not committed)
  load op 64 at 6315: addr 0x502700658 idx 0 fmt 1 regoff 0x0 n 5 (table contents not committed)
  load op 63 at 6322: addr 0x5026ffc30 idx 0 fmt 1 regoff 0x0 n 18 (table contents not committed)
  load op 9f at 6327: addr 0x5026f9e30 idx 0 fmt 1 regoff 0x0 n 67 (table contents not committed)
  load op 9f at 6440: addr 0x5026fa048 idx 0 fmt 1 regoff 0x0 n 129 (table contents not committed)
  load op 63 at 6445: addr 0x5026ffcc0 idx 0 fmt 1 regoff 0x0 n 18 (table contents not committed)
  load op 64 at 6450: addr 0x502700680 idx 0 fmt 1 regoff 0x0 n 3 (table contents not committed)
  load op 9f at 6563: addr 0x5026fa450 idx 0 fmt 1 regoff 0x0 n 129 (table contents not committed)
  load op 63 at 6568: addr 0x5026ffd50 idx 0 fmt 1 regoff 0x0 n 18 (table contents not committed)
  load op 64 at 6573: addr 0x502700698 idx 0 fmt 1 regoff 0x0 n 3 (table contents not committed)
  load op 9f at 6686: addr 0x5026fa858 idx 0 fmt 1 regoff 0x0 n 58 (table contents not committed)
  load op 9f at 6791: addr 0x5026faa28 idx 0 fmt 1 regoff 0x0 n 66 (table contents not committed)
  load op 9f at 6896: addr 0x5026fac38 idx 0 fmt 1 regoff 0x0 n 58 (table contents not committed)
  load op 9f at 7001: addr 0x5026f81a0 idx 0 fmt 1 regoff 0x0 n 66 (table contents not committed)
  load op 9f at 7106: addr 0x5026f83b0 idx 0 fmt 1 regoff 0x0 n 58 (table contents not committed)
  load op 9f at 7211: addr 0x5026f8580 idx 0 fmt 1 regoff 0x0 n 130 (table contents not committed)
  load op 63 at 7216: addr 0x5026ffde0 idx 0 fmt 1 regoff 0x0 n 18 (table contents not committed)
  load op 64 at 7221: addr 0x5027006b0 idx 0 fmt 1 regoff 0x0 n 3 (table contents not committed)
  load op 9f at 7348: addr 0x5026f8990 idx 0 fmt 1 regoff 0x0 n 135 (table contents not committed)
  load op 63 at 7353: addr 0x5026ffe70 idx 0 fmt 1 regoff 0x0 n 18 (table contents not committed)
  load op 64 at 7358: addr 0x5027006c8 idx 0 fmt 1 regoff 0x0 n 3 (table contents not committed)
  load op 63 at 7936: addr 0x5026fff00 idx 0 fmt 1 regoff 0x0 n 28 (table contents not committed)
  load op 64 at 8513: addr 0x5027006e0 idx 0 fmt 1 regoff 0x0 n 5 (table contents not committed)
  load op 9f at 8518: addr 0x5026f8dc8 idx 0 fmt 1 regoff 0x0 n 113 (table contents not committed)
  load op 9f at 8525: addr 0x5026f6918 idx 0 fmt 1 regoff 0x0 n 168 (table contents not committed)
submit #453 dcb 9023 dwords at 0x502002500: pass 559 rewrite 484 drop 408 unmapped 1 cc 8 mappings 1167 ... OK rc 0 21.97 ms
timing: #453 done at t 75.555 s, 1121.2 ms after the sync and hints
state stack #453: push 4 pop 4 conditional 1 unmatched 0; restored 3684 regs (+3748 dwords); tables 35, unreadable 0
timing: t 75.556 s acb 2 dwords: sync 11.5 ms, hints 0.0 ms
submit #454 acb 2 dwords at 0xfe003a200: pass 1 rewrite 0 drop 0 unmapped 0 cc 0 mappings 1167 ... OK rc 0 19.08 ms
timing: #454 done at t 75.592 s, 24.1 ms after the sync and hints
cpu-wait WAIT_REG_MEM64 at 0 on 0x400202380: satisfied after 0.0 ms
timing: t 75.594 s after that wait (acb 49 dwords)
map 0x200288000 +0x4000 ... ok
map 0x3359b8000 +0x30000 ... ok
swapped pages taken as resident so far: 0
vmas 108 total 13075.0 MiB resident 3683.0 MiB mapped 3683.0 MiB
timing: t 75.593 s cc 3 dwords: sync 19.5 ms, hints 0.1 ms
submit #455 cc 3 dwords at 0x313b17cf4: pass 0 rewrite 1 drop 0 unmapped 0 cc 1 mappings 1169 ... OK rc 0 19.07 ms
timing: #455 done at t 75.637 s, 23.9 ms after the sync and hints
timing: t 75.638 s acb 49 dwords: sync 12.5 ms, hints 0.0 ms
submit #456 acb 49 dwords at 0x40020695c: pass 2 rewrite 3 drop 3 unmapped 0 cc 0 mappings 1169 ... OK rc 0 21.18 ms
timing: #456 done at t 75.677 s, 26.4 ms after the sync and hints
timing: t 75.677 s hib 150 dwords: sync 11.8 ms, hints 0.1 ms
  load op 61 at 10: base 0xfe0008000 pairs (0x0,215) (0xd8,272) (0x1f5,4) (0x1ff,158) (0x2a0,2) (0x2a3,1) (0x2a5,66) (0x2f5,203)
  load op 5f at 29: base 0xfe0010000 pairs (0x1,1) (0x6,38) (0x32,4) (0x80,4) (0x87,37) (0xb2,4) (0xc8,2) (0x100,4) (0x107,37) (0x132,4) (0x148,2) (0x204,3) (0x20c,2) (0x212,2) (0x215,6) (0x224,5) (0x22a,1) (0x240,16) (0x27d,1) (0x280,1) (0x207,3)
  load op 5e at 74: base 0xfe0011000 pairs (0x35,8) (0xa2,1) (0x242,1) (0x248,1) (0x24a,2) (0x25b,6) (0x262,1) (0x2bb,5) (0x2c4,16) (0x2e4,8) (0x380,2) (0x383,2) (0x41d,3) (0x24d,1)
  load op 61 at 105: base 0xfe0008000 pairs (0x0,0)
  load op 5f at 110: base 0xfe0010000 pairs (0x0,0)
  load op 5e at 115: base 0xfe0011000 pairs (0x0,0)
  load op 61 at 125: base 0xfe0008000 pairs (0x0,0)
  load op 5f at 130: base 0xfe0010000 pairs (0x0,0)
  load op 5e at 135: base 0xfe0011000 pairs (0x0,0)
submit #457 hib 150 dwords at 0xfe0000000: pass 12 rewrite 2 drop 2 unmapped 0 cc 2 mappings 1169 ... OK rc 0 19.20 ms
timing: #457 done at t 75.776 s, 86.9 ms after the sync and hints
map 0x3359e8000 +0x320000 ... ok
swapped pages taken as resident so far: 0
vmas 108 total 13075.0 MiB resident 3686.1 MiB mapped 3686.1 MiB
timing: t 75.777 s hib 2 dwords: sync 15.9 ms, hints 0.0 ms
submit #458 hib 2 dwords at 0xfe003a200: pass 1 rewrite 0 drop 0 unmapped 0 cc 0 mappings 1170 ... OK rc 0 22.15 ms
timing: #458 done at t 75.822 s, 28.9 ms after the sync and hints
map 0x20028c000 +0x8000 ... ok
map 0x335d08000 +0x418000 ... ok
map 0x336154000 +0x20000 ... ok
map 0x336264000 +0x30000 ... ok
map 0x336298000 +0x20000 ... ok
map 0x403c20000 +0x10000 ... ok
map 0x100e7e0000 +0x10000 ... ok
map 0x10ca4c0000 +0x2a0000 ... ok
map 0x1120e30000 +0xe0000 ... ok
swapped pages taken as resident so far: 0
vmas 110 total 13075.0 MiB resident 3694.0 MiB mapped 3694.3 MiB
timing: t 75.823 s dcb 96 dwords: sync 34.7 ms, hints 0.1 ms
  load op 9f at 38: addr 0xfe0040068 idx 0 fmt 1 regoff 0x0 n 921 (table contents not committed)
  load op 63 at 43: addr 0xfe0042068 idx 0 fmt 1 regoff 0x0 n 174 (table contents not committed)
  load op 64 at 48: addr 0xfe00425d8 idx 0 fmt 1 regoff 0x0 n 49 (table contents not committed)
submit #459 dcb 96 dwords at 0xfe0042920: pass 20 rewrite 2 drop 2 unmapped 0 cc 0 mappings 1179 ... OK rc 0 19.19 ms
timing: #459 done at t 75.939 s, 81.0 ms after the sync and hints
map 0x302c10000 +0x10000 ... ok
map 0x3362b8000 +0x10000 ... ok
map 0x10ca760000 +0xb80000 ... ok
map 0x1120f10000 +0x7e0000 ... ok
swapped pages taken as resident so far: 0
vmas 110 total 13075.0 MiB resident 3713.7 MiB mapped 3713.8 MiB
timing: t 75.940 s dcb 2647 dwords: sync 24.1 ms, hints 0.4 ms
  load op 9f at 36: addr 0xfe0040068 idx 0 fmt 1 regoff 0x0 n 921 (table contents not committed)
  load op 63 at 41: addr 0xfe0042068 idx 0 fmt 1 regoff 0x0 n 174 (table contents not committed)
  load op 64 at 46: addr 0xfe00425d8 idx 0 fmt 1 regoff 0x0 n 57 (table contents not committed)
  load op 9f at 88: addr 0x504301500 idx 0 fmt 1 regoff 0x0 n 136 (table contents not committed)
  load op 64 at 93: addr 0x504300500 idx 0 fmt 1 regoff 0x0 n 3 (table contents not committed)
  load op 63 at 98: addr 0x5042ff500 idx 0 fmt 1 regoff 0x0 n 3 (table contents not committed)
  load op 9f at 1541: addr 0xfe0040068 idx 0 fmt 1 regoff 0x0 n 921 (table contents not committed)
  load op 9f at 1548: addr 0x504301940 idx 0 fmt 1 regoff 0x0 n 70 (table contents not committed)
  load op 63 at 1553: addr 0x908e5ff90 idx 0 fmt 1 regoff 0x0 n 6 (table contents not committed)
  load op 9f at 1558: addr 0x908e5ffc0 idx 0 fmt 1 regoff 0x0 n 10 (table contents not committed)
  load op 63 at 1563: addr 0x908e5f7d0 idx 0 fmt 1 regoff 0x0 n 6 (table contents not committed)
  load op 9f at 1568: addr 0x908e5f800 idx 0 fmt 1 regoff 0x0 n 9 (table contents not committed)
  load op 64 at 1573: addr 0x504300518 idx 0 fmt 1 regoff 0x0 n 5 (table contents not committed)
  load op 9f at 1691: addr 0x504301b70 idx 0 fmt 1 regoff 0x0 n 131 (table contents not committed)
  load op 64 at 1698: addr 0x504300540 idx 0 fmt 1 regoff 0x0 n 1 (table contents not committed)
  load op 9f at 1730: addr 0xfe0040068 idx 0 fmt 1 regoff 0x0 n 921 (table contents not committed)
  load op 9f at 1737: addr 0x504301f88 idx 0 fmt 1 regoff 0x0 n 70 (table contents not committed)
  load op 63 at 1742: addr 0x908e5ff90 idx 0 fmt 1 regoff 0x0 n 6 (table contents not committed)
  load op 9f at 1747: addr 0x908e5ffc0 idx 0 fmt 1 regoff 0x0 n 10 (table contents not committed)
  load op 63 at 1752: addr 0x908e5f7d0 idx 0 fmt 1 regoff 0x0 n 6 (table contents not committed)
  load op 9f at 1757: addr 0x908e5f800 idx 0 fmt 1 regoff 0x0 n 9 (table contents not committed)
  load op 64 at 1762: addr 0x504300548 idx 0 fmt 1 regoff 0x0 n 5 (table contents not committed)
  load op 63 at 1858: addr 0x5042ff518 idx 0 fmt 1 regoff 0x0 n 10 (table contents not committed)
  load op 63 at 2049: addr 0x5042ff568 idx 0 fmt 1 regoff 0x0 n 28 (table contents not committed)
  load op 64 at 2123: addr 0x504300570 idx 0 fmt 1 regoff 0x0 n 5 (table contents not committed)
  load op 9f at 2130: addr 0x5043021b8 idx 0 fmt 1 regoff 0x0 n 96 (table contents not committed)
  load op 9f at 2135: addr 0x5042fe390 idx 0 fmt 1 regoff 0x0 n 194 (table contents not committed)
submit #460 dcb 2647 dwords at 0x503c02500: pass 236 rewrite 123 drop 120 unmapped 0 cc 4 mappings 1183 ... OK rc 0 19.98 ms
timing: #460 done at t 76.422 s, 457.6 ms after the sync and hints
state stack #460: push 2 pop 2 conditional 1 unmatched 0; restored 1842 regs (+1874 dwords); tables 13, unreadable 0
map 0x3362c8000 +0x10000 ... ok
map 0x10cb2e0000 +0x1060000 ... ok
map 0x11216f0000 +0xaff0000 ... ok
swapped pages taken as resident so far: 0
vmas 110 total 13075.0 MiB resident 3906.1 MiB mapped 3906.2 MiB
timing: t 76.425 s dcb 851 dwords: sync 28.1 ms, hints 0.1 ms
  load op 9f at 38: addr 0xfe0040068 idx 0 fmt 1 regoff 0x0 n 921 (table contents not committed)
  load op 63 at 43: addr 0xfe0042068 idx 0 fmt 1 regoff 0x0 n 174 (table contents not committed)
  load op 64 at 48: addr 0xfe00425d8 idx 0 fmt 1 regoff 0x0 n 57 (table contents not committed)
  load op 9f at 90: addr 0x505e01500 idx 0 fmt 1 regoff 0x0 n 5 (table contents not committed)
  load op 64 at 95: addr 0x505e00500 idx 0 fmt 1 regoff 0x0 n 2 (table contents not committed)
  load op 63 at 100: addr 0x505dff500 idx 0 fmt 1 regoff 0x0 n 3 (table contents not committed)
submit #461 dcb 851 dwords at 0x505a02500: pass 47 rewrite 55 drop 45 unmapped 0 cc 0 mappings 1186 ... OK rc 0 20.50 ms
timing: #461 done at t 76.556 s, 102.8 ms after the sync and hints
map 0x10cc340000 +0x40000 ... ok
map 0x112c6e0000 +0x4110000 ... ok
swapped pages taken as resident so far: 0
vmas 110 total 13075.0 MiB resident 3971.5 MiB mapped 3971.5 MiB
timing: t 76.557 s acb 2 dwords: sync 21.7 ms, hints 0.1 ms
submit #462 acb 2 dwords at 0xfe003a200: pass 1 rewrite 0 drop 0 unmapped 0 cc 0 mappings 1188 ... OK rc 0 22.51 ms
timing: #462 done at t 76.611 s, 32.3 ms after the sync and hints
cpu-wait WAIT_REG_MEM64 at 87 on 0x400202d80: satisfied after 0.0 ms
timing: t 76.614 s after that wait (acb 463 dwords)
map 0x11307f0000 +0x1d70000 ... ok
swapped pages taken as resident so far: 0
vmas 110 total 13075.0 MiB resident 4000.9 MiB mapped 4000.9 MiB
timing: t 76.613 s dcb 798 dwords: sync 16.3 ms, hints 0.2 ms
  load op 9f at 35: addr 0xfe0040068 idx 0 fmt 1 regoff 0x0 n 921 (table contents not committed)
  load op 63 at 40: addr 0xfe0042068 idx 0 fmt 1 regoff 0x0 n 174 (table contents not committed)
  load op 64 at 45: addr 0xfe00425d8 idx 0 fmt 1 regoff 0x0 n 57 (table contents not committed)
  load op 9f at 87: addr 0x506e01500 idx 0 fmt 1 regoff 0x0 n 136 (table contents not committed)
  load op 64 at 92: addr 0x506e00500 idx 0 fmt 1 regoff 0x0 n 3 (table contents not committed)
  load op 63 at 97: addr 0x506dff500 idx 0 fmt 1 regoff 0x0 n 3 (table contents not committed)
  load op 9f at 212: addr 0xfe0040068 idx 0 fmt 1 regoff 0x0 n 921 (table contents not committed)
  load op 9f at 219: addr 0x506e01940 idx 0 fmt 1 regoff 0x0 n 70 (table contents not committed)
  load op 63 at 224: addr 0x908e5ff90 idx 0 fmt 1 regoff 0x0 n 6 (table contents not committed)
  load op 9f at 229: addr 0x908e5ffc0 idx 0 fmt 1 regoff 0x0 n 10 (table contents not committed)
  load op 63 at 234: addr 0x908e5f7d0 idx 0 fmt 1 regoff 0x0 n 6 (table contents not committed)
  load op 9f at 239: addr 0x908e5f800 idx 0 fmt 1 regoff 0x0 n 9 (table contents not committed)
  load op 64 at 244: addr 0x506e00518 idx 0 fmt 1 regoff 0x0 n 5 (table contents not committed)
  load op 9f at 340: addr 0x506e01b70 idx 0 fmt 1 regoff 0x0 n 131 (table contents not committed)
  load op 64 at 347: addr 0x506e00540 idx 0 fmt 1 regoff 0x0 n 1 (table contents not committed)
  load op 9f at 379: addr 0xfe0040068 idx 0 fmt 1 regoff 0x0 n 921 (table contents not committed)
  load op 9f at 386: addr 0x506e01f88 idx 0 fmt 1 regoff 0x0 n 70 (table contents not committed)
  load op 63 at 391: addr 0x908e5ff90 idx 0 fmt 1 regoff 0x0 n 6 (table contents not committed)
  load op 9f at 396: addr 0x908e5ffc0 idx 0 fmt 1 regoff 0x0 n 10 (table contents not committed)
  load op 63 at 401: addr 0x908e5f7d0 idx 0 fmt 1 regoff 0x0 n 6 (table contents not committed)
  load op 9f at 406: addr 0x908e5f800 idx 0 fmt 1 regoff 0x0 n 9 (table contents not committed)
  load op 64 at 411: addr 0x506e00548 idx 0 fmt 1 regoff 0x0 n 5 (table contents not committed)
  load op 9f at 548: addr 0x506e021b8 idx 0 fmt 1 regoff 0x0 n 98 (table contents not committed)
  load op 64 at 555: addr 0x506e00570 idx 0 fmt 1 regoff 0x0 n 1 (table contents not committed)
  load op 9f at 560: addr 0x506dfe500 idx 0 fmt 1 regoff 0x0 n 33 (table contents not committed)
  load op 9f at 592: addr 0xfe0040068 idx 0 fmt 1 regoff 0x0 n 921 (table contents not committed)
  load op 9f at 599: addr 0x506dfe608 idx 0 fmt 1 regoff 0x0 n 70 (table contents not committed)
  load op 63 at 604: addr 0x908e5ff90 idx 0 fmt 1 regoff 0x0 n 6 (table contents not committed)
  load op 9f at 609: addr 0x908e5ffc0 idx 0 fmt 1 regoff 0x0 n 10 (table contents not committed)
  load op 63 at 614: addr 0x908e5f7d0 idx 0 fmt 1 regoff 0x0 n 6 (table contents not committed)
  load op 9f at 619: addr 0x908e5f800 idx 0 fmt 1 regoff 0x0 n 9 (table contents not committed)
  load op 64 at 624: addr 0x506e00578 idx 0 fmt 1 regoff 0x0 n 5 (table contents not committed)
submit #463 dcb 798 dwords at 0x506802500: pass 103 rewrite 35 drop 22 unmapped 0 cc 6 mappings 1189 ... OK rc 0 21.27 ms
timing: #463 done at t 77.139 s, 509.4 ms after the sync and hints
state stack #463: push 3 pop 3 conditional 1 unmatched 0; restored 2763 regs (+2811 dwords); tables 17, unreadable 0
map 0x302c20000 +0x10000 ... ok
map 0x10cc380000 +0x80000 ... ok
map 0x1132560000 +0xfd20000 ... ok
swapped pages taken as resident so far: 0
vmas 110 total 13075.0 MiB resident 4254.5 MiB mapped 4254.6 MiB
timing: t 77.141 s acb 463 dwords: sync 26.5 ms, hints 0.1 ms
submit #464 acb 463 dwords at 0x4004867c0: pass 43 rewrite 11 drop 27 unmapped 0 cc 0 mappings 1192 ... OK rc 0 22.55 ms
timing: #464 done at t 77.196 s, 28.5 ms after the sync and hints
acb head: 1287 of 1336 dwords go ahead of the wait at 1287 on 0x400202f80
map 0x1142280000 +0x2110000 ... ok
swapped pages taken as resident so far: 0
vmas 110 total 13075.0 MiB resident 4287.7 MiB mapped 4287.7 MiB
timing: t 77.197 s dcb 1248 dwords: sync 16.3 ms, hints 0.2 ms
  load op 9f at 36: addr 0xfe0040068 idx 0 fmt 1 regoff 0x0 n 921 (table contents not committed)
  load op 63 at 41: addr 0xfe0042068 idx 0 fmt 1 regoff 0x0 n 174 (table contents not committed)
  load op 64 at 46: addr 0xfe00425d8 idx 0 fmt 1 regoff 0x0 n 57 (table contents not committed)
  load op 9f at 88: addr 0x505201500 idx 0 fmt 1 regoff 0x0 n 5 (table contents not committed)
  load op 64 at 93: addr 0x505200500 idx 0 fmt 1 regoff 0x0 n 2 (table contents not committed)
  load op 63 at 98: addr 0x5051ff500 idx 0 fmt 1 regoff 0x0 n 3 (table contents not committed)
  load op 9f at 756: addr 0xfe0040068 idx 0 fmt 1 regoff 0x0 n 921 (table contents not committed)
  load op 9f at 763: addr 0x505201528 idx 0 fmt 1 regoff 0x0 n 74 (table contents not committed)
  load op 63 at 768: addr 0x908e5ff90 idx 0 fmt 1 regoff 0x0 n 6 (table contents not committed)
  load op 9f at 773: addr 0x908e5ffc0 idx 0 fmt 1 regoff 0x0 n 10 (table contents not committed)
  load op 64 at 778: addr 0x505200510 idx 0 fmt 1 regoff 0x0 n 5 (table contents not committed)
  load op 9f at 901: addr 0xfe0040068 idx 0 fmt 1 regoff 0x0 n 921 (table contents not committed)
  load op 9f at 908: addr 0x505201778 idx 0 fmt 1 regoff 0x0 n 74 (table contents not committed)
  load op 63 at 913: addr 0x908e5ff90 idx 0 fmt 1 regoff 0x0 n 6 (table contents not committed)
  load op 9f at 918: addr 0x908e5ffc0 idx 0 fmt 1 regoff 0x0 n 10 (table contents not committed)
  load op 64 at 923: addr 0x505200538 idx 0 fmt 1 regoff 0x0 n 5 (table contents not committed)
  load op 9f at 1046: addr 0xfe0040068 idx 0 fmt 1 regoff 0x0 n 921 (table contents not committed)
  load op 9f at 1053: addr 0x5052019c8 idx 0 fmt 1 regoff 0x0 n 74 (table contents not committed)
  load op 63 at 1058: addr 0x908e5ff90 idx 0 fmt 1 regoff 0x0 n 6 (table contents not committed)
  load op 9f at 1063: addr 0x908e5ffc0 idx 0 fmt 1 regoff 0x0 n 10 (table contents not committed)
  load op 64 at 1068: addr 0x505200560 idx 0 fmt 1 regoff 0x0 n 5 (table contents not committed)
submit #465 dcb 1248 dwords at 0x504e02500: pass 151 rewrite 46 drop 45 unmapped 0 cc 6 mappings 1193 ... OK rc 0 21.90 ms
timing: #465 done at t 77.577 s, 362.7 ms after the sync and hints
state stack #465: push 3 pop 3 conditional 1 unmatched 0; restored 2763 regs (+2811 dwords); tables 11, unreadable 0
flip 1/0 buffer 0x507410000 +0x1fe0000: sum 0x17ea65194594 nonzero 8100/8160 pattern 0
  target CB0 0x5093f0000: distinct 53 min 0xc0000000 max 0xc340d034, map 0x303560000 +0x10000 ...   target CB0 0x5093f0000: nonzero 1024/1024
ok
  target CB0 0x563800000: distinct 1 min 0x00000000 max 0x00000000,   target CB0 0x563800000: nonzero 0/1024
  target CB0 0x55c00d000: distinct 4 min 0x00000000 max 0xffffffff, map 0x3362d8000 +0x10000 ...   target CB0 0x55c00d000: nonzero 147/1024
ok
  target CB0 0x5637f0000: distinct 1 min 0x00000000 max 0x00000000,   target CB0 0x5637f0000: nonzero 0/1024
  target CB0 0x526bf0000: distinct 1 min 0x38003800 max 0x38003800,   target CB0 0x526bf0000: nonzero 1024/1024
  target CB0 0x5719a8000: distinct 15 min 0x00000000 max 0xffffffff,   target CB0 0x5719a8000: nonzero 102/1024
  target DB_HTILE 0x5203a0000: distinct 2 min 0x00000000 max 0xfffffff0, map 0x10cc400000 +0xe0000 ...   target DB_HTILE 0x5203a0000: nonzero 160/1024
ok
  target DB_Z_READ 0x51db50000: distinct 1 min 0x3f800000 max 0x3f800000, map 0x1144390000 +0xb8b0000 ...   target DB_Z_READ 0x51db50000: nonzero 1024/1024
  target DB_STENCIL_READ 0x51fb30000: distinct 1 min 0x80800000 max 0x80800000,   target DB_STENCIL_READ 0x51fb30000: nonzero 1024/1024
  target CB0 0x513bf0000: distinct 1 min 0x00000000 max 0x00000000,   target CB0 0x513bf0000: nonzero 0/1024
  target CB0 0x571867000: distinct 17 min 0x00000000 max 0xffffffff, ok
  target CB0 0x571867000: nonzero 215/1024
swapped pages taken as resident so far: 0
  target CB0 0x57187b000: distinct 17 min 0x00000000 max 0xffffffff, vmas 110 total 13075.0 MiB resident 4473.3 MiB mapped 4473.4 MiB
  target CB0 0x57187b000: nonzero 195/1024
timing: t 77.579 s acb 1287 dwords: sync 39.5 ms, hints 0.1 ms
  target CB0 0x519b90000: distinct 1 min 0x00000000 max 0x00000000,   target CB0 0x519b90000: nonzero 0/1024
  target CB0 0x5718eb000: distinct 16 min 0x00000000 max 0xffffffff, submit #466 acb 1287 dwords at 0x4002a55c0: pass 118 rewrite 35 drop 63 unmapped 0 cc 0 mappings 1197 ...   target CB0 0x5718eb000: nonzero 123/1024
  target DB_HTILE 0x55c050000: distinct 3 min 0x00000000 max 0xffffffff,   target DB_HTILE 0x55c050000: nonzero 144/1024
  target DB_Z_READ 0x527430000: distinct 1 min 0xffffffff max 0xffffffff,   target DB_Z_READ 0x527430000: nonzero 1024/1024
timing: t 77.635 s flip 1/0, VideoOutSubmitFlip took 0.0 ms
OK rc 0 29.85 ms
timing: #466 done at t 77.661 s, 42.2 ms after the sync and hints
cpu-wait WAIT_REG_MEM64 at 115 on 0x400202d40: satisfied after 0.0 ms
timing: t 77.663 s after that wait (dcb 9023 dwords)
cpu-wait WAIT_REG_MEM64 at 1629 on 0x400202dc0: satisfied after 0.0 ms
timing: t 77.665 s after that wait (dcb 9023 dwords)
cpu-wait WAIT_REG_MEM64 at 8472 on 0x559cd49a53d0: satisfied after 0.0 ms
timing: t 77.667 s after that wait (dcb 9023 dwords)
map 0x114fc40000 +0x2230000 ... ok
swapped pages taken as resident so far: 0
vmas 110 total 13075.0 MiB resident 4507.6 MiB mapped 4507.6 MiB
timing: t 77.668 s dcb 9023 dwords: sync 18.1 ms, hints 0.3 ms
  indirect op 16 at 1246: base 0x5074063c0 +0x0 -> 1 1 1 0 0
  indirect op 16 at 1278: base 0x5074063e0 +0x0 -> 1 1 1 0 0
  indirect op 16 at 1310: base 0x50740a520 +0x0 -> 1 1 1 0 0
  indirect op 16 at 1342: base 0x50740a540 +0x0 -> 1 1 1 0 0
  indirect op 25 at 4584: base 0x56ddaffa0 +0x0 -> 1 512 0 0 0
  load op 9f at 28: addr 0xfe0040068 idx 0 fmt 1 regoff 0x0 n 921 (table contents not committed)
  load op 63 at 33: addr 0xfe0042068 idx 0 fmt 1 regoff 0x0 n 174 (table contents not committed)
  load op 64 at 38: addr 0xfe00425d8 idx 0 fmt 1 regoff 0x0 n 57 (table contents not committed)
  load op 9f at 80: addr 0x502e01500 idx 0 fmt 1 regoff 0x0 n 295 (table contents not committed)
  load op 64 at 85: addr 0x502e00500 idx 0 fmt 1 regoff 0x0 n 7 (table contents not committed)
  load op 63 at 90: addr 0x502dff500 idx 0 fmt 1 regoff 0x0 n 13 (table contents not committed)
  load op 63 at 342: addr 0x502dff568 idx 0 fmt 1 regoff 0x0 n 10 (table contents not committed)
  load op 63 at 734: addr 0x502dff5b8 idx 0 fmt 1 regoff 0x0 n 18 (table contents not committed)
  load op 63 at 1217: addr 0x502dff648 idx 0 fmt 1 regoff 0x0 n 10 (table contents not committed)
  load op 63 at 1249: addr 0x502dff698 idx 0 fmt 1 regoff 0x0 n 10 (table contents not committed)
  load op 63 at 1281: addr 0x502dff6e8 idx 0 fmt 1 regoff 0x0 n 10 (table contents not committed)
  load op 63 at 1313: addr 0x502dff738 idx 0 fmt 1 regoff 0x0 n 10 (table contents not committed)
  load op 9f at 1724: addr 0xfe0040068 idx 0 fmt 1 regoff 0x0 n 921 (table contents not committed)
  load op 9f at 1731: addr 0x502e01e38 idx 0 fmt 1 regoff 0x0 n 74 (table contents not committed)
  load op 63 at 1736: addr 0x908e5ff90 idx 0 fmt 1 regoff 0x0 n 6 (table contents not committed)
  load op 9f at 1741: addr 0x908e5ffc0 idx 0 fmt 1 regoff 0x0 n 10 (table contents not committed)
  load op 64 at 1746: addr 0x502e00538 idx 0 fmt 1 regoff 0x0 n 5 (table contents not committed)
  load op 9f at 1799: addr 0x502e02088 idx 0 fmt 1 regoff 0x0 n 132 (table contents not committed)
  load op 63 at 1804: addr 0x502dff788 idx 0 fmt 1 regoff 0x0 n 30 (table contents not committed)
  load op 64 at 1884: addr 0x502e00560 idx 0 fmt 1 regoff 0x0 n 5 (table contents not committed)
  load op 9f at 1891: addr 0x502dfd440 idx 0 fmt 1 regoff 0x0 n 175 (table contents not committed)
  load op 63 at 2106: addr 0x502dff878 idx 0 fmt 1 regoff 0x0 n 20 (table contents not committed)
  load op 9f at 3069: addr 0xfe0040068 idx 0 fmt 1 regoff 0x0 n 921 (table contents not committed)
  load op 9f at 3076: addr 0x502dfd9b8 idx 0 fmt 1 regoff 0x0 n 70 (table contents not committed)
  load op 63 at 3081: addr 0x908e5ff90 idx 0 fmt 1 regoff 0x0 n 6 (table contents not committed)
  load op 9f at 3086: addr 0x908e5ffc0 idx 0 fmt 1 regoff 0x0 n 10 (table contents not committed)
  load op 63 at 3091: addr 0x908e5f7d0 idx 0 fmt 1 regoff 0x0 n 6 (table contents not committed)
  load op 9f at 3096: addr 0x908e5f800 idx 0 fmt 1 regoff 0x0 n 9 (table contents not committed)
  load op 64 at 3101: addr 0x502e00588 idx 0 fmt 1 regoff 0x0 n 5 (table contents not committed)
  load op 9f at 3140: addr 0x502dfdbe8 idx 0 fmt 1 regoff 0x0 n 19 (table contents not committed)
  load op 63 at 3145: addr 0x502dff918 idx 0 fmt 1 regoff 0x0 n 12 (table contents not committed)
  load op 9f at 3268: addr 0xfe0040068 idx 0 fmt 1 regoff 0x0 n 921 (table contents not committed)
  load op 9f at 3275: addr 0x502dfdc80 idx 0 fmt 1 regoff 0x0 n 74 (table contents not committed)
  load op 63 at 3280: addr 0x908e5ff90 idx 0 fmt 1 regoff 0x0 n 6 (table contents not committed)
  load op 9f at 3285: addr 0x908e5ffc0 idx 0 fmt 1 regoff 0x0 n 10 (table contents not committed)
  load op 64 at 3290: addr 0x502e005b0 idx 0 fmt 1 regoff 0x0 n 5 (table contents not committed)
  load op 9f at 3329: addr 0x502dfded0 idx 0 fmt 1 regoff 0x0 n 166 (table contents not committed)
  load op 63 at 3334: addr 0x502dff978 idx 0 fmt 1 regoff 0x0 n 30 (table contents not committed)
  load op 64 at 3430: addr 0x502e005d8 idx 0 fmt 1 regoff 0x0 n 5 (table contents not committed)
  load op 9f at 3437: addr 0x502dfc320 idx 0 fmt 1 regoff 0x0 n 135 (table contents not committed)
  load op 63 at 3675: addr 0x502dffa68 idx 0 fmt 1 regoff 0x0 n 36 (table contents not committed)
  load op 64 at 4540: addr 0x502e00600 idx 0 fmt 1 regoff 0x0 n 6 (table contents not committed)
  load op 9f at 4545: addr 0x502dfc758 idx 0 fmt 1 regoff 0x0 n 376 (table contents not committed)
  load op 9f at 4552: addr 0x502dfb118 idx 0 fmt 1 regoff 0x0 n 205 (table contents not committed)
  load op 9f at 4853: addr 0xfe0040068 idx 0 fmt 1 regoff 0x0 n 921 (table contents not committed)
  load op 9f at 4860: addr 0x502dfb780 idx 0 fmt 1 regoff 0x0 n 74 (table contents not committed)
  load op 63 at 4865: addr 0x908e5ff90 idx 0 fmt 1 regoff 0x0 n 6 (table contents not committed)
  load op 9f at 4870: addr 0x908e5ffc0 idx 0 fmt 1 regoff 0x0 n 10 (table contents not committed)
  load op 64 at 4875: addr 0x502e00630 idx 0 fmt 1 regoff 0x0 n 5 (table contents not committed)
  load op 63 at 4914: addr 0x502dffb88 idx 0 fmt 1 regoff 0x0 n 21 (table contents not committed)
  load op 9f at 4925: addr 0x502dfb9d0 idx 0 fmt 1 regoff 0x0 n 223 (table contents not committed)
  load op 64 at 6315: addr 0x502e00658 idx 0 fmt 1 regoff 0x0 n 5 (table contents not committed)
  load op 63 at 6322: addr 0x502dffc30 idx 0 fmt 1 regoff 0x0 n 18 (table contents not committed)
  load op 9f at 6327: addr 0x502df9e30 idx 0 fmt 1 regoff 0x0 n 67 (table contents not committed)
  load op 9f at 6440: addr 0x502dfa048 idx 0 fmt 1 regoff 0x0 n 129 (table contents not committed)
  load op 63 at 6445: addr 0x502dffcc0 idx 0 fmt 1 regoff 0x0 n 18 (table contents not committed)
  load op 64 at 6450: addr 0x502e00680 idx 0 fmt 1 regoff 0x0 n 3 (table contents not committed)
  load op 9f at 6563: addr 0x502dfa450 idx 0 fmt 1 regoff 0x0 n 129 (table contents not committed)
  load op 63 at 6568: addr 0x502dffd50 idx 0 fmt 1 regoff 0x0 n 18 (table contents not committed)
  load op 64 at 6573: addr 0x502e00698 idx 0 fmt 1 regoff 0x0 n 3 (table contents not committed)
  load op 9f at 6686: addr 0x502dfa858 idx 0 fmt 1 regoff 0x0 n 58 (table contents not committed)
  load op 9f at 6791: addr 0x502dfaa28 idx 0 fmt 1 regoff 0x0 n 66 (table contents not committed)
  load op 9f at 6896: addr 0x502dfac38 idx 0 fmt 1 regoff 0x0 n 58 (table contents not committed)
  load op 9f at 7001: addr 0x502df81a0 idx 0 fmt 1 regoff 0x0 n 66 (table contents not committed)
  load op 9f at 7106: addr 0x502df83b0 idx 0 fmt 1 regoff 0x0 n 58 (table contents not committed)
  load op 9f at 7211: addr 0x502df8580 idx 0 fmt 1 regoff 0x0 n 130 (table contents not committed)
  load op 63 at 7216: addr 0x502dffde0 idx 0 fmt 1 regoff 0x0 n 18 (table contents not committed)
  load op 64 at 7221: addr 0x502e006b0 idx 0 fmt 1 regoff 0x0 n 3 (table contents not committed)
  load op 9f at 7348: addr 0x502df8990 idx 0 fmt 1 regoff 0x0 n 135 (table contents not committed)
  load op 63 at 7353: addr 0x502dffe70 idx 0 fmt 1 regoff 0x0 n 18 (table contents not committed)
  load op 64 at 7358: addr 0x502e006c8 idx 0 fmt 1 regoff 0x0 n 3 (table contents not committed)
  load op 63 at 7936: addr 0x502dfff00 idx 0 fmt 1 regoff 0x0 n 28 (table contents not committed)
  load op 64 at 8513: addr 0x502e006e0 idx 0 fmt 1 regoff 0x0 n 5 (table contents not committed)
  load op 9f at 8518: addr 0x502df8dc8 idx 0 fmt 1 regoff 0x0 n 113 (table contents not committed)
  load op 9f at 8525: addr 0x502df6918 idx 0 fmt 1 regoff 0x0 n 168 (table contents not committed)
submit #467 dcb 9023 dwords at 0x502702500: pass 559 rewrite 484 drop 408 unmapped 1 cc 8 mappings 1198 ... OK rc 0 25.90 ms
timing: #467 done at t 78.839 s, 1152.5 ms after the sync and hints
state stack #467: push 4 pop 4 conditional 1 unmatched 0; restored 3684 regs (+3748 dwords); tables 35, unreadable 0
map 0x3362e8000 +0x60000 ... ok
map 0x336348000 +0x10000 ... ok
map 0x10cc4e0000 +0x20000 ... ok
map 0x1151e70000 +0x1a30000 ... ok
swapped pages taken as resident so far: 0
vmas 110 total 13075.0 MiB resident 4534.3 MiB mapped 4534.3 MiB
timing: t 78.841 s acb 2 dwords: sync 23.0 ms, hints 0.0 ms
submit #468 acb 2 dwords at 0xfe003a200: pass 1 rewrite 0 drop 0 unmapped 0 cc 0 mappings 1202 ... OK rc 0 22.42 ms
timing: #468 done at t 78.891 s, 27.2 ms after the sync and hints
cpu-wait WAIT_REG_MEM64 at 0 on 0x400202f80: satisfied after 0.0 ms
timing: t 78.893 s after that wait (acb 49 dwords)
map 0x200294000 +0x4000 ... ok
map 0x305220000 +0x10000 ... ok
map 0x336358000 +0x20000 ... ok
map 0x336378000 +0x10000 ... ok
map 0x336388000 +0x10000 ... ok
map 0x336398000 +0x10000 ... ok
map 0x3363a8000 +0x10000 ... ok
map 0x3363b8000 +0x10000 ... ok
map 0x3363c8000 +0x8000 ... ok
map 0x336404000 +0x20000 ... ok
map 0x37dfd4000 +0x4000 ... ok
swapped pages taken as resident so far: 0
vmas 111 total 13075.0 MiB resident 4534.6 MiB mapped 4535.0 MiB
timing: t 78.892 s cc 3 dwords: sync 35.3 ms, hints 0.0 ms
submit #469 cc 3 dwords at 0x313b17cf4: pass 0 rewrite 1 drop 0 unmapped 0 cc 1 mappings 1213 ... OK rc 0 22.77 ms
timing: #469 done at t 78.955 s, 27.5 ms after the sync and hints
timing: t 78.956 s acb 49 dwords: sync 12.1 ms, hints 0.0 ms
submit #470 acb 49 dwords at 0x4002a69dc: pass 2 rewrite 3 drop 3 unmapped 0 cc 0 mappings 1213 ... OK rc 0 22.46 ms
timing: #470 done at t 78.996 s, 27.3 ms after the sync and hints
timing: t 78.997 s hib 150 dwords: sync 12.3 ms, hints 0.1 ms
  load op 61 at 10: base 0xfe0008000 pairs (0x0,215) (0xd8,272) (0x1f5,4) (0x1ff,158) (0x2a0,2) (0x2a3,1) (0x2a5,66) (0x2f5,203)
  load op 5f at 29: base 0xfe0010000 pairs (0x1,1) (0x6,38) (0x32,4) (0x80,4) (0x87,37) (0xb2,4) (0xc8,2) (0x100,4) (0x107,37) (0x132,4) (0x148,2) (0x204,3) (0x20c,2) (0x212,2) (0x215,6) (0x224,5) (0x22a,1) (0x240,16) (0x27d,1) (0x280,1) (0x207,3)
  load op 5e at 74: base 0xfe0011000 pairs (0x35,8) (0xa2,1) (0x242,1) (0x248,1) (0x24a,2) (0x25b,6) (0x262,1) (0x2bb,5) (0x2c4,16) (0x2e4,8) (0x380,2) (0x383,2) (0x41d,3) (0x24d,1)
  load op 61 at 105: base 0xfe0008000 pairs (0x0,0)
  load op 5f at 110: base 0xfe0010000 pairs (0x0,0)
  load op 5e at 115: base 0xfe0011000 pairs (0x0,0)
  load op 61 at 125: base 0xfe0008000 pairs (0x0,0)
  load op 5f at 130: base 0xfe0010000 pairs (0x0,0)
  load op 5e at 135: base 0xfe0011000 pairs (0x0,0)
submit #471 hib 150 dwords at 0xfe0000000: pass 12 rewrite 2 drop 2 unmapped 0 cc 2 mappings 1213 ... OK rc 0 22.94 ms
timing: #471 done at t 79.094 s, 84.9 ms after the sync and hints
timing: t 79.095 s hib 2 dwords: sync 12.2 ms, hints 0.1 ms
submit #472 hib 2 dwords at 0xfe003a200: pass 1 rewrite 0 drop 0 unmapped 0 cc 0 mappings 1213 ... OK rc 0 22.73 ms
timing: #472 done at t 79.135 s, 27.6 ms after the sync and hints
timing: t 79.136 s dcb 96 dwords: sync 12.4 ms, hints 0.1 ms
  load op 9f at 38: addr 0xfe0040068 idx 0 fmt 1 regoff 0x0 n 921 (table contents not committed)
  load op 63 at 43: addr 0xfe0042068 idx 0 fmt 1 regoff 0x0 n 174 (table contents not committed)
  load op 64 at 48: addr 0xfe00425d8 idx 0 fmt 1 regoff 0x0 n 49 (table contents not committed)
submit #473 dcb 96 dwords at 0xfe0042920: pass 20 rewrite 2 drop 2 unmapped 0 cc 0 mappings 1213 ... OK rc 0 22.67 ms
timing: #473 done at t 79.226 s, 77.7 ms after the sync and hints
timing: t 79.227 s dcb 3025 dwords: sync 12.4 ms, hints 0.2 ms
  load op 9f at 36: addr 0xfe0040068 idx 0 fmt 1 regoff 0x0 n 921 (table contents not committed)
  load op 63 at 41: addr 0xfe0042068 idx 0 fmt 1 regoff 0x0 n 174 (table contents not committed)
  load op 64 at 46: addr 0xfe00425d8 idx 0 fmt 1 regoff 0x0 n 57 (table contents not committed)
  load op 9f at 88: addr 0x504a01500 idx 0 fmt 1 regoff 0x0 n 136 (table contents not committed)
  load op 64 at 93: addr 0x504a00500 idx 0 fmt 1 regoff 0x0 n 3 (table contents not committed)
  load op 63 at 98: addr 0x5049ff500 idx 0 fmt 1 regoff 0x0 n 3 (table contents not committed)
  load op 9f at 1919: addr 0xfe0040068 idx 0 fmt 1 regoff 0x0 n 921 (table contents not committed)
  load op 9f at 1926: addr 0x504a01940 idx 0 fmt 1 regoff 0x0 n 70 (table contents not committed)
  load op 63 at 1931: addr 0x908e5ff90 idx 0 fmt 1 regoff 0x0 n 6 (table contents not committed)
  load op 9f at 1936: addr 0x908e5ffc0 idx 0 fmt 1 regoff 0x0 n 10 (table contents not committed)
  load op 63 at 1941: addr 0x908e5f7d0 idx 0 fmt 1 regoff 0x0 n 6 (table contents not committed)
  load op 9f at 1946: addr 0x908e5f800 idx 0 fmt 1 regoff 0x0 n 9 (table contents not committed)
  load op 64 at 1951: addr 0x504a00518 idx 0 fmt 1 regoff 0x0 n 5 (table contents not committed)
  load op 9f at 2069: addr 0x504a01b70 idx 0 fmt 1 regoff 0x0 n 131 (table contents not committed)
  load op 64 at 2076: addr 0x504a00540 idx 0 fmt 1 regoff 0x0 n 1 (table contents not committed)
  load op 9f at 2108: addr 0xfe0040068 idx 0 fmt 1 regoff 0x0 n 921 (table contents not committed)
  load op 9f at 2115: addr 0x504a01f88 idx 0 fmt 1 regoff 0x0 n 70 (table contents not committed)
  load op 63 at 2120: addr 0x908e5ff90 idx 0 fmt 1 regoff 0x0 n 6 (table contents not committed)
  load op 9f at 2125: addr 0x908e5ffc0 idx 0 fmt 1 regoff 0x0 n 10 (table contents not committed)
  load op 63 at 2130: addr 0x908e5f7d0 idx 0 fmt 1 regoff 0x0 n 6 (table contents not committed)
  load op 9f at 2135: addr 0x908e5f800 idx 0 fmt 1 regoff 0x0 n 9 (table contents not committed)
  load op 64 at 2140: addr 0x504a00548 idx 0 fmt 1 regoff 0x0 n 5 (table contents not committed)
  load op 63 at 2236: addr 0x5049ff518 idx 0 fmt 1 regoff 0x0 n 10 (table contents not committed)
  load op 63 at 2427: addr 0x5049ff568 idx 0 fmt 1 regoff 0x0 n 28 (table contents not committed)
  load op 64 at 2501: addr 0x504a00570 idx 0 fmt 1 regoff 0x0 n 5 (table contents not committed)
  load op 9f at 2508: addr 0x504a021b8 idx 0 fmt 1 regoff 0x0 n 96 (table contents not committed)
  load op 9f at 2513: addr 0x5049fe390 idx 0 fmt 1 regoff 0x0 n 194 (table contents not committed)
submit #474 dcb 3025 dwords at 0x504302500: pass 290 rewrite 123 drop 120 unmapped 0 cc 4 mappings 1213 ... OK rc 0 264.63 ms
timing: #474 done at t 79.885 s, 645.7 ms after the sync and hints
state stack #474: push 2 pop 2 conditional 1 unmatched 0; restored 1842 regs (+1874 dwords); tables 13, unreadable 0
timing: t 79.891 s dcb 851 dwords: sync 13.4 ms, hints 0.1 ms
  load op 9f at 38: addr 0xfe0040068 idx 0 fmt 1 regoff 0x0 n 921 (table contents not committed)
  load op 63 at 43: addr 0xfe0042068 idx 0 fmt 1 regoff 0x0 n 174 (table contents not committed)
  load op 64 at 48: addr 0xfe00425d8 idx 0 fmt 1 regoff 0x0 n 57 (table contents not committed)
  load op 9f at 90: addr 0x506201500 idx 0 fmt 1 regoff 0x0 n 5 (table contents not committed)
  load op 64 at 95: addr 0x506200500 idx 0 fmt 1 regoff 0x0 n 2 (table contents not committed)
  load op 63 at 100: addr 0x5061ff500 idx 0 fmt 1 regoff 0x0 n 3 (table contents not committed)
submit #475 dcb 851 dwords at 0x505e02500: pass 47 rewrite 55 drop 45 unmapped 0 cc 0 mappings 1213 ... OK rc 0 153.96 ms
timing: #475 done at t 80.135 s, 230.5 ms after the sync and hints
timing: t 80.140 s acb 2 dwords: sync 15.1 ms, hints 0.0 ms
submit #476 acb 2 dwords at 0xfe003a200: pass 1 rewrite 0 drop 0 unmapped 0 cc 0 mappings 1213 ... OK rc 0 22.65 ms
timing: #476 done at t 80.182 s, 27.6 ms after the sync and hints
cpu-wait WAIT_REG_MEM64 at 87 on 0x400203980: satisfied after 0.0 ms
timing: t 80.186 s after that wait (acb 463 dwords)
timing: t 80.183 s dcb 798 dwords: sync 12.4 ms, hints 0.2 ms
  load op 9f at 35: addr 0xfe0040068 idx 0 fmt 1 regoff 0x0 n 921 (table contents not committed)
  load op 63 at 40: addr 0xfe0042068 idx 0 fmt 1 regoff 0x0 n 174 (table contents not committed)
  load op 64 at 45: addr 0xfe00425d8 idx 0 fmt 1 regoff 0x0 n 57 (table contents not committed)
  load op 9f at 87: addr 0x507401500 idx 0 fmt 1 regoff 0x0 n 136 (table contents not committed)
  load op 64 at 92: addr 0x507400500 idx 0 fmt 1 regoff 0x0 n 3 (table contents not committed)
  load op 63 at 97: addr 0x5073ff500 idx 0 fmt 1 regoff 0x0 n 3 (table contents not committed)
  load op 9f at 212: addr 0xfe0040068 idx 0 fmt 1 regoff 0x0 n 921 (table contents not committed)
  load op 9f at 219: addr 0x507401940 idx 0 fmt 1 regoff 0x0 n 70 (table contents not committed)
  load op 63 at 224: addr 0x908e5ff90 idx 0 fmt 1 regoff 0x0 n 6 (table contents not committed)
  load op 9f at 229: addr 0x908e5ffc0 idx 0 fmt 1 regoff 0x0 n 10 (table contents not committed)
  load op 63 at 234: addr 0x908e5f7d0 idx 0 fmt 1 regoff 0x0 n 6 (table contents not committed)
  load op 9f at 239: addr 0x908e5f800 idx 0 fmt 1 regoff 0x0 n 9 (table contents not committed)
  load op 64 at 244: addr 0x507400518 idx 0 fmt 1 regoff 0x0 n 5 (table contents not committed)
  load op 9f at 340: addr 0x507401b70 idx 0 fmt 1 regoff 0x0 n 131 (table contents not committed)
  load op 64 at 347: addr 0x507400540 idx 0 fmt 1 regoff 0x0 n 1 (table contents not committed)
  load op 9f at 379: addr 0xfe0040068 idx 0 fmt 1 regoff 0x0 n 921 (table contents not committed)
  load op 9f at 386: addr 0x507401f88 idx 0 fmt 1 regoff 0x0 n 70 (table contents not committed)
  load op 63 at 391: addr 0x908e5ff90 idx 0 fmt 1 regoff 0x0 n 6 (table contents not committed)
  load op 9f at 396: addr 0x908e5ffc0 idx 0 fmt 1 regoff 0x0 n 10 (table contents not committed)
  load op 63 at 401: addr 0x908e5f7d0 idx 0 fmt 1 regoff 0x0 n 6 (table contents not committed)
  load op 9f at 406: addr 0x908e5f800 idx 0 fmt 1 regoff 0x0 n 9 (table contents not committed)
  load op 64 at 411: addr 0x507400548 idx 0 fmt 1 regoff 0x0 n 5 (table contents not committed)
  load op 9f at 548: addr 0x5074021b8 idx 0 fmt 1 regoff 0x0 n 98 (table contents not committed)
  load op 64 at 555: addr 0x507400570 idx 0 fmt 1 regoff 0x0 n 1 (table contents not committed)
  load op 9f at 560: addr 0x5073fe500 idx 0 fmt 1 regoff 0x0 n 33 (table contents not committed)
  load op 9f at 592: addr 0xfe0040068 idx 0 fmt 1 regoff 0x0 n 921 (table contents not committed)
  load op 9f at 599: addr 0x5073fe608 idx 0 fmt 1 regoff 0x0 n 70 (table contents not committed)
  load op 63 at 604: addr 0x908e5ff90 idx 0 fmt 1 regoff 0x0 n 6 (table contents not committed)
  load op 9f at 609: addr 0x908e5ffc0 idx 0 fmt 1 regoff 0x0 n 10 (table contents not committed)
  load op 63 at 614: addr 0x908e5f7d0 idx 0 fmt 1 regoff 0x0 n 6 (table contents not committed)
  load op 9f at 619: addr 0x908e5f800 idx 0 fmt 1 regoff 0x0 n 9 (table contents not committed)
  load op 64 at 624: addr 0x507400578 idx 0 fmt 1 regoff 0x0 n 5 (table contents not committed)
submit #477 dcb 798 dwords at 0x506e02500: pass 103 rewrite 35 drop 22 unmapped 0 cc 6 mappings 1213 ... OK rc 0 48.10 ms
timing: #477 done at t 80.683 s, 487.3 ms after the sync and hints
state stack #477: push 3 pop 3 conditional 1 unmatched 0; restored 2763 regs (+2811 dwords); tables 17, unreadable 0
timing: t 80.685 s acb 463 dwords: sync 12.6 ms, hints 0.0 ms
submit #478 acb 463 dwords at 0x400526840: pass 43 rewrite 11 drop 27 unmapped 0 cc 0 mappings 1213 ... OK rc 0 23.09 ms
timing: #478 done at t 80.726 s, 28.4 ms after the sync and hints
acb head: 1287 of 1336 dwords go ahead of the wait at 1287 on 0x400203b80
timing: t 80.727 s dcb 1248 dwords: sync 12.2 ms, hints 0.2 ms
  load op 9f at 36: addr 0xfe0040068 idx 0 fmt 1 regoff 0x0 n 921 (table contents not committed)
  load op 63 at 41: addr 0xfe0042068 idx 0 fmt 1 regoff 0x0 n 174 (table contents not committed)
  load op 64 at 46: addr 0xfe00425d8 idx 0 fmt 1 regoff 0x0 n 57 (table contents not committed)
  load op 9f at 88: addr 0x505601500 idx 0 fmt 1 regoff 0x0 n 5 (table contents not committed)
  load op 64 at 93: addr 0x505600500 idx 0 fmt 1 regoff 0x0 n 2 (table contents not committed)
  load op 63 at 98: addr 0x5055ff500 idx 0 fmt 1 regoff 0x0 n 3 (table contents not committed)
  load op 9f at 756: addr 0xfe0040068 idx 0 fmt 1 regoff 0x0 n 921 (table contents not committed)
  load op 9f at 763: addr 0x505601528 idx 0 fmt 1 regoff 0x0 n 74 (table contents not committed)
  load op 63 at 768: addr 0x908e5ff90 idx 0 fmt 1 regoff 0x0 n 6 (table contents not committed)
  load op 9f at 773: addr 0x908e5ffc0 idx 0 fmt 1 regoff 0x0 n 10 (table contents not committed)
  load op 64 at 778: addr 0x505600510 idx 0 fmt 1 regoff 0x0 n 5 (table contents not committed)
  load op 9f at 901: addr 0xfe0040068 idx 0 fmt 1 regoff 0x0 n 921 (table contents not committed)
  load op 9f at 908: addr 0x505601778 idx 0 fmt 1 regoff 0x0 n 74 (table contents not committed)
  load op 63 at 913: addr 0x908e5ff90 idx 0 fmt 1 regoff 0x0 n 6 (table contents not committed)
  load op 9f at 918: addr 0x908e5ffc0 idx 0 fmt 1 regoff 0x0 n 10 (table contents not committed)
  load op 64 at 923: addr 0x505600538 idx 0 fmt 1 regoff 0x0 n 5 (table contents not committed)
  load op 9f at 1046: addr 0xfe0040068 idx 0 fmt 1 regoff 0x0 n 921 (table contents not committed)
  load op 9f at 1053: addr 0x5056019c8 idx 0 fmt 1 regoff 0x0 n 74 (table contents not committed)
  load op 63 at 1058: addr 0x908e5ff90 idx 0 fmt 1 regoff 0x0 n 6 (table contents not committed)
  load op 9f at 1063: addr 0x908e5ffc0 idx 0 fmt 1 regoff 0x0 n 10 (table contents not committed)
  load op 64 at 1068: addr 0x505600560 idx 0 fmt 1 regoff 0x0 n 5 (table contents not committed)
submit #479 dcb 1248 dwords at 0x505202500: pass 151 rewrite 46 drop 45 unmapped 0 cc 6 mappings 1213 ... OK rc 0 23.11 ms
timing: #479 done at t 81.048 s, 309.1 ms after the sync and hints
state stack #479: push 3 pop 3 conditional 1 unmatched 0; restored 2763 regs (+2811 dwords); tables 11, unreadable 0
flip 1/1 buffer 0x5093f0000 +0x1fe0000: sum 0x17ea65194594 nonzero 8100/8160 pattern 0
  target CB0 0x507410000: distinct 53 min 0xc0000000 max 0xc340d034,   target CB0 0x507410000: nonzero 1024/1024
  target CB0 0x563800000: distinct 1 min 0x00000000 max 0x00000000,   target CB0 0x563800000: nonzero 0/1024
  target CB0 0x55c00d000: distinct 4 min 0x00000000 max 0xffffffff,   target CB0 0x55c00d000: nonzero 147/1024
  target CB0 0x5637f0000: distinct 1 min 0x00000000 max 0x00000000,   target CB0 0x5637f0000: nonzero 0/1024
  target CB0 0x526bf0000: distinct 1 min 0x38003800 max 0x38003800,   target CB0 0x526bf0000: nonzero 1024/1024
  target CB0 0x5719a8000: distinct 15 min 0x00000000 max 0xffffffff,   target CB0 0x5719a8000: nonzero 102/1024
timing: t 81.050 s acb 1287 dwords: sync 12.7 ms, hints 0.0 ms
  target DB_HTILE 0x5203a0000: distinct 2 min 0x00000000 max 0xfffffff0,   target DB_HTILE 0x5203a0000: nonzero 160/1024
  target DB_Z_READ 0x51db50000: distinct 1 min 0x3f800000 max 0x3f800000, submit #480 acb 1287 dwords at 0x400345640: pass 118 rewrite 35 drop 63 unmapped 0 cc 0 mappings 1213 ...   target DB_Z_READ 0x51db50000: nonzero 1024/1024
  target DB_STENCIL_READ 0x51fb30000: distinct 1 min 0x80800000 max 0x80800000,   target DB_STENCIL_READ 0x51fb30000: nonzero 1024/1024
  target CB0 0x513bf0000: distinct 1 min 0x00000000 max 0x00000000,   target CB0 0x513bf0000: nonzero 0/1024
  target CB0 0x571867000: distinct 17 min 0x00000000 max 0xffffffff,   target CB0 0x571867000: nonzero 215/1024
  target CB0 0x57187b000: distinct 17 min 0x00000000 max 0xffffffff,   target CB0 0x57187b000: nonzero 195/1024
  target CB0 0x519b90000: distinct 1 min 0x00000000 max 0x00000000,   target CB0 0x519b90000: nonzero 0/1024
  target CB0 0x5718eb000: distinct 16 min 0x00000000 max 0xffffffff,   target CB0 0x5718eb000: nonzero 123/1024
  target DB_HTILE 0x55c050000: distinct 3 min 0x00000000 max 0xffffffff,   target DB_HTILE 0x55c050000: nonzero 144/1024
  target DB_Z_READ 0x527430000: distinct 1 min 0xffffffff max 0xffffffff,   target DB_Z_READ 0x527430000: nonzero 1024/1024
timing: t 81.084 s flip 1/1, VideoOutSubmitFlip took 0.0 ms
OK rc 0 25.05 ms
timing: #480 done at t 81.095 s, 32.5 ms after the sync and hints
cpu-wait WAIT_REG_MEM64 at 115 on 0x400203940: satisfied after 0.0 ms
timing: t 81.097 s after that wait (dcb 9023 dwords)
cpu-wait WAIT_REG_MEM64 at 1629 on 0x4002039c0: satisfied after 0.0 ms
timing: t 81.099 s after that wait (dcb 9023 dwords)
cpu-wait WAIT_REG_MEM64 at 8472 on 0x559cd49a53d8: satisfied after 0.0 ms
timing: t 81.101 s after that wait (dcb 9023 dwords)
timing: t 81.102 s dcb 9023 dwords: sync 12.5 ms, hints 0.3 ms
  indirect op 16 at 1246: base 0x5074063c0 +0x0 -> 1 1 1 0 0
  indirect op 16 at 1278: base 0x5074063e0 +0x0 -> 1 1 1 0 0
  indirect op 16 at 1310: base 0x50740a520 +0x0 -> 1 1 1 0 0
  indirect op 16 at 1342: base 0x50740a540 +0x0 -> 1 1 1 0 0
  indirect op 25 at 4584: base 0x56ddaffa0 +0x0 -> 1 512 0 0 0
  load op 9f at 28: addr 0xfe0040068 idx 0 fmt 1 regoff 0x0 n 921 (table contents not committed)
  load op 63 at 33: addr 0xfe0042068 idx 0 fmt 1 regoff 0x0 n 174 (table contents not committed)
  load op 64 at 38: addr 0xfe00425d8 idx 0 fmt 1 regoff 0x0 n 57 (table contents not committed)
  load op 9f at 80: addr 0x503501500 idx 0 fmt 1 regoff 0x0 n 295 (table contents not committed)
  load op 64 at 85: addr 0x503500500 idx 0 fmt 1 regoff 0x0 n 7 (table contents not committed)
  load op 63 at 90: addr 0x5034ff500 idx 0 fmt 1 regoff 0x0 n 13 (table contents not committed)
  load op 63 at 342: addr 0x5034ff568 idx 0 fmt 1 regoff 0x0 n 10 (table contents not committed)
  load op 63 at 734: addr 0x5034ff5b8 idx 0 fmt 1 regoff 0x0 n 18 (table contents not committed)
  load op 63 at 1217: addr 0x5034ff648 idx 0 fmt 1 regoff 0x0 n 10 (table contents not committed)
  load op 63 at 1249: addr 0x5034ff698 idx 0 fmt 1 regoff 0x0 n 10 (table contents not committed)
  load op 63 at 1281: addr 0x5034ff6e8 idx 0 fmt 1 regoff 0x0 n 10 (table contents not committed)
  load op 63 at 1313: addr 0x5034ff738 idx 0 fmt 1 regoff 0x0 n 10 (table contents not committed)
  load op 9f at 1724: addr 0xfe0040068 idx 0 fmt 1 regoff 0x0 n 921 (table contents not committed)
  load op 9f at 1731: addr 0x503501e38 idx 0 fmt 1 regoff 0x0 n 74 (table contents not committed)
  load op 63 at 1736: addr 0x908e5ff90 idx 0 fmt 1 regoff 0x0 n 6 (table contents not committed)
  load op 9f at 1741: addr 0x908e5ffc0 idx 0 fmt 1 regoff 0x0 n 10 (table contents not committed)
  load op 64 at 1746: addr 0x503500538 idx 0 fmt 1 regoff 0x0 n 5 (table contents not committed)
  load op 9f at 1799: addr 0x503502088 idx 0 fmt 1 regoff 0x0 n 132 (table contents not committed)
  load op 63 at 1804: addr 0x5034ff788 idx 0 fmt 1 regoff 0x0 n 30 (table contents not committed)
  load op 64 at 1884: addr 0x503500560 idx 0 fmt 1 regoff 0x0 n 5 (table contents not committed)
  load op 9f at 1891: addr 0x5034fd440 idx 0 fmt 1 regoff 0x0 n 175 (table contents not committed)
  load op 63 at 2106: addr 0x5034ff878 idx 0 fmt 1 regoff 0x0 n 20 (table contents not committed)
  load op 9f at 3069: addr 0xfe0040068 idx 0 fmt 1 regoff 0x0 n 921 (table contents not committed)
  load op 9f at 3076: addr 0x5034fd9b8 idx 0 fmt 1 regoff 0x0 n 70 (table contents not committed)
  load op 63 at 3081: addr 0x908e5ff90 idx 0 fmt 1 regoff 0x0 n 6 (table contents not committed)
  load op 9f at 3086: addr 0x908e5ffc0 idx 0 fmt 1 regoff 0x0 n 10 (table contents not committed)
  load op 63 at 3091: addr 0x908e5f7d0 idx 0 fmt 1 regoff 0x0 n 6 (table contents not committed)
  load op 9f at 3096: addr 0x908e5f800 idx 0 fmt 1 regoff 0x0 n 9 (table contents not committed)
  load op 64 at 3101: addr 0x503500588 idx 0 fmt 1 regoff 0x0 n 5 (table contents not committed)
  load op 9f at 3140: addr 0x5034fdbe8 idx 0 fmt 1 regoff 0x0 n 19 (table contents not committed)
  load op 63 at 3145: addr 0x5034ff918 idx 0 fmt 1 regoff 0x0 n 12 (table contents not committed)
  load op 9f at 3268: addr 0xfe0040068 idx 0 fmt 1 regoff 0x0 n 921 (table contents not committed)
  load op 9f at 3275: addr 0x5034fdc80 idx 0 fmt 1 regoff 0x0 n 74 (table contents not committed)
  load op 63 at 3280: addr 0x908e5ff90 idx 0 fmt 1 regoff 0x0 n 6 (table contents not committed)
  load op 9f at 3285: addr 0x908e5ffc0 idx 0 fmt 1 regoff 0x0 n 10 (table contents not committed)
  load op 64 at 3290: addr 0x5035005b0 idx 0 fmt 1 regoff 0x0 n 5 (table contents not committed)
  load op 9f at 3329: addr 0x5034fded0 idx 0 fmt 1 regoff 0x0 n 166 (table contents not committed)
  load op 63 at 3334: addr 0x5034ff978 idx 0 fmt 1 regoff 0x0 n 30 (table contents not committed)
  load op 64 at 3430: addr 0x5035005d8 idx 0 fmt 1 regoff 0x0 n 5 (table contents not committed)
  load op 9f at 3437: addr 0x5034fc320 idx 0 fmt 1 regoff 0x0 n 135 (table contents not committed)
  load op 63 at 3675: addr 0x5034ffa68 idx 0 fmt 1 regoff 0x0 n 36 (table contents not committed)
  load op 64 at 4540: addr 0x503500600 idx 0 fmt 1 regoff 0x0 n 6 (table contents not committed)
  load op 9f at 4545: addr 0x5034fc758 idx 0 fmt 1 regoff 0x0 n 376 (table contents not committed)
  load op 9f at 4552: addr 0x5034fb118 idx 0 fmt 1 regoff 0x0 n 205 (table contents not committed)
  load op 9f at 4853: addr 0xfe0040068 idx 0 fmt 1 regoff 0x0 n 921 (table contents not committed)
  load op 9f at 4860: addr 0x5034fb780 idx 0 fmt 1 regoff 0x0 n 74 (table contents not committed)
  load op 63 at 4865: addr 0x908e5ff90 idx 0 fmt 1 regoff 0x0 n 6 (table contents not committed)
  load op 9f at 4870: addr 0x908e5ffc0 idx 0 fmt 1 regoff 0x0 n 10 (table contents not committed)
  load op 64 at 4875: addr 0x503500630 idx 0 fmt 1 regoff 0x0 n 5 (table contents not committed)
  load op 63 at 4914: addr 0x5034ffb88 idx 0 fmt 1 regoff 0x0 n 21 (table contents not committed)
  load op 9f at 4925: addr 0x5034fb9d0 idx 0 fmt 1 regoff 0x0 n 223 (table contents not committed)
  load op 64 at 6315: addr 0x503500658 idx 0 fmt 1 regoff 0x0 n 5 (table contents not committed)
  load op 63 at 6322: addr 0x5034ffc30 idx 0 fmt 1 regoff 0x0 n 18 (table contents not committed)
  load op 9f at 6327: addr 0x5034f9e30 idx 0 fmt 1 regoff 0x0 n 67 (table contents not committed)
  load op 9f at 6440: addr 0x5034fa048 idx 0 fmt 1 regoff 0x0 n 129 (table contents not committed)
  load op 63 at 6445: addr 0x5034ffcc0 idx 0 fmt 1 regoff 0x0 n 18 (table contents not committed)
  load op 64 at 6450: addr 0x503500680 idx 0 fmt 1 regoff 0x0 n 3 (table contents not committed)
  load op 9f at 6563: addr 0x5034fa450 idx 0 fmt 1 regoff 0x0 n 129 (table contents not committed)
  load op 63 at 6568: addr 0x5034ffd50 idx 0 fmt 1 regoff 0x0 n 18 (table contents not committed)
  load op 64 at 6573: addr 0x503500698 idx 0 fmt 1 regoff 0x0 n 3 (table contents not committed)
  load op 9f at 6686: addr 0x5034fa858 idx 0 fmt 1 regoff 0x0 n 58 (table contents not committed)
  load op 9f at 6791: addr 0x5034faa28 idx 0 fmt 1 regoff 0x0 n 66 (table contents not committed)
  load op 9f at 6896: addr 0x5034fac38 idx 0 fmt 1 regoff 0x0 n 58 (table contents not committed)
  load op 9f at 7001: addr 0x5034f81a0 idx 0 fmt 1 regoff 0x0 n 66 (table contents not committed)
  load op 9f at 7106: addr 0x5034f83b0 idx 0 fmt 1 regoff 0x0 n 58 (table contents not committed)
  load op 9f at 7211: addr 0x5034f8580 idx 0 fmt 1 regoff 0x0 n 130 (table contents not committed)
  load op 63 at 7216: addr 0x5034ffde0 idx 0 fmt 1 regoff 0x0 n 18 (table contents not committed)
  load op 64 at 7221: addr 0x5035006b0 idx 0 fmt 1 regoff 0x0 n 3 (table contents not committed)
  load op 9f at 7348: addr 0x5034f8990 idx 0 fmt 1 regoff 0x0 n 135 (table contents not committed)
  load op 63 at 7353: addr 0x5034ffe70 idx 0 fmt 1 regoff 0x0 n 18 (table contents not committed)
  load op 64 at 7358: addr 0x5035006c8 idx 0 fmt 1 regoff 0x0 n 3 (table contents not committed)
  load op 63 at 7936: addr 0x5034fff00 idx 0 fmt 1 regoff 0x0 n 28 (table contents not committed)
  load op 64 at 8513: addr 0x5035006e0 idx 0 fmt 1 regoff 0x0 n 5 (table contents not committed)
  load op 9f at 8518: addr 0x5034f8dc8 idx 0 fmt 1 regoff 0x0 n 113 (table contents not committed)
  load op 9f at 8525: addr 0x5034f6918 idx 0 fmt 1 regoff 0x0 n 168 (table contents not committed)
submit #481 dcb 9023 dwords at 0x502e02500: pass 559 rewrite 484 drop 408 unmapped 1 cc 8 mappings 1213 ... OK rc 0 25.73 ms
timing: #481 done at t 82.253 s, 1139.1 ms after the sync and hints
state stack #481: push 4 pop 4 conditional 1 unmatched 0; restored 3684 regs (+3748 dwords); tables 35, unreadable 0
timing: t 82.255 s acb 2 dwords: sync 12.9 ms, hints 0.0 ms
submit #482 acb 2 dwords at 0xfe003a200: pass 1 rewrite 0 drop 0 unmapped 0 cc 0 mappings 1213 ... EFAULT, resync ... unmap 0x336404000 +0x20000 (no longer rw anonymous) ... ok
map 0x200298000 +0x4000 ... ok
map 0x336404000 +0x14000 ... ok
map 0x33641c000 +0x10000 ... ok
map 0x33644c000 +0x20000 ... ok
map 0x33646c000 +0x10000 ... ok
map 0x37dfcc000 +0x8000 ... ok
map 0x500990000 +0x10000 ... ok
swapped pages taken as resident so far: 0
vmas 112 total 13075.0 MiB resident 4535.1 MiB mapped 4535.3 MiB
OK rc 0 (retried) 23.77 ms
timing: #482 done at t 82.327 s, 58.9 ms after the sync and hints
cpu-wait WAIT_REG_MEM64 at 0 on 0x400203b80: satisfied after 0.0 ms
timing: t 82.329 s after that wait (acb 49 dwords)
timing: t 82.328 s cc 3 dwords: sync 12.3 ms, hints 0.1 ms
submit #483 cc 3 dwords at 0x313b17cf4: pass 0 rewrite 1 drop 0 unmapped 0 cc 1 mappings 1219 ... OK rc 0 22.74 ms
timing: #483 done at t 82.368 s, 27.7 ms after the sync and hints
timing: t 82.369 s acb 49 dwords: sync 12.4 ms, hints 0.1 ms
submit #484 acb 49 dwords at 0x400346a5c: pass 2 rewrite 3 drop 3 unmapped 0 cc 0 mappings 1219 ... OK rc 0 23.17 ms
timing: #484 done at t 82.411 s, 29.1 ms after the sync and hints
timing: t 82.412 s hib 150 dwords: sync 12.6 ms, hints 0.1 ms
  load op 61 at 10: base 0xfe0008000 pairs (0x0,215) (0xd8,272) (0x1f5,4) (0x1ff,158) (0x2a0,2) (0x2a3,1) (0x2a5,66) (0x2f5,203)
  load op 5f at 29: base 0xfe0010000 pairs (0x1,1) (0x6,38) (0x32,4) (0x80,4) (0x87,37) (0xb2,4) (0xc8,2) (0x100,4) (0x107,37) (0x132,4) (0x148,2) (0x204,3) (0x20c,2) (0x212,2) (0x215,6) (0x224,5) (0x22a,1) (0x240,16) (0x27d,1) (0x280,1) (0x207,3)
  load op 5e at 74: base 0xfe0011000 pairs (0x35,8) (0xa2,1) (0x242,1) (0x248,1) (0x24a,2) (0x25b,6) (0x262,1) (0x2bb,5) (0x2c4,16) (0x2e4,8) (0x380,2) (0x383,2) (0x41d,3) (0x24d,1)
  load op 61 at 105: base 0xfe0008000 pairs (0x0,0)
  load op 5f at 110: base 0xfe0010000 pairs (0x0,0)
  load op 5e at 115: base 0xfe0011000 pairs (0x0,0)
  load op 61 at 125: base 0xfe0008000 pairs (0x0,0)
  load op 5f at 130: base 0xfe0010000 pairs (0x0,0)
  load op 5e at 135: base 0xfe0011000 pairs (0x0,0)
submit #485 hib 150 dwords at 0xfe0000000: pass 12 rewrite 2 drop 2 unmapped 0 cc 2 mappings 1219 ... OK rc 0 22.65 ms
timing: #485 done at t 82.508 s, 83.1 ms after the sync and hints
timing: t 82.509 s hib 2 dwords: sync 12.3 ms, hints 0.0 ms
submit #486 hib 2 dwords at 0xfe003a200: pass 1 rewrite 0 drop 0 unmapped 0 cc 0 mappings 1219 ... OK rc 0 22.73 ms
timing: #486 done at t 82.548 s, 27.6 ms after the sync and hints
timing: t 82.549 s dcb 96 dwords: sync 12.2 ms, hints 0.1 ms
  load op 9f at 38: addr 0xfe0040068 idx 0 fmt 1 regoff 0x0 n 921 (table contents not committed)
  load op 63 at 43: addr 0xfe0042068 idx 0 fmt 1 regoff 0x0 n 174 (table contents not committed)
  load op 64 at 48: addr 0xfe00425d8 idx 0 fmt 1 regoff 0x0 n 49 (table contents not committed)
submit #487 dcb 96 dwords at 0xfe0042920: pass 20 rewrite 2 drop 2 unmapped 0 cc 0 mappings 1219 ... OK rc 0 22.51 ms
timing: #487 done at t 82.638 s, 76.1 ms after the sync and hints
timing: t 82.639 s dcb 2647 dwords: sync 12.2 ms, hints 0.2 ms
  load op 9f at 36: addr 0xfe0040068 idx 0 fmt 1 regoff 0x0 n 921 (table contents not committed)
  load op 63 at 41: addr 0xfe0042068 idx 0 fmt 1 regoff 0x0 n 174 (table contents not committed)
  load op 64 at 46: addr 0xfe00425d8 idx 0 fmt 1 regoff 0x0 n 57 (table contents not committed)
  load op 9f at 88: addr 0x503c01500 idx 0 fmt 1 regoff 0x0 n 136 (table contents not committed)
  load op 64 at 93: addr 0x503c00500 idx 0 fmt 1 regoff 0x0 n 3 (table contents not committed)
  load op 63 at 98: addr 0x503bff500 idx 0 fmt 1 regoff 0x0 n 3 (table contents not committed)
  load op 9f at 1541: addr 0xfe0040068 idx 0 fmt 1 regoff 0x0 n 921 (table contents not committed)
  load op 9f at 1548: addr 0x503c01940 idx 0 fmt 1 regoff 0x0 n 70 (table contents not committed)
  load op 63 at 1553: addr 0x908e5ff90 idx 0 fmt 1 regoff 0x0 n 6 (table contents not committed)
  load op 9f at 1558: addr 0x908e5ffc0 idx 0 fmt 1 regoff 0x0 n 10 (table contents not committed)
  load op 63 at 1563: addr 0x908e5f7d0 idx 0 fmt 1 regoff 0x0 n 6 (table contents not committed)
  load op 9f at 1568: addr 0x908e5f800 idx 0 fmt 1 regoff 0x0 n 9 (table contents not committed)
  load op 64 at 1573: addr 0x503c00518 idx 0 fmt 1 regoff 0x0 n 5 (table contents not committed)
  load op 9f at 1691: addr 0x503c01b70 idx 0 fmt 1 regoff 0x0 n 131 (table contents not committed)
  load op 64 at 1698: addr 0x503c00540 idx 0 fmt 1 regoff 0x0 n 1 (table contents not committed)
  load op 9f at 1730: addr 0xfe0040068 idx 0 fmt 1 regoff 0x0 n 921 (table contents not committed)
  load op 9f at 1737: addr 0x503c01f88 idx 0 fmt 1 regoff 0x0 n 70 (table contents not committed)
  load op 63 at 1742: addr 0x908e5ff90 idx 0 fmt 1 regoff 0x0 n 6 (table contents not committed)
  load op 9f at 1747: addr 0x908e5ffc0 idx 0 fmt 1 regoff 0x0 n 10 (table contents not committed)
  load op 63 at 1752: addr 0x908e5f7d0 idx 0 fmt 1 regoff 0x0 n 6 (table contents not committed)
  load op 9f at 1757: addr 0x908e5f800 idx 0 fmt 1 regoff 0x0 n 9 (table contents not committed)
  load op 64 at 1762: addr 0x503c00548 idx 0 fmt 1 regoff 0x0 n 5 (table contents not committed)
  load op 63 at 1858: addr 0x503bff518 idx 0 fmt 1 regoff 0x0 n 10 (table contents not committed)
  load op 63 at 2049: addr 0x503bff568 idx 0 fmt 1 regoff 0x0 n 28 (table contents not committed)
  load op 64 at 2123: addr 0x503c00570 idx 0 fmt 1 regoff 0x0 n 5 (table contents not committed)
  load op 9f at 2130: addr 0x503c021b8 idx 0 fmt 1 regoff 0x0 n 96 (table contents not committed)
  load op 9f at 2135: addr 0x503bfe390 idx 0 fmt 1 regoff 0x0 n 194 (table contents not committed)
submit #488 dcb 2647 dwords at 0x503502500: pass 236 rewrite 123 drop 120 unmapped 0 cc 4 mappings 1219 ... OK rc 0 23.37 ms
timing: #488 done at t 83.043 s, 391.6 ms after the sync and hints
state stack #488: push 2 pop 2 conditional 1 unmatched 0; restored 1842 regs (+1874 dwords); tables 13, unreadable 0
timing: t 83.045 s dcb 851 dwords: sync 12.3 ms, hints 0.1 ms
  load op 9f at 38: addr 0xfe0040068 idx 0 fmt 1 regoff 0x0 n 921 (table contents not committed)
  load op 63 at 43: addr 0xfe0042068 idx 0 fmt 1 regoff 0x0 n 174 (table contents not committed)
  load op 64 at 48: addr 0xfe00425d8 idx 0 fmt 1 regoff 0x0 n 57 (table contents not committed)
  load op 9f at 90: addr 0x505a01500 idx 0 fmt 1 regoff 0x0 n 5 (table contents not committed)
  load op 64 at 95: addr 0x505a00500 idx 0 fmt 1 regoff 0x0 n 2 (table contents not committed)
  load op 63 at 100: addr 0x5059ff500 idx 0 fmt 1 regoff 0x0 n 3 (table contents not committed)
submit #489 dcb 851 dwords at 0x505602500: pass 47 rewrite 55 drop 45 unmapped 0 cc 0 mappings 1219 ... OK rc 0 22.47 ms
timing: #489 done at t 83.156 s, 98.4 ms after the sync and hints
timing: t 83.157 s acb 2 dwords: sync 12.3 ms, hints 0.0 ms
submit #490 acb 2 dwords at 0xfe003a200: pass 1 rewrite 0 drop 0 unmapped 0 cc 0 mappings 1219 ... OK rc 0 22.69 ms
timing: #490 done at t 83.197 s, 27.8 ms after the sync and hints
cpu-wait WAIT_REG_MEM64 at 87 on 0x400201a40: satisfied after 0.0 ms
timing: t 83.199 s after that wait (acb 463 dwords)
timing: t 83.198 s dcb 798 dwords: sync 12.3 ms, hints 0.2 ms
  load op 9f at 35: addr 0xfe0040068 idx 0 fmt 1 regoff 0x0 n 921 (table contents not committed)
  load op 63 at 40: addr 0xfe0042068 idx 0 fmt 1 regoff 0x0 n 174 (table contents not committed)
  load op 64 at 45: addr 0xfe00425d8 idx 0 fmt 1 regoff 0x0 n 57 (table contents not committed)
  load op 9f at 87: addr 0x506801500 idx 0 fmt 1 regoff 0x0 n 136 (table contents not committed)
  load op 64 at 92: addr 0x506800500 idx 0 fmt 1 regoff 0x0 n 3 (table contents not committed)
  load op 63 at 97: addr 0x5067ff500 idx 0 fmt 1 regoff 0x0 n 3 (table contents not committed)
  load op 9f at 212: addr 0xfe0040068 idx 0 fmt 1 regoff 0x0 n 921 (table contents not committed)
  load op 9f at 219: addr 0x506801940 idx 0 fmt 1 regoff 0x0 n 70 (table contents not committed)
  load op 63 at 224: addr 0x908e5ff90 idx 0 fmt 1 regoff 0x0 n 6 (table contents not committed)
  load op 9f at 229: addr 0x908e5ffc0 idx 0 fmt 1 regoff 0x0 n 10 (table contents not committed)
  load op 63 at 234: addr 0x908e5f7d0 idx 0 fmt 1 regoff 0x0 n 6 (table contents not committed)
  load op 9f at 239: addr 0x908e5f800 idx 0 fmt 1 regoff 0x0 n 9 (table contents not committed)
  load op 64 at 244: addr 0x506800518 idx 0 fmt 1 regoff 0x0 n 5 (table contents not committed)
  load op 9f at 340: addr 0x506801b70 idx 0 fmt 1 regoff 0x0 n 131 (table contents not committed)
  load op 64 at 347: addr 0x506800540 idx 0 fmt 1 regoff 0x0 n 1 (table contents not committed)
  load op 9f at 379: addr 0xfe0040068 idx 0 fmt 1 regoff 0x0 n 921 (table contents not committed)
  load op 9f at 386: addr 0x506801f88 idx 0 fmt 1 regoff 0x0 n 70 (table contents not committed)
  load op 63 at 391: addr 0x908e5ff90 idx 0 fmt 1 regoff 0x0 n 6 (table contents not committed)
  load op 9f at 396: addr 0x908e5ffc0 idx 0 fmt 1 regoff 0x0 n 10 (table contents not committed)
  load op 63 at 401: addr 0x908e5f7d0 idx 0 fmt 1 regoff 0x0 n 6 (table contents not committed)
  load op 9f at 406: addr 0x908e5f800 idx 0 fmt 1 regoff 0x0 n 9 (table contents not committed)
  load op 64 at 411: addr 0x506800548 idx 0 fmt 1 regoff 0x0 n 5 (table contents not committed)
  load op 9f at 548: addr 0x5068021b8 idx 0 fmt 1 regoff 0x0 n 98 (table contents not committed)
  load op 64 at 555: addr 0x506800570 idx 0 fmt 1 regoff 0x0 n 1 (table contents not committed)
  load op 9f at 560: addr 0x5067fe500 idx 0 fmt 1 regoff 0x0 n 33 (table contents not committed)
  load op 9f at 592: addr 0xfe0040068 idx 0 fmt 1 regoff 0x0 n 921 (table contents not committed)
  load op 9f at 599: addr 0x5067fe608 idx 0 fmt 1 regoff 0x0 n 70 (table contents not committed)
  load op 63 at 604: addr 0x908e5ff90 idx 0 fmt 1 regoff 0x0 n 6 (table contents not committed)
  load op 9f at 609: addr 0x908e5ffc0 idx 0 fmt 1 regoff 0x0 n 10 (table contents not committed)
  load op 63 at 614: addr 0x908e5f7d0 idx 0 fmt 1 regoff 0x0 n 6 (table contents not committed)
  load op 9f at 619: addr 0x908e5f800 idx 0 fmt 1 regoff 0x0 n 9 (table contents not committed)
  load op 64 at 624: addr 0x506800578 idx 0 fmt 1 regoff 0x0 n 5 (table contents not committed)
submit #491 dcb 798 dwords at 0x506202500: pass 103 rewrite 35 drop 22 unmapped 0 cc 6 mappings 1219 ... OK rc 0 24.00 ms
timing: #491 done at t 83.614 s, 404.1 ms after the sync and hints
state stack #491: push 3 pop 3 conditional 1 unmatched 0; restored 2763 regs (+2811 dwords); tables 17, unreadable 0
timing: t 83.615 s acb 463 dwords: sync 12.3 ms, hints 0.1 ms
submit #492 acb 463 dwords at 0x4003e6740: pass 43 rewrite 11 drop 27 unmapped 0 cc 0 mappings 1219 ... OK rc 0 23.02 ms
timing: #492 done at t 83.655 s, 27.1 ms after the sync and hints
acb head: 1287 of 1336 dwords go ahead of the wait at 1287 on 0x400202380
timing: t 83.656 s dcb 1248 dwords: sync 12.9 ms, hints 0.2 ms
  load op 9f at 36: addr 0xfe0040068 idx 0 fmt 1 regoff 0x0 n 921 (table contents not committed)
  load op 63 at 41: addr 0xfe0042068 idx 0 fmt 1 regoff 0x0 n 174 (table contents not committed)
  load op 64 at 46: addr 0xfe00425d8 idx 0 fmt 1 regoff 0x0 n 57 (table contents not committed)
  load op 9f at 88: addr 0x504e01500 idx 0 fmt 1 regoff 0x0 n 5 (table contents not committed)
  load op 64 at 93: addr 0x504e00500 idx 0 fmt 1 regoff 0x0 n 2 (table contents not committed)
  load op 63 at 98: addr 0x504dff500 idx 0 fmt 1 regoff 0x0 n 3 (table contents not committed)
  load op 9f at 756: addr 0xfe0040068 idx 0 fmt 1 regoff 0x0 n 921 (table contents not committed)
  load op 9f at 763: addr 0x504e01528 idx 0 fmt 1 regoff 0x0 n 74 (table contents not committed)
  load op 63 at 768: addr 0x908e5ff90 idx 0 fmt 1 regoff 0x0 n 6 (table contents not committed)
  load op 9f at 773: addr 0x908e5ffc0 idx 0 fmt 1 regoff 0x0 n 10 (table contents not committed)
  load op 64 at 778: addr 0x504e00510 idx 0 fmt 1 regoff 0x0 n 5 (table contents not committed)
  load op 9f at 901: addr 0xfe0040068 idx 0 fmt 1 regoff 0x0 n 921 (table contents not committed)
  load op 9f at 908: addr 0x504e01778 idx 0 fmt 1 regoff 0x0 n 74 (table contents not committed)
  load op 63 at 913: addr 0x908e5ff90 idx 0 fmt 1 regoff 0x0 n 6 (table contents not committed)
  load op 9f at 918: addr 0x908e5ffc0 idx 0 fmt 1 regoff 0x0 n 10 (table contents not committed)
  load op 64 at 923: addr 0x504e00538 idx 0 fmt 1 regoff 0x0 n 5 (table contents not committed)
  load op 9f at 1046: addr 0xfe0040068 idx 0 fmt 1 regoff 0x0 n 921 (table contents not committed)
  load op 9f at 1053: addr 0x504e019c8 idx 0 fmt 1 regoff 0x0 n 74 (table contents not committed)
  load op 63 at 1058: addr 0x908e5ff90 idx 0 fmt 1 regoff 0x0 n 6 (table contents not committed)
  load op 9f at 1063: addr 0x908e5ffc0 idx 0 fmt 1 regoff 0x0 n 10 (table contents not committed)
  load op 64 at 1068: addr 0x504e00560 idx 0 fmt 1 regoff 0x0 n 5 (table contents not committed)
submit #493 dcb 1248 dwords at 0x504a02500: pass 151 rewrite 46 drop 45 unmapped 0 cc 6 mappings 1219 ... OK rc 0 23.11 ms
timing: #493 done at t 83.890 s, 221.0 ms after the sync and hints
state stack #493: push 3 pop 3 conditional 1 unmatched 0; restored 2763 regs (+2811 dwords); tables 11, unreadable 0
flip 1/0 buffer 0x507410000 +0x1fe0000: sum 0x17ea65194594 nonzero 8100/8160 pattern 0
  target CB0 0x5093f0000: distinct 53 min 0xc0000000 max 0xc340d034,   target CB0 0x5093f0000: nonzero 1024/1024
  target CB0 0x563800000: distinct 1 min 0x00000000 max 0x00000000,   target CB0 0x563800000: nonzero 0/1024
  target CB0 0x55c00d000: distinct 4 min 0x00000000 max 0xffffffff,   target CB0 0x55c00d000: nonzero 147/1024
  target CB0 0x5637f0000: distinct 1 min 0x00000000 max 0x00000000,   target CB0 0x5637f0000: nonzero 0/1024
  target CB0 0x526bf0000: distinct 1 min 0x38003800 max 0x38003800,   target CB0 0x526bf0000: nonzero 1024/1024
  target CB0 0x5719a8000: distinct 15 min 0x00000000 max 0xffffffff,   target CB0 0x5719a8000: nonzero 102/1024
  target DB_HTILE 0x5203a0000: distinct 2 min 0x00000000 max 0xfffffff0,   target DB_HTILE 0x5203a0000: nonzero 160/1024
  target DB_Z_READ 0x51db50000: distinct 1 min 0x3f800000 max 0x3f800000,   target DB_Z_READ 0x51db50000: nonzero 1024/1024
  target DB_STENCIL_READ 0x51fb30000: distinct 1 min 0x80800000 max 0x80800000,   target DB_STENCIL_READ 0x51fb30000: nonzero 1024/1024
  target CB0 0x513bf0000: distinct 1 min 0x00000000 max 0x00000000,   target CB0 0x513bf0000: nonzero 0/1024
timing: t 83.891 s acb 1287 dwords: sync 12.6 ms, hints 0.0 ms
  target CB0 0x571867000: distinct 17 min 0x00000000 max 0xffffffff,   target CB0 0x571867000: nonzero 215/1024
  target CB0 0x57187b000: distinct 17 min 0x00000000 max 0xffffffff, submit #494 acb 1287 dwords at 0x400205540: pass 118 rewrite 35 drop 63 unmapped 0 cc 0 mappings 1219 ...   target CB0 0x57187b000: nonzero 195/1024
  target CB0 0x519b90000: distinct 1 min 0x00000000 max 0x00000000,   target CB0 0x519b90000: nonzero 0/1024
  target CB0 0x5718eb000: distinct 16 min 0x00000000 max 0xffffffff,   target CB0 0x5718eb000: nonzero 123/1024
  target DB_HTILE 0x55c050000: distinct 3 min 0x00000000 max 0xffffffff,   target DB_HTILE 0x55c050000: nonzero 144/1024
  target DB_Z_READ 0x527430000: distinct 1 min 0xffffffff max 0xffffffff,   target DB_Z_READ 0x527430000: nonzero 1024/1024
timing: t 83.913 s flip 1/0, VideoOutSubmitFlip took 0.0 ms
OK rc 0 23.98 ms
timing: #494 done at t 83.933 s, 29.3 ms after the sync and hints
cpu-wait WAIT_REG_MEM64 at 115 on 0x400201d40: satisfied after 0.0 ms
timing: t 83.935 s after that wait (dcb 9023 dwords)
cpu-wait WAIT_REG_MEM64 at 1629 on 0x400201840: satisfied after 0.0 ms
timing: t 83.936 s after that wait (dcb 9023 dwords)
cpu-wait WAIT_REG_MEM64 at 8472 on 0x559cd49a53d0: satisfied after 0.0 ms
timing: t 83.937 s after that wait (dcb 9023 dwords)
timing: t 83.938 s dcb 9023 dwords: sync 12.2 ms, hints 0.3 ms
  indirect op 16 at 1246: base 0x5074063c0 +0x0 -> 1 1 1 0 0
  indirect op 16 at 1278: base 0x5074063e0 +0x0 -> 1 1 1 0 0
  indirect op 16 at 1310: base 0x50740a520 +0x0 -> 1 1 1 0 0
  indirect op 16 at 1342: base 0x50740a540 +0x0 -> 1 1 1 0 0
  indirect op 25 at 4584: base 0x56ddaffa0 +0x0 -> 1 512 0 0 0
  load op 9f at 28: addr 0xfe0040068 idx 0 fmt 1 regoff 0x0 n 921 (table contents not committed)
  load op 63 at 33: addr 0xfe0042068 idx 0 fmt 1 regoff 0x0 n 174 (table contents not committed)
  load op 64 at 38: addr 0xfe00425d8 idx 0 fmt 1 regoff 0x0 n 57 (table contents not committed)
  load op 9f at 80: addr 0x502701500 idx 0 fmt 1 regoff 0x0 n 295 (table contents not committed)
  load op 64 at 85: addr 0x502700500 idx 0 fmt 1 regoff 0x0 n 7 (table contents not committed)
  load op 63 at 90: addr 0x5026ff500 idx 0 fmt 1 regoff 0x0 n 13 (table contents not committed)
  load op 63 at 342: addr 0x5026ff568 idx 0 fmt 1 regoff 0x0 n 10 (table contents not committed)
  load op 63 at 734: addr 0x5026ff5b8 idx 0 fmt 1 regoff 0x0 n 18 (table contents not committed)
  load op 63 at 1217: addr 0x5026ff648 idx 0 fmt 1 regoff 0x0 n 10 (table contents not committed)
  load op 63 at 1249: addr 0x5026ff698 idx 0 fmt 1 regoff 0x0 n 10 (table contents not committed)
  load op 63 at 1281: addr 0x5026ff6e8 idx 0 fmt 1 regoff 0x0 n 10 (table contents not committed)
  load op 63 at 1313: addr 0x5026ff738 idx 0 fmt 1 regoff 0x0 n 10 (table contents not committed)
  load op 9f at 1724: addr 0xfe0040068 idx 0 fmt 1 regoff 0x0 n 921 (table contents not committed)
  load op 9f at 1731: addr 0x502701e38 idx 0 fmt 1 regoff 0x0 n 74 (table contents not committed)
  load op 63 at 1736: addr 0x908e5ff90 idx 0 fmt 1 regoff 0x0 n 6 (table contents not committed)
  load op 9f at 1741: addr 0x908e5ffc0 idx 0 fmt 1 regoff 0x0 n 10 (table contents not committed)
  load op 64 at 1746: addr 0x502700538 idx 0 fmt 1 regoff 0x0 n 5 (table contents not committed)
  load op 9f at 1799: addr 0x502702088 idx 0 fmt 1 regoff 0x0 n 132 (table contents not committed)
  load op 63 at 1804: addr 0x5026ff788 idx 0 fmt 1 regoff 0x0 n 30 (table contents not committed)
  load op 64 at 1884: addr 0x502700560 idx 0 fmt 1 regoff 0x0 n 5 (table contents not committed)
  load op 9f at 1891: addr 0x5026fd440 idx 0 fmt 1 regoff 0x0 n 175 (table contents not committed)
  load op 63 at 2106: addr 0x5026ff878 idx 0 fmt 1 regoff 0x0 n 20 (table contents not committed)
  load op 9f at 3069: addr 0xfe0040068 idx 0 fmt 1 regoff 0x0 n 921 (table contents not committed)
  load op 9f at 3076: addr 0x5026fd9b8 idx 0 fmt 1 regoff 0x0 n 70 (table contents not committed)
  load op 63 at 3081: addr 0x908e5ff90 idx 0 fmt 1 regoff 0x0 n 6 (table contents not committed)
  load op 9f at 3086: addr 0x908e5ffc0 idx 0 fmt 1 regoff 0x0 n 10 (table contents not committed)
  load op 63 at 3091: addr 0x908e5f7d0 idx 0 fmt 1 regoff 0x0 n 6 (table contents not committed)
  load op 9f at 3096: addr 0x908e5f800 idx 0 fmt 1 regoff 0x0 n 9 (table contents not committed)
  load op 64 at 3101: addr 0x502700588 idx 0 fmt 1 regoff 0x0 n 5 (table contents not committed)
  load op 9f at 3140: addr 0x5026fdbe8 idx 0 fmt 1 regoff 0x0 n 19 (table contents not committed)
  load op 63 at 3145: addr 0x5026ff918 idx 0 fmt 1 regoff 0x0 n 12 (table contents not committed)
  load op 9f at 3268: addr 0xfe0040068 idx 0 fmt 1 regoff 0x0 n 921 (table contents not committed)
  load op 9f at 3275: addr 0x5026fdc80 idx 0 fmt 1 regoff 0x0 n 74 (table contents not committed)
  load op 63 at 3280: addr 0x908e5ff90 idx 0 fmt 1 regoff 0x0 n 6 (table contents not committed)
  load op 9f at 3285: addr 0x908e5ffc0 idx 0 fmt 1 regoff 0x0 n 10 (table contents not committed)
  load op 64 at 3290: addr 0x5027005b0 idx 0 fmt 1 regoff 0x0 n 5 (table contents not committed)
  load op 9f at 3329: addr 0x5026fded0 idx 0 fmt 1 regoff 0x0 n 166 (table contents not committed)
  load op 63 at 3334: addr 0x5026ff978 idx 0 fmt 1 regoff 0x0 n 30 (table contents not committed)
  load op 64 at 3430: addr 0x5027005d8 idx 0 fmt 1 regoff 0x0 n 5 (table contents not committed)
  load op 9f at 3437: addr 0x5026fc320 idx 0 fmt 1 regoff 0x0 n 135 (table contents not committed)
  load op 63 at 3675: addr 0x5026ffa68 idx 0 fmt 1 regoff 0x0 n 36 (table contents not committed)
  load op 64 at 4540: addr 0x502700600 idx 0 fmt 1 regoff 0x0 n 6 (table contents not committed)
  load op 9f at 4545: addr 0x5026fc758 idx 0 fmt 1 regoff 0x0 n 376 (table contents not committed)
  load op 9f at 4552: addr 0x5026fb118 idx 0 fmt 1 regoff 0x0 n 205 (table contents not committed)
  load op 9f at 4853: addr 0xfe0040068 idx 0 fmt 1 regoff 0x0 n 921 (table contents not committed)
  load op 9f at 4860: addr 0x5026fb780 idx 0 fmt 1 regoff 0x0 n 74 (table contents not committed)
  load op 63 at 4865: addr 0x908e5ff90 idx 0 fmt 1 regoff 0x0 n 6 (table contents not committed)
  load op 9f at 4870: addr 0x908e5ffc0 idx 0 fmt 1 regoff 0x0 n 10 (table contents not committed)
  load op 64 at 4875: addr 0x502700630 idx 0 fmt 1 regoff 0x0 n 5 (table contents not committed)
  load op 63 at 4914: addr 0x5026ffb88 idx 0 fmt 1 regoff 0x0 n 21 (table contents not committed)
  load op 9f at 4925: addr 0x5026fb9d0 idx 0 fmt 1 regoff 0x0 n 223 (table contents not committed)
  load op 64 at 6315: addr 0x502700658 idx 0 fmt 1 regoff 0x0 n 5 (table contents not committed)
  load op 63 at 6322: addr 0x5026ffc30 idx 0 fmt 1 regoff 0x0 n 18 (table contents not committed)
  load op 9f at 6327: addr 0x5026f9e30 idx 0 fmt 1 regoff 0x0 n 67 (table contents not committed)
  load op 9f at 6440: addr 0x5026fa048 idx 0 fmt 1 regoff 0x0 n 129 (table contents not committed)
  load op 63 at 6445: addr 0x5026ffcc0 idx 0 fmt 1 regoff 0x0 n 18 (table contents not committed)
  load op 64 at 6450: addr 0x502700680 idx 0 fmt 1 regoff 0x0 n 3 (table contents not committed)
  load op 9f at 6563: addr 0x5026fa450 idx 0 fmt 1 regoff 0x0 n 129 (table contents not committed)
  load op 63 at 6568: addr 0x5026ffd50 idx 0 fmt 1 regoff 0x0 n 18 (table contents not committed)
  load op 64 at 6573: addr 0x502700698 idx 0 fmt 1 regoff 0x0 n 3 (table contents not committed)
  load op 9f at 6686: addr 0x5026fa858 idx 0 fmt 1 regoff 0x0 n 58 (table contents not committed)
  load op 9f at 6791: addr 0x5026faa28 idx 0 fmt 1 regoff 0x0 n 66 (table contents not committed)
  load op 9f at 6896: addr 0x5026fac38 idx 0 fmt 1 regoff 0x0 n 58 (table contents not committed)
  load op 9f at 7001: addr 0x5026f81a0 idx 0 fmt 1 regoff 0x0 n 66 (table contents not committed)
  load op 9f at 7106: addr 0x5026f83b0 idx 0 fmt 1 regoff 0x0 n 58 (table contents not committed)
  load op 9f at 7211: addr 0x5026f8580 idx 0 fmt 1 regoff 0x0 n 130 (table contents not committed)
  load op 63 at 7216: addr 0x5026ffde0 idx 0 fmt 1 regoff 0x0 n 18 (table contents not committed)
  load op 64 at 7221: addr 0x5027006b0 idx 0 fmt 1 regoff 0x0 n 3 (table contents not committed)
  load op 9f at 7348: addr 0x5026f8990 idx 0 fmt 1 regoff 0x0 n 135 (table contents not committed)
  load op 63 at 7353: addr 0x5026ffe70 idx 0 fmt 1 regoff 0x0 n 18 (table contents not committed)
  load op 64 at 7358: addr 0x5027006c8 idx 0 fmt 1 regoff 0x0 n 3 (table contents not committed)
  load op 63 at 7936: addr 0x5026fff00 idx 0 fmt 1 regoff 0x0 n 28 (table contents not committed)
  load op 64 at 8513: addr 0x5027006e0 idx 0 fmt 1 regoff 0x0 n 5 (table contents not committed)
  load op 9f at 8518: addr 0x5026f8dc8 idx 0 fmt 1 regoff 0x0 n 113 (table contents not committed)
  load op 9f at 8525: addr 0x5026f6918 idx 0 fmt 1 regoff 0x0 n 168 (table contents not committed)
submit #495 dcb 9023 dwords at 0x502002500: pass 559 rewrite 484 drop 408 unmapped 1 cc 8 mappings 1219 ... OK rc 0 25.85 ms
timing: #495 done at t 84.785 s, 834.7 ms after the sync and hints
state stack #495: push 4 pop 4 conditional 1 unmatched 0; restored 3684 regs (+3748 dwords); tables 35, unreadable 0
timing: t 84.787 s acb 2 dwords: sync 13.6 ms, hints 0.0 ms
submit #496 acb 2 dwords at 0xfe003a200: pass 1 rewrite 0 drop 0 unmapped 0 cc 0 mappings 1219 ... OK rc 0 23.16 ms
timing: #496 done at t 84.833 s, 32.4 ms after the sync and hints
cpu-wait WAIT_REG_MEM64 at 0 on 0x400202380: satisfied after 0.0 ms
timing: t 84.834 s after that wait (acb 49 dwords)
map 0x7e960c000 +0x200000 ... ok
map 0x7e9810000 +0x200000 ... ok
map 0x11538a0000 +0xbe0000 ... ok
swapped pages taken as resident so far: 0
vmas 114 total 13079.0 MiB resident 4551.2 MiB mapped 4551.2 MiB
timing: t 84.834 s cc 3 dwords: sync 20.3 ms, hints 0.0 ms
submit #497 cc 3 dwords at 0x313b17cf4: pass 0 rewrite 1 drop 0 unmapped 0 cc 1 mappings 1222 ... OK rc 0 22.96 ms
timing: #497 done at t 84.882 s, 27.6 ms after the sync and hints
map 0x1154480000 +0x17c0000 ... ok
swapped pages taken as resident so far: 0
vmas 114 total 13079.0 MiB resident 4574.9 MiB mapped 4574.9 MiB
timing: t 84.882 s acb 49 dwords: sync 16.6 ms, hints 0.1 ms
submit #498 acb 49 dwords at 0x40020695c: pass 2 rewrite 3 drop 3 unmapped 0 cc 0 mappings 1223 ... OK rc 0 23.00 ms
timing: #498 done at t 84.927 s, 27.6 ms after the sync and hints
map 0x1155c40000 +0x1f20000 ... ok
swapped pages taken as resident so far: 0
vmas 114 total 13079.0 MiB resident 4606.0 MiB mapped 4606.1 MiB
timing: t 84.927 s hib 150 dwords: sync 16.7 ms, hints 0.1 ms
  load op 61 at 10: base 0xfe0008000 pairs (0x0,215) (0xd8,272) (0x1f5,4) (0x1ff,158) (0x2a0,2) (0x2a3,1) (0x2a5,66) (0x2f5,203)
  load op 5f at 29: base 0xfe0010000 pairs (0x1,1) (0x6,38) (0x32,4) (0x80,4) (0x87,37) (0xb2,4) (0xc8,2) (0x100,4) (0x107,37) (0x132,4) (0x148,2) (0x204,3) (0x20c,2) (0x212,2) (0x215,6) (0x224,5) (0x22a,1) (0x240,16) (0x27d,1) (0x280,1) (0x207,3)
  load op 5e at 74: base 0xfe0011000 pairs (0x35,8) (0xa2,1) (0x242,1) (0x248,1) (0x24a,2) (0x25b,6) (0x262,1) (0x2bb,5) (0x2c4,16) (0x2e4,8) (0x380,2) (0x383,2) (0x41d,3) (0x24d,1)
  load op 61 at 105: base 0xfe0008000 pairs (0x0,0)
  load op 5f at 110: base 0xfe0010000 pairs (0x0,0)
  load op 5e at 115: base 0xfe0011000 pairs (0x0,0)
  load op 61 at 125: base 0xfe0008000 pairs (0x0,0)
  load op 5f at 130: base 0xfe0010000 pairs (0x0,0)
  load op 5e at 135: base 0xfe0011000 pairs (0x0,0)
submit #499 hib 150 dwords at 0xfe0000000: pass 12 rewrite 2 drop 2 unmapped 0 cc 2 mappings 1224 ... OK rc 0 22.90 ms
timing: #499 done at t 85.026 s, 82.0 ms after the sync and hints
map 0x1157b60000 +0x480000 ... ok
swapped pages taken as resident so far: 0
vmas 114 total 13079.0 MiB resident 4610.5 MiB mapped 4610.6 MiB
timing: t 85.027 s hib 2 dwords: sync 16.4 ms, hints 0.0 ms
submit #500 hib 2 dwords at 0xfe003a200: pass 1 rewrite 0 drop 0 unmapped 0 cc 0 mappings 1225 ... OK rc 0 23.00 ms
timing: #500 done at t 85.071 s, 27.4 ms after the sync and hints
timing: t 85.072 s dcb 96 dwords: sync 12.2 ms, hints 0.1 ms
  load op 9f at 38: addr 0xfe0040068 idx 0 fmt 1 regoff 0x0 n 921 (table contents not committed)
  load op 63 at 43: addr 0xfe0042068 idx 0 fmt 1 regoff 0x0 n 174 (table contents not committed)
  load op 64 at 48: addr 0xfe00425d8 idx 0 fmt 1 regoff 0x0 n 49 (table contents not committed)
submit #501 dcb 96 dwords at 0xfe0042920: pass 20 rewrite 2 drop 2 unmapped 0 cc 0 mappings 1225 ... OK rc 0 23.20 ms
timing: #501 done at t 85.159 s, 74.5 ms after the sync and hints
timing: t 85.160 s dcb 3025 dwords: sync 12.5 ms, hints 0.2 ms
  load op 9f at 36: addr 0xfe0040068 idx 0 fmt 1 regoff 0x0 n 921 (table contents not committed)
  load op 63 at 41: addr 0xfe0042068 idx 0 fmt 1 regoff 0x0 n 174 (table contents not committed)
  load op 64 at 46: addr 0xfe00425d8 idx 0 fmt 1 regoff 0x0 n 57 (table contents not committed)
  load op 9f at 88: addr 0x504301500 idx 0 fmt 1 regoff 0x0 n 136 (table contents not committed)
  load op 64 at 93: addr 0x504300500 idx 0 fmt 1 regoff 0x0 n 3 (table contents not committed)
  load op 63 at 98: addr 0x5042ff500 idx 0 fmt 1 regoff 0x0 n 3 (table contents not committed)
  load op 9f at 1919: addr 0xfe0040068 idx 0 fmt 1 regoff 0x0 n 921 (table contents not committed)
  load op 9f at 1926: addr 0x504301940 idx 0 fmt 1 regoff 0x0 n 70 (table contents not committed)
  load op 63 at 1931: addr 0x908e5ff90 idx 0 fmt 1 regoff 0x0 n 6 (table contents not committed)
  load op 9f at 1936: addr 0x908e5ffc0 idx 0 fmt 1 regoff 0x0 n 10 (table contents not committed)
  load op 63 at 1941: addr 0x908e5f7d0 idx 0 fmt 1 regoff 0x0 n 6 (table contents not committed)
  load op 9f at 1946: addr 0x908e5f800 idx 0 fmt 1 regoff 0x0 n 9 (table contents not committed)
  load op 64 at 1951: addr 0x504300518 idx 0 fmt 1 regoff 0x0 n 5 (table contents not committed)
  load op 9f at 2069: addr 0x504301b70 idx 0 fmt 1 regoff 0x0 n 131 (table contents not committed)
  load op 64 at 2076: addr 0x504300540 idx 0 fmt 1 regoff 0x0 n 1 (table contents not committed)
  load op 9f at 2108: addr 0xfe0040068 idx 0 fmt 1 regoff 0x0 n 921 (table contents not committed)
  load op 9f at 2115: addr 0x504301f88 idx 0 fmt 1 regoff 0x0 n 70 (table contents not committed)
  load op 63 at 2120: addr 0x908e5ff90 idx 0 fmt 1 regoff 0x0 n 6 (table contents not committed)
  load op 9f at 2125: addr 0x908e5ffc0 idx 0 fmt 1 regoff 0x0 n 10 (table contents not committed)
  load op 63 at 2130: addr 0x908e5f7d0 idx 0 fmt 1 regoff 0x0 n 6 (table contents not committed)
  load op 9f at 2135: addr 0x908e5f800 idx 0 fmt 1 regoff 0x0 n 9 (table contents not committed)
  load op 64 at 2140: addr 0x504300548 idx 0 fmt 1 regoff 0x0 n 5 (table contents not committed)
  load op 63 at 2236: addr 0x5042ff518 idx 0 fmt 1 regoff 0x0 n 10 (table contents not committed)
  load op 63 at 2427: addr 0x5042ff568 idx 0 fmt 1 regoff 0x0 n 28 (table contents not committed)
  load op 64 at 2501: addr 0x504300570 idx 0 fmt 1 regoff 0x0 n 5 (table contents not committed)
  load op 9f at 2508: addr 0x5043021b8 idx 0 fmt 1 regoff 0x0 n 96 (table contents not committed)
  load op 9f at 2513: addr 0x5042fe390 idx 0 fmt 1 regoff 0x0 n 194 (table contents not committed)
submit #502 dcb 3025 dwords at 0x503c02500: pass 290 rewrite 123 drop 120 unmapped 0 cc 4 mappings 1225 ... OK rc 0 616.68 ms
timing: #502 done at t 86.148 s, 975.6 ms after the sync and hints
state stack #502: push 2 pop 2 conditional 1 unmatched 0; restored 1842 regs (+1874 dwords); tables 13, unreadable 0
timing: t 86.151 s dcb 851 dwords: sync 14.8 ms, hints 0.1 ms
  load op 9f at 38: addr 0xfe0040068 idx 0 fmt 1 regoff 0x0 n 921 (table contents not committed)
  load op 63 at 43: addr 0xfe0042068 idx 0 fmt 1 regoff 0x0 n 174 (table contents not committed)
  load op 64 at 48: addr 0xfe00425d8 idx 0 fmt 1 regoff 0x0 n 57 (table contents not committed)
  load op 9f at 90: addr 0x505e01500 idx 0 fmt 1 regoff 0x0 n 5 (table contents not committed)
  load op 64 at 95: addr 0x505e00500 idx 0 fmt 1 regoff 0x0 n 2 (table contents not committed)
  load op 63 at 100: addr 0x505dff500 idx 0 fmt 1 regoff 0x0 n 3 (table contents not committed)
submit #503 dcb 851 dwords at 0x505a02500: pass 47 rewrite 55 drop 45 unmapped 0 cc 0 mappings 1225 ... OK rc 0 23.01 ms
timing: #503 done at t 86.260 s, 93.9 ms after the sync and hints
timing: t 86.260 s acb 2 dwords: sync 12.5 ms, hints 0.0 ms
submit #504 acb 2 dwords at 0xfe003a200: pass 1 rewrite 0 drop 0 unmapped 0 cc 0 mappings 1225 ... OK rc 0 22.89 ms
timing: #504 done at t 86.301 s, 27.8 ms after the sync and hints
cpu-wait WAIT_REG_MEM64 at 87 on 0x400202d80: satisfied after 0.0 ms
timing: t 86.303 s after that wait (acb 463 dwords)
timing: t 86.302 s dcb 798 dwords: sync 12.2 ms, hints 0.2 ms
  load op 9f at 35: addr 0xfe0040068 idx 0 fmt 1 regoff 0x0 n 921 (table contents not committed)
  load op 63 at 40: addr 0xfe0042068 idx 0 fmt 1 regoff 0x0 n 174 (table contents not committed)
  load op 64 at 45: addr 0xfe00425d8 idx 0 fmt 1 regoff 0x0 n 57 (table contents not committed)
  load op 9f at 87: addr 0x506e01500 idx 0 fmt 1 regoff 0x0 n 136 (table contents not committed)
  load op 64 at 92: addr 0x506e00500 idx 0 fmt 1 regoff 0x0 n 3 (table contents not committed)
  load op 63 at 97: addr 0x506dff500 idx 0 fmt 1 regoff 0x0 n 3 (table contents not committed)
  load op 9f at 212: addr 0xfe0040068 idx 0 fmt 1 regoff 0x0 n 921 (table contents not committed)
  load op 9f at 219: addr 0x506e01940 idx 0 fmt 1 regoff 0x0 n 70 (table contents not committed)
  load op 63 at 224: addr 0x908e5ff90 idx 0 fmt 1 regoff 0x0 n 6 (table contents not committed)
  load op 9f at 229: addr 0x908e5ffc0 idx 0 fmt 1 regoff 0x0 n 10 (table contents not committed)
  load op 63 at 234: addr 0x908e5f7d0 idx 0 fmt 1 regoff 0x0 n 6 (table contents not committed)
  load op 9f at 239: addr 0x908e5f800 idx 0 fmt 1 regoff 0x0 n 9 (table contents not committed)
  load op 64 at 244: addr 0x506e00518 idx 0 fmt 1 regoff 0x0 n 5 (table contents not committed)
  load op 9f at 340: addr 0x506e01b70 idx 0 fmt 1 regoff 0x0 n 131 (table contents not committed)
  load op 64 at 347: addr 0x506e00540 idx 0 fmt 1 regoff 0x0 n 1 (table contents not committed)
  load op 9f at 379: addr 0xfe0040068 idx 0 fmt 1 regoff 0x0 n 921 (table contents not committed)
  load op 9f at 386: addr 0x506e01f88 idx 0 fmt 1 regoff 0x0 n 70 (table contents not committed)
  load op 63 at 391: addr 0x908e5ff90 idx 0 fmt 1 regoff 0x0 n 6 (table contents not committed)
  load op 9f at 396: addr 0x908e5ffc0 idx 0 fmt 1 regoff 0x0 n 10 (table contents not committed)
  load op 63 at 401: addr 0x908e5f7d0 idx 0 fmt 1 regoff 0x0 n 6 (table contents not committed)
  load op 9f at 406: addr 0x908e5f800 idx 0 fmt 1 regoff 0x0 n 9 (table contents not committed)
  load op 64 at 411: addr 0x506e00548 idx 0 fmt 1 regoff 0x0 n 5 (table contents not committed)
  load op 9f at 548: addr 0x506e021b8 idx 0 fmt 1 regoff 0x0 n 98 (table contents not committed)
  load op 64 at 555: addr 0x506e00570 idx 0 fmt 1 regoff 0x0 n 1 (table contents not committed)
  load op 9f at 560: addr 0x506dfe500 idx 0 fmt 1 regoff 0x0 n 33 (table contents not committed)
  load op 9f at 592: addr 0xfe0040068 idx 0 fmt 1 regoff 0x0 n 921 (table contents not committed)
  load op 9f at 599: addr 0x506dfe608 idx 0 fmt 1 regoff 0x0 n 70 (table contents not committed)
  load op 63 at 604: addr 0x908e5ff90 idx 0 fmt 1 regoff 0x0 n 6 (table contents not committed)
  load op 9f at 609: addr 0x908e5ffc0 idx 0 fmt 1 regoff 0x0 n 10 (table contents not committed)
  load op 63 at 614: addr 0x908e5f7d0 idx 0 fmt 1 regoff 0x0 n 6 (table contents not committed)
  load op 9f at 619: addr 0x908e5f800 idx 0 fmt 1 regoff 0x0 n 9 (table contents not committed)
  load op 64 at 624: addr 0x506e00578 idx 0 fmt 1 regoff 0x0 n 5 (table contents not committed)
submit #505 dcb 798 dwords at 0x506802500: pass 103 rewrite 35 drop 22 unmapped 0 cc 6 mappings 1225 ... OK rc 0 23.88 ms
timing: #505 done at t 86.751 s, 437.1 ms after the sync and hints
state stack #505: push 3 pop 3 conditional 1 unmatched 0; restored 2763 regs (+2811 dwords); tables 17, unreadable 0
timing: t 86.753 s acb 463 dwords: sync 12.3 ms, hints 0.0 ms
submit #506 acb 463 dwords at 0x4004867c0: pass 43 rewrite 11 drop 27 unmapped 0 cc 0 mappings 1225 ... OK rc 0 23.12 ms
timing: #506 done at t 86.793 s, 28.0 ms after the sync and hints
acb head: 1287 of 1336 dwords go ahead of the wait at 1287 on 0x400202f80
timing: t 86.794 s dcb 1248 dwords: sync 12.3 ms, hints 0.2 ms
  load op 9f at 36: addr 0xfe0040068 idx 0 fmt 1 regoff 0x0 n 921 (table contents not committed)
  load op 63 at 41: addr 0xfe0042068 idx 0 fmt 1 regoff 0x0 n 174 (table contents not committed)
  load op 64 at 46: addr 0xfe00425d8 idx 0 fmt 1 regoff 0x0 n 57 (table contents not committed)
  load op 9f at 88: addr 0x505201500 idx 0 fmt 1 regoff 0x0 n 5 (table contents not committed)
  load op 64 at 93: addr 0x505200500 idx 0 fmt 1 regoff 0x0 n 2 (table contents not committed)
  load op 63 at 98: addr 0x5051ff500 idx 0 fmt 1 regoff 0x0 n 3 (table contents not committed)
  load op 9f at 756: addr 0xfe0040068 idx 0 fmt 1 regoff 0x0 n 921 (table contents not committed)
  load op 9f at 763: addr 0x505201528 idx 0 fmt 1 regoff 0x0 n 74 (table contents not committed)
  load op 63 at 768: addr 0x908e5ff90 idx 0 fmt 1 regoff 0x0 n 6 (table contents not committed)
  load op 9f at 773: addr 0x908e5ffc0 idx 0 fmt 1 regoff 0x0 n 10 (table contents not committed)
  load op 64 at 778: addr 0x505200510 idx 0 fmt 1 regoff 0x0 n 5 (table contents not committed)
  load op 9f at 901: addr 0xfe0040068 idx 0 fmt 1 regoff 0x0 n 921 (table contents not committed)
  load op 9f at 908: addr 0x505201778 idx 0 fmt 1 regoff 0x0 n 74 (table contents not committed)
  load op 63 at 913: addr 0x908e5ff90 idx 0 fmt 1 regoff 0x0 n 6 (table contents not committed)
  load op 9f at 918: addr 0x908e5ffc0 idx 0 fmt 1 regoff 0x0 n 10 (table contents not committed)
  load op 64 at 923: addr 0x505200538 idx 0 fmt 1 regoff 0x0 n 5 (table contents not committed)
  load op 9f at 1046: addr 0xfe0040068 idx 0 fmt 1 regoff 0x0 n 921 (table contents not committed)
  load op 9f at 1053: addr 0x5052019c8 idx 0 fmt 1 regoff 0x0 n 74 (table contents not committed)
  load op 63 at 1058: addr 0x908e5ff90 idx 0 fmt 1 regoff 0x0 n 6 (table contents not committed)
  load op 9f at 1063: addr 0x908e5ffc0 idx 0 fmt 1 regoff 0x0 n 10 (table contents not committed)
  load op 64 at 1068: addr 0x505200560 idx 0 fmt 1 regoff 0x0 n 5 (table contents not committed)
submit #507 dcb 1248 dwords at 0x504e02500: pass 151 rewrite 46 drop 45 unmapped 0 cc 6 mappings 1225 ... OK rc 0 23.21 ms
timing: #507 done at t 87.106 s, 298.9 ms after the sync and hints
state stack #507: push 3 pop 3 conditional 1 unmatched 0; restored 2763 regs (+2811 dwords); tables 11, unreadable 0
flip 1/1 buffer 0x5093f0000 +0x1fe0000: sum 0x17ea65194594 nonzero 8100/8160 pattern 0
  target CB0 0x507410000: distinct 53 min 0xc0000000 max 0xc340d034,   target CB0 0x507410000: nonzero 1024/1024
  target CB0 0x563800000: distinct 1 min 0x00000000 max 0x00000000,   target CB0 0x563800000: nonzero 0/1024
  target CB0 0x55c00d000: distinct 4 min 0x00000000 max 0xffffffff,   target CB0 0x55c00d000: nonzero 147/1024
  target CB0 0x5637f0000: distinct 1 min 0x00000000 max 0x00000000,   target CB0 0x5637f0000: nonzero 0/1024
  target CB0 0x526bf0000: distinct 1 min 0x38003800 max 0x38003800,   target CB0 0x526bf0000: nonzero 1024/1024
  target CB0 0x5719a8000: distinct 13 min 0x00000000 max 0xffffffff,   target CB0 0x5719a8000: nonzero 102/1024
  target DB_HTILE 0x5203a0000: distinct 2 min 0x00000000 max 0xfffffff0,   target DB_HTILE 0x5203a0000: nonzero 160/1024
timing: t 87.107 s acb 1287 dwords: sync 12.5 ms, hints 0.0 ms
  target DB_Z_READ 0x51db50000: distinct 1 min 0x3f800000 max 0x3f800000,   target DB_Z_READ 0x51db50000: nonzero 1024/1024
  target DB_STENCIL_READ 0x51fb30000: distinct 1 min 0x80800000 max 0x80800000, submit #508 acb 1287 dwords at 0x4002a55c0: pass 118 rewrite 35 drop 63 unmapped 0 cc 0 mappings 1225 ...   target DB_STENCIL_READ 0x51fb30000: nonzero 1024/1024
  target CB0 0x513bf0000: distinct 1 min 0x00000000 max 0x00000000,   target CB0 0x513bf0000: nonzero 0/1024
  target CB0 0x571867000: distinct 15 min 0x00000000 max 0xffffffff,   target CB0 0x571867000: nonzero 215/1024
  target CB0 0x57187b000: distinct 15 min 0x00000000 max 0xffffffff,   target CB0 0x57187b000: nonzero 195/1024
  target CB0 0x519b90000: distinct 1 min 0x00000000 max 0x00000000,   target CB0 0x519b90000: nonzero 0/1024
  target CB0 0x5718eb000: distinct 14 min 0x00000000 max 0xffffffff,   target CB0 0x5718eb000: nonzero 123/1024
  target DB_HTILE 0x55c050000: distinct 3 min 0x00000000 max 0xffffffff,   target DB_HTILE 0x55c050000: nonzero 144/1024
  target DB_Z_READ 0x527430000: distinct 1 min 0xffffffff max 0xffffffff,   target DB_Z_READ 0x527430000: nonzero 1024/1024
timing: t 87.139 s flip 1/1, VideoOutSubmitFlip took 0.0 ms
OK rc 0 24.08 ms
timing: #508 done at t 87.152 s, 31.8 ms after the sync and hints
cpu-wait WAIT_REG_MEM64 at 115 on 0x400202d40: satisfied after 0.0 ms
timing: t 87.153 s after that wait (dcb 9023 dwords)
cpu-wait WAIT_REG_MEM64 at 1629 on 0x400202dc0: satisfied after 0.0 ms
timing: t 87.155 s after that wait (dcb 9023 dwords)
cpu-wait WAIT_REG_MEM64 at 8472 on 0x559cd49a53d8: satisfied after 0.0 ms
timing: t 87.157 s after that wait (dcb 9023 dwords)
timing: t 87.158 s dcb 9023 dwords: sync 12.5 ms, hints 0.3 ms
  indirect op 16 at 1246: base 0x5074063c0 +0x0 -> 1 1 1 0 0
  indirect op 16 at 1278: base 0x5074063e0 +0x0 -> 1 1 1 0 0
  indirect op 16 at 1310: base 0x50740a520 +0x0 -> 1 1 1 0 0
  indirect op 16 at 1342: base 0x50740a540 +0x0 -> 1 1 1 0 0
  indirect op 25 at 4584: base 0x56ddaffa0 +0x0 -> 1 512 0 0 0
  load op 9f at 28: addr 0xfe0040068 idx 0 fmt 1 regoff 0x0 n 921 (table contents not committed)
  load op 63 at 33: addr 0xfe0042068 idx 0 fmt 1 regoff 0x0 n 174 (table contents not committed)
  load op 64 at 38: addr 0xfe00425d8 idx 0 fmt 1 regoff 0x0 n 57 (table contents not committed)
  load op 9f at 80: addr 0x502e01500 idx 0 fmt 1 regoff 0x0 n 295 (table contents not committed)
  load op 64 at 85: addr 0x502e00500 idx 0 fmt 1 regoff 0x0 n 7 (table contents not committed)
  load op 63 at 90: addr 0x502dff500 idx 0 fmt 1 regoff 0x0 n 13 (table contents not committed)
  load op 63 at 342: addr 0x502dff568 idx 0 fmt 1 regoff 0x0 n 10 (table contents not committed)
  load op 63 at 734: addr 0x502dff5b8 idx 0 fmt 1 regoff 0x0 n 18 (table contents not committed)
  load op 63 at 1217: addr 0x502dff648 idx 0 fmt 1 regoff 0x0 n 10 (table contents not committed)
  load op 63 at 1249: addr 0x502dff698 idx 0 fmt 1 regoff 0x0 n 10 (table contents not committed)
  load op 63 at 1281: addr 0x502dff6e8 idx 0 fmt 1 regoff 0x0 n 10 (table contents not committed)
  load op 63 at 1313: addr 0x502dff738 idx 0 fmt 1 regoff 0x0 n 10 (table contents not committed)
  load op 9f at 1724: addr 0xfe0040068 idx 0 fmt 1 regoff 0x0 n 921 (table contents not committed)
  load op 9f at 1731: addr 0x502e01e38 idx 0 fmt 1 regoff 0x0 n 74 (table contents not committed)
  load op 63 at 1736: addr 0x908e5ff90 idx 0 fmt 1 regoff 0x0 n 6 (table contents not committed)
  load op 9f at 1741: addr 0x908e5ffc0 idx 0 fmt 1 regoff 0x0 n 10 (table contents not committed)
  load op 64 at 1746: addr 0x502e00538 idx 0 fmt 1 regoff 0x0 n 5 (table contents not committed)
  load op 9f at 1799: addr 0x502e02088 idx 0 fmt 1 regoff 0x0 n 132 (table contents not committed)
  load op 63 at 1804: addr 0x502dff788 idx 0 fmt 1 regoff 0x0 n 30 (table contents not committed)
  load op 64 at 1884: addr 0x502e00560 idx 0 fmt 1 regoff 0x0 n 5 (table contents not committed)
  load op 9f at 1891: addr 0x502dfd440 idx 0 fmt 1 regoff 0x0 n 175 (table contents not committed)
  load op 63 at 2106: addr 0x502dff878 idx 0 fmt 1 regoff 0x0 n 20 (table contents not committed)
  load op 9f at 3069: addr 0xfe0040068 idx 0 fmt 1 regoff 0x0 n 921 (table contents not committed)
  load op 9f at 3076: addr 0x502dfd9b8 idx 0 fmt 1 regoff 0x0 n 70 (table contents not committed)
  load op 63 at 3081: addr 0x908e5ff90 idx 0 fmt 1 regoff 0x0 n 6 (table contents not committed)
  load op 9f at 3086: addr 0x908e5ffc0 idx 0 fmt 1 regoff 0x0 n 10 (table contents not committed)
  load op 63 at 3091: addr 0x908e5f7d0 idx 0 fmt 1 regoff 0x0 n 6 (table contents not committed)
  load op 9f at 3096: addr 0x908e5f800 idx 0 fmt 1 regoff 0x0 n 9 (table contents not committed)
  load op 64 at 3101: addr 0x502e00588 idx 0 fmt 1 regoff 0x0 n 5 (table contents not committed)
  load op 9f at 3140: addr 0x502dfdbe8 idx 0 fmt 1 regoff 0x0 n 19 (table contents not committed)
  load op 63 at 3145: addr 0x502dff918 idx 0 fmt 1 regoff 0x0 n 12 (table contents not committed)
  load op 9f at 3268: addr 0xfe0040068 idx 0 fmt 1 regoff 0x0 n 921 (table contents not committed)
  load op 9f at 3275: addr 0x502dfdc80 idx 0 fmt 1 regoff 0x0 n 74 (table contents not committed)
  load op 63 at 3280: addr 0x908e5ff90 idx 0 fmt 1 regoff 0x0 n 6 (table contents not committed)
  load op 9f at 3285: addr 0x908e5ffc0 idx 0 fmt 1 regoff 0x0 n 10 (table contents not committed)
  load op 64 at 3290: addr 0x502e005b0 idx 0 fmt 1 regoff 0x0 n 5 (table contents not committed)
  load op 9f at 3329: addr 0x502dfded0 idx 0 fmt 1 regoff 0x0 n 166 (table contents not committed)
  load op 63 at 3334: addr 0x502dff978 idx 0 fmt 1 regoff 0x0 n 30 (table contents not committed)
  load op 64 at 3430: addr 0x502e005d8 idx 0 fmt 1 regoff 0x0 n 5 (table contents not committed)
  load op 9f at 3437: addr 0x502dfc320 idx 0 fmt 1 regoff 0x0 n 135 (table contents not committed)
  load op 63 at 3675: addr 0x502dffa68 idx 0 fmt 1 regoff 0x0 n 36 (table contents not committed)
  load op 64 at 4540: addr 0x502e00600 idx 0 fmt 1 regoff 0x0 n 6 (table contents not committed)
  load op 9f at 4545: addr 0x502dfc758 idx 0 fmt 1 regoff 0x0 n 376 (table contents not committed)
  load op 9f at 4552: addr 0x502dfb118 idx 0 fmt 1 regoff 0x0 n 205 (table contents not committed)
  load op 9f at 4853: addr 0xfe0040068 idx 0 fmt 1 regoff 0x0 n 921 (table contents not committed)
  load op 9f at 4860: addr 0x502dfb780 idx 0 fmt 1 regoff 0x0 n 74 (table contents not committed)
  load op 63 at 4865: addr 0x908e5ff90 idx 0 fmt 1 regoff 0x0 n 6 (table contents not committed)
  load op 9f at 4870: addr 0x908e5ffc0 idx 0 fmt 1 regoff 0x0 n 10 (table contents not committed)
  load op 64 at 4875: addr 0x502e00630 idx 0 fmt 1 regoff 0x0 n 5 (table contents not committed)
  load op 63 at 4914: addr 0x502dffb88 idx 0 fmt 1 regoff 0x0 n 21 (table contents not committed)
  load op 9f at 4925: addr 0x502dfb9d0 idx 0 fmt 1 regoff 0x0 n 223 (table contents not committed)
  load op 64 at 6315: addr 0x502e00658 idx 0 fmt 1 regoff 0x0 n 5 (table contents not committed)
  load op 63 at 6322: addr 0x502dffc30 idx 0 fmt 1 regoff 0x0 n 18 (table contents not committed)
  load op 9f at 6327: addr 0x502df9e30 idx 0 fmt 1 regoff 0x0 n 67 (table contents not committed)
  load op 9f at 6440: addr 0x502dfa048 idx 0 fmt 1 regoff 0x0 n 129 (table contents not committed)
  load op 63 at 6445: addr 0x502dffcc0 idx 0 fmt 1 regoff 0x0 n 18 (table contents not committed)
  load op 64 at 6450: addr 0x502e00680 idx 0 fmt 1 regoff 0x0 n 3 (table contents not committed)
  load op 9f at 6563: addr 0x502dfa450 idx 0 fmt 1 regoff 0x0 n 129 (table contents not committed)
  load op 63 at 6568: addr 0x502dffd50 idx 0 fmt 1 regoff 0x0 n 18 (table contents not committed)
  load op 64 at 6573: addr 0x502e00698 idx 0 fmt 1 regoff 0x0 n 3 (table contents not committed)
  load op 9f at 6686: addr 0x502dfa858 idx 0 fmt 1 regoff 0x0 n 58 (table contents not committed)
  load op 9f at 6791: addr 0x502dfaa28 idx 0 fmt 1 regoff 0x0 n 66 (table contents not committed)
  load op 9f at 6896: addr 0x502dfac38 idx 0 fmt 1 regoff 0x0 n 58 (table contents not committed)
  load op 9f at 7001: addr 0x502df81a0 idx 0 fmt 1 regoff 0x0 n 66 (table contents not committed)
  load op 9f at 7106: addr 0x502df83b0 idx 0 fmt 1 regoff 0x0 n 58 (table contents not committed)
  load op 9f at 7211: addr 0x502df8580 idx 0 fmt 1 regoff 0x0 n 130 (table contents not committed)
  load op 63 at 7216: addr 0x502dffde0 idx 0 fmt 1 regoff 0x0 n 18 (table contents not committed)
  load op 64 at 7221: addr 0x502e006b0 idx 0 fmt 1 regoff 0x0 n 3 (table contents not committed)
  load op 9f at 7348: addr 0x502df8990 idx 0 fmt 1 regoff 0x0 n 135 (table contents not committed)
  load op 63 at 7353: addr 0x502dffe70 idx 0 fmt 1 regoff 0x0 n 18 (table contents not committed)
  load op 64 at 7358: addr 0x502e006c8 idx 0 fmt 1 regoff 0x0 n 3 (table contents not committed)
  load op 63 at 7936: addr 0x502dfff00 idx 0 fmt 1 regoff 0x0 n 28 (table contents not committed)
  load op 64 at 8513: addr 0x502e006e0 idx 0 fmt 1 regoff 0x0 n 5 (table contents not committed)
  load op 9f at 8518: addr 0x502df8dc8 idx 0 fmt 1 regoff 0x0 n 113 (table contents not committed)
  load op 9f at 8525: addr 0x502df6918 idx 0 fmt 1 regoff 0x0 n 168 (table contents not committed)
submit #509 dcb 9023 dwords at 0x502702500: pass 559 rewrite 484 drop 408 unmapped 1 cc 8 mappings 1225 ... OK rc 0 26.29 ms
timing: #509 done at t 88.266 s, 1095.6 ms after the sync and hints
state stack #509: push 4 pop 4 conditional 1 unmatched 0; restored 3684 regs (+3748 dwords); tables 35, unreadable 0
map 0x301078000 +0x10000 ... ok
map 0x304610000 +0x10000 ... ok
map 0x33647c000 +0x10000 ... FAILED
swapped pages taken as resident so far: 0
vmas 114 total 13079.0 MiB resident 4610.6 MiB mapped 4610.7 MiB
timing: t 88.268 s acb 2 dwords: sync 23.7 ms, hints 0.1 ms
submit #510 acb 2 dwords at 0xfe003a200: pass 1 rewrite 0 drop 0 unmapped 0 cc 0 mappings 1227 ... OK rc 0 23.70 ms
timing: #510 done at t 88.320 s, 28.8 ms after the sync and hints
cpu-wait WAIT_REG_MEM64 at 0 on 0x400202f80: satisfied after 0.0 ms
timing: t 88.322 s after that wait (acb 49 dwords)
map 0x20029c000 +0x4000 ... ok
map 0x336480000 +0x10000 ... ok
map 0x37dfc0000 +0xc000 ... ok
swapped pages taken as resident so far: 0
vmas 115 total 13079.0 MiB resident 4610.7 MiB mapped 4610.8 MiB
timing: t 88.321 s cc 3 dwords: sync 20.3 ms, hints 0.0 ms
submit #511 cc 3 dwords at 0x313b17cf4: pass 0 rewrite 1 drop 0 unmapped 0 cc 1 mappings 1230 ... OK rc 0 23.18 ms
timing: #511 done at t 88.370 s, 27.7 ms after the sync and hints
timing: t 88.370 s acb 49 dwords: sync 12.5 ms, hints 0.0 ms
submit #512 acb 49 dwords at 0x4002a69dc: pass 2 rewrite 3 drop 3 unmapped 0 cc 0 mappings 1230 ... OK rc 0 23.09 ms
timing: #512 done at t 88.411 s, 27.9 ms after the sync and hints
timing: t 88.412 s hib 150 dwords: sync 13.2 ms, hints 0.1 ms
  load op 61 at 10: base 0xfe0008000 pairs (0x0,215) (0xd8,272) (0x1f5,4) (0x1ff,158) (0x2a0,2) (0x2a3,1) (0x2a5,66) (0x2f5,203)
  load op 5f at 29: base 0xfe0010000 pairs (0x1,1) (0x6,38) (0x32,4) (0x80,4) (0x87,37) (0xb2,4) (0xc8,2) (0x100,4) (0x107,37) (0x132,4) (0x148,2) (0x204,3) (0x20c,2) (0x212,2) (0x215,6) (0x224,5) (0x22a,1) (0x240,16) (0x27d,1) (0x280,1) (0x207,3)
  load op 5e at 74: base 0xfe0011000 pairs (0x35,8) (0xa2,1) (0x242,1) (0x248,1) (0x24a,2) (0x25b,6) (0x262,1) (0x2bb,5) (0x2c4,16) (0x2e4,8) (0x380,2) (0x383,2) (0x41d,3) (0x24d,1)
  load op 61 at 105: base 0xfe0008000 pairs (0x0,0)
  load op 5f at 110: base 0xfe0010000 pairs (0x0,0)
  load op 5e at 115: base 0xfe0011000 pairs (0x0,0)
  load op 61 at 125: base 0xfe0008000 pairs (0x0,0)
  load op 5f at 130: base 0xfe0010000 pairs (0x0,0)
  load op 5e at 135: base 0xfe0011000 pairs (0x0,0)
submit #513 hib 150 dwords at 0xfe0000000: pass 12 rewrite 2 drop 2 unmapped 0 cc 2 mappings 1230 ... OK rc 0 23.07 ms
timing: #513 done at t 88.507 s, 81.6 ms after the sync and hints
timing: t 88.508 s hib 2 dwords: sync 12.4 ms, hints 0.1 ms
submit #514 hib 2 dwords at 0xfe003a200: pass 1 rewrite 0 drop 0 unmapped 0 cc 0 mappings 1230 ... OK rc 0 22.87 ms
timing: #514 done at t 88.548 s, 27.8 ms after the sync and hints
timing: t 88.549 s dcb 96 dwords: sync 12.3 ms, hints 0.1 ms
  load op 9f at 38: addr 0xfe0040068 idx 0 fmt 1 regoff 0x0 n 921 (table contents not committed)
  load op 63 at 43: addr 0xfe0042068 idx 0 fmt 1 regoff 0x0 n 174 (table contents not committed)
  load op 64 at 48: addr 0xfe00425d8 idx 0 fmt 1 regoff 0x0 n 49 (table contents not committed)
submit #515 dcb 96 dwords at 0xfe0042920: pass 20 rewrite 2 drop 2 unmapped 0 cc 0 mappings 1230 ... OK rc 0 23.02 ms
timing: #515 done at t 88.636 s, 74.6 ms after the sync and hints
timing: t 88.637 s dcb 2647 dwords: sync 12.4 ms, hints 0.2 ms
  load op 9f at 36: addr 0xfe0040068 idx 0 fmt 1 regoff 0x0 n 921 (table contents not committed)
  load op 63 at 41: addr 0xfe0042068 idx 0 fmt 1 regoff 0x0 n 174 (table contents not committed)
  load op 64 at 46: addr 0xfe00425d8 idx 0 fmt 1 regoff 0x0 n 57 (table contents not committed)
  load op 9f at 88: addr 0x504a01500 idx 0 fmt 1 regoff 0x0 n 136 (table contents not committed)
  load op 64 at 93: addr 0x504a00500 idx 0 fmt 1 regoff 0x0 n 3 (table contents not committed)
  load op 63 at 98: addr 0x5049ff500 idx 0 fmt 1 regoff 0x0 n 3 (table contents not committed)
  load op 9f at 1541: addr 0xfe0040068 idx 0 fmt 1 regoff 0x0 n 921 (table contents not committed)
  load op 9f at 1548: addr 0x504a01940 idx 0 fmt 1 regoff 0x0 n 70 (table contents not committed)
  load op 63 at 1553: addr 0x908e5ff90 idx 0 fmt 1 regoff 0x0 n 6 (table contents not committed)
  load op 9f at 1558: addr 0x908e5ffc0 idx 0 fmt 1 regoff 0x0 n 10 (table contents not committed)
  load op 63 at 1563: addr 0x908e5f7d0 idx 0 fmt 1 regoff 0x0 n 6 (table contents not committed)
  load op 9f at 1568: addr 0x908e5f800 idx 0 fmt 1 regoff 0x0 n 9 (table contents not committed)
  load op 64 at 1573: addr 0x504a00518 idx 0 fmt 1 regoff 0x0 n 5 (table contents not committed)
  load op 9f at 1691: addr 0x504a01b70 idx 0 fmt 1 regoff 0x0 n 131 (table contents not committed)
  load op 64 at 1698: addr 0x504a00540 idx 0 fmt 1 regoff 0x0 n 1 (table contents not committed)
  load op 9f at 1730: addr 0xfe0040068 idx 0 fmt 1 regoff 0x0 n 921 (table contents not committed)
  load op 9f at 1737: addr 0x504a01f88 idx 0 fmt 1 regoff 0x0 n 70 (table contents not committed)
  load op 63 at 1742: addr 0x908e5ff90 idx 0 fmt 1 regoff 0x0 n 6 (table contents not committed)
  load op 9f at 1747: addr 0x908e5ffc0 idx 0 fmt 1 regoff 0x0 n 10 (table contents not committed)
  load op 63 at 1752: addr 0x908e5f7d0 idx 0 fmt 1 regoff 0x0 n 6 (table contents not committed)
  load op 9f at 1757: addr 0x908e5f800 idx 0 fmt 1 regoff 0x0 n 9 (table contents not committed)
  load op 64 at 1762: addr 0x504a00548 idx 0 fmt 1 regoff 0x0 n 5 (table contents not committed)
  load op 63 at 1858: addr 0x5049ff518 idx 0 fmt 1 regoff 0x0 n 10 (table contents not committed)
  load op 63 at 2049: addr 0x5049ff568 idx 0 fmt 1 regoff 0x0 n 28 (table contents not committed)
  load op 64 at 2123: addr 0x504a00570 idx 0 fmt 1 regoff 0x0 n 5 (table contents not committed)
  load op 9f at 2130: addr 0x504a021b8 idx 0 fmt 1 regoff 0x0 n 96 (table contents not committed)
  load op 9f at 2135: addr 0x5049fe390 idx 0 fmt 1 regoff 0x0 n 194 (table contents not committed)
submit #516 dcb 2647 dwords at 0x504302500: pass 236 rewrite 123 drop 120 unmapped 0 cc 4 mappings 1230 ... OK rc 0 23.48 ms
timing: #516 done at t 89.040 s, 390.6 ms after the sync and hints
state stack #516: push 2 pop 2 conditional 1 unmatched 0; restored 1842 regs (+1874 dwords); tables 13, unreadable 0
timing: t 89.042 s dcb 851 dwords: sync 12.4 ms, hints 0.1 ms
  load op 9f at 38: addr 0xfe0040068 idx 0 fmt 1 regoff 0x0 n 921 (table contents not committed)
  load op 63 at 43: addr 0xfe0042068 idx 0 fmt 1 regoff 0x0 n 174 (table contents not committed)
  load op 64 at 48: addr 0xfe00425d8 idx 0 fmt 1 regoff 0x0 n 57 (table contents not committed)
  load op 9f at 90: addr 0x506201500 idx 0 fmt 1 regoff 0x0 n 5 (table contents not committed)
  load op 64 at 95: addr 0x506200500 idx 0 fmt 1 regoff 0x0 n 2 (table contents not committed)
  load op 63 at 100: addr 0x5061ff500 idx 0 fmt 1 regoff 0x0 n 3 (table contents not committed)
submit #517 dcb 851 dwords at 0x505e02500: pass 47 rewrite 55 drop 45 unmapped 0 cc 0 mappings 1230 ... OK rc 0 22.96 ms
timing: #517 done at t 89.149 s, 94.7 ms after the sync and hints
timing: t 89.150 s acb 2 dwords: sync 12.2 ms, hints 0.0 ms
submit #518 acb 2 dwords at 0xfe003a200: pass 1 rewrite 0 drop 0 unmapped 0 cc 0 mappings 1230 ... OK rc 0 22.83 ms
timing: #518 done at t 89.190 s, 27.7 ms after the sync and hints
cpu-wait WAIT_REG_MEM64 at 87 on 0x400203980: satisfied after 0.0 ms
timing: t 89.192 s after that wait (acb 463 dwords)
timing: t 89.191 s dcb 798 dwords: sync 12.9 ms, hints 0.2 ms
  load op 9f at 35: addr 0xfe0040068 idx 0 fmt 1 regoff 0x0 n 921 (table contents not committed)
  load op 63 at 40: addr 0xfe0042068 idx 0 fmt 1 regoff 0x0 n 174 (table contents not committed)
  load op 64 at 45: addr 0xfe00425d8 idx 0 fmt 1 regoff 0x0 n 57 (table contents not committed)
  load op 9f at 87: addr 0x507401500 idx 0 fmt 1 regoff 0x0 n 136 (table contents not committed)
  load op 64 at 92: addr 0x507400500 idx 0 fmt 1 regoff 0x0 n 3 (table contents not committed)
  load op 63 at 97: addr 0x5073ff500 idx 0 fmt 1 regoff 0x0 n 3 (table contents not committed)
  load op 9f at 212: addr 0xfe0040068 idx 0 fmt 1 regoff 0x0 n 921 (table contents not committed)
  load op 9f at 219: addr 0x507401940 idx 0 fmt 1 regoff 0x0 n 70 (table contents not committed)
  load op 63 at 224: addr 0x908e5ff90 idx 0 fmt 1 regoff 0x0 n 6 (table contents not committed)
  load op 9f at 229: addr 0x908e5ffc0 idx 0 fmt 1 regoff 0x0 n 10 (table contents not committed)
  load op 63 at 234: addr 0x908e5f7d0 idx 0 fmt 1 regoff 0x0 n 6 (table contents not committed)
  load op 9f at 239: addr 0x908e5f800 idx 0 fmt 1 regoff 0x0 n 9 (table contents not committed)
  load op 64 at 244: addr 0x507400518 idx 0 fmt 1 regoff 0x0 n 5 (table contents not committed)
  load op 9f at 340: addr 0x507401b70 idx 0 fmt 1 regoff 0x0 n 131 (table contents not committed)
  load op 64 at 347: addr 0x507400540 idx 0 fmt 1 regoff 0x0 n 1 (table contents not committed)
  load op 9f at 379: addr 0xfe0040068 idx 0 fmt 1 regoff 0x0 n 921 (table contents not committed)
  load op 9f at 386: addr 0x507401f88 idx 0 fmt 1 regoff 0x0 n 70 (table contents not committed)
  load op 63 at 391: addr 0x908e5ff90 idx 0 fmt 1 regoff 0x0 n 6 (table contents not committed)
  load op 9f at 396: addr 0x908e5ffc0 idx 0 fmt 1 regoff 0x0 n 10 (table contents not committed)
  load op 63 at 401: addr 0x908e5f7d0 idx 0 fmt 1 regoff 0x0 n 6 (table contents not committed)
  load op 9f at 406: addr 0x908e5f800 idx 0 fmt 1 regoff 0x0 n 9 (table contents not committed)
  load op 64 at 411: addr 0x507400548 idx 0 fmt 1 regoff 0x0 n 5 (table contents not committed)
  load op 9f at 548: addr 0x5074021b8 idx 0 fmt 1 regoff 0x0 n 98 (table contents not committed)
  load op 64 at 555: addr 0x507400570 idx 0 fmt 1 regoff 0x0 n 1 (table contents not committed)
  load op 9f at 560: addr 0x5073fe500 idx 0 fmt 1 regoff 0x0 n 33 (table contents not committed)
  load op 9f at 592: addr 0xfe0040068 idx 0 fmt 1 regoff 0x0 n 921 (table contents not committed)
  load op 9f at 599: addr 0x5073fe608 idx 0 fmt 1 regoff 0x0 n 70 (table contents not committed)
  load op 63 at 604: addr 0x908e5ff90 idx 0 fmt 1 regoff 0x0 n 6 (table contents not committed)
  load op 9f at 609: addr 0x908e5ffc0 idx 0 fmt 1 regoff 0x0 n 10 (table contents not committed)
  load op 63 at 614: addr 0x908e5f7d0 idx 0 fmt 1 regoff 0x0 n 6 (table contents not committed)
  load op 9f at 619: addr 0x908e5f800 idx 0 fmt 1 regoff 0x0 n 9 (table contents not committed)
  load op 64 at 624: addr 0x507400578 idx 0 fmt 1 regoff 0x0 n 5 (table contents not committed)
submit #519 dcb 798 dwords at 0x506e02500: pass 103 rewrite 35 drop 22 unmapped 0 cc 6 mappings 1230 ... OK rc 0 23.62 ms
timing: #519 done at t 89.647 s, 442.6 ms after the sync and hints
state stack #519: push 3 pop 3 conditional 1 unmatched 0; restored 2763 regs (+2811 dwords); tables 17, unreadable 0
timing: t 89.648 s acb 463 dwords: sync 12.3 ms, hints 0.0 ms
submit #520 acb 463 dwords at 0x400526840: pass 43 rewrite 11 drop 27 unmapped 0 cc 0 mappings 1230 ... OK rc 0 23.02 ms
timing: #520 done at t 89.689 s, 28.2 ms after the sync and hints
acb head: 1287 of 1336 dwords go ahead of the wait at 1287 on 0x400203b80
timing: t 89.690 s dcb 1248 dwords: sync 12.4 ms, hints 0.2 ms
  load op 9f at 36: addr 0xfe0040068 idx 0 fmt 1 regoff 0x0 n 921 (table contents not committed)
  load op 63 at 41: addr 0xfe0042068 idx 0 fmt 1 regoff 0x0 n 174 (table contents not committed)
  load op 64 at 46: addr 0xfe00425d8 idx 0 fmt 1 regoff 0x0 n 57 (table contents not committed)
  load op 9f at 88: addr 0x505601500 idx 0 fmt 1 regoff 0x0 n 5 (table contents not committed)
  load op 64 at 93: addr 0x505600500 idx 0 fmt 1 regoff 0x0 n 2 (table contents not committed)
  load op 63 at 98: addr 0x5055ff500 idx 0 fmt 1 regoff 0x0 n 3 (table contents not committed)
  load op 9f at 756: addr 0xfe0040068 idx 0 fmt 1 regoff 0x0 n 921 (table contents not committed)
  load op 9f at 763: addr 0x505601528 idx 0 fmt 1 regoff 0x0 n 74 (table contents not committed)
  load op 63 at 768: addr 0x908e5ff90 idx 0 fmt 1 regoff 0x0 n 6 (table contents not committed)
  load op 9f at 773: addr 0x908e5ffc0 idx 0 fmt 1 regoff 0x0 n 10 (table contents not committed)
  load op 64 at 778: addr 0x505600510 idx 0 fmt 1 regoff 0x0 n 5 (table contents not committed)
  load op 9f at 901: addr 0xfe0040068 idx 0 fmt 1 regoff 0x0 n 921 (table contents not committed)
  load op 9f at 908: addr 0x505601778 idx 0 fmt 1 regoff 0x0 n 74 (table contents not committed)
  load op 63 at 913: addr 0x908e5ff90 idx 0 fmt 1 regoff 0x0 n 6 (table contents not committed)
  load op 9f at 918: addr 0x908e5ffc0 idx 0 fmt 1 regoff 0x0 n 10 (table contents not committed)
  load op 64 at 923: addr 0x505600538 idx 0 fmt 1 regoff 0x0 n 5 (table contents not committed)
  load op 9f at 1046: addr 0xfe0040068 idx 0 fmt 1 regoff 0x0 n 921 (table contents not committed)
  load op 9f at 1053: addr 0x5056019c8 idx 0 fmt 1 regoff 0x0 n 74 (table contents not committed)
  load op 63 at 1058: addr 0x908e5ff90 idx 0 fmt 1 regoff 0x0 n 6 (table contents not committed)
  load op 9f at 1063: addr 0x908e5ffc0 idx 0 fmt 1 regoff 0x0 n 10 (table contents not committed)
  load op 64 at 1068: addr 0x505600560 idx 0 fmt 1 regoff 0x0 n 5 (table contents not committed)
submit #521 dcb 1248 dwords at 0x505202500: pass 151 rewrite 46 drop 45 unmapped 0 cc 6 mappings 1230 ... OK rc 0 23.00 ms
timing: #521 done at t 90.007 s, 304.6 ms after the sync and hints
state stack #521: push 3 pop 3 conditional 1 unmatched 0; restored 2763 regs (+2811 dwords); tables 11, unreadable 0
flip 1/0 buffer 0x507410000 +0x1fe0000: sum 0x17ea65194594 nonzero 8100/8160 pattern 0
  target CB0 0x5093f0000: distinct 53 min 0xc0000000 max 0xc340d034,   target CB0 0x5093f0000: nonzero 1024/1024
  target CB0 0x563800000: distinct 1 min 0x00000000 max 0x00000000,   target CB0 0x563800000: nonzero 0/1024
  target CB0 0x55c00d000: distinct 4 min 0x00000000 max 0xffffffff,   target CB0 0x55c00d000: nonzero 147/1024
  target CB0 0x5637f0000: distinct 1 min 0x00000000 max 0x00000000,   target CB0 0x5637f0000: nonzero 0/1024
  target CB0 0x526bf0000: distinct 1 min 0x38003800 max 0x38003800,   target CB0 0x526bf0000: nonzero 1024/1024
  target CB0 0x5719a8000: distinct 13 min 0x00000000 max 0xffffffff,   target CB0 0x5719a8000: nonzero 102/1024
  target DB_HTILE 0x5203a0000: distinct 2 min 0x00000000 max 0xfffffff0,   target DB_HTILE 0x5203a0000: nonzero 160/1024
  target DB_Z_READ 0x51db50000: distinct 1 min 0x3f800000 max 0x3f800000, timing: t 90.008 s acb 1287 dwords: sync 13.1 ms, hints 0.0 ms
  target DB_Z_READ 0x51db50000: nonzero 1024/1024
  target DB_STENCIL_READ 0x51fb30000: distinct 1 min 0x80800000 max 0x80800000,   target DB_STENCIL_READ 0x51fb30000: nonzero 1024/1024
submit #522 acb 1287 dwords at 0x400345640: pass 118 rewrite 35 drop 63 unmapped 0 cc 0 mappings 1230 ...   target CB0 0x513bf0000: distinct 1 min 0x00000000 max 0x00000000,   target CB0 0x513bf0000: nonzero 0/1024
  target CB0 0x571867000: distinct 15 min 0x00000000 max 0xffffffff,   target CB0 0x571867000: nonzero 215/1024
  target CB0 0x57187b000: distinct 15 min 0x00000000 max 0xffffffff,   target CB0 0x57187b000: nonzero 195/1024
  target CB0 0x519b90000: distinct 1 min 0x00000000 max 0x00000000,   target CB0 0x519b90000: nonzero 0/1024
  target CB0 0x5718eb000: distinct 14 min 0x00000000 max 0xffffffff,   target CB0 0x5718eb000: nonzero 123/1024
  target DB_HTILE 0x55c050000: distinct 3 min 0x00000000 max 0xffffffff,   target DB_HTILE 0x55c050000: nonzero 144/1024
  target DB_Z_READ 0x527430000: distinct 1 min 0xffffffff max 0xffffffff,   target DB_Z_READ 0x527430000: nonzero 1024/1024
timing: t 90.041 s flip 1/0, VideoOutSubmitFlip took 0.0 ms
OK rc 0 24.57 ms
timing: #522 done at t 90.055 s, 33.0 ms after the sync and hints
cpu-wait WAIT_REG_MEM64 at 115 on 0x400203940: satisfied after 0.0 ms
timing: t 90.056 s after that wait (dcb 9023 dwords)
cpu-wait WAIT_REG_MEM64 at 1629 on 0x4002039c0: satisfied after 0.0 ms
timing: t 90.058 s after that wait (dcb 9023 dwords)
cpu-wait WAIT_REG_MEM64 at 8472 on 0x559cd49a53d0: satisfied after 0.0 ms
timing: t 90.060 s after that wait (dcb 9023 dwords)
timing: t 90.060 s dcb 9023 dwords: sync 12.6 ms, hints 0.3 ms
  indirect op 16 at 1246: base 0x5074063c0 +0x0 -> 1 1 1 0 0
  indirect op 16 at 1278: base 0x5074063e0 +0x0 -> 1 1 1 0 0
  indirect op 16 at 1310: base 0x50740a520 +0x0 -> 1 1 1 0 0
  indirect op 16 at 1342: base 0x50740a540 +0x0 -> 1 1 1 0 0
  indirect op 25 at 4584: base 0x56ddaffa0 +0x0 -> 1 512 0 0 0
  load op 9f at 28: addr 0xfe0040068 idx 0 fmt 1 regoff 0x0 n 921 (table contents not committed)
  load op 63 at 33: addr 0xfe0042068 idx 0 fmt 1 regoff 0x0 n 174 (table contents not committed)
  load op 64 at 38: addr 0xfe00425d8 idx 0 fmt 1 regoff 0x0 n 57 (table contents not committed)
  load op 9f at 80: addr 0x503501500 idx 0 fmt 1 regoff 0x0 n 295 (table contents not committed)
  load op 64 at 85: addr 0x503500500 idx 0 fmt 1 regoff 0x0 n 7 (table contents not committed)
  load op 63 at 90: addr 0x5034ff500 idx 0 fmt 1 regoff 0x0 n 13 (table contents not committed)
  load op 63 at 342: addr 0x5034ff568 idx 0 fmt 1 regoff 0x0 n 10 (table contents not committed)
  load op 63 at 734: addr 0x5034ff5b8 idx 0 fmt 1 regoff 0x0 n 18 (table contents not committed)
  load op 63 at 1217: addr 0x5034ff648 idx 0 fmt 1 regoff 0x0 n 10 (table contents not committed)
  load op 63 at 1249: addr 0x5034ff698 idx 0 fmt 1 regoff 0x0 n 10 (table contents not committed)
  load op 63 at 1281: addr 0x5034ff6e8 idx 0 fmt 1 regoff 0x0 n 10 (table contents not committed)
  load op 63 at 1313: addr 0x5034ff738 idx 0 fmt 1 regoff 0x0 n 10 (table contents not committed)
  load op 9f at 1724: addr 0xfe0040068 idx 0 fmt 1 regoff 0x0 n 921 (table contents not committed)
  load op 9f at 1731: addr 0x503501e38 idx 0 fmt 1 regoff 0x0 n 74 (table contents not committed)
  load op 63 at 1736: addr 0x908e5ff90 idx 0 fmt 1 regoff 0x0 n 6 (table contents not committed)
  load op 9f at 1741: addr 0x908e5ffc0 idx 0 fmt 1 regoff 0x0 n 10 (table contents not committed)
  load op 64 at 1746: addr 0x503500538 idx 0 fmt 1 regoff 0x0 n 5 (table contents not committed)
  load op 9f at 1799: addr 0x503502088 idx 0 fmt 1 regoff 0x0 n 132 (table contents not committed)
  load op 63 at 1804: addr 0x5034ff788 idx 0 fmt 1 regoff 0x0 n 30 (table contents not committed)
  load op 64 at 1884: addr 0x503500560 idx 0 fmt 1 regoff 0x0 n 5 (table contents not committed)
  load op 9f at 1891: addr 0x5034fd440 idx 0 fmt 1 regoff 0x0 n 175 (table contents not committed)
  load op 63 at 2106: addr 0x5034ff878 idx 0 fmt 1 regoff 0x0 n 20 (table contents not committed)
  load op 9f at 3069: addr 0xfe0040068 idx 0 fmt 1 regoff 0x0 n 921 (table contents not committed)
  load op 9f at 3076: addr 0x5034fd9b8 idx 0 fmt 1 regoff 0x0 n 70 (table contents not committed)
  load op 63 at 3081: addr 0x908e5ff90 idx 0 fmt 1 regoff 0x0 n 6 (table contents not committed)
  load op 9f at 3086: addr 0x908e5ffc0 idx 0 fmt 1 regoff 0x0 n 10 (table contents not committed)
  load op 63 at 3091: addr 0x908e5f7d0 idx 0 fmt 1 regoff 0x0 n 6 (table contents not committed)
  load op 9f at 3096: addr 0x908e5f800 idx 0 fmt 1 regoff 0x0 n 9 (table contents not committed)
  load op 64 at 3101: addr 0x503500588 idx 0 fmt 1 regoff 0x0 n 5 (table contents not committed)
  load op 9f at 3140: addr 0x5034fdbe8 idx 0 fmt 1 regoff 0x0 n 19 (table contents not committed)
  load op 63 at 3145: addr 0x5034ff918 idx 0 fmt 1 regoff 0x0 n 12 (table contents not committed)
  load op 9f at 3268: addr 0xfe0040068 idx 0 fmt 1 regoff 0x0 n 921 (table contents not committed)
  load op 9f at 3275: addr 0x5034fdc80 idx 0 fmt 1 regoff 0x0 n 74 (table contents not committed)
  load op 63 at 3280: addr 0x908e5ff90 idx 0 fmt 1 regoff 0x0 n 6 (table contents not committed)
  load op 9f at 3285: addr 0x908e5ffc0 idx 0 fmt 1 regoff 0x0 n 10 (table contents not committed)
  load op 64 at 3290: addr 0x5035005b0 idx 0 fmt 1 regoff 0x0 n 5 (table contents not committed)
  load op 9f at 3329: addr 0x5034fded0 idx 0 fmt 1 regoff 0x0 n 166 (table contents not committed)
  load op 63 at 3334: addr 0x5034ff978 idx 0 fmt 1 regoff 0x0 n 30 (table contents not committed)
  load op 64 at 3430: addr 0x5035005d8 idx 0 fmt 1 regoff 0x0 n 5 (table contents not committed)
  load op 9f at 3437: addr 0x5034fc320 idx 0 fmt 1 regoff 0x0 n 135 (table contents not committed)
  load op 63 at 3675: addr 0x5034ffa68 idx 0 fmt 1 regoff 0x0 n 36 (table contents not committed)
  load op 64 at 4540: addr 0x503500600 idx 0 fmt 1 regoff 0x0 n 6 (table contents not committed)
  load op 9f at 4545: addr 0x5034fc758 idx 0 fmt 1 regoff 0x0 n 376 (table contents not committed)
  load op 9f at 4552: addr 0x5034fb118 idx 0 fmt 1 regoff 0x0 n 205 (table contents not committed)
  load op 9f at 4853: addr 0xfe0040068 idx 0 fmt 1 regoff 0x0 n 921 (table contents not committed)
  load op 9f at 4860: addr 0x5034fb780 idx 0 fmt 1 regoff 0x0 n 74 (table contents not committed)
  load op 63 at 4865: addr 0x908e5ff90 idx 0 fmt 1 regoff 0x0 n 6 (table contents not committed)
  load op 9f at 4870: addr 0x908e5ffc0 idx 0 fmt 1 regoff 0x0 n 10 (table contents not committed)
  load op 64 at 4875: addr 0x503500630 idx 0 fmt 1 regoff 0x0 n 5 (table contents not committed)
  load op 63 at 4914: addr 0x5034ffb88 idx 0 fmt 1 regoff 0x0 n 21 (table contents not committed)
  load op 9f at 4925: addr 0x5034fb9d0 idx 0 fmt 1 regoff 0x0 n 223 (table contents not committed)
  load op 64 at 6315: addr 0x503500658 idx 0 fmt 1 regoff 0x0 n 5 (table contents not committed)
  load op 63 at 6322: addr 0x5034ffc30 idx 0 fmt 1 regoff 0x0 n 18 (table contents not committed)
  load op 9f at 6327: addr 0x5034f9e30 idx 0 fmt 1 regoff 0x0 n 67 (table contents not committed)
  load op 9f at 6440: addr 0x5034fa048 idx 0 fmt 1 regoff 0x0 n 129 (table contents not committed)
  load op 63 at 6445: addr 0x5034ffcc0 idx 0 fmt 1 regoff 0x0 n 18 (table contents not committed)
  load op 64 at 6450: addr 0x503500680 idx 0 fmt 1 regoff 0x0 n 3 (table contents not committed)
  load op 9f at 6563: addr 0x5034fa450 idx 0 fmt 1 regoff 0x0 n 129 (table contents not committed)
  load op 63 at 6568: addr 0x5034ffd50 idx 0 fmt 1 regoff 0x0 n 18 (table contents not committed)
  load op 64 at 6573: addr 0x503500698 idx 0 fmt 1 regoff 0x0 n 3 (table contents not committed)
  load op 9f at 6686: addr 0x5034fa858 idx 0 fmt 1 regoff 0x0 n 58 (table contents not committed)
  load op 9f at 6791: addr 0x5034faa28 idx 0 fmt 1 regoff 0x0 n 66 (table contents not committed)
  load op 9f at 6896: addr 0x5034fac38 idx 0 fmt 1 regoff 0x0 n 58 (table contents not committed)
  load op 9f at 7001: addr 0x5034f81a0 idx 0 fmt 1 regoff 0x0 n 66 (table contents not committed)
  load op 9f at 7106: addr 0x5034f83b0 idx 0 fmt 1 regoff 0x0 n 58 (table contents not committed)
  load op 9f at 7211: addr 0x5034f8580 idx 0 fmt 1 regoff 0x0 n 130 (table contents not committed)
  load op 63 at 7216: addr 0x5034ffde0 idx 0 fmt 1 regoff 0x0 n 18 (table contents not committed)
  load op 64 at 7221: addr 0x5035006b0 idx 0 fmt 1 regoff 0x0 n 3 (table contents not committed)
  load op 9f at 7348: addr 0x5034f8990 idx 0 fmt 1 regoff 0x0 n 135 (table contents not committed)
  load op 63 at 7353: addr 0x5034ffe70 idx 0 fmt 1 regoff 0x0 n 18 (table contents not committed)
  load op 64 at 7358: addr 0x5035006c8 idx 0 fmt 1 regoff 0x0 n 3 (table contents not committed)
  load op 63 at 7936: addr 0x5034fff00 idx 0 fmt 1 regoff 0x0 n 28 (table contents not committed)
  load op 64 at 8513: addr 0x5035006e0 idx 0 fmt 1 regoff 0x0 n 5 (table contents not committed)
  load op 9f at 8518: addr 0x5034f8dc8 idx 0 fmt 1 regoff 0x0 n 113 (table contents not committed)
  load op 9f at 8525: addr 0x5034f6918 idx 0 fmt 1 regoff 0x0 n 168 (table contents not committed)
submit #523 dcb 9023 dwords at 0x502e02500: pass 559 rewrite 484 drop 408 unmapped 1 cc 8 mappings 1230 ... OK rc 0 26.43 ms
timing: #523 done at t 91.166 s, 1092.2 ms after the sync and hints
state stack #523: push 4 pop 4 conditional 1 unmatched 0; restored 3684 regs (+3748 dwords); tables 35, unreadable 0
map 0x301898000 +0x10000 ... ok
swapped pages taken as resident so far: 0
vmas 115 total 13079.0 MiB resident 4610.8 MiB mapped 4610.9 MiB
timing: t 91.168 s acb 2 dwords: sync 16.4 ms, hints 0.0 ms
submit #524 acb 2 dwords at 0xfe003a200: pass 1 rewrite 0 drop 0 unmapped 0 cc 0 mappings 1231 ... OK rc 0 23.02 ms
timing: #524 done at t 91.212 s, 27.6 ms after the sync and hints
cpu-wait WAIT_REG_MEM64 at 0 on 0x400203b80: satisfied after 0.0 ms
timing: t 91.213 s after that wait (acb 49 dwords)
timing: t 91.213 s cc 3 dwords: sync 12.7 ms, hints 0.0 ms
submit #525 cc 3 dwords at 0x313b17cf4: pass 0 rewrite 1 drop 0 unmapped 0 cc 1 mappings 1231 ... OK rc 0 23.49 ms
timing: #525 done at t 91.254 s, 28.3 ms after the sync and hints
timing: t 91.255 s acb 49 dwords: sync 12.5 ms, hints 0.1 ms
submit #526 acb 49 dwords at 0x400346a5c: pass 2 rewrite 3 drop 3 unmapped 0 cc 0 mappings 1231 ... OK rc 0 22.86 ms
timing: #526 done at t 91.295 s, 27.5 ms after the sync and hints
timing: t 91.295 s hib 150 dwords: sync 12.4 ms, hints 0.1 ms
  load op 61 at 10: base 0xfe0008000 pairs (0x0,215) (0xd8,272) (0x1f5,4) (0x1ff,158) (0x2a0,2) (0x2a3,1) (0x2a5,66) (0x2f5,203)
  load op 5f at 29: base 0xfe0010000 pairs (0x1,1) (0x6,38) (0x32,4) (0x80,4) (0x87,37) (0xb2,4) (0xc8,2) (0x100,4) (0x107,37) (0x132,4) (0x148,2) (0x204,3) (0x20c,2) (0x212,2) (0x215,6) (0x224,5) (0x22a,1) (0x240,16) (0x27d,1) (0x280,1) (0x207,3)
  load op 5e at 74: base 0xfe0011000 pairs (0x35,8) (0xa2,1) (0x242,1) (0x248,1) (0x24a,2) (0x25b,6) (0x262,1) (0x2bb,5) (0x2c4,16) (0x2e4,8) (0x380,2) (0x383,2) (0x41d,3) (0x24d,1)
  load op 61 at 105: base 0xfe0008000 pairs (0x0,0)
  load op 5f at 110: base 0xfe0010000 pairs (0x0,0)
  load op 5e at 115: base 0xfe0011000 pairs (0x0,0)
  load op 61 at 125: base 0xfe0008000 pairs (0x0,0)
  load op 5f at 130: base 0xfe0010000 pairs (0x0,0)
  load op 5e at 135: base 0xfe0011000 pairs (0x0,0)
submit #527 hib 150 dwords at 0xfe0000000: pass 12 rewrite 2 drop 2 unmapped 0 cc 2 mappings 1231 ... OK rc 0 23.60 ms
timing: #527 done at t 91.393 s, 84.8 ms after the sync and hints
timing: t 91.394 s hib 2 dwords: sync 12.6 ms, hints 0.1 ms
submit #528 hib 2 dwords at 0xfe003a200: pass 1 rewrite 0 drop 0 unmapped 0 cc 0 mappings 1231 ... OK rc 0 23.55 ms
timing: #528 done at t 91.435 s, 28.4 ms after the sync and hints
timing: t 91.436 s dcb 96 dwords: sync 12.6 ms, hints 0.1 ms
  load op 9f at 38: addr 0xfe0040068 idx 0 fmt 1 regoff 0x0 n 921 (table contents not committed)
  load op 63 at 43: addr 0xfe0042068 idx 0 fmt 1 regoff 0x0 n 174 (table contents not committed)
  load op 64 at 48: addr 0xfe00425d8 idx 0 fmt 1 regoff 0x0 n 49 (table contents not committed)
submit #529 dcb 96 dwords at 0xfe0042920: pass 20 rewrite 2 drop 2 unmapped 0 cc 0 mappings 1231 ... OK rc 0 23.54 ms
timing: #529 done at t 91.524 s, 76.1 ms after the sync and hints
timing: t 91.526 s dcb 2647 dwords: sync 12.5 ms, hints 0.2 ms
  load op 9f at 36: addr 0xfe0040068 idx 0 fmt 1 regoff 0x0 n 921 (table contents not committed)
  load op 63 at 41: addr 0xfe0042068 idx 0 fmt 1 regoff 0x0 n 174 (table contents not committed)
  load op 64 at 46: addr 0xfe00425d8 idx 0 fmt 1 regoff 0x0 n 57 (table contents not committed)
  load op 9f at 88: addr 0x503c01500 idx 0 fmt 1 regoff 0x0 n 136 (table contents not committed)
  load op 64 at 93: addr 0x503c00500 idx 0 fmt 1 regoff 0x0 n 3 (table contents not committed)
  load op 63 at 98: addr 0x503bff500 idx 0 fmt 1 regoff 0x0 n 3 (table contents not committed)
  load op 9f at 1541: addr 0xfe0040068 idx 0 fmt 1 regoff 0x0 n 921 (table contents not committed)
  load op 9f at 1548: addr 0x503c01940 idx 0 fmt 1 regoff 0x0 n 70 (table contents not committed)
  load op 63 at 1553: addr 0x908e5ff90 idx 0 fmt 1 regoff 0x0 n 6 (table contents not committed)
  load op 9f at 1558: addr 0x908e5ffc0 idx 0 fmt 1 regoff 0x0 n 10 (table contents not committed)
  load op 63 at 1563: addr 0x908e5f7d0 idx 0 fmt 1 regoff 0x0 n 6 (table contents not committed)
  load op 9f at 1568: addr 0x908e5f800 idx 0 fmt 1 regoff 0x0 n 9 (table contents not committed)
  load op 64 at 1573: addr 0x503c00518 idx 0 fmt 1 regoff 0x0 n 5 (table contents not committed)
  load op 9f at 1691: addr 0x503c01b70 idx 0 fmt 1 regoff 0x0 n 131 (table contents not committed)
  load op 64 at 1698: addr 0x503c00540 idx 0 fmt 1 regoff 0x0 n 1 (table contents not committed)
  load op 9f at 1730: addr 0xfe0040068 idx 0 fmt 1 regoff 0x0 n 921 (table contents not committed)
  load op 9f at 1737: addr 0x503c01f88 idx 0 fmt 1 regoff 0x0 n 70 (table contents not committed)
  load op 63 at 1742: addr 0x908e5ff90 idx 0 fmt 1 regoff 0x0 n 6 (table contents not committed)
  load op 9f at 1747: addr 0x908e5ffc0 idx 0 fmt 1 regoff 0x0 n 10 (table contents not committed)
  load op 63 at 1752: addr 0x908e5f7d0 idx 0 fmt 1 regoff 0x0 n 6 (table contents not committed)
  load op 9f at 1757: addr 0x908e5f800 idx 0 fmt 1 regoff 0x0 n 9 (table contents not committed)
  load op 64 at 1762: addr 0x503c00548 idx 0 fmt 1 regoff 0x0 n 5 (table contents not committed)
  load op 63 at 1858: addr 0x503bff518 idx 0 fmt 1 regoff 0x0 n 10 (table contents not committed)
  load op 63 at 2049: addr 0x503bff568 idx 0 fmt 1 regoff 0x0 n 28 (table contents not committed)
  load op 64 at 2123: addr 0x503c00570 idx 0 fmt 1 regoff 0x0 n 5 (table contents not committed)
  load op 9f at 2130: addr 0x503c021b8 idx 0 fmt 1 regoff 0x0 n 96 (table contents not committed)
  load op 9f at 2135: addr 0x503bfe390 idx 0 fmt 1 regoff 0x0 n 194 (table contents not committed)
submit #530 dcb 2647 dwords at 0x503502500: pass 236 rewrite 123 drop 120 unmapped 0 cc 4 mappings 1231 ... OK rc 0 23.67 ms
timing: #530 done at t 91.928 s, 389.9 ms after the sync and hints
state stack #530: push 2 pop 2 conditional 1 unmatched 0; restored 1842 regs (+1874 dwords); tables 13, unreadable 0
timing: t 91.930 s dcb 851 dwords: sync 13.1 ms, hints 0.1 ms
  load op 9f at 38: addr 0xfe0040068 idx 0 fmt 1 regoff 0x0 n 921 (table contents not committed)
  load op 63 at 43: addr 0xfe0042068 idx 0 fmt 1 regoff 0x0 n 174 (table contents not committed)
  load op 64 at 48: addr 0xfe00425d8 idx 0 fmt 1 regoff 0x0 n 57 (table contents not committed)
  load op 9f at 90: addr 0x505a01500 idx 0 fmt 1 regoff 0x0 n 5 (table contents not committed)
  load op 64 at 95: addr 0x505a00500 idx 0 fmt 1 regoff 0x0 n 2 (table contents not committed)
  load op 63 at 100: addr 0x5059ff500 idx 0 fmt 1 regoff 0x0 n 3 (table contents not committed)
submit #531 dcb 851 dwords at 0x505602500: pass 47 rewrite 55 drop 45 unmapped 0 cc 0 mappings 1231 ... OK rc 0 23.25 ms
timing: #531 done at t 92.039 s, 95.8 ms after the sync and hints
timing: t 92.040 s acb 2 dwords: sync 12.9 ms, hints 0.1 ms
submit #532 acb 2 dwords at 0xfe003a200: pass 1 rewrite 0 drop 0 unmapped 0 cc 0 mappings 1231 ... OK rc 0 23.15 ms
timing: #532 done at t 92.081 s, 28.0 ms after the sync and hints
cpu-wait WAIT_REG_MEM64 at 87 on 0x400201a40: satisfied after 0.0 ms
timing: t 92.083 s after that wait (acb 463 dwords)
timing: t 92.082 s dcb 798 dwords: sync 12.9 ms, hints 0.2 ms
  load op 9f at 35: addr 0xfe0040068 idx 0 fmt 1 regoff 0x0 n 921 (table contents not committed)
  load op 63 at 40: addr 0xfe0042068 idx 0 fmt 1 regoff 0x0 n 174 (table contents not committed)
  load op 64 at 45: addr 0xfe00425d8 idx 0 fmt 1 regoff 0x0 n 57 (table contents not committed)
  load op 9f at 87: addr 0x506801500 idx 0 fmt 1 regoff 0x0 n 136 (table contents not committed)
  load op 64 at 92: addr 0x506800500 idx 0 fmt 1 regoff 0x0 n 3 (table contents not committed)
  load op 63 at 97: addr 0x5067ff500 idx 0 fmt 1 regoff 0x0 n 3 (table contents not committed)
  load op 9f at 212: addr 0xfe0040068 idx 0 fmt 1 regoff 0x0 n 921 (table contents not committed)
  load op 9f at 219: addr 0x506801940 idx 0 fmt 1 regoff 0x0 n 70 (table contents not committed)
  load op 63 at 224: addr 0x908e5ff90 idx 0 fmt 1 regoff 0x0 n 6 (table contents not committed)
  load op 9f at 229: addr 0x908e5ffc0 idx 0 fmt 1 regoff 0x0 n 10 (table contents not committed)
  load op 63 at 234: addr 0x908e5f7d0 idx 0 fmt 1 regoff 0x0 n 6 (table contents not committed)
  load op 9f at 239: addr 0x908e5f800 idx 0 fmt 1 regoff 0x0 n 9 (table contents not committed)
  load op 64 at 244: addr 0x506800518 idx 0 fmt 1 regoff 0x0 n 5 (table contents not committed)
  load op 9f at 340: addr 0x506801b70 idx 0 fmt 1 regoff 0x0 n 131 (table contents not committed)
  load op 64 at 347: addr 0x506800540 idx 0 fmt 1 regoff 0x0 n 1 (table contents not committed)
  load op 9f at 379: addr 0xfe0040068 idx 0 fmt 1 regoff 0x0 n 921 (table contents not committed)
  load op 9f at 386: addr 0x506801f88 idx 0 fmt 1 regoff 0x0 n 70 (table contents not committed)
  load op 63 at 391: addr 0x908e5ff90 idx 0 fmt 1 regoff 0x0 n 6 (table contents not committed)
  load op 9f at 396: addr 0x908e5ffc0 idx 0 fmt 1 regoff 0x0 n 10 (table contents not committed)
  load op 63 at 401: addr 0x908e5f7d0 idx 0 fmt 1 regoff 0x0 n 6 (table contents not committed)
  load op 9f at 406: addr 0x908e5f800 idx 0 fmt 1 regoff 0x0 n 9 (table contents not committed)
  load op 64 at 411: addr 0x506800548 idx 0 fmt 1 regoff 0x0 n 5 (table contents not committed)
  load op 9f at 548: addr 0x5068021b8 idx 0 fmt 1 regoff 0x0 n 98 (table contents not committed)
  load op 64 at 555: addr 0x506800570 idx 0 fmt 1 regoff 0x0 n 1 (table contents not committed)
  load op 9f at 560: addr 0x5067fe500 idx 0 fmt 1 regoff 0x0 n 33 (table contents not committed)
  load op 9f at 592: addr 0xfe0040068 idx 0 fmt 1 regoff 0x0 n 921 (table contents not committed)
  load op 9f at 599: addr 0x5067fe608 idx 0 fmt 1 regoff 0x0 n 70 (table contents not committed)
  load op 63 at 604: addr 0x908e5ff90 idx 0 fmt 1 regoff 0x0 n 6 (table contents not committed)
  load op 9f at 609: addr 0x908e5ffc0 idx 0 fmt 1 regoff 0x0 n 10 (table contents not committed)
  load op 63 at 614: addr 0x908e5f7d0 idx 0 fmt 1 regoff 0x0 n 6 (table contents not committed)
  load op 9f at 619: addr 0x908e5f800 idx 0 fmt 1 regoff 0x0 n 9 (table contents not committed)
  load op 64 at 624: addr 0x506800578 idx 0 fmt 1 regoff 0x0 n 5 (table contents not committed)
submit #533 dcb 798 dwords at 0x506202500: pass 103 rewrite 35 drop 22 unmapped 0 cc 6 mappings 1231 ... OK rc 0 24.21 ms
timing: #533 done at t 92.551 s, 455.7 ms after the sync and hints
state stack #533: push 3 pop 3 conditional 1 unmatched 0; restored 2763 regs (+2811 dwords); tables 17, unreadable 0
timing: t 92.552 s acb 463 dwords: sync 12.4 ms, hints 0.1 ms
submit #534 acb 463 dwords at 0x4003e6740: pass 43 rewrite 11 drop 27 unmapped 0 cc 0 mappings 1231 ... OK rc 0 23.29 ms
timing: #534 done at t 92.593 s, 28.1 ms after the sync and hints
acb head: 1287 of 1336 dwords go ahead of the wait at 1287 on 0x400202380
timing: t 92.594 s dcb 1248 dwords: sync 12.4 ms, hints 0.2 ms
  load op 9f at 36: addr 0xfe0040068 idx 0 fmt 1 regoff 0x0 n 921 (table contents not committed)
  load op 63 at 41: addr 0xfe0042068 idx 0 fmt 1 regoff 0x0 n 174 (table contents not committed)
  load op 64 at 46: addr 0xfe00425d8 idx 0 fmt 1 regoff 0x0 n 57 (table contents not committed)
  load op 9f at 88: addr 0x504e01500 idx 0 fmt 1 regoff 0x0 n 5 (table contents not committed)
  load op 64 at 93: addr 0x504e00500 idx 0 fmt 1 regoff 0x0 n 2 (table contents not committed)
  load op 63 at 98: addr 0x504dff500 idx 0 fmt 1 regoff 0x0 n 3 (table contents not committed)
  load op 9f at 756: addr 0xfe0040068 idx 0 fmt 1 regoff 0x0 n 921 (table contents not committed)
  load op 9f at 763: addr 0x504e01528 idx 0 fmt 1 regoff 0x0 n 74 (table contents not committed)
  load op 63 at 768: addr 0x908e5ff90 idx 0 fmt 1 regoff 0x0 n 6 (table contents not committed)
  load op 9f at 773: addr 0x908e5ffc0 idx 0 fmt 1 regoff 0x0 n 10 (table contents not committed)
  load op 64 at 778: addr 0x504e00510 idx 0 fmt 1 regoff 0x0 n 5 (table contents not committed)
  load op 9f at 901: addr 0xfe0040068 idx 0 fmt 1 regoff 0x0 n 921 (table contents not committed)
  load op 9f at 908: addr 0x504e01778 idx 0 fmt 1 regoff 0x0 n 74 (table contents not committed)
  load op 63 at 913: addr 0x908e5ff90 idx 0 fmt 1 regoff 0x0 n 6 (table contents not committed)
  load op 9f at 918: addr 0x908e5ffc0 idx 0 fmt 1 regoff 0x0 n 10 (table contents not committed)
  load op 64 at 923: addr 0x504e00538 idx 0 fmt 1 regoff 0x0 n 5 (table contents not committed)
  load op 9f at 1046: addr 0xfe0040068 idx 0 fmt 1 regoff 0x0 n 921 (table contents not committed)
  load op 9f at 1053: addr 0x504e019c8 idx 0 fmt 1 regoff 0x0 n 74 (table contents not committed)
  load op 63 at 1058: addr 0x908e5ff90 idx 0 fmt 1 regoff 0x0 n 6 (table contents not committed)
  load op 9f at 1063: addr 0x908e5ffc0 idx 0 fmt 1 regoff 0x0 n 10 (table contents not committed)
  load op 64 at 1068: addr 0x504e00560 idx 0 fmt 1 regoff 0x0 n 5 (table contents not committed)
submit #535 dcb 1248 dwords at 0x504a02500: pass 151 rewrite 46 drop 45 unmapped 0 cc 6 mappings 1231 ... OK rc 0 23.85 ms
timing: #535 done at t 92.920 s, 313.7 ms after the sync and hints
state stack #535: push 3 pop 3 conditional 1 unmatched 0; restored 2763 regs (+2811 dwords); tables 11, unreadable 0
flip 1/1 buffer 0x5093f0000 +0x1fe0000: sum 0x17ea65194594 nonzero 8100/8160 pattern 0
  target CB0 0x507410000: distinct 53 min 0xc0000000 max 0xc340d034,   target CB0 0x507410000: nonzero 1024/1024
  target CB0 0x563800000: distinct 1 min 0x00000000 max 0x00000000,   target CB0 0x563800000: nonzero 0/1024
  target CB0 0x55c00d000: distinct 4 min 0x00000000 max 0xffffffff,   target CB0 0x55c00d000: nonzero 147/1024
  target CB0 0x5637f0000: distinct 1 min 0x00000000 max 0x00000000,   target CB0 0x5637f0000: nonzero 0/1024
  target CB0 0x526bf0000: distinct 1 min 0x38003800 max 0x38003800,   target CB0 0x526bf0000: nonzero 1024/1024
  target CB0 0x5719a8000: distinct 15 min 0x00000000 max 0xffffffff,   target CB0 0x5719a8000: nonzero 102/1024
  target DB_HTILE 0x5203a0000: distinct 2 min 0x00000000 max 0xfffffff0,   target DB_HTILE 0x5203a0000: nonzero 160/1024
  target DB_Z_READ 0x51db50000: distinct 1 min 0x3f800000 max 0x3f800000, timing: t 92.922 s acb 1287 dwords: sync 13.0 ms, hints 0.0 ms
  target DB_Z_READ 0x51db50000: nonzero 1024/1024
  target DB_STENCIL_READ 0x51fb30000: distinct 1 min 0x80800000 max 0x80800000,   target DB_STENCIL_READ 0x51fb30000: nonzero 1024/1024
submit #536 acb 1287 dwords at 0x400205540: pass 118 rewrite 35 drop 63 unmapped 0 cc 0 mappings 1231 ...   target CB0 0x513bf0000: distinct 1 min 0x00000000 max 0x00000000,   target CB0 0x513bf0000: nonzero 0/1024
  target CB0 0x571867000: distinct 17 min 0x00000000 max 0xffffffff,   target CB0 0x571867000: nonzero 215/1024
  target CB0 0x57187b000: distinct 17 min 0x00000000 max 0xffffffff,   target CB0 0x57187b000: nonzero 195/1024
  target CB0 0x519b90000: distinct 1 min 0x00000000 max 0x00000000,   target CB0 0x519b90000: nonzero 0/1024
  target CB0 0x5718eb000: distinct 16 min 0x00000000 max 0xffffffff,   target CB0 0x5718eb000: nonzero 123/1024
  target DB_HTILE 0x55c050000: distinct 3 min 0x00000000 max 0xffffffff,   target DB_HTILE 0x55c050000: nonzero 144/1024
  target DB_Z_READ 0x527430000: distinct 1 min 0xffffffff max 0xffffffff,   target DB_Z_READ 0x527430000: nonzero 1024/1024
timing: t 92.952 s flip 1/1, VideoOutSubmitFlip took 0.0 ms
OK rc 0 24.23 ms
timing: #536 done at t 92.966 s, 31.6 ms after the sync and hints
cpu-wait WAIT_REG_MEM64 at 115 on 0x400201d40: satisfied after 0.0 ms
timing: t 92.969 s after that wait (dcb 9023 dwords)
cpu-wait WAIT_REG_MEM64 at 1629 on 0x400201840: satisfied after 0.0 ms
timing: t 92.971 s after that wait (dcb 9023 dwords)
cpu-wait WAIT_REG_MEM64 at 8472 on 0x559cd49a53d8: satisfied after 0.0 ms
timing: t 92.973 s after that wait (dcb 9023 dwords)
timing: t 92.974 s dcb 9023 dwords: sync 12.3 ms, hints 0.3 ms
  indirect op 16 at 1246: base 0x5074063c0 +0x0 -> 1 1 1 0 0
  indirect op 16 at 1278: base 0x5074063e0 +0x0 -> 1 1 1 0 0
  indirect op 16 at 1310: base 0x50740a520 +0x0 -> 1 1 1 0 0
  indirect op 16 at 1342: base 0x50740a540 +0x0 -> 1 1 1 0 0
  indirect op 25 at 4584: base 0x56ddaffa0 +0x0 -> 1 512 0 0 0
  load op 9f at 28: addr 0xfe0040068 idx 0 fmt 1 regoff 0x0 n 921 (table contents not committed)
  load op 63 at 33: addr 0xfe0042068 idx 0 fmt 1 regoff 0x0 n 174 (table contents not committed)
  load op 64 at 38: addr 0xfe00425d8 idx 0 fmt 1 regoff 0x0 n 57 (table contents not committed)
  load op 9f at 80: addr 0x502701500 idx 0 fmt 1 regoff 0x0 n 295 (table contents not committed)
  load op 64 at 85: addr 0x502700500 idx 0 fmt 1 regoff 0x0 n 7 (table contents not committed)
  load op 63 at 90: addr 0x5026ff500 idx 0 fmt 1 regoff 0x0 n 13 (table contents not committed)
  load op 63 at 342: addr 0x5026ff568 idx 0 fmt 1 regoff 0x0 n 10 (table contents not committed)
  load op 63 at 734: addr 0x5026ff5b8 idx 0 fmt 1 regoff 0x0 n 18 (table contents not committed)
  load op 63 at 1217: addr 0x5026ff648 idx 0 fmt 1 regoff 0x0 n 10 (table contents not committed)
  load op 63 at 1249: addr 0x5026ff698 idx 0 fmt 1 regoff 0x0 n 10 (table contents not committed)
  load op 63 at 1281: addr 0x5026ff6e8 idx 0 fmt 1 regoff 0x0 n 10 (table contents not committed)
  load op 63 at 1313: addr 0x5026ff738 idx 0 fmt 1 regoff 0x0 n 10 (table contents not committed)
  load op 9f at 1724: addr 0xfe0040068 idx 0 fmt 1 regoff 0x0 n 921 (table contents not committed)
  load op 9f at 1731: addr 0x502701e38 idx 0 fmt 1 regoff 0x0 n 74 (table contents not committed)
  load op 63 at 1736: addr 0x908e5ff90 idx 0 fmt 1 regoff 0x0 n 6 (table contents not committed)
  load op 9f at 1741: addr 0x908e5ffc0 idx 0 fmt 1 regoff 0x0 n 10 (table contents not committed)
  load op 64 at 1746: addr 0x502700538 idx 0 fmt 1 regoff 0x0 n 5 (table contents not committed)
  load op 9f at 1799: addr 0x502702088 idx 0 fmt 1 regoff 0x0 n 132 (table contents not committed)
  load op 63 at 1804: addr 0x5026ff788 idx 0 fmt 1 regoff 0x0 n 30 (table contents not committed)
  load op 64 at 1884: addr 0x502700560 idx 0 fmt 1 regoff 0x0 n 5 (table contents not committed)
  load op 9f at 1891: addr 0x5026fd440 idx 0 fmt 1 regoff 0x0 n 175 (table contents not committed)
  load op 63 at 2106: addr 0x5026ff878 idx 0 fmt 1 regoff 0x0 n 20 (table contents not committed)
  load op 9f at 3069: addr 0xfe0040068 idx 0 fmt 1 regoff 0x0 n 921 (table contents not committed)
  load op 9f at 3076: addr 0x5026fd9b8 idx 0 fmt 1 regoff 0x0 n 70 (table contents not committed)
  load op 63 at 3081: addr 0x908e5ff90 idx 0 fmt 1 regoff 0x0 n 6 (table contents not committed)
  load op 9f at 3086: addr 0x908e5ffc0 idx 0 fmt 1 regoff 0x0 n 10 (table contents not committed)
  load op 63 at 3091: addr 0x908e5f7d0 idx 0 fmt 1 regoff 0x0 n 6 (table contents not committed)
  load op 9f at 3096: addr 0x908e5f800 idx 0 fmt 1 regoff 0x0 n 9 (table contents not committed)
  load op 64 at 3101: addr 0x502700588 idx 0 fmt 1 regoff 0x0 n 5 (table contents not committed)
  load op 9f at 3140: addr 0x5026fdbe8 idx 0 fmt 1 regoff 0x0 n 19 (table contents not committed)
  load op 63 at 3145: addr 0x5026ff918 idx 0 fmt 1 regoff 0x0 n 12 (table contents not committed)
  load op 9f at 3268: addr 0xfe0040068 idx 0 fmt 1 regoff 0x0 n 921 (table contents not committed)
  load op 9f at 3275: addr 0x5026fdc80 idx 0 fmt 1 regoff 0x0 n 74 (table contents not committed)
  load op 63 at 3280: addr 0x908e5ff90 idx 0 fmt 1 regoff 0x0 n 6 (table contents not committed)
  load op 9f at 3285: addr 0x908e5ffc0 idx 0 fmt 1 regoff 0x0 n 10 (table contents not committed)
  load op 64 at 3290: addr 0x5027005b0 idx 0 fmt 1 regoff 0x0 n 5 (table contents not committed)
  load op 9f at 3329: addr 0x5026fded0 idx 0 fmt 1 regoff 0x0 n 166 (table contents not committed)
  load op 63 at 3334: addr 0x5026ff978 idx 0 fmt 1 regoff 0x0 n 30 (table contents not committed)
  load op 64 at 3430: addr 0x5027005d8 idx 0 fmt 1 regoff 0x0 n 5 (table contents not committed)
  load op 9f at 3437: addr 0x5026fc320 idx 0 fmt 1 regoff 0x0 n 135 (table contents not committed)
  load op 63 at 3675: addr 0x5026ffa68 idx 0 fmt 1 regoff 0x0 n 36 (table contents not committed)
  load op 64 at 4540: addr 0x502700600 idx 0 fmt 1 regoff 0x0 n 6 (table contents not committed)
  load op 9f at 4545: addr 0x5026fc758 idx 0 fmt 1 regoff 0x0 n 376 (table contents not committed)
  load op 9f at 4552: addr 0x5026fb118 idx 0 fmt 1 regoff 0x0 n 205 (table contents not committed)
  load op 9f at 4853: addr 0xfe0040068 idx 0 fmt 1 regoff 0x0 n 921 (table contents not committed)
  load op 9f at 4860: addr 0x5026fb780 idx 0 fmt 1 regoff 0x0 n 74 (table contents not committed)
  load op 63 at 4865: addr 0x908e5ff90 idx 0 fmt 1 regoff 0x0 n 6 (table contents not committed)
  load op 9f at 4870: addr 0x908e5ffc0 idx 0 fmt 1 regoff 0x0 n 10 (table contents not committed)
  load op 64 at 4875: addr 0x502700630 idx 0 fmt 1 regoff 0x0 n 5 (table contents not committed)
  load op 63 at 4914: addr 0x5026ffb88 idx 0 fmt 1 regoff 0x0 n 21 (table contents not committed)
  load op 9f at 4925: addr 0x5026fb9d0 idx 0 fmt 1 regoff 0x0 n 223 (table contents not committed)
  load op 64 at 6315: addr 0x502700658 idx 0 fmt 1 regoff 0x0 n 5 (table contents not committed)
  load op 63 at 6322: addr 0x5026ffc30 idx 0 fmt 1 regoff 0x0 n 18 (table contents not committed)
  load op 9f at 6327: addr 0x5026f9e30 idx 0 fmt 1 regoff 0x0 n 67 (table contents not committed)
  load op 9f at 6440: addr 0x5026fa048 idx 0 fmt 1 regoff 0x0 n 129 (table contents not committed)
  load op 63 at 6445: addr 0x5026ffcc0 idx 0 fmt 1 regoff 0x0 n 18 (table contents not committed)
  load op 64 at 6450: addr 0x502700680 idx 0 fmt 1 regoff 0x0 n 3 (table contents not committed)
  load op 9f at 6563: addr 0x5026fa450 idx 0 fmt 1 regoff 0x0 n 129 (table contents not committed)
  load op 63 at 6568: addr 0x5026ffd50 idx 0 fmt 1 regoff 0x0 n 18 (table contents not committed)
  load op 64 at 6573: addr 0x502700698 idx 0 fmt 1 regoff 0x0 n 3 (table contents not committed)
  load op 9f at 6686: addr 0x5026fa858 idx 0 fmt 1 regoff 0x0 n 58 (table contents not committed)
  load op 9f at 6791: addr 0x5026faa28 idx 0 fmt 1 regoff 0x0 n 66 (table contents not committed)
  load op 9f at 6896: addr 0x5026fac38 idx 0 fmt 1 regoff 0x0 n 58 (table contents not committed)
  load op 9f at 7001: addr 0x5026f81a0 idx 0 fmt 1 regoff 0x0 n 66 (table contents not committed)
  load op 9f at 7106: addr 0x5026f83b0 idx 0 fmt 1 regoff 0x0 n 58 (table contents not committed)
  load op 9f at 7211: addr 0x5026f8580 idx 0 fmt 1 regoff 0x0 n 130 (table contents not committed)
  load op 63 at 7216: addr 0x5026ffde0 idx 0 fmt 1 regoff 0x0 n 18 (table contents not committed)
  load op 64 at 7221: addr 0x5027006b0 idx 0 fmt 1 regoff 0x0 n 3 (table contents not committed)
  load op 9f at 7348: addr 0x5026f8990 idx 0 fmt 1 regoff 0x0 n 135 (table contents not committed)
  load op 63 at 7353: addr 0x5026ffe70 idx 0 fmt 1 regoff 0x0 n 18 (table contents not committed)
  load op 64 at 7358: addr 0x5027006c8 idx 0 fmt 1 regoff 0x0 n 3 (table contents not committed)
  load op 63 at 7936: addr 0x5026fff00 idx 0 fmt 1 regoff 0x0 n 28 (table contents not committed)
  load op 64 at 8513: addr 0x5027006e0 idx 0 fmt 1 regoff 0x0 n 5 (table contents not committed)
  load op 9f at 8518: addr 0x5026f8dc8 idx 0 fmt 1 regoff 0x0 n 113 (table contents not committed)
  load op 9f at 8525: addr 0x5026f6918 idx 0 fmt 1 regoff 0x0 n 168 (table contents not committed)
submit #537 dcb 9023 dwords at 0x502002500: pass 559 rewrite 484 drop 408 unmapped 1 cc 8 mappings 1231 ... OK rc 0 26.40 ms
timing: #537 done at t 94.117 s, 1130.4 ms after the sync and hints
state stack #537: push 4 pop 4 conditional 1 unmatched 0; restored 3684 regs (+3748 dwords); tables 35, unreadable 0
timing: t 94.118 s acb 2 dwords: sync 13.1 ms, hints 0.1 ms
submit #538 acb 2 dwords at 0xfe003a200: pass 1 rewrite 0 drop 0 unmapped 0 cc 0 mappings 1231 ... OK rc 0 23.18 ms
timing: #538 done at t 94.160 s, 28.2 ms after the sync and hints
cpu-wait WAIT_REG_MEM64 at 0 on 0x400202380: satisfied after 0.0 ms
timing: t 94.161 s after that wait (acb 49 dwords)
timing: t 94.161 s cc 3 dwords: sync 12.5 ms, hints 0.0 ms
submit #539 cc 3 dwords at 0x313b17cf4: pass 0 rewrite 1 drop 0 unmapped 0 cc 1 mappings 1231 ... OK rc 0 23.03 ms
timing: #539 done at t 94.201 s, 28.0 ms after the sync and hints
timing: t 94.202 s acb 49 dwords: sync 12.4 ms, hints 0.0 ms
submit #540 acb 49 dwords at 0x40020695c: pass 2 rewrite 3 drop 3 unmapped 0 cc 0 mappings 1231 ... OK rc 0 23.05 ms
timing: #540 done at t 94.243 s, 28.1 ms after the sync and hints
timing: t 94.244 s hib 150 dwords: sync 12.6 ms, hints 0.1 ms
  load op 61 at 10: base 0xfe0008000 pairs (0x0,215) (0xd8,272) (0x1f5,4) (0x1ff,158) (0x2a0,2) (0x2a3,1) (0x2a5,66) (0x2f5,203)
  load op 5f at 29: base 0xfe0010000 pairs (0x1,1) (0x6,38) (0x32,4) (0x80,4) (0x87,37) (0xb2,4) (0xc8,2) (0x100,4) (0x107,37) (0x132,4) (0x148,2) (0x204,3) (0x20c,2) (0x212,2) (0x215,6) (0x224,5) (0x22a,1) (0x240,16) (0x27d,1) (0x280,1) (0x207,3)
  load op 5e at 74: base 0xfe0011000 pairs (0x35,8) (0xa2,1) (0x242,1) (0x248,1) (0x24a,2) (0x25b,6) (0x262,1) (0x2bb,5) (0x2c4,16) (0x2e4,8) (0x380,2) (0x383,2) (0x41d,3) (0x24d,1)
  load op 61 at 105: base 0xfe0008000 pairs (0x0,0)
  load op 5f at 110: base 0xfe0010000 pairs (0x0,0)
  load op 5e at 115: base 0xfe0011000 pairs (0x0,0)
  load op 61 at 125: base 0xfe0008000 pairs (0x0,0)
  load op 5f at 130: base 0xfe0010000 pairs (0x0,0)
  load op 5e at 135: base 0xfe0011000 pairs (0x0,0)
submit #541 hib 150 dwords at 0xfe0000000: pass 12 rewrite 2 drop 2 unmapped 0 cc 2 mappings 1231 ... OK rc 0 23.03 ms
timing: #541 done at t 94.340 s, 83.1 ms after the sync and hints
timing: t 94.341 s hib 2 dwords: sync 12.9 ms, hints 0.0 ms
submit #542 hib 2 dwords at 0xfe003a200: pass 1 rewrite 0 drop 0 unmapped 0 cc 0 mappings 1231 ... OK rc 0 22.97 ms
timing: #542 done at t 94.381 s, 27.8 ms after the sync and hints
timing: t 94.382 s dcb 96 dwords: sync 12.4 ms, hints 0.1 ms
  load op 9f at 38: addr 0xfe0040068 idx 0 fmt 1 regoff 0x0 n 921 (table contents not committed)
  load op 63 at 43: addr 0xfe0042068 idx 0 fmt 1 regoff 0x0 n 174 (table contents not committed)
  load op 64 at 48: addr 0xfe00425d8 idx 0 fmt 1 regoff 0x0 n 49 (table contents not committed)
submit #543 dcb 96 dwords at 0xfe0042920: pass 20 rewrite 2 drop 2 unmapped 0 cc 0 mappings 1231 ... OK rc 0 23.03 ms
timing: #543 done at t 94.470 s, 75.0 ms after the sync and hints
timing: t 94.471 s dcb 2647 dwords: sync 12.4 ms, hints 0.2 ms
  load op 9f at 36: addr 0xfe0040068 idx 0 fmt 1 regoff 0x0 n 921 (table contents not committed)
  load op 63 at 41: addr 0xfe0042068 idx 0 fmt 1 regoff 0x0 n 174 (table contents not committed)
  load op 64 at 46: addr 0xfe00425d8 idx 0 fmt 1 regoff 0x0 n 57 (table contents not committed)
  load op 9f at 88: addr 0x504301500 idx 0 fmt 1 regoff 0x0 n 136 (table contents not committed)
  load op 64 at 93: addr 0x504300500 idx 0 fmt 1 regoff 0x0 n 3 (table contents not committed)
  load op 63 at 98: addr 0x5042ff500 idx 0 fmt 1 regoff 0x0 n 3 (table contents not committed)
  load op 9f at 1541: addr 0xfe0040068 idx 0 fmt 1 regoff 0x0 n 921 (table contents not committed)
  load op 9f at 1548: addr 0x504301940 idx 0 fmt 1 regoff 0x0 n 70 (table contents not committed)
  load op 63 at 1553: addr 0x908e5ff90 idx 0 fmt 1 regoff 0x0 n 6 (table contents not committed)
  load op 9f at 1558: addr 0x908e5ffc0 idx 0 fmt 1 regoff 0x0 n 10 (table contents not committed)
  load op 63 at 1563: addr 0x908e5f7d0 idx 0 fmt 1 regoff 0x0 n 6 (table contents not committed)
  load op 9f at 1568: addr 0x908e5f800 idx 0 fmt 1 regoff 0x0 n 9 (table contents not committed)
  load op 64 at 1573: addr 0x504300518 idx 0 fmt 1 regoff 0x0 n 5 (table contents not committed)
  load op 9f at 1691: addr 0x504301b70 idx 0 fmt 1 regoff 0x0 n 131 (table contents not committed)
  load op 64 at 1698: addr 0x504300540 idx 0 fmt 1 regoff 0x0 n 1 (table contents not committed)
  load op 9f at 1730: addr 0xfe0040068 idx 0 fmt 1 regoff 0x0 n 921 (table contents not committed)
  load op 9f at 1737: addr 0x504301f88 idx 0 fmt 1 regoff 0x0 n 70 (table contents not committed)
  load op 63 at 1742: addr 0x908e5ff90 idx 0 fmt 1 regoff 0x0 n 6 (table contents not committed)
  load op 9f at 1747: addr 0x908e5ffc0 idx 0 fmt 1 regoff 0x0 n 10 (table contents not committed)
  load op 63 at 1752: addr 0x908e5f7d0 idx 0 fmt 1 regoff 0x0 n 6 (table contents not committed)
  load op 9f at 1757: addr 0x908e5f800 idx 0 fmt 1 regoff 0x0 n 9 (table contents not committed)
  load op 64 at 1762: addr 0x504300548 idx 0 fmt 1 regoff 0x0 n 5 (table contents not committed)
  load op 63 at 1858: addr 0x5042ff518 idx 0 fmt 1 regoff 0x0 n 10 (table contents not committed)
  load op 63 at 2049: addr 0x5042ff568 idx 0 fmt 1 regoff 0x0 n 28 (table contents not committed)
  load op 64 at 2123: addr 0x504300570 idx 0 fmt 1 regoff 0x0 n 5 (table contents not committed)
  load op 9f at 2130: addr 0x5043021b8 idx 0 fmt 1 regoff 0x0 n 96 (table contents not committed)
  load op 9f at 2135: addr 0x5042fe390 idx 0 fmt 1 regoff 0x0 n 194 (table contents not committed)
submit #544 dcb 2647 dwords at 0x503c02500: pass 236 rewrite 123 drop 120 unmapped 0 cc 4 mappings 1231 ... OK rc 0 25.07 ms
timing: #544 done at t 94.883 s, 400.3 ms after the sync and hints
state stack #544: push 2 pop 2 conditional 1 unmatched 0; restored 1842 regs (+1874 dwords); tables 13, unreadable 0
timing: t 94.886 s dcb 851 dwords: sync 12.5 ms, hints 0.1 ms
  load op 9f at 38: addr 0xfe0040068 idx 0 fmt 1 regoff 0x0 n 921 (table contents not committed)
  load op 63 at 43: addr 0xfe0042068 idx 0 fmt 1 regoff 0x0 n 174 (table contents not committed)
  load op 64 at 48: addr 0xfe00425d8 idx 0 fmt 1 regoff 0x0 n 57 (table contents not committed)
  load op 9f at 90: addr 0x505e01500 idx 0 fmt 1 regoff 0x0 n 5 (table contents not committed)
  load op 64 at 95: addr 0x505e00500 idx 0 fmt 1 regoff 0x0 n 2 (table contents not committed)
  load op 63 at 100: addr 0x505dff500 idx 0 fmt 1 regoff 0x0 n 3 (table contents not committed)
submit #545 dcb 851 dwords at 0x505a02500: pass 47 rewrite 55 drop 45 unmapped 0 cc 0 mappings 1231 ... OK rc 0 23.01 ms
timing: #545 done at t 94.995 s, 96.6 ms after the sync and hints
timing: t 94.996 s acb 2 dwords: sync 12.4 ms, hints 0.0 ms
submit #546 acb 2 dwords at 0xfe003a200: pass 1 rewrite 0 drop 0 unmapped 0 cc 0 mappings 1231 ... OK rc 0 23.32 ms
timing: #546 done at t 95.036 s, 28.1 ms after the sync and hints
cpu-wait WAIT_REG_MEM64 at 87 on 0x400202d80: satisfied after 0.0 ms
timing: t 95.038 s after that wait (acb 463 dwords)
timing: t 95.037 s dcb 798 dwords: sync 13.1 ms, hints 0.2 ms
  load op 9f at 35: addr 0xfe0040068 idx 0 fmt 1 regoff 0x0 n 921 (table contents not committed)
  load op 63 at 40: addr 0xfe0042068 idx 0 fmt 1 regoff 0x0 n 174 (table contents not committed)
  load op 64 at 45: addr 0xfe00425d8 idx 0 fmt 1 regoff 0x0 n 57 (table contents not committed)
  load op 9f at 87: addr 0x506e01500 idx 0 fmt 1 regoff 0x0 n 136 (table contents not committed)
  load op 64 at 92: addr 0x506e00500 idx 0 fmt 1 regoff 0x0 n 3 (table contents not committed)
  load op 63 at 97: addr 0x506dff500 idx 0 fmt 1 regoff 0x0 n 3 (table contents not committed)
  load op 9f at 212: addr 0xfe0040068 idx 0 fmt 1 regoff 0x0 n 921 (table contents not committed)
  load op 9f at 219: addr 0x506e01940 idx 0 fmt 1 regoff 0x0 n 70 (table contents not committed)
  load op 63 at 224: addr 0x908e5ff90 idx 0 fmt 1 regoff 0x0 n 6 (table contents not committed)
  load op 9f at 229: addr 0x908e5ffc0 idx 0 fmt 1 regoff 0x0 n 10 (table contents not committed)
  load op 63 at 234: addr 0x908e5f7d0 idx 0 fmt 1 regoff 0x0 n 6 (table contents not committed)
  load op 9f at 239: addr 0x908e5f800 idx 0 fmt 1 regoff 0x0 n 9 (table contents not committed)
  load op 64 at 244: addr 0x506e00518 idx 0 fmt 1 regoff 0x0 n 5 (table contents not committed)
  load op 9f at 340: addr 0x506e01b70 idx 0 fmt 1 regoff 0x0 n 131 (table contents not committed)
  load op 64 at 347: addr 0x506e00540 idx 0 fmt 1 regoff 0x0 n 1 (table contents not committed)
  load op 9f at 379: addr 0xfe0040068 idx 0 fmt 1 regoff 0x0 n 921 (table contents not committed)
  load op 9f at 386: addr 0x506e01f88 idx 0 fmt 1 regoff 0x0 n 70 (table contents not committed)
  load op 63 at 391: addr 0x908e5ff90 idx 0 fmt 1 regoff 0x0 n 6 (table contents not committed)
  load op 9f at 396: addr 0x908e5ffc0 idx 0 fmt 1 regoff 0x0 n 10 (table contents not committed)
  load op 63 at 401: addr 0x908e5f7d0 idx 0 fmt 1 regoff 0x0 n 6 (table contents not committed)
  load op 9f at 406: addr 0x908e5f800 idx 0 fmt 1 regoff 0x0 n 9 (table contents not committed)
  load op 64 at 411: addr 0x506e00548 idx 0 fmt 1 regoff 0x0 n 5 (table contents not committed)
  load op 9f at 548: addr 0x506e021b8 idx 0 fmt 1 regoff 0x0 n 98 (table contents not committed)
  load op 64 at 555: addr 0x506e00570 idx 0 fmt 1 regoff 0x0 n 1 (table contents not committed)
  load op 9f at 560: addr 0x506dfe500 idx 0 fmt 1 regoff 0x0 n 33 (table contents not committed)
  load op 9f at 592: addr 0xfe0040068 idx 0 fmt 1 regoff 0x0 n 921 (table contents not committed)
  load op 9f at 599: addr 0x506dfe608 idx 0 fmt 1 regoff 0x0 n 70 (table contents not committed)
  load op 63 at 604: addr 0x908e5ff90 idx 0 fmt 1 regoff 0x0 n 6 (table contents not committed)
  load op 9f at 609: addr 0x908e5ffc0 idx 0 fmt 1 regoff 0x0 n 10 (table contents not committed)
  load op 63 at 614: addr 0x908e5f7d0 idx 0 fmt 1 regoff 0x0 n 6 (table contents not committed)
  load op 9f at 619: addr 0x908e5f800 idx 0 fmt 1 regoff 0x0 n 9 (table contents not committed)
  load op 64 at 624: addr 0x506e00578 idx 0 fmt 1 regoff 0x0 n 5 (table contents not committed)
submit #547 dcb 798 dwords at 0x506802500: pass 103 rewrite 35 drop 22 unmapped 0 cc 6 mappings 1231 ... OK rc 0 24.09 ms
timing: #547 done at t 95.504 s, 453.6 ms after the sync and hints
state stack #547: push 3 pop 3 conditional 1 unmatched 0; restored 2763 regs (+2811 dwords); tables 17, unreadable 0
timing: t 95.506 s acb 463 dwords: sync 13.4 ms, hints 0.0 ms
submit #548 acb 463 dwords at 0x4004867c0: pass 43 rewrite 11 drop 27 unmapped 0 cc 0 mappings 1231 ... OK rc 0 23.70 ms
timing: #548 done at t 95.548 s, 28.5 ms after the sync and hints
acb head: 1287 of 1336 dwords go ahead of the wait at 1287 on 0x400202f80
timing: t 95.549 s dcb 1248 dwords: sync 12.5 ms, hints 0.2 ms
  load op 9f at 36: addr 0xfe0040068 idx 0 fmt 1 regoff 0x0 n 921 (table contents not committed)
  load op 63 at 41: addr 0xfe0042068 idx 0 fmt 1 regoff 0x0 n 174 (table contents not committed)
  load op 64 at 46: addr 0xfe00425d8 idx 0 fmt 1 regoff 0x0 n 57 (table contents not committed)
  load op 9f at 88: addr 0x505201500 idx 0 fmt 1 regoff 0x0 n 5 (table contents not committed)
  load op 64 at 93: addr 0x505200500 idx 0 fmt 1 regoff 0x0 n 2 (table contents not committed)
  load op 63 at 98: addr 0x5051ff500 idx 0 fmt 1 regoff 0x0 n 3 (table contents not committed)
  load op 9f at 756: addr 0xfe0040068 idx 0 fmt 1 regoff 0x0 n 921 (table contents not committed)
  load op 9f at 763: addr 0x505201528 idx 0 fmt 1 regoff 0x0 n 74 (table contents not committed)
  load op 63 at 768: addr 0x908e5ff90 idx 0 fmt 1 regoff 0x0 n 6 (table contents not committed)
  load op 9f at 773: addr 0x908e5ffc0 idx 0 fmt 1 regoff 0x0 n 10 (table contents not committed)
  load op 64 at 778: addr 0x505200510 idx 0 fmt 1 regoff 0x0 n 5 (table contents not committed)
  load op 9f at 901: addr 0xfe0040068 idx 0 fmt 1 regoff 0x0 n 921 (table contents not committed)
  load op 9f at 908: addr 0x505201778 idx 0 fmt 1 regoff 0x0 n 74 (table contents not committed)
  load op 63 at 913: addr 0x908e5ff90 idx 0 fmt 1 regoff 0x0 n 6 (table contents not committed)
  load op 9f at 918: addr 0x908e5ffc0 idx 0 fmt 1 regoff 0x0 n 10 (table contents not committed)
  load op 64 at 923: addr 0x505200538 idx 0 fmt 1 regoff 0x0 n 5 (table contents not committed)
  load op 9f at 1046: addr 0xfe0040068 idx 0 fmt 1 regoff 0x0 n 921 (table contents not committed)
  load op 9f at 1053: addr 0x5052019c8 idx 0 fmt 1 regoff 0x0 n 74 (table contents not committed)
  load op 63 at 1058: addr 0x908e5ff90 idx 0 fmt 1 regoff 0x0 n 6 (table contents not committed)
  load op 9f at 1063: addr 0x908e5ffc0 idx 0 fmt 1 regoff 0x0 n 10 (table contents not committed)
  load op 64 at 1068: addr 0x505200560 idx 0 fmt 1 regoff 0x0 n 5 (table contents not committed)
submit #549 dcb 1248 dwords at 0x504e02500: pass 151 rewrite 46 drop 45 unmapped 0 cc 6 mappings 1231 ... OK rc 0 23.57 ms
timing: #549 done at t 95.868 s, 306.9 ms after the sync and hints
state stack #549: push 3 pop 3 conditional 1 unmatched 0; restored 2763 regs (+2811 dwords); tables 11, unreadable 0
flip 1/0 buffer 0x507410000 +0x1fe0000: sum 0x17ea65194594 nonzero 8100/8160 pattern 0
  target CB0 0x5093f0000: distinct 53 min 0xc0000000 max 0xc340d034,   target CB0 0x5093f0000: nonzero 1024/1024
  target CB0 0x563800000: distinct 1 min 0x00000000 max 0x00000000,   target CB0 0x563800000: nonzero 0/1024
  target CB0 0x55c00d000: distinct 4 min 0x00000000 max 0xffffffff,   target CB0 0x55c00d000: nonzero 147/1024
  target CB0 0x5637f0000: distinct 1 min 0x00000000 max 0x00000000,   target CB0 0x5637f0000: nonzero 0/1024
  target CB0 0x526bf0000: distinct 1 min 0x38003800 max 0x38003800,   target CB0 0x526bf0000: nonzero 1024/1024
  target CB0 0x5719a8000: distinct 15 min 0x00000000 max 0xffffffff,   target CB0 0x5719a8000: nonzero 102/1024
  target DB_HTILE 0x5203a0000: distinct 2 min 0x00000000 max 0xfffffff0,   target DB_HTILE 0x5203a0000: nonzero 160/1024
  target DB_Z_READ 0x51db50000: distinct 1 min 0x3f800000 max 0x3f800000, timing: t 95.870 s acb 1287 dwords: sync 12.5 ms, hints 0.0 ms
  target DB_Z_READ 0x51db50000: nonzero 1024/1024
  target DB_STENCIL_READ 0x51fb30000: distinct 1 min 0x80800000 max 0x80800000,   target DB_STENCIL_READ 0x51fb30000: nonzero 1024/1024
submit #550 acb 1287 dwords at 0x4002a55c0: pass 118 rewrite 35 drop 63 unmapped 0 cc 0 mappings 1231 ...   target CB0 0x513bf0000: distinct 1 min 0x00000000 max 0x00000000,   target CB0 0x513bf0000: nonzero 0/1024
  target CB0 0x571867000: distinct 17 min 0x00000000 max 0xffffffff,   target CB0 0x571867000: nonzero 215/1024
  target CB0 0x57187b000: distinct 17 min 0x00000000 max 0xffffffff,   target CB0 0x57187b000: nonzero 195/1024
  target CB0 0x519b90000: distinct 1 min 0x00000000 max 0x00000000,   target CB0 0x519b90000: nonzero 0/1024
  target CB0 0x5718eb000: distinct 16 min 0x00000000 max 0xffffffff,   target CB0 0x5718eb000: nonzero 123/1024
  target DB_HTILE 0x55c050000: distinct 3 min 0x00000000 max 0xffffffff,   target DB_HTILE 0x55c050000: nonzero 144/1024
  target DB_Z_READ 0x527430000: distinct 1 min 0xffffffff max 0xffffffff,   target DB_Z_READ 0x527430000: nonzero 1024/1024
timing: t 95.901 s flip 1/0, VideoOutSubmitFlip took 0.0 ms
OK rc 0 24.13 ms
timing: #550 done at t 95.914 s, 31.8 ms after the sync and hints
cpu-wait WAIT_REG_MEM64 at 115 on 0x400202d40: satisfied after 0.0 ms
timing: t 95.917 s after that wait (dcb 9023 dwords)
cpu-wait WAIT_REG_MEM64 at 1629 on 0x400202dc0: satisfied after 0.0 ms
timing: t 95.918 s after that wait (dcb 9023 dwords)
cpu-wait WAIT_REG_MEM64 at 8472 on 0x559cd49a53d0: satisfied after 0.0 ms
timing: t 95.920 s after that wait (dcb 9023 dwords)
timing: t 95.921 s dcb 9023 dwords: sync 12.3 ms, hints 0.3 ms
  indirect op 16 at 1246: base 0x5074063c0 +0x0 -> 1 1 1 0 0
  indirect op 16 at 1278: base 0x5074063e0 +0x0 -> 1 1 1 0 0
  indirect op 16 at 1310: base 0x50740a520 +0x0 -> 1 1 1 0 0
  indirect op 16 at 1342: base 0x50740a540 +0x0 -> 1 1 1 0 0
  indirect op 25 at 4584: base 0x56ddaffa0 +0x0 -> 1 512 0 0 0
  load op 9f at 28: addr 0xfe0040068 idx 0 fmt 1 regoff 0x0 n 921 (table contents not committed)
  load op 63 at 33: addr 0xfe0042068 idx 0 fmt 1 regoff 0x0 n 174 (table contents not committed)
  load op 64 at 38: addr 0xfe00425d8 idx 0 fmt 1 regoff 0x0 n 57 (table contents not committed)
  load op 9f at 80: addr 0x502e01500 idx 0 fmt 1 regoff 0x0 n 295 (table contents not committed)
  load op 64 at 85: addr 0x502e00500 idx 0 fmt 1 regoff 0x0 n 7 (table contents not committed)
  load op 63 at 90: addr 0x502dff500 idx 0 fmt 1 regoff 0x0 n 13 (table contents not committed)
  load op 63 at 342: addr 0x502dff568 idx 0 fmt 1 regoff 0x0 n 10 (table contents not committed)
  load op 63 at 734: addr 0x502dff5b8 idx 0 fmt 1 regoff 0x0 n 18 (table contents not committed)
  load op 63 at 1217: addr 0x502dff648 idx 0 fmt 1 regoff 0x0 n 10 (table contents not committed)
  load op 63 at 1249: addr 0x502dff698 idx 0 fmt 1 regoff 0x0 n 10 (table contents not committed)
  load op 63 at 1281: addr 0x502dff6e8 idx 0 fmt 1 regoff 0x0 n 10 (table contents not committed)
  load op 63 at 1313: addr 0x502dff738 idx 0 fmt 1 regoff 0x0 n 10 (table contents not committed)
  load op 9f at 1724: addr 0xfe0040068 idx 0 fmt 1 regoff 0x0 n 921 (table contents not committed)
  load op 9f at 1731: addr 0x502e01e38 idx 0 fmt 1 regoff 0x0 n 74 (table contents not committed)
  load op 63 at 1736: addr 0x908e5ff90 idx 0 fmt 1 regoff 0x0 n 6 (table contents not committed)
  load op 9f at 1741: addr 0x908e5ffc0 idx 0 fmt 1 regoff 0x0 n 10 (table contents not committed)
  load op 64 at 1746: addr 0x502e00538 idx 0 fmt 1 regoff 0x0 n 5 (table contents not committed)
  load op 9f at 1799: addr 0x502e02088 idx 0 fmt 1 regoff 0x0 n 132 (table contents not committed)
  load op 63 at 1804: addr 0x502dff788 idx 0 fmt 1 regoff 0x0 n 30 (table contents not committed)
  load op 64 at 1884: addr 0x502e00560 idx 0 fmt 1 regoff 0x0 n 5 (table contents not committed)
  load op 9f at 1891: addr 0x502dfd440 idx 0 fmt 1 regoff 0x0 n 175 (table contents not committed)
  load op 63 at 2106: addr 0x502dff878 idx 0 fmt 1 regoff 0x0 n 20 (table contents not committed)
  load op 9f at 3069: addr 0xfe0040068 idx 0 fmt 1 regoff 0x0 n 921 (table contents not committed)
  load op 9f at 3076: addr 0x502dfd9b8 idx 0 fmt 1 regoff 0x0 n 70 (table contents not committed)
  load op 63 at 3081: addr 0x908e5ff90 idx 0 fmt 1 regoff 0x0 n 6 (table contents not committed)
  load op 9f at 3086: addr 0x908e5ffc0 idx 0 fmt 1 regoff 0x0 n 10 (table contents not committed)
  load op 63 at 3091: addr 0x908e5f7d0 idx 0 fmt 1 regoff 0x0 n 6 (table contents not committed)
  load op 9f at 3096: addr 0x908e5f800 idx 0 fmt 1 regoff 0x0 n 9 (table contents not committed)
  load op 64 at 3101: addr 0x502e00588 idx 0 fmt 1 regoff 0x0 n 5 (table contents not committed)
  load op 9f at 3140: addr 0x502dfdbe8 idx 0 fmt 1 regoff 0x0 n 19 (table contents not committed)
  load op 63 at 3145: addr 0x502dff918 idx 0 fmt 1 regoff 0x0 n 12 (table contents not committed)
  load op 9f at 3268: addr 0xfe0040068 idx 0 fmt 1 regoff 0x0 n 921 (table contents not committed)
  load op 9f at 3275: addr 0x502dfdc80 idx 0 fmt 1 regoff 0x0 n 74 (table contents not committed)
  load op 63 at 3280: addr 0x908e5ff90 idx 0 fmt 1 regoff 0x0 n 6 (table contents not committed)
  load op 9f at 3285: addr 0x908e5ffc0 idx 0 fmt 1 regoff 0x0 n 10 (table contents not committed)
  load op 64 at 3290: addr 0x502e005b0 idx 0 fmt 1 regoff 0x0 n 5 (table contents not committed)
  load op 9f at 3329: addr 0x502dfded0 idx 0 fmt 1 regoff 0x0 n 166 (table contents not committed)
  load op 63 at 3334: addr 0x502dff978 idx 0 fmt 1 regoff 0x0 n 30 (table contents not committed)
  load op 64 at 3430: addr 0x502e005d8 idx 0 fmt 1 regoff 0x0 n 5 (table contents not committed)
  load op 9f at 3437: addr 0x502dfc320 idx 0 fmt 1 regoff 0x0 n 135 (table contents not committed)
  load op 63 at 3675: addr 0x502dffa68 idx 0 fmt 1 regoff 0x0 n 36 (table contents not committed)
  load op 64 at 4540: addr 0x502e00600 idx 0 fmt 1 regoff 0x0 n 6 (table contents not committed)
  load op 9f at 4545: addr 0x502dfc758 idx 0 fmt 1 regoff 0x0 n 376 (table contents not committed)
  load op 9f at 4552: addr 0x502dfb118 idx 0 fmt 1 regoff 0x0 n 205 (table contents not committed)
  load op 9f at 4853: addr 0xfe0040068 idx 0 fmt 1 regoff 0x0 n 921 (table contents not committed)
  load op 9f at 4860: addr 0x502dfb780 idx 0 fmt 1 regoff 0x0 n 74 (table contents not committed)
  load op 63 at 4865: addr 0x908e5ff90 idx 0 fmt 1 regoff 0x0 n 6 (table contents not committed)
  load op 9f at 4870: addr 0x908e5ffc0 idx 0 fmt 1 regoff 0x0 n 10 (table contents not committed)
  load op 64 at 4875: addr 0x502e00630 idx 0 fmt 1 regoff 0x0 n 5 (table contents not committed)
  load op 63 at 4914: addr 0x502dffb88 idx 0 fmt 1 regoff 0x0 n 21 (table contents not committed)
  load op 9f at 4925: addr 0x502dfb9d0 idx 0 fmt 1 regoff 0x0 n 223 (table contents not committed)
  load op 64 at 6315: addr 0x502e00658 idx 0 fmt 1 regoff 0x0 n 5 (table contents not committed)
  load op 63 at 6322: addr 0x502dffc30 idx 0 fmt 1 regoff 0x0 n 18 (table contents not committed)
  load op 9f at 6327: addr 0x502df9e30 idx 0 fmt 1 regoff 0x0 n 67 (table contents not committed)
  load op 9f at 6440: addr 0x502dfa048 idx 0 fmt 1 regoff 0x0 n 129 (table contents not committed)
  load op 63 at 6445: addr 0x502dffcc0 idx 0 fmt 1 regoff 0x0 n 18 (table contents not committed)
  load op 64 at 6450: addr 0x502e00680 idx 0 fmt 1 regoff 0x0 n 3 (table contents not committed)
  load op 9f at 6563: addr 0x502dfa450 idx 0 fmt 1 regoff 0x0 n 129 (table contents not committed)
  load op 63 at 6568: addr 0x502dffd50 idx 0 fmt 1 regoff 0x0 n 18 (table contents not committed)
  load op 64 at 6573: addr 0x502e00698 idx 0 fmt 1 regoff 0x0 n 3 (table contents not committed)
  load op 9f at 6686: addr 0x502dfa858 idx 0 fmt 1 regoff 0x0 n 58 (table contents not committed)
  load op 9f at 6791: addr 0x502dfaa28 idx 0 fmt 1 regoff 0x0 n 66 (table contents not committed)
  load op 9f at 6896: addr 0x502dfac38 idx 0 fmt 1 regoff 0x0 n 58 (table contents not committed)
  load op 9f at 7001: addr 0x502df81a0 idx 0 fmt 1 regoff 0x0 n 66 (table contents not committed)
  load op 9f at 7106: addr 0x502df83b0 idx 0 fmt 1 regoff 0x0 n 58 (table contents not committed)
  load op 9f at 7211: addr 0x502df8580 idx 0 fmt 1 regoff 0x0 n 130 (table contents not committed)
  load op 63 at 7216: addr 0x502dffde0 idx 0 fmt 1 regoff 0x0 n 18 (table contents not committed)
  load op 64 at 7221: addr 0x502e006b0 idx 0 fmt 1 regoff 0x0 n 3 (table contents not committed)
  load op 9f at 7348: addr 0x502df8990 idx 0 fmt 1 regoff 0x0 n 135 (table contents not committed)
  load op 63 at 7353: addr 0x502dffe70 idx 0 fmt 1 regoff 0x0 n 18 (table contents not committed)
  load op 64 at 7358: addr 0x502e006c8 idx 0 fmt 1 regoff 0x0 n 3 (table contents not committed)
  load op 63 at 7936: addr 0x502dfff00 idx 0 fmt 1 regoff 0x0 n 28 (table contents not committed)
  load op 64 at 8513: addr 0x502e006e0 idx 0 fmt 1 regoff 0x0 n 5 (table contents not committed)
  load op 9f at 8518: addr 0x502df8dc8 idx 0 fmt 1 regoff 0x0 n 113 (table contents not committed)
  load op 9f at 8525: addr 0x502df6918 idx 0 fmt 1 regoff 0x0 n 168 (table contents not committed)
submit #551 dcb 9023 dwords at 0x502702500: pass 559 rewrite 484 drop 408 unmapped 1 cc 8 mappings 1231 ... OK rc 0 26.21 ms
timing: #551 done at t 97.085 s, 1151.5 ms after the sync and hints
state stack #551: push 4 pop 4 conditional 1 unmatched 0; restored 3684 regs (+3748 dwords); tables 35, unreadable 0
timing: t 97.087 s acb 2 dwords: sync 12.5 ms, hints 0.0 ms
submit #552 acb 2 dwords at 0xfe003a200: pass 1 rewrite 0 drop 0 unmapped 0 cc 0 mappings 1231 ... OK rc 0 22.88 ms
timing: #552 done at t 97.127 s, 27.5 ms after the sync and hints
cpu-wait WAIT_REG_MEM64 at 0 on 0x400202f80: satisfied after 0.0 ms
timing: t 97.129 s after that wait (acb 49 dwords)
timing: t 97.128 s cc 3 dwords: sync 13.0 ms, hints 0.0 ms
submit #553 cc 3 dwords at 0x313b17cf4: pass 0 rewrite 1 drop 0 unmapped 0 cc 1 mappings 1231 ... OK rc 0 23.22 ms
timing: #553 done at t 97.170 s, 28.2 ms after the sync and hints
timing: t 97.171 s acb 49 dwords: sync 12.4 ms, hints 0.0 ms
submit #554 acb 49 dwords at 0x4002a69dc: pass 2 rewrite 3 drop 3 unmapped 0 cc 0 mappings 1231 ... OK rc 0 22.95 ms
timing: #554 done at t 97.211 s, 27.8 ms after the sync and hints
timing: t 97.212 s hib 150 dwords: sync 13.0 ms, hints 0.1 ms
  load op 61 at 10: base 0xfe0008000 pairs (0x0,215) (0xd8,272) (0x1f5,4) (0x1ff,158) (0x2a0,2) (0x2a3,1) (0x2a5,66) (0x2f5,203)
  load op 5f at 29: base 0xfe0010000 pairs (0x1,1) (0x6,38) (0x32,4) (0x80,4) (0x87,37) (0xb2,4) (0xc8,2) (0x100,4) (0x107,37) (0x132,4) (0x148,2) (0x204,3) (0x20c,2) (0x212,2) (0x215,6) (0x224,5) (0x22a,1) (0x240,16) (0x27d,1) (0x280,1) (0x207,3)
  load op 5e at 74: base 0xfe0011000 pairs (0x35,8) (0xa2,1) (0x242,1) (0x248,1) (0x24a,2) (0x25b,6) (0x262,1) (0x2bb,5) (0x2c4,16) (0x2e4,8) (0x380,2) (0x383,2) (0x41d,3) (0x24d,1)
  load op 61 at 105: base 0xfe0008000 pairs (0x0,0)
  load op 5f at 110: base 0xfe0010000 pairs (0x0,0)
  load op 5e at 115: base 0xfe0011000 pairs (0x0,0)
  load op 61 at 125: base 0xfe0008000 pairs (0x0,0)
  load op 5f at 130: base 0xfe0010000 pairs (0x0,0)
  load op 5e at 135: base 0xfe0011000 pairs (0x0,0)
submit #555 hib 150 dwords at 0xfe0000000: pass 12 rewrite 2 drop 2 unmapped 0 cc 2 mappings 1231 ... OK rc 0 22.90 ms
timing: #555 done at t 97.307 s, 82.6 ms after the sync and hints
timing: t 97.308 s hib 2 dwords: sync 12.4 ms, hints 0.0 ms
submit #556 hib 2 dwords at 0xfe003a200: pass 1 rewrite 0 drop 0 unmapped 0 cc 0 mappings 1231 ... OK rc 0 22.95 ms
timing: #556 done at t 97.348 s, 27.7 ms after the sync and hints
timing: t 97.349 s dcb 96 dwords: sync 12.2 ms, hints 0.1 ms
  load op 9f at 38: addr 0xfe0040068 idx 0 fmt 1 regoff 0x0 n 921 (table contents not committed)
  load op 63 at 43: addr 0xfe0042068 idx 0 fmt 1 regoff 0x0 n 174 (table contents not committed)
  load op 64 at 48: addr 0xfe00425d8 idx 0 fmt 1 regoff 0x0 n 49 (table contents not committed)
submit #557 dcb 96 dwords at 0xfe0042920: pass 20 rewrite 2 drop 2 unmapped 0 cc 0 mappings 1231 ... OK rc 0 23.23 ms
timing: #557 done at t 97.435 s, 73.8 ms after the sync and hints
timing: t 97.436 s dcb 2647 dwords: sync 12.4 ms, hints 0.2 ms
  load op 9f at 36: addr 0xfe0040068 idx 0 fmt 1 regoff 0x0 n 921 (table contents not committed)
  load op 63 at 41: addr 0xfe0042068 idx 0 fmt 1 regoff 0x0 n 174 (table contents not committed)
  load op 64 at 46: addr 0xfe00425d8 idx 0 fmt 1 regoff 0x0 n 57 (table contents not committed)
  load op 9f at 88: addr 0x504a01500 idx 0 fmt 1 regoff 0x0 n 136 (table contents not committed)
  load op 64 at 93: addr 0x504a00500 idx 0 fmt 1 regoff 0x0 n 3 (table contents not committed)
  load op 63 at 98: addr 0x5049ff500 idx 0 fmt 1 regoff 0x0 n 3 (table contents not committed)
  load op 9f at 1541: addr 0xfe0040068 idx 0 fmt 1 regoff 0x0 n 921 (table contents not committed)
  load op 9f at 1548: addr 0x504a01940 idx 0 fmt 1 regoff 0x0 n 70 (table contents not committed)
  load op 63 at 1553: addr 0x908e5ff90 idx 0 fmt 1 regoff 0x0 n 6 (table contents not committed)
  load op 9f at 1558: addr 0x908e5ffc0 idx 0 fmt 1 regoff 0x0 n 10 (table contents not committed)
  load op 63 at 1563: addr 0x908e5f7d0 idx 0 fmt 1 regoff 0x0 n 6 (table contents not committed)
  load op 9f at 1568: addr 0x908e5f800 idx 0 fmt 1 regoff 0x0 n 9 (table contents not committed)
  load op 64 at 1573: addr 0x504a00518 idx 0 fmt 1 regoff 0x0 n 5 (table contents not committed)
  load op 9f at 1691: addr 0x504a01b70 idx 0 fmt 1 regoff 0x0 n 131 (table contents not committed)
  load op 64 at 1698: addr 0x504a00540 idx 0 fmt 1 regoff 0x0 n 1 (table contents not committed)
  load op 9f at 1730: addr 0xfe0040068 idx 0 fmt 1 regoff 0x0 n 921 (table contents not committed)
  load op 9f at 1737: addr 0x504a01f88 idx 0 fmt 1 regoff 0x0 n 70 (table contents not committed)
  load op 63 at 1742: addr 0x908e5ff90 idx 0 fmt 1 regoff 0x0 n 6 (table contents not committed)
  load op 9f at 1747: addr 0x908e5ffc0 idx 0 fmt 1 regoff 0x0 n 10 (table contents not committed)
  load op 63 at 1752: addr 0x908e5f7d0 idx 0 fmt 1 regoff 0x0 n 6 (table contents not committed)
  load op 9f at 1757: addr 0x908e5f800 idx 0 fmt 1 regoff 0x0 n 9 (table contents not committed)
  load op 64 at 1762: addr 0x504a00548 idx 0 fmt 1 regoff 0x0 n 5 (table contents not committed)
  load op 63 at 1858: addr 0x5049ff518 idx 0 fmt 1 regoff 0x0 n 10 (table contents not committed)
  load op 63 at 2049: addr 0x5049ff568 idx 0 fmt 1 regoff 0x0 n 28 (table contents not committed)
  load op 64 at 2123: addr 0x504a00570 idx 0 fmt 1 regoff 0x0 n 5 (table contents not committed)
  load op 9f at 2130: addr 0x504a021b8 idx 0 fmt 1 regoff 0x0 n 96 (table contents not committed)
  load op 9f at 2135: addr 0x5049fe390 idx 0 fmt 1 regoff 0x0 n 194 (table contents not committed)
submit #558 dcb 2647 dwords at 0x504302500: pass 236 rewrite 123 drop 120 unmapped 0 cc 4 mappings 1231 ... OK rc 0 23.45 ms
timing: #558 done at t 97.843 s, 394.0 ms after the sync and hints
state stack #558: push 2 pop 2 conditional 1 unmatched 0; restored 1842 regs (+1874 dwords); tables 13, unreadable 0
timing: t 97.846 s dcb 851 dwords: sync 12.4 ms, hints 0.1 ms
  load op 9f at 38: addr 0xfe0040068 idx 0 fmt 1 regoff 0x0 n 921 (table contents not committed)
  load op 63 at 43: addr 0xfe0042068 idx 0 fmt 1 regoff 0x0 n 174 (table contents not committed)
  load op 64 at 48: addr 0xfe00425d8 idx 0 fmt 1 regoff 0x0 n 57 (table contents not committed)
  load op 9f at 90: addr 0x506201500 idx 0 fmt 1 regoff 0x0 n 5 (table contents not committed)
  load op 64 at 95: addr 0x506200500 idx 0 fmt 1 regoff 0x0 n 2 (table contents not committed)
  load op 63 at 100: addr 0x5061ff500 idx 0 fmt 1 regoff 0x0 n 3 (table contents not committed)
submit #559 dcb 851 dwords at 0x505e02500: pass 47 rewrite 55 drop 45 unmapped 0 cc 0 mappings 1231 ... OK rc 0 22.92 ms
timing: #559 done at t 97.955 s, 96.7 ms after the sync and hints
timing: t 97.956 s acb 2 dwords: sync 12.4 ms, hints 0.1 ms
submit #560 acb 2 dwords at 0xfe003a200: pass 1 rewrite 0 drop 0 unmapped 0 cc 0 mappings 1231 ... OK rc 0 23.01 ms
timing: #560 done at t 97.996 s, 28.0 ms after the sync and hints
cpu-wait WAIT_REG_MEM64 at 87 on 0x400203980: satisfied after 0.0 ms
timing: t 97.998 s after that wait (acb 463 dwords)
timing: t 97.997 s dcb 798 dwords: sync 12.8 ms, hints 0.2 ms
  load op 9f at 35: addr 0xfe0040068 idx 0 fmt 1 regoff 0x0 n 921 (table contents not committed)
  load op 63 at 40: addr 0xfe0042068 idx 0 fmt 1 regoff 0x0 n 174 (table contents not committed)
  load op 64 at 45: addr 0xfe00425d8 idx 0 fmt 1 regoff 0x0 n 57 (table contents not committed)
  load op 9f at 87: addr 0x507401500 idx 0 fmt 1 regoff 0x0 n 136 (table contents not committed)
  load op 64 at 92: addr 0x507400500 idx 0 fmt 1 regoff 0x0 n 3 (table contents not committed)
  load op 63 at 97: addr 0x5073ff500 idx 0 fmt 1 regoff 0x0 n 3 (table contents not committed)
  load op 9f at 212: addr 0xfe0040068 idx 0 fmt 1 regoff 0x0 n 921 (table contents not committed)
  load op 9f at 219: addr 0x507401940 idx 0 fmt 1 regoff 0x0 n 70 (table contents not committed)
  load op 63 at 224: addr 0x908e5ff90 idx 0 fmt 1 regoff 0x0 n 6 (table contents not committed)
  load op 9f at 229: addr 0x908e5ffc0 idx 0 fmt 1 regoff 0x0 n 10 (table contents not committed)
  load op 63 at 234: addr 0x908e5f7d0 idx 0 fmt 1 regoff 0x0 n 6 (table contents not committed)
  load op 9f at 239: addr 0x908e5f800 idx 0 fmt 1 regoff 0x0 n 9 (table contents not committed)
  load op 64 at 244: addr 0x507400518 idx 0 fmt 1 regoff 0x0 n 5 (table contents not committed)
  load op 9f at 340: addr 0x507401b70 idx 0 fmt 1 regoff 0x0 n 131 (table contents not committed)
  load op 64 at 347: addr 0x507400540 idx 0 fmt 1 regoff 0x0 n 1 (table contents not committed)
  load op 9f at 379: addr 0xfe0040068 idx 0 fmt 1 regoff 0x0 n 921 (table contents not committed)
  load op 9f at 386: addr 0x507401f88 idx 0 fmt 1 regoff 0x0 n 70 (table contents not committed)
  load op 63 at 391: addr 0x908e5ff90 idx 0 fmt 1 regoff 0x0 n 6 (table contents not committed)
  load op 9f at 396: addr 0x908e5ffc0 idx 0 fmt 1 regoff 0x0 n 10 (table contents not committed)
  load op 63 at 401: addr 0x908e5f7d0 idx 0 fmt 1 regoff 0x0 n 6 (table contents not committed)
  load op 9f at 406: addr 0x908e5f800 idx 0 fmt 1 regoff 0x0 n 9 (table contents not committed)
  load op 64 at 411: addr 0x507400548 idx 0 fmt 1 regoff 0x0 n 5 (table contents not committed)
  load op 9f at 548: addr 0x5074021b8 idx 0 fmt 1 regoff 0x0 n 98 (table contents not committed)
  load op 64 at 555: addr 0x507400570 idx 0 fmt 1 regoff 0x0 n 1 (table contents not committed)
  load op 9f at 560: addr 0x5073fe500 idx 0 fmt 1 regoff 0x0 n 33 (table contents not committed)
  load op 9f at 592: addr 0xfe0040068 idx 0 fmt 1 regoff 0x0 n 921 (table contents not committed)
  load op 9f at 599: addr 0x5073fe608 idx 0 fmt 1 regoff 0x0 n 70 (table contents not committed)
  load op 63 at 604: addr 0x908e5ff90 idx 0 fmt 1 regoff 0x0 n 6 (table contents not committed)
  load op 9f at 609: addr 0x908e5ffc0 idx 0 fmt 1 regoff 0x0 n 10 (table contents not committed)
  load op 63 at 614: addr 0x908e5f7d0 idx 0 fmt 1 regoff 0x0 n 6 (table contents not committed)
  load op 9f at 619: addr 0x908e5f800 idx 0 fmt 1 regoff 0x0 n 9 (table contents not committed)
  load op 64 at 624: addr 0x507400578 idx 0 fmt 1 regoff 0x0 n 5 (table contents not committed)
submit #561 dcb 798 dwords at 0x506e02500: pass 103 rewrite 35 drop 22 unmapped 0 cc 6 mappings 1231 ... OK rc 0 23.72 ms
timing: #561 done at t 98.461 s, 451.1 ms after the sync and hints
state stack #561: push 3 pop 3 conditional 1 unmatched 0; restored 2763 regs (+2811 dwords); tables 17, unreadable 0
timing: t 98.463 s acb 463 dwords: sync 12.4 ms, hints 0.0 ms
submit #562 acb 463 dwords at 0x400526840: pass 43 rewrite 11 drop 27 unmapped 0 cc 0 mappings 1231 ... OK rc 0 23.35 ms
timing: #562 done at t 98.504 s, 28.4 ms after the sync and hints
acb head: 1287 of 1336 dwords go ahead of the wait at 1287 on 0x400203b80
timing: t 98.505 s dcb 1248 dwords: sync 12.7 ms, hints 0.2 ms
  load op 9f at 36: addr 0xfe0040068 idx 0 fmt 1 regoff 0x0 n 921 (table contents not committed)
  load op 63 at 41: addr 0xfe0042068 idx 0 fmt 1 regoff 0x0 n 174 (table contents not committed)
  load op 64 at 46: addr 0xfe00425d8 idx 0 fmt 1 regoff 0x0 n 57 (table contents not committed)
  load op 9f at 88: addr 0x505601500 idx 0 fmt 1 regoff 0x0 n 5 (table contents not committed)
  load op 64 at 93: addr 0x505600500 idx 0 fmt 1 regoff 0x0 n 2 (table contents not committed)
  load op 63 at 98: addr 0x5055ff500 idx 0 fmt 1 regoff 0x0 n 3 (table contents not committed)
  load op 9f at 756: addr 0xfe0040068 idx 0 fmt 1 regoff 0x0 n 921 (table contents not committed)
  load op 9f at 763: addr 0x505601528 idx 0 fmt 1 regoff 0x0 n 74 (table contents not committed)
  load op 63 at 768: addr 0x908e5ff90 idx 0 fmt 1 regoff 0x0 n 6 (table contents not committed)
  load op 9f at 773: addr 0x908e5ffc0 idx 0 fmt 1 regoff 0x0 n 10 (table contents not committed)
  load op 64 at 778: addr 0x505600510 idx 0 fmt 1 regoff 0x0 n 5 (table contents not committed)
  load op 9f at 901: addr 0xfe0040068 idx 0 fmt 1 regoff 0x0 n 921 (table contents not committed)
  load op 9f at 908: addr 0x505601778 idx 0 fmt 1 regoff 0x0 n 74 (table contents not committed)
  load op 63 at 913: addr 0x908e5ff90 idx 0 fmt 1 regoff 0x0 n 6 (table contents not committed)
  load op 9f at 918: addr 0x908e5ffc0 idx 0 fmt 1 regoff 0x0 n 10 (table contents not committed)
  load op 64 at 923: addr 0x505600538 idx 0 fmt 1 regoff 0x0 n 5 (table contents not committed)
  load op 9f at 1046: addr 0xfe0040068 idx 0 fmt 1 regoff 0x0 n 921 (table contents not committed)
  load op 9f at 1053: addr 0x5056019c8 idx 0 fmt 1 regoff 0x0 n 74 (table contents not committed)
  load op 63 at 1058: addr 0x908e5ff90 idx 0 fmt 1 regoff 0x0 n 6 (table contents not committed)
  load op 9f at 1063: addr 0x908e5ffc0 idx 0 fmt 1 regoff 0x0 n 10 (table contents not committed)
  load op 64 at 1068: addr 0x505600560 idx 0 fmt 1 regoff 0x0 n 5 (table contents not committed)
submit #563 dcb 1248 dwords at 0x505202500: pass 151 rewrite 46 drop 45 unmapped 0 cc 6 mappings 1231 ... OK rc 0 23.29 ms
timing: #563 done at t 98.821 s, 302.9 ms after the sync and hints
state stack #563: push 3 pop 3 conditional 1 unmatched 0; restored 2763 regs (+2811 dwords); tables 11, unreadable 0
flip 1/1 buffer 0x5093f0000 +0x1fe0000: sum 0x17ea65194594 nonzero 8100/8160 pattern 0
  target CB0 0x507410000: distinct 53 min 0xc0000000 max 0xc340d034,   target CB0 0x507410000: nonzero 1024/1024
  target CB0 0x563800000: distinct 1 min 0x00000000 max 0x00000000,   target CB0 0x563800000: nonzero 0/1024
  target CB0 0x55c00d000: distinct 4 min 0x00000000 max 0xffffffff,   target CB0 0x55c00d000: nonzero 147/1024
  target CB0 0x5637f0000: distinct 1 min 0x00000000 max 0x00000000,   target CB0 0x5637f0000: nonzero 0/1024
  target CB0 0x526bf0000: distinct 1 min 0x38003800 max 0x38003800,   target CB0 0x526bf0000: nonzero 1024/1024
  target CB0 0x5719a8000: distinct 15 min 0x00000000 max 0xffffffff,   target CB0 0x5719a8000: nonzero 102/1024
  target DB_HTILE 0x5203a0000: distinct 2 min 0x00000000 max 0xfffffff0,   target DB_HTILE 0x5203a0000: nonzero 160/1024
  target DB_Z_READ 0x51db50000: distinct 1 min 0x3f800000 max 0x3f800000, timing: t 98.822 s acb 1287 dwords: sync 13.1 ms, hints 0.1 ms
  target DB_Z_READ 0x51db50000: nonzero 1024/1024
  target DB_STENCIL_READ 0x51fb30000: distinct 1 min 0x80800000 max 0x80800000,   target DB_STENCIL_READ 0x51fb30000: nonzero 1024/1024
submit #564 acb 1287 dwords at 0x400345640: pass 118 rewrite 35 drop 63 unmapped 0 cc 0 mappings 1231 ...   target CB0 0x513bf0000: distinct 1 min 0x00000000 max 0x00000000,   target CB0 0x513bf0000: nonzero 0/1024
  target CB0 0x571867000: distinct 17 min 0x00000000 max 0xffffffff,   target CB0 0x571867000: nonzero 215/1024
  target CB0 0x57187b000: distinct 17 min 0x00000000 max 0xffffffff,   target CB0 0x57187b000: nonzero 195/1024
  target CB0 0x519b90000: distinct 1 min 0x00000000 max 0x00000000,   target CB0 0x519b90000: nonzero 0/1024
  target CB0 0x5718eb000: distinct 16 min 0x00000000 max 0xffffffff,   target CB0 0x5718eb000: nonzero 123/1024
  target DB_HTILE 0x55c050000: distinct 3 min 0x00000000 max 0xffffffff,   target DB_HTILE 0x55c050000: nonzero 144/1024
  target DB_Z_READ 0x527430000: distinct 1 min 0xffffffff max 0xffffffff,   target DB_Z_READ 0x527430000: nonzero 1024/1024
timing: t 98.853 s flip 1/1, VideoOutSubmitFlip took 0.0 ms
OK rc 0 24.16 ms
timing: #564 done at t 98.867 s, 31.5 ms after the sync and hints
cpu-wait WAIT_REG_MEM64 at 115 on 0x400203940: satisfied after 0.0 ms
timing: t 98.869 s after that wait (dcb 9023 dwords)
cpu-wait WAIT_REG_MEM64 at 1629 on 0x4002039c0: satisfied after 0.0 ms
timing: t 98.871 s after that wait (dcb 9023 dwords)
cpu-wait WAIT_REG_MEM64 at 8472 on 0x559cd49a53d8: satisfied after 0.0 ms
timing: t 98.872 s after that wait (dcb 9023 dwords)
timing: t 98.873 s dcb 9023 dwords: sync 12.4 ms, hints 0.3 ms
  indirect op 16 at 1246: base 0x5074063c0 +0x0 -> 1 1 1 0 0
  indirect op 16 at 1278: base 0x5074063e0 +0x0 -> 1 1 1 0 0
  indirect op 16 at 1310: base 0x50740a520 +0x0 -> 1 1 1 0 0
  indirect op 16 at 1342: base 0x50740a540 +0x0 -> 1 1 1 0 0
  indirect op 25 at 4584: base 0x56ddaffa0 +0x0 -> 1 512 0 0 0
  load op 9f at 28: addr 0xfe0040068 idx 0 fmt 1 regoff 0x0 n 921 (table contents not committed)
  load op 63 at 33: addr 0xfe0042068 idx 0 fmt 1 regoff 0x0 n 174 (table contents not committed)
  load op 64 at 38: addr 0xfe00425d8 idx 0 fmt 1 regoff 0x0 n 57 (table contents not committed)
  load op 9f at 80: addr 0x503501500 idx 0 fmt 1 regoff 0x0 n 295 (table contents not committed)
  load op 64 at 85: addr 0x503500500 idx 0 fmt 1 regoff 0x0 n 7 (table contents not committed)
  load op 63 at 90: addr 0x5034ff500 idx 0 fmt 1 regoff 0x0 n 13 (table contents not committed)
  load op 63 at 342: addr 0x5034ff568 idx 0 fmt 1 regoff 0x0 n 10 (table contents not committed)
  load op 63 at 734: addr 0x5034ff5b8 idx 0 fmt 1 regoff 0x0 n 18 (table contents not committed)
  load op 63 at 1217: addr 0x5034ff648 idx 0 fmt 1 regoff 0x0 n 10 (table contents not committed)
  load op 63 at 1249: addr 0x5034ff698 idx 0 fmt 1 regoff 0x0 n 10 (table contents not committed)
  load op 63 at 1281: addr 0x5034ff6e8 idx 0 fmt 1 regoff 0x0 n 10 (table contents not committed)
  load op 63 at 1313: addr 0x5034ff738 idx 0 fmt 1 regoff 0x0 n 10 (table contents not committed)
  load op 9f at 1724: addr 0xfe0040068 idx 0 fmt 1 regoff 0x0 n 921 (table contents not committed)
  load op 9f at 1731: addr 0x503501e38 idx 0 fmt 1 regoff 0x0 n 74 (table contents not committed)
  load op 63 at 1736: addr 0x908e5ff90 idx 0 fmt 1 regoff 0x0 n 6 (table contents not committed)
  load op 9f at 1741: addr 0x908e5ffc0 idx 0 fmt 1 regoff 0x0 n 10 (table contents not committed)
  load op 64 at 1746: addr 0x503500538 idx 0 fmt 1 regoff 0x0 n 5 (table contents not committed)
  load op 9f at 1799: addr 0x503502088 idx 0 fmt 1 regoff 0x0 n 132 (table contents not committed)
  load op 63 at 1804: addr 0x5034ff788 idx 0 fmt 1 regoff 0x0 n 30 (table contents not committed)
  load op 64 at 1884: addr 0x503500560 idx 0 fmt 1 regoff 0x0 n 5 (table contents not committed)
  load op 9f at 1891: addr 0x5034fd440 idx 0 fmt 1 regoff 0x0 n 175 (table contents not committed)
  load op 63 at 2106: addr 0x5034ff878 idx 0 fmt 1 regoff 0x0 n 20 (table contents not committed)
  load op 9f at 3069: addr 0xfe0040068 idx 0 fmt 1 regoff 0x0 n 921 (table contents not committed)
  load op 9f at 3076: addr 0x5034fd9b8 idx 0 fmt 1 regoff 0x0 n 70 (table contents not committed)
  load op 63 at 3081: addr 0x908e5ff90 idx 0 fmt 1 regoff 0x0 n 6 (table contents not committed)
  load op 9f at 3086: addr 0x908e5ffc0 idx 0 fmt 1 regoff 0x0 n 10 (table contents not committed)
  load op 63 at 3091: addr 0x908e5f7d0 idx 0 fmt 1 regoff 0x0 n 6 (table contents not committed)
  load op 9f at 3096: addr 0x908e5f800 idx 0 fmt 1 regoff 0x0 n 9 (table contents not committed)
  load op 64 at 3101: addr 0x503500588 idx 0 fmt 1 regoff 0x0 n 5 (table contents not committed)
  load op 9f at 3140: addr 0x5034fdbe8 idx 0 fmt 1 regoff 0x0 n 19 (table contents not committed)
  load op 63 at 3145: addr 0x5034ff918 idx 0 fmt 1 regoff 0x0 n 12 (table contents not committed)
  load op 9f at 3268: addr 0xfe0040068 idx 0 fmt 1 regoff 0x0 n 921 (table contents not committed)
  load op 9f at 3275: addr 0x5034fdc80 idx 0 fmt 1 regoff 0x0 n 74 (table contents not committed)
  load op 63 at 3280: addr 0x908e5ff90 idx 0 fmt 1 regoff 0x0 n 6 (table contents not committed)
  load op 9f at 3285: addr 0x908e5ffc0 idx 0 fmt 1 regoff 0x0 n 10 (table contents not committed)
  load op 64 at 3290: addr 0x5035005b0 idx 0 fmt 1 regoff 0x0 n 5 (table contents not committed)
  load op 9f at 3329: addr 0x5034fded0 idx 0 fmt 1 regoff 0x0 n 166 (table contents not committed)
  load op 63 at 3334: addr 0x5034ff978 idx 0 fmt 1 regoff 0x0 n 30 (table contents not committed)
  load op 64 at 3430: addr 0x5035005d8 idx 0 fmt 1 regoff 0x0 n 5 (table contents not committed)
  load op 9f at 3437: addr 0x5034fc320 idx 0 fmt 1 regoff 0x0 n 135 (table contents not committed)
  load op 63 at 3675: addr 0x5034ffa68 idx 0 fmt 1 regoff 0x0 n 36 (table contents not committed)
  load op 64 at 4540: addr 0x503500600 idx 0 fmt 1 regoff 0x0 n 6 (table contents not committed)
  load op 9f at 4545: addr 0x5034fc758 idx 0 fmt 1 regoff 0x0 n 376 (table contents not committed)
  load op 9f at 4552: addr 0x5034fb118 idx 0 fmt 1 regoff 0x0 n 205 (table contents not committed)
  load op 9f at 4853: addr 0xfe0040068 idx 0 fmt 1 regoff 0x0 n 921 (table contents not committed)
  load op 9f at 4860: addr 0x5034fb780 idx 0 fmt 1 regoff 0x0 n 74 (table contents not committed)
  load op 63 at 4865: addr 0x908e5ff90 idx 0 fmt 1 regoff 0x0 n 6 (table contents not committed)
  load op 9f at 4870: addr 0x908e5ffc0 idx 0 fmt 1 regoff 0x0 n 10 (table contents not committed)
  load op 64 at 4875: addr 0x503500630 idx 0 fmt 1 regoff 0x0 n 5 (table contents not committed)
  load op 63 at 4914: addr 0x5034ffb88 idx 0 fmt 1 regoff 0x0 n 21 (table contents not committed)
  load op 9f at 4925: addr 0x5034fb9d0 idx 0 fmt 1 regoff 0x0 n 223 (table contents not committed)
  load op 64 at 6315: addr 0x503500658 idx 0 fmt 1 regoff 0x0 n 5 (table contents not committed)
  load op 63 at 6322: addr 0x5034ffc30 idx 0 fmt 1 regoff 0x0 n 18 (table contents not committed)
  load op 9f at 6327: addr 0x5034f9e30 idx 0 fmt 1 regoff 0x0 n 67 (table contents not committed)
  load op 9f at 6440: addr 0x5034fa048 idx 0 fmt 1 regoff 0x0 n 129 (table contents not committed)
  load op 63 at 6445: addr 0x5034ffcc0 idx 0 fmt 1 regoff 0x0 n 18 (table contents not committed)
  load op 64 at 6450: addr 0x503500680 idx 0 fmt 1 regoff 0x0 n 3 (table contents not committed)
  load op 9f at 6563: addr 0x5034fa450 idx 0 fmt 1 regoff 0x0 n 129 (table contents not committed)
  load op 63 at 6568: addr 0x5034ffd50 idx 0 fmt 1 regoff 0x0 n 18 (table contents not committed)
  load op 64 at 6573: addr 0x503500698 idx 0 fmt 1 regoff 0x0 n 3 (table contents not committed)
  load op 9f at 6686: addr 0x5034fa858 idx 0 fmt 1 regoff 0x0 n 58 (table contents not committed)
  load op 9f at 6791: addr 0x5034faa28 idx 0 fmt 1 regoff 0x0 n 66 (table contents not committed)
  load op 9f at 6896: addr 0x5034fac38 idx 0 fmt 1 regoff 0x0 n 58 (table contents not committed)
  load op 9f at 7001: addr 0x5034f81a0 idx 0 fmt 1 regoff 0x0 n 66 (table contents not committed)
  load op 9f at 7106: addr 0x5034f83b0 idx 0 fmt 1 regoff 0x0 n 58 (table contents not committed)
  load op 9f at 7211: addr 0x5034f8580 idx 0 fmt 1 regoff 0x0 n 130 (table contents not committed)
  load op 63 at 7216: addr 0x5034ffde0 idx 0 fmt 1 regoff 0x0 n 18 (table contents not committed)
  load op 64 at 7221: addr 0x5035006b0 idx 0 fmt 1 regoff 0x0 n 3 (table contents not committed)
  load op 9f at 7348: addr 0x5034f8990 idx 0 fmt 1 regoff 0x0 n 135 (table contents not committed)
  load op 63 at 7353: addr 0x5034ffe70 idx 0 fmt 1 regoff 0x0 n 18 (table contents not committed)
  load op 64 at 7358: addr 0x5035006c8 idx 0 fmt 1 regoff 0x0 n 3 (table contents not committed)
  load op 63 at 7936: addr 0x5034fff00 idx 0 fmt 1 regoff 0x0 n 28 (table contents not committed)
  load op 64 at 8513: addr 0x5035006e0 idx 0 fmt 1 regoff 0x0 n 5 (table contents not committed)
  load op 9f at 8518: addr 0x5034f8dc8 idx 0 fmt 1 regoff 0x0 n 113 (table contents not committed)
  load op 9f at 8525: addr 0x5034f6918 idx 0 fmt 1 regoff 0x0 n 168 (table contents not committed)
submit #565 dcb 9023 dwords at 0x502e02500: pass 559 rewrite 484 drop 408 unmapped 1 cc 8 mappings 1231 ... OK rc 0 26.77 ms
timing: #565 done at t 100.002 s, 1116.4 ms after the sync and hints
state stack #565: push 4 pop 4 conditional 1 unmatched 0; restored 3684 regs (+3748 dwords); tables 35, unreadable 0
timing: t 100.004 s acb 2 dwords: sync 12.7 ms, hints 0.0 ms
submit #566 acb 2 dwords at 0xfe003a200: pass 1 rewrite 0 drop 0 unmapped 0 cc 0 mappings 1231 ... OK rc 0 23.07 ms
timing: #566 done at t 100.045 s, 28.0 ms after the sync and hints
cpu-wait WAIT_REG_MEM64 at 0 on 0x400203b80: satisfied after 0.0 ms
timing: t 100.046 s after that wait (acb 49 dwords)
map 0x303e00000 +0x10000 ... ok
swapped pages taken as resident so far: 0
vmas 115 total 13079.0 MiB resident 4610.9 MiB mapped 4610.9 MiB
timing: t 100.046 s cc 3 dwords: sync 16.5 ms, hints 0.0 ms
submit #567 cc 3 dwords at 0x313b17cf4: pass 0 rewrite 1 drop 0 unmapped 0 cc 1 mappings 1232 ... OK rc 0 22.79 ms
timing: #567 done at t 100.090 s, 27.3 ms after the sync and hints
timing: t 100.090 s acb 49 dwords: sync 13.2 ms, hints 0.0 ms
submit #568 acb 49 dwords at 0x400346a5c: pass 2 rewrite 3 drop 3 unmapped 0 cc 0 mappings 1232 ... OK rc 0 23.43 ms
timing: #568 done at t 100.133 s, 29.0 ms after the sync and hints
timing: t 100.133 s hib 150 dwords: sync 12.8 ms, hints 0.1 ms
  load op 61 at 10: base 0xfe0008000 pairs (0x0,215) (0xd8,272) (0x1f5,4) (0x1ff,158) (0x2a0,2) (0x2a3,1) (0x2a5,66) (0x2f5,203)
  load op 5f at 29: base 0xfe0010000 pairs (0x1,1) (0x6,38) (0x32,4) (0x80,4) (0x87,37) (0xb2,4) (0xc8,2) (0x100,4) (0x107,37) (0x132,4) (0x148,2) (0x204,3) (0x20c,2) (0x212,2) (0x215,6) (0x224,5) (0x22a,1) (0x240,16) (0x27d,1) (0x280,1) (0x207,3)
  load op 5e at 74: base 0xfe0011000 pairs (0x35,8) (0xa2,1) (0x242,1) (0x248,1) (0x24a,2) (0x25b,6) (0x262,1) (0x2bb,5) (0x2c4,16) (0x2e4,8) (0x380,2) (0x383,2) (0x41d,3) (0x24d,1)
  load op 61 at 105: base 0xfe0008000 pairs (0x0,0)
  load op 5f at 110: base 0xfe0010000 pairs (0x0,0)
  load op 5e at 115: base 0xfe0011000 pairs (0x0,0)
  load op 61 at 125: base 0xfe0008000 pairs (0x0,0)
  load op 5f at 130: base 0xfe0010000 pairs (0x0,0)
  load op 5e at 135: base 0xfe0011000 pairs (0x0,0)
submit #569 hib 150 dwords at 0xfe0000000: pass 12 rewrite 2 drop 2 unmapped 0 cc 2 mappings 1232 ... OK rc 0 23.01 ms
timing: #569 done at t 100.228 s, 81.3 ms after the sync and hints
timing: t 100.229 s hib 2 dwords: sync 12.3 ms, hints 0.1 ms
submit #570 hib 2 dwords at 0xfe003a200: pass 1 rewrite 0 drop 0 unmapped 0 cc 0 mappings 1232 ... OK rc 0 22.95 ms
timing: #570 done at t 100.269 s, 27.8 ms after the sync and hints
timing: t 100.270 s dcb 96 dwords: sync 12.3 ms, hints 0.1 ms
  load op 9f at 38: addr 0xfe0040068 idx 0 fmt 1 regoff 0x0 n 921 (table contents not committed)
  load op 63 at 43: addr 0xfe0042068 idx 0 fmt 1 regoff 0x0 n 174 (table contents not committed)
  load op 64 at 48: addr 0xfe00425d8 idx 0 fmt 1 regoff 0x0 n 49 (table contents not committed)
submit #571 dcb 96 dwords at 0xfe0042920: pass 20 rewrite 2 drop 2 unmapped 0 cc 0 mappings 1232 ... OK rc 0 22.92 ms
timing: #571 done at t 100.356 s, 73.9 ms after the sync and hints
timing: t 100.357 s dcb 2647 dwords: sync 12.3 ms, hints 0.2 ms
  load op 9f at 36: addr 0xfe0040068 idx 0 fmt 1 regoff 0x0 n 921 (table contents not committed)
  load op 63 at 41: addr 0xfe0042068 idx 0 fmt 1 regoff 0x0 n 174 (table contents not committed)
  load op 64 at 46: addr 0xfe00425d8 idx 0 fmt 1 regoff 0x0 n 57 (table contents not committed)
  load op 9f at 88: addr 0x503c01500 idx 0 fmt 1 regoff 0x0 n 136 (table contents not committed)
  load op 64 at 93: addr 0x503c00500 idx 0 fmt 1 regoff 0x0 n 3 (table contents not committed)
  load op 63 at 98: addr 0x503bff500 idx 0 fmt 1 regoff 0x0 n 3 (table contents not committed)
  load op 9f at 1541: addr 0xfe0040068 idx 0 fmt 1 regoff 0x0 n 921 (table contents not committed)
  load op 9f at 1548: addr 0x503c01940 idx 0 fmt 1 regoff 0x0 n 70 (table contents not committed)
  load op 63 at 1553: addr 0x908e5ff90 idx 0 fmt 1 regoff 0x0 n 6 (table contents not committed)
  load op 9f at 1558: addr 0x908e5ffc0 idx 0 fmt 1 regoff 0x0 n 10 (table contents not committed)
  load op 63 at 1563: addr 0x908e5f7d0 idx 0 fmt 1 regoff 0x0 n 6 (table contents not committed)
  load op 9f at 1568: addr 0x908e5f800 idx 0 fmt 1 regoff 0x0 n 9 (table contents not committed)
  load op 64 at 1573: addr 0x503c00518 idx 0 fmt 1 regoff 0x0 n 5 (table contents not committed)
  load op 9f at 1691: addr 0x503c01b70 idx 0 fmt 1 regoff 0x0 n 131 (table contents not committed)
  load op 64 at 1698: addr 0x503c00540 idx 0 fmt 1 regoff 0x0 n 1 (table contents not committed)
  load op 9f at 1730: addr 0xfe0040068 idx 0 fmt 1 regoff 0x0 n 921 (table contents not committed)
  load op 9f at 1737: addr 0x503c01f88 idx 0 fmt 1 regoff 0x0 n 70 (table contents not committed)
  load op 63 at 1742: addr 0x908e5ff90 idx 0 fmt 1 regoff 0x0 n 6 (table contents not committed)
  load op 9f at 1747: addr 0x908e5ffc0 idx 0 fmt 1 regoff 0x0 n 10 (table contents not committed)
  load op 63 at 1752: addr 0x908e5f7d0 idx 0 fmt 1 regoff 0x0 n 6 (table contents not committed)
  load op 9f at 1757: addr 0x908e5f800 idx 0 fmt 1 regoff 0x0 n 9 (table contents not committed)
  load op 64 at 1762: addr 0x503c00548 idx 0 fmt 1 regoff 0x0 n 5 (table contents not committed)
  load op 63 at 1858: addr 0x503bff518 idx 0 fmt 1 regoff 0x0 n 10 (table contents not committed)
  load op 63 at 2049: addr 0x503bff568 idx 0 fmt 1 regoff 0x0 n 28 (table contents not committed)
  load op 64 at 2123: addr 0x503c00570 idx 0 fmt 1 regoff 0x0 n 5 (table contents not committed)
  load op 9f at 2130: addr 0x503c021b8 idx 0 fmt 1 regoff 0x0 n 96 (table contents not committed)
  load op 9f at 2135: addr 0x503bfe390 idx 0 fmt 1 regoff 0x0 n 194 (table contents not committed)
submit #572 dcb 2647 dwords at 0x503502500: pass 236 rewrite 123 drop 120 unmapped 0 cc 4 mappings 1232 ... OK rc 0 23.61 ms
timing: #572 done at t 100.758 s, 389.1 ms after the sync and hints
state stack #572: push 2 pop 2 conditional 1 unmatched 0; restored 1842 regs (+1874 dwords); tables 13, unreadable 0
timing: t 100.761 s dcb 851 dwords: sync 12.4 ms, hints 0.1 ms
  load op 9f at 38: addr 0xfe0040068 idx 0 fmt 1 regoff 0x0 n 921 (table contents not committed)
  load op 63 at 43: addr 0xfe0042068 idx 0 fmt 1 regoff 0x0 n 174 (table contents not committed)
  load op 64 at 48: addr 0xfe00425d8 idx 0 fmt 1 regoff 0x0 n 57 (table contents not committed)
  load op 9f at 90: addr 0x505a01500 idx 0 fmt 1 regoff 0x0 n 5 (table contents not committed)
  load op 64 at 95: addr 0x505a00500 idx 0 fmt 1 regoff 0x0 n 2 (table contents not committed)
  load op 63 at 100: addr 0x5059ff500 idx 0 fmt 1 regoff 0x0 n 3 (table contents not committed)
submit #573 dcb 851 dwords at 0x505602500: pass 47 rewrite 55 drop 45 unmapped 0 cc 0 mappings 1232 ... OK rc 0 23.60 ms
timing: #573 done at t 100.870 s, 97.4 ms after the sync and hints
timing: t 100.871 s acb 2 dwords: sync 12.5 ms, hints 0.0 ms
submit #574 acb 2 dwords at 0xfe003a200: pass 1 rewrite 0 drop 0 unmapped 0 cc 0 mappings 1232 ... OK rc 0 23.09 ms
timing: #574 done at t 100.912 s, 27.8 ms after the sync and hints
cpu-wait WAIT_REG_MEM64 at 87 on 0x400201a40: satisfied after 0.0 ms
timing: t 100.913 s after that wait (acb 463 dwords)
timing: t 100.913 s dcb 798 dwords: sync 12.4 ms, hints 0.2 ms
  load op 9f at 35: addr 0xfe0040068 idx 0 fmt 1 regoff 0x0 n 921 (table contents not committed)
  load op 63 at 40: addr 0xfe0042068 idx 0 fmt 1 regoff 0x0 n 174 (table contents not committed)
  load op 64 at 45: addr 0xfe00425d8 idx 0 fmt 1 regoff 0x0 n 57 (table contents not committed)
  load op 9f at 87: addr 0x506801500 idx 0 fmt 1 regoff 0x0 n 136 (table contents not committed)
  load op 64 at 92: addr 0x506800500 idx 0 fmt 1 regoff 0x0 n 3 (table contents not committed)
  load op 63 at 97: addr 0x5067ff500 idx 0 fmt 1 regoff 0x0 n 3 (table contents not committed)
  load op 9f at 212: addr 0xfe0040068 idx 0 fmt 1 regoff 0x0 n 921 (table contents not committed)
  load op 9f at 219: addr 0x506801940 idx 0 fmt 1 regoff 0x0 n 70 (table contents not committed)
  load op 63 at 224: addr 0x908e5ff90 idx 0 fmt 1 regoff 0x0 n 6 (table contents not committed)
  load op 9f at 229: addr 0x908e5ffc0 idx 0 fmt 1 regoff 0x0 n 10 (table contents not committed)
  load op 63 at 234: addr 0x908e5f7d0 idx 0 fmt 1 regoff 0x0 n 6 (table contents not committed)
  load op 9f at 239: addr 0x908e5f800 idx 0 fmt 1 regoff 0x0 n 9 (table contents not committed)
  load op 64 at 244: addr 0x506800518 idx 0 fmt 1 regoff 0x0 n 5 (table contents not committed)
  load op 9f at 340: addr 0x506801b70 idx 0 fmt 1 regoff 0x0 n 131 (table contents not committed)
  load op 64 at 347: addr 0x506800540 idx 0 fmt 1 regoff 0x0 n 1 (table contents not committed)
  load op 9f at 379: addr 0xfe0040068 idx 0 fmt 1 regoff 0x0 n 921 (table contents not committed)
  load op 9f at 386: addr 0x506801f88 idx 0 fmt 1 regoff 0x0 n 70 (table contents not committed)
  load op 63 at 391: addr 0x908e5ff90 idx 0 fmt 1 regoff 0x0 n 6 (table contents not committed)
  load op 9f at 396: addr 0x908e5ffc0 idx 0 fmt 1 regoff 0x0 n 10 (table contents not committed)
  load op 63 at 401: addr 0x908e5f7d0 idx 0 fmt 1 regoff 0x0 n 6 (table contents not committed)
  load op 9f at 406: addr 0x908e5f800 idx 0 fmt 1 regoff 0x0 n 9 (table contents not committed)
  load op 64 at 411: addr 0x506800548 idx 0 fmt 1 regoff 0x0 n 5 (table contents not committed)
  load op 9f at 548: addr 0x5068021b8 idx 0 fmt 1 regoff 0x0 n 98 (table contents not committed)
  load op 64 at 555: addr 0x506800570 idx 0 fmt 1 regoff 0x0 n 1 (table contents not committed)
  load op 9f at 560: addr 0x5067fe500 idx 0 fmt 1 regoff 0x0 n 33 (table contents not committed)
  load op 9f at 592: addr 0xfe0040068 idx 0 fmt 1 regoff 0x0 n 921 (table contents not committed)
  load op 9f at 599: addr 0x5067fe608 idx 0 fmt 1 regoff 0x0 n 70 (table contents not committed)
  load op 63 at 604: addr 0x908e5ff90 idx 0 fmt 1 regoff 0x0 n 6 (table contents not committed)
  load op 9f at 609: addr 0x908e5ffc0 idx 0 fmt 1 regoff 0x0 n 10 (table contents not committed)
  load op 63 at 614: addr 0x908e5f7d0 idx 0 fmt 1 regoff 0x0 n 6 (table contents not committed)
  load op 9f at 619: addr 0x908e5f800 idx 0 fmt 1 regoff 0x0 n 9 (table contents not committed)
  load op 64 at 624: addr 0x506800578 idx 0 fmt 1 regoff 0x0 n 5 (table contents not committed)
submit #575 dcb 798 dwords at 0x506202500: pass 103 rewrite 35 drop 22 unmapped 0 cc 6 mappings 1232 ... OK rc 0 24.10 ms
timing: #575 done at t 101.376 s, 450.8 ms after the sync and hints
state stack #575: push 3 pop 3 conditional 1 unmatched 0; restored 2763 regs (+2811 dwords); tables 17, unreadable 0
timing: t 101.378 s acb 463 dwords: sync 12.7 ms, hints 0.0 ms
submit #576 acb 463 dwords at 0x4003e6740: pass 43 rewrite 11 drop 27 unmapped 0 cc 0 mappings 1232 ... OK rc 0 23.25 ms
timing: #576 done at t 101.419 s, 28.1 ms after the sync and hints
acb head: 1287 of 1336 dwords go ahead of the wait at 1287 on 0x400202380
timing: t 101.419 s dcb 1248 dwords: sync 12.4 ms, hints 0.2 ms
  load op 9f at 36: addr 0xfe0040068 idx 0 fmt 1 regoff 0x0 n 921 (table contents not committed)
  load op 63 at 41: addr 0xfe0042068 idx 0 fmt 1 regoff 0x0 n 174 (table contents not committed)
  load op 64 at 46: addr 0xfe00425d8 idx 0 fmt 1 regoff 0x0 n 57 (table contents not committed)
  load op 9f at 88: addr 0x504e01500 idx 0 fmt 1 regoff 0x0 n 5 (table contents not committed)
  load op 64 at 93: addr 0x504e00500 idx 0 fmt 1 regoff 0x0 n 2 (table contents not committed)
  load op 63 at 98: addr 0x504dff500 idx 0 fmt 1 regoff 0x0 n 3 (table contents not committed)
  load op 9f at 756: addr 0xfe0040068 idx 0 fmt 1 regoff 0x0 n 921 (table contents not committed)
  load op 9f at 763: addr 0x504e01528 idx 0 fmt 1 regoff 0x0 n 74 (table contents not committed)
  load op 63 at 768: addr 0x908e5ff90 idx 0 fmt 1 regoff 0x0 n 6 (table contents not committed)
  load op 9f at 773: addr 0x908e5ffc0 idx 0 fmt 1 regoff 0x0 n 10 (table contents not committed)
  load op 64 at 778: addr 0x504e00510 idx 0 fmt 1 regoff 0x0 n 5 (table contents not committed)
  load op 9f at 901: addr 0xfe0040068 idx 0 fmt 1 regoff 0x0 n 921 (table contents not committed)
  load op 9f at 908: addr 0x504e01778 idx 0 fmt 1 regoff 0x0 n 74 (table contents not committed)
  load op 63 at 913: addr 0x908e5ff90 idx 0 fmt 1 regoff 0x0 n 6 (table contents not committed)
  load op 9f at 918: addr 0x908e5ffc0 idx 0 fmt 1 regoff 0x0 n 10 (table contents not committed)
  load op 64 at 923: addr 0x504e00538 idx 0 fmt 1 regoff 0x0 n 5 (table contents not committed)
  load op 9f at 1046: addr 0xfe0040068 idx 0 fmt 1 regoff 0x0 n 921 (table contents not committed)
  load op 9f at 1053: addr 0x504e019c8 idx 0 fmt 1 regoff 0x0 n 74 (table contents not committed)
  load op 63 at 1058: addr 0x908e5ff90 idx 0 fmt 1 regoff 0x0 n 6 (table contents not committed)
  load op 9f at 1063: addr 0x908e5ffc0 idx 0 fmt 1 regoff 0x0 n 10 (table contents not committed)
  load op 64 at 1068: addr 0x504e00560 idx 0 fmt 1 regoff 0x0 n 5 (table contents not committed)
submit #577 dcb 1248 dwords at 0x504a02500: pass 151 rewrite 46 drop 45 unmapped 0 cc 6 mappings 1232 ... OK rc 0 23.56 ms
timing: #577 done at t 101.737 s, 305.2 ms after the sync and hints
state stack #577: push 3 pop 3 conditional 1 unmatched 0; restored 2763 regs (+2811 dwords); tables 11, unreadable 0
flip 1/0 buffer 0x507410000 +0x1fe0000: sum 0x17ea65194594 nonzero 8100/8160 pattern 0
  target CB0 0x5093f0000: distinct 53 min 0xc0000000 max 0xc340d034,   target CB0 0x5093f0000: nonzero 1024/1024
  target CB0 0x563800000: distinct 1 min 0x00000000 max 0x00000000,   target CB0 0x563800000: nonzero 0/1024
  target CB0 0x55c00d000: distinct 4 min 0x00000000 max 0xffffffff,   target CB0 0x55c00d000: nonzero 147/1024
  target CB0 0x5637f0000: distinct 1 min 0x00000000 max 0x00000000,   target CB0 0x5637f0000: nonzero 0/1024
  target CB0 0x526bf0000: distinct 1 min 0x38003800 max 0x38003800,   target CB0 0x526bf0000: nonzero 1024/1024
  target CB0 0x5719a8000: distinct 15 min 0x00000000 max 0xffffffff,   target CB0 0x5719a8000: nonzero 102/1024
  target DB_HTILE 0x5203a0000: distinct 2 min 0x00000000 max 0xfffffff0,   target DB_HTILE 0x5203a0000: nonzero 160/1024
timing: t 101.739 s acb 1287 dwords: sync 12.7 ms, hints 0.0 ms
  target DB_Z_READ 0x51db50000: distinct 1 min 0x3f800000 max 0x3f800000,   target DB_Z_READ 0x51db50000: nonzero 1024/1024
  target DB_STENCIL_READ 0x51fb30000: distinct 1 min 0x80800000 max 0x80800000, submit #578 acb 1287 dwords at 0x400205540: pass 118 rewrite 35 drop 63 unmapped 0 cc 0 mappings 1232 ...   target DB_STENCIL_READ 0x51fb30000: nonzero 1024/1024
  target CB0 0x513bf0000: distinct 1 min 0x00000000 max 0x00000000,   target CB0 0x513bf0000: nonzero 0/1024
  target CB0 0x571867000: distinct 17 min 0x00000000 max 0xffffffff,   target CB0 0x571867000: nonzero 215/1024
  target CB0 0x57187b000: distinct 17 min 0x00000000 max 0xffffffff,   target CB0 0x57187b000: nonzero 195/1024
  target CB0 0x519b90000: distinct 1 min 0x00000000 max 0x00000000,   target CB0 0x519b90000: nonzero 0/1024
  target CB0 0x5718eb000: distinct 16 min 0x00000000 max 0xffffffff,   target CB0 0x5718eb000: nonzero 123/1024
  target DB_HTILE 0x55c050000: distinct 3 min 0x00000000 max 0xffffffff,   target DB_HTILE 0x55c050000: nonzero 144/1024
  target DB_Z_READ 0x527430000: distinct 1 min 0xffffffff max 0xffffffff,   target DB_Z_READ 0x527430000: nonzero 1024/1024
timing: t 101.771 s flip 1/0, VideoOutSubmitFlip took 0.0 ms
OK rc 0 24.40 ms
timing: #578 done at t 101.783 s, 31.3 ms after the sync and hints
cpu-wait WAIT_REG_MEM64 at 115 on 0x400201d40: satisfied after 0.0 ms
timing: t 101.785 s after that wait (dcb 9023 dwords)
cpu-wait WAIT_REG_MEM64 at 1629 on 0x400201840: satisfied after 0.0 ms
timing: t 101.787 s after that wait (dcb 9023 dwords)
cpu-wait WAIT_REG_MEM64 at 8472 on 0x559cd49a53d0: satisfied after 0.0 ms
timing: t 101.788 s after that wait (dcb 9023 dwords)
timing: t 101.789 s dcb 9023 dwords: sync 12.6 ms, hints 0.3 ms
  indirect op 16 at 1246: base 0x5074063c0 +0x0 -> 1 1 1 0 0
  indirect op 16 at 1278: base 0x5074063e0 +0x0 -> 1 1 1 0 0
  indirect op 16 at 1310: base 0x50740a520 +0x0 -> 1 1 1 0 0
  indirect op 16 at 1342: base 0x50740a540 +0x0 -> 1 1 1 0 0
  indirect op 25 at 4584: base 0x56ddaffa0 +0x0 -> 1 512 0 0 0
  load op 9f at 28: addr 0xfe0040068 idx 0 fmt 1 regoff 0x0 n 921 (table contents not committed)
  load op 63 at 33: addr 0xfe0042068 idx 0 fmt 1 regoff 0x0 n 174 (table contents not committed)
  load op 64 at 38: addr 0xfe00425d8 idx 0 fmt 1 regoff 0x0 n 57 (table contents not committed)
  load op 9f at 80: addr 0x502701500 idx 0 fmt 1 regoff 0x0 n 295 (table contents not committed)
  load op 64 at 85: addr 0x502700500 idx 0 fmt 1 regoff 0x0 n 7 (table contents not committed)
  load op 63 at 90: addr 0x5026ff500 idx 0 fmt 1 regoff 0x0 n 13 (table contents not committed)
  load op 63 at 342: addr 0x5026ff568 idx 0 fmt 1 regoff 0x0 n 10 (table contents not committed)
  load op 63 at 734: addr 0x5026ff5b8 idx 0 fmt 1 regoff 0x0 n 18 (table contents not committed)
  load op 63 at 1217: addr 0x5026ff648 idx 0 fmt 1 regoff 0x0 n 10 (table contents not committed)
  load op 63 at 1249: addr 0x5026ff698 idx 0 fmt 1 regoff 0x0 n 10 (table contents not committed)
  load op 63 at 1281: addr 0x5026ff6e8 idx 0 fmt 1 regoff 0x0 n 10 (table contents not committed)
  load op 63 at 1313: addr 0x5026ff738 idx 0 fmt 1 regoff 0x0 n 10 (table contents not committed)
  load op 9f at 1724: addr 0xfe0040068 idx 0 fmt 1 regoff 0x0 n 921 (table contents not committed)
  load op 9f at 1731: addr 0x502701e38 idx 0 fmt 1 regoff 0x0 n 74 (table contents not committed)
  load op 63 at 1736: addr 0x908e5ff90 idx 0 fmt 1 regoff 0x0 n 6 (table contents not committed)
  load op 9f at 1741: addr 0x908e5ffc0 idx 0 fmt 1 regoff 0x0 n 10 (table contents not committed)
  load op 64 at 1746: addr 0x502700538 idx 0 fmt 1 regoff 0x0 n 5 (table contents not committed)
  load op 9f at 1799: addr 0x502702088 idx 0 fmt 1 regoff 0x0 n 132 (table contents not committed)
  load op 63 at 1804: addr 0x5026ff788 idx 0 fmt 1 regoff 0x0 n 30 (table contents not committed)
  load op 64 at 1884: addr 0x502700560 idx 0 fmt 1 regoff 0x0 n 5 (table contents not committed)
  load op 9f at 1891: addr 0x5026fd440 idx 0 fmt 1 regoff 0x0 n 175 (table contents not committed)
  load op 63 at 2106: addr 0x5026ff878 idx 0 fmt 1 regoff 0x0 n 20 (table contents not committed)
  load op 9f at 3069: addr 0xfe0040068 idx 0 fmt 1 regoff 0x0 n 921 (table contents not committed)
  load op 9f at 3076: addr 0x5026fd9b8 idx 0 fmt 1 regoff 0x0 n 70 (table contents not committed)
  load op 63 at 3081: addr 0x908e5ff90 idx 0 fmt 1 regoff 0x0 n 6 (table contents not committed)
  load op 9f at 3086: addr 0x908e5ffc0 idx 0 fmt 1 regoff 0x0 n 10 (table contents not committed)
  load op 63 at 3091: addr 0x908e5f7d0 idx 0 fmt 1 regoff 0x0 n 6 (table contents not committed)
  load op 9f at 3096: addr 0x908e5f800 idx 0 fmt 1 regoff 0x0 n 9 (table contents not committed)
  load op 64 at 3101: addr 0x502700588 idx 0 fmt 1 regoff 0x0 n 5 (table contents not committed)
  load op 9f at 3140: addr 0x5026fdbe8 idx 0 fmt 1 regoff 0x0 n 19 (table contents not committed)
  load op 63 at 3145: addr 0x5026ff918 idx 0 fmt 1 regoff 0x0 n 12 (table contents not committed)
  load op 9f at 3268: addr 0xfe0040068 idx 0 fmt 1 regoff 0x0 n 921 (table contents not committed)
  load op 9f at 3275: addr 0x5026fdc80 idx 0 fmt 1 regoff 0x0 n 74 (table contents not committed)
  load op 63 at 3280: addr 0x908e5ff90 idx 0 fmt 1 regoff 0x0 n 6 (table contents not committed)
  load op 9f at 3285: addr 0x908e5ffc0 idx 0 fmt 1 regoff 0x0 n 10 (table contents not committed)
  load op 64 at 3290: addr 0x5027005b0 idx 0 fmt 1 regoff 0x0 n 5 (table contents not committed)
  load op 9f at 3329: addr 0x5026fded0 idx 0 fmt 1 regoff 0x0 n 166 (table contents not committed)
  load op 63 at 3334: addr 0x5026ff978 idx 0 fmt 1 regoff 0x0 n 30 (table contents not committed)
  load op 64 at 3430: addr 0x5027005d8 idx 0 fmt 1 regoff 0x0 n 5 (table contents not committed)
  load op 9f at 3437: addr 0x5026fc320 idx 0 fmt 1 regoff 0x0 n 135 (table contents not committed)
  load op 63 at 3675: addr 0x5026ffa68 idx 0 fmt 1 regoff 0x0 n 36 (table contents not committed)
  load op 64 at 4540: addr 0x502700600 idx 0 fmt 1 regoff 0x0 n 6 (table contents not committed)
  load op 9f at 4545: addr 0x5026fc758 idx 0 fmt 1 regoff 0x0 n 376 (table contents not committed)
  load op 9f at 4552: addr 0x5026fb118 idx 0 fmt 1 regoff 0x0 n 205 (table contents not committed)
  load op 9f at 4853: addr 0xfe0040068 idx 0 fmt 1 regoff 0x0 n 921 (table contents not committed)
  load op 9f at 4860: addr 0x5026fb780 idx 0 fmt 1 regoff 0x0 n 74 (table contents not committed)
  load op 63 at 4865: addr 0x908e5ff90 idx 0 fmt 1 regoff 0x0 n 6 (table contents not committed)
  load op 9f at 4870: addr 0x908e5ffc0 idx 0 fmt 1 regoff 0x0 n 10 (table contents not committed)
  load op 64 at 4875: addr 0x502700630 idx 0 fmt 1 regoff 0x0 n 5 (table contents not committed)
  load op 63 at 4914: addr 0x5026ffb88 idx 0 fmt 1 regoff 0x0 n 21 (table contents not committed)
  load op 9f at 4925: addr 0x5026fb9d0 idx 0 fmt 1 regoff 0x0 n 223 (table contents not committed)
  load op 64 at 6315: addr 0x502700658 idx 0 fmt 1 regoff 0x0 n 5 (table contents not committed)
  load op 63 at 6322: addr 0x5026ffc30 idx 0 fmt 1 regoff 0x0 n 18 (table contents not committed)
  load op 9f at 6327: addr 0x5026f9e30 idx 0 fmt 1 regoff 0x0 n 67 (table contents not committed)
  load op 9f at 6440: addr 0x5026fa048 idx 0 fmt 1 regoff 0x0 n 129 (table contents not committed)
  load op 63 at 6445: addr 0x5026ffcc0 idx 0 fmt 1 regoff 0x0 n 18 (table contents not committed)
  load op 64 at 6450: addr 0x502700680 idx 0 fmt 1 regoff 0x0 n 3 (table contents not committed)
  load op 9f at 6563: addr 0x5026fa450 idx 0 fmt 1 regoff 0x0 n 129 (table contents not committed)
  load op 63 at 6568: addr 0x5026ffd50 idx 0 fmt 1 regoff 0x0 n 18 (table contents not committed)
  load op 64 at 6573: addr 0x502700698 idx 0 fmt 1 regoff 0x0 n 3 (table contents not committed)
  load op 9f at 6686: addr 0x5026fa858 idx 0 fmt 1 regoff 0x0 n 58 (table contents not committed)
  load op 9f at 6791: addr 0x5026faa28 idx 0 fmt 1 regoff 0x0 n 66 (table contents not committed)
  load op 9f at 6896: addr 0x5026fac38 idx 0 fmt 1 regoff 0x0 n 58 (table contents not committed)
  load op 9f at 7001: addr 0x5026f81a0 idx 0 fmt 1 regoff 0x0 n 66 (table contents not committed)
  load op 9f at 7106: addr 0x5026f83b0 idx 0 fmt 1 regoff 0x0 n 58 (table contents not committed)
  load op 9f at 7211: addr 0x5026f8580 idx 0 fmt 1 regoff 0x0 n 130 (table contents not committed)
  load op 63 at 7216: addr 0x5026ffde0 idx 0 fmt 1 regoff 0x0 n 18 (table contents not committed)
  load op 64 at 7221: addr 0x5027006b0 idx 0 fmt 1 regoff 0x0 n 3 (table contents not committed)
  load op 9f at 7348: addr 0x5026f8990 idx 0 fmt 1 regoff 0x0 n 135 (table contents not committed)
  load op 63 at 7353: addr 0x5026ffe70 idx 0 fmt 1 regoff 0x0 n 18 (table contents not committed)
  load op 64 at 7358: addr 0x5027006c8 idx 0 fmt 1 regoff 0x0 n 3 (table contents not committed)
  load op 63 at 7936: addr 0x5026fff00 idx 0 fmt 1 regoff 0x0 n 28 (table contents not committed)
  load op 64 at 8513: addr 0x5027006e0 idx 0 fmt 1 regoff 0x0 n 5 (table contents not committed)
  load op 9f at 8518: addr 0x5026f8dc8 idx 0 fmt 1 regoff 0x0 n 113 (table contents not committed)
  load op 9f at 8525: addr 0x5026f6918 idx 0 fmt 1 regoff 0x0 n 168 (table contents not committed)
submit #579 dcb 9023 dwords at 0x502002500: pass 559 rewrite 484 drop 408 unmapped 1 cc 8 mappings 1232 ... OK rc 0 26.67 ms
timing: #579 done at t 102.923 s, 1120.9 ms after the sync and hints
state stack #579: push 4 pop 4 conditional 1 unmatched 0; restored 3684 regs (+3748 dwords); tables 35, unreadable 0
map 0x404800000 +0x10000 ... ok
map 0x4053e0000 +0x10000 ... ok
swapped pages taken as resident so far: 0
vmas 115 total 13079.0 MiB resident 4610.9 MiB mapped 4611.1 MiB
timing: t 102.925 s acb 2 dwords: sync 19.6 ms, hints 0.0 ms
submit #580 acb 2 dwords at 0xfe003a200: pass 1 rewrite 0 drop 0 unmapped 0 cc 0 mappings 1234 ... OK rc 0 23.13 ms
timing: #580 done at t 102.972 s, 27.6 ms after the sync and hints
cpu-wait WAIT_REG_MEM64 at 0 on 0x400202380: satisfied after 0.0 ms
timing: t 102.973 s after that wait (acb 49 dwords)
map 0x336490000 +0x10000 ... ok
map 0x3364a0000 +0x10000 ... ok
swapped pages taken as resident so far: 0
vmas 115 total 13079.0 MiB resident 4611.1 MiB mapped 4611.2 MiB
timing: t 102.973 s cc 3 dwords: sync 17.8 ms, hints 0.1 ms
submit #581 cc 3 dwords at 0x313b17cf4: pass 0 rewrite 1 drop 0 unmapped 0 cc 1 mappings 1236 ... OK rc 0 23.04 ms
timing: #581 done at t 103.018 s, 27.7 ms after the sync and hints
timing: t 103.019 s acb 49 dwords: sync 12.6 ms, hints 0.0 ms
submit #582 acb 49 dwords at 0x40020695c: pass 2 rewrite 3 drop 3 unmapped 0 cc 0 mappings 1236 ... OK rc 0 22.97 ms
timing: #582 done at t 103.059 s, 27.9 ms after the sync and hints
timing: t 103.060 s hib 150 dwords: sync 12.5 ms, hints 0.1 ms
  load op 61 at 10: base 0xfe0008000 pairs (0x0,215) (0xd8,272) (0x1f5,4) (0x1ff,158) (0x2a0,2) (0x2a3,1) (0x2a5,66) (0x2f5,203)
  load op 5f at 29: base 0xfe0010000 pairs (0x1,1) (0x6,38) (0x32,4) (0x80,4) (0x87,37) (0xb2,4) (0xc8,2) (0x100,4) (0x107,37) (0x132,4) (0x148,2) (0x204,3) (0x20c,2) (0x212,2) (0x215,6) (0x224,5) (0x22a,1) (0x240,16) (0x27d,1) (0x280,1) (0x207,3)
  load op 5e at 74: base 0xfe0011000 pairs (0x35,8) (0xa2,1) (0x242,1) (0x248,1) (0x24a,2) (0x25b,6) (0x262,1) (0x2bb,5) (0x2c4,16) (0x2e4,8) (0x380,2) (0x383,2) (0x41d,3) (0x24d,1)
  load op 61 at 105: base 0xfe0008000 pairs (0x0,0)
  load op 5f at 110: base 0xfe0010000 pairs (0x0,0)
  load op 5e at 115: base 0xfe0011000 pairs (0x0,0)
  load op 61 at 125: base 0xfe0008000 pairs (0x0,0)
  load op 5f at 130: base 0xfe0010000 pairs (0x0,0)
  load op 5e at 135: base 0xfe0011000 pairs (0x0,0)
submit #583 hib 150 dwords at 0xfe0000000: pass 12 rewrite 2 drop 2 unmapped 0 cc 2 mappings 1236 ... OK rc 0 23.23 ms
timing: #583 done at t 103.157 s, 83.9 ms after the sync and hints
timing: t 103.158 s hib 2 dwords: sync 12.5 ms, hints 0.0 ms
submit #584 hib 2 dwords at 0xfe003a200: pass 1 rewrite 0 drop 0 unmapped 0 cc 0 mappings 1236 ... OK rc 0 22.80 ms
timing: #584 done at t 103.198 s, 27.6 ms after the sync and hints
timing: t 103.199 s dcb 96 dwords: sync 12.5 ms, hints 0.1 ms
  load op 9f at 38: addr 0xfe0040068 idx 0 fmt 1 regoff 0x0 n 921 (table contents not committed)
  load op 63 at 43: addr 0xfe0042068 idx 0 fmt 1 regoff 0x0 n 174 (table contents not committed)
  load op 64 at 48: addr 0xfe00425d8 idx 0 fmt 1 regoff 0x0 n 49 (table contents not committed)
submit #585 dcb 96 dwords at 0xfe0042920: pass 20 rewrite 2 drop 2 unmapped 0 cc 0 mappings 1236 ... OK rc 0 22.97 ms
timing: #585 done at t 103.286 s, 74.1 ms after the sync and hints
timing: t 103.287 s dcb 2647 dwords: sync 12.4 ms, hints 0.2 ms
  load op 9f at 36: addr 0xfe0040068 idx 0 fmt 1 regoff 0x0 n 921 (table contents not committed)
  load op 63 at 41: addr 0xfe0042068 idx 0 fmt 1 regoff 0x0 n 174 (table contents not committed)
  load op 64 at 46: addr 0xfe00425d8 idx 0 fmt 1 regoff 0x0 n 57 (table contents not committed)
  load op 9f at 88: addr 0x504301500 idx 0 fmt 1 regoff 0x0 n 136 (table contents not committed)
  load op 64 at 93: addr 0x504300500 idx 0 fmt 1 regoff 0x0 n 3 (table contents not committed)
  load op 63 at 98: addr 0x5042ff500 idx 0 fmt 1 regoff 0x0 n 3 (table contents not committed)
  load op 9f at 1541: addr 0xfe0040068 idx 0 fmt 1 regoff 0x0 n 921 (table contents not committed)
  load op 9f at 1548: addr 0x504301940 idx 0 fmt 1 regoff 0x0 n 70 (table contents not committed)
  load op 63 at 1553: addr 0x908e5ff90 idx 0 fmt 1 regoff 0x0 n 6 (table contents not committed)
  load op 9f at 1558: addr 0x908e5ffc0 idx 0 fmt 1 regoff 0x0 n 10 (table contents not committed)
  load op 63 at 1563: addr 0x908e5f7d0 idx 0 fmt 1 regoff 0x0 n 6 (table contents not committed)
  load op 9f at 1568: addr 0x908e5f800 idx 0 fmt 1 regoff 0x0 n 9 (table contents not committed)
  load op 64 at 1573: addr 0x504300518 idx 0 fmt 1 regoff 0x0 n 5 (table contents not committed)
  load op 9f at 1691: addr 0x504301b70 idx 0 fmt 1 regoff 0x0 n 131 (table contents not committed)
  load op 64 at 1698: addr 0x504300540 idx 0 fmt 1 regoff 0x0 n 1 (table contents not committed)
  load op 9f at 1730: addr 0xfe0040068 idx 0 fmt 1 regoff 0x0 n 921 (table contents not committed)
  load op 9f at 1737: addr 0x504301f88 idx 0 fmt 1 regoff 0x0 n 70 (table contents not committed)
  load op 63 at 1742: addr 0x908e5ff90 idx 0 fmt 1 regoff 0x0 n 6 (table contents not committed)
  load op 9f at 1747: addr 0x908e5ffc0 idx 0 fmt 1 regoff 0x0 n 10 (table contents not committed)
  load op 63 at 1752: addr 0x908e5f7d0 idx 0 fmt 1 regoff 0x0 n 6 (table contents not committed)
  load op 9f at 1757: addr 0x908e5f800 idx 0 fmt 1 regoff 0x0 n 9 (table contents not committed)
  load op 64 at 1762: addr 0x504300548 idx 0 fmt 1 regoff 0x0 n 5 (table contents not committed)
  load op 63 at 1858: addr 0x5042ff518 idx 0 fmt 1 regoff 0x0 n 10 (table contents not committed)
  load op 63 at 2049: addr 0x5042ff568 idx 0 fmt 1 regoff 0x0 n 28 (table contents not committed)
  load op 64 at 2123: addr 0x504300570 idx 0 fmt 1 regoff 0x0 n 5 (table contents not committed)
  load op 9f at 2130: addr 0x5043021b8 idx 0 fmt 1 regoff 0x0 n 96 (table contents not committed)
  load op 9f at 2135: addr 0x5042fe390 idx 0 fmt 1 regoff 0x0 n 194 (table contents not committed)
submit #586 dcb 2647 dwords at 0x503c02500: pass 236 rewrite 123 drop 120 unmapped 0 cc 4 mappings 1236 ... OK rc 0 23.75 ms
timing: #586 done at t 103.688 s, 388.7 ms after the sync and hints
state stack #586: push 2 pop 2 conditional 1 unmatched 0; restored 1842 regs (+1874 dwords); tables 13, unreadable 0
timing: t 103.690 s dcb 851 dwords: sync 12.4 ms, hints 0.1 ms
  load op 9f at 38: addr 0xfe0040068 idx 0 fmt 1 regoff 0x0 n 921 (table contents not committed)
  load op 63 at 43: addr 0xfe0042068 idx 0 fmt 1 regoff 0x0 n 174 (table contents not committed)
  load op 64 at 48: addr 0xfe00425d8 idx 0 fmt 1 regoff 0x0 n 57 (table contents not committed)
  load op 9f at 90: addr 0x505e01500 idx 0 fmt 1 regoff 0x0 n 5 (table contents not committed)
  load op 64 at 95: addr 0x505e00500 idx 0 fmt 1 regoff 0x0 n 2 (table contents not committed)
  load op 63 at 100: addr 0x505dff500 idx 0 fmt 1 regoff 0x0 n 3 (table contents not committed)
submit #587 dcb 851 dwords at 0x505a02500: pass 47 rewrite 55 drop 45 unmapped 0 cc 0 mappings 1236 ... OK rc 0 23.30 ms
timing: #587 done at t 103.798 s, 95.8 ms after the sync and hints
timing: t 103.799 s acb 2 dwords: sync 13.1 ms, hints 0.0 ms
submit #588 acb 2 dwords at 0xfe003a200: pass 1 rewrite 0 drop 0 unmapped 0 cc 0 mappings 1236 ... OK rc 0 23.34 ms
timing: #588 done at t 103.841 s, 28.2 ms after the sync and hints
cpu-wait WAIT_REG_MEM64 at 87 on 0x400202d80: satisfied after 0.0 ms
timing: t 103.842 s after that wait (acb 463 dwords)
timing: t 103.842 s dcb 798 dwords: sync 12.9 ms, hints 0.2 ms
  load op 9f at 35: addr 0xfe0040068 idx 0 fmt 1 regoff 0x0 n 921 (table contents not committed)
  load op 63 at 40: addr 0xfe0042068 idx 0 fmt 1 regoff 0x0 n 174 (table contents not committed)
  load op 64 at 45: addr 0xfe00425d8 idx 0 fmt 1 regoff 0x0 n 57 (table contents not committed)
  load op 9f at 87: addr 0x506e01500 idx 0 fmt 1 regoff 0x0 n 136 (table contents not committed)
  load op 64 at 92: addr 0x506e00500 idx 0 fmt 1 regoff 0x0 n 3 (table contents not committed)
  load op 63 at 97: addr 0x506dff500 idx 0 fmt 1 regoff 0x0 n 3 (table contents not committed)
  load op 9f at 212: addr 0xfe0040068 idx 0 fmt 1 regoff 0x0 n 921 (table contents not committed)
  load op 9f at 219: addr 0x506e01940 idx 0 fmt 1 regoff 0x0 n 70 (table contents not committed)
  load op 63 at 224: addr 0x908e5ff90 idx 0 fmt 1 regoff 0x0 n 6 (table contents not committed)
  load op 9f at 229: addr 0x908e5ffc0 idx 0 fmt 1 regoff 0x0 n 10 (table contents not committed)
  load op 63 at 234: addr 0x908e5f7d0 idx 0 fmt 1 regoff 0x0 n 6 (table contents not committed)
  load op 9f at 239: addr 0x908e5f800 idx 0 fmt 1 regoff 0x0 n 9 (table contents not committed)
  load op 64 at 244: addr 0x506e00518 idx 0 fmt 1 regoff 0x0 n 5 (table contents not committed)
  load op 9f at 340: addr 0x506e01b70 idx 0 fmt 1 regoff 0x0 n 131 (table contents not committed)
  load op 64 at 347: addr 0x506e00540 idx 0 fmt 1 regoff 0x0 n 1 (table contents not committed)
  load op 9f at 379: addr 0xfe0040068 idx 0 fmt 1 regoff 0x0 n 921 (table contents not committed)
  load op 9f at 386: addr 0x506e01f88 idx 0 fmt 1 regoff 0x0 n 70 (table contents not committed)
  load op 63 at 391: addr 0x908e5ff90 idx 0 fmt 1 regoff 0x0 n 6 (table contents not committed)
  load op 9f at 396: addr 0x908e5ffc0 idx 0 fmt 1 regoff 0x0 n 10 (table contents not committed)
  load op 63 at 401: addr 0x908e5f7d0 idx 0 fmt 1 regoff 0x0 n 6 (table contents not committed)
  load op 9f at 406: addr 0x908e5f800 idx 0 fmt 1 regoff 0x0 n 9 (table contents not committed)
  load op 64 at 411: addr 0x506e00548 idx 0 fmt 1 regoff 0x0 n 5 (table contents not committed)
  load op 9f at 548: addr 0x506e021b8 idx 0 fmt 1 regoff 0x0 n 98 (table contents not committed)
  load op 64 at 555: addr 0x506e00570 idx 0 fmt 1 regoff 0x0 n 1 (table contents not committed)
  load op 9f at 560: addr 0x506dfe500 idx 0 fmt 1 regoff 0x0 n 33 (table contents not committed)
  load op 9f at 592: addr 0xfe0040068 idx 0 fmt 1 regoff 0x0 n 921 (table contents not committed)
  load op 9f at 599: addr 0x506dfe608 idx 0 fmt 1 regoff 0x0 n 70 (table contents not committed)
  load op 63 at 604: addr 0x908e5ff90 idx 0 fmt 1 regoff 0x0 n 6 (table contents not committed)
  load op 9f at 609: addr 0x908e5ffc0 idx 0 fmt 1 regoff 0x0 n 10 (table contents not committed)
  load op 63 at 614: addr 0x908e5f7d0 idx 0 fmt 1 regoff 0x0 n 6 (table contents not committed)
  load op 9f at 619: addr 0x908e5f800 idx 0 fmt 1 regoff 0x0 n 9 (table contents not committed)
  load op 64 at 624: addr 0x506e00578 idx 0 fmt 1 regoff 0x0 n 5 (table contents not committed)
submit #589 dcb 798 dwords at 0x506802500: pass 103 rewrite 35 drop 22 unmapped 0 cc 6 mappings 1236 ... OK rc 0 24.53 ms
timing: #589 done at t 104.304 s, 449.2 ms after the sync and hints
state stack #589: push 3 pop 3 conditional 1 unmatched 0; restored 2763 regs (+2811 dwords); tables 17, unreadable 0
timing: t 104.306 s acb 463 dwords: sync 13.3 ms, hints 0.0 ms
submit #590 acb 463 dwords at 0x4004867c0: pass 43 rewrite 11 drop 27 unmapped 0 cc 0 mappings 1236 ... OK rc 0 23.79 ms
timing: #590 done at t 104.347 s, 28.6 ms after the sync and hints
acb head: 1287 of 1336 dwords go ahead of the wait at 1287 on 0x400202f80
timing: t 104.348 s dcb 1248 dwords: sync 12.3 ms, hints 0.2 ms
  load op 9f at 36: addr 0xfe0040068 idx 0 fmt 1 regoff 0x0 n 921 (table contents not committed)
  load op 63 at 41: addr 0xfe0042068 idx 0 fmt 1 regoff 0x0 n 174 (table contents not committed)
  load op 64 at 46: addr 0xfe00425d8 idx 0 fmt 1 regoff 0x0 n 57 (table contents not committed)
  load op 9f at 88: addr 0x505201500 idx 0 fmt 1 regoff 0x0 n 5 (table contents not committed)
  load op 64 at 93: addr 0x505200500 idx 0 fmt 1 regoff 0x0 n 2 (table contents not committed)
  load op 63 at 98: addr 0x5051ff500 idx 0 fmt 1 regoff 0x0 n 3 (table contents not committed)
  load op 9f at 756: addr 0xfe0040068 idx 0 fmt 1 regoff 0x0 n 921 (table contents not committed)
  load op 9f at 763: addr 0x505201528 idx 0 fmt 1 regoff 0x0 n 74 (table contents not committed)
  load op 63 at 768: addr 0x908e5ff90 idx 0 fmt 1 regoff 0x0 n 6 (table contents not committed)
  load op 9f at 773: addr 0x908e5ffc0 idx 0 fmt 1 regoff 0x0 n 10 (table contents not committed)
  load op 64 at 778: addr 0x505200510 idx 0 fmt 1 regoff 0x0 n 5 (table contents not committed)
  load op 9f at 901: addr 0xfe0040068 idx 0 fmt 1 regoff 0x0 n 921 (table contents not committed)
  load op 9f at 908: addr 0x505201778 idx 0 fmt 1 regoff 0x0 n 74 (table contents not committed)
  load op 63 at 913: addr 0x908e5ff90 idx 0 fmt 1 regoff 0x0 n 6 (table contents not committed)
  load op 9f at 918: addr 0x908e5ffc0 idx 0 fmt 1 regoff 0x0 n 10 (table contents not committed)
  load op 64 at 923: addr 0x505200538 idx 0 fmt 1 regoff 0x0 n 5 (table contents not committed)
  load op 9f at 1046: addr 0xfe0040068 idx 0 fmt 1 regoff 0x0 n 921 (table contents not committed)
  load op 9f at 1053: addr 0x5052019c8 idx 0 fmt 1 regoff 0x0 n 74 (table contents not committed)
  load op 63 at 1058: addr 0x908e5ff90 idx 0 fmt 1 regoff 0x0 n 6 (table contents not committed)
  load op 9f at 1063: addr 0x908e5ffc0 idx 0 fmt 1 regoff 0x0 n 10 (table contents not committed)
  load op 64 at 1068: addr 0x505200560 idx 0 fmt 1 regoff 0x0 n 5 (table contents not committed)
submit #591 dcb 1248 dwords at 0x504e02500: pass 151 rewrite 46 drop 45 unmapped 0 cc 6 mappings 1236 ... OK rc 0 23.57 ms
timing: #591 done at t 104.666 s, 305.0 ms after the sync and hints
state stack #591: push 3 pop 3 conditional 1 unmatched 0; restored 2763 regs (+2811 dwords); tables 11, unreadable 0
flip 1/1 buffer 0x5093f0000 +0x1fe0000: sum 0x17ea65194594 nonzero 8100/8160 pattern 0
  target CB0 0x507410000: distinct 53 min 0xc0000000 max 0xc340d034,   target CB0 0x507410000: nonzero 1024/1024
  target CB0 0x563800000: distinct 1 min 0x00000000 max 0x00000000,   target CB0 0x563800000: nonzero 0/1024
  target CB0 0x55c00d000: distinct 4 min 0x00000000 max 0xffffffff,   target CB0 0x55c00d000: nonzero 147/1024
  target CB0 0x5637f0000: distinct 1 min 0x00000000 max 0x00000000,   target CB0 0x5637f0000: nonzero 0/1024
  target CB0 0x526bf0000: distinct 1 min 0x38003800 max 0x38003800,   target CB0 0x526bf0000: nonzero 1024/1024
  target CB0 0x5719a8000: distinct 15 min 0x00000000 max 0xffffffff,   target CB0 0x5719a8000: nonzero 102/1024
  target DB_HTILE 0x5203a0000: distinct 2 min 0x00000000 max 0xfffffff0,   target DB_HTILE 0x5203a0000: nonzero 160/1024
timing: t 104.668 s acb 1287 dwords: sync 13.4 ms, hints 0.1 ms
  target DB_Z_READ 0x51db50000: distinct 1 min 0x3f800000 max 0x3f800000,   target DB_Z_READ 0x51db50000: nonzero 1024/1024
  target DB_STENCIL_READ 0x51fb30000: distinct 1 min 0x80800000 max 0x80800000, submit #592 acb 1287 dwords at 0x4002a55c0: pass 118 rewrite 35 drop 63 unmapped 0 cc 0 mappings 1236 ...   target DB_STENCIL_READ 0x51fb30000: nonzero 1024/1024
  target CB0 0x513bf0000: distinct 1 min 0x00000000 max 0x00000000,   target CB0 0x513bf0000: nonzero 0/1024
  target CB0 0x571867000: distinct 17 min 0x00000000 max 0xffffffff,   target CB0 0x571867000: nonzero 215/1024
  target CB0 0x57187b000: distinct 17 min 0x00000000 max 0xffffffff,   target CB0 0x57187b000: nonzero 195/1024
  target CB0 0x519b90000: distinct 1 min 0x00000000 max 0x00000000,   target CB0 0x519b90000: nonzero 0/1024
  target CB0 0x5718eb000: distinct 16 min 0x00000000 max 0xffffffff,   target CB0 0x5718eb000: nonzero 123/1024
OK rc 0 24.85 ms
  target DB_HTILE 0x55c050000: distinct 3 min 0x00000000 max 0xffffffff, timing: #592 done at t 104.714 s, 32.5 ms after the sync and hints
  target DB_HTILE 0x55c050000: nonzero 144/1024
  target DB_Z_READ 0x527430000: distinct 1 min 0xffffffff max 0xffffffff,   target DB_Z_READ 0x527430000: nonzero 1024/1024
timing: t 104.718 s flip 1/1, VideoOutSubmitFlip took 0.0 ms
cpu-wait WAIT_REG_MEM64 at 115 on 0x400202d40: satisfied after 0.0 ms
timing: t 104.722 s after that wait (dcb 9023 dwords)
cpu-wait WAIT_REG_MEM64 at 1629 on 0x400202dc0: satisfied after 0.0 ms
timing: t 104.724 s after that wait (dcb 9023 dwords)
cpu-wait WAIT_REG_MEM64 at 8472 on 0x559cd49a53d8: satisfied after 0.0 ms
timing: t 104.726 s after that wait (dcb 9023 dwords)
timing: t 104.726 s dcb 9023 dwords: sync 12.6 ms, hints 0.3 ms
  indirect op 16 at 1246: base 0x5074063c0 +0x0 -> 1 1 1 0 0
  indirect op 16 at 1278: base 0x5074063e0 +0x0 -> 1 1 1 0 0
  indirect op 16 at 1310: base 0x50740a520 +0x0 -> 1 1 1 0 0
  indirect op 16 at 1342: base 0x50740a540 +0x0 -> 1 1 1 0 0
  indirect op 25 at 4584: base 0x56ddaffa0 +0x0 -> 1 512 0 0 0
  load op 9f at 28: addr 0xfe0040068 idx 0 fmt 1 regoff 0x0 n 921 (table contents not committed)
  load op 63 at 33: addr 0xfe0042068 idx 0 fmt 1 regoff 0x0 n 174 (table contents not committed)
  load op 64 at 38: addr 0xfe00425d8 idx 0 fmt 1 regoff 0x0 n 57 (table contents not committed)
  load op 9f at 80: addr 0x502e01500 idx 0 fmt 1 regoff 0x0 n 295 (table contents not committed)
  load op 64 at 85: addr 0x502e00500 idx 0 fmt 1 regoff 0x0 n 7 (table contents not committed)
  load op 63 at 90: addr 0x502dff500 idx 0 fmt 1 regoff 0x0 n 13 (table contents not committed)
  load op 63 at 342: addr 0x502dff568 idx 0 fmt 1 regoff 0x0 n 10 (table contents not committed)
  load op 63 at 734: addr 0x502dff5b8 idx 0 fmt 1 regoff 0x0 n 18 (table contents not committed)
  load op 63 at 1217: addr 0x502dff648 idx 0 fmt 1 regoff 0x0 n 10 (table contents not committed)
  load op 63 at 1249: addr 0x502dff698 idx 0 fmt 1 regoff 0x0 n 10 (table contents not committed)
  load op 63 at 1281: addr 0x502dff6e8 idx 0 fmt 1 regoff 0x0 n 10 (table contents not committed)
  load op 63 at 1313: addr 0x502dff738 idx 0 fmt 1 regoff 0x0 n 10 (table contents not committed)
  load op 9f at 1724: addr 0xfe0040068 idx 0 fmt 1 regoff 0x0 n 921 (table contents not committed)
  load op 9f at 1731: addr 0x502e01e38 idx 0 fmt 1 regoff 0x0 n 74 (table contents not committed)
  load op 63 at 1736: addr 0x908e5ff90 idx 0 fmt 1 regoff 0x0 n 6 (table contents not committed)
  load op 9f at 1741: addr 0x908e5ffc0 idx 0 fmt 1 regoff 0x0 n 10 (table contents not committed)
  load op 64 at 1746: addr 0x502e00538 idx 0 fmt 1 regoff 0x0 n 5 (table contents not committed)
  load op 9f at 1799: addr 0x502e02088 idx 0 fmt 1 regoff 0x0 n 132 (table contents not committed)
  load op 63 at 1804: addr 0x502dff788 idx 0 fmt 1 regoff 0x0 n 30 (table contents not committed)
  load op 64 at 1884: addr 0x502e00560 idx 0 fmt 1 regoff 0x0 n 5 (table contents not committed)
  load op 9f at 1891: addr 0x502dfd440 idx 0 fmt 1 regoff 0x0 n 175 (table contents not committed)
  load op 63 at 2106: addr 0x502dff878 idx 0 fmt 1 regoff 0x0 n 20 (table contents not committed)
  load op 9f at 3069: addr 0xfe0040068 idx 0 fmt 1 regoff 0x0 n 921 (table contents not committed)
  load op 9f at 3076: addr 0x502dfd9b8 idx 0 fmt 1 regoff 0x0 n 70 (table contents not committed)
  load op 63 at 3081: addr 0x908e5ff90 idx 0 fmt 1 regoff 0x0 n 6 (table contents not committed)
  load op 9f at 3086: addr 0x908e5ffc0 idx 0 fmt 1 regoff 0x0 n 10 (table contents not committed)
  load op 63 at 3091: addr 0x908e5f7d0 idx 0 fmt 1 regoff 0x0 n 6 (table contents not committed)
  load op 9f at 3096: addr 0x908e5f800 idx 0 fmt 1 regoff 0x0 n 9 (table contents not committed)
  load op 64 at 3101: addr 0x502e00588 idx 0 fmt 1 regoff 0x0 n 5 (table contents not committed)
  load op 9f at 3140: addr 0x502dfdbe8 idx 0 fmt 1 regoff 0x0 n 19 (table contents not committed)
  load op 63 at 3145: addr 0x502dff918 idx 0 fmt 1 regoff 0x0 n 12 (table contents not committed)
  load op 9f at 3268: addr 0xfe0040068 idx 0 fmt 1 regoff 0x0 n 921 (table contents not committed)
  load op 9f at 3275: addr 0x502dfdc80 idx 0 fmt 1 regoff 0x0 n 74 (table contents not committed)
  load op 63 at 3280: addr 0x908e5ff90 idx 0 fmt 1 regoff 0x0 n 6 (table contents not committed)
  load op 9f at 3285: addr 0x908e5ffc0 idx 0 fmt 1 regoff 0x0 n 10 (table contents not committed)
  load op 64 at 3290: addr 0x502e005b0 idx 0 fmt 1 regoff 0x0 n 5 (table contents not committed)
  load op 9f at 3329: addr 0x502dfded0 idx 0 fmt 1 regoff 0x0 n 166 (table contents not committed)
  load op 63 at 3334: addr 0x502dff978 idx 0 fmt 1 regoff 0x0 n 30 (table contents not committed)
  load op 64 at 3430: addr 0x502e005d8 idx 0 fmt 1 regoff 0x0 n 5 (table contents not committed)
  load op 9f at 3437: addr 0x502dfc320 idx 0 fmt 1 regoff 0x0 n 135 (table contents not committed)
  load op 63 at 3675: addr 0x502dffa68 idx 0 fmt 1 regoff 0x0 n 36 (table contents not committed)
  load op 64 at 4540: addr 0x502e00600 idx 0 fmt 1 regoff 0x0 n 6 (table contents not committed)
  load op 9f at 4545: addr 0x502dfc758 idx 0 fmt 1 regoff 0x0 n 376 (table contents not committed)
  load op 9f at 4552: addr 0x502dfb118 idx 0 fmt 1 regoff 0x0 n 205 (table contents not committed)
  load op 9f at 4853: addr 0xfe0040068 idx 0 fmt 1 regoff 0x0 n 921 (table contents not committed)
  load op 9f at 4860: addr 0x502dfb780 idx 0 fmt 1 regoff 0x0 n 74 (table contents not committed)
  load op 63 at 4865: addr 0x908e5ff90 idx 0 fmt 1 regoff 0x0 n 6 (table contents not committed)
  load op 9f at 4870: addr 0x908e5ffc0 idx 0 fmt 1 regoff 0x0 n 10 (table contents not committed)
  load op 64 at 4875: addr 0x502e00630 idx 0 fmt 1 regoff 0x0 n 5 (table contents not committed)
  load op 63 at 4914: addr 0x502dffb88 idx 0 fmt 1 regoff 0x0 n 21 (table contents not committed)
  load op 9f at 4925: addr 0x502dfb9d0 idx 0 fmt 1 regoff 0x0 n 223 (table contents not committed)
  load op 64 at 6315: addr 0x502e00658 idx 0 fmt 1 regoff 0x0 n 5 (table contents not committed)
  load op 63 at 6322: addr 0x502dffc30 idx 0 fmt 1 regoff 0x0 n 18 (table contents not committed)
  load op 9f at 6327: addr 0x502df9e30 idx 0 fmt 1 regoff 0x0 n 67 (table contents not committed)
  load op 9f at 6440: addr 0x502dfa048 idx 0 fmt 1 regoff 0x0 n 129 (table contents not committed)
  load op 63 at 6445: addr 0x502dffcc0 idx 0 fmt 1 regoff 0x0 n 18 (table contents not committed)
  load op 64 at 6450: addr 0x502e00680 idx 0 fmt 1 regoff 0x0 n 3 (table contents not committed)
  load op 9f at 6563: addr 0x502dfa450 idx 0 fmt 1 regoff 0x0 n 129 (table contents not committed)
  load op 63 at 6568: addr 0x502dffd50 idx 0 fmt 1 regoff 0x0 n 18 (table contents not committed)
  load op 64 at 6573: addr 0x502e00698 idx 0 fmt 1 regoff 0x0 n 3 (table contents not committed)
  load op 9f at 6686: addr 0x502dfa858 idx 0 fmt 1 regoff 0x0 n 58 (table contents not committed)
  load op 9f at 6791: addr 0x502dfaa28 idx 0 fmt 1 regoff 0x0 n 66 (table contents not committed)
  load op 9f at 6896: addr 0x502dfac38 idx 0 fmt 1 regoff 0x0 n 58 (table contents not committed)
  load op 9f at 7001: addr 0x502df81a0 idx 0 fmt 1 regoff 0x0 n 66 (table contents not committed)
  load op 9f at 7106: addr 0x502df83b0 idx 0 fmt 1 regoff 0x0 n 58 (table contents not committed)
  load op 9f at 7211: addr 0x502df8580 idx 0 fmt 1 regoff 0x0 n 130 (table contents not committed)
  load op 63 at 7216: addr 0x502dffde0 idx 0 fmt 1 regoff 0x0 n 18 (table contents not committed)
  load op 64 at 7221: addr 0x502e006b0 idx 0 fmt 1 regoff 0x0 n 3 (table contents not committed)
  load op 9f at 7348: addr 0x502df8990 idx 0 fmt 1 regoff 0x0 n 135 (table contents not committed)
  load op 63 at 7353: addr 0x502dffe70 idx 0 fmt 1 regoff 0x0 n 18 (table contents not committed)
  load op 64 at 7358: addr 0x502e006c8 idx 0 fmt 1 regoff 0x0 n 3 (table contents not committed)
  load op 63 at 7936: addr 0x502dfff00 idx 0 fmt 1 regoff 0x0 n 28 (table contents not committed)
  load op 64 at 8513: addr 0x502e006e0 idx 0 fmt 1 regoff 0x0 n 5 (table contents not committed)
  load op 9f at 8518: addr 0x502df8dc8 idx 0 fmt 1 regoff 0x0 n 113 (table contents not committed)
  load op 9f at 8525: addr 0x502df6918 idx 0 fmt 1 regoff 0x0 n 168 (table contents not committed)
submit #593 dcb 9023 dwords at 0x502702500: pass 559 rewrite 484 drop 408 unmapped 1 cc 8 mappings 1236 ... OK rc 0 26.84 ms
timing: #593 done at t 105.859 s, 1119.7 ms after the sync and hints
state stack #593: push 4 pop 4 conditional 1 unmatched 0; restored 3684 regs (+3748 dwords); tables 35, unreadable 0
map 0x100e7f0000 +0x70000 ... ok
swapped pages taken as resident so far: 0
vmas 115 total 13079.0 MiB resident 4611.6 MiB mapped 4611.6 MiB
timing: t 105.861 s acb 2 dwords: sync 16.7 ms, hints 0.0 ms
submit #594 acb 2 dwords at 0xfe003a200: pass 1 rewrite 0 drop 0 unmapped 0 cc 0 mappings 1237 ... OK rc 0 22.87 ms
timing: #594 done at t 105.905 s, 27.4 ms after the sync and hints
cpu-wait WAIT_REG_MEM64 at 0 on 0x400202f80: satisfied after 0.0 ms
timing: t 105.906 s after that wait (acb 49 dwords)
map 0x308f70000 +0x10000 ... ok
map 0x3364b0000 +0xc0000 ... ok
map 0x100e860000 +0x50000 ... ok
swapped pages taken as resident so far: 0
vmas 115 total 13079.0 MiB resident 4612.7 MiB mapped 4612.8 MiB
timing: t 105.906 s cc 3 dwords: sync 25.0 ms, hints 0.1 ms
submit #595 cc 3 dwords at 0x313b17cf4: pass 0 rewrite 1 drop 0 unmapped 0 cc 1 mappings 1240 ... OK rc 0 27.00 ms
timing: #595 done at t 105.963 s, 32.3 ms after the sync and hints
timing: t 105.964 s acb 49 dwords: sync 12.6 ms, hints 0.0 ms
submit #596 acb 49 dwords at 0x4002a69dc: pass 2 rewrite 3 drop 3 unmapped 0 cc 0 mappings 1240 ... OK rc 0 23.34 ms
timing: #596 done at t 106.005 s, 28.0 ms after the sync and hints
timing: t 106.006 s hib 150 dwords: sync 12.4 ms, hints 0.1 ms
  load op 61 at 10: base 0xfe0008000 pairs (0x0,215) (0xd8,272) (0x1f5,4) (0x1ff,158) (0x2a0,2) (0x2a3,1) (0x2a5,66) (0x2f5,203)
  load op 5f at 29: base 0xfe0010000 pairs (0x1,1) (0x6,38) (0x32,4) (0x80,4) (0x87,37) (0xb2,4) (0xc8,2) (0x100,4) (0x107,37) (0x132,4) (0x148,2) (0x204,3) (0x20c,2) (0x212,2) (0x215,6) (0x224,5) (0x22a,1) (0x240,16) (0x27d,1) (0x280,1) (0x207,3)
  load op 5e at 74: base 0xfe0011000 pairs (0x35,8) (0xa2,1) (0x242,1) (0x248,1) (0x24a,2) (0x25b,6) (0x262,1) (0x2bb,5) (0x2c4,16) (0x2e4,8) (0x380,2) (0x383,2) (0x41d,3) (0x24d,1)
  load op 61 at 105: base 0xfe0008000 pairs (0x0,0)
  load op 5f at 110: base 0xfe0010000 pairs (0x0,0)
  load op 5e at 115: base 0xfe0011000 pairs (0x0,0)
  load op 61 at 125: base 0xfe0008000 pairs (0x0,0)
  load op 5f at 130: base 0xfe0010000 pairs (0x0,0)
  load op 5e at 135: base 0xfe0011000 pairs (0x0,0)
submit #597 hib 150 dwords at 0xfe0000000: pass 12 rewrite 2 drop 2 unmapped 0 cc 2 mappings 1240 ... OK rc 0 23.13 ms
timing: #597 done at t 106.123 s, 105.1 ms after the sync and hints
timing: t 106.126 s hib 2 dwords: sync 12.7 ms, hints 0.0 ms
submit #598 hib 2 dwords at 0xfe003a200: pass 1 rewrite 0 drop 0 unmapped 0 cc 0 mappings 1240 ... OK rc 0 27.54 ms
timing: #598 done at t 106.174 s, 35.1 ms after the sync and hints
timing: t 106.175 s dcb 96 dwords: sync 15.9 ms, hints 0.1 ms
  load op 9f at 38: addr 0xfe0040068 idx 0 fmt 1 regoff 0x0 n 921 (table contents not committed)
  load op 63 at 43: addr 0xfe0042068 idx 0 fmt 1 regoff 0x0 n 174 (table contents not committed)
  load op 64 at 48: addr 0xfe00425d8 idx 0 fmt 1 regoff 0x0 n 49 (table contents not committed)
submit #599 dcb 96 dwords at 0xfe0042920: pass 20 rewrite 2 drop 2 unmapped 0 cc 0 mappings 1240 ... OK rc 0 24.62 ms
timing: #599 done at t 106.287 s, 95.7 ms after the sync and hints
timing: t 106.288 s dcb 2647 dwords: sync 14.2 ms, hints 0.2 ms
  load op 9f at 36: addr 0xfe0040068 idx 0 fmt 1 regoff 0x0 n 921 (table contents not committed)
  load op 63 at 41: addr 0xfe0042068 idx 0 fmt 1 regoff 0x0 n 174 (table contents not committed)
  load op 64 at 46: addr 0xfe00425d8 idx 0 fmt 1 regoff 0x0 n 57 (table contents not committed)
  load op 9f at 88: addr 0x504a01500 idx 0 fmt 1 regoff 0x0 n 136 (table contents not committed)
  load op 64 at 93: addr 0x504a00500 idx 0 fmt 1 regoff 0x0 n 3 (table contents not committed)
  load op 63 at 98: addr 0x5049ff500 idx 0 fmt 1 regoff 0x0 n 3 (table contents not committed)
  load op 9f at 1541: addr 0xfe0040068 idx 0 fmt 1 regoff 0x0 n 921 (table contents not committed)
  load op 9f at 1548: addr 0x504a01940 idx 0 fmt 1 regoff 0x0 n 70 (table contents not committed)
  load op 63 at 1553: addr 0x908e5ff90 idx 0 fmt 1 regoff 0x0 n 6 (table contents not committed)
  load op 9f at 1558: addr 0x908e5ffc0 idx 0 fmt 1 regoff 0x0 n 10 (table contents not committed)
  load op 63 at 1563: addr 0x908e5f7d0 idx 0 fmt 1 regoff 0x0 n 6 (table contents not committed)
  load op 9f at 1568: addr 0x908e5f800 idx 0 fmt 1 regoff 0x0 n 9 (table contents not committed)
  load op 64 at 1573: addr 0x504a00518 idx 0 fmt 1 regoff 0x0 n 5 (table contents not committed)
  load op 9f at 1691: addr 0x504a01b70 idx 0 fmt 1 regoff 0x0 n 131 (table contents not committed)
  load op 64 at 1698: addr 0x504a00540 idx 0 fmt 1 regoff 0x0 n 1 (table contents not committed)
  load op 9f at 1730: addr 0xfe0040068 idx 0 fmt 1 regoff 0x0 n 921 (table contents not committed)
  load op 9f at 1737: addr 0x504a01f88 idx 0 fmt 1 regoff 0x0 n 70 (table contents not committed)
  load op 63 at 1742: addr 0x908e5ff90 idx 0 fmt 1 regoff 0x0 n 6 (table contents not committed)
  load op 9f at 1747: addr 0x908e5ffc0 idx 0 fmt 1 regoff 0x0 n 10 (table contents not committed)
  load op 63 at 1752: addr 0x908e5f7d0 idx 0 fmt 1 regoff 0x0 n 6 (table contents not committed)
  load op 9f at 1757: addr 0x908e5f800 idx 0 fmt 1 regoff 0x0 n 9 (table contents not committed)
  load op 64 at 1762: addr 0x504a00548 idx 0 fmt 1 regoff 0x0 n 5 (table contents not committed)
  load op 63 at 1858: addr 0x5049ff518 idx 0 fmt 1 regoff 0x0 n 10 (table contents not committed)
  load op 63 at 2049: addr 0x5049ff568 idx 0 fmt 1 regoff 0x0 n 28 (table contents not committed)
  load op 64 at 2123: addr 0x504a00570 idx 0 fmt 1 regoff 0x0 n 5 (table contents not committed)
  load op 9f at 2130: addr 0x504a021b8 idx 0 fmt 1 regoff 0x0 n 96 (table contents not committed)
  load op 9f at 2135: addr 0x5049fe390 idx 0 fmt 1 regoff 0x0 n 194 (table contents not committed)
submit #600 dcb 2647 dwords at 0x504302500: pass 236 rewrite 123 drop 120 unmapped 0 cc 4 mappings 1240 ... OK rc 0 24.17 ms
timing: #600 done at t 106.839 s, 536.8 ms after the sync and hints
state stack #600: push 2 pop 2 conditional 1 unmatched 0; restored 1842 regs (+1874 dwords); tables 13, unreadable 0
map 0x336570000 +0x90000 ... ok
map 0x336600000 +0x10000 ... ok
map 0x336610000 +0x30000 ... ok
map 0x336640000 +0x10000 ... ok
map 0x336650000 +0x10000 ... ok
map 0x336660000 +0x10000 ... ok
map 0x336670000 +0x40000 ... ok
map 0x3366b0000 +0x290000 ... ok
map 0x5009a0000 +0x10000 ... ok
map 0x100e8b0000 +0x13f0000 ... ok
map 0x105d5f0000 +0x1010000 ... ok
map 0x10cc500000 +0x20000 ... ok
map 0x1157fe0000 +0xe10000 ... ok
map 0x1158df0000 +0x1a20000 ... ok
swapped pages taken as resident so far: 0
vmas 115 total 13079.0 MiB resident 4692.6 MiB mapped 4692.9 MiB
timing: t 106.841 s dcb 851 dwords: sync 47.8 ms, hints 0.1 ms
  load op 9f at 38: addr 0xfe0040068 idx 0 fmt 1 regoff 0x0 n 921 (table contents not committed)
  load op 63 at 43: addr 0xfe0042068 idx 0 fmt 1 regoff 0x0 n 174 (table contents not committed)
  load op 64 at 48: addr 0xfe00425d8 idx 0 fmt 1 regoff 0x0 n 57 (table contents not committed)
  load op 9f at 90: addr 0x506201500 idx 0 fmt 1 regoff 0x0 n 5 (table contents not committed)
  load op 64 at 95: addr 0x506200500 idx 0 fmt 1 regoff 0x0 n 2 (table contents not committed)
  load op 63 at 100: addr 0x5061ff500 idx 0 fmt 1 regoff 0x0 n 3 (table contents not committed)
submit #601 dcb 851 dwords at 0x505e02500: pass 47 rewrite 55 drop 45 unmapped 0 cc 0 mappings 1254 ... OK rc 0 24.01 ms
timing: #601 done at t 106.997 s, 107.7 ms after the sync and hints
map 0x336940000 +0x2a0000 ... ok
map 0x100fca0000 +0x580000 ... ok
map 0x115a810000 +0x1db0000 ... ok
swapped pages taken as resident so far: 0
vmas 115 total 13079.0 MiB resident 4730.7 MiB mapped 4730.8 MiB
timing: t 106.998 s acb 2 dwords: sync 23.0 ms, hints 0.1 ms
submit #602 acb 2 dwords at 0xfe003a200: pass 1 rewrite 0 drop 0 unmapped 0 cc 0 mappings 1257 ... OK rc 0 230.52 ms
timing: #602 done at t 107.256 s, 235.6 ms after the sync and hints
cpu-wait WAIT_REG_MEM64 at 87 on 0x400203980: satisfied after 0.0 ms
timing: t 107.258 s after that wait (acb 463 dwords)
map 0x311ef0000 +0xa0000 ... ok
map 0x336be0000 +0x320000 ... ok
map 0x336f00000 +0xf0000 ... ok
map 0x336ff0000 +0x10000 ... ok
map 0x5009b0000 +0x10000 ... ok
map 0x1010220000 +0x350000 ... ok
map 0x105e600000 +0x990000 ... ok
map 0x10cc520000 +0x20000 ... ok
map 0x115c5c0000 +0x25a0000 ... ok
map 0x115eb60000 +0xf80000 ... ok
swapped pages taken as resident so far: 0
vmas 115 total 13079.0 MiB resident 4801.4 MiB mapped 4801.7 MiB
timing: t 107.257 s dcb 798 dwords: sync 36.2 ms, hints 0.2 ms
  load op 9f at 35: addr 0xfe0040068 idx 0 fmt 1 regoff 0x0 n 921 (table contents not committed)
  load op 63 at 40: addr 0xfe0042068 idx 0 fmt 1 regoff 0x0 n 174 (table contents not committed)
  load op 64 at 45: addr 0xfe00425d8 idx 0 fmt 1 regoff 0x0 n 57 (table contents not committed)
  load op 9f at 87: addr 0x507401500 idx 0 fmt 1 regoff 0x0 n 136 (table contents not committed)
  load op 64 at 92: addr 0x507400500 idx 0 fmt 1 regoff 0x0 n 3 (table contents not committed)
  load op 63 at 97: addr 0x5073ff500 idx 0 fmt 1 regoff 0x0 n 3 (table contents not committed)
  load op 9f at 212: addr 0xfe0040068 idx 0 fmt 1 regoff 0x0 n 921 (table contents not committed)
  load op 9f at 219: addr 0x507401940 idx 0 fmt 1 regoff 0x0 n 70 (table contents not committed)
  load op 63 at 224: addr 0x908e5ff90 idx 0 fmt 1 regoff 0x0 n 6 (table contents not committed)
  load op 9f at 229: addr 0x908e5ffc0 idx 0 fmt 1 regoff 0x0 n 10 (table contents not committed)
  load op 63 at 234: addr 0x908e5f7d0 idx 0 fmt 1 regoff 0x0 n 6 (table contents not committed)
  load op 9f at 239: addr 0x908e5f800 idx 0 fmt 1 regoff 0x0 n 9 (table contents not committed)
  load op 64 at 244: addr 0x507400518 idx 0 fmt 1 regoff 0x0 n 5 (table contents not committed)
  load op 9f at 340: addr 0x507401b70 idx 0 fmt 1 regoff 0x0 n 131 (table contents not committed)
  load op 64 at 347: addr 0x507400540 idx 0 fmt 1 regoff 0x0 n 1 (table contents not committed)
  load op 9f at 379: addr 0xfe0040068 idx 0 fmt 1 regoff 0x0 n 921 (table contents not committed)
  load op 9f at 386: addr 0x507401f88 idx 0 fmt 1 regoff 0x0 n 70 (table contents not committed)
  load op 63 at 391: addr 0x908e5ff90 idx 0 fmt 1 regoff 0x0 n 6 (table contents not committed)
  load op 9f at 396: addr 0x908e5ffc0 idx 0 fmt 1 regoff 0x0 n 10 (table contents not committed)
  load op 63 at 401: addr 0x908e5f7d0 idx 0 fmt 1 regoff 0x0 n 6 (table contents not committed)
  load op 9f at 406: addr 0x908e5f800 idx 0 fmt 1 regoff 0x0 n 9 (table contents not committed)
  load op 64 at 411: addr 0x507400548 idx 0 fmt 1 regoff 0x0 n 5 (table contents not committed)
  load op 9f at 548: addr 0x5074021b8 idx 0 fmt 1 regoff 0x0 n 98 (table contents not committed)
  load op 64 at 555: addr 0x507400570 idx 0 fmt 1 regoff 0x0 n 1 (table contents not committed)
  load op 9f at 560: addr 0x5073fe500 idx 0 fmt 1 regoff 0x0 n 33 (table contents not committed)
  load op 9f at 592: addr 0xfe0040068 idx 0 fmt 1 regoff 0x0 n 921 (table contents not committed)
  load op 9f at 599: addr 0x5073fe608 idx 0 fmt 1 regoff 0x0 n 70 (table contents not committed)
  load op 63 at 604: addr 0x908e5ff90 idx 0 fmt 1 regoff 0x0 n 6 (table contents not committed)
  load op 9f at 609: addr 0x908e5ffc0 idx 0 fmt 1 regoff 0x0 n 10 (table contents not committed)
  load op 63 at 614: addr 0x908e5f7d0 idx 0 fmt 1 regoff 0x0 n 6 (table contents not committed)
  load op 9f at 619: addr 0x908e5f800 idx 0 fmt 1 regoff 0x0 n 9 (table contents not committed)
  load op 64 at 624: addr 0x507400578 idx 0 fmt 1 regoff 0x0 n 5 (table contents not committed)
submit #603 dcb 798 dwords at 0x506e02500: pass 103 rewrite 35 drop 22 unmapped 0 cc 6 mappings 1267 ... OK rc 0 25.81 ms
timing: #603 done at t 107.741 s, 447.6 ms after the sync and hints
state stack #603: push 3 pop 3 conditional 1 unmatched 0; restored 2763 regs (+2811 dwords); tables 17, unreadable 0
map 0x3039a0000 +0x10000 ... ok
map 0x337000000 +0x180000 ... ok
map 0x4053f0000 +0x2a0000 ... ok
map 0x5009c0000 +0x10000 ... ok
map 0x1010570000 +0x90000 ... ok
map 0x115fae0000 +0x8d0000 ... ok
swapped pages taken as resident so far: 0
vmas 115 total 13079.0 MiB resident 4815.1 MiB mapped 4815.3 MiB
timing: t 107.743 s acb 463 dwords: sync 25.6 ms, hints 0.1 ms
submit #604 acb 463 dwords at 0x400526840: pass 43 rewrite 11 drop 27 unmapped 0 cc 0 mappings 1273 ... OK rc 0 24.28 ms
timing: #604 done at t 107.798 s, 29.1 ms after the sync and hints
acb head: 1815 of 1864 dwords go ahead of the wait at 1815 on 0x400203b80
hint DB_HTILE 0x55c0e0000: window 0x55a0e0000+0x4000000, mapped +0.0 MiB
timing: t 107.799 s dcb 1248 dwords: sync 12.5 ms, hints 1.2 ms
  load op 9f at 36: addr 0xfe0040068 idx 0 fmt 1 regoff 0x0 n 921 (table contents not committed)
  load op 63 at 41: addr 0xfe0042068 idx 0 fmt 1 regoff 0x0 n 174 (table contents not committed)
  load op 64 at 46: addr 0xfe00425d8 idx 0 fmt 1 regoff 0x0 n 57 (table contents not committed)
  load op 9f at 88: addr 0x505601500 idx 0 fmt 1 regoff 0x0 n 5 (table contents not committed)
  load op 64 at 93: addr 0x505600500 idx 0 fmt 1 regoff 0x0 n 2 (table contents not committed)
  load op 63 at 98: addr 0x5055ff500 idx 0 fmt 1 regoff 0x0 n 3 (table contents not committed)
  load op 9f at 756: addr 0xfe0040068 idx 0 fmt 1 regoff 0x0 n 921 (table contents not committed)
  load op 9f at 763: addr 0x505601528 idx 0 fmt 1 regoff 0x0 n 74 (table contents not committed)
  load op 63 at 768: addr 0x908e5ff90 idx 0 fmt 1 regoff 0x0 n 6 (table contents not committed)
  load op 9f at 773: addr 0x908e5ffc0 idx 0 fmt 1 regoff 0x0 n 10 (table contents not committed)
  load op 64 at 778: addr 0x505600510 idx 0 fmt 1 regoff 0x0 n 5 (table contents not committed)
  load op 9f at 901: addr 0xfe0040068 idx 0 fmt 1 regoff 0x0 n 921 (table contents not committed)
  load op 9f at 908: addr 0x505601778 idx 0 fmt 1 regoff 0x0 n 74 (table contents not committed)
  load op 63 at 913: addr 0x908e5ff90 idx 0 fmt 1 regoff 0x0 n 6 (table contents not committed)
  load op 9f at 918: addr 0x908e5ffc0 idx 0 fmt 1 regoff 0x0 n 10 (table contents not committed)
  load op 64 at 923: addr 0x505600538 idx 0 fmt 1 regoff 0x0 n 5 (table contents not committed)
  load op 9f at 1046: addr 0xfe0040068 idx 0 fmt 1 regoff 0x0 n 921 (table contents not committed)
  load op 9f at 1053: addr 0x5056019c8 idx 0 fmt 1 regoff 0x0 n 74 (table contents not committed)
  load op 63 at 1058: addr 0x908e5ff90 idx 0 fmt 1 regoff 0x0 n 6 (table contents not committed)
  load op 9f at 1063: addr 0x908e5ffc0 idx 0 fmt 1 regoff 0x0 n 10 (table contents not committed)
  load op 64 at 1068: addr 0x505600560 idx 0 fmt 1 regoff 0x0 n 5 (table contents not committed)
submit #605 dcb 1248 dwords at 0x505202500: pass 151 rewrite 46 drop 45 unmapped 0 cc 6 mappings 1273 ... OK rc 0 24.86 ms
timing: #605 done at t 108.117 s, 305.1 ms after the sync and hints
state stack #605: push 3 pop 3 conditional 1 unmatched 0; restored 2763 regs (+2811 dwords); tables 11, unreadable 0
flip 1/0 buffer 0x507410000 +0x1fe0000: sum 0x17ea65194594 nonzero 8100/8160 pattern 0
  target CB0 0x5093f0000: distinct 53 min 0xc0000000 max 0xc340d034,   target CB0 0x5093f0000: nonzero 1024/1024
  target CB0 0x563800000: distinct 1 min 0x00000000 max 0x00000000,   target CB0 0x563800000: nonzero 0/1024
  target CB0 0x55c00d000: distinct 4 min 0x00000000 max 0xffffffff,   target CB0 0x55c00d000: nonzero 339/1024
  target CB0 0x5637f0000: distinct 1 min 0x00000000 max 0x00000000,   target CB0 0x5637f0000: nonzero 0/1024
  target CB0 0x526bf0000: distinct 1 min 0x38003800 max 0x38003800,   target CB0 0x526bf0000: nonzero 1024/1024
  target CB0 0x5719a8000: distinct 15 min 0x00000000 max 0xffffffff,   target CB0 0x5719a8000: nonzero 102/1024
  target DB_HTILE 0x5203a0000: distinct 2 min 0x00000000 max 0xfffffff0,   target DB_HTILE 0x5203a0000: nonzero 160/1024
timing: t 108.119 s acb 1815 dwords: sync 12.9 ms, hints 0.1 ms
  target DB_Z_READ 0x51db50000: distinct 1 min 0x3f800000 max 0x3f800000,   target DB_Z_READ 0x51db50000: nonzero 1024/1024
  target DB_STENCIL_READ 0x51fb30000: distinct 1 min 0x80800000 max 0x80800000, submit #606 acb 1815 dwords at 0x400345640: pass 156 rewrite 44 drop 93 unmapped 0 cc 0 mappings 1273 ...   target DB_STENCIL_READ 0x51fb30000: nonzero 1024/1024
  target CB0 0x513bf0000: distinct 1 min 0x00000000 max 0x00000000,   target CB0 0x513bf0000: nonzero 0/1024
  target CB0 0x571867000: distinct 17 min 0x00000000 max 0xffffffff,   target CB0 0x571867000: nonzero 215/1024
  target CB0 0x57187b000: distinct 17 min 0x00000000 max 0xffffffff,   target CB0 0x57187b000: nonzero 195/1024
  target CB0 0x519b90000: distinct 1 min 0x00000000 max 0x00000000,   target CB0 0x519b90000: nonzero 0/1024
  target CB0 0x5718eb000: distinct 16 min 0x00000000 max 0xffffffff,   target CB0 0x5718eb000: nonzero 123/1024
  target DB_HTILE 0x55c0e0000: distinct 2 min 0x00000000 max 0xffffffff,   target DB_HTILE 0x55c0e0000: nonzero 192/1024
  target DB_Z_READ 0x527430000: distinct 1 min 0xffffffff max 0xffffffff,   target DB_Z_READ 0x527430000: nonzero 1024/1024
timing: t 108.152 s flip 1/0, VideoOutSubmitFlip took 0.0 ms
OK rc 0 25.32 ms
timing: #606 done at t 108.165 s, 32.8 ms after the sync and hints
cpu-wait WAIT_REG_MEM64 at 115 on 0x400203940: satisfied after 0.0 ms
timing: t 108.167 s after that wait (dcb 10440 dwords)
cpu-wait WAIT_REG_MEM64 at 1714 on 0x4002039c0: satisfied after 0.0 ms
timing: t 108.168 s after that wait (dcb 10440 dwords)
cpu-wait WAIT_REG_MEM64 at 9896 on 0x559cd49a53d0: satisfied after 0.0 ms
timing: t 108.170 s after that wait (dcb 10440 dwords)
hint CB0 0x5387d0000: window 0x5367d0000+0x4000000, mapped +0.0 MiB
hint CB0 0x571a1c000: window 0x56fa10000+0x4000000, mapped +0.0 MiB
hint CB1 0x567fc0000: window 0x565fc0000+0x4000000, mapped +31.8 MiB
hint CB0 0x532830000: window 0x530830000+0x4000000, mapped +8.2 MiB
timing: t 108.171 s dcb 10440 dwords: sync 12.9 ms, hints 14.5 ms
  indirect op 16 at 1246: base 0x5074063c0 +0x0 -> 1 1 1 0 0
  indirect op 16 at 1278: base 0x5074063e0 +0x0 -> 1 1 1 0 0
  indirect op 16 at 1310: base 0x50740a520 +0x0 -> 1 1 1 0 0
  indirect op 16 at 1342: base 0x50740a540 +0x0 -> 1 1 1 0 0
  indirect op 25 at 4825: base 0x56ddaffa0 +0x0 -> 1 512 0 0 0
  load op 9f at 28: addr 0xfe0040068 idx 0 fmt 1 regoff 0x0 n 921 (table contents not committed)
  load op 63 at 33: addr 0xfe0042068 idx 0 fmt 1 regoff 0x0 n 174 (table contents not committed)
  load op 64 at 38: addr 0xfe00425d8 idx 0 fmt 1 regoff 0x0 n 57 (table contents not committed)
  load op 9f at 80: addr 0x503501500 idx 0 fmt 1 regoff 0x0 n 295 (table contents not committed)
  load op 64 at 85: addr 0x503500500 idx 0 fmt 1 regoff 0x0 n 7 (table contents not committed)
  load op 63 at 90: addr 0x5034ff500 idx 0 fmt 1 regoff 0x0 n 13 (table contents not committed)
  load op 63 at 342: addr 0x5034ff568 idx 0 fmt 1 regoff 0x0 n 10 (table contents not committed)
  load op 63 at 734: addr 0x5034ff5b8 idx 0 fmt 1 regoff 0x0 n 18 (table contents not committed)
  load op 63 at 1217: addr 0x5034ff648 idx 0 fmt 1 regoff 0x0 n 10 (table contents not committed)
  load op 63 at 1249: addr 0x5034ff698 idx 0 fmt 1 regoff 0x0 n 10 (table contents not committed)
  load op 63 at 1281: addr 0x5034ff6e8 idx 0 fmt 1 regoff 0x0 n 10 (table contents not committed)
  load op 63 at 1313: addr 0x5034ff738 idx 0 fmt 1 regoff 0x0 n 10 (table contents not committed)
  load op 64 at 1485: addr 0x503500538 idx 0 fmt 1 regoff 0x0 n 4 (table contents not committed)
  load op 9f at 1490: addr 0x503501e38 idx 0 fmt 1 regoff 0x0 n 215 (table contents not committed)
  load op 63 at 1495: addr 0x5034ff788 idx 0 fmt 1 regoff 0x0 n 18 (table contents not committed)
  load op 9f at 1500: addr 0x5034fd440 idx 0 fmt 1 regoff 0x0 n 72 (table contents not committed)
  load op 9f at 1809: addr 0xfe0040068 idx 0 fmt 1 regoff 0x0 n 921 (table contents not committed)
  load op 9f at 1816: addr 0x5034fd680 idx 0 fmt 1 regoff 0x0 n 74 (table contents not committed)
  load op 63 at 1821: addr 0x908e5ff90 idx 0 fmt 1 regoff 0x0 n 6 (table contents not committed)
  load op 9f at 1826: addr 0x908e5ffc0 idx 0 fmt 1 regoff 0x0 n 10 (table contents not committed)
  load op 64 at 1831: addr 0x503500558 idx 0 fmt 1 regoff 0x0 n 5 (table contents not committed)
  load op 9f at 1892: addr 0x5034fd8d0 idx 0 fmt 1 regoff 0x0 n 301 (table contents not committed)
  load op 63 at 1897: addr 0x5034ff818 idx 0 fmt 1 regoff 0x0 n 30 (table contents not committed)
  load op 64 at 1989: addr 0x503500580 idx 0 fmt 1 regoff 0x0 n 5 (table contents not committed)
  load op 63 at 2206: addr 0x5034ff908 idx 0 fmt 1 regoff 0x0 n 20 (table contents not committed)
  load op 9f at 3169: addr 0xfe0040068 idx 0 fmt 1 regoff 0x0 n 921 (table contents not committed)
  load op 9f at 3176: addr 0x5034fe238 idx 0 fmt 1 regoff 0x0 n 36 (table contents not committed)
  load op 63 at 3181: addr 0x908e5ff90 idx 0 fmt 1 regoff 0x0 n 6 (table contents not committed)
  load op 9f at 3186: addr 0x908e5ffc0 idx 0 fmt 1 regoff 0x0 n 10 (table contents not committed)
  load op 63 at 3191: addr 0x908e5f7d0 idx 0 fmt 1 regoff 0x0 n 6 (table contents not committed)
  load op 9f at 3196: addr 0x908e5f800 idx 0 fmt 1 regoff 0x0 n 9 (table contents not committed)
  load op 9f at 3201: addr 0x5034fc110 idx 0 fmt 1 regoff 0x0 n 34 (table contents not committed)
  load op 64 at 3206: addr 0x5035005a8 idx 0 fmt 1 regoff 0x0 n 5 (table contents not committed)
  load op 9f at 3245: addr 0x5034fc220 idx 0 fmt 1 regoff 0x0 n 19 (table contents not committed)
  load op 63 at 3250: addr 0x5034ff9a8 idx 0 fmt 1 regoff 0x0 n 12 (table contents not committed)
  load op 9f at 3373: addr 0xfe0040068 idx 0 fmt 1 regoff 0x0 n 921 (table contents not committed)
  load op 9f at 3380: addr 0x5034fc2b8 idx 0 fmt 1 regoff 0x0 n 74 (table contents not committed)
  load op 63 at 3385: addr 0x908e5ff90 idx 0 fmt 1 regoff 0x0 n 6 (table contents not committed)
  load op 9f at 3390: addr 0x908e5ffc0 idx 0 fmt 1 regoff 0x0 n 10 (table contents not committed)
  load op 64 at 3395: addr 0x5035005d0 idx 0 fmt 1 regoff 0x0 n 5 (table contents not committed)
  load op 9f at 3434: addr 0x5034fc508 idx 0 fmt 1 regoff 0x0 n 301 (table contents not committed)
  load op 63 at 3439: addr 0x5034ffa08 idx 0 fmt 1 regoff 0x0 n 30 (table contents not committed)
  load op 64 at 3535: addr 0x5035005f8 idx 0 fmt 1 regoff 0x0 n 5 (table contents not committed)
  load op 63 at 3775: addr 0x5034ffaf8 idx 0 fmt 1 regoff 0x0 n 20 (table contents not committed)
  load op 63 at 4651: addr 0x5034ffb98 idx 0 fmt 1 regoff 0x0 n 10 (table contents not committed)
  load op 64 at 4776: addr 0x503500620 idx 0 fmt 1 regoff 0x0 n 6 (table contents not committed)
  load op 9f at 4781: addr 0x5034fce70 idx 0 fmt 1 regoff 0x0 n 81 (table contents not committed)
  load op 9f at 4788: addr 0x5034fae80 idx 0 fmt 1 regoff 0x0 n 500 (table contents not committed)
  load op 63 at 4793: addr 0x5034ffbe8 idx 0 fmt 1 regoff 0x0 n 26 (table contents not committed)
  load op 9f at 5094: addr 0xfe0040068 idx 0 fmt 1 regoff 0x0 n 921 (table contents not committed)
  load op 9f at 5101: addr 0x5034f9c40 idx 0 fmt 1 regoff 0x0 n 74 (table contents not committed)
  load op 63 at 5106: addr 0x908e5ff90 idx 0 fmt 1 regoff 0x0 n 6 (table contents not committed)
  load op 9f at 5111: addr 0x908e5ffc0 idx 0 fmt 1 regoff 0x0 n 10 (table contents not committed)
  load op 64 at 5116: addr 0x503500650 idx 0 fmt 1 regoff 0x0 n 5 (table contents not committed)
  load op 63 at 5155: addr 0x5034ffcb8 idx 0 fmt 1 regoff 0x0 n 21 (table contents not committed)
  load op 9f at 5166: addr 0x5034f9e90 idx 0 fmt 1 regoff 0x0 n 9 (table contents not committed)
  load op 9f at 6067: addr 0xfe0040068 idx 0 fmt 1 regoff 0x0 n 921 (table contents not committed)
  load op 9f at 6074: addr 0x5034f9ed8 idx 0 fmt 1 regoff 0x0 n 70 (table contents not committed)
  load op 63 at 6079: addr 0x908e5ff90 idx 0 fmt 1 regoff 0x0 n 6 (table contents not committed)
  load op 9f at 6084: addr 0x908e5ffc0 idx 0 fmt 1 regoff 0x0 n 10 (table contents not committed)
  load op 63 at 6089: addr 0x908e5f7d0 idx 0 fmt 1 regoff 0x0 n 6 (table contents not committed)
  load op 9f at 6094: addr 0x908e5f800 idx 0 fmt 1 regoff 0x0 n 9 (table contents not committed)
  load op 64 at 6099: addr 0x503500678 idx 0 fmt 1 regoff 0x0 n 5 (table contents not committed)
  load op 63 at 6138: addr 0x5034ffd60 idx 0 fmt 1 regoff 0x0 n 29 (table contents not committed)
  load op 9f at 6149: addr 0x5034fa108 idx 0 fmt 1 regoff 0x0 n 289 (table contents not committed)
  load op 64 at 6211: addr 0x5035006a0 idx 0 fmt 1 regoff 0x0 n 5 (table contents not committed)
  load op 63 at 6795: addr 0x5034ffe48 idx 0 fmt 1 regoff 0x0 n 10 (table contents not committed)
  load op 63 at 6904: addr 0x5034ffe98 idx 0 fmt 1 regoff 0x0 n 10 (table contents not committed)
  load op 63 at 7533: addr 0x5034ffee8 idx 0 fmt 1 regoff 0x0 n 10 (table contents not committed)
  load op 63 at 8794: addr 0x5034fff38 idx 0 fmt 1 regoff 0x0 n 28 (table contents not committed)
  load op 9f at 9208: addr 0x5034faa10 idx 0 fmt 1 regoff 0x0 n 66 (table contents not committed)
  load op 64 at 9213: addr 0x5035006c8 idx 0 fmt 1 regoff 0x0 n 5 (table contents not committed)
  load op 9f at 9220: addr 0x5034f8480 idx 0 fmt 1 regoff 0x0 n 215 (table contents not committed)
  load op 9f at 9300: addr 0x5034f8b38 idx 0 fmt 1 regoff 0x0 n 1 (table contents not committed)
  load op 9f at 9697: addr 0xfe0040068 idx 0 fmt 1 regoff 0x0 n 921 (table contents not committed)
  load op 9f at 9704: addr 0x5034f8b40 idx 0 fmt 1 regoff 0x0 n 70 (table contents not committed)
  load op 63 at 9709: addr 0x908e5ff90 idx 0 fmt 1 regoff 0x0 n 6 (table contents not committed)
  load op 9f at 9714: addr 0x908e5ffc0 idx 0 fmt 1 regoff 0x0 n 10 (table contents not committed)
  load op 63 at 9719: addr 0x908e5f7d0 idx 0 fmt 1 regoff 0x0 n 6 (table contents not committed)
  load op 9f at 9724: addr 0x908e5f800 idx 0 fmt 1 regoff 0x0 n 9 (table contents not committed)
  load op 64 at 9729: addr 0x5035006f0 idx 0 fmt 1 regoff 0x0 n 5 (table contents not committed)
  load op 9f at 9794: addr 0x5034f8d70 idx 0 fmt 1 regoff 0x0 n 224 (table contents not committed)
  load op 63 at 9799: addr 0x503500018 idx 0 fmt 1 regoff 0x0 n 30 (table contents not committed)
  load op 64 at 9937: addr 0x503500718 idx 0 fmt 1 regoff 0x0 n 4 (table contents not committed)
  load op 9f at 9942: addr 0x5034f71a0 idx 0 fmt 1 regoff 0x0 n 76 (table contents not committed)
submit #607 dcb 10440 dwords at 0x502e02500: pass 691 rewrite 518 drop 462 unmapped 1 cc 12 mappings 1275 ... FAILED rc 0 TIMEOUT 2065.65 ms
timing: #607 done at t 111.498 s, 3300.3 ms after the sync and hints
state stack #607: push 6 pop 6 conditional 1 unmatched 0; restored 5526 regs (+5622 dwords); tables 38, unreadable 0
timeout: fault 0x535fbc000 status 0x00601031
learned: fault 0x535fbc000 -> region 0x532000000+0x6000000 (saved)
