direct: enabled, stage all, cu mask 0xffffffff, bo list with mappings
swapped pages taken as resident so far: 0
vmas 45 total 8175.8 MiB resident 291.6 MiB mapped 296.4 MiB
learned 0x52e000000: window 0x52e000000+0x6000000, mapped +96.0 MiB
learned 0x53e000000: window 0x53e000000+0x6000000, mapped +96.0 MiB
learned 0x536000000: window 0x536000000+0x6000000, mapped +96.0 MiB
learned 0x55a000000: window 0x55a000000+0x6000000, mapped +96.0 MiB
learned 0x54e000000: window 0x54e000000+0x6000000, mapped +96.0 MiB
learned 0x51a000000: window 0x51a000000+0x6000000, mapped +96.0 MiB
learned 0x522000000: window 0x522000000+0x6000000, mapped +96.0 MiB
learned 0x562000000: window 0x562000000+0x6000000, mapped +96.0 MiB
learned 0x532000000: window 0x532000000+0x6000000, mapped +32.0 MiB
submit #0 acb 2 dwords at 0xfe003a200: pass 1 rewrite 0 drop 0 unmapped 0 cc 0 mappings 135 ... OK rc 0 11.39 ms
timing: #0 done at t 0.327 s, 59.6 ms after the sync and hints
swapped pages taken as resident so far: 0
vmas 55 total 12783.8 MiB resident 1244.8 MiB mapped 1248.4 MiB
submit #1 acb 55 dwords at 0xfe00427a0: pass 7 rewrite 0 drop 1 unmapped 0 cc 0 mappings 207 ... OK rc 0 15.32 ms
timing: #1 done at t 0.360 s, 16.2 ms after the sync and hints
submit #2 cc 3 dwords at 0x7efdf28e4: pass 0 rewrite 1 drop 0 unmapped 0 cc 1 mappings 207 ... OK rc 0 6.03 ms
timing: #2 done at t 0.374 s, 7.0 ms after the sync and hints
submit #3 acb 2 dwords at 0xfe003a200: pass 1 rewrite 0 drop 0 unmapped 0 cc 0 mappings 207 ... OK rc 0 6.00 ms
timing: #3 done at t 0.388 s, 6.9 ms after the sync and hints
submit #4 acb 55 dwords at 0xfe00427a0: pass 7 rewrite 0 drop 1 unmapped 0 cc 0 mappings 207 ... OK rc 0 6.00 ms
timing: #4 done at t 0.402 s, 7.0 ms after the sync and hints
submit #5 hib 150 dwords at 0xfe0000000: pass 12 rewrite 2 drop 2 unmapped 0 cc 2 mappings 207 ... OK rc 0 5.94 ms
timing: #5 done at t 0.417 s, 7.2 ms after the sync and hints
submit #6 acb 2 dwords at 0xfe003a200: pass 1 rewrite 0 drop 0 unmapped 0 cc 0 mappings 207 ... OK rc 0 6.06 ms
timing: #6 done at t 0.431 s, 7.0 ms after the sync and hints
submit #7 acb 55 dwords at 0xfe00427a0: pass 7 rewrite 0 drop 1 unmapped 0 cc 0 mappings 207 ... OK rc 0 6.01 ms
timing: #7 done at t 0.445 s, 6.9 ms after the sync and hints
submit #8 hib 2 dwords at 0xfe003a200: pass 1 rewrite 0 drop 0 unmapped 0 cc 0 mappings 207 ... OK rc 0 5.95 ms
timing: #8 done at t 0.460 s, 6.9 ms after the sync and hints
submit #9 acb 2 dwords at 0xfe003a200: pass 1 rewrite 0 drop 0 unmapped 0 cc 0 mappings 207 ... OK rc 0 6.06 ms
timing: #9 done at t 0.474 s, 7.0 ms after the sync and hints
submit #10 acb 55 dwords at 0xfe00427a0: pass 7 rewrite 0 drop 1 unmapped 0 cc 0 mappings 207 ... OK rc 0 5.99 ms
timing: #10 done at t 0.488 s, 6.9 ms after the sync and hints
submit #11 acb 2 dwords at 0xfe003a200: pass 1 rewrite 0 drop 0 unmapped 0 cc 0 mappings 207 ... OK rc 0 6.00 ms
timing: #11 done at t 0.502 s, 6.9 ms after the sync and hints
submit #12 acb 55 dwords at 0xfe00427a0: pass 7 rewrite 0 drop 1 unmapped 0 cc 0 mappings 207 ... OK rc 0 5.99 ms
timing: #12 done at t 0.516 s, 7.0 ms after the sync and hints
submit #13 dcb 96 dwords at 0xfe0042920: pass 20 rewrite 2 drop 2 unmapped 0 cc 0 mappings 207 ... OK rc 0 6.14 ms
timing: #13 done at t 0.531 s, 7.4 ms after the sync and hints
submit #14 acb 2 dwords at 0xfe003a200: pass 1 rewrite 0 drop 0 unmapped 0 cc 0 mappings 207 ... OK rc 0 5.98 ms
timing: #14 done at t 0.546 s, 6.9 ms after the sync and hints
submit #15 acb 55 dwords at 0xfe00427a0: pass 7 rewrite 0 drop 1 unmapped 0 cc 0 mappings 207 ... OK rc 0 5.97 ms
timing: #15 done at t 0.560 s, 6.9 ms after the sync and hints
submit #16 acb 2 dwords at 0xfe003a200: pass 1 rewrite 0 drop 0 unmapped 0 cc 0 mappings 207 ... OK rc 0 6.01 ms
timing: #16 done at t 0.574 s, 7.0 ms after the sync and hints
swapped pages taken as resident so far: 0
vmas 66 total 12993.3 MiB resident 1271.5 MiB mapped 1273.2 MiB
submit #17 acb 55 dwords at 0xfe00427a0: pass 7 rewrite 0 drop 1 unmapped 0 cc 0 mappings 255 ... OK rc 0 7.09 ms
timing: #17 done at t 0.594 s, 8.0 ms after the sync and hints
swapped pages taken as resident so far: 0
vmas 66 total 12993.3 MiB resident 1276.5 MiB mapped 1276.8 MiB
submit #18 acb 2 dwords at 0xfe003a200: pass 1 rewrite 0 drop 0 unmapped 0 cc 0 mappings 261 ... OK rc 0 6.35 ms
timing: #18 done at t 0.611 s, 7.3 ms after the sync and hints
swapped pages taken as resident so far: 0
vmas 66 total 12993.3 MiB resident 1280.3 MiB mapped 1280.3 MiB
submit #19 acb 55 dwords at 0xfe00427a0: pass 7 rewrite 0 drop 1 unmapped 0 cc 0 mappings 262 ... OK rc 0 6.27 ms
timing: #19 done at t 0.626 s, 7.2 ms after the sync and hints
swapped pages taken as resident so far: 0
vmas 66 total 12993.3 MiB resident 1280.8 MiB mapped 1280.8 MiB
submit #20 acb 2 dwords at 0xfe003a200: pass 1 rewrite 0 drop 0 unmapped 0 cc 0 mappings 263 ... OK rc 0 6.38 ms
timing: #20 done at t 0.640 s, 7.3 ms after the sync and hints
swapped pages taken as resident so far: 0
vmas 66 total 12993.3 MiB resident 1287.8 MiB mapped 1287.9 MiB
submit #21 acb 55 dwords at 0xfe00427a0: pass 7 rewrite 0 drop 1 unmapped 0 cc 0 mappings 265 ... OK rc 0 6.30 ms
timing: #21 done at t 0.656 s, 7.2 ms after the sync and hints
swapped pages taken as resident so far: 0
vmas 66 total 12993.3 MiB resident 1295.2 MiB mapped 1296.2 MiB
submit #22 acb 2 dwords at 0xfe003a200: pass 1 rewrite 0 drop 0 unmapped 0 cc 0 mappings 299 ... OK rc 0 6.50 ms
timing: #22 done at t 0.672 s, 7.4 ms after the sync and hints
swapped pages taken as resident so far: 0
vmas 71 total 12996.7 MiB resident 1305.7 MiB mapped 1306.9 MiB
submit #23 acb 55 dwords at 0xfe00427a0: pass 7 rewrite 0 drop 1 unmapped 0 cc 0 mappings 345 ... OK rc 0 6.59 ms
timing: #23 done at t 0.690 s, 7.5 ms after the sync and hints
swapped pages taken as resident so far: 0
vmas 77 total 13001.3 MiB resident 1340.1 MiB mapped 1340.8 MiB
submit #24 acb 2 dwords at 0xfe003a200: pass 1 rewrite 0 drop 0 unmapped 0 cc 0 mappings 368 ... OK rc 0 6.89 ms
timing: #24 done at t 0.707 s, 7.9 ms after the sync and hints
swapped pages taken as resident so far: 0
vmas 77 total 13001.3 MiB resident 1393.3 MiB mapped 1393.3 MiB
submit #25 acb 55 dwords at 0xfe00427a0: pass 7 rewrite 0 drop 1 unmapped 0 cc 0 mappings 369 ... OK rc 0 7.23 ms
timing: #25 done at t 0.725 s, 8.2 ms after the sync and hints
swapped pages taken as resident so far: 0
vmas 77 total 13001.3 MiB resident 1450.4 MiB mapped 1450.5 MiB
submit #26 acb 2 dwords at 0xfe003a200: pass 1 rewrite 0 drop 0 unmapped 0 cc 0 mappings 370 ... OK rc 0 7.27 ms
timing: #26 done at t 0.742 s, 8.2 ms after the sync and hints
swapped pages taken as resident so far: 0
vmas 78 total 13003.3 MiB resident 1484.9 MiB mapped 1485.0 MiB
submit #27 acb 55 dwords at 0xfe00427a0: pass 7 rewrite 0 drop 1 unmapped 0 cc 0 mappings 373 ... OK rc 0 7.67 ms
timing: #27 done at t 0.761 s, 9.4 ms after the sync and hints
swapped pages taken as resident so far: 0
vmas 80 total 13007.3 MiB resident 1489.0 MiB mapped 1489.0 MiB
submit #28 acb 2 dwords at 0xfe003a200: pass 1 rewrite 0 drop 0 unmapped 0 cc 0 mappings 375 ... OK rc 0 7.71 ms
timing: #28 done at t 0.778 s, 8.7 ms after the sync and hints
submit #29 acb 55 dwords at 0xfe00427a0: pass 7 rewrite 0 drop 1 unmapped 0 cc 0 mappings 375 ... OK rc 0 7.80 ms
timing: #29 done at t 0.795 s, 9.0 ms after the sync and hints
swapped pages taken as resident so far: 0
vmas 80 total 13007.3 MiB resident 1489.0 MiB mapped 1489.0 MiB
submit #30 acb 2 dwords at 0xfe003a200: pass 1 rewrite 0 drop 0 unmapped 0 cc 0 mappings 376 ... OK rc 0 7.78 ms
timing: #30 done at t 0.812 s, 8.7 ms after the sync and hints
swapped pages taken as resident so far: 0
vmas 80 total 13007.3 MiB resident 1497.9 MiB mapped 1498.0 MiB
submit #31 acb 55 dwords at 0xfe00427a0: pass 7 rewrite 0 drop 1 unmapped 0 cc 0 mappings 380 ... EFAULT, resync ... unmap 0x315fe0000 +0x1ba0000 (no longer rw anonymous) ... ok
swapped pages taken as resident so far: 0
vmas 81 total 13007.3 MiB resident 1516.9 MiB mapped 1517.1 MiB
OK rc 0 (retried) 11.08 ms
timing: #31 done at t 0.846 s, 25.5 ms after the sync and hints
swapped pages taken as resident so far: 0
vmas 83 total 13007.3 MiB resident 1520.6 MiB mapped 1520.9 MiB
submit #32 acb 2 dwords at 0xfe003a200: pass 1 rewrite 0 drop 0 unmapped 0 cc 0 mappings 394 ... OK rc 0 7.68 ms
timing: #32 done at t 0.863 s, 8.6 ms after the sync and hints
swapped pages taken as resident so far: 0
vmas 83 total 13007.3 MiB resident 1522.6 MiB mapped 1522.8 MiB
submit #33 acb 55 dwords at 0xfe00427a0: pass 7 rewrite 0 drop 1 unmapped 0 cc 0 mappings 396 ... OK rc 0 7.80 ms
timing: #33 done at t 0.880 s, 8.8 ms after the sync and hints
swapped pages taken as resident so far: 0
vmas 83 total 13007.3 MiB resident 1527.8 MiB mapped 1527.8 MiB
submit #34 acb 2 dwords at 0xfe003a200: pass 1 rewrite 0 drop 0 unmapped 0 cc 0 mappings 397 ... OK rc 0 7.74 ms
timing: #34 done at t 0.897 s, 8.7 ms after the sync and hints
swapped pages taken as resident so far: 0
vmas 83 total 13007.3 MiB resident 1530.7 MiB mapped 1530.7 MiB
submit #35 acb 55 dwords at 0xfe00427a0: pass 7 rewrite 0 drop 1 unmapped 0 cc 0 mappings 398 ... OK rc 0 7.68 ms
timing: #35 done at t 0.915 s, 8.8 ms after the sync and hints
swapped pages taken as resident so far: 0
vmas 83 total 13007.3 MiB resident 1538.9 MiB mapped 1538.9 MiB
submit #36 acb 2 dwords at 0xfe003a200: pass 1 rewrite 0 drop 0 unmapped 0 cc 0 mappings 399 ... OK rc 0 7.69 ms
timing: #36 done at t 0.932 s, 8.7 ms after the sync and hints
swapped pages taken as resident so far: 0
vmas 83 total 13007.3 MiB resident 1543.3 MiB mapped 1543.3 MiB
submit #37 acb 55 dwords at 0xfe00427a0: pass 7 rewrite 0 drop 1 unmapped 0 cc 0 mappings 400 ... OK rc 0 7.94 ms
timing: #37 done at t 0.949 s, 8.9 ms after the sync and hints
swapped pages taken as resident so far: 0
vmas 83 total 13007.3 MiB resident 1548.9 MiB mapped 1549.0 MiB
submit #38 acb 2 dwords at 0xfe003a200: pass 1 rewrite 0 drop 0 unmapped 0 cc 0 mappings 401 ... OK rc 0 7.79 ms
timing: #38 done at t 0.967 s, 8.8 ms after the sync and hints
submit #39 acb 55 dwords at 0xfe00427a0: pass 7 rewrite 0 drop 1 unmapped 0 cc 0 mappings 401 ... OK rc 0 7.80 ms
timing: #39 done at t 0.983 s, 8.9 ms after the sync and hints
swapped pages taken as resident so far: 0
vmas 83 total 13007.3 MiB resident 1549.0 MiB mapped 1549.0 MiB
submit #40 acb 2 dwords at 0xfe003a200: pass 1 rewrite 0 drop 0 unmapped 0 cc 0 mappings 402 ... OK rc 0 7.75 ms
timing: #40 done at t 1.000 s, 8.8 ms after the sync and hints
swapped pages taken as resident so far: 0
vmas 83 total 13007.3 MiB resident 1553.3 MiB mapped 1553.3 MiB
submit #41 acb 55 dwords at 0xfe00427a0: pass 7 rewrite 0 drop 1 unmapped 0 cc 0 mappings 403 ... OK rc 0 8.00 ms
timing: #41 done at t 1.018 s, 9.0 ms after the sync and hints
swapped pages taken as resident so far: 0
vmas 83 total 13007.3 MiB resident 1553.3 MiB mapped 1553.4 MiB
submit #42 acb 2 dwords at 0xfe003a200: pass 1 rewrite 0 drop 0 unmapped 0 cc 0 mappings 404 ... OK rc 0 8.00 ms
timing: #42 done at t 1.036 s, 8.9 ms after the sync and hints
swapped pages taken as resident so far: 0
vmas 83 total 13007.3 MiB resident 1555.3 MiB mapped 1555.3 MiB
submit #43 acb 55 dwords at 0xfe00427a0: pass 7 rewrite 0 drop 1 unmapped 0 cc 0 mappings 406 ... OK rc 0 7.89 ms
timing: #43 done at t 1.053 s, 8.9 ms after the sync and hints
swapped pages taken as resident so far: 0
vmas 83 total 13007.3 MiB resident 1557.9 MiB mapped 1558.0 MiB
submit #44 acb 2 dwords at 0xfe003a200: pass 1 rewrite 0 drop 0 unmapped 0 cc 0 mappings 409 ... EFAULT, resync ... unmap 0x321cc0000 +0x2e0000 (no longer rw anonymous) ... ok
swapped pages taken as resident so far: 0
vmas 84 total 13007.3 MiB resident 1563.6 MiB mapped 1563.9 MiB
OK rc 0 (retried) 8.06 ms
timing: #44 done at t 1.088 s, 26.2 ms after the sync and hints
swapped pages taken as resident so far: 0
vmas 85 total 13007.3 MiB resident 1568.4 MiB mapped 1568.6 MiB
submit #45 acb 55 dwords at 0xfe00427a0: pass 7 rewrite 0 drop 1 unmapped 0 cc 0 mappings 423 ... OK rc 0 9.25 ms
timing: #45 done at t 1.109 s, 10.4 ms after the sync and hints
swapped pages taken as resident so far: 0
vmas 96 total 13062.4 MiB resident 1632.1 MiB mapped 1633.2 MiB
submit #46 cc 3 dwords at 0x313b17cd4: pass 0 rewrite 1 drop 0 unmapped 0 cc 1 mappings 455 ... OK rc 0 8.33 ms
timing: #46 done at t 1.130 s, 9.3 ms after the sync and hints
swapped pages taken as resident so far: 0
vmas 96 total 13062.4 MiB resident 1638.8 MiB mapped 1639.0 MiB
submit #47 acb 2 dwords at 0xfe003a200: pass 1 rewrite 0 drop 0 unmapped 0 cc 0 mappings 460 ... OK rc 0 9.76 ms
timing: #47 done at t 1.152 s, 10.8 ms after the sync and hints
swapped pages taken as resident so far: 0
vmas 96 total 13062.4 MiB resident 1643.0 MiB mapped 1643.0 MiB
submit #48 acb 55 dwords at 0xfe00427a0: pass 7 rewrite 0 drop 1 unmapped 0 cc 0 mappings 461 ... OK rc 0 8.30 ms
timing: #48 done at t 1.170 s, 9.3 ms after the sync and hints
swapped pages taken as resident so far: 0
vmas 96 total 13062.4 MiB resident 1647.7 MiB mapped 1647.8 MiB
submit #49 hib 150 dwords at 0xfe0000000: pass 12 rewrite 2 drop 2 unmapped 0 cc 2 mappings 464 ... OK rc 0 8.27 ms
timing: #49 done at t 1.188 s, 9.6 ms after the sync and hints
swapped pages taken as resident so far: 0
vmas 96 total 13062.4 MiB resident 1648.7 MiB mapped 1648.7 MiB
submit #50 acb 2 dwords at 0xfe003a200: pass 1 rewrite 0 drop 0 unmapped 0 cc 0 mappings 467 ... OK rc 0 8.26 ms
timing: #50 done at t 1.206 s, 9.2 ms after the sync and hints
submit #51 acb 55 dwords at 0xfe00427a0: pass 7 rewrite 0 drop 1 unmapped 0 cc 0 mappings 467 ... OK rc 0 8.26 ms
timing: #51 done at t 1.223 s, 9.3 ms after the sync and hints
submit #52 hib 2 dwords at 0xfe003a200: pass 1 rewrite 0 drop 0 unmapped 0 cc 0 mappings 467 ... OK rc 0 8.23 ms
timing: #52 done at t 1.241 s, 9.3 ms after the sync and hints
submit #53 acb 2 dwords at 0xfe003a200: pass 1 rewrite 0 drop 0 unmapped 0 cc 0 mappings 467 ... OK rc 0 8.24 ms
timing: #53 done at t 1.258 s, 9.3 ms after the sync and hints
submit #54 acb 55 dwords at 0xfe00427a0: pass 7 rewrite 0 drop 1 unmapped 0 cc 0 mappings 467 ... OK rc 0 8.25 ms
timing: #54 done at t 1.275 s, 9.3 ms after the sync and hints
submit #55 dcb 96 dwords at 0xfe0042920: pass 20 rewrite 2 drop 2 unmapped 0 cc 0 mappings 467 ... OK rc 0 8.30 ms
timing: #55 done at t 1.293 s, 9.6 ms after the sync and hints
submit #56 acb 2 dwords at 0xfe003a200: pass 1 rewrite 0 drop 0 unmapped 0 cc 0 mappings 467 ... OK rc 0 8.27 ms
timing: #56 done at t 1.311 s, 9.3 ms after the sync and hints
submit #57 acb 55 dwords at 0xfe00427a0: pass 7 rewrite 0 drop 1 unmapped 0 cc 0 mappings 467 ... OK rc 0 8.24 ms
timing: #57 done at t 1.328 s, 9.3 ms after the sync and hints
submit #58 cc 3 dwords at 0x313b17cf4: pass 0 rewrite 1 drop 0 unmapped 0 cc 1 mappings 467 ... OK rc 0 8.23 ms
timing: #58 done at t 1.346 s, 9.2 ms after the sync and hints
submit #59 acb 2 dwords at 0xfe003a200: pass 1 rewrite 0 drop 0 unmapped 0 cc 0 mappings 467 ... OK rc 0 8.23 ms
timing: #59 done at t 1.363 s, 9.3 ms after the sync and hints
submit #60 acb 55 dwords at 0xfe00427a0: pass 7 rewrite 0 drop 1 unmapped 0 cc 0 mappings 467 ... OK rc 0 8.25 ms
timing: #60 done at t 1.381 s, 9.3 ms after the sync and hints
submit #61 hib 150 dwords at 0xfe0000000: pass 12 rewrite 2 drop 2 unmapped 0 cc 2 mappings 467 ... OK rc 0 8.25 ms
timing: #61 done at t 1.399 s, 9.6 ms after the sync and hints
submit #62 acb 2 dwords at 0xfe003a200: pass 1 rewrite 0 drop 0 unmapped 0 cc 0 mappings 467 ... OK rc 0 8.23 ms
timing: #62 done at t 1.416 s, 9.3 ms after the sync and hints
submit #63 acb 55 dwords at 0xfe00427a0: pass 7 rewrite 0 drop 1 unmapped 0 cc 0 mappings 467 ... OK rc 0 8.25 ms
timing: #63 done at t 1.434 s, 9.3 ms after the sync and hints
submit #64 hib 2 dwords at 0xfe003a200: pass 1 rewrite 0 drop 0 unmapped 0 cc 0 mappings 467 ... OK rc 0 8.22 ms
timing: #64 done at t 1.451 s, 9.2 ms after the sync and hints
submit #65 acb 2 dwords at 0xfe003a200: pass 1 rewrite 0 drop 0 unmapped 0 cc 0 mappings 467 ... OK rc 0 8.22 ms
timing: #65 done at t 1.469 s, 9.4 ms after the sync and hints
submit #66 acb 55 dwords at 0xfe00427a0: pass 7 rewrite 0 drop 1 unmapped 0 cc 0 mappings 467 ... OK rc 0 8.26 ms
timing: #66 done at t 1.486 s, 9.3 ms after the sync and hints
submit #67 acb 2 dwords at 0xfe003a200: pass 1 rewrite 0 drop 0 unmapped 0 cc 0 mappings 467 ... OK rc 0 8.29 ms
timing: #67 done at t 1.504 s, 9.3 ms after the sync and hints
submit #68 acb 55 dwords at 0xfe00427a0: pass 7 rewrite 0 drop 1 unmapped 0 cc 0 mappings 467 ... OK rc 0 8.24 ms
timing: #68 done at t 1.521 s, 9.3 ms after the sync and hints
swapped pages taken as resident so far: 0
vmas 96 total 13062.4 MiB resident 1648.7 MiB mapped 1648.8 MiB
submit #69 dcb 96 dwords at 0xfe0042920: pass 20 rewrite 2 drop 2 unmapped 0 cc 0 mappings 468 ... OK rc 0 8.26 ms
timing: #69 done at t 1.539 s, 9.5 ms after the sync and hints
submit #70 acb 2 dwords at 0xfe003a200: pass 1 rewrite 0 drop 0 unmapped 0 cc 0 mappings 468 ... OK rc 0 8.23 ms
timing: #70 done at t 1.557 s, 9.3 ms after the sync and hints
submit #71 acb 55 dwords at 0xfe00427a0: pass 7 rewrite 0 drop 1 unmapped 0 cc 0 mappings 468 ... OK rc 0 8.22 ms
timing: #71 done at t 1.574 s, 9.3 ms after the sync and hints
hint CB0 0x538bc0000: window 0x536bc0000+0x4000000, mapped +0.0 MiB
hint CB0 0x55675f000: window 0x554750000+0x4000000, mapped +31.9 MiB
hint CB0 0x563800000: window 0x561800000+0x4000000, mapped +8.0 MiB
hint CB0 0x55c00d000: window 0x55a000000+0x4000000, mapped +0.0 MiB
hint CB0 0x5637f0000: window 0x5617f0000+0x4000000, mapped +0.1 MiB
hint CB0 0x516830000: window 0x514830000+0x4000000, mapped +64.0 MiB
hint CB0 0x56c05e000: window 0x56a050000+0x4000000, mapped +63.4 MiB
hint DB_HTILE 0x514050000: window 0x512050000+0x4000000, mapped +39.9 MiB
hint DB_Z_READ 0x513560000: window 0x511560000+0x4000000, mapped +10.9 MiB
hint DB_STENCIL_READ 0x513dd0000: window 0x511dd0000+0x4000000, mapped +0.0 MiB
submit #72 dcb 3257 dwords at 0x503c02500: pass 333 rewrite 135 drop 132 unmapped 0 cc 6 mappings 480 ... OK rc 0 9.61 ms
timing: #72 done at t 1.639 s, 13.7 ms after the sync and hints
state stack #72: push 3 pop 3 conditional 1 unmatched 0; restored 2763 regs (+2811 dwords); tables 18, unreadable 0
submit #73 acb 2 dwords at 0xfe003a200: pass 1 rewrite 0 drop 0 unmapped 0 cc 0 mappings 480 ... OK rc 0 9.24 ms
timing: #73 done at t 1.658 s, 10.3 ms after the sync and hints
submit #74 acb 55 dwords at 0xfe00427a0: pass 7 rewrite 0 drop 1 unmapped 0 cc 0 mappings 480 ... OK rc 0 9.26 ms
timing: #74 done at t 1.676 s, 10.3 ms after the sync and hints
submit #75 acb 2 dwords at 0xfe003a200: pass 1 rewrite 0 drop 0 unmapped 0 cc 0 mappings 480 ... OK rc 0 9.24 ms
timing: #75 done at t 1.695 s, 10.3 ms after the sync and hints
submit #76 acb 55 dwords at 0xfe00427a0: pass 7 rewrite 0 drop 1 unmapped 0 cc 0 mappings 480 ... OK rc 0 9.23 ms
timing: #76 done at t 1.714 s, 10.3 ms after the sync and hints
submit #77 dcb 851 dwords at 0x505a02500: pass 47 rewrite 55 drop 45 unmapped 0 cc 0 mappings 480 ... OK rc 0 9.22 ms
timing: #77 done at t 1.733 s, 10.7 ms after the sync and hints
submit #78 acb 2 dwords at 0xfe003a200: pass 1 rewrite 0 drop 0 unmapped 0 cc 0 mappings 480 ... OK rc 0 9.24 ms
timing: #78 done at t 1.752 s, 10.3 ms after the sync and hints
submit #79 acb 55 dwords at 0xfe00427a0: pass 7 rewrite 0 drop 1 unmapped 0 cc 0 mappings 480 ... OK rc 0 9.21 ms
timing: #79 done at t 1.770 s, 10.3 ms after the sync and hints
submit #80 acb 2 dwords at 0xfe003a200: pass 1 rewrite 0 drop 0 unmapped 0 cc 0 mappings 480 ... OK rc 0 9.25 ms
timing: #80 done at t 1.789 s, 10.3 ms after the sync and hints
submit #81 acb 55 dwords at 0xfe00427a0: pass 7 rewrite 0 drop 1 unmapped 0 cc 0 mappings 480 ... OK rc 0 9.25 ms
timing: #81 done at t 1.807 s, 10.3 ms after the sync and hints
hint CB0 0x510d10000: window 0x50ed10000+0x4000000, mapped +40.3 MiB
hint CB0 0x56d898000: window 0x56b890000+0x4000000, mapped +23.4 MiB
hint CB0 0x512570000: window 0x510570000+0x4000000, mapped +0.0 MiB
submit #82 dcb 798 dwords at 0x506802500: pass 103 rewrite 35 drop 22 unmapped 0 cc 6 mappings 486 ... OK rc 0 9.93 ms
timing: #82 done at t 1.842 s, 13.6 ms after the sync and hints
state stack #82: push 3 pop 3 conditional 1 unmatched 0; restored 2763 regs (+2811 dwords); tables 17, unreadable 0
submit #83 acb 2 dwords at 0xfe003a200: pass 1 rewrite 0 drop 0 unmapped 0 cc 0 mappings 486 ... OK rc 0 9.50 ms
timing: #83 done at t 1.862 s, 10.5 ms after the sync and hints
submit #84 acb 55 dwords at 0xfe00427a0: pass 7 rewrite 0 drop 1 unmapped 0 cc 0 mappings 486 ... OK rc 0 9.56 ms
timing: #84 done at t 1.881 s, 10.6 ms after the sync and hints
submit #85 acb 2 dwords at 0xfe003a200: pass 1 rewrite 0 drop 0 unmapped 0 cc 0 mappings 486 ... OK rc 0 9.53 ms
timing: #85 done at t 1.900 s, 10.6 ms after the sync and hints
submit #86 acb 55 dwords at 0xfe00427a0: pass 7 rewrite 0 drop 1 unmapped 0 cc 0 mappings 486 ... OK rc 0 9.50 ms
timing: #86 done at t 1.919 s, 10.5 ms after the sync and hints
hint DB_HTILE 0x55c050000: window 0x55a050000+0x4000000, mapped +0.0 MiB
hint DB_Z_READ 0x527430000: window 0x525430000+0x4000000, mapped +20.2 MiB
submit #87 dcb 1248 dwords at 0x504e02500: pass 151 rewrite 46 drop 45 unmapped 0 cc 6 mappings 487 ... OK rc 0 9.76 ms
timing: #87 done at t 1.944 s, 12.4 ms after the sync and hints
state stack #87: push 3 pop 3 conditional 1 unmatched 0; restored 2763 regs (+2811 dwords); tables 11, unreadable 0
flip 1/0 buffer 0x507410000 +0x1fe0000: sum 0x0 nonzero 0/8160 pattern 0
  target CB0 0x55675f000: distinct 3 min 0x00000000 max 0xffffffff,   target CB0 0x55675f000: nonzero 2/1024
  target CB0 0x563800000: distinct 1 min 0x00000000 max 0x00000000,   target CB0 0x563800000: nonzero 0/1024
  target CB0 0x55c00d000: distinct 4 min 0x00000000 max 0xffffffff,   target CB0 0x55c00d000: nonzero 147/1024
  target CB0 0x5637f0000: distinct 1 min 0x00000000 max 0x00000000,   target CB0 0x5637f0000: nonzero 0/1024
  target CB0 0x516830000: distinct 1 min 0x38003800 max 0x38003800,   target CB0 0x516830000: nonzero 1024/1024
  target CB0 0x56c05e000: distinct 2 min 0x00000000 max 0xffffffff,   target CB0 0x56c05e000: nonzero 2/1024
  target DB_HTILE 0x514050000: distinct 2 min 0x00000000 max 0xfffffff0,   target DB_HTILE 0x514050000: nonzero 48/1024
  target DB_Z_READ 0x513560000: distinct 1 min 0x00000000 max 0x00000000,   target DB_Z_READ 0x513560000: nonzero 0/1024
  target DB_STENCIL_READ 0x513dd0000: distinct 3 min 0x00000000 max 0xfffffff0,   target DB_STENCIL_READ 0x513dd0000: nonzero 558/1024
  target CB0 0x510d10000: distinct 1 min 0x00000000 max 0x00000000,   target CB0 0x510d10000: nonzero 0/1024
  target CB0 0x556759000: distinct 3 min 0x00000000 max 0xffffffff,   target CB0 0x556759000: nonzero 8/1024
  target CB0 0x56d898000: distinct 4 min 0x00000000 max 0x3ec00000,   target CB0 0x56d898000: nonzero 22/1024
  target CB0 0x512570000: distinct 1 min 0x00000000 max 0x00000000,   target CB0 0x512570000: nonzero 0/1024
  target CB0 0x56c058000: distinct 3 min 0x00000000 max 0xffffffff,   target CB0 0x56c058000: nonzero 8/1024
  target DB_HTILE 0x55c050000: distinct 3 min 0x00000000 max 0xffffffff,   target DB_HTILE 0x55c050000: nonzero 144/1024
  target DB_Z_READ 0x527430000: distinct 1 min 0xffffffff max 0xffffffff,   target DB_Z_READ 0x527430000: nonzero 1024/1024
timing: t 1.948 s flip 1/0, VideoOutSubmitFlip took 0.0 ms
swapped pages taken as resident so far: 0
vmas 96 total 13062.4 MiB resident 1978.9 MiB mapped 1978.9 MiB
submit #88 acb 2 dwords at 0xfe003a200: pass 1 rewrite 0 drop 0 unmapped 0 cc 0 mappings 488 ... OK rc 0 9.90 ms
timing: #88 done at t 1.975 s, 10.9 ms after the sync and hints
swapped pages taken as resident so far: 0
vmas 96 total 13062.4 MiB resident 1982.8 MiB mapped 1982.8 MiB
submit #89 acb 55 dwords at 0xfe00427a0: pass 7 rewrite 0 drop 1 unmapped 0 cc 0 mappings 489 ... OK rc 0 9.82 ms
timing: #89 done at t 1.996 s, 10.8 ms after the sync and hints
submit #90 acb 2 dwords at 0xfe003a200: pass 1 rewrite 0 drop 0 unmapped 0 cc 0 mappings 489 ... OK rc 0 9.73 ms
timing: #90 done at t 2.015 s, 10.7 ms after the sync and hints
submit #91 acb 55 dwords at 0xfe00427a0: pass 7 rewrite 0 drop 1 unmapped 0 cc 0 mappings 489 ... OK rc 0 9.77 ms
timing: #91 done at t 2.034 s, 10.8 ms after the sync and hints
submit #92 acb 2 dwords at 0xfe003a200: pass 1 rewrite 0 drop 0 unmapped 0 cc 0 mappings 489 ... OK rc 0 9.77 ms
timing: #92 done at t 2.054 s, 10.8 ms after the sync and hints
submit #93 acb 55 dwords at 0xfe00427a0: pass 7 rewrite 0 drop 1 unmapped 0 cc 0 mappings 489 ... OK rc 0 9.78 ms
timing: #93 done at t 2.073 s, 10.8 ms after the sync and hints
submit #94 acb 2 dwords at 0xfe003a200: pass 1 rewrite 0 drop 0 unmapped 0 cc 0 mappings 489 ... OK rc 0 9.74 ms
timing: #94 done at t 2.092 s, 10.8 ms after the sync and hints
submit #95 acb 55 dwords at 0xfe00427a0: pass 7 rewrite 0 drop 1 unmapped 0 cc 0 mappings 489 ... OK rc 0 9.74 ms
timing: #95 done at t 2.111 s, 10.8 ms after the sync and hints
submit #96 acb 2 dwords at 0xfe003a200: pass 1 rewrite 0 drop 0 unmapped 0 cc 0 mappings 489 ... OK rc 0 9.77 ms
timing: #96 done at t 2.130 s, 10.8 ms after the sync and hints
submit #97 acb 463 dwords at 0x4004867c0: pass 43 rewrite 11 drop 27 unmapped 0 cc 0 mappings 489 ... OK rc 0 10.06 ms
timing: #97 done at t 2.150 s, 11.1 ms after the sync and hints
submit #98 acb 2 dwords at 0xfe003a200: pass 1 rewrite 0 drop 0 unmapped 0 cc 0 mappings 489 ... OK rc 0 9.78 ms
timing: #98 done at t 2.169 s, 10.8 ms after the sync and hints
submit #99 acb 55 dwords at 0xfe00427a0: pass 7 rewrite 0 drop 1 unmapped 0 cc 0 mappings 489 ... OK rc 0 9.84 ms
timing: #99 done at t 2.189 s, 10.9 ms after the sync and hints
submit #100 acb 2 dwords at 0xfe003a200: pass 1 rewrite 0 drop 0 unmapped 0 cc 0 mappings 489 ... OK rc 0 9.89 ms
timing: #100 done at t 2.208 s, 10.9 ms after the sync and hints
submit #101 acb 55 dwords at 0xfe00427a0: pass 7 rewrite 0 drop 1 unmapped 0 cc 0 mappings 489 ... OK rc 0 9.72 ms
timing: #101 done at t 2.227 s, 10.8 ms after the sync and hints
submit #102 acb 2 dwords at 0xfe003a200: pass 1 rewrite 0 drop 0 unmapped 0 cc 0 mappings 489 ... OK rc 0 9.78 ms
timing: #102 done at t 2.247 s, 10.8 ms after the sync and hints
submit #103 acb 55 dwords at 0xfe00427a0: pass 7 rewrite 0 drop 1 unmapped 0 cc 0 mappings 489 ... OK rc 0 9.73 ms
timing: #103 done at t 2.266 s, 10.8 ms after the sync and hints
submit #104 acb 2 dwords at 0xfe003a200: pass 1 rewrite 0 drop 0 unmapped 0 cc 0 mappings 489 ... OK rc 0 9.81 ms
timing: #104 done at t 2.285 s, 10.8 ms after the sync and hints
submit #105 acb 55 dwords at 0xfe00427a0: pass 7 rewrite 0 drop 1 unmapped 0 cc 0 mappings 489 ... OK rc 0 9.88 ms
timing: #105 done at t 2.305 s, 11.0 ms after the sync and hints
swapped pages taken as resident so far: 0
vmas 96 total 13062.4 MiB resident 1982.8 MiB mapped 1982.8 MiB
submit #106 acb 2 dwords at 0xfe003a200: pass 1 rewrite 0 drop 0 unmapped 0 cc 0 mappings 490 ... OK rc 0 9.80 ms
timing: #106 done at t 2.324 s, 10.8 ms after the sync and hints
submit #107 acb 55 dwords at 0xfe00427a0: pass 7 rewrite 0 drop 1 unmapped 0 cc 0 mappings 490 ... OK rc 0 9.81 ms
timing: #107 done at t 2.343 s, 10.8 ms after the sync and hints
submit #108 acb 2 dwords at 0xfe003a200: pass 1 rewrite 0 drop 0 unmapped 0 cc 0 mappings 490 ... OK rc 0 9.77 ms
timing: #108 done at t 2.363 s, 10.8 ms after the sync and hints
submit #109 acb 55 dwords at 0xfe00427a0: pass 7 rewrite 0 drop 1 unmapped 0 cc 0 mappings 490 ... OK rc 0 9.73 ms
timing: #109 done at t 2.382 s, 10.8 ms after the sync and hints
submit #110 acb 2 dwords at 0xfe003a200: pass 1 rewrite 0 drop 0 unmapped 0 cc 0 mappings 490 ... OK rc 0 9.77 ms
timing: #110 done at t 2.401 s, 10.8 ms after the sync and hints
submit #111 acb 55 dwords at 0xfe00427a0: pass 7 rewrite 0 drop 1 unmapped 0 cc 0 mappings 490 ... OK rc 0 9.75 ms
timing: #111 done at t 2.420 s, 10.8 ms after the sync and hints
submit #112 acb 2 dwords at 0xfe003a200: pass 1 rewrite 0 drop 0 unmapped 0 cc 0 mappings 490 ... OK rc 0 9.76 ms
timing: #112 done at t 2.439 s, 10.8 ms after the sync and hints
submit #113 acb 55 dwords at 0xfe00427a0: pass 7 rewrite 0 drop 1 unmapped 0 cc 0 mappings 490 ... OK rc 0 9.76 ms
timing: #113 done at t 2.458 s, 10.9 ms after the sync and hints
submit #114 acb 2 dwords at 0xfe003a200: pass 1 rewrite 0 drop 0 unmapped 0 cc 0 mappings 490 ... OK rc 0 10.00 ms
timing: #114 done at t 2.478 s, 11.1 ms after the sync and hints
submit #115 acb 55 dwords at 0xfe00427a0: pass 7 rewrite 0 drop 1 unmapped 0 cc 0 mappings 490 ... OK rc 0 9.99 ms
timing: #115 done at t 2.499 s, 11.0 ms after the sync and hints
submit #116 acb 2 dwords at 0xfe003a200: pass 1 rewrite 0 drop 0 unmapped 0 cc 0 mappings 490 ... OK rc 0 9.86 ms
timing: #116 done at t 2.518 s, 10.9 ms after the sync and hints
submit #117 acb 55 dwords at 0xfe00427a0: pass 7 rewrite 0 drop 1 unmapped 0 cc 0 mappings 490 ... OK rc 0 10.00 ms
timing: #117 done at t 2.538 s, 11.1 ms after the sync and hints
submit #118 acb 2 dwords at 0xfe003a200: pass 1 rewrite 0 drop 0 unmapped 0 cc 0 mappings 490 ... OK rc 0 10.01 ms
timing: #118 done at t 2.558 s, 11.1 ms after the sync and hints
submit #119 acb 55 dwords at 0xfe00427a0: pass 7 rewrite 0 drop 1 unmapped 0 cc 0 mappings 490 ... OK rc 0 9.77 ms
timing: #119 done at t 2.578 s, 10.8 ms after the sync and hints
submit #120 acb 2 dwords at 0xfe003a200: pass 1 rewrite 0 drop 0 unmapped 0 cc 0 mappings 490 ... OK rc 0 9.75 ms
timing: #120 done at t 2.597 s, 10.8 ms after the sync and hints
submit #121 acb 55 dwords at 0xfe00427a0: pass 7 rewrite 0 drop 1 unmapped 0 cc 0 mappings 490 ... OK rc 0 9.98 ms
timing: #121 done at t 2.616 s, 11.0 ms after the sync and hints
submit #122 acb 2 dwords at 0xfe003a200: pass 1 rewrite 0 drop 0 unmapped 0 cc 0 mappings 490 ... OK rc 0 9.96 ms
timing: #122 done at t 2.636 s, 11.0 ms after the sync and hints
submit #123 acb 55 dwords at 0xfe00427a0: pass 7 rewrite 0 drop 1 unmapped 0 cc 0 mappings 490 ... OK rc 0 9.77 ms
timing: #123 done at t 2.655 s, 10.8 ms after the sync and hints
submit #124 acb 2 dwords at 0xfe003a200: pass 1 rewrite 0 drop 0 unmapped 0 cc 0 mappings 490 ... OK rc 0 9.74 ms
timing: #124 done at t 2.675 s, 10.8 ms after the sync and hints
submit #125 acb 55 dwords at 0xfe00427a0: pass 7 rewrite 0 drop 1 unmapped 0 cc 0 mappings 490 ... OK rc 0 9.92 ms
timing: #125 done at t 2.694 s, 11.1 ms after the sync and hints
submit #126 acb 2 dwords at 0xfe003a200: pass 1 rewrite 0 drop 0 unmapped 0 cc 0 mappings 490 ... OK rc 0 9.98 ms
timing: #126 done at t 2.714 s, 11.0 ms after the sync and hints
submit #127 acb 55 dwords at 0xfe00427a0: pass 7 rewrite 0 drop 1 unmapped 0 cc 0 mappings 490 ... OK rc 0 9.96 ms
timing: #127 done at t 2.734 s, 11.0 ms after the sync and hints
acb head: 1287 of 1336 dwords go ahead of the wait at 1287 on 0x400202f80
submit #128 acb 1287 dwords at 0x4002a55c0: pass 118 rewrite 35 drop 63 unmapped 0 cc 0 mappings 490 ... OK rc 0 10.43 ms
cpu-wait WAIT_REG_MEM64 at 115 on 0x400202d40: satisfied after 758.0 ms
timing: #128 done at t 2.754 s, 11.6 ms after the sync and hints
hint CB0 0x5104a0000: window 0x50e4a0000+0x4000000, mapped +8.4 MiB
hint CB0 0x56d88c000: window 0x56b880000+0x4000000, mapped +0.0 MiB
hint CB0 0x514080000: window 0x512080000+0x4000000, mapped +0.0 MiB
hint CB0 0x56d8b8000: window 0x56b8b0000+0x4000000, mapped +0.1 MiB
hint CB0 0x53ad00000: window 0x538d00000+0x4000000, mapped +13.0 MiB
hint CB0 0x570800000: window 0x56e800000+0x4000000, mapped +46.1 MiB
hint CB0 0x53b9f0000: window 0x5399f0000+0x4000000, mapped +12.9 MiB
hint CB0 0x53be70000: window 0x539e70000+0x4000000, mapped +4.5 MiB
hint CB0 0x53aa00000: window 0x538a00000+0x4000000, mapped +0.0 MiB
hint CB0 0x57082c000: window 0x56e820000+0x4000000, mapped +0.1 MiB
hint CB0 0x5708cc000: window 0x56e8c0000+0x4000000, mapped +0.6 MiB
hint CB0 0x53a500000: window 0x538500000+0x4000000, mapped +0.0 MiB
hint CB0 0x5708e4000: window 0x56e8e0000+0x4000000, mapped +0.1 MiB
hint CB0 0x53b270000: window 0x539270000+0x4000000, mapped +0.0 MiB
hint CB0 0x53b330000: window 0x539330000+0x4000000, mapped +0.0 MiB
hint CB0 0x53b3f0000: window 0x5393f0000+0x4000000, mapped +0.0 MiB
hint CB0 0x53b430000: window 0x539430000+0x4000000, mapped +0.0 MiB
hint CB0 0x53b470000: window 0x539470000+0x4000000, mapped +0.0 MiB
hint CB0 0x53b480000: window 0x539480000+0x4000000, mapped +0.0 MiB
hint CB0 0x53d410000: window 0x53b410000+0x4000000, mapped +1.6 MiB
hint CB0 0x5708d8000: window 0x56e8d0000+0x4000000, mapped +0.0 MiB
hint CB0 0x570854000: window 0x56e850000+0x4000000, mapped +0.0 MiB
hint CB0 0x507410000: window 0x505410000+0x4000000, mapped +31.7 MiB
  indirect op 16 at 1246: base 0x5074063c0 +0x0 -> 1 1 1 0 0
  indirect op 16 at 1278: base 0x5074063e0 +0x0 -> 1 1 1 0 0
  indirect op 16 at 1310: base 0x50740a520 +0x0 -> 1 1 1 0 0
  indirect op 16 at 1342: base 0x50740a540 +0x0 -> 1 1 1 0 0
  indirect op 25 at 4584: base 0x56ddaffa0 +0x0 -> 1 512 0 0 0
submit #129 dcb 9891 dwords at 0x502702500: pass 669 rewrite 494 drop 434 unmapped 1 cc 8 mappings 515 ... OK rc 0 12.82 ms
timing: #129 done at t 2.809 s, 22.0 ms after the sync and hints
state stack #129: push 4 pop 4 conditional 1 unmatched 0; restored 3684 regs (+3748 dwords); tables 40, unreadable 0
swapped pages taken as resident so far: 0
vmas 96 total 13062.4 MiB resident 2102.8 MiB mapped 2103.0 MiB
submit #130 acb 2 dwords at 0xfe003a200: pass 1 rewrite 0 drop 0 unmapped 0 cc 0 mappings 519 ... OK rc 0 10.53 ms
timing: #130 done at t 2.830 s, 11.5 ms after the sync and hints
swapped pages taken as resident so far: 0
vmas 96 total 13062.5 MiB resident 2103.0 MiB mapped 2103.1 MiB
submit #131 acb 55 dwords at 0xfe00427a0: pass 7 rewrite 0 drop 1 unmapped 0 cc 0 mappings 521 ... OK rc 0 10.65 ms
timing: #131 done at t 2.851 s, 11.7 ms after the sync and hints
submit #132 acb 2 dwords at 0xfe003a200: pass 1 rewrite 0 drop 0 unmapped 0 cc 0 mappings 521 ... OK rc 0 10.93 ms
timing: #132 done at t 2.872 s, 12.1 ms after the sync and hints
submit #133 acb 49 dwords at 0x4002a69dc: pass 2 rewrite 3 drop 3 unmapped 0 cc 0 mappings 521 ... OK rc 0 10.96 ms
timing: #133 done at t 2.893 s, 12.0 ms after the sync and hints
submit #134 cc 3 dwords at 0x313b17cf4: pass 0 rewrite 1 drop 0 unmapped 0 cc 1 mappings 521 ... OK rc 0 10.65 ms
timing: #134 done at t 2.915 s, 11.9 ms after the sync and hints
submit #135 hib 150 dwords at 0xfe0000000: pass 12 rewrite 2 drop 2 unmapped 0 cc 2 mappings 521 ... OK rc 0 10.46 ms
timing: #135 done at t 2.935 s, 11.8 ms after the sync and hints
submit #136 hib 2 dwords at 0xfe003a200: pass 1 rewrite 0 drop 0 unmapped 0 cc 0 mappings 521 ... OK rc 0 10.44 ms
timing: #136 done at t 2.956 s, 11.5 ms after the sync and hints
submit #137 dcb 96 dwords at 0xfe0042920: pass 20 rewrite 2 drop 2 unmapped 0 cc 0 mappings 521 ... OK rc 0 10.51 ms
timing: #137 done at t 2.976 s, 11.9 ms after the sync and hints
submit #138 dcb 2647 dwords at 0x504302500: pass 236 rewrite 123 drop 120 unmapped 0 cc 4 mappings 521 ... OK rc 0 10.66 ms
timing: #138 done at t 2.999 s, 14.1 ms after the sync and hints
state stack #138: push 2 pop 2 conditional 1 unmatched 0; restored 1842 regs (+1874 dwords); tables 13, unreadable 0
submit #139 dcb 851 dwords at 0x505e02500: pass 47 rewrite 55 drop 45 unmapped 0 cc 0 mappings 521 ... OK rc 0 10.40 ms
timing: #139 done at t 3.020 s, 11.9 ms after the sync and hints
submit #140 acb 2 dwords at 0xfe003a200: pass 1 rewrite 0 drop 0 unmapped 0 cc 0 mappings 521 ... OK rc 0 10.82 ms
timing: #140 done at t 3.041 s, 11.9 ms after the sync and hints
submit #141 acb 463 dwords at 0x400526840: pass 43 rewrite 11 drop 27 unmapped 0 cc 0 mappings 521 ... OK rc 0 10.84 ms
timing: #141 done at t 3.062 s, 12.1 ms after the sync and hints
submit #142 dcb 798 dwords at 0x506e02500: pass 103 rewrite 35 drop 22 unmapped 0 cc 6 mappings 521 ... acb head: 1287 of 1336 dwords go ahead of the wait at 1287 on 0x400203b80
OK rc 0 10.72 ms
timing: #142 done at t 3.085 s, 14.4 ms after the sync and hints
state stack #142: push 3 pop 3 conditional 1 unmatched 0; restored 2763 regs (+2811 dwords); tables 17, unreadable 0
submit #143 acb 1287 dwords at 0x400345640: pass 118 rewrite 35 drop 63 unmapped 0 cc 0 mappings 521 ... OK rc 0 10.93 ms
timing: #143 done at t 3.106 s, 12.1 ms after the sync and hints
submit #144 dcb 1248 dwords at 0x505202500: pass 151 rewrite 46 drop 45 unmapped 0 cc 6 mappings 521 ... OK rc 0 10.60 ms
timing: #144 done at t 3.129 s, 13.4 ms after the sync and hints
state stack #144: push 3 pop 3 conditional 1 unmatched 0; restored 2763 regs (+2811 dwords); tables 11, unreadable 0
flip 1/1 buffer 0x5093f0000 +0x1fe0000: sum 0x0 nonzero 0/8160 pattern 0
  target CB0 0x507410000: distinct 53 min 0xc0000000 max 0xc340d034,   target CB0 0x507410000: nonzero 1024/1024
  target CB0 0x563800000: distinct 1 min 0x00000000 max 0x00000000,   target CB0 0x563800000: nonzero 0/1024
  target CB0 0x55c00d000: distinct 4 min 0x00000000 max 0xffffffff,   target CB0 0x55c00d000: nonzero 147/1024
  target CB0 0x5637f0000: distinct 1 min 0x00000000 max 0x00000000,   target CB0 0x5637f0000: nonzero 0/1024
  target CB0 0x516830000: distinct 1 min 0x38003800 max 0x38003800,   target CB0 0x516830000: nonzero 1024/1024
  target CB0 0x56c05e000: distinct 2 min 0x00000000 max 0xffffffff,   target CB0 0x56c05e000: nonzero 2/1024
  target DB_HTILE 0x514050000: distinct 2 min 0x00000000 max 0xfffffff0,   target DB_HTILE 0x514050000: nonzero 48/1024
  target DB_Z_READ 0x513560000: distinct 1 min 0x3f800000 max 0x3f800000,   target DB_Z_READ 0x513560000: nonzero 1024/1024
  target DB_STENCIL_READ 0x513dd0000: distinct 3 min 0x00000000 max 0xfffffff0,   target DB_STENCIL_READ 0x513dd0000: nonzero 558/1024
  target CB0 0x510d10000: distinct 1 min 0x00000000 max 0x00000000,   target CB0 0x510d10000: nonzero 0/1024
  target CB0 0x556759000: distinct 3 min 0x00000000 max 0xffffffff,   target CB0 0x556759000: nonzero 8/1024
  target CB0 0x56d898000: distinct 4 min 0x00000000 max 0x3ec00000,   target CB0 0x56d898000: nonzero 22/1024
  target CB0 0x512570000: distinct 1 min 0x00000000 max 0x00000000,   target CB0 0x512570000: nonzero 0/1024
  target CB0 0x56c058000: distinct 3 min 0x00000000 max 0xffffffff,   target CB0 0x56c058000: nonzero 8/1024
  target DB_HTILE 0x55c050000: distinct 3 min 0x00000000 max 0xffffffff,   target DB_HTILE 0x55c050000: nonzero 144/1024
  target DB_Z_READ 0x527430000: distinct 1 min 0xffffffff max 0xffffffff,   target DB_Z_READ 0x527430000: nonzero 1024/1024
timing: t 3.132 s flip 1/1, VideoOutSubmitFlip took 0.0 ms
swapped pages taken as resident so far: 0
vmas 96 total 13062.5 MiB resident 2134.9 MiB mapped 2134.9 MiB
hint CB0 0x5093f0000: window 0x5073f0000+0x4000000, mapped +0.1 MiB
  indirect op 16 at 1246: base 0x5074063c0 +0x0 -> 1 1 1 0 0
  indirect op 16 at 1278: base 0x5074063e0 +0x0 -> 1 1 1 0 0
  indirect op 16 at 1310: base 0x50740a520 +0x0 -> 1 1 1 0 0
  indirect op 16 at 1342: base 0x50740a540 +0x0 -> 1 1 1 0 0
  indirect op 25 at 4584: base 0x56ddaffa0 +0x0 -> 1 512 0 0 0
submit #145 dcb 9891 dwords at 0x502e02500: pass 669 rewrite 494 drop 434 unmapped 1 cc 8 mappings 523 ... OK rc 0 13.09 ms
timing: #145 done at t 3.189 s, 22.4 ms after the sync and hints
state stack #145: push 4 pop 4 conditional 1 unmatched 0; restored 3684 regs (+3748 dwords); tables 40, unreadable 0
swapped pages taken as resident so far: 0
vmas 96 total 13062.5 MiB resident 2136.1 MiB mapped 2136.4 MiB
submit #146 acb 2 dwords at 0xfe003a200: pass 1 rewrite 0 drop 0 unmapped 0 cc 0 mappings 530 ... OK rc 0 10.70 ms
timing: #146 done at t 3.211 s, 11.9 ms after the sync and hints
swapped pages taken as resident so far: 0
vmas 104 total 13071.6 MiB resident 2183.8 MiB mapped 2185.6 MiB
submit #147 acb 49 dwords at 0x400346a5c: pass 2 rewrite 3 drop 3 unmapped 0 cc 0 mappings 658 ... OK rc 0 11.04 ms
timing: #147 done at t 3.238 s, 12.1 ms after the sync and hints
swapped pages taken as resident so far: 0
vmas 106 total 13073.9 MiB resident 2253.5 MiB mapped 2255.8 MiB
submit #148 cc 3 dwords at 0x313b17cf4: pass 0 rewrite 1 drop 0 unmapped 0 cc 1 mappings 838 ... OK rc 0 13.11 ms
timing: #148 done at t 3.272 s, 14.5 ms after the sync and hints
swapped pages taken as resident so far: 0
vmas 107 total 13075.0 MiB resident 2315.9 MiB mapped 2318.1 MiB
submit #149 hib 150 dwords at 0xfe0000000: pass 12 rewrite 2 drop 2 unmapped 0 cc 2 mappings 1000 ... OK rc 0 12.45 ms
timing: #149 done at t 3.305 s, 15.0 ms after the sync and hints
swapped pages taken as resident so far: 0
vmas 107 total 13075.0 MiB resident 2334.8 MiB mapped 2334.9 MiB
submit #150 hib 2 dwords at 0xfe003a200: pass 1 rewrite 0 drop 0 unmapped 0 cc 0 mappings 1005 ... OK rc 0 12.41 ms
timing: #150 done at t 3.329 s, 13.6 ms after the sync and hints
swapped pages taken as resident so far: 0
vmas 107 total 13075.0 MiB resident 2345.8 MiB mapped 2345.8 MiB
submit #151 dcb 96 dwords at 0xfe0042920: pass 20 rewrite 2 drop 2 unmapped 0 cc 0 mappings 1008 ... OK rc 0 12.48 ms
timing: #151 done at t 3.353 s, 13.9 ms after the sync and hints
swapped pages taken as resident so far: 0
vmas 107 total 13075.0 MiB resident 2348.0 MiB mapped 2348.1 MiB
submit #152 dcb 2647 dwords at 0x503502500: pass 236 rewrite 123 drop 120 unmapped 0 cc 4 mappings 1010 ... OK rc 0 12.74 ms
timing: #152 done at t 3.379 s, 16.3 ms after the sync and hints
state stack #152: push 2 pop 2 conditional 1 unmatched 0; restored 1842 regs (+1874 dwords); tables 13, unreadable 0
swapped pages taken as resident so far: 0
vmas 107 total 13075.0 MiB resident 2356.1 MiB mapped 2356.1 MiB
submit #153 dcb 851 dwords at 0x505602500: pass 47 rewrite 55 drop 45 unmapped 0 cc 0 mappings 1011 ... OK rc 0 12.49 ms
timing: #153 done at t 3.403 s, 14.1 ms after the sync and hints
swapped pages taken as resident so far: 0
vmas 107 total 13075.0 MiB resident 2364.9 MiB mapped 2365.0 MiB
submit #154 acb 2 dwords at 0xfe003a200: pass 1 rewrite 0 drop 0 unmapped 0 cc 0 mappings 1014 ... OK rc 0 15.09 ms
timing: #154 done at t 3.433 s, 16.3 ms after the sync and hints
swapped pages taken as resident so far: 0
vmas 107 total 13075.0 MiB resident 2372.9 MiB mapped 2372.9 MiB
submit #155 acb 463 dwords at 0x4003e6740: pass 43 rewrite 11 drop 27 unmapped 0 cc 0 mappings 1015 ... OK rc 0 13.77 ms
timing: #155 done at t 3.458 s, 14.9 ms after the sync and hints
swapped pages taken as resident so far: 0
vmas 107 total 13075.0 MiB resident 2378.1 MiB mapped 2378.1 MiB
submit #156 dcb 798 dwords at 0x506202500: pass 103 rewrite 35 drop 22 unmapped 0 cc 6 mappings 1016 ... acb head: 1287 of 1336 dwords go ahead of the wait at 1287 on 0x400202380
OK rc 0 13.20 ms
timing: #156 done at t 3.485 s, 17.0 ms after the sync and hints
state stack #156: push 3 pop 3 conditional 1 unmatched 0; restored 2763 regs (+2811 dwords); tables 17, unreadable 0
swapped pages taken as resident so far: 0
vmas 107 total 13075.0 MiB resident 2390.4 MiB mapped 2390.6 MiB
submit #157 acb 1287 dwords at 0x400205540: pass 118 rewrite 35 drop 63 unmapped 0 cc 0 mappings 1023 ... OK rc 0 13.66 ms
timing: #157 done at t 3.511 s, 14.9 ms after the sync and hints
swapped pages taken as resident so far: 0
vmas 107 total 13075.0 MiB resident 2405.1 MiB mapped 2405.2 MiB
submit #158 dcb 1248 dwords at 0x504a02500: pass 151 rewrite 46 drop 45 unmapped 0 cc 6 mappings 1025 ... OK rc 0 12.96 ms
timing: #158 done at t 3.538 s, 15.9 ms after the sync and hints
state stack #158: push 3 pop 3 conditional 1 unmatched 0; restored 2763 regs (+2811 dwords); tables 11, unreadable 0
flip 3 dumped: /home/kjaniszewski/bc5-data/captures/kytyplus-20261001-0915/gc/flip-003.raw
flip 1/0 buffer 0x507410000 +0x1fe0000: sum 0x17ea65194594 nonzero 8100/8160 pattern 0
  target CB0 0x5093f0000: distinct 53 min 0xc0000000 max 0xc340d034,   target CB0 0x5093f0000: nonzero 1024/1024
  target CB0 0x563800000: distinct 1 min 0x00000000 max 0x00000000,   target CB0 0x563800000: nonzero 0/1024
  target CB0 0x55c00d000: distinct 4 min 0x00000000 max 0xffffffff,   target CB0 0x55c00d000: nonzero 147/1024
  target CB0 0x5637f0000: distinct 1 min 0x00000000 max 0x00000000,   target CB0 0x5637f0000: nonzero 0/1024
  target CB0 0x516830000: distinct 1 min 0x38003800 max 0x38003800,   target CB0 0x516830000: nonzero 1024/1024
  target CB0 0x56c05e000: distinct 2 min 0x00000000 max 0xffffffff,   target CB0 0x56c05e000: nonzero 2/1024
  target DB_HTILE 0x514050000: distinct 2 min 0x00000000 max 0xfffffff0,   target DB_HTILE 0x514050000: nonzero 48/1024
  target DB_Z_READ 0x513560000: distinct 1 min 0x3f800000 max 0x3f800000,   target DB_Z_READ 0x513560000: nonzero 1024/1024
  target DB_STENCIL_READ 0x513dd0000: distinct 3 min 0x00000000 max 0xfffffff0,   target DB_STENCIL_READ 0x513dd0000: nonzero 558/1024
  target CB0 0x510d10000: distinct 1 min 0x00000000 max 0x00000000,   target CB0 0x510d10000: nonzero 0/1024
  target CB0 0x556759000: distinct 3 min 0x00000000 max 0xffffffff,   target CB0 0x556759000: nonzero 8/1024
  target CB0 0x56d898000: distinct 4 min 0x00000000 max 0x3ec00000,   target CB0 0x56d898000: nonzero 22/1024
  target CB0 0x512570000: distinct 1 min 0x00000000 max 0x00000000,   target CB0 0x512570000: nonzero 0/1024
  target CB0 0x56c058000: distinct 3 min 0x00000000 max 0xffffffff,   target CB0 0x56c058000: nonzero 8/1024
  target DB_HTILE 0x55c050000: distinct 3 min 0x00000000 max 0xffffffff,   target DB_HTILE 0x55c050000: nonzero 144/1024
  target DB_Z_READ 0x527430000: distinct 1 min 0xffffffff max 0xffffffff,   target DB_Z_READ 0x527430000: nonzero 1024/1024
timing: t 3.545 s flip 1/0, VideoOutSubmitFlip took 0.0 ms
swapped pages taken as resident so far: 0
vmas 107 total 13075.0 MiB resident 2419.0 MiB mapped 2419.0 MiB
  indirect op 16 at 1246: base 0x5074063c0 +0x0 -> 1 1 1 0 0
  indirect op 16 at 1278: base 0x5074063e0 +0x0 -> 1 1 1 0 0
  indirect op 16 at 1310: base 0x50740a520 +0x0 -> 1 1 1 0 0
  indirect op 16 at 1342: base 0x50740a540 +0x0 -> 1 1 1 0 0
  indirect op 25 at 4584: base 0x56ddaffa0 +0x0 -> 1 512 0 0 0
submit #159 dcb 9891 dwords at 0x502002500: pass 669 rewrite 494 drop 434 unmapped 1 cc 8 mappings 1026 ... OK rc 0 15.40 ms
timing: #159 done at t 3.580 s, 24.8 ms after the sync and hints
state stack #159: push 4 pop 4 conditional 1 unmatched 0; restored 3684 regs (+3748 dwords); tables 40, unreadable 0
swapped pages taken as resident so far: 0
vmas 107 total 13075.0 MiB resident 2435.8 MiB mapped 2435.8 MiB
submit #160 acb 2 dwords at 0xfe003a200: pass 1 rewrite 0 drop 0 unmapped 0 cc 0 mappings 1027 ... OK rc 0 14.76 ms
timing: #160 done at t 3.607 s, 15.9 ms after the sync and hints
swapped pages taken as resident so far: 0
vmas 107 total 13075.0 MiB resident 2446.4 MiB mapped 2446.5 MiB
submit #161 acb 49 dwords at 0x40020695c: pass 2 rewrite 3 drop 3 unmapped 0 cc 0 mappings 1028 ... OK rc 0 15.80 ms
timing: #161 done at t 3.634 s, 17.0 ms after the sync and hints
swapped pages taken as resident so far: 0
vmas 107 total 13075.0 MiB resident 2455.8 MiB mapped 2455.9 MiB
submit #162 cc 3 dwords at 0x313b17cf4: pass 0 rewrite 1 drop 0 unmapped 0 cc 1 mappings 1030 ... OK rc 0 12.97 ms
timing: #162 done at t 3.659 s, 14.1 ms after the sync and hints
swapped pages taken as resident so far: 0
vmas 107 total 13075.0 MiB resident 2465.5 MiB mapped 2465.6 MiB
submit #163 hib 150 dwords at 0xfe0000000: pass 12 rewrite 2 drop 2 unmapped 0 cc 2 mappings 1034 ... OK rc 0 13.12 ms
timing: #163 done at t 3.683 s, 14.7 ms after the sync and hints
swapped pages taken as resident so far: 0
vmas 107 total 13075.0 MiB resident 2476.7 MiB mapped 2476.9 MiB
submit #164 hib 2 dwords at 0xfe003a200: pass 1 rewrite 0 drop 0 unmapped 0 cc 0 mappings 1038 ... OK rc 0 13.13 ms
timing: #164 done at t 3.708 s, 14.3 ms after the sync and hints
swapped pages taken as resident so far: 0
vmas 107 total 13075.0 MiB resident 2486.8 MiB mapped 2486.8 MiB
submit #165 dcb 96 dwords at 0xfe0042920: pass 20 rewrite 2 drop 2 unmapped 0 cc 0 mappings 1041 ... OK rc 0 13.13 ms
timing: #165 done at t 3.733 s, 14.6 ms after the sync and hints
swapped pages taken as resident so far: 0
vmas 107 total 13075.0 MiB resident 2488.7 MiB mapped 2488.7 MiB
submit #166 dcb 2647 dwords at 0x503c02500: pass 236 rewrite 123 drop 120 unmapped 0 cc 4 mappings 1043 ... OK rc 0 13.40 ms
timing: #166 done at t 3.760 s, 16.9 ms after the sync and hints
state stack #166: push 2 pop 2 conditional 1 unmatched 0; restored 1842 regs (+1874 dwords); tables 13, unreadable 0
swapped pages taken as resident so far: 0
vmas 107 total 13075.0 MiB resident 2494.3 MiB mapped 2494.4 MiB
submit #167 acb 2 dwords at 0xfe003a200: pass 1 rewrite 0 drop 0 unmapped 0 cc 0 mappings 1046 ... OK rc 0 14.93 ms
timing: #167 done at t 3.788 s, 16.2 ms after the sync and hints
swapped pages taken as resident so far: 0
vmas 107 total 13075.0 MiB resident 2497.1 MiB mapped 2497.2 MiB
submit #168 dcb 851 dwords at 0x505a02500: pass 47 rewrite 55 drop 45 unmapped 0 cc 0 mappings 1048 ... OK rc 0 13.33 ms
timing: #168 done at t 3.814 s, 14.9 ms after the sync and hints
swapped pages taken as resident so far: 0
vmas 107 total 13075.0 MiB resident 2500.2 MiB mapped 2500.3 MiB
submit #169 acb 463 dwords at 0x4004867c0: pass 43 rewrite 11 drop 27 unmapped 0 cc 0 mappings 1050 ... OK rc 0 13.73 ms
timing: #169 done at t 3.839 s, 15.1 ms after the sync and hints
swapped pages taken as resident so far: 0
vmas 107 total 13075.0 MiB resident 2504.5 MiB mapped 2504.7 MiB
submit #170 dcb 798 dwords at 0x506802500: pass 103 rewrite 35 drop 22 unmapped 0 cc 6 mappings 1053 ... acb head: 1287 of 1336 dwords go ahead of the wait at 1287 on 0x400202f80
OK rc 0 13.68 ms
timing: #170 done at t 3.868 s, 17.6 ms after the sync and hints
state stack #170: push 3 pop 3 conditional 1 unmatched 0; restored 2763 regs (+2811 dwords); tables 17, unreadable 0
swapped pages taken as resident so far: 0
vmas 107 total 13075.0 MiB resident 2505.3 MiB mapped 2505.4 MiB
submit #171 acb 1287 dwords at 0x4002a55c0: pass 118 rewrite 35 drop 63 unmapped 0 cc 0 mappings 1056 ... OK rc 0 13.74 ms
timing: #171 done at t 3.893 s, 14.9 ms after the sync and hints
swapped pages taken as resident so far: 0
vmas 107 total 13075.0 MiB resident 2507.9 MiB mapped 2507.9 MiB
submit #172 dcb 1248 dwords at 0x504e02500: pass 151 rewrite 46 drop 45 unmapped 0 cc 6 mappings 1058 ... OK rc 0 13.68 ms
timing: #172 done at t 3.920 s, 16.6 ms after the sync and hints
state stack #172: push 3 pop 3 conditional 1 unmatched 0; restored 2763 regs (+2811 dwords); tables 11, unreadable 0
flip 1/1 buffer 0x5093f0000 +0x1fe0000: sum 0x17ea65194594 nonzero 8100/8160 pattern 0
  target CB0 0x507410000: distinct 53 min 0xc0000000 max 0xc340d034,   target CB0 0x507410000: nonzero 1024/1024
  target CB0 0x563800000: distinct 1 min 0x00000000 max 0x00000000,   target CB0 0x563800000: nonzero 0/1024
  target CB0 0x55c00d000: distinct 4 min 0x00000000 max 0xffffffff,   target CB0 0x55c00d000: nonzero 147/1024
  target CB0 0x5637f0000: distinct 1 min 0x00000000 max 0x00000000,   target CB0 0x5637f0000: nonzero 0/1024
  target CB0 0x516830000: distinct 1 min 0x38003800 max 0x38003800,   target CB0 0x516830000: nonzero 1024/1024
  target CB0 0x56c05e000: distinct 2 min 0x00000000 max 0xffffffff,   target CB0 0x56c05e000: nonzero 2/1024
  target DB_HTILE 0x514050000: distinct 2 min 0x00000000 max 0xfffffff0,   target DB_HTILE 0x514050000: nonzero 48/1024
  target DB_Z_READ 0x513560000: distinct 1 min 0x3f800000 max 0x3f800000,   target DB_Z_READ 0x513560000: nonzero 1024/1024
  target DB_STENCIL_READ 0x513dd0000: distinct 3 min 0x00000000 max 0xfffffff0,   target DB_STENCIL_READ 0x513dd0000: nonzero 558/1024
  target CB0 0x510d10000: distinct 1 min 0x00000000 max 0x00000000,   target CB0 0x510d10000: nonzero 0/1024
  target CB0 0x556759000: distinct 3 min 0x00000000 max 0xffffffff,   target CB0 0x556759000: nonzero 8/1024
  target CB0 0x56d898000: distinct 4 min 0x00000000 max 0x3ec00000,   target CB0 0x56d898000: nonzero 22/1024
  target CB0 0x512570000: distinct 1 min 0x00000000 max 0x00000000,   target CB0 0x512570000: nonzero 0/1024
  target CB0 0x56c058000: distinct 3 min 0x00000000 max 0xffffffff,   target CB0 0x56c058000: nonzero 8/1024
  target DB_HTILE 0x55c050000: distinct 3 min 0x00000000 max 0xffffffff,   target DB_HTILE 0x55c050000: nonzero 144/1024
  target DB_Z_READ 0x527430000: distinct 1 min 0xffffffff max 0xffffffff,   target DB_Z_READ 0x527430000: nonzero 1024/1024
timing: t 3.921 s flip 1/1, VideoOutSubmitFlip took 0.0 ms
swapped pages taken as resident so far: 0
vmas 107 total 13075.0 MiB resident 2508.0 MiB mapped 2508.0 MiB
  indirect op 16 at 1246: base 0x5074063c0 +0x0 -> 1 1 1 0 0
  indirect op 16 at 1278: base 0x5074063e0 +0x0 -> 1 1 1 0 0
  indirect op 16 at 1310: base 0x50740a520 +0x0 -> 1 1 1 0 0
  indirect op 16 at 1342: base 0x50740a540 +0x0 -> 1 1 1 0 0
  indirect op 25 at 4584: base 0x56ddaffa0 +0x0 -> 1 512 0 0 0
submit #173 dcb 9774 dwords at 0x502702500: pass 651 rewrite 493 drop 432 unmapped 1 cc 8 mappings 1059 ... OK rc 0 15.80 ms
timing: #173 done at t 3.958 s, 25.8 ms after the sync and hints
state stack #173: push 4 pop 4 conditional 1 unmatched 0; restored 3684 regs (+3748 dwords); tables 40, unreadable 0
swapped pages taken as resident so far: 0
vmas 107 total 13075.0 MiB resident 2508.0 MiB mapped 2508.0 MiB
submit #174 acb 2 dwords at 0xfe003a200: pass 1 rewrite 0 drop 0 unmapped 0 cc 0 mappings 1060 ... OK rc 0 13.26 ms
timing: #174 done at t 3.982 s, 14.4 ms after the sync and hints
swapped pages taken as resident so far: 0
vmas 107 total 13075.0 MiB resident 2508.1 MiB mapped 2508.2 MiB
submit #175 acb 49 dwords at 0x4002a69dc: pass 2 rewrite 3 drop 3 unmapped 0 cc 0 mappings 1061 ... OK rc 0 13.43 ms
timing: #175 done at t 4.008 s, 14.6 ms after the sync and hints
swapped pages taken as resident so far: 0
vmas 107 total 13075.0 MiB resident 2508.2 MiB mapped 2508.2 MiB
submit #176 cc 3 dwords at 0x313b17cf4: pass 0 rewrite 1 drop 0 unmapped 0 cc 1 mappings 1062 ... OK rc 0 13.28 ms
timing: #176 done at t 4.033 s, 14.5 ms after the sync and hints
swapped pages taken as resident so far: 0
vmas 107 total 13075.0 MiB resident 2508.3 MiB mapped 2508.3 MiB
submit #177 hib 150 dwords at 0xfe0000000: pass 12 rewrite 2 drop 2 unmapped 0 cc 2 mappings 1063 ... OK rc 0 13.32 ms
timing: #177 done at t 4.058 s, 14.8 ms after the sync and hints
swapped pages taken as resident so far: 0
vmas 107 total 13075.0 MiB resident 2508.4 MiB mapped 2508.4 MiB
submit #178 hib 2 dwords at 0xfe003a200: pass 1 rewrite 0 drop 0 unmapped 0 cc 0 mappings 1064 ... OK rc 0 13.40 ms
timing: #178 done at t 4.082 s, 14.6 ms after the sync and hints
swapped pages taken as resident so far: 0
vmas 107 total 13075.0 MiB resident 2508.4 MiB mapped 2508.5 MiB
submit #179 dcb 96 dwords at 0xfe0042920: pass 20 rewrite 2 drop 2 unmapped 0 cc 0 mappings 1066 ... OK rc 0 13.38 ms
timing: #179 done at t 4.107 s, 14.8 ms after the sync and hints
swapped pages taken as resident so far: 0
vmas 107 total 13075.0 MiB resident 2508.6 MiB mapped 2508.6 MiB
hint CB0 0x539100000: window 0x537100000+0x4000000, mapped +0.0 MiB
hint CB0 0x570a9d000: window 0x56ea90000+0x4000000, mapped +1.7 MiB
hint CB0 0x519df0000: window 0x517df0000+0x4000000, mapped +23.8 MiB
hint DB_HTILE 0x516870000: window 0x514870000+0x4000000, mapped +0.0 MiB
hint DB_Z_READ 0x5157a0000: window 0x5137a0000+0x4000000, mapped +0.0 MiB
hint DB_STENCIL_READ 0x5164b0000: window 0x5144b0000+0x4000000, mapped +0.0 MiB
submit #180 dcb 3006 dwords at 0x504302500: pass 293 rewrite 132 drop 126 unmapped 0 cc 6 mappings 1069 ... OK rc 0 13.89 ms
timing: #180 done at t 4.140 s, 18.2 ms after the sync and hints
state stack #180: push 3 pop 3 conditional 1 unmatched 0; restored 2763 regs (+2811 dwords); tables 18, unreadable 0
swapped pages taken as resident so far: 0
vmas 107 total 13075.0 MiB resident 2534.3 MiB mapped 2534.3 MiB
submit #181 dcb 851 dwords at 0x505e02500: pass 47 rewrite 55 drop 45 unmapped 0 cc 0 mappings 1070 ... OK rc 0 13.50 ms
timing: #181 done at t 4.165 s, 15.1 ms after the sync and hints
swapped pages taken as resident so far: 0
vmas 107 total 13075.0 MiB resident 2534.4 MiB mapped 2534.5 MiB
submit #182 acb 2 dwords at 0xfe003a200: pass 1 rewrite 0 drop 0 unmapped 0 cc 0 mappings 1072 ... OK rc 0 15.15 ms
timing: #182 done at t 4.193 s, 16.3 ms after the sync and hints
swapped pages taken as resident so far: 0
vmas 107 total 13075.0 MiB resident 2534.5 MiB mapped 2534.5 MiB
submit #183 acb 463 dwords at 0x400526840: pass 43 rewrite 11 drop 27 unmapped 0 cc 0 mappings 1073 ... OK rc 0 14.12 ms
timing: #183 done at t 4.219 s, 15.3 ms after the sync and hints
swapped pages taken as resident so far: 0
vmas 107 total 13075.0 MiB resident 2534.6 MiB mapped 2534.6 MiB
hint CB0 0x511650000: window 0x50f650000+0x4000000, mapped +0.0 MiB
hint CB0 0x570a3c000: window 0x56ea30000+0x4000000, mapped +0.0 MiB
hint CB0 0x570a45000: window 0x56ea40000+0x4000000, mapped +0.0 MiB
hint CB0 0x513d80000: window 0x511d80000+0x4000000, mapped +0.0 MiB
hint CB0 0x570a72000: window 0x56ea70000+0x4000000, mapped +0.0 MiB
submit #184 dcb 798 dwords at 0x506e02500: pass 103 rewrite 35 drop 22 unmapped 0 cc 6 mappings 1074 ... acb head: 1287 of 1336 dwords go ahead of the wait at 1287 on 0x400203b80
OK rc 0 13.87 ms
timing: #184 done at t 4.246 s, 17.7 ms after the sync and hints
state stack #184: push 3 pop 3 conditional 1 unmatched 0; restored 2763 regs (+2811 dwords); tables 17, unreadable 0
swapped pages taken as resident so far: 0
vmas 107 total 13075.0 MiB resident 2534.7 MiB mapped 2534.7 MiB
submit #185 acb 1287 dwords at 0x400345640: pass 118 rewrite 35 drop 63 unmapped 0 cc 0 mappings 1075 ... OK rc 0 15.62 ms
timing: #185 done at t 4.274 s, 16.8 ms after the sync and hints
swapped pages taken as resident so far: 0
vmas 107 total 13075.0 MiB resident 2534.7 MiB mapped 2534.9 MiB
submit #186 dcb 1248 dwords at 0x505202500: pass 151 rewrite 46 drop 45 unmapped 0 cc 6 mappings 1077 ... OK rc 0 13.68 ms
timing: #186 done at t 4.301 s, 16.6 ms after the sync and hints
state stack #186: push 3 pop 3 conditional 1 unmatched 0; restored 2763 regs (+2811 dwords); tables 11, unreadable 0
flip 1/0 buffer 0x507410000 +0x1fe0000: sum 0x17ea65194594 nonzero 8100/8160 pattern 0
  target CB0 0x570a9d000: distinct 6 min 0x00000000 max 0xffffffff,   target CB0 0x570a9d000: nonzero 8/1024
  target CB0 0x563800000: distinct 1 min 0x00000000 max 0x00000000,   target CB0 0x563800000: nonzero 0/1024
  target CB0 0x55c00d000: distinct 4 min 0x00000000 max 0xffffffff,   target CB0 0x55c00d000: nonzero 147/1024
  target CB0 0x5637f0000: distinct 1 min 0x00000000 max 0x00000000,   target CB0 0x5637f0000: nonzero 0/1024
  target CB0 0x519df0000: distinct 1 min 0x38003800 max 0x38003800,   target CB0 0x519df0000: nonzero 1024/1024
  target CB0 0x570a99000: distinct 6 min 0x00000000 max 0xffffffff,   target CB0 0x570a99000: nonzero 10/1024
  target DB_HTILE 0x516870000: distinct 2 min 0x38003800 max 0xfffffff0,   target DB_HTILE 0x516870000: nonzero 1024/1024
  target DB_Z_READ 0x5157a0000: distinct 1 min 0x00000000 max 0x00000000,   target DB_Z_READ 0x5157a0000: nonzero 0/1024
  target DB_STENCIL_READ 0x5164b0000: distinct 3 min 0x00000000 max 0xfffffff0,   target DB_STENCIL_READ 0x5164b0000: nonzero 881/1024
  target CB0 0x511650000: distinct 1 min 0x00000000 max 0x00000000,   target CB0 0x511650000: nonzero 0/1024
  target CB0 0x570a3c000: distinct 7 min 0x00000000 max 0xffffffff,   target CB0 0x570a3c000: nonzero 58/1024
  target CB0 0x570a45000: distinct 7 min 0x00000000 max 0xffffffff,   target CB0 0x570a45000: nonzero 49/1024
  target CB0 0x513d80000: distinct 1 min 0x00000000 max 0x00000000,   target CB0 0x513d80000: nonzero 0/1024
  target CB0 0x570a72000: distinct 6 min 0x00000000 max 0xffffffff,   target CB0 0x570a72000: nonzero 19/1024
  target DB_HTILE 0x55c050000: distinct 3 min 0x00000000 max 0xffffffff,   target DB_HTILE 0x55c050000: nonzero 144/1024
  target DB_Z_READ 0x527430000: distinct 1 min 0xffffffff max 0xffffffff,   target DB_Z_READ 0x527430000: nonzero 1024/1024
timing: t 4.302 s flip 1/0, VideoOutSubmitFlip took 0.0 ms
swapped pages taken as resident so far: 0
vmas 107 total 13075.0 MiB resident 2534.9 MiB mapped 2534.9 MiB
hint CB0 0x510940000: window 0x50e940000+0x4000000, mapped +0.0 MiB
hint CB0 0x570a2d000: window 0x56ea20000+0x4000000, mapped +0.0 MiB
hint CB0 0x5168c0000: window 0x5148c0000+0x4000000, mapped +0.0 MiB
hint CB0 0x53be90000: window 0x539e90000+0x4000000, mapped +0.0 MiB
hint CB0 0x570b9c000: window 0x56eb90000+0x4000000, mapped +1.0 MiB
hint CB0 0x53d4a0000: window 0x53b4a0000+0x4000000, mapped +0.0 MiB
hint CB0 0x53db80000: window 0x53bb80000+0x4000000, mapped +0.0 MiB
hint CB0 0x53ba80000: window 0x539a80000+0x4000000, mapped +0.0 MiB
hint CB0 0x570be5000: window 0x56ebe0000+0x4000000, mapped +0.3 MiB
hint CB0 0x570c99000: window 0x56ec90000+0x4000000, mapped +0.7 MiB
hint CB0 0x53b300000: window 0x539300000+0x4000000, mapped +0.0 MiB
hint CB0 0x570cb1000: window 0x56ecb0000+0x4000000, mapped +0.1 MiB
hint CB0 0x53b580000: window 0x539580000+0x4000000, mapped +0.0 MiB
hint CB0 0x570b6f000: window 0x56eb60000+0x4000000, mapped +0.0 MiB
hint CB0 0x53cb60000: window 0x53ab60000+0x4000000, mapped +0.0 MiB
hint CB0 0x53b640000: window 0x539640000+0x4000000, mapped +0.0 MiB
hint CB0 0x53b680000: window 0x539680000+0x4000000, mapped +0.0 MiB
hint CB0 0x53cc20000: window 0x53ac20000+0x4000000, mapped +0.0 MiB
hint CB0 0x53cc30000: window 0x53ac30000+0x4000000, mapped +0.0 MiB
hint CB0 0x53c2f0000: window 0x53a2f0000+0x4000000, mapped +0.0 MiB
hint CB0 0x570ca5000: window 0x56eca0000+0x4000000, mapped +0.0 MiB
hint CB0 0x570c21000: window 0x56ec20000+0x4000000, mapped +0.0 MiB
  indirect op 16 at 1246: base 0x5074063c0 +0x0 -> 1 1 1 0 0
  indirect op 16 at 1278: base 0x5074063e0 +0x0 -> 1 1 1 0 0
  indirect op 16 at 1310: base 0x50740a520 +0x0 -> 1 1 1 0 0
  indirect op 16 at 1342: base 0x50740a540 +0x0 -> 1 1 1 0 0
  indirect op 25 at 4584: base 0x56ddaffa0 +0x0 -> 1 512 0 0 0
submit #187 dcb 9774 dwords at 0x502e02500: pass 651 rewrite 493 drop 432 unmapped 1 cc 8 mappings 1082 ... OK rc 0 16.16 ms
timing: #187 done at t 4.339 s, 25.6 ms after the sync and hints
state stack #187: push 4 pop 4 conditional 1 unmatched 0; restored 3684 regs (+3748 dwords); tables 40, unreadable 0
swapped pages taken as resident so far: 0
vmas 107 total 13075.0 MiB resident 2537.1 MiB mapped 2537.2 MiB
submit #188 acb 2 dwords at 0xfe003a200: pass 1 rewrite 0 drop 0 unmapped 0 cc 0 mappings 1084 ... OK rc 0 14.79 ms
timing: #188 done at t 4.367 s, 16.0 ms after the sync and hints
swapped pages taken as resident so far: 0
vmas 107 total 13075.0 MiB resident 2537.2 MiB mapped 2537.3 MiB
submit #189 acb 49 dwords at 0x400346a5c: pass 2 rewrite 3 drop 3 unmapped 0 cc 0 mappings 1085 ... OK rc 0 14.81 ms
timing: #189 done at t 4.393 s, 16.0 ms after the sync and hints
swapped pages taken as resident so far: 0
vmas 107 total 13075.0 MiB resident 2537.4 MiB mapped 2537.4 MiB
submit #190 cc 3 dwords at 0x313b17cf4: pass 0 rewrite 1 drop 0 unmapped 0 cc 1 mappings 1086 ... OK rc 0 13.58 ms
timing: #190 done at t 4.418 s, 14.8 ms after the sync and hints
swapped pages taken as resident so far: 0
vmas 107 total 13075.0 MiB resident 2537.4 MiB mapped 2537.5 MiB
submit #191 hib 150 dwords at 0xfe0000000: pass 12 rewrite 2 drop 2 unmapped 0 cc 2 mappings 1087 ... OK rc 0 13.56 ms
timing: #191 done at t 4.443 s, 15.1 ms after the sync and hints
swapped pages taken as resident so far: 0
vmas 107 total 13075.0 MiB resident 2545.4 MiB mapped 2545.5 MiB
submit #192 hib 2 dwords at 0xfe003a200: pass 1 rewrite 0 drop 0 unmapped 0 cc 0 mappings 1088 ... OK rc 0 13.54 ms
timing: #192 done at t 4.468 s, 14.8 ms after the sync and hints
swapped pages taken as resident so far: 0
vmas 107 total 13075.0 MiB resident 2553.4 MiB mapped 2553.5 MiB
submit #193 dcb 96 dwords at 0xfe0042920: pass 20 rewrite 2 drop 2 unmapped 0 cc 0 mappings 1089 ... OK rc 0 13.67 ms
timing: #193 done at t 4.493 s, 15.2 ms after the sync and hints
swapped pages taken as resident so far: 0
vmas 107 total 13075.0 MiB resident 2557.4 MiB mapped 2557.5 MiB
submit #194 dcb 2647 dwords at 0x503502500: pass 236 rewrite 123 drop 120 unmapped 0 cc 4 mappings 1090 ... OK rc 0 13.91 ms
timing: #194 done at t 4.521 s, 17.4 ms after the sync and hints
state stack #194: push 2 pop 2 conditional 1 unmatched 0; restored 1842 regs (+1874 dwords); tables 13, unreadable 0
swapped pages taken as resident so far: 0
vmas 107 total 13075.0 MiB resident 2562.4 MiB mapped 2562.5 MiB
submit #195 acb 2 dwords at 0xfe003a200: pass 1 rewrite 0 drop 0 unmapped 0 cc 0 mappings 1093 ... OK rc 0 13.59 ms
timing: #195 done at t 4.546 s, 14.8 ms after the sync and hints
swapped pages taken as resident so far: 0
vmas 107 total 13075.0 MiB resident 2562.8 MiB mapped 2562.9 MiB
submit #196 dcb 851 dwords at 0x505602500: pass 47 rewrite 55 drop 45 unmapped 0 cc 0 mappings 1094 ... OK rc 0 13.95 ms
timing: #196 done at t 4.572 s, 15.6 ms after the sync and hints
swapped pages taken as resident so far: 0
vmas 107 total 13075.0 MiB resident 2563.0 MiB mapped 2563.1 MiB
submit #197 acb 463 dwords at 0x4003e6740: pass 43 rewrite 11 drop 27 unmapped 0 cc 0 mappings 1096 ... OK rc 0 14.10 ms
timing: #197 done at t 4.597 s, 15.4 ms after the sync and hints
swapped pages taken as resident so far: 0
vmas 107 total 13075.0 MiB resident 2563.2 MiB mapped 2563.2 MiB
submit #198 dcb 798 dwords at 0x506202500: pass 103 rewrite 35 drop 22 unmapped 0 cc 6 mappings 1097 ... acb head: 1287 of 1336 dwords go ahead of the wait at 1287 on 0x400202380
OK rc 0 14.28 ms
timing: #198 done at t 4.626 s, 18.0 ms after the sync and hints
state stack #198: push 3 pop 3 conditional 1 unmatched 0; restored 2763 regs (+2811 dwords); tables 17, unreadable 0
swapped pages taken as resident so far: 0
vmas 107 total 13075.0 MiB resident 2563.4 MiB mapped 2563.4 MiB
submit #199 acb 1287 dwords at 0x400205540: pass 118 rewrite 35 drop 63 unmapped 0 cc 0 mappings 1098 ... OK rc 0 14.50 ms
timing: #199 done at t 4.651 s, 15.7 ms after the sync and hints
submit #200 dcb 1248 dwords at 0x504a02500: pass 151 rewrite 46 drop 45 unmapped 0 cc 6 mappings 1098 ... OK rc 0 14.01 ms
timing: #200 done at t 4.679 s, 17.0 ms after the sync and hints
state stack #200: push 3 pop 3 conditional 1 unmatched 0; restored 2763 regs (+2811 dwords); tables 11, unreadable 0
flip 1/1 buffer 0x5093f0000 +0x1fe0000: sum 0x17ea65194594 nonzero 8100/8160 pattern 0
  target CB0 0x507410000: distinct 53 min 0xc0000000 max 0xc340d034,   target CB0 0x507410000: nonzero 1024/1024
  target CB0 0x563800000: distinct 1 min 0x00000000 max 0x00000000,   target CB0 0x563800000: nonzero 0/1024
  target CB0 0x55c00d000: distinct 4 min 0x00000000 max 0xffffffff,   target CB0 0x55c00d000: nonzero 147/1024
  target CB0 0x5637f0000: distinct 1 min 0x00000000 max 0x00000000,   target CB0 0x5637f0000: nonzero 0/1024
  target CB0 0x519df0000: distinct 1 min 0x38003800 max 0x38003800,   target CB0 0x519df0000: nonzero 1024/1024
  target CB0 0x570a99000: distinct 8 min 0x00000000 max 0xffffffff,   target CB0 0x570a99000: nonzero 85/1024
  target DB_HTILE 0x516870000: distinct 3 min 0x00000000 max 0xfffffff0,   target DB_HTILE 0x516870000: nonzero 80/1024
  target DB_Z_READ 0x5157a0000: distinct 1 min 0x3f800000 max 0x3f800000,   target DB_Z_READ 0x5157a0000: nonzero 1024/1024
  target DB_STENCIL_READ 0x5164b0000: distinct 3 min 0x00000000 max 0xfffffff0,   target DB_STENCIL_READ 0x5164b0000: nonzero 881/1024
  target CB0 0x511650000: distinct 1 min 0x00000000 max 0x00000000,   target CB0 0x511650000: nonzero 0/1024
  target CB0 0x570a3c000: distinct 9 min 0x00000000 max 0xffffffff,   target CB0 0x570a3c000: nonzero 133/1024
  target CB0 0x570a45000: distinct 9 min 0x00000000 max 0xffffffff,   target CB0 0x570a45000: nonzero 124/1024
  target CB0 0x513d80000: distinct 1 min 0x00000000 max 0x00000000,   target CB0 0x513d80000: nonzero 0/1024
  target CB0 0x570a72000: distinct 8 min 0x00000000 max 0xffffffff,   target CB0 0x570a72000: nonzero 94/1024
  target DB_HTILE 0x55c050000: distinct 3 min 0x00000000 max 0xffffffff,   target DB_HTILE 0x55c050000: nonzero 144/1024
  target DB_Z_READ 0x527430000: distinct 1 min 0xffffffff max 0xffffffff,   target DB_Z_READ 0x527430000: nonzero 1024/1024
timing: t 4.680 s flip 1/1, VideoOutSubmitFlip took 0.0 ms
swapped pages taken as resident so far: 0
vmas 107 total 13075.0 MiB resident 2563.5 MiB mapped 2563.6 MiB
  indirect op 16 at 1246: base 0x5074063c0 +0x0 -> 1 1 1 0 0
  indirect op 16 at 1278: base 0x5074063e0 +0x0 -> 1 1 1 0 0
  indirect op 16 at 1310: base 0x50740a520 +0x0 -> 1 1 1 0 0
  indirect op 16 at 1342: base 0x50740a540 +0x0 -> 1 1 1 0 0
  indirect op 25 at 4584: base 0x56ddaffa0 +0x0 -> 1 512 0 0 0
submit #201 dcb 9774 dwords at 0x502002500: pass 651 rewrite 493 drop 432 unmapped 1 cc 8 mappings 1100 ... OK rc 0 16.58 ms
timing: #201 done at t 4.717 s, 26.2 ms after the sync and hints
state stack #201: push 4 pop 4 conditional 1 unmatched 0; restored 3684 regs (+3748 dwords); tables 40, unreadable 0
swapped pages taken as resident so far: 0
vmas 107 total 13075.0 MiB resident 2563.6 MiB mapped 2563.7 MiB
submit #202 acb 2 dwords at 0xfe003a200: pass 1 rewrite 0 drop 0 unmapped 0 cc 0 mappings 1101 ... OK rc 0 13.68 ms
timing: #202 done at t 4.742 s, 14.9 ms after the sync and hints
swapped pages taken as resident so far: 0
vmas 107 total 13075.0 MiB resident 2563.7 MiB mapped 2563.7 MiB
submit #203 acb 49 dwords at 0x40020695c: pass 2 rewrite 3 drop 3 unmapped 0 cc 0 mappings 1102 ... OK rc 0 13.47 ms
timing: #203 done at t 4.767 s, 14.7 ms after the sync and hints
submit #204 cc 3 dwords at 0x313b17cf4: pass 0 rewrite 1 drop 0 unmapped 0 cc 1 mappings 1102 ... OK rc 0 13.68 ms
timing: #204 done at t 4.793 s, 15.1 ms after the sync and hints
swapped pages taken as resident so far: 0
vmas 107 total 13075.0 MiB resident 2563.9 MiB mapped 2564.0 MiB
submit #205 hib 150 dwords at 0xfe0000000: pass 12 rewrite 2 drop 2 unmapped 0 cc 2 mappings 1104 ... OK rc 0 13.69 ms
timing: #205 done at t 4.818 s, 15.2 ms after the sync and hints
swapped pages taken as resident so far: 0
vmas 107 total 13075.0 MiB resident 2564.0 MiB mapped 2564.0 MiB
submit #206 hib 2 dwords at 0xfe003a200: pass 1 rewrite 0 drop 0 unmapped 0 cc 0 mappings 1105 ... OK rc 0 13.67 ms
timing: #206 done at t 4.843 s, 14.9 ms after the sync and hints
swapped pages taken as resident so far: 0
vmas 107 total 13075.0 MiB resident 2564.1 MiB mapped 2564.1 MiB
submit #207 dcb 96 dwords at 0xfe0042920: pass 20 rewrite 2 drop 2 unmapped 0 cc 0 mappings 1106 ... OK rc 0 13.62 ms
timing: #207 done at t 4.868 s, 15.1 ms after the sync and hints
swapped pages taken as resident so far: 0
vmas 107 total 13075.0 MiB resident 2564.1 MiB mapped 2564.2 MiB
submit #208 dcb 2647 dwords at 0x503c02500: pass 236 rewrite 123 drop 120 unmapped 0 cc 4 mappings 1107 ... OK rc 0 13.90 ms
timing: #208 done at t 4.896 s, 17.5 ms after the sync and hints
state stack #208: push 2 pop 2 conditional 1 unmatched 0; restored 1842 regs (+1874 dwords); tables 13, unreadable 0
swapped pages taken as resident so far: 0
vmas 107 total 13075.0 MiB resident 2564.2 MiB mapped 2564.3 MiB
submit #209 dcb 851 dwords at 0x505a02500: pass 47 rewrite 55 drop 45 unmapped 0 cc 0 mappings 1109 ... OK rc 0 13.68 ms
timing: #209 done at t 4.922 s, 15.3 ms after the sync and hints
swapped pages taken as resident so far: 0
vmas 107 total 13075.0 MiB resident 2564.3 MiB mapped 2564.4 MiB
submit #210 acb 2 dwords at 0xfe003a200: pass 1 rewrite 0 drop 0 unmapped 0 cc 0 mappings 1110 ... OK rc 0 13.76 ms
timing: #210 done at t 4.947 s, 15.0 ms after the sync and hints
swapped pages taken as resident so far: 0
vmas 107 total 13075.0 MiB resident 2564.4 MiB mapped 2564.4 MiB
submit #211 acb 463 dwords at 0x4004867c0: pass 43 rewrite 11 drop 27 unmapped 0 cc 0 mappings 1111 ... OK rc 0 13.98 ms
timing: #211 done at t 4.972 s, 15.2 ms after the sync and hints
swapped pages taken as resident so far: 0
vmas 107 total 13075.0 MiB resident 2565.0 MiB mapped 2565.0 MiB
submit #212 dcb 798 dwords at 0x506802500: pass 103 rewrite 35 drop 22 unmapped 0 cc 6 mappings 1112 ... acb head: 1287 of 1336 dwords go ahead of the wait at 1287 on 0x400202f80
OK rc 0 14.09 ms
timing: #212 done at t 5.000 s, 17.8 ms after the sync and hints
state stack #212: push 3 pop 3 conditional 1 unmatched 0; restored 2763 regs (+2811 dwords); tables 17, unreadable 0
swapped pages taken as resident so far: 0
vmas 107 total 13075.0 MiB resident 2565.0 MiB mapped 2565.1 MiB
submit #213 acb 1287 dwords at 0x4002a55c0: pass 118 rewrite 35 drop 63 unmapped 0 cc 0 mappings 1114 ... OK rc 0 14.29 ms
timing: #213 done at t 5.026 s, 15.5 ms after the sync and hints
swapped pages taken as resident so far: 0
vmas 107 total 13075.0 MiB resident 2565.1 MiB mapped 2565.2 MiB
submit #214 dcb 1248 dwords at 0x504e02500: pass 151 rewrite 46 drop 45 unmapped 0 cc 6 mappings 1115 ... OK rc 0 14.16 ms
timing: #214 done at t 5.054 s, 17.1 ms after the sync and hints
state stack #214: push 3 pop 3 conditional 1 unmatched 0; restored 2763 regs (+2811 dwords); tables 11, unreadable 0
flip 1/0 buffer 0x507410000 +0x1fe0000: sum 0x17ea65194594 nonzero 8100/8160 pattern 0
  target CB0 0x5093f0000: distinct 53 min 0xc0000000 max 0xc340d034,   target CB0 0x5093f0000: nonzero 1024/1024
  target CB0 0x563800000: distinct 1 min 0x00000000 max 0x00000000,   target CB0 0x563800000: nonzero 0/1024
  target CB0 0x55c00d000: distinct 4 min 0x00000000 max 0xffffffff,   target CB0 0x55c00d000: nonzero 147/1024
  target CB0 0x5637f0000: distinct 1 min 0x00000000 max 0x00000000,   target CB0 0x5637f0000: nonzero 0/1024
  target CB0 0x519df0000: distinct 1 min 0x38003800 max 0x38003800,   target CB0 0x519df0000: nonzero 1024/1024
  target CB0 0x570a99000: distinct 8 min 0x00000000 max 0xffffffff,   target CB0 0x570a99000: nonzero 85/1024
  target DB_HTILE 0x516870000: distinct 3 min 0x00000000 max 0xfffffff0,   target DB_HTILE 0x516870000: nonzero 80/1024
  target DB_Z_READ 0x5157a0000: distinct 1 min 0x3f800000 max 0x3f800000,   target DB_Z_READ 0x5157a0000: nonzero 1024/1024
  target DB_STENCIL_READ 0x5164b0000: distinct 3 min 0x00000000 max 0xfffffff0,   target DB_STENCIL_READ 0x5164b0000: nonzero 881/1024
  target CB0 0x511650000: distinct 1 min 0x00000000 max 0x00000000,   target CB0 0x511650000: nonzero 0/1024
  target CB0 0x570a3c000: distinct 9 min 0x00000000 max 0xffffffff,   target CB0 0x570a3c000: nonzero 133/1024
  target CB0 0x570a45000: distinct 9 min 0x00000000 max 0xffffffff,   target CB0 0x570a45000: nonzero 124/1024
  target CB0 0x513d80000: distinct 1 min 0x00000000 max 0x00000000,   target CB0 0x513d80000: nonzero 0/1024
  target CB0 0x570a72000: distinct 8 min 0x00000000 max 0xffffffff,   target CB0 0x570a72000: nonzero 94/1024
  target DB_HTILE 0x55c050000: distinct 3 min 0x00000000 max 0xffffffff,   target DB_HTILE 0x55c050000: nonzero 144/1024
  target DB_Z_READ 0x527430000: distinct 1 min 0xffffffff max 0xffffffff,   target DB_Z_READ 0x527430000: nonzero 1024/1024
timing: t 5.055 s flip 1/0, VideoOutSubmitFlip took 0.0 ms
  indirect op 16 at 1246: base 0x5074063c0 +0x0 -> 1 1 1 0 0
  indirect op 16 at 1278: base 0x5074063e0 +0x0 -> 1 1 1 0 0
  indirect op 16 at 1310: base 0x50740a520 +0x0 -> 1 1 1 0 0
  indirect op 16 at 1342: base 0x50740a540 +0x0 -> 1 1 1 0 0
  indirect op 25 at 4584: base 0x56ddaffa0 +0x0 -> 1 512 0 0 0
submit #215 dcb 9774 dwords at 0x502702500: pass 651 rewrite 493 drop 432 unmapped 1 cc 8 mappings 1115 ... OK rc 0 16.50 ms
timing: #215 done at t 5.091 s, 26.2 ms after the sync and hints
state stack #215: push 4 pop 4 conditional 1 unmatched 0; restored 3684 regs (+3748 dwords); tables 40, unreadable 0
swapped pages taken as resident so far: 0
vmas 107 total 13075.0 MiB resident 2565.3 MiB mapped 2565.4 MiB
submit #216 acb 2 dwords at 0xfe003a200: pass 1 rewrite 0 drop 0 unmapped 0 cc 0 mappings 1117 ... OK rc 0 13.90 ms
timing: #216 done at t 5.117 s, 15.1 ms after the sync and hints
swapped pages taken as resident so far: 0
vmas 107 total 13075.0 MiB resident 2565.4 MiB mapped 2565.4 MiB
submit #217 acb 49 dwords at 0x4002a69dc: pass 2 rewrite 3 drop 3 unmapped 0 cc 0 mappings 1118 ... OK rc 0 13.92 ms
timing: #217 done at t 5.142 s, 15.1 ms after the sync and hints
swapped pages taken as resident so far: 0
vmas 107 total 13075.0 MiB resident 2565.6 MiB mapped 2565.6 MiB
submit #218 cc 3 dwords at 0x313b17cf4: pass 0 rewrite 1 drop 0 unmapped 0 cc 1 mappings 1119 ... OK rc 0 13.78 ms
timing: #218 done at t 5.167 s, 15.0 ms after the sync and hints
swapped pages taken as resident so far: 0
vmas 107 total 13075.0 MiB resident 2565.7 MiB mapped 2565.7 MiB
submit #219 hib 150 dwords at 0xfe0000000: pass 12 rewrite 2 drop 2 unmapped 0 cc 2 mappings 1120 ... OK rc 0 13.70 ms
timing: #219 done at t 5.192 s, 15.3 ms after the sync and hints
swapped pages taken as resident so far: 0
vmas 107 total 13075.0 MiB resident 2565.7 MiB mapped 2565.7 MiB
submit #220 hib 2 dwords at 0xfe003a200: pass 1 rewrite 0 drop 0 unmapped 0 cc 0 mappings 1121 ... OK rc 0 13.98 ms
timing: #220 done at t 5.218 s, 15.2 ms after the sync and hints
swapped pages taken as resident so far: 0
vmas 107 total 13075.0 MiB resident 2565.8 MiB mapped 2565.9 MiB
submit #221 dcb 96 dwords at 0xfe0042920: pass 20 rewrite 2 drop 2 unmapped 0 cc 0 mappings 1123 ... OK rc 0 13.98 ms
timing: #221 done at t 5.244 s, 15.5 ms after the sync and hints
swapped pages taken as resident so far: 0
vmas 107 total 13075.0 MiB resident 2566.5 MiB mapped 2566.6 MiB
submit #222 dcb 2647 dwords at 0x504302500: pass 236 rewrite 123 drop 120 unmapped 0 cc 4 mappings 1125 ... OK rc 0 14.22 ms
timing: #222 done at t 5.272 s, 18.0 ms after the sync and hints
state stack #222: push 2 pop 2 conditional 1 unmatched 0; restored 1842 regs (+1874 dwords); tables 13, unreadable 0
swapped pages taken as resident so far: 0
vmas 107 total 13075.0 MiB resident 2576.3 MiB mapped 2576.5 MiB
submit #223 dcb 851 dwords at 0x505e02500: pass 47 rewrite 55 drop 45 unmapped 0 cc 0 mappings 1130 ... OK rc 0 14.10 ms
timing: #223 done at t 5.299 s, 15.8 ms after the sync and hints
swapped pages taken as resident so far: 0
vmas 107 total 13075.0 MiB resident 2580.0 MiB mapped 2580.0 MiB
submit #224 acb 2 dwords at 0xfe003a200: pass 1 rewrite 0 drop 0 unmapped 0 cc 0 mappings 1134 ... OK rc 0 13.83 ms
timing: #224 done at t 5.324 s, 15.0 ms after the sync and hints
swapped pages taken as resident so far: 0
vmas 107 total 13075.0 MiB resident 2587.9 MiB mapped 2588.2 MiB
submit #225 acb 463 dwords at 0x400526840: pass 43 rewrite 11 drop 27 unmapped 0 cc 0 mappings 1142 ... OK rc 0 14.31 ms
timing: #225 done at t 5.350 s, 15.5 ms after the sync and hints
swapped pages taken as resident so far: 0
vmas 107 total 13075.0 MiB resident 2597.3 MiB mapped 2597.4 MiB
submit #226 dcb 798 dwords at 0x506e02500: pass 103 rewrite 35 drop 22 unmapped 0 cc 6 mappings 1146 ... acb head: 1287 of 1336 dwords go ahead of the wait at 1287 on 0x400203b80
OK rc 0 14.51 ms
timing: #226 done at t 5.379 s, 18.2 ms after the sync and hints
state stack #226: push 3 pop 3 conditional 1 unmatched 0; restored 2763 regs (+2811 dwords); tables 17, unreadable 0
swapped pages taken as resident so far: 0
vmas 107 total 13075.0 MiB resident 2611.1 MiB mapped 2611.1 MiB
submit #227 acb 1287 dwords at 0x400345640: pass 118 rewrite 35 drop 63 unmapped 0 cc 0 mappings 1147 ... OK rc 0 14.76 ms
timing: #227 done at t 5.405 s, 16.0 ms after the sync and hints
swapped pages taken as resident so far: 0
vmas 107 total 13075.0 MiB resident 2620.5 MiB mapped 2620.5 MiB
submit #228 dcb 1248 dwords at 0x505202500: pass 151 rewrite 46 drop 45 unmapped 0 cc 6 mappings 1151 ... OK rc 0 14.24 ms
timing: #228 done at t 5.433 s, 17.2 ms after the sync and hints
state stack #228: push 3 pop 3 conditional 1 unmatched 0; restored 2763 regs (+2811 dwords); tables 11, unreadable 0
flip 1/1 buffer 0x5093f0000 +0x1fe0000: sum 0x17ea65194594 nonzero 8100/8160 pattern 0
  target CB0 0x507410000: distinct 53 min 0xc0000000 max 0xc340d034,   target CB0 0x507410000: nonzero 1024/1024
  target CB0 0x563800000: distinct 1 min 0x00000000 max 0x00000000,   target CB0 0x563800000: nonzero 0/1024
  target CB0 0x55c00d000: distinct 4 min 0x00000000 max 0xffffffff,   target CB0 0x55c00d000: nonzero 147/1024
  target CB0 0x5637f0000: distinct 1 min 0x00000000 max 0x00000000,   target CB0 0x5637f0000: nonzero 0/1024
  target CB0 0x519df0000: distinct 1 min 0x38003800 max 0x38003800,   target CB0 0x519df0000: nonzero 1024/1024
  target CB0 0x570a99000: distinct 8 min 0x00000000 max 0xffffffff,   target CB0 0x570a99000: nonzero 85/1024
  target DB_HTILE 0x516870000: distinct 3 min 0x00000000 max 0xfffffff0,   target DB_HTILE 0x516870000: nonzero 80/1024
  target DB_Z_READ 0x5157a0000: distinct 1 min 0x3f800000 max 0x3f800000,   target DB_Z_READ 0x5157a0000: nonzero 1024/1024
  target DB_STENCIL_READ 0x5164b0000: distinct 3 min 0x00000000 max 0xfffffff0,   target DB_STENCIL_READ 0x5164b0000: nonzero 881/1024
  target CB0 0x511650000: distinct 1 min 0x00000000 max 0x00000000,   target CB0 0x511650000: nonzero 0/1024
  target CB0 0x570a3c000: distinct 9 min 0x00000000 max 0xffffffff,   target CB0 0x570a3c000: nonzero 133/1024
  target CB0 0x570a45000: distinct 9 min 0x00000000 max 0xffffffff,   target CB0 0x570a45000: nonzero 124/1024
  target CB0 0x513d80000: distinct 1 min 0x00000000 max 0x00000000,   target CB0 0x513d80000: nonzero 0/1024
  target CB0 0x570a72000: distinct 8 min 0x00000000 max 0xffffffff,   target CB0 0x570a72000: nonzero 94/1024
  target DB_HTILE 0x55c050000: distinct 3 min 0x00000000 max 0xffffffff,   target DB_HTILE 0x55c050000: nonzero 144/1024
  target DB_Z_READ 0x527430000: distinct 1 min 0xffffffff max 0xffffffff,   target DB_Z_READ 0x527430000: nonzero 1024/1024
timing: t 5.434 s flip 1/1, VideoOutSubmitFlip took 0.0 ms
swapped pages taken as resident so far: 0
vmas 107 total 13075.0 MiB resident 2633.4 MiB mapped 2633.5 MiB
  indirect op 16 at 1246: base 0x5074063c0 +0x0 -> 1 1 1 0 0
  indirect op 16 at 1278: base 0x5074063e0 +0x0 -> 1 1 1 0 0
  indirect op 16 at 1310: base 0x50740a520 +0x0 -> 1 1 1 0 0
  indirect op 16 at 1342: base 0x50740a540 +0x0 -> 1 1 1 0 0
  indirect op 25 at 4584: base 0x56ddaffa0 +0x0 -> 1 512 0 0 0
submit #229 dcb 9774 dwords at 0x502e02500: pass 651 rewrite 493 drop 432 unmapped 1 cc 8 mappings 1154 ... OK rc 0 17.01 ms
timing: #229 done at t 5.472 s, 26.6 ms after the sync and hints
state stack #229: push 4 pop 4 conditional 1 unmatched 0; restored 3684 regs (+3748 dwords); tables 40, unreadable 0
swapped pages taken as resident so far: 0
vmas 107 total 13075.0 MiB resident 2650.6 MiB mapped 2650.6 MiB
submit #230 acb 2 dwords at 0xfe003a200: pass 1 rewrite 0 drop 0 unmapped 0 cc 0 mappings 1158 ... OK rc 0 14.07 ms
timing: #230 done at t 5.498 s, 15.3 ms after the sync and hints
swapped pages taken as resident so far: 0
vmas 107 total 13075.0 MiB resident 2659.0 MiB mapped 2659.0 MiB
submit #231 acb 49 dwords at 0x400346a5c: pass 2 rewrite 3 drop 3 unmapped 0 cc 0 mappings 1160 ... OK rc 0 14.10 ms
timing: #231 done at t 5.523 s, 15.3 ms after the sync and hints
swapped pages taken as resident so far: 0
vmas 107 total 13075.0 MiB resident 2667.0 MiB mapped 2667.0 MiB
submit #232 cc 3 dwords at 0x313b17cf4: pass 0 rewrite 1 drop 0 unmapped 0 cc 1 mappings 1161 ... OK rc 0 14.67 ms
timing: #232 done at t 5.550 s, 15.9 ms after the sync and hints
swapped pages taken as resident so far: 0
vmas 107 total 13075.0 MiB resident 2677.9 MiB mapped 2677.9 MiB
submit #233 hib 150 dwords at 0xfe0000000: pass 12 rewrite 2 drop 2 unmapped 0 cc 2 mappings 1162 ... OK rc 0 14.81 ms
timing: #233 done at t 5.577 s, 16.4 ms after the sync and hints
swapped pages taken as resident so far: 0
vmas 107 total 13075.0 MiB resident 2683.5 MiB mapped 2683.5 MiB
submit #234 hib 2 dwords at 0xfe003a200: pass 1 rewrite 0 drop 0 unmapped 0 cc 0 mappings 1164 ... OK rc 0 14.47 ms
timing: #234 done at t 5.604 s, 15.7 ms after the sync and hints
swapped pages taken as resident so far: 0
vmas 107 total 13075.0 MiB resident 2689.8 MiB mapped 2689.8 MiB
submit #235 dcb 96 dwords at 0xfe0042920: pass 20 rewrite 2 drop 2 unmapped 0 cc 0 mappings 1165 ... OK rc 0 14.67 ms
timing: #235 done at t 5.630 s, 16.3 ms after the sync and hints
swapped pages taken as resident so far: 0
vmas 107 total 13075.0 MiB resident 2690.9 MiB mapped 2691.0 MiB
submit #236 dcb 2647 dwords at 0x503502500: pass 236 rewrite 123 drop 120 unmapped 0 cc 4 mappings 1170 ... OK rc 0 14.79 ms
timing: #236 done at t 5.660 s, 18.4 ms after the sync and hints
state stack #236: push 2 pop 2 conditional 1 unmatched 0; restored 1842 regs (+1874 dwords); tables 13, unreadable 0
swapped pages taken as resident so far: 0
vmas 107 total 13075.0 MiB resident 2692.8 MiB mapped 2692.9 MiB
submit #237 dcb 851 dwords at 0x505602500: pass 47 rewrite 55 drop 45 unmapped 0 cc 0 mappings 1173 ... OK rc 0 14.32 ms
timing: #237 done at t 5.687 s, 16.0 ms after the sync and hints
swapped pages taken as resident so far: 0
vmas 107 total 13075.0 MiB resident 2693.3 MiB mapped 2693.4 MiB
submit #238 acb 2 dwords at 0xfe003a200: pass 1 rewrite 0 drop 0 unmapped 0 cc 0 mappings 1176 ... OK rc 0 15.40 ms
timing: #238 done at t 5.714 s, 16.6 ms after the sync and hints
swapped pages taken as resident so far: 0
vmas 107 total 13075.0 MiB resident 2706.0 MiB mapped 2706.0 MiB
submit #239 acb 463 dwords at 0x4003e6740: pass 43 rewrite 11 drop 27 unmapped 0 cc 0 mappings 1177 ... OK rc 0 16.99 ms
timing: #239 done at t 5.742 s, 18.2 ms after the sync and hints
swapped pages taken as resident so far: 0
vmas 107 total 13075.0 MiB resident 2714.8 MiB mapped 2714.8 MiB
submit #240 dcb 798 dwords at 0x506202500: pass 103 rewrite 35 drop 22 unmapped 0 cc 6 mappings 1178 ... acb head: 1287 of 1336 dwords go ahead of the wait at 1287 on 0x400202380
OK rc 0 14.76 ms
timing: #240 done at t 5.772 s, 18.6 ms after the sync and hints
state stack #240: push 3 pop 3 conditional 1 unmatched 0; restored 2763 regs (+2811 dwords); tables 17, unreadable 0
swapped pages taken as resident so far: 0
vmas 107 total 13075.0 MiB resident 2721.9 MiB mapped 2721.9 MiB
submit #241 acb 1287 dwords at 0x400205540: pass 118 rewrite 35 drop 63 unmapped 0 cc 0 mappings 1179 ... OK rc 0 15.43 ms
timing: #241 done at t 5.798 s, 16.7 ms after the sync and hints
swapped pages taken as resident so far: 0
vmas 107 total 13075.0 MiB resident 2724.9 MiB mapped 2725.0 MiB
submit #242 dcb 1248 dwords at 0x504a02500: pass 151 rewrite 46 drop 45 unmapped 0 cc 6 mappings 1183 ... OK rc 0 14.77 ms
timing: #242 done at t 5.827 s, 17.9 ms after the sync and hints
state stack #242: push 3 pop 3 conditional 1 unmatched 0; restored 2763 regs (+2811 dwords); tables 11, unreadable 0
flip 1/0 buffer 0x507410000 +0x1fe0000: sum 0x17ea65194594 nonzero 8100/8160 pattern 0
  target CB0 0x5093f0000: distinct 53 min 0xc0000000 max 0xc340d034,   target CB0 0x5093f0000: nonzero 1024/1024
  target CB0 0x563800000: distinct 1 min 0x00000000 max 0x00000000,   target CB0 0x563800000: nonzero 0/1024
  target CB0 0x55c00d000: distinct 4 min 0x00000000 max 0xffffffff,   target CB0 0x55c00d000: nonzero 147/1024
  target CB0 0x5637f0000: distinct 1 min 0x00000000 max 0x00000000,   target CB0 0x5637f0000: nonzero 0/1024
  target CB0 0x519df0000: distinct 1 min 0x38003800 max 0x38003800,   target CB0 0x519df0000: nonzero 1024/1024
  target CB0 0x570a99000: distinct 8 min 0x00000000 max 0xffffffff,   target CB0 0x570a99000: nonzero 85/1024
  target DB_HTILE 0x516870000: distinct 3 min 0x00000000 max 0xfffffff0,   target DB_HTILE 0x516870000: nonzero 80/1024
  target DB_Z_READ 0x5157a0000: distinct 1 min 0x3f800000 max 0x3f800000,   target DB_Z_READ 0x5157a0000: nonzero 1024/1024
  target DB_STENCIL_READ 0x5164b0000: distinct 3 min 0x00000000 max 0xfffffff0,   target DB_STENCIL_READ 0x5164b0000: nonzero 881/1024
  target CB0 0x511650000: distinct 1 min 0x00000000 max 0x00000000,   target CB0 0x511650000: nonzero 0/1024
  target CB0 0x570a3c000: distinct 9 min 0x00000000 max 0xffffffff,   target CB0 0x570a3c000: nonzero 133/1024
  target CB0 0x570a45000: distinct 9 min 0x00000000 max 0xffffffff,   target CB0 0x570a45000: nonzero 124/1024
  target CB0 0x513d80000: distinct 1 min 0x00000000 max 0x00000000,   target CB0 0x513d80000: nonzero 0/1024
  target CB0 0x570a72000: distinct 8 min 0x00000000 max 0xffffffff,   target CB0 0x570a72000: nonzero 94/1024
  target DB_HTILE 0x55c050000: distinct 3 min 0x00000000 max 0xffffffff,   target DB_HTILE 0x55c050000: nonzero 144/1024
  target DB_Z_READ 0x527430000: distinct 1 min 0xffffffff max 0xffffffff,   target DB_Z_READ 0x527430000: nonzero 1024/1024
timing: t 5.828 s flip 1/0, VideoOutSubmitFlip took 0.0 ms
swapped pages taken as resident so far: 0
vmas 107 total 13075.0 MiB resident 2726.9 MiB mapped 2727.0 MiB
  indirect op 16 at 1246: base 0x5074063c0 +0x0 -> 1 1 1 0 0
  indirect op 16 at 1278: base 0x5074063e0 +0x0 -> 1 1 1 0 0
  indirect op 16 at 1310: base 0x50740a520 +0x0 -> 1 1 1 0 0
  indirect op 16 at 1342: base 0x50740a540 +0x0 -> 1 1 1 0 0
  indirect op 25 at 4584: base 0x56ddaffa0 +0x0 -> 1 512 0 0 0
submit #243 dcb 9774 dwords at 0x502002500: pass 651 rewrite 493 drop 432 unmapped 1 cc 8 mappings 1187 ... OK rc 0 17.63 ms
timing: #243 done at t 5.866 s, 27.2 ms after the sync and hints
state stack #243: push 4 pop 4 conditional 1 unmatched 0; restored 3684 regs (+3748 dwords); tables 40, unreadable 0
swapped pages taken as resident so far: 0
vmas 107 total 13075.0 MiB resident 2729.0 MiB mapped 2729.1 MiB
submit #244 acb 2 dwords at 0xfe003a200: pass 1 rewrite 0 drop 0 unmapped 0 cc 0 mappings 1192 ... OK rc 0 14.67 ms
timing: #244 done at t 5.893 s, 15.9 ms after the sync and hints
swapped pages taken as resident so far: 0
vmas 107 total 13075.0 MiB resident 2734.6 MiB mapped 2734.6 MiB
submit #245 acb 49 dwords at 0x40020695c: pass 2 rewrite 3 drop 3 unmapped 0 cc 0 mappings 1194 ... OK rc 0 14.74 ms
timing: #245 done at t 5.919 s, 15.9 ms after the sync and hints
swapped pages taken as resident so far: 0
vmas 107 total 13075.0 MiB resident 2739.7 MiB mapped 2739.7 MiB
submit #246 cc 3 dwords at 0x313b17cf4: pass 0 rewrite 1 drop 0 unmapped 0 cc 1 mappings 1195 ... OK rc 0 14.53 ms
timing: #246 done at t 5.945 s, 15.8 ms after the sync and hints
swapped pages taken as resident so far: 0
vmas 107 total 13075.0 MiB resident 2741.4 MiB mapped 2741.5 MiB
submit #247 hib 150 dwords at 0xfe0000000: pass 12 rewrite 2 drop 2 unmapped 0 cc 2 mappings 1198 ... OK rc 0 14.57 ms
timing: #247 done at t 5.972 s, 16.1 ms after the sync and hints
swapped pages taken as resident so far: 0
vmas 107 total 13075.0 MiB resident 2746.9 MiB mapped 2747.0 MiB
submit #248 hib 2 dwords at 0xfe003a200: pass 1 rewrite 0 drop 0 unmapped 0 cc 0 mappings 1200 ... OK rc 0 14.67 ms
timing: #248 done at t 5.998 s, 15.9 ms after the sync and hints
swapped pages taken as resident so far: 0
vmas 107 total 13075.0 MiB resident 2752.4 MiB mapped 2752.4 MiB
submit #249 dcb 96 dwords at 0xfe0042920: pass 20 rewrite 2 drop 2 unmapped 0 cc 0 mappings 1201 ... OK rc 0 14.64 ms
timing: #249 done at t 6.025 s, 16.2 ms after the sync and hints
swapped pages taken as resident so far: 0
vmas 107 total 13075.0 MiB resident 2754.5 MiB mapped 2754.5 MiB
submit #250 dcb 2647 dwords at 0x503c02500: pass 236 rewrite 123 drop 120 unmapped 0 cc 4 mappings 1203 ... OK rc 0 15.00 ms
timing: #250 done at t 6.054 s, 18.6 ms after the sync and hints
state stack #250: push 2 pop 2 conditional 1 unmatched 0; restored 1842 regs (+1874 dwords); tables 13, unreadable 0
swapped pages taken as resident so far: 0
vmas 107 total 13075.0 MiB resident 2755.1 MiB mapped 2755.1 MiB
submit #251 dcb 851 dwords at 0x505a02500: pass 47 rewrite 55 drop 45 unmapped 0 cc 0 mappings 1205 ... OK rc 0 14.75 ms
timing: #251 done at t 6.081 s, 16.4 ms after the sync and hints
swapped pages taken as resident so far: 0
vmas 107 total 13075.0 MiB resident 2766.1 MiB mapped 2766.2 MiB
submit #252 acb 2 dwords at 0xfe003a200: pass 1 rewrite 0 drop 0 unmapped 0 cc 0 mappings 1206 ... OK rc 0 14.76 ms
timing: #252 done at t 6.107 s, 16.0 ms after the sync and hints
swapped pages taken as resident so far: 0
vmas 107 total 13075.0 MiB resident 2776.5 MiB mapped 2776.5 MiB
submit #253 acb 463 dwords at 0x4004867c0: pass 43 rewrite 11 drop 27 unmapped 0 cc 0 mappings 1207 ... OK rc 0 15.14 ms
timing: #253 done at t 6.134 s, 16.4 ms after the sync and hints
swapped pages taken as resident so far: 0
vmas 107 total 13075.0 MiB resident 2782.3 MiB mapped 2782.4 MiB
submit #254 dcb 798 dwords at 0x506802500: pass 103 rewrite 35 drop 22 unmapped 0 cc 6 mappings 1211 ... acb head: 1287 of 1336 dwords go ahead of the wait at 1287 on 0x400202f80
OK rc 0 15.31 ms
timing: #254 done at t 6.164 s, 19.2 ms after the sync and hints
state stack #254: push 3 pop 3 conditional 1 unmatched 0; restored 2763 regs (+2811 dwords); tables 17, unreadable 0
swapped pages taken as resident so far: 0
vmas 107 total 13075.0 MiB resident 2788.4 MiB mapped 2788.4 MiB
submit #255 acb 1287 dwords at 0x4002a55c0: pass 118 rewrite 35 drop 63 unmapped 0 cc 0 mappings 1214 ... OK rc 0 15.72 ms
timing: #255 done at t 6.191 s, 17.0 ms after the sync and hints
swapped pages taken as resident so far: 0
vmas 107 total 13075.0 MiB resident 2794.7 MiB mapped 2794.7 MiB
submit #256 dcb 1248 dwords at 0x504e02500: pass 151 rewrite 46 drop 45 unmapped 0 cc 6 mappings 1216 ... OK rc 0 15.10 ms
timing: #256 done at t 6.220 s, 18.1 ms after the sync and hints
state stack #256: push 3 pop 3 conditional 1 unmatched 0; restored 2763 regs (+2811 dwords); tables 11, unreadable 0
flip 1/1 buffer 0x5093f0000 +0x1fe0000: sum 0x17ea65194594 nonzero 8100/8160 pattern 0
  target CB0 0x507410000: distinct 53 min 0xc0000000 max 0xc340d034,   target CB0 0x507410000: nonzero 1024/1024
  target CB0 0x563800000: distinct 1 min 0x00000000 max 0x00000000,   target CB0 0x563800000: nonzero 0/1024
  target CB0 0x55c00d000: distinct 4 min 0x00000000 max 0xffffffff,   target CB0 0x55c00d000: nonzero 147/1024
  target CB0 0x5637f0000: distinct 1 min 0x00000000 max 0x00000000,   target CB0 0x5637f0000: nonzero 0/1024
  target CB0 0x519df0000: distinct 1 min 0x38003800 max 0x38003800,   target CB0 0x519df0000: nonzero 1024/1024
  target CB0 0x570a99000: distinct 8 min 0x00000000 max 0xffffffff,   target CB0 0x570a99000: nonzero 85/1024
  target DB_HTILE 0x516870000: distinct 3 min 0x00000000 max 0xfffffff0,   target DB_HTILE 0x516870000: nonzero 80/1024
  target DB_Z_READ 0x5157a0000: distinct 1 min 0x3f800000 max 0x3f800000,   target DB_Z_READ 0x5157a0000: nonzero 1024/1024
  target DB_STENCIL_READ 0x5164b0000: distinct 3 min 0x00000000 max 0xfffffff0,   target DB_STENCIL_READ 0x5164b0000: nonzero 881/1024
  target CB0 0x511650000: distinct 1 min 0x00000000 max 0x00000000,   target CB0 0x511650000: nonzero 0/1024
  target CB0 0x570a3c000: distinct 9 min 0x00000000 max 0xffffffff,   target CB0 0x570a3c000: nonzero 133/1024
  target CB0 0x570a45000: distinct 9 min 0x00000000 max 0xffffffff,   target CB0 0x570a45000: nonzero 124/1024
  target CB0 0x513d80000: distinct 1 min 0x00000000 max 0x00000000,   target CB0 0x513d80000: nonzero 0/1024
  target CB0 0x570a72000: distinct 8 min 0x00000000 max 0xffffffff,   target CB0 0x570a72000: nonzero 94/1024
  target DB_HTILE 0x55c050000: distinct 3 min 0x00000000 max 0xffffffff,   target DB_HTILE 0x55c050000: nonzero 144/1024
  target DB_Z_READ 0x527430000: distinct 1 min 0xffffffff max 0xffffffff,   target DB_Z_READ 0x527430000: nonzero 1024/1024
timing: t 6.221 s flip 1/1, VideoOutSubmitFlip took 0.0 ms
swapped pages taken as resident so far: 0
vmas 107 total 13075.0 MiB resident 2800.3 MiB mapped 2800.4 MiB
  indirect op 16 at 1246: base 0x5074063c0 +0x0 -> 1 1 1 0 0
  indirect op 16 at 1278: base 0x5074063e0 +0x0 -> 1 1 1 0 0
  indirect op 16 at 1310: base 0x50740a520 +0x0 -> 1 1 1 0 0
  indirect op 16 at 1342: base 0x50740a540 +0x0 -> 1 1 1 0 0
  indirect op 25 at 4584: base 0x56ddaffa0 +0x0 -> 1 512 0 0 0
submit #257 dcb 9774 dwords at 0x502702500: pass 651 rewrite 493 drop 432 unmapped 1 cc 8 mappings 1219 ... OK rc 0 18.02 ms
timing: #257 done at t 6.260 s, 27.7 ms after the sync and hints
state stack #257: push 4 pop 4 conditional 1 unmatched 0; restored 3684 regs (+3748 dwords); tables 40, unreadable 0
swapped pages taken as resident so far: 0
vmas 107 total 13075.0 MiB resident 2804.7 MiB mapped 2804.9 MiB
submit #258 acb 2 dwords at 0xfe003a200: pass 1 rewrite 0 drop 0 unmapped 0 cc 0 mappings 1225 ... OK rc 0 14.88 ms
timing: #258 done at t 6.288 s, 16.1 ms after the sync and hints
swapped pages taken as resident so far: 0
vmas 107 total 13075.0 MiB resident 2805.2 MiB mapped 2805.4 MiB
submit #259 acb 49 dwords at 0x4002a69dc: pass 2 rewrite 3 drop 3 unmapped 0 cc 0 mappings 1228 ... OK rc 0 14.96 ms
timing: #259 done at t 6.314 s, 16.2 ms after the sync and hints
swapped pages taken as resident so far: 0
vmas 107 total 13075.0 MiB resident 2813.5 MiB mapped 2813.5 MiB
submit #260 cc 3 dwords at 0x313b17cf4: pass 0 rewrite 1 drop 0 unmapped 0 cc 1 mappings 1230 ... OK rc 0 15.28 ms
timing: #260 done at t 6.342 s, 16.5 ms after the sync and hints
swapped pages taken as resident so far: 0
vmas 107 total 13075.0 MiB resident 2825.2 MiB mapped 2825.2 MiB
submit #261 hib 150 dwords at 0xfe0000000: pass 12 rewrite 2 drop 2 unmapped 0 cc 2 mappings 1231 ... OK rc 0 15.07 ms
timing: #261 done at t 6.369 s, 16.7 ms after the sync and hints
swapped pages taken as resident so far: 0
vmas 107 total 13075.0 MiB resident 2830.9 MiB mapped 2830.9 MiB
submit #262 hib 2 dwords at 0xfe003a200: pass 1 rewrite 0 drop 0 unmapped 0 cc 0 mappings 1232 ... OK rc 0 15.15 ms
timing: #262 done at t 6.396 s, 16.4 ms after the sync and hints
swapped pages taken as resident so far: 0
vmas 107 total 13075.0 MiB resident 2838.9 MiB mapped 2838.9 MiB
submit #263 dcb 96 dwords at 0xfe0042920: pass 20 rewrite 2 drop 2 unmapped 0 cc 0 mappings 1233 ... OK rc 0 15.05 ms
timing: #263 done at t 6.423 s, 16.6 ms after the sync and hints
swapped pages taken as resident so far: 0
vmas 107 total 13075.0 MiB resident 2848.4 MiB mapped 2848.4 MiB
hint CB0 0x53b6a0000: window 0x5396a0000+0x4000000, mapped +0.0 MiB
hint CB0 0x570e67000: window 0x56ee60000+0x4000000, mapped +1.7 MiB
submit #264 dcb 3006 dwords at 0x504302500: pass 293 rewrite 132 drop 126 unmapped 0 cc 6 mappings 1235 ... OK rc 0 15.56 ms
timing: #264 done at t 6.453 s, 19.8 ms after the sync and hints
state stack #264: push 3 pop 3 conditional 1 unmatched 0; restored 2763 regs (+2811 dwords); tables 18, unreadable 0
swapped pages taken as resident so far: 0
vmas 107 total 13075.0 MiB resident 2853.7 MiB mapped 2853.9 MiB
submit #265 dcb 851 dwords at 0x505e02500: pass 47 rewrite 55 drop 45 unmapped 0 cc 0 mappings 1241 ... OK rc 0 15.42 ms
timing: #265 done at t 6.482 s, 17.1 ms after the sync and hints
swapped pages taken as resident so far: 0
vmas 107 total 13075.0 MiB resident 2855.7 MiB mapped 2855.8 MiB
submit #266 acb 2 dwords at 0xfe003a200: pass 1 rewrite 0 drop 0 unmapped 0 cc 0 mappings 1245 ... OK rc 0 15.26 ms
timing: #266 done at t 6.509 s, 16.5 ms after the sync and hints
swapped pages taken as resident so far: 0
vmas 107 total 13075.0 MiB resident 2857.8 MiB mapped 2857.8 MiB
submit #267 acb 463 dwords at 0x400526840: pass 43 rewrite 11 drop 27 unmapped 0 cc 0 mappings 1247 ... OK rc 0 15.59 ms
timing: #267 done at t 6.536 s, 16.8 ms after the sync and hints
swapped pages taken as resident so far: 0
vmas 107 total 13075.0 MiB resident 2861.2 MiB mapped 2861.3 MiB
hint CB0 0x570e08000: window 0x56ee00000+0x4000000, mapped +0.0 MiB
hint CB0 0x570e11000: window 0x56ee10000+0x4000000, mapped +0.0 MiB
hint CB0 0x570e3e000: window 0x56ee30000+0x4000000, mapped +0.0 MiB
submit #268 dcb 798 dwords at 0x506e02500: pass 103 rewrite 35 drop 22 unmapped 0 cc 6 mappings 1250 ... acb head: 1287 of 1336 dwords go ahead of the wait at 1287 on 0x400203b80
OK rc 0 15.85 ms
timing: #268 done at t 6.566 s, 19.7 ms after the sync and hints
state stack #268: push 3 pop 3 conditional 1 unmatched 0; restored 2763 regs (+2811 dwords); tables 17, unreadable 0
swapped pages taken as resident so far: 0
vmas 107 total 13075.0 MiB resident 2862.8 MiB mapped 2862.9 MiB
submit #269 acb 1287 dwords at 0x400345640: pass 118 rewrite 35 drop 63 unmapped 0 cc 0 mappings 1254 ... OK rc 0 15.96 ms
timing: #269 done at t 6.594 s, 17.3 ms after the sync and hints
swapped pages taken as resident so far: 0
vmas 107 total 13075.0 MiB resident 2871.2 MiB mapped 2871.2 MiB
submit #270 dcb 1248 dwords at 0x505202500: pass 151 rewrite 46 drop 45 unmapped 0 cc 6 mappings 1255 ... OK rc 0 15.73 ms
timing: #270 done at t 6.624 s, 18.8 ms after the sync and hints
state stack #270: push 3 pop 3 conditional 1 unmatched 0; restored 2763 regs (+2811 dwords); tables 11, unreadable 0
flip 1/0 buffer 0x507410000 +0x1fe0000: sum 0x17ea65194594 nonzero 8100/8160 pattern 0
  target CB0 0x570e67000: distinct 10 min 0x00000000 max 0xffffffff,   target CB0 0x570e67000: nonzero 10/1024
  target CB0 0x563800000: distinct 1 min 0x00000000 max 0x00000000,   target CB0 0x563800000: nonzero 0/1024
  target CB0 0x55c00d000: distinct 4 min 0x00000000 max 0xffffffff,   target CB0 0x55c00d000: nonzero 147/1024
  target CB0 0x5637f0000: distinct 1 min 0x00000000 max 0x00000000,   target CB0 0x5637f0000: nonzero 0/1024
  target CB0 0x519df0000: distinct 1 min 0x38003800 max 0x38003800,   target CB0 0x519df0000: nonzero 1024/1024
  target CB0 0x570e65000: distinct 10 min 0x00000000 max 0xffffffff,   target CB0 0x570e65000: nonzero 12/1024
  target DB_HTILE 0x516870000: distinct 3 min 0x00000000 max 0xfffffff0,   target DB_HTILE 0x516870000: nonzero 80/1024
  target DB_Z_READ 0x5157a0000: distinct 1 min 0x3f800000 max 0x3f800000,   target DB_Z_READ 0x5157a0000: nonzero 1024/1024
  target DB_STENCIL_READ 0x5164b0000: distinct 3 min 0x00000000 max 0xfffffff0,   target DB_STENCIL_READ 0x5164b0000: nonzero 881/1024
  target CB0 0x511650000: distinct 1 min 0x00000000 max 0x00000000,   target CB0 0x511650000: nonzero 0/1024
  target CB0 0x570e08000: distinct 11 min 0x00000000 max 0xffffffff,   target CB0 0x570e08000: nonzero 60/1024
  target CB0 0x570e11000: distinct 11 min 0x00000000 max 0xffffffff,   target CB0 0x570e11000: nonzero 51/1024
  target CB0 0x513d80000: distinct 1 min 0x00000000 max 0x00000000,   target CB0 0x513d80000: nonzero 0/1024
  target CB0 0x570e3e000: distinct 10 min 0x00000000 max 0xffffffff,   target CB0 0x570e3e000: nonzero 21/1024
  target DB_HTILE 0x55c050000: distinct 3 min 0x00000000 max 0xffffffff,   target DB_HTILE 0x55c050000: nonzero 144/1024
  target DB_Z_READ 0x527430000: distinct 1 min 0xffffffff max 0xffffffff,   target DB_Z_READ 0x527430000: nonzero 1024/1024
timing: t 6.625 s flip 1/0, VideoOutSubmitFlip took 0.0 ms
swapped pages taken as resident so far: 0
vmas 107 total 13075.0 MiB resident 2873.2 MiB mapped 2873.2 MiB
hint CB0 0x570df9000: window 0x56edf0000+0x4000000, mapped +0.0 MiB
hint CB0 0x570e47000: window 0x56ee40000+0x4000000, mapped +0.0 MiB
hint CB0 0x53e430000: window 0x53c430000+0x4000000, mapped +0.0 MiB
hint CB0 0x570f92000: window 0x56ef90000+0x4000000, mapped +1.2 MiB
hint CB0 0x53fa40000: window 0x53da40000+0x4000000, mapped +0.0 MiB
hint CB0 0x540120000: window 0x53e120000+0x4000000, mapped +0.0 MiB
hint CB0 0x53e020000: window 0x53c020000+0x4000000, mapped +0.0 MiB
hint CB0 0x570fdb000: window 0x56efd0000+0x4000000, mapped +0.2 MiB
hint CB0 0x571137000: window 0x56f130000+0x4000000, mapped +1.4 MiB
hint CB0 0x53d8a0000: window 0x53b8a0000+0x4000000, mapped +0.0 MiB
hint CB0 0x57114f000: window 0x56f140000+0x4000000, mapped +0.1 MiB
hint CB0 0x53db20000: window 0x53bb20000+0x4000000, mapped +0.0 MiB
hint CB0 0x571153000: window 0x56f150000+0x4000000, mapped +0.1 MiB
hint CB0 0x53f100000: window 0x53d100000+0x4000000, mapped +0.0 MiB
hint CB0 0x53dbe0000: window 0x53bbe0000+0x4000000, mapped +0.0 MiB
hint CB0 0x53dc20000: window 0x53bc20000+0x4000000, mapped +0.0 MiB
hint CB0 0x53f1c0000: window 0x53d1c0000+0x4000000, mapped +0.0 MiB
hint CB0 0x53f1d0000: window 0x53d1d0000+0x4000000, mapped +0.0 MiB
hint CB0 0x53e890000: window 0x53c890000+0x4000000, mapped +0.0 MiB
hint CB0 0x571017000: window 0x56f010000+0x4000000, mapped +0.0 MiB
  indirect op 16 at 1246: base 0x5074063c0 +0x0 -> 1 1 1 0 0
  indirect op 16 at 1278: base 0x5074063e0 +0x0 -> 1 1 1 0 0
  indirect op 16 at 1310: base 0x50740a520 +0x0 -> 1 1 1 0 0
  indirect op 16 at 1342: base 0x50740a540 +0x0 -> 1 1 1 0 0
  indirect op 25 at 4584: base 0x56ddaffa0 +0x0 -> 1 512 0 0 0
submit #271 dcb 9774 dwords at 0x502e02500: pass 651 rewrite 493 drop 432 unmapped 1 cc 8 mappings 1263 ... OK rc 0 19.90 ms
timing: #271 done at t 6.667 s, 29.7 ms after the sync and hints
state stack #271: push 4 pop 4 conditional 1 unmatched 0; restored 3684 regs (+3748 dwords); tables 40, unreadable 0
swapped pages taken as resident so far: 0
vmas 107 total 13075.0 MiB resident 2879.9 MiB mapped 2880.0 MiB
submit #272 acb 2 dwords at 0xfe003a200: pass 1 rewrite 0 drop 0 unmapped 0 cc 0 mappings 1267 ... OK rc 0 16.08 ms
timing: #272 done at t 6.696 s, 17.4 ms after the sync and hints
swapped pages taken as resident so far: 0
vmas 107 total 13075.0 MiB resident 2882.0 MiB mapped 2882.1 MiB
submit #273 acb 49 dwords at 0x400346a5c: pass 2 rewrite 3 drop 3 unmapped 0 cc 0 mappings 1270 ... OK rc 0 16.04 ms
timing: #273 done at t 6.724 s, 17.4 ms after the sync and hints
swapped pages taken as resident so far: 0
vmas 107 total 13075.0 MiB resident 2885.1 MiB mapped 2885.2 MiB
submit #274 cc 3 dwords at 0x313b17cf4: pass 0 rewrite 1 drop 0 unmapped 0 cc 1 mappings 1273 ... OK rc 0 16.90 ms
timing: #274 done at t 6.755 s, 18.2 ms after the sync and hints
swapped pages taken as resident so far: 0
vmas 107 total 13075.0 MiB resident 2887.2 MiB mapped 2887.3 MiB
submit #275 hib 150 dwords at 0xfe0000000: pass 12 rewrite 2 drop 2 unmapped 0 cc 2 mappings 1278 ... OK rc 0 16.87 ms
timing: #275 done at t 6.785 s, 18.5 ms after the sync and hints
swapped pages taken as resident so far: 0
vmas 107 total 13075.0 MiB resident 2887.9 MiB mapped 2887.9 MiB
submit #276 hib 2 dwords at 0xfe003a200: pass 1 rewrite 0 drop 0 unmapped 0 cc 0 mappings 1282 ... OK rc 0 15.83 ms
timing: #276 done at t 6.813 s, 17.2 ms after the sync and hints
swapped pages taken as resident so far: 0
vmas 107 total 13075.0 MiB resident 2889.8 MiB mapped 2889.8 MiB
submit #277 dcb 96 dwords at 0xfe0042920: pass 20 rewrite 2 drop 2 unmapped 0 cc 0 mappings 1284 ... OK rc 0 15.80 ms
timing: #277 done at t 6.841 s, 17.4 ms after the sync and hints
swapped pages taken as resident so far: 0
vmas 107 total 13075.0 MiB resident 2891.7 MiB mapped 2891.8 MiB
submit #278 dcb 2647 dwords at 0x503502500: pass 236 rewrite 123 drop 120 unmapped 0 cc 4 mappings 1287 ... OK rc 0 18.82 ms
timing: #278 done at t 6.877 s, 24.2 ms after the sync and hints
state stack #278: push 2 pop 2 conditional 1 unmatched 0; restored 1842 regs (+1874 dwords); tables 13, unreadable 0
swapped pages taken as resident so far: 0
vmas 107 total 13075.0 MiB resident 2895.6 MiB mapped 2895.7 MiB
submit #279 acb 2 dwords at 0xfe003a200: pass 1 rewrite 0 drop 0 unmapped 0 cc 0 mappings 1290 ... OK rc 0 15.48 ms
timing: #279 done at t 6.905 s, 16.8 ms after the sync and hints
swapped pages taken as resident so far: 0
vmas 107 total 13075.0 MiB resident 2900.1 MiB mapped 2900.2 MiB
submit #280 dcb 851 dwords at 0x505602500: pass 47 rewrite 55 drop 45 unmapped 0 cc 0 mappings 1292 ... OK rc 0 19.04 ms
timing: #280 done at t 6.937 s, 20.9 ms after the sync and hints
swapped pages taken as resident so far: 0
vmas 107 total 13075.0 MiB resident 2908.2 MiB mapped 2908.2 MiB
submit #281 acb 463 dwords at 0x4003e6740: pass 43 rewrite 11 drop 27 unmapped 0 cc 0 mappings 1293 ... OK rc 0 15.83 ms
timing: #281 done at t 6.965 s, 17.2 ms after the sync and hints
swapped pages taken as resident so far: 0
vmas 107 total 13075.0 MiB resident 2917.6 MiB mapped 2917.6 MiB
submit #282 dcb 798 dwords at 0x506202500: pass 103 rewrite 35 drop 22 unmapped 0 cc 6 mappings 1294 ... acb head: 1287 of 1336 dwords go ahead of the wait at 1287 on 0x400202380
OK rc 0 16.27 ms
timing: #282 done at t 6.999 s, 20.3 ms after the sync and hints
state stack #282: push 3 pop 3 conditional 1 unmatched 0; restored 2763 regs (+2811 dwords); tables 17, unreadable 0
swapped pages taken as resident so far: 0
vmas 107 total 13075.0 MiB resident 2919.2 MiB mapped 2919.4 MiB
submit #283 acb 1287 dwords at 0x400205540: pass 118 rewrite 35 drop 63 unmapped 0 cc 0 mappings 1299 ... OK rc 0 16.68 ms
timing: #283 done at t 7.028 s, 18.2 ms after the sync and hints
swapped pages taken as resident so far: 0
vmas 107 total 13075.0 MiB resident 2924.8 MiB mapped 2924.9 MiB
submit #284 dcb 1248 dwords at 0x504a02500: pass 151 rewrite 46 drop 45 unmapped 0 cc 6 mappings 1301 ... OK rc 0 16.54 ms
timing: #284 done at t 7.060 s, 19.8 ms after the sync and hints
state stack #284: push 3 pop 3 conditional 1 unmatched 0; restored 2763 regs (+2811 dwords); tables 11, unreadable 0
flip 1/1 buffer 0x5093f0000 +0x1fe0000: sum 0x17ea65194594 nonzero 8100/8160 pattern 0
  target CB0 0x507410000: distinct 53 min 0xc0000000 max 0xc340d034,   target CB0 0x507410000: nonzero 1024/1024
  target CB0 0x563800000: distinct 1 min 0x00000000 max 0x00000000,   target CB0 0x563800000: nonzero 0/1024
  target CB0 0x55c00d000: distinct 4 min 0x00000000 max 0xffffffff,   target CB0 0x55c00d000: nonzero 147/1024
  target CB0 0x5637f0000: distinct 1 min 0x00000000 max 0x00000000,   target CB0 0x5637f0000: nonzero 0/1024
  target CB0 0x519df0000: distinct 1 min 0x38003800 max 0x38003800,   target CB0 0x519df0000: nonzero 1024/1024
  target CB0 0x570e65000: distinct 12 min 0x00000000 max 0xffffffff,   target CB0 0x570e65000: nonzero 129/1024
  target DB_HTILE 0x516870000: distinct 3 min 0x00000000 max 0xfffffff0,   target DB_HTILE 0x516870000: nonzero 80/1024
  target DB_Z_READ 0x5157a0000: distinct 1 min 0x3f800000 max 0x3f800000,   target DB_Z_READ 0x5157a0000: nonzero 1024/1024
  target DB_STENCIL_READ 0x5164b0000: distinct 3 min 0x00000000 max 0xfffffff0,   target DB_STENCIL_READ 0x5164b0000: nonzero 881/1024
  target CB0 0x511650000: distinct 1 min 0x00000000 max 0x00000000,   target CB0 0x511650000: nonzero 0/1024
  target CB0 0x570e08000: distinct 13 min 0x00000000 max 0xffffffff,   target CB0 0x570e08000: nonzero 177/1024
  target CB0 0x570e11000: distinct 13 min 0x00000000 max 0xffffffff,   target CB0 0x570e11000: nonzero 168/1024
  target CB0 0x513d80000: distinct 1 min 0x00000000 max 0x00000000,   target CB0 0x513d80000: nonzero 0/1024
  target CB0 0x570e3e000: distinct 12 min 0x00000000 max 0xffffffff,   target CB0 0x570e3e000: nonzero 138/1024
  target DB_HTILE 0x55c050000: distinct 3 min 0x00000000 max 0xffffffff,   target DB_HTILE 0x55c050000: nonzero 144/1024
  target DB_Z_READ 0x527430000: distinct 1 min 0xffffffff max 0xffffffff,   target DB_Z_READ 0x527430000: nonzero 1024/1024
timing: t 7.061 s flip 1/1, VideoOutSubmitFlip took 0.0 ms
swapped pages taken as resident so far: 0
vmas 107 total 13075.0 MiB resident 2930.3 MiB mapped 2930.4 MiB
  indirect op 16 at 1246: base 0x5074063c0 +0x0 -> 1 1 1 0 0
  indirect op 16 at 1278: base 0x5074063e0 +0x0 -> 1 1 1 0 0
  indirect op 16 at 1310: base 0x50740a520 +0x0 -> 1 1 1 0 0
  indirect op 16 at 1342: base 0x50740a540 +0x0 -> 1 1 1 0 0
  indirect op 25 at 4584: base 0x56ddaffa0 +0x0 -> 1 512 0 0 0
submit #285 dcb 9774 dwords at 0x502002500: pass 651 rewrite 493 drop 432 unmapped 1 cc 8 mappings 1303 ... OK rc 0 19.45 ms
timing: #285 done at t 7.101 s, 28.9 ms after the sync and hints
state stack #285: push 4 pop 4 conditional 1 unmatched 0; restored 3684 regs (+3748 dwords); tables 40, unreadable 0
swapped pages taken as resident so far: 0
vmas 107 total 13075.0 MiB resident 2938.7 MiB mapped 2938.7 MiB
submit #286 acb 2 dwords at 0xfe003a200: pass 1 rewrite 0 drop 0 unmapped 0 cc 0 mappings 1305 ... OK rc 0 15.71 ms
timing: #286 done at t 7.129 s, 17.0 ms after the sync and hints
swapped pages taken as resident so far: 0
vmas 107 total 13075.0 MiB resident 2941.6 MiB mapped 2941.7 MiB
submit #287 acb 49 dwords at 0x40020695c: pass 2 rewrite 3 drop 3 unmapped 0 cc 0 mappings 1307 ... OK rc 0 15.72 ms
timing: #287 done at t 7.156 s, 17.1 ms after the sync and hints
swapped pages taken as resident so far: 0
vmas 107 total 13075.0 MiB resident 2953.4 MiB mapped 2953.4 MiB
submit #288 cc 3 dwords at 0x313b17cf4: pass 0 rewrite 1 drop 0 unmapped 0 cc 1 mappings 1308 ... OK rc 0 19.19 ms
timing: #288 done at t 7.189 s, 20.6 ms after the sync and hints
swapped pages taken as resident so far: 0
vmas 107 total 13075.0 MiB resident 2958.9 MiB mapped 2958.9 MiB
submit #289 hib 150 dwords at 0xfe0000000: pass 12 rewrite 2 drop 2 unmapped 0 cc 2 mappings 1309 ... OK rc 0 16.19 ms
timing: #289 done at t 7.219 s, 17.9 ms after the sync and hints
swapped pages taken as resident so far: 0
vmas 107 total 13075.0 MiB resident 2964.3 MiB mapped 2964.3 MiB
submit #290 hib 2 dwords at 0xfe003a200: pass 1 rewrite 0 drop 0 unmapped 0 cc 0 mappings 1310 ... OK rc 0 16.34 ms
timing: #290 done at t 7.249 s, 17.8 ms after the sync and hints
swapped pages taken as resident so far: 0
vmas 107 total 13075.0 MiB resident 2968.3 MiB mapped 2968.4 MiB
submit #291 dcb 96 dwords at 0xfe0042920: pass 20 rewrite 2 drop 2 unmapped 0 cc 0 mappings 1312 ... OK rc 0 16.16 ms
timing: #291 done at t 7.277 s, 17.8 ms after the sync and hints
swapped pages taken as resident so far: 0
vmas 107 total 13075.0 MiB resident 2976.4 MiB mapped 2976.4 MiB
submit #292 dcb 2647 dwords at 0x503c02500: pass 236 rewrite 123 drop 120 unmapped 0 cc 4 mappings 1313 ... OK rc 0 17.11 ms
timing: #292 done at t 7.309 s, 20.9 ms after the sync and hints
state stack #292: push 2 pop 2 conditional 1 unmatched 0; restored 1842 regs (+1874 dwords); tables 13, unreadable 0
swapped pages taken as resident so far: 0
vmas 107 total 13075.0 MiB resident 2985.8 MiB mapped 2985.8 MiB
submit #293 dcb 851 dwords at 0x505a02500: pass 47 rewrite 55 drop 45 unmapped 0 cc 0 mappings 1314 ... OK rc 0 16.48 ms
timing: #293 done at t 7.339 s, 18.3 ms after the sync and hints
swapped pages taken as resident so far: 0
vmas 107 total 13075.0 MiB resident 2993.8 MiB mapped 2993.8 MiB
submit #294 acb 2 dwords at 0xfe003a200: pass 1 rewrite 0 drop 0 unmapped 0 cc 0 mappings 1315 ... OK rc 0 16.40 ms
timing: #294 done at t 7.367 s, 17.8 ms after the sync and hints
swapped pages taken as resident so far: 0
vmas 107 total 13075.0 MiB resident 3001.8 MiB mapped 3001.8 MiB
submit #295 acb 463 dwords at 0x4004867c0: pass 43 rewrite 11 drop 27 unmapped 0 cc 0 mappings 1316 ... OK rc 0 16.55 ms
timing: #295 done at t 7.396 s, 17.9 ms after the sync and hints
swapped pages taken as resident so far: 0
vmas 107 total 13075.0 MiB resident 3007.5 MiB mapped 3007.5 MiB
submit #296 dcb 798 dwords at 0x506802500: pass 103 rewrite 35 drop 22 unmapped 0 cc 6 mappings 1317 ... acb head: 1287 of 1336 dwords go ahead of the wait at 1287 on 0x400202f80
OK rc 0 18.17 ms
timing: #296 done at t 7.430 s, 22.5 ms after the sync and hints
state stack #296: push 3 pop 3 conditional 1 unmatched 0; restored 2763 regs (+2811 dwords); tables 17, unreadable 0
swapped pages taken as resident so far: 0
vmas 107 total 13075.0 MiB resident 3008.1 MiB mapped 3008.2 MiB
submit #297 acb 1287 dwords at 0x4002a55c0: pass 118 rewrite 35 drop 63 unmapped 0 cc 0 mappings 1320 ... OK rc 0 16.83 ms
timing: #297 done at t 7.459 s, 18.2 ms after the sync and hints
swapped pages taken as resident so far: 0
vmas 107 total 13075.0 MiB resident 3013.1 MiB mapped 3013.1 MiB
submit #298 dcb 1248 dwords at 0x504e02500: pass 151 rewrite 46 drop 45 unmapped 0 cc 6 mappings 1322 ... OK rc 0 16.94 ms
timing: #298 done at t 7.490 s, 20.1 ms after the sync and hints
state stack #298: push 3 pop 3 conditional 1 unmatched 0; restored 2763 regs (+2811 dwords); tables 11, unreadable 0
flip 1/0 buffer 0x507410000 +0x1fe0000: sum 0x17ea65194594 nonzero 8100/8160 pattern 0
  target CB0 0x5093f0000: distinct 53 min 0xc0000000 max 0xc340d034,   target CB0 0x5093f0000: nonzero 1024/1024
  target CB0 0x563800000: distinct 1 min 0x00000000 max 0x00000000,   target CB0 0x563800000: nonzero 0/1024
  target CB0 0x55c00d000: distinct 4 min 0x00000000 max 0xffffffff,   target CB0 0x55c00d000: nonzero 147/1024
  target CB0 0x5637f0000: distinct 1 min 0x00000000 max 0x00000000,   target CB0 0x5637f0000: nonzero 0/1024
  target CB0 0x519df0000: distinct 1 min 0x38003800 max 0x38003800,   target CB0 0x519df0000: nonzero 1024/1024
  target CB0 0x570e65000: distinct 12 min 0x00000000 max 0xffffffff,   target CB0 0x570e65000: nonzero 129/1024
  target DB_HTILE 0x516870000: distinct 3 min 0x00000000 max 0xfffffff0,   target DB_HTILE 0x516870000: nonzero 80/1024
  target DB_Z_READ 0x5157a0000: distinct 1 min 0x3f800000 max 0x3f800000,   target DB_Z_READ 0x5157a0000: nonzero 1024/1024
  target DB_STENCIL_READ 0x5164b0000: distinct 3 min 0x00000000 max 0xfffffff0,   target DB_STENCIL_READ 0x5164b0000: nonzero 881/1024
  target CB0 0x511650000: distinct 1 min 0x00000000 max 0x00000000,   target CB0 0x511650000: nonzero 0/1024
  target CB0 0x570e08000: distinct 13 min 0x00000000 max 0xffffffff,   target CB0 0x570e08000: nonzero 177/1024
  target CB0 0x570e11000: distinct 13 min 0x00000000 max 0xffffffff,   target CB0 0x570e11000: nonzero 168/1024
  target CB0 0x513d80000: distinct 1 min 0x00000000 max 0x00000000,   target CB0 0x513d80000: nonzero 0/1024
  target CB0 0x570e3e000: distinct 12 min 0x00000000 max 0xffffffff,   target CB0 0x570e3e000: nonzero 138/1024
  target DB_HTILE 0x55c050000: distinct 3 min 0x00000000 max 0xffffffff,   target DB_HTILE 0x55c050000: nonzero 144/1024
  target DB_Z_READ 0x527430000: distinct 1 min 0xffffffff max 0xffffffff,   target DB_Z_READ 0x527430000: nonzero 1024/1024
timing: t 7.491 s flip 1/0, VideoOutSubmitFlip took 0.0 ms
swapped pages taken as resident so far: 0
vmas 107 total 13075.0 MiB resident 3018.6 MiB mapped 3018.6 MiB
  indirect op 16 at 1246: base 0x5074063c0 +0x0 -> 1 1 1 0 0
  indirect op 16 at 1278: base 0x5074063e0 +0x0 -> 1 1 1 0 0
  indirect op 16 at 1310: base 0x50740a520 +0x0 -> 1 1 1 0 0
  indirect op 16 at 1342: base 0x50740a540 +0x0 -> 1 1 1 0 0
  indirect op 25 at 4584: base 0x56ddaffa0 +0x0 -> 1 512 0 0 0
submit #299 dcb 9774 dwords at 0x502702500: pass 651 rewrite 493 drop 432 unmapped 1 cc 8 mappings 1324 ... OK rc 0 21.73 ms
timing: #299 done at t 7.535 s, 32.3 ms after the sync and hints
state stack #299: push 4 pop 4 conditional 1 unmatched 0; restored 3684 regs (+3748 dwords); tables 40, unreadable 0
swapped pages taken as resident so far: 0
vmas 107 total 13075.0 MiB resident 3029.9 MiB mapped 3029.9 MiB
submit #300 acb 2 dwords at 0xfe003a200: pass 1 rewrite 0 drop 0 unmapped 0 cc 0 mappings 1326 ... OK rc 0 16.35 ms
timing: #300 done at t 7.564 s, 17.7 ms after the sync and hints
swapped pages taken as resident so far: 0
vmas 107 total 13075.0 MiB resident 3032.6 MiB mapped 3032.6 MiB
submit #301 acb 49 dwords at 0x4002a69dc: pass 2 rewrite 3 drop 3 unmapped 0 cc 0 mappings 1329 ... OK rc 0 16.18 ms
timing: #301 done at t 7.592 s, 17.5 ms after the sync and hints
swapped pages taken as resident so far: 0
vmas 107 total 13075.0 MiB resident 3044.6 MiB mapped 3044.6 MiB
submit #302 cc 3 dwords at 0x313b17cf4: pass 0 rewrite 1 drop 0 unmapped 0 cc 1 mappings 1330 ... OK rc 0 19.14 ms
timing: #302 done at t 7.627 s, 20.6 ms after the sync and hints
swapped pages taken as resident so far: 0
vmas 107 total 13075.0 MiB resident 3055.2 MiB mapped 3055.2 MiB
submit #303 hib 150 dwords at 0xfe0000000: pass 12 rewrite 2 drop 2 unmapped 0 cc 2 mappings 1333 ... OK rc 0 16.70 ms
timing: #303 done at t 7.657 s, 18.6 ms after the sync and hints
swapped pages taken as resident so far: 0
vmas 107 total 13075.0 MiB resident 3060.7 MiB mapped 3060.7 MiB
submit #304 hib 2 dwords at 0xfe003a200: pass 1 rewrite 0 drop 0 unmapped 0 cc 0 mappings 1335 ... OK rc 0 16.97 ms
timing: #304 done at t 7.687 s, 18.4 ms after the sync and hints
swapped pages taken as resident so far: 0
vmas 107 total 13075.0 MiB resident 3071.6 MiB mapped 3071.7 MiB
submit #305 dcb 96 dwords at 0xfe0042920: pass 20 rewrite 2 drop 2 unmapped 0 cc 0 mappings 1337 ... OK rc 0 16.84 ms
timing: #305 done at t 7.716 s, 18.5 ms after the sync and hints
swapped pages taken as resident so far: 0
vmas 107 total 13075.0 MiB resident 3078.9 MiB mapped 3079.0 MiB
submit #306 dcb 2647 dwords at 0x504302500: pass 236 rewrite 123 drop 120 unmapped 0 cc 4 mappings 1341 ... OK rc 0 17.72 ms
timing: #306 done at t 7.749 s, 21.4 ms after the sync and hints
state stack #306: push 2 pop 2 conditional 1 unmatched 0; restored 1842 regs (+1874 dwords); tables 13, unreadable 0
swapped pages taken as resident so far: 0
vmas 107 total 13075.0 MiB resident 3088.9 MiB mapped 3089.1 MiB
submit #307 dcb 851 dwords at 0x505e02500: pass 47 rewrite 55 drop 45 unmapped 0 cc 0 mappings 1346 ... OK rc 0 17.89 ms
timing: #307 done at t 7.781 s, 19.7 ms after the sync and hints
swapped pages taken as resident so far: 0
vmas 107 total 13075.0 MiB resident 3094.4 MiB mapped 3094.6 MiB
submit #308 acb 2 dwords at 0xfe003a200: pass 1 rewrite 0 drop 0 unmapped 0 cc 0 mappings 1353 ... OK rc 0 16.57 ms
timing: #308 done at t 7.811 s, 17.9 ms after the sync and hints
swapped pages taken as resident so far: 0
vmas 107 total 13075.0 MiB resident 3099.9 MiB mapped 3100.0 MiB
submit #309 acb 463 dwords at 0x400526840: pass 43 rewrite 11 drop 27 unmapped 0 cc 0 mappings 1356 ... OK rc 0 16.90 ms
timing: #309 done at t 7.840 s, 18.3 ms after the sync and hints
swapped pages taken as resident so far: 0
vmas 107 total 13075.0 MiB resident 3105.8 MiB mapped 3105.9 MiB
submit #310 dcb 798 dwords at 0x506e02500: pass 103 rewrite 35 drop 22 unmapped 0 cc 6 mappings 1358 ... acb head: 1287 of 1336 dwords go ahead of the wait at 1287 on 0x400203b80
OK rc 0 18.74 ms
timing: #310 done at t 7.873 s, 22.7 ms after the sync and hints
state stack #310: push 3 pop 3 conditional 1 unmatched 0; restored 2763 regs (+2811 dwords); tables 17, unreadable 0
swapped pages taken as resident so far: 0
vmas 107 total 13075.0 MiB resident 3107.7 MiB mapped 3107.7 MiB
submit #311 acb 1287 dwords at 0x400345640: pass 118 rewrite 35 drop 63 unmapped 0 cc 0 mappings 1359 ... OK rc 0 17.28 ms
timing: #311 done at t 7.903 s, 18.7 ms after the sync and hints
swapped pages taken as resident so far: 0
vmas 107 total 13075.0 MiB resident 3107.9 MiB mapped 3108.0 MiB
submit #312 dcb 1248 dwords at 0x505202500: pass 151 rewrite 46 drop 45 unmapped 0 cc 6 mappings 1361 ... OK rc 0 19.01 ms
timing: #312 done at t 7.938 s, 22.9 ms after the sync and hints
state stack #312: push 3 pop 3 conditional 1 unmatched 0; restored 2763 regs (+2811 dwords); tables 11, unreadable 0
flip 1/1 buffer 0x5093f0000 +0x1fe0000: sum 0x17ea65194594 nonzero 8100/8160 pattern 0
  target CB0 0x507410000: distinct 53 min 0xc0000000 max 0xc340d034,   target CB0 0x507410000: nonzero 1024/1024
  target CB0 0x563800000: distinct 1 min 0x00000000 max 0x00000000,   target CB0 0x563800000: nonzero 0/1024
  target CB0 0x55c00d000: distinct 4 min 0x00000000 max 0xffffffff,   target CB0 0x55c00d000: nonzero 147/1024
  target CB0 0x5637f0000: distinct 1 min 0x00000000 max 0x00000000,   target CB0 0x5637f0000: nonzero 0/1024
  target CB0 0x519df0000: distinct 1 min 0x38003800 max 0x38003800,   target CB0 0x519df0000: nonzero 1024/1024
  target CB0 0x570e65000: distinct 12 min 0x00000000 max 0xffffffff,   target CB0 0x570e65000: nonzero 129/1024
  target DB_HTILE 0x516870000: distinct 3 min 0x00000000 max 0xfffffff0,   target DB_HTILE 0x516870000: nonzero 80/1024
  target DB_Z_READ 0x5157a0000: distinct 1 min 0x3f800000 max 0x3f800000,   target DB_Z_READ 0x5157a0000: nonzero 1024/1024
  target DB_STENCIL_READ 0x5164b0000: distinct 3 min 0x00000000 max 0xfffffff0,   target DB_STENCIL_READ 0x5164b0000: nonzero 881/1024
  target CB0 0x511650000: distinct 1 min 0x00000000 max 0x00000000,   target CB0 0x511650000: nonzero 0/1024
  target CB0 0x570e08000: distinct 13 min 0x00000000 max 0xffffffff,   target CB0 0x570e08000: nonzero 177/1024
  target CB0 0x570e11000: distinct 13 min 0x00000000 max 0xffffffff,   target CB0 0x570e11000: nonzero 168/1024
  target CB0 0x513d80000: distinct 1 min 0x00000000 max 0x00000000,   target CB0 0x513d80000: nonzero 0/1024
  target CB0 0x570e3e000: distinct 12 min 0x00000000 max 0xffffffff,   target CB0 0x570e3e000: nonzero 138/1024
  target DB_HTILE 0x55c050000: distinct 3 min 0x00000000 max 0xffffffff,   target DB_HTILE 0x55c050000: nonzero 144/1024
  target DB_Z_READ 0x527430000: distinct 1 min 0xffffffff max 0xffffffff,   target DB_Z_READ 0x527430000: nonzero 1024/1024
timing: t 7.939 s flip 1/1, VideoOutSubmitFlip took 0.0 ms
  indirect op 16 at 1246: base 0x5074063c0 +0x0 -> 1 1 1 0 0
  indirect op 16 at 1278: base 0x5074063e0 +0x0 -> 1 1 1 0 0
  indirect op 16 at 1310: base 0x50740a520 +0x0 -> 1 1 1 0 0
  indirect op 16 at 1342: base 0x50740a540 +0x0 -> 1 1 1 0 0
  indirect op 25 at 4584: base 0x56ddaffa0 +0x0 -> 1 512 0 0 0
submit #313 dcb 9774 dwords at 0x502e02500: pass 651 rewrite 493 drop 432 unmapped 1 cc 8 mappings 1361 ... OK rc 0 20.25 ms
timing: #313 done at t 7.980 s, 29.7 ms after the sync and hints
state stack #313: push 4 pop 4 conditional 1 unmatched 0; restored 3684 regs (+3748 dwords); tables 40, unreadable 0
swapped pages taken as resident so far: 0
vmas 107 total 13075.0 MiB resident 3113.7 MiB mapped 3113.8 MiB
submit #314 acb 2 dwords at 0xfe003a200: pass 1 rewrite 0 drop 0 unmapped 0 cc 0 mappings 1363 ... OK rc 0 16.65 ms
timing: #314 done at t 8.009 s, 18.0 ms after the sync and hints
swapped pages taken as resident so far: 0
vmas 107 total 13075.0 MiB resident 3121.8 MiB mapped 3121.8 MiB
submit #315 acb 49 dwords at 0x400346a5c: pass 2 rewrite 3 drop 3 unmapped 0 cc 0 mappings 1366 ... OK rc 0 16.63 ms
timing: #315 done at t 8.038 s, 18.0 ms after the sync and hints
swapped pages taken as resident so far: 0
vmas 107 total 13075.0 MiB resident 3123.2 MiB mapped 3123.2 MiB
submit #316 cc 3 dwords at 0x313b17cf4: pass 0 rewrite 1 drop 0 unmapped 0 cc 1 mappings 1367 ... OK rc 0 17.31 ms
timing: #316 done at t 8.068 s, 18.7 ms after the sync and hints
swapped pages taken as resident so far: 0
vmas 107 total 13075.0 MiB resident 3123.5 MiB mapped 3123.5 MiB
submit #317 hib 150 dwords at 0xfe0000000: pass 12 rewrite 2 drop 2 unmapped 0 cc 2 mappings 1369 ... OK rc 0 17.07 ms
timing: #317 done at t 8.098 s, 18.8 ms after the sync and hints
swapped pages taken as resident so far: 0
vmas 107 total 13075.0 MiB resident 3131.5 MiB mapped 3131.5 MiB
submit #318 hib 2 dwords at 0xfe003a200: pass 1 rewrite 0 drop 0 unmapped 0 cc 0 mappings 1370 ... OK rc 0 17.41 ms
timing: #318 done at t 8.128 s, 18.8 ms after the sync and hints
swapped pages taken as resident so far: 0
vmas 107 total 13075.0 MiB resident 3138.0 MiB mapped 3138.0 MiB
submit #319 dcb 96 dwords at 0xfe0042920: pass 20 rewrite 2 drop 2 unmapped 0 cc 0 mappings 1372 ... OK rc 0 16.88 ms
timing: #319 done at t 8.158 s, 18.5 ms after the sync and hints
swapped pages taken as resident so far: 0
vmas 107 total 13075.0 MiB resident 3138.7 MiB mapped 3138.8 MiB
submit #320 dcb 2647 dwords at 0x503502500: pass 236 rewrite 123 drop 120 unmapped 0 cc 4 mappings 1374 ... OK rc 0 17.16 ms
timing: #320 done at t 8.190 s, 21.0 ms after the sync and hints
state stack #320: push 2 pop 2 conditional 1 unmatched 0; restored 1842 regs (+1874 dwords); tables 13, unreadable 0
swapped pages taken as resident so far: 0
vmas 107 total 13075.0 MiB resident 3139.3 MiB mapped 3139.3 MiB
submit #321 dcb 851 dwords at 0x505602500: pass 47 rewrite 55 drop 45 unmapped 0 cc 0 mappings 1375 ... OK rc 0 19.41 ms
timing: #321 done at t 8.223 s, 21.6 ms after the sync and hints
submit #322 acb 2 dwords at 0xfe003a200: pass 1 rewrite 0 drop 0 unmapped 0 cc 0 mappings 1375 ... OK rc 0 17.10 ms
timing: #322 done at t 8.252 s, 18.5 ms after the sync and hints
swapped pages taken as resident so far: 0
vmas 107 total 13075.0 MiB resident 3141.4 MiB mapped 3141.4 MiB
submit #323 acb 463 dwords at 0x4003e6740: pass 43 rewrite 11 drop 27 unmapped 0 cc 0 mappings 1376 ... OK rc 0 17.21 ms
timing: #323 done at t 8.281 s, 18.6 ms after the sync and hints
swapped pages taken as resident so far: 0
vmas 107 total 13075.0 MiB resident 3141.5 MiB mapped 3141.5 MiB
submit #324 dcb 798 dwords at 0x506202500: pass 103 rewrite 35 drop 22 unmapped 0 cc 6 mappings 1377 ... acb head: 1287 of 1336 dwords go ahead of the wait at 1287 on 0x400202380
OK rc 0 17.14 ms
timing: #324 done at t 8.313 s, 21.1 ms after the sync and hints
state stack #324: push 3 pop 3 conditional 1 unmatched 0; restored 2763 regs (+2811 dwords); tables 17, unreadable 0
swapped pages taken as resident so far: 0
vmas 107 total 13075.0 MiB resident 3141.5 MiB mapped 3141.6 MiB
submit #325 acb 1287 dwords at 0x400205540: pass 118 rewrite 35 drop 63 unmapped 0 cc 0 mappings 1379 ... OK rc 0 17.59 ms
timing: #325 done at t 8.343 s, 19.0 ms after the sync and hints
swapped pages taken as resident so far: 0
vmas 107 total 13075.0 MiB resident 3141.6 MiB mapped 3141.7 MiB
submit #326 dcb 1248 dwords at 0x504a02500: pass 151 rewrite 46 drop 45 unmapped 0 cc 6 mappings 1380 ... OK rc 0 17.45 ms
timing: #326 done at t 8.375 s, 20.7 ms after the sync and hints
state stack #326: push 3 pop 3 conditional 1 unmatched 0; restored 2763 regs (+2811 dwords); tables 11, unreadable 0
flip 1/0 buffer 0x507410000 +0x1fe0000: sum 0x17ea65194594 nonzero 8100/8160 pattern 0
  target CB0 0x5093f0000: distinct 53 min 0xc0000000 max 0xc340d034,   target CB0 0x5093f0000: nonzero 1024/1024
  target CB0 0x563800000: distinct 1 min 0x00000000 max 0x00000000,   target CB0 0x563800000: nonzero 0/1024
  target CB0 0x55c00d000: distinct 4 min 0x00000000 max 0xffffffff,   target CB0 0x55c00d000: nonzero 147/1024
  target CB0 0x5637f0000: distinct 1 min 0x00000000 max 0x00000000,   target CB0 0x5637f0000: nonzero 0/1024
  target CB0 0x519df0000: distinct 1 min 0x38003800 max 0x38003800,   target CB0 0x519df0000: nonzero 1024/1024
  target CB0 0x570e65000: distinct 12 min 0x00000000 max 0xffffffff,   target CB0 0x570e65000: nonzero 129/1024
  target DB_HTILE 0x516870000: distinct 3 min 0x00000000 max 0xfffffff0,   target DB_HTILE 0x516870000: nonzero 80/1024
  target DB_Z_READ 0x5157a0000: distinct 1 min 0x3f800000 max 0x3f800000,   target DB_Z_READ 0x5157a0000: nonzero 1024/1024
  target DB_STENCIL_READ 0x5164b0000: distinct 3 min 0x00000000 max 0xfffffff0,   target DB_STENCIL_READ 0x5164b0000: nonzero 881/1024
  target CB0 0x511650000: distinct 1 min 0x00000000 max 0x00000000,   target CB0 0x511650000: nonzero 0/1024
  target CB0 0x570e08000: distinct 13 min 0x00000000 max 0xffffffff,   target CB0 0x570e08000: nonzero 177/1024
  target CB0 0x570e11000: distinct 13 min 0x00000000 max 0xffffffff,   target CB0 0x570e11000: nonzero 168/1024
  target CB0 0x513d80000: distinct 1 min 0x00000000 max 0x00000000,   target CB0 0x513d80000: nonzero 0/1024
  target CB0 0x570e3e000: distinct 12 min 0x00000000 max 0xffffffff,   target CB0 0x570e3e000: nonzero 138/1024
  target DB_HTILE 0x55c050000: distinct 3 min 0x00000000 max 0xffffffff,   target DB_HTILE 0x55c050000: nonzero 144/1024
  target DB_Z_READ 0x527430000: distinct 1 min 0xffffffff max 0xffffffff,   target DB_Z_READ 0x527430000: nonzero 1024/1024
timing: t 8.376 s flip 1/0, VideoOutSubmitFlip took 0.0 ms
swapped pages taken as resident so far: 0
vmas 107 total 13075.0 MiB resident 3141.7 MiB mapped 3141.7 MiB
  indirect op 16 at 1246: base 0x5074063c0 +0x0 -> 1 1 1 0 0
  indirect op 16 at 1278: base 0x5074063e0 +0x0 -> 1 1 1 0 0
  indirect op 16 at 1310: base 0x50740a520 +0x0 -> 1 1 1 0 0
  indirect op 16 at 1342: base 0x50740a540 +0x0 -> 1 1 1 0 0
  indirect op 25 at 4584: base 0x56ddaffa0 +0x0 -> 1 512 0 0 0
submit #327 dcb 9774 dwords at 0x502002500: pass 651 rewrite 493 drop 432 unmapped 1 cc 8 mappings 1381 ... OK rc 0 20.83 ms
timing: #327 done at t 8.418 s, 31.0 ms after the sync and hints
state stack #327: push 4 pop 4 conditional 1 unmatched 0; restored 3684 regs (+3748 dwords); tables 40, unreadable 0
swapped pages taken as resident so far: 0
vmas 107 total 13075.0 MiB resident 3141.9 MiB mapped 3141.9 MiB
submit #328 acb 2 dwords at 0xfe003a200: pass 1 rewrite 0 drop 0 unmapped 0 cc 0 mappings 1383 ... OK rc 0 17.46 ms
timing: #328 done at t 8.449 s, 19.3 ms after the sync and hints
swapped pages taken as resident so far: 0
vmas 107 total 13075.0 MiB resident 3147.5 MiB mapped 3147.5 MiB
submit #329 acb 49 dwords at 0x40020695c: pass 2 rewrite 3 drop 3 unmapped 0 cc 0 mappings 1386 ... OK rc 0 17.12 ms
timing: #329 done at t 8.478 s, 18.5 ms after the sync and hints
swapped pages taken as resident so far: 0
vmas 107 total 13075.0 MiB resident 3156.6 MiB mapped 3156.6 MiB
submit #330 cc 3 dwords at 0x313b17cf4: pass 0 rewrite 1 drop 0 unmapped 0 cc 1 mappings 1387 ... OK rc 0 17.24 ms
timing: #330 done at t 8.508 s, 18.6 ms after the sync and hints
swapped pages taken as resident so far: 0
vmas 107 total 13075.0 MiB resident 3165.0 MiB mapped 3165.0 MiB
submit #331 hib 150 dwords at 0xfe0000000: pass 12 rewrite 2 drop 2 unmapped 0 cc 2 mappings 1388 ... OK rc 0 17.10 ms
timing: #331 done at t 8.537 s, 18.7 ms after the sync and hints
swapped pages taken as resident so far: 0
vmas 107 total 13075.0 MiB resident 3177.0 MiB mapped 3177.0 MiB
submit #332 hib 2 dwords at 0xfe003a200: pass 1 rewrite 0 drop 0 unmapped 0 cc 0 mappings 1389 ... OK rc 0 17.00 ms
timing: #332 done at t 8.567 s, 18.3 ms after the sync and hints
swapped pages taken as resident so far: 0
vmas 107 total 13075.0 MiB resident 3186.4 MiB mapped 3186.4 MiB
submit #333 dcb 96 dwords at 0xfe0042920: pass 20 rewrite 2 drop 2 unmapped 0 cc 0 mappings 1390 ... OK rc 0 17.08 ms
timing: #333 done at t 8.596 s, 18.7 ms after the sync and hints
swapped pages taken as resident so far: 0
vmas 107 total 13075.0 MiB resident 3187.0 MiB mapped 3187.0 MiB
submit #334 dcb 2647 dwords at 0x503c02500: pass 236 rewrite 123 drop 120 unmapped 0 cc 4 mappings 1392 ... OK rc 0 17.52 ms
timing: #334 done at t 8.628 s, 21.2 ms after the sync and hints
state stack #334: push 2 pop 2 conditional 1 unmatched 0; restored 1842 regs (+1874 dwords); tables 13, unreadable 0
swapped pages taken as resident so far: 0
vmas 107 total 13075.0 MiB resident 3188.2 MiB mapped 3188.3 MiB
submit #335 dcb 851 dwords at 0x505a02500: pass 47 rewrite 55 drop 45 unmapped 0 cc 0 mappings 1396 ... OK rc 0 17.51 ms
timing: #335 done at t 8.659 s, 19.3 ms after the sync and hints
swapped pages taken as resident so far: 0
vmas 107 total 13075.0 MiB resident 3192.4 MiB mapped 3192.5 MiB
submit #336 acb 2 dwords at 0xfe003a200: pass 1 rewrite 0 drop 0 unmapped 0 cc 0 mappings 1399 ... OK rc 0 17.33 ms
timing: #336 done at t 8.689 s, 18.7 ms after the sync and hints
swapped pages taken as resident so far: 0
vmas 107 total 13075.0 MiB resident 3196.9 MiB mapped 3197.0 MiB
submit #337 acb 463 dwords at 0x4004867c0: pass 43 rewrite 11 drop 27 unmapped 0 cc 0 mappings 1402 ... OK rc 0 17.53 ms
timing: #337 done at t 8.718 s, 18.9 ms after the sync and hints
submit #338 dcb 798 dwords at 0x506802500: pass 103 rewrite 35 drop 22 unmapped 0 cc 6 mappings 1402 ... acb head: 1287 of 1336 dwords go ahead of the wait at 1287 on 0x400202f80
OK rc 0 17.50 ms
timing: #338 done at t 8.751 s, 21.6 ms after the sync and hints
state stack #338: push 3 pop 3 conditional 1 unmatched 0; restored 2763 regs (+2811 dwords); tables 17, unreadable 0
swapped pages taken as resident so far: 0
vmas 107 total 13075.0 MiB resident 3197.2 MiB mapped 3197.2 MiB
submit #339 acb 1287 dwords at 0x4002a55c0: pass 118 rewrite 35 drop 63 unmapped 0 cc 0 mappings 1403 ... OK rc 0 17.75 ms
timing: #339 done at t 8.781 s, 19.2 ms after the sync and hints
swapped pages taken as resident so far: 0
vmas 107 total 13075.0 MiB resident 3197.7 MiB mapped 3197.7 MiB
submit #340 dcb 1248 dwords at 0x504e02500: pass 151 rewrite 46 drop 45 unmapped 0 cc 6 mappings 1404 ... OK rc 0 17.64 ms
timing: #340 done at t 8.812 s, 20.7 ms after the sync and hints
state stack #340: push 3 pop 3 conditional 1 unmatched 0; restored 2763 regs (+2811 dwords); tables 11, unreadable 0
flip 1/1 buffer 0x5093f0000 +0x1fe0000: sum 0x17ea65194594 nonzero 8100/8160 pattern 0
  target CB0 0x507410000: distinct 53 min 0xc0000000 max 0xc340d034,   target CB0 0x507410000: nonzero 1024/1024
  target CB0 0x563800000: distinct 1 min 0x00000000 max 0x00000000,   target CB0 0x563800000: nonzero 0/1024
  target CB0 0x55c00d000: distinct 4 min 0x00000000 max 0xffffffff,   target CB0 0x55c00d000: nonzero 147/1024
  target CB0 0x5637f0000: distinct 1 min 0x00000000 max 0x00000000,   target CB0 0x5637f0000: nonzero 0/1024
  target CB0 0x519df0000: distinct 1 min 0x38003800 max 0x38003800,   target CB0 0x519df0000: nonzero 1024/1024
  target CB0 0x570e65000: distinct 12 min 0x00000000 max 0xffffffff,   target CB0 0x570e65000: nonzero 129/1024
  target DB_HTILE 0x516870000: distinct 3 min 0x00000000 max 0xfffffff0,   target DB_HTILE 0x516870000: nonzero 80/1024
  target DB_Z_READ 0x5157a0000: distinct 1 min 0x3f800000 max 0x3f800000,   target DB_Z_READ 0x5157a0000: nonzero 1024/1024
  target DB_STENCIL_READ 0x5164b0000: distinct 3 min 0x00000000 max 0xfffffff0,   target DB_STENCIL_READ 0x5164b0000: nonzero 881/1024
  target CB0 0x511650000: distinct 1 min 0x00000000 max 0x00000000,   target CB0 0x511650000: nonzero 0/1024
  target CB0 0x570e08000: distinct 13 min 0x00000000 max 0xffffffff,   target CB0 0x570e08000: nonzero 177/1024
  target CB0 0x570e11000: distinct 13 min 0x00000000 max 0xffffffff,   target CB0 0x570e11000: nonzero 168/1024
  target CB0 0x513d80000: distinct 1 min 0x00000000 max 0x00000000,   target CB0 0x513d80000: nonzero 0/1024
  target CB0 0x570e3e000: distinct 12 min 0x00000000 max 0xffffffff,   target CB0 0x570e3e000: nonzero 138/1024
  target DB_HTILE 0x55c050000: distinct 3 min 0x00000000 max 0xffffffff,   target DB_HTILE 0x55c050000: nonzero 144/1024
  target DB_Z_READ 0x527430000: distinct 1 min 0xffffffff max 0xffffffff,   target DB_Z_READ 0x527430000: nonzero 1024/1024
timing: t 8.813 s flip 1/1, VideoOutSubmitFlip took 0.0 ms
swapped pages taken as resident so far: 0
vmas 107 total 13075.0 MiB resident 3199.0 MiB mapped 3199.0 MiB
  indirect op 16 at 1246: base 0x5074063c0 +0x0 -> 1 1 1 0 0
  indirect op 16 at 1278: base 0x5074063e0 +0x0 -> 1 1 1 0 0
  indirect op 16 at 1310: base 0x50740a520 +0x0 -> 1 1 1 0 0
  indirect op 16 at 1342: base 0x50740a540 +0x0 -> 1 1 1 0 0
  indirect op 25 at 4584: base 0x56ddaffa0 +0x0 -> 1 512 0 0 0
submit #341 dcb 9774 dwords at 0x502702500: pass 651 rewrite 493 drop 432 unmapped 1 cc 8 mappings 1405 ... OK rc 0 22.30 ms
timing: #341 done at t 8.856 s, 32.1 ms after the sync and hints
state stack #341: push 4 pop 4 conditional 1 unmatched 0; restored 3684 regs (+3748 dwords); tables 40, unreadable 0
swapped pages taken as resident so far: 0
vmas 107 total 13075.0 MiB resident 3200.1 MiB mapped 3200.2 MiB
submit #342 acb 2 dwords at 0xfe003a200: pass 1 rewrite 0 drop 0 unmapped 0 cc 0 mappings 1409 ... OK rc 0 17.24 ms
timing: #342 done at t 8.886 s, 18.7 ms after the sync and hints
swapped pages taken as resident so far: 0
vmas 107 total 13075.0 MiB resident 3200.8 MiB mapped 3200.9 MiB
submit #343 acb 49 dwords at 0x4002a69dc: pass 2 rewrite 3 drop 3 unmapped 0 cc 0 mappings 1410 ... OK rc 0 17.12 ms
timing: #343 done at t 8.915 s, 18.5 ms after the sync and hints
submit #344 cc 3 dwords at 0x313b17cf4: pass 0 rewrite 1 drop 0 unmapped 0 cc 1 mappings 1410 ... OK rc 0 18.67 ms
timing: #344 done at t 8.946 s, 20.1 ms after the sync and hints
submit #345 hib 150 dwords at 0xfe0000000: pass 12 rewrite 2 drop 2 unmapped 0 cc 2 mappings 1410 ... OK rc 0 18.03 ms
timing: #345 done at t 8.977 s, 19.8 ms after the sync and hints
submit #346 hib 2 dwords at 0xfe003a200: pass 1 rewrite 0 drop 0 unmapped 0 cc 0 mappings 1410 ... OK rc 0 18.85 ms
timing: #346 done at t 9.008 s, 20.5 ms after the sync and hints
swapped pages taken as resident so far: 0
vmas 107 total 13075.0 MiB resident 3205.9 MiB mapped 3205.9 MiB
submit #347 dcb 96 dwords at 0xfe0042920: pass 20 rewrite 2 drop 2 unmapped 0 cc 0 mappings 1411 ... OK rc 0 18.53 ms
timing: #347 done at t 9.040 s, 20.2 ms after the sync and hints
swapped pages taken as resident so far: 0
vmas 107 total 13075.0 MiB resident 3206.0 MiB mapped 3206.0 MiB
hint CB0 0x53c390000: window 0x53a390000+0x4000000, mapped +0.0 MiB
hint CB0 0x57136f000: window 0x56f360000+0x4000000, mapped +2.1 MiB
hint CB0 0x5219a0000: window 0x51f9a0000+0x4000000, mapped +32.0 MiB
hint DB_HTILE 0x51c5b0000: window 0x51a5b0000+0x4000000, mapped +0.0 MiB
hint DB_Z_READ 0x51a6d0000: window 0x5186d0000+0x4000000, mapped +0.0 MiB
hint DB_STENCIL_READ 0x51bf30000: window 0x519f30000+0x4000000, mapped +0.0 MiB
submit #348 dcb 3006 dwords at 0x504302500: pass 293 rewrite 132 drop 126 unmapped 0 cc 6 mappings 1414 ... OK rc 0 20.79 ms
timing: #348 done at t 9.083 s, 25.7 ms after the sync and hints
state stack #348: push 3 pop 3 conditional 1 unmatched 0; restored 2763 regs (+2811 dwords); tables 18, unreadable 0
swapped pages taken as resident so far: 0
vmas 107 total 13075.0 MiB resident 3240.3 MiB mapped 3240.3 MiB
submit #349 dcb 851 dwords at 0x505e02500: pass 47 rewrite 55 drop 45 unmapped 0 cc 0 mappings 1415 ... OK rc 0 19.94 ms
timing: #349 done at t 9.119 s, 21.9 ms after the sync and hints
swapped pages taken as resident so far: 0
vmas 107 total 13075.0 MiB resident 3240.4 MiB mapped 3240.4 MiB
submit #350 acb 2 dwords at 0xfe003a200: pass 1 rewrite 0 drop 0 unmapped 0 cc 0 mappings 1416 ... OK rc 0 17.36 ms
timing: #350 done at t 9.150 s, 18.8 ms after the sync and hints
swapped pages taken as resident so far: 0
vmas 107 total 13075.0 MiB resident 3240.7 MiB mapped 3240.7 MiB
submit #351 acb 463 dwords at 0x400526840: pass 43 rewrite 11 drop 27 unmapped 0 cc 0 mappings 1419 ... OK rc 0 19.27 ms
timing: #351 done at t 9.182 s, 20.7 ms after the sync and hints
swapped pages taken as resident so far: 0
vmas 107 total 13075.0 MiB resident 3248.7 MiB mapped 3248.7 MiB
hint CB0 0x512cf0000: window 0x510cf0000+0x4000000, mapped +0.0 MiB
hint CB0 0x5712c1000: window 0x56f2c0000+0x4000000, mapped +0.0 MiB
hint CB0 0x5712d1000: window 0x56f2d0000+0x4000000, mapped +0.0 MiB
hint CB0 0x517610000: window 0x515610000+0x4000000, mapped +0.0 MiB
hint CB0 0x571325000: window 0x56f320000+0x4000000, mapped +0.0 MiB
submit #352 dcb 798 dwords at 0x506e02500: pass 103 rewrite 35 drop 22 unmapped 0 cc 6 mappings 1420 ... acb head: 1287 of 1336 dwords go ahead of the wait at 1287 on 0x400203b80
OK rc 0 18.36 ms
timing: #352 done at t 9.220 s, 23.4 ms after the sync and hints
state stack #352: push 3 pop 3 conditional 1 unmatched 0; restored 2763 regs (+2811 dwords); tables 17, unreadable 0
swapped pages taken as resident so far: 0
vmas 107 total 13075.0 MiB resident 3260.7 MiB mapped 3260.7 MiB
submit #353 acb 1287 dwords at 0x400345640: pass 118 rewrite 35 drop 63 unmapped 0 cc 0 mappings 1421 ... OK rc 0 19.06 ms
timing: #353 done at t 9.252 s, 20.5 ms after the sync and hints
swapped pages taken as resident so far: 0
vmas 107 total 13075.0 MiB resident 3263.9 MiB mapped 3264.0 MiB
submit #354 dcb 1248 dwords at 0x505202500: pass 151 rewrite 46 drop 45 unmapped 0 cc 6 mappings 1425 ... OK rc 0 17.64 ms
timing: #354 done at t 9.284 s, 20.8 ms after the sync and hints
state stack #354: push 3 pop 3 conditional 1 unmatched 0; restored 2763 regs (+2811 dwords); tables 11, unreadable 0
flip 1/0 buffer 0x507410000 +0x1fe0000: sum 0x17ea65194594 nonzero 8100/8160 pattern 0
  target CB0 0x57136f000: distinct 11 min 0x00000000 max 0xffffffff,   target CB0 0x57136f000: nonzero 11/1024
  target CB0 0x563800000: distinct 1 min 0x00000000 max 0x00000000,   target CB0 0x563800000: nonzero 0/1024
  target CB0 0x55c00d000: distinct 4 min 0x00000000 max 0xffffffff,   target CB0 0x55c00d000: nonzero 147/1024
  target CB0 0x5637f0000: distinct 1 min 0x00000000 max 0x00000000,   target CB0 0x5637f0000: nonzero 0/1024
  target CB0 0x5219a0000: distinct 1 min 0x38003800 max 0x38003800,   target CB0 0x5219a0000: nonzero 1024/1024
  target CB0 0x57136d000: distinct 11 min 0x00000000 max 0xffffffff,   target CB0 0x57136d000: nonzero 13/1024
  target DB_HTILE 0x51c5b0000: distinct 2 min 0x00000000 max 0xfffffff0,   target DB_HTILE 0x51c5b0000: nonzero 128/1024
  target DB_Z_READ 0x51a6d0000: distinct 1 min 0x00000000 max 0x00000000,   target DB_Z_READ 0x51a6d0000: nonzero 0/1024
  target DB_STENCIL_READ 0x51bf30000: distinct 1 min 0x80800000 max 0x80800000,   target DB_STENCIL_READ 0x51bf30000: nonzero 1024/1024
  target CB0 0x512cf0000: distinct 1 min 0x00000000 max 0x00000000,   target CB0 0x512cf0000: nonzero 0/1024
  target CB0 0x5712c1000: distinct 12 min 0x00000000 max 0xffffffff,   target CB0 0x5712c1000: nonzero 101/1024
  target CB0 0x5712d1000: distinct 12 min 0x00000000 max 0xffffffff,   target CB0 0x5712d1000: nonzero 85/1024
  target CB0 0x517610000: distinct 1 min 0x00000000 max 0x00000000,   target CB0 0x517610000: nonzero 0/1024
  target CB0 0x571325000: distinct 11 min 0x00000000 max 0xffffffff,   target CB0 0x571325000: nonzero 29/1024
  target DB_HTILE 0x55c050000: distinct 3 min 0x00000000 max 0xffffffff,   target DB_HTILE 0x55c050000: nonzero 144/1024
  target DB_Z_READ 0x527430000: distinct 1 min 0xffffffff max 0xffffffff,   target DB_Z_READ 0x527430000: nonzero 1024/1024
timing: t 9.285 s flip 1/0, VideoOutSubmitFlip took 0.0 ms
swapped pages taken as resident so far: 0
vmas 107 total 13075.0 MiB resident 3266.8 MiB mapped 3266.9 MiB
hint CB0 0x511490000: window 0x50f490000+0x4000000, mapped +0.0 MiB
hint CB0 0x5712a5000: window 0x56f2a0000+0x4000000, mapped +0.0 MiB
hint CB0 0x51c630000: window 0x51a630000+0x4000000, mapped +0.0 MiB
hint CB0 0x571335000: window 0x56f330000+0x4000000, mapped +0.0 MiB
hint CB0 0x540d20000: window 0x53ed20000+0x4000000, mapped +0.0 MiB
hint CB0 0x5714b6000: window 0x56f4b0000+0x4000000, mapped +1.3 MiB
hint CB0 0x544620000: window 0x542620000+0x4000000, mapped +38.1 MiB
hint CB0 0x5716c6000: window 0x56f6c0000+0x4000000, mapped +2.1 MiB
hint CB0 0x53f960000: window 0x53d960000+0x4000000, mapped +0.0 MiB
hint CB0 0x5716de000: window 0x56f6d0000+0x4000000, mapped +0.1 MiB
hint CB0 0x53fbe0000: window 0x53dbe0000+0x4000000, mapped +0.0 MiB
hint CB0 0x571477000: window 0x56f470000+0x4000000, mapped +0.0 MiB
hint CB0 0x53fca0000: window 0x53dca0000+0x4000000, mapped +0.0 MiB
hint CB0 0x5716e2000: window 0x56f6e0000+0x4000000, mapped +0.1 MiB
hint CB0 0x53fd60000: window 0x53dd60000+0x4000000, mapped +0.0 MiB
hint CB0 0x53fda0000: window 0x53dda0000+0x4000000, mapped +0.0 MiB
hint CB0 0x53fde0000: window 0x53dde0000+0x4000000, mapped +0.0 MiB
hint CB0 0x53fdf0000: window 0x53ddf0000+0x4000000, mapped +0.0 MiB
hint CB0 0x544e90000: window 0x542e90000+0x4000000, mapped +8.4 MiB
hint CB0 0x540660000: window 0x53e660000+0x4000000, mapped +0.0 MiB
hint CB0 0x5715a6000: window 0x56f5a0000+0x4000000, mapped +0.0 MiB
  indirect op 16 at 1246: base 0x5074063c0 +0x0 -> 1 1 1 0 0
  indirect op 16 at 1278: base 0x5074063e0 +0x0 -> 1 1 1 0 0
  indirect op 16 at 1310: base 0x50740a520 +0x0 -> 1 1 1 0 0
  indirect op 16 at 1342: base 0x50740a540 +0x0 -> 1 1 1 0 0
  indirect op 25 at 4584: base 0x56ddaffa0 +0x0 -> 1 512 0 0 0
submit #355 dcb 9089 dwords at 0x502e02500: pass 563 rewrite 485 drop 413 unmapped 1 cc 8 mappings 1432 ... OK rc 0 21.89 ms
timing: #355 done at t 9.338 s, 31.0 ms after the sync and hints
state stack #355: push 4 pop 4 conditional 1 unmatched 0; restored 3684 regs (+3748 dwords); tables 35, unreadable 0
swapped pages taken as resident so far: 0
vmas 107 total 13075.0 MiB resident 3317.1 MiB mapped 3317.1 MiB
submit #356 acb 2 dwords at 0xfe003a200: pass 1 rewrite 0 drop 0 unmapped 0 cc 0 mappings 1434 ... OK rc 0 17.76 ms
timing: #356 done at t 9.369 s, 19.1 ms after the sync and hints
submit #357 acb 49 dwords at 0x400346a5c: pass 2 rewrite 3 drop 3 unmapped 0 cc 0 mappings 1434 ... OK rc 0 18.01 ms
timing: #357 done at t 9.399 s, 19.4 ms after the sync and hints
submit #358 cc 3 dwords at 0x313b17cf4: pass 0 rewrite 1 drop 0 unmapped 0 cc 1 mappings 1434 ... OK rc 0 17.77 ms
timing: #358 done at t 9.429 s, 19.2 ms after the sync and hints
submit #359 hib 150 dwords at 0xfe0000000: pass 12 rewrite 2 drop 2 unmapped 0 cc 2 mappings 1434 ... OK rc 0 17.98 ms
timing: #359 done at t 9.459 s, 19.8 ms after the sync and hints
submit #360 hib 2 dwords at 0xfe003a200: pass 1 rewrite 0 drop 0 unmapped 0 cc 0 mappings 1434 ... OK rc 0 17.99 ms
timing: #360 done at t 9.489 s, 19.4 ms after the sync and hints
submit #361 dcb 96 dwords at 0xfe0042920: pass 20 rewrite 2 drop 2 unmapped 0 cc 0 mappings 1434 ... OK rc 0 19.36 ms
timing: #361 done at t 9.521 s, 21.1 ms after the sync and hints
submit #362 dcb 2647 dwords at 0x503502500: pass 236 rewrite 123 drop 120 unmapped 0 cc 4 mappings 1434 ... OK rc 0 18.56 ms
timing: #362 done at t 9.557 s, 22.9 ms after the sync and hints
state stack #362: push 2 pop 2 conditional 1 unmatched 0; restored 1842 regs (+1874 dwords); tables 13, unreadable 0
submit #363 dcb 851 dwords at 0x505602500: pass 47 rewrite 55 drop 45 unmapped 0 cc 0 mappings 1434 ... OK rc 0 19.64 ms
timing: #363 done at t 9.591 s, 21.5 ms after the sync and hints
swapped pages taken as resident so far: 0
vmas 107 total 13075.0 MiB resident 3320.8 MiB mapped 3320.9 MiB
submit #364 acb 2 dwords at 0xfe003a200: pass 1 rewrite 0 drop 0 unmapped 0 cc 0 mappings 1435 ... OK rc 0 18.42 ms
timing: #364 done at t 9.621 s, 19.8 ms after the sync and hints
swapped pages taken as resident so far: 0
vmas 107 total 13075.0 MiB resident 3323.3 MiB mapped 3323.4 MiB
submit #365 acb 463 dwords at 0x4003e6740: pass 43 rewrite 11 drop 27 unmapped 0 cc 0 mappings 1439 ... OK rc 0 18.26 ms
timing: #365 done at t 9.652 s, 19.7 ms after the sync and hints
swapped pages taken as resident so far: 0
vmas 107 total 13075.0 MiB resident 3330.5 MiB mapped 3330.5 MiB
submit #366 dcb 798 dwords at 0x506202500: pass 103 rewrite 35 drop 22 unmapped 0 cc 6 mappings 1444 ... acb head: 1287 of 1336 dwords go ahead of the wait at 1287 on 0x400202380
OK rc 0 19.10 ms
timing: #366 done at t 9.687 s, 23.2 ms after the sync and hints
state stack #366: push 3 pop 3 conditional 1 unmatched 0; restored 2763 regs (+2811 dwords); tables 17, unreadable 0
swapped pages taken as resident so far: 0
vmas 107 total 13075.0 MiB resident 3335.3 MiB mapped 3335.4 MiB
submit #367 acb 1287 dwords at 0x400205540: pass 118 rewrite 35 drop 63 unmapped 0 cc 0 mappings 1450 ... OK rc 0 19.12 ms
timing: #367 done at t 9.719 s, 20.6 ms after the sync and hints
swapped pages taken as resident so far: 0
vmas 107 total 13075.0 MiB resident 3339.4 MiB mapped 3339.5 MiB
submit #368 dcb 1248 dwords at 0x504a02500: pass 151 rewrite 46 drop 45 unmapped 0 cc 6 mappings 1452 ... OK rc 0 18.30 ms
timing: #368 done at t 9.752 s, 21.5 ms after the sync and hints
state stack #368: push 3 pop 3 conditional 1 unmatched 0; restored 2763 regs (+2811 dwords); tables 11, unreadable 0
flip 1/1 buffer 0x5093f0000 +0x1fe0000: sum 0x17ea65194594 nonzero 8100/8160 pattern 0
  target CB0 0x507410000: distinct 53 min 0xc0000000 max 0xc340d034,   target CB0 0x507410000: nonzero 1024/1024
  target CB0 0x563800000: distinct 1 min 0x00000000 max 0x00000000,   target CB0 0x563800000: nonzero 0/1024
  target CB0 0x55c00d000: distinct 4 min 0x00000000 max 0xffffffff,   target CB0 0x55c00d000: nonzero 147/1024
  target CB0 0x5637f0000: distinct 1 min 0x00000000 max 0x00000000,   target CB0 0x5637f0000: nonzero 0/1024
  target CB0 0x5219a0000: distinct 1 min 0x38003800 max 0x38003800,   target CB0 0x5219a0000: nonzero 1024/1024
  target CB0 0x57136d000: distinct 14 min 0x00000000 max 0xffffffff,   target CB0 0x57136d000: nonzero 156/1024
  target DB_HTILE 0x51c5b0000: distinct 2 min 0x00000000 max 0xfffffff0,   target DB_HTILE 0x51c5b0000: nonzero 128/1024
  target DB_Z_READ 0x51a6d0000: distinct 1 min 0x3f800000 max 0x3f800000,   target DB_Z_READ 0x51a6d0000: nonzero 1024/1024
  target DB_STENCIL_READ 0x51bf30000: distinct 1 min 0x80800000 max 0x80800000,   target DB_STENCIL_READ 0x51bf30000: nonzero 1024/1024
  target CB0 0x512cf0000: distinct 1 min 0x00000000 max 0x00000000,   target CB0 0x512cf0000: nonzero 0/1024
  target CB0 0x5712c1000: distinct 15 min 0x00000000 max 0xffffffff,   target CB0 0x5712c1000: nonzero 244/1024
  target CB0 0x5712d1000: distinct 15 min 0x00000000 max 0xffffffff,   target CB0 0x5712d1000: nonzero 228/1024
  target CB0 0x517610000: distinct 1 min 0x00000000 max 0x00000000,   target CB0 0x517610000: nonzero 0/1024
  target CB0 0x571325000: distinct 14 min 0x00000000 max 0xffffffff,   target CB0 0x571325000: nonzero 172/1024
  target DB_HTILE 0x55c050000: distinct 3 min 0x00000000 max 0xffffffff,   target DB_HTILE 0x55c050000: nonzero 144/1024
  target DB_Z_READ 0x527430000: distinct 1 min 0xffffffff max 0xffffffff,   target DB_Z_READ 0x527430000: nonzero 1024/1024
timing: t 9.753 s flip 1/1, VideoOutSubmitFlip took 0.0 ms
swapped pages taken as resident so far: 0
vmas 107 total 13075.0 MiB resident 3352.5 MiB mapped 3352.5 MiB
  indirect op 16 at 1246: base 0x5074063c0 +0x0 -> 1 1 1 0 0
  indirect op 16 at 1278: base 0x5074063e0 +0x0 -> 1 1 1 0 0
  indirect op 16 at 1310: base 0x50740a520 +0x0 -> 1 1 1 0 0
  indirect op 16 at 1342: base 0x50740a540 +0x0 -> 1 1 1 0 0
  indirect op 25 at 4584: base 0x56ddaffa0 +0x0 -> 1 512 0 0 0
submit #369 dcb 9089 dwords at 0x502002500: pass 563 rewrite 485 drop 413 unmapped 1 cc 8 mappings 1453 ... OK rc 0 22.41 ms
timing: #369 done at t 9.796 s, 31.1 ms after the sync and hints
state stack #369: push 4 pop 4 conditional 1 unmatched 0; restored 3684 regs (+3748 dwords); tables 35, unreadable 0
swapped pages taken as resident so far: 0
vmas 107 total 13075.0 MiB resident 3363.6 MiB mapped 3363.7 MiB
submit #370 acb 2 dwords at 0xfe003a200: pass 1 rewrite 0 drop 0 unmapped 0 cc 0 mappings 1455 ... OK rc 0 18.55 ms
timing: #370 done at t 9.827 s, 20.0 ms after the sync and hints
swapped pages taken as resident so far: 0
vmas 107 total 13075.0 MiB resident 3365.9 MiB mapped 3365.9 MiB
submit #371 acb 49 dwords at 0x40020695c: pass 2 rewrite 3 drop 3 unmapped 0 cc 0 mappings 1457 ... OK rc 0 18.29 ms
timing: #371 done at t 9.859 s, 19.7 ms after the sync and hints
swapped pages taken as resident so far: 0
vmas 107 total 13075.0 MiB resident 3376.1 MiB mapped 3376.3 MiB
submit #372 cc 3 dwords at 0x313b17cf4: pass 0 rewrite 1 drop 0 unmapped 0 cc 1 mappings 1464 ... OK rc 0 18.59 ms
timing: #372 done at t 9.891 s, 20.1 ms after the sync and hints
swapped pages taken as resident so far: 0
vmas 107 total 13075.0 MiB resident 3386.5 MiB mapped 3386.5 MiB
submit #373 hib 150 dwords at 0xfe0000000: pass 12 rewrite 2 drop 2 unmapped 0 cc 2 mappings 1466 ... OK rc 0 18.58 ms
timing: #373 done at t 9.923 s, 20.4 ms after the sync and hints
swapped pages taken as resident so far: 0
vmas 107 total 13075.0 MiB resident 3395.0 MiB mapped 3395.0 MiB
submit #374 hib 2 dwords at 0xfe003a200: pass 1 rewrite 0 drop 0 unmapped 0 cc 0 mappings 1468 ... OK rc 0 18.81 ms
timing: #374 done at t 9.955 s, 20.3 ms after the sync and hints
swapped pages taken as resident so far: 0
vmas 107 total 13075.0 MiB resident 3408.7 MiB mapped 3408.7 MiB
submit #375 dcb 96 dwords at 0xfe0042920: pass 20 rewrite 2 drop 2 unmapped 0 cc 0 mappings 1469 ... OK rc 0 18.38 ms
timing: #375 done at t 9.986 s, 20.1 ms after the sync and hints
swapped pages taken as resident so far: 0
vmas 107 total 13075.0 MiB resident 3413.2 MiB mapped 3413.3 MiB
submit #376 dcb 2647 dwords at 0x503c02500: pass 236 rewrite 123 drop 120 unmapped 0 cc 4 mappings 1474 ... OK rc 0 18.91 ms
timing: #376 done at t 10.021 s, 22.7 ms after the sync and hints
state stack #376: push 2 pop 2 conditional 1 unmatched 0; restored 1842 regs (+1874 dwords); tables 13, unreadable 0
swapped pages taken as resident so far: 0
vmas 107 total 13075.0 MiB resident 3419.9 MiB mapped 3419.9 MiB
submit #377 dcb 851 dwords at 0x505a02500: pass 47 rewrite 55 drop 45 unmapped 0 cc 0 mappings 1476 ... OK rc 0 19.15 ms
timing: #377 done at t 10.054 s, 21.1 ms after the sync and hints
swapped pages taken as resident so far: 0
vmas 107 total 13075.0 MiB resident 3437.4 MiB mapped 3437.4 MiB
submit #378 acb 2 dwords at 0xfe003a200: pass 1 rewrite 0 drop 0 unmapped 0 cc 0 mappings 1477 ... OK rc 0 22.68 ms
timing: #378 done at t 10.091 s, 24.6 ms after the sync and hints
swapped pages taken as resident so far: 0
vmas 107 total 13075.0 MiB resident 3438.4 MiB mapped 3438.4 MiB
submit #379 acb 463 dwords at 0x4004867c0: pass 43 rewrite 11 drop 27 unmapped 0 cc 0 mappings 1480 ... OK rc 0 20.63 ms
timing: #379 done at t 10.124 s, 22.1 ms after the sync and hints
swapped pages taken as resident so far: 0
vmas 107 total 13075.0 MiB resident 3449.3 MiB mapped 3449.3 MiB
submit #380 dcb 798 dwords at 0x506802500: pass 103 rewrite 35 drop 22 unmapped 0 cc 6 mappings 1481 ... acb head: 1287 of 1336 dwords go ahead of the wait at 1287 on 0x400202f80
OK rc 0 20.01 ms
timing: #380 done at t 10.161 s, 24.3 ms after the sync and hints
state stack #380: push 3 pop 3 conditional 1 unmatched 0; restored 2763 regs (+2811 dwords); tables 17, unreadable 0
swapped pages taken as resident so far: 0
vmas 107 total 13075.0 MiB resident 3457.7 MiB mapped 3457.7 MiB
submit #381 acb 1287 dwords at 0x4002a55c0: pass 118 rewrite 35 drop 63 unmapped 0 cc 0 mappings 1484 ... OK rc 0 20.07 ms
timing: #381 done at t 10.194 s, 21.6 ms after the sync and hints
swapped pages taken as resident so far: 0
vmas 107 total 13075.0 MiB resident 3463.6 MiB mapped 3463.7 MiB
submit #382 dcb 1248 dwords at 0x504e02500: pass 151 rewrite 46 drop 45 unmapped 0 cc 6 mappings 1487 ... OK rc 0 19.43 ms
timing: #382 done at t 10.229 s, 22.7 ms after the sync and hints
state stack #382: push 3 pop 3 conditional 1 unmatched 0; restored 2763 regs (+2811 dwords); tables 11, unreadable 0
flip 1/0 buffer 0x507410000 +0x1fe0000: sum 0x17ea65194594 nonzero 8100/8160 pattern 0
  target CB0 0x5093f0000: distinct 53 min 0xc0000000 max 0xc340d034,   target CB0 0x5093f0000: nonzero 1024/1024
  target CB0 0x563800000: distinct 1 min 0x00000000 max 0x00000000,   target CB0 0x563800000: nonzero 0/1024
  target CB0 0x55c00d000: distinct 4 min 0x00000000 max 0xffffffff,   target CB0 0x55c00d000: nonzero 147/1024
  target CB0 0x5637f0000: distinct 1 min 0x00000000 max 0x00000000,   target CB0 0x5637f0000: nonzero 0/1024
  target CB0 0x5219a0000: distinct 1 min 0x38003800 max 0x38003800,   target CB0 0x5219a0000: nonzero 1024/1024
  target CB0 0x57136d000: distinct 14 min 0x00000000 max 0xffffffff,   target CB0 0x57136d000: nonzero 156/1024
  target DB_HTILE 0x51c5b0000: distinct 2 min 0x00000000 max 0xfffffff0,   target DB_HTILE 0x51c5b0000: nonzero 128/1024
  target DB_Z_READ 0x51a6d0000: distinct 1 min 0x3f800000 max 0x3f800000,   target DB_Z_READ 0x51a6d0000: nonzero 1024/1024
  target DB_STENCIL_READ 0x51bf30000: distinct 1 min 0x80800000 max 0x80800000,   target DB_STENCIL_READ 0x51bf30000: nonzero 1024/1024
  target CB0 0x512cf0000: distinct 1 min 0x00000000 max 0x00000000,   target CB0 0x512cf0000: nonzero 0/1024
  target CB0 0x5712c1000: distinct 15 min 0x00000000 max 0xffffffff,   target CB0 0x5712c1000: nonzero 244/1024
  target CB0 0x5712d1000: distinct 15 min 0x00000000 max 0xffffffff,   target CB0 0x5712d1000: nonzero 228/1024
  target CB0 0x517610000: distinct 1 min 0x00000000 max 0x00000000,   target CB0 0x517610000: nonzero 0/1024
  target CB0 0x571325000: distinct 14 min 0x00000000 max 0xffffffff,   target CB0 0x571325000: nonzero 172/1024
  target DB_HTILE 0x55c050000: distinct 3 min 0x00000000 max 0xffffffff,   target DB_HTILE 0x55c050000: nonzero 144/1024
  target DB_Z_READ 0x527430000: distinct 1 min 0xffffffff max 0xffffffff,   target DB_Z_READ 0x527430000: nonzero 1024/1024
timing: t 10.230 s flip 1/0, VideoOutSubmitFlip took 0.0 ms
swapped pages taken as resident so far: 0
vmas 107 total 13075.0 MiB resident 3472.9 MiB mapped 3472.9 MiB
  indirect op 16 at 1246: base 0x5074063c0 +0x0 -> 1 1 1 0 0
  indirect op 16 at 1278: base 0x5074063e0 +0x0 -> 1 1 1 0 0
  indirect op 16 at 1310: base 0x50740a520 +0x0 -> 1 1 1 0 0
  indirect op 16 at 1342: base 0x50740a540 +0x0 -> 1 1 1 0 0
  indirect op 25 at 4584: base 0x56ddaffa0 +0x0 -> 1 512 0 0 0
submit #383 dcb 9089 dwords at 0x502702500: pass 563 rewrite 485 drop 413 unmapped 1 cc 8 mappings 1489 ... OK rc 0 22.88 ms
timing: #383 done at t 10.274 s, 32.0 ms after the sync and hints
state stack #383: push 4 pop 4 conditional 1 unmatched 0; restored 3684 regs (+3748 dwords); tables 35, unreadable 0
swapped pages taken as resident so far: 0
vmas 107 total 13075.0 MiB resident 3478.7 MiB mapped 3478.3 MiB
submit #384 acb 2 dwords at 0xfe003a200: pass 1 rewrite 0 drop 0 unmapped 0 cc 0 mappings 1493 ... OK rc 0 19.29 ms
timing: #384 done at t 10.307 s, 20.8 ms after the sync and hints
swapped pages taken as resident so far: 0
vmas 108 total 13075.0 MiB resident 3485.9 MiB mapped 3486.1 MiB
submit #385 acb 49 dwords at 0x4002a69dc: pass 2 rewrite 3 drop 3 unmapped 0 cc 0 mappings 1501 ... OK rc 0 22.46 ms
timing: #385 done at t 10.343 s, 24.0 ms after the sync and hints
swapped pages taken as resident so far: 0
vmas 108 total 13075.0 MiB resident 3492.2 MiB mapped 3492.3 MiB
submit #386 cc 3 dwords at 0x313b17cf4: pass 0 rewrite 1 drop 0 unmapped 0 cc 1 mappings 1503 ... OK rc 0 21.79 ms
timing: #386 done at t 10.378 s, 23.2 ms after the sync and hints
swapped pages taken as resident so far: 0
vmas 108 total 13075.0 MiB resident 3505.1 MiB mapped 3505.2 MiB
submit #387 hib 150 dwords at 0xfe0000000: pass 12 rewrite 2 drop 2 unmapped 0 cc 2 mappings 1508 ... OK rc 0 19.29 ms
timing: #387 done at t 10.412 s, 21.1 ms after the sync and hints
swapped pages taken as resident so far: 0
vmas 108 total 13075.0 MiB resident 3511.6 MiB mapped 3511.7 MiB
submit #388 hib 2 dwords at 0xfe003a200: pass 1 rewrite 0 drop 0 unmapped 0 cc 0 mappings 1512 ... OK rc 0 21.01 ms
timing: #388 done at t 10.446 s, 22.4 ms after the sync and hints
swapped pages taken as resident so far: 0
vmas 108 total 13075.0 MiB resident 3517.9 MiB mapped 3518.0 MiB
submit #389 dcb 96 dwords at 0xfe0042920: pass 20 rewrite 2 drop 2 unmapped 0 cc 0 mappings 1517 ... OK rc 0 20.57 ms
timing: #389 done at t 10.481 s, 22.4 ms after the sync and hints
swapped pages taken as resident so far: 0
vmas 108 total 13075.0 MiB resident 3524.2 MiB mapped 3524.3 MiB
submit #390 dcb 2647 dwords at 0x504302500: pass 236 rewrite 123 drop 120 unmapped 0 cc 4 mappings 1521 ... OK rc 0 19.85 ms
timing: #390 done at t 10.517 s, 23.9 ms after the sync and hints
state stack #390: push 2 pop 2 conditional 1 unmatched 0; restored 1842 regs (+1874 dwords); tables 13, unreadable 0
swapped pages taken as resident so far: 0
vmas 108 total 13075.0 MiB resident 3533.7 MiB mapped 3533.7 MiB
submit #391 acb 2 dwords at 0xfe003a200: pass 1 rewrite 0 drop 0 unmapped 0 cc 0 mappings 1522 ... OK rc 0 19.76 ms
timing: #391 done at t 10.554 s, 22.4 ms after the sync and hints
swapped pages taken as resident so far: 0
vmas 108 total 13075.0 MiB resident 3547.2 MiB mapped 3547.2 MiB
submit #392 dcb 851 dwords at 0x505e02500: pass 47 rewrite 55 drop 45 unmapped 0 cc 0 mappings 1523 ... OK rc 0 18.96 ms
timing: #392 done at t 10.586 s, 20.9 ms after the sync and hints
swapped pages taken as resident so far: 0
vmas 108 total 13075.0 MiB resident 3555.8 MiB mapped 3555.9 MiB
submit #393 acb 463 dwords at 0x400526840: pass 43 rewrite 11 drop 27 unmapped 0 cc 0 mappings 1525 ... OK rc 0 20.04 ms
timing: #393 done at t 10.619 s, 21.4 ms after the sync and hints
swapped pages taken as resident so far: 0
vmas 108 total 13075.0 MiB resident 3563.8 MiB mapped 3563.9 MiB
submit #394 dcb 798 dwords at 0x506e02500: pass 103 rewrite 35 drop 22 unmapped 0 cc 6 mappings 1529 ... acb head: 1287 of 1336 dwords go ahead of the wait at 1287 on 0x400203b80
OK rc 0 19.95 ms
timing: #394 done at t 10.655 s, 24.1 ms after the sync and hints
state stack #394: push 3 pop 3 conditional 1 unmatched 0; restored 2763 regs (+2811 dwords); tables 17, unreadable 0
swapped pages taken as resident so far: 0
vmas 108 total 13075.0 MiB resident 3568.9 MiB mapped 3569.0 MiB
submit #395 acb 1287 dwords at 0x400345640: pass 118 rewrite 35 drop 63 unmapped 0 cc 0 mappings 1534 ... OK rc 0 20.29 ms
timing: #395 done at t 10.689 s, 21.7 ms after the sync and hints
submit #396 dcb 1248 dwords at 0x505202500: pass 151 rewrite 46 drop 45 unmapped 0 cc 6 mappings 1534 ... OK rc 0 19.50 ms
timing: #396 done at t 10.723 s, 22.9 ms after the sync and hints
state stack #396: push 3 pop 3 conditional 1 unmatched 0; restored 2763 regs (+2811 dwords); tables 11, unreadable 0
flip 1/1 buffer 0x5093f0000 +0x1fe0000: sum 0x17ea65194594 nonzero 8100/8160 pattern 0
  target CB0 0x507410000: distinct 53 min 0xc0000000 max 0xc340d034,   target CB0 0x507410000: nonzero 1024/1024
  target CB0 0x563800000: distinct 1 min 0x00000000 max 0x00000000,   target CB0 0x563800000: nonzero 0/1024
  target CB0 0x55c00d000: distinct 4 min 0x00000000 max 0xffffffff,   target CB0 0x55c00d000: nonzero 147/1024
  target CB0 0x5637f0000: distinct 1 min 0x00000000 max 0x00000000,   target CB0 0x5637f0000: nonzero 0/1024
  target CB0 0x5219a0000: distinct 1 min 0x38003800 max 0x38003800,   target CB0 0x5219a0000: nonzero 1024/1024
  target CB0 0x57136d000: distinct 14 min 0x00000000 max 0xffffffff,   target CB0 0x57136d000: nonzero 156/1024
  target DB_HTILE 0x51c5b0000: distinct 2 min 0x00000000 max 0xfffffff0,   target DB_HTILE 0x51c5b0000: nonzero 128/1024
  target DB_Z_READ 0x51a6d0000: distinct 1 min 0x3f800000 max 0x3f800000,   target DB_Z_READ 0x51a6d0000: nonzero 1024/1024
  target DB_STENCIL_READ 0x51bf30000: distinct 1 min 0x80800000 max 0x80800000,   target DB_STENCIL_READ 0x51bf30000: nonzero 1024/1024
  target CB0 0x512cf0000: distinct 1 min 0x00000000 max 0x00000000,   target CB0 0x512cf0000: nonzero 0/1024
  target CB0 0x5712c1000: distinct 15 min 0x00000000 max 0xffffffff,   target CB0 0x5712c1000: nonzero 244/1024
  target CB0 0x5712d1000: distinct 15 min 0x00000000 max 0xffffffff,   target CB0 0x5712d1000: nonzero 228/1024
  target CB0 0x517610000: distinct 1 min 0x00000000 max 0x00000000,   target CB0 0x517610000: nonzero 0/1024
  target CB0 0x571325000: distinct 14 min 0x00000000 max 0xffffffff,   target CB0 0x571325000: nonzero 172/1024
  target DB_HTILE 0x55c050000: distinct 3 min 0x00000000 max 0xffffffff,   target DB_HTILE 0x55c050000: nonzero 144/1024
  target DB_Z_READ 0x527430000: distinct 1 min 0xffffffff max 0xffffffff,   target DB_Z_READ 0x527430000: nonzero 1024/1024
timing: t 10.724 s flip 1/1, VideoOutSubmitFlip took 0.0 ms
  indirect op 16 at 1246: base 0x5074063c0 +0x0 -> 1 1 1 0 0
  indirect op 16 at 1278: base 0x5074063e0 +0x0 -> 1 1 1 0 0
  indirect op 16 at 1310: base 0x50740a520 +0x0 -> 1 1 1 0 0
  indirect op 16 at 1342: base 0x50740a540 +0x0 -> 1 1 1 0 0
  indirect op 25 at 4584: base 0x56ddaffa0 +0x0 -> 1 512 0 0 0
submit #397 dcb 9089 dwords at 0x502e02500: pass 563 rewrite 485 drop 413 unmapped 1 cc 8 mappings 1534 ... OK rc 0 23.44 ms
timing: #397 done at t 10.768 s, 32.4 ms after the sync and hints
state stack #397: push 4 pop 4 conditional 1 unmatched 0; restored 3684 regs (+3748 dwords); tables 35, unreadable 0
swapped pages taken as resident so far: 0
vmas 108 total 13075.0 MiB resident 3569.4 MiB mapped 3569.4 MiB
submit #398 acb 2 dwords at 0xfe003a200: pass 1 rewrite 0 drop 0 unmapped 0 cc 0 mappings 1535 ... OK rc 0 20.11 ms
timing: #398 done at t 10.803 s, 21.5 ms after the sync and hints
swapped pages taken as resident so far: 0
vmas 108 total 13075.0 MiB resident 3569.8 MiB mapped 3569.8 MiB
submit #399 acb 49 dwords at 0x400346a5c: pass 2 rewrite 3 drop 3 unmapped 0 cc 0 mappings 1536 ... OK rc 0 19.19 ms
timing: #399 done at t 10.835 s, 20.6 ms after the sync and hints
submit #400 cc 3 dwords at 0x313b17cf4: pass 0 rewrite 1 drop 0 unmapped 0 cc 1 mappings 1536 ... OK rc 0 20.34 ms
timing: #400 done at t 10.869 s, 22.0 ms after the sync and hints
submit #401 hib 150 dwords at 0xfe0000000: pass 12 rewrite 2 drop 2 unmapped 0 cc 2 mappings 1536 ... OK rc 0 19.59 ms
timing: #401 done at t 10.902 s, 21.4 ms after the sync and hints
submit #402 hib 2 dwords at 0xfe003a200: pass 1 rewrite 0 drop 0 unmapped 0 cc 0 mappings 1536 ... OK rc 0 20.21 ms
timing: #402 done at t 10.934 s, 21.7 ms after the sync and hints
submit #403 dcb 96 dwords at 0xfe0042920: pass 20 rewrite 2 drop 2 unmapped 0 cc 0 mappings 1536 ... OK rc 0 20.00 ms
timing: #403 done at t 10.967 s, 21.8 ms after the sync and hints
submit #404 dcb 2647 dwords at 0x503502500: pass 236 rewrite 123 drop 120 unmapped 0 cc 4 mappings 1536 ... OK rc 0 19.69 ms
timing: #404 done at t 11.002 s, 23.7 ms after the sync and hints
state stack #404: push 2 pop 2 conditional 1 unmatched 0; restored 1842 regs (+1874 dwords); tables 13, unreadable 0
swapped pages taken as resident so far: 0
vmas 108 total 13075.0 MiB resident 3570.2 MiB mapped 3570.3 MiB
submit #405 dcb 851 dwords at 0x505602500: pass 47 rewrite 55 drop 45 unmapped 0 cc 0 mappings 1539 ... OK rc 0 20.31 ms
timing: #405 done at t 11.037 s, 22.2 ms after the sync and hints
swapped pages taken as resident so far: 0
vmas 108 total 13075.0 MiB resident 3578.5 MiB mapped 3578.5 MiB
submit #406 acb 2 dwords at 0xfe003a200: pass 1 rewrite 0 drop 0 unmapped 0 cc 0 mappings 1544 ... OK rc 0 20.18 ms
timing: #406 done at t 11.070 s, 21.6 ms after the sync and hints
swapped pages taken as resident so far: 0
vmas 108 total 13075.0 MiB resident 3586.7 MiB mapped 3586.9 MiB
submit #407 acb 463 dwords at 0x4003e6740: pass 43 rewrite 11 drop 27 unmapped 0 cc 0 mappings 1549 ... OK rc 0 22.03 ms
timing: #407 done at t 11.107 s, 23.9 ms after the sync and hints
swapped pages taken as resident so far: 0
vmas 108 total 13075.0 MiB resident 3592.2 MiB mapped 3592.3 MiB
submit #408 dcb 798 dwords at 0x506202500: pass 103 rewrite 35 drop 22 unmapped 0 cc 6 mappings 1553 ... acb head: 1287 of 1336 dwords go ahead of the wait at 1287 on 0x400202380
OK rc 0 20.33 ms
timing: #408 done at t 11.144 s, 24.6 ms after the sync and hints
state stack #408: push 3 pop 3 conditional 1 unmatched 0; restored 2763 regs (+2811 dwords); tables 17, unreadable 0
swapped pages taken as resident so far: 0
vmas 108 total 13075.0 MiB resident 3595.2 MiB mapped 3595.3 MiB
submit #409 acb 1287 dwords at 0x400205540: pass 118 rewrite 35 drop 63 unmapped 0 cc 0 mappings 1557 ... OK rc 0 22.28 ms
timing: #409 done at t 11.182 s, 24.0 ms after the sync and hints
swapped pages taken as resident so far: 0
vmas 108 total 13075.0 MiB resident 3597.6 MiB mapped 3597.6 MiB
submit #410 dcb 1248 dwords at 0x504a02500: pass 151 rewrite 46 drop 45 unmapped 0 cc 6 mappings 1559 ... OK rc 0 19.58 ms
timing: #410 done at t 11.217 s, 23.0 ms after the sync and hints
state stack #410: push 3 pop 3 conditional 1 unmatched 0; restored 2763 regs (+2811 dwords); tables 11, unreadable 0
flip 1/0 buffer 0x507410000 +0x1fe0000: sum 0x17ea65194594 nonzero 8100/8160 pattern 0
  target CB0 0x5093f0000: distinct 53 min 0xc0000000 max 0xc340d034,   target CB0 0x5093f0000: nonzero 1024/1024
  target CB0 0x563800000: distinct 1 min 0x00000000 max 0x00000000,   target CB0 0x563800000: nonzero 0/1024
  target CB0 0x55c00d000: distinct 4 min 0x00000000 max 0xffffffff,   target CB0 0x55c00d000: nonzero 147/1024
  target CB0 0x5637f0000: distinct 1 min 0x00000000 max 0x00000000,   target CB0 0x5637f0000: nonzero 0/1024
  target CB0 0x5219a0000: distinct 1 min 0x38003800 max 0x38003800,   target CB0 0x5219a0000: nonzero 1024/1024
  target CB0 0x57136d000: distinct 14 min 0x00000000 max 0xffffffff,   target CB0 0x57136d000: nonzero 156/1024
  target DB_HTILE 0x51c5b0000: distinct 2 min 0x00000000 max 0xfffffff0,   target DB_HTILE 0x51c5b0000: nonzero 128/1024
  target DB_Z_READ 0x51a6d0000: distinct 1 min 0x3f800000 max 0x3f800000,   target DB_Z_READ 0x51a6d0000: nonzero 1024/1024
  target DB_STENCIL_READ 0x51bf30000: distinct 1 min 0x80800000 max 0x80800000,   target DB_STENCIL_READ 0x51bf30000: nonzero 1024/1024
  target CB0 0x512cf0000: distinct 1 min 0x00000000 max 0x00000000,   target CB0 0x512cf0000: nonzero 0/1024
  target CB0 0x5712c1000: distinct 15 min 0x00000000 max 0xffffffff,   target CB0 0x5712c1000: nonzero 244/1024
  target CB0 0x5712d1000: distinct 15 min 0x00000000 max 0xffffffff,   target CB0 0x5712d1000: nonzero 228/1024
  target CB0 0x517610000: distinct 1 min 0x00000000 max 0x00000000,   target CB0 0x517610000: nonzero 0/1024
  target CB0 0x571325000: distinct 14 min 0x00000000 max 0xffffffff,   target CB0 0x571325000: nonzero 172/1024
  target DB_HTILE 0x55c050000: distinct 3 min 0x00000000 max 0xffffffff,   target DB_HTILE 0x55c050000: nonzero 144/1024
  target DB_Z_READ 0x527430000: distinct 1 min 0xffffffff max 0xffffffff,   target DB_Z_READ 0x527430000: nonzero 1024/1024
timing: t 11.218 s flip 1/0, VideoOutSubmitFlip took 0.0 ms
swapped pages taken as resident so far: 0
vmas 108 total 13075.0 MiB resident 3600.5 MiB mapped 3600.5 MiB
  indirect op 16 at 1246: base 0x5074063c0 +0x0 -> 1 1 1 0 0
  indirect op 16 at 1278: base 0x5074063e0 +0x0 -> 1 1 1 0 0
  indirect op 16 at 1310: base 0x50740a520 +0x0 -> 1 1 1 0 0
  indirect op 16 at 1342: base 0x50740a540 +0x0 -> 1 1 1 0 0
  indirect op 25 at 4584: base 0x56ddaffa0 +0x0 -> 1 512 0 0 0
submit #411 dcb 9089 dwords at 0x502002500: pass 563 rewrite 485 drop 413 unmapped 1 cc 8 mappings 1561 ... OK rc 0 22.93 ms
timing: #411 done at t 11.261 s, 31.6 ms after the sync and hints
state stack #411: push 4 pop 4 conditional 1 unmatched 0; restored 3684 regs (+3748 dwords); tables 35, unreadable 0
swapped pages taken as resident so far: 0
vmas 108 total 13075.0 MiB resident 3602.9 MiB mapped 3603.1 MiB
submit #412 acb 2 dwords at 0xfe003a200: pass 1 rewrite 0 drop 0 unmapped 0 cc 0 mappings 1565 ... OK rc 0 20.14 ms
timing: #412 done at t 11.295 s, 21.6 ms after the sync and hints
swapped pages taken as resident so far: 0
vmas 108 total 13075.0 MiB resident 3610.1 MiB mapped 3610.3 MiB
submit #413 acb 49 dwords at 0x40020695c: pass 2 rewrite 3 drop 3 unmapped 0 cc 0 mappings 1571 ... OK rc 0 19.40 ms
timing: #413 done at t 11.328 s, 20.8 ms after the sync and hints
swapped pages taken as resident so far: 0
vmas 108 total 13075.0 MiB resident 3613.5 MiB mapped 3613.5 MiB
submit #414 cc 3 dwords at 0x313b17cf4: pass 0 rewrite 1 drop 0 unmapped 0 cc 1 mappings 1573 ... OK rc 0 20.12 ms
timing: #414 done at t 11.361 s, 21.5 ms after the sync and hints
submit #415 hib 150 dwords at 0xfe0000000: pass 12 rewrite 2 drop 2 unmapped 0 cc 2 mappings 1573 ... OK rc 0 19.87 ms
timing: #415 done at t 11.395 s, 21.7 ms after the sync and hints
submit #416 hib 2 dwords at 0xfe003a200: pass 1 rewrite 0 drop 0 unmapped 0 cc 0 mappings 1573 ... OK rc 0 19.57 ms
timing: #416 done at t 11.427 s, 21.1 ms after the sync and hints
submit #417 dcb 96 dwords at 0xfe0042920: pass 20 rewrite 2 drop 2 unmapped 0 cc 0 mappings 1573 ... OK rc 0 19.74 ms
timing: #417 done at t 11.460 s, 21.6 ms after the sync and hints
submit #418 dcb 2647 dwords at 0x503c02500: pass 236 rewrite 123 drop 120 unmapped 0 cc 4 mappings 1573 ... OK rc 0 20.11 ms
timing: #418 done at t 11.496 s, 24.2 ms after the sync and hints
state stack #418: push 2 pop 2 conditional 1 unmatched 0; restored 1842 regs (+1874 dwords); tables 13, unreadable 0
submit #419 dcb 851 dwords at 0x505a02500: pass 47 rewrite 55 drop 45 unmapped 0 cc 0 mappings 1573 ... OK rc 0 19.92 ms
timing: #419 done at t 11.530 s, 21.9 ms after the sync and hints
submit #420 acb 2 dwords at 0xfe003a200: pass 1 rewrite 0 drop 0 unmapped 0 cc 0 mappings 1573 ... OK rc 0 19.33 ms
timing: #420 done at t 11.562 s, 20.8 ms after the sync and hints
submit #421 acb 463 dwords at 0x4004867c0: pass 43 rewrite 11 drop 27 unmapped 0 cc 0 mappings 1573 ... OK rc 0 19.94 ms
timing: #421 done at t 11.595 s, 21.5 ms after the sync and hints
submit #422 dcb 798 dwords at 0x506802500: pass 103 rewrite 35 drop 22 unmapped 0 cc 6 mappings 1573 ... acb head: 1287 of 1336 dwords go ahead of the wait at 1287 on 0x400202f80
OK rc 0 20.15 ms
timing: #422 done at t 11.630 s, 24.3 ms after the sync and hints
state stack #422: push 3 pop 3 conditional 1 unmatched 0; restored 2763 regs (+2811 dwords); tables 17, unreadable 0
submit #423 acb 1287 dwords at 0x4002a55c0: pass 118 rewrite 35 drop 63 unmapped 0 cc 0 mappings 1573 ... OK rc 0 20.91 ms
timing: #423 done at t 11.664 s, 22.5 ms after the sync and hints
submit #424 dcb 1248 dwords at 0x504e02500: pass 151 rewrite 46 drop 45 unmapped 0 cc 6 mappings 1573 ... OK rc 0 19.50 ms
timing: #424 done at t 11.698 s, 22.8 ms after the sync and hints
state stack #424: push 3 pop 3 conditional 1 unmatched 0; restored 2763 regs (+2811 dwords); tables 11, unreadable 0
flip 1/1 buffer 0x5093f0000 +0x1fe0000: sum 0x17ea65194594 nonzero 8100/8160 pattern 0
  target CB0 0x507410000: distinct 53 min 0xc0000000 max 0xc340d034,   target CB0 0x507410000: nonzero 1024/1024
  target CB0 0x563800000: distinct 1 min 0x00000000 max 0x00000000,   target CB0 0x563800000: nonzero 0/1024
  target CB0 0x55c00d000: distinct 4 min 0x00000000 max 0xffffffff,   target CB0 0x55c00d000: nonzero 147/1024
  target CB0 0x5637f0000: distinct 1 min 0x00000000 max 0x00000000,   target CB0 0x5637f0000: nonzero 0/1024
  target CB0 0x5219a0000: distinct 1 min 0x38003800 max 0x38003800,   target CB0 0x5219a0000: nonzero 1024/1024
  target CB0 0x57136d000: distinct 14 min 0x00000000 max 0xffffffff,   target CB0 0x57136d000: nonzero 156/1024
  target DB_HTILE 0x51c5b0000: distinct 2 min 0x00000000 max 0xfffffff0,   target DB_HTILE 0x51c5b0000: nonzero 128/1024
  target DB_Z_READ 0x51a6d0000: distinct 1 min 0x3f800000 max 0x3f800000,   target DB_Z_READ 0x51a6d0000: nonzero 1024/1024
  target DB_STENCIL_READ 0x51bf30000: distinct 1 min 0x80800000 max 0x80800000,   target DB_STENCIL_READ 0x51bf30000: nonzero 1024/1024
  target CB0 0x512cf0000: distinct 1 min 0x00000000 max 0x00000000,   target CB0 0x512cf0000: nonzero 0/1024
  target CB0 0x5712c1000: distinct 15 min 0x00000000 max 0xffffffff,   target CB0 0x5712c1000: nonzero 244/1024
  target CB0 0x5712d1000: distinct 15 min 0x00000000 max 0xffffffff,   target CB0 0x5712d1000: nonzero 228/1024
  target CB0 0x517610000: distinct 1 min 0x00000000 max 0x00000000,   target CB0 0x517610000: nonzero 0/1024
  target CB0 0x571325000: distinct 14 min 0x00000000 max 0xffffffff,   target CB0 0x571325000: nonzero 172/1024
  target DB_HTILE 0x55c050000: distinct 3 min 0x00000000 max 0xffffffff,   target DB_HTILE 0x55c050000: nonzero 144/1024
  target DB_Z_READ 0x527430000: distinct 1 min 0xffffffff max 0xffffffff,   target DB_Z_READ 0x527430000: nonzero 1024/1024
timing: t 11.699 s flip 1/1, VideoOutSubmitFlip took 0.0 ms
  indirect op 16 at 1246: base 0x5074063c0 +0x0 -> 1 1 1 0 0
  indirect op 16 at 1278: base 0x5074063e0 +0x0 -> 1 1 1 0 0
  indirect op 16 at 1310: base 0x50740a520 +0x0 -> 1 1 1 0 0
  indirect op 16 at 1342: base 0x50740a540 +0x0 -> 1 1 1 0 0
  indirect op 25 at 4584: base 0x56ddaffa0 +0x0 -> 1 512 0 0 0
submit #425 dcb 9089 dwords at 0x502702500: pass 563 rewrite 485 drop 413 unmapped 1 cc 8 mappings 1573 ... OK rc 0 24.03 ms
timing: #425 done at t 11.743 s, 33.0 ms after the sync and hints
state stack #425: push 4 pop 4 conditional 1 unmatched 0; restored 3684 regs (+3748 dwords); tables 35, unreadable 0
swapped pages taken as resident so far: 0
vmas 108 total 13075.0 MiB resident 3613.6 MiB mapped 3613.6 MiB
submit #426 acb 2 dwords at 0xfe003a200: pass 1 rewrite 0 drop 0 unmapped 0 cc 0 mappings 1574 ... OK rc 0 20.16 ms
timing: #426 done at t 11.777 s, 21.6 ms after the sync and hints
submit #427 acb 49 dwords at 0x4002a69dc: pass 2 rewrite 3 drop 3 unmapped 0 cc 0 mappings 1574 ... OK rc 0 19.81 ms
timing: #427 done at t 11.809 s, 21.3 ms after the sync and hints
submit #428 cc 3 dwords at 0x313b17cf4: pass 0 rewrite 1 drop 0 unmapped 0 cc 1 mappings 1574 ... OK rc 0 19.47 ms
timing: #428 done at t 11.842 s, 20.9 ms after the sync and hints
submit #429 hib 150 dwords at 0xfe0000000: pass 12 rewrite 2 drop 2 unmapped 0 cc 2 mappings 1574 ... OK rc 0 19.54 ms
timing: #429 done at t 11.874 s, 21.3 ms after the sync and hints
submit #430 hib 2 dwords at 0xfe003a200: pass 1 rewrite 0 drop 0 unmapped 0 cc 0 mappings 1574 ... OK rc 0 20.09 ms
timing: #430 done at t 11.907 s, 21.6 ms after the sync and hints
submit #431 dcb 96 dwords at 0xfe0042920: pass 20 rewrite 2 drop 2 unmapped 0 cc 0 mappings 1574 ... OK rc 0 19.36 ms
timing: #431 done at t 11.939 s, 21.2 ms after the sync and hints
hint CB0 0x53cc10000: window 0x53ac10000+0x4000000, mapped +0.0 MiB
hint CB0 0x571a64000: window 0x56fa60000+0x4000000, mapped +3.5 MiB
hint CB0 0x526bf0000: window 0x524bf0000+0x4000000, mapped +0.0 MiB
hint CB0 0x5719a8000: window 0x56f9a0000+0x4000000, mapped +0.0 MiB
hint DB_HTILE 0x5203a0000: window 0x51e3a0000+0x4000000, mapped +0.0 MiB
hint DB_Z_READ 0x51db50000: window 0x51bb50000+0x4000000, mapped +0.0 MiB
hint DB_STENCIL_READ 0x51fb30000: window 0x51db30000+0x4000000, mapped +0.0 MiB
submit #432 dcb 3006 dwords at 0x504302500: pass 293 rewrite 132 drop 126 unmapped 0 cc 6 mappings 1575 ... OK rc 0 19.83 ms
timing: #432 done at t 11.976 s, 24.3 ms after the sync and hints
state stack #432: push 3 pop 3 conditional 1 unmatched 0; restored 2763 regs (+2811 dwords); tables 18, unreadable 0
submit #433 dcb 851 dwords at 0x505e02500: pass 47 rewrite 55 drop 45 unmapped 0 cc 0 mappings 1575 ... OK rc 0 19.37 ms
timing: #433 done at t 12.009 s, 21.4 ms after the sync and hints
submit #434 acb 2 dwords at 0xfe003a200: pass 1 rewrite 0 drop 0 unmapped 0 cc 0 mappings 1575 ... OK rc 0 19.66 ms
timing: #434 done at t 12.041 s, 21.2 ms after the sync and hints
submit #435 acb 463 dwords at 0x400526840: pass 43 rewrite 11 drop 27 unmapped 0 cc 0 mappings 1575 ... OK rc 0 19.77 ms
timing: #435 done at t 12.073 s, 21.3 ms after the sync and hints
hint CB0 0x513bf0000: window 0x511bf0000+0x4000000, mapped +0.0 MiB
hint CB0 0x571867000: window 0x56f860000+0x4000000, mapped +0.0 MiB
hint CB0 0x57187b000: window 0x56f870000+0x4000000, mapped +0.0 MiB
hint CB0 0x519b90000: window 0x517b90000+0x4000000, mapped +0.0 MiB
hint CB0 0x5718eb000: window 0x56f8e0000+0x4000000, mapped +0.0 MiB
submit #436 dcb 798 dwords at 0x506e02500: pass 103 rewrite 35 drop 22 unmapped 0 cc 6 mappings 1575 ... acb head: 1287 of 1336 dwords go ahead of the wait at 1287 on 0x400203b80
OK rc 0 20.21 ms
timing: #436 done at t 12.109 s, 24.2 ms after the sync and hints
state stack #436: push 3 pop 3 conditional 1 unmatched 0; restored 2763 regs (+2811 dwords); tables 17, unreadable 0
submit #437 acb 1287 dwords at 0x400345640: pass 118 rewrite 35 drop 63 unmapped 0 cc 0 mappings 1575 ... OK rc 0 21.38 ms
timing: #437 done at t 12.143 s, 22.9 ms after the sync and hints
submit #438 dcb 1248 dwords at 0x505202500: pass 151 rewrite 46 drop 45 unmapped 0 cc 6 mappings 1575 ... OK rc 0 19.48 ms
timing: #438 done at t 12.178 s, 22.7 ms after the sync and hints
state stack #438: push 3 pop 3 conditional 1 unmatched 0; restored 2763 regs (+2811 dwords); tables 11, unreadable 0
flip 1/0 buffer 0x507410000 +0x1fe0000: sum 0x17ea65194594 nonzero 8100/8160 pattern 0
  target CB0 0x571a64000: distinct 12 min 0x00000000 max 0xffffffff,   target CB0 0x571a64000: nonzero 13/1024
  target CB0 0x563800000: distinct 1 min 0x00000000 max 0x00000000,   target CB0 0x563800000: nonzero 0/1024
  target CB0 0x55c00d000: distinct 4 min 0x00000000 max 0xffffffff,   target CB0 0x55c00d000: nonzero 147/1024
  target CB0 0x5637f0000: distinct 1 min 0x00000000 max 0x00000000,   target CB0 0x5637f0000: nonzero 0/1024
  target CB0 0x526bf0000: distinct 1 min 0x38003800 max 0x38003800,   target CB0 0x526bf0000: nonzero 1024/1024
  target CB0 0x5719a8000: distinct 12 min 0x00000000 max 0xffffffff,   target CB0 0x5719a8000: nonzero 15/1024
  target DB_HTILE 0x5203a0000: distinct 2 min 0x00000000 max 0xfffffff0,   target DB_HTILE 0x5203a0000: nonzero 160/1024
  target DB_Z_READ 0x51db50000: distinct 1 min 0x00000000 max 0x00000000,   target DB_Z_READ 0x51db50000: nonzero 0/1024
  target DB_STENCIL_READ 0x51fb30000: distinct 1 min 0x80800000 max 0x80800000,   target DB_STENCIL_READ 0x51fb30000: nonzero 1024/1024
  target CB0 0x513bf0000: distinct 1 min 0x00000000 max 0x00000000,   target CB0 0x513bf0000: nonzero 0/1024
  target CB0 0x571867000: distinct 14 min 0x00000000 max 0xffffffff,   target CB0 0x571867000: nonzero 128/1024
  target CB0 0x57187b000: distinct 14 min 0x00000000 max 0xffffffff,   target CB0 0x57187b000: nonzero 108/1024
  target CB0 0x519b90000: distinct 1 min 0x00000000 max 0x00000000,   target CB0 0x519b90000: nonzero 0/1024
  target CB0 0x5718eb000: distinct 13 min 0x00000000 max 0xffffffff,   target CB0 0x5718eb000: nonzero 36/1024
  target DB_HTILE 0x55c050000: distinct 3 min 0x00000000 max 0xffffffff,   target DB_HTILE 0x55c050000: nonzero 144/1024
  target DB_Z_READ 0x527430000: distinct 1 min 0xffffffff max 0xffffffff,   target DB_Z_READ 0x527430000: nonzero 1024/1024
timing: t 12.178 s flip 1/0, VideoOutSubmitFlip took 0.0 ms
hint CB0 0x511c10000: window 0x50fc10000+0x4000000, mapped +0.0 MiB
hint CB0 0x57183f000: window 0x56f830000+0x4000000, mapped +0.0 MiB
hint CB0 0x520440000: window 0x51e440000+0x4000000, mapped +0.0 MiB
hint CB0 0x5718ff000: window 0x56f8f0000+0x4000000, mapped +0.0 MiB
hint CB0 0x542ab0000: window 0x540ab0000+0x4000000, mapped +0.0 MiB
hint CB0 0x571ace000: window 0x56fac0000+0x4000000, mapped +0.4 MiB
hint CB0 0x541010000: window 0x53f010000+0x4000000, mapped +0.0 MiB
hint CB0 0x571d2a000: window 0x56fd20000+0x4000000, mapped +2.4 MiB
hint CB0 0x542960000: window 0x540960000+0x4000000, mapped +0.0 MiB
hint CB0 0x571d42000: window 0x56fd40000+0x4000000, mapped +0.1 MiB
hint CB0 0x542be0000: window 0x540be0000+0x4000000, mapped +0.0 MiB
hint CB0 0x571a7d000: window 0x56fa70000+0x4000000, mapped +0.0 MiB
hint CB0 0x542ca0000: window 0x540ca0000+0x4000000, mapped +0.0 MiB
hint CB0 0x542d60000: window 0x540d60000+0x4000000, mapped +0.0 MiB
hint CB0 0x542da0000: window 0x540da0000+0x4000000, mapped +0.0 MiB
hint CB0 0x542de0000: window 0x540de0000+0x4000000, mapped +0.0 MiB
hint CB0 0x542df0000: window 0x540df0000+0x4000000, mapped +0.0 MiB
hint CB0 0x5420f0000: window 0x5400f0000+0x4000000, mapped +0.0 MiB
hint CB0 0x571d36000: window 0x56fd30000+0x4000000, mapped +0.0 MiB
  indirect op 16 at 1246: base 0x5074063c0 +0x0 -> 3344 1 1 0 0
  indirect op 16 at 1278: base 0x5074063e0 +0x0 -> 1 1 1 0 0
  indirect op 16 at 1310: base 0x50740a520 +0x0 -> 1 1 1 0 0
  indirect op 16 at 1342: base 0x50740a540 +0x0 -> 1 1 1 0 0
  indirect op 25 at 4584: base 0x56ddaffa0 +0x0 -> 1 512 0 0 0
submit #439 dcb 9023 dwords at 0x502e02500: pass 559 rewrite 484 drop 408 unmapped 1 cc 8 mappings 1578 ... OK rc 0 24.11 ms
timing: #439 done at t 12.225 s, 33.3 ms after the sync and hints
state stack #439: push 4 pop 4 conditional 1 unmatched 0; restored 3684 regs (+3748 dwords); tables 35, unreadable 0
swapped pages taken as resident so far: 0
vmas 108 total 13075.0 MiB resident 3620.4 MiB mapped 3620.5 MiB
submit #440 acb 2 dwords at 0xfe003a200: pass 1 rewrite 0 drop 0 unmapped 0 cc 0 mappings 1580 ... OK rc 0 20.32 ms
timing: #440 done at t 12.259 s, 21.7 ms after the sync and hints
swapped pages taken as resident so far: 0
vmas 108 total 13075.0 MiB resident 3620.6 MiB mapped 3620.6 MiB
submit #441 acb 49 dwords at 0x400346a5c: pass 2 rewrite 3 drop 3 unmapped 0 cc 0 mappings 1581 ... OK rc 0 20.26 ms
timing: #441 done at t 12.292 s, 21.8 ms after the sync and hints
submit #442 cc 3 dwords at 0x313b17cf4: pass 0 rewrite 1 drop 0 unmapped 0 cc 1 mappings 1581 ... OK rc 0 19.64 ms
timing: #442 done at t 12.325 s, 21.3 ms after the sync and hints
submit #443 hib 150 dwords at 0xfe0000000: pass 12 rewrite 2 drop 2 unmapped 0 cc 2 mappings 1581 ... OK rc 0 19.54 ms
timing: #443 done at t 12.357 s, 21.4 ms after the sync and hints
submit #444 hib 2 dwords at 0xfe003a200: pass 1 rewrite 0 drop 0 unmapped 0 cc 0 mappings 1581 ... OK rc 0 19.56 ms
timing: #444 done at t 12.389 s, 21.1 ms after the sync and hints
submit #445 dcb 96 dwords at 0xfe0042920: pass 20 rewrite 2 drop 2 unmapped 0 cc 0 mappings 1581 ... OK rc 0 19.73 ms
timing: #445 done at t 12.422 s, 21.5 ms after the sync and hints
submit #446 dcb 2647 dwords at 0x503502500: pass 236 rewrite 123 drop 120 unmapped 0 cc 4 mappings 1581 ... OK rc 0 20.16 ms
timing: #446 done at t 12.457 s, 24.0 ms after the sync and hints
state stack #446: push 2 pop 2 conditional 1 unmatched 0; restored 1842 regs (+1874 dwords); tables 13, unreadable 0
swapped pages taken as resident so far: 0
vmas 108 total 13075.0 MiB resident 3624.6 MiB mapped 3624.7 MiB
submit #447 dcb 851 dwords at 0x505602500: pass 47 rewrite 55 drop 45 unmapped 0 cc 0 mappings 1583 ... OK rc 0 20.02 ms
timing: #447 done at t 12.491 s, 22.0 ms after the sync and hints
swapped pages taken as resident so far: 0
vmas 108 total 13075.0 MiB resident 3635.1 MiB mapped 3635.2 MiB
submit #448 acb 2 dwords at 0xfe003a200: pass 1 rewrite 0 drop 0 unmapped 0 cc 0 mappings 1589 ... OK rc 0 19.80 ms
timing: #448 done at t 12.525 s, 21.2 ms after the sync and hints
swapped pages taken as resident so far: 0
vmas 108 total 13075.0 MiB resident 3650.5 MiB mapped 3650.6 MiB
submit #449 acb 463 dwords at 0x4003e6740: pass 43 rewrite 11 drop 27 unmapped 0 cc 0 mappings 1592 ... OK rc 0 19.91 ms
timing: #449 done at t 12.558 s, 21.4 ms after the sync and hints
swapped pages taken as resident so far: 0
vmas 108 total 13075.0 MiB resident 3668.2 MiB mapped 3668.3 MiB
submit #450 dcb 798 dwords at 0x506202500: pass 103 rewrite 35 drop 22 unmapped 0 cc 6 mappings 1596 ... acb head: 1287 of 1336 dwords go ahead of the wait at 1287 on 0x400202380
OK rc 0 20.85 ms
timing: #450 done at t 12.595 s, 24.9 ms after the sync and hints
state stack #450: push 3 pop 3 conditional 1 unmatched 0; restored 2763 regs (+2811 dwords); tables 17, unreadable 0
swapped pages taken as resident so far: 0
vmas 108 total 13075.0 MiB resident 3681.2 MiB mapped 3681.3 MiB
submit #451 acb 1287 dwords at 0x400205540: pass 118 rewrite 35 drop 63 unmapped 0 cc 0 mappings 1600 ... OK rc 0 21.39 ms
timing: #451 done at t 12.630 s, 22.9 ms after the sync and hints
swapped pages taken as resident so far: 0
vmas 108 total 13075.0 MiB resident 3693.1 MiB mapped 3693.2 MiB
submit #452 dcb 1248 dwords at 0x504a02500: pass 151 rewrite 46 drop 45 unmapped 0 cc 6 mappings 1604 ... OK rc 0 20.48 ms
timing: #452 done at t 12.666 s, 23.9 ms after the sync and hints
state stack #452: push 3 pop 3 conditional 1 unmatched 0; restored 2763 regs (+2811 dwords); tables 11, unreadable 0
flip 1/1 buffer 0x5093f0000 +0x1fe0000: sum 0x17ea65194594 nonzero 8100/8160 pattern 0
  target CB0 0x507410000: distinct 53 min 0xc0000000 max 0xc340d034,   target CB0 0x507410000: nonzero 1024/1024
  target CB0 0x563800000: distinct 1 min 0x00000000 max 0x00000000,   target CB0 0x563800000: nonzero 0/1024
  target CB0 0x55c00d000: distinct 4 min 0x00000000 max 0xffffffff,   target CB0 0x55c00d000: nonzero 147/1024
  target CB0 0x5637f0000: distinct 1 min 0x00000000 max 0x00000000,   target CB0 0x5637f0000: nonzero 0/1024
  target CB0 0x526bf0000: distinct 1 min 0x38003800 max 0x38003800,   target CB0 0x526bf0000: nonzero 1024/1024
  target CB0 0x5719a8000: distinct 15 min 0x00000000 max 0xffffffff,   target CB0 0x5719a8000: nonzero 102/1024
  target DB_HTILE 0x5203a0000: distinct 2 min 0x00000000 max 0xfffffff0,   target DB_HTILE 0x5203a0000: nonzero 160/1024
  target DB_Z_READ 0x51db50000: distinct 1 min 0x3f800000 max 0x3f800000,   target DB_Z_READ 0x51db50000: nonzero 1024/1024
  target DB_STENCIL_READ 0x51fb30000: distinct 1 min 0x80800000 max 0x80800000,   target DB_STENCIL_READ 0x51fb30000: nonzero 1024/1024
  target CB0 0x513bf0000: distinct 1 min 0x00000000 max 0x00000000,   target CB0 0x513bf0000: nonzero 0/1024
  target CB0 0x571867000: distinct 17 min 0x00000000 max 0xffffffff,   target CB0 0x571867000: nonzero 215/1024
  target CB0 0x57187b000: distinct 17 min 0x00000000 max 0xffffffff,   target CB0 0x57187b000: nonzero 195/1024
  target CB0 0x519b90000: distinct 1 min 0x00000000 max 0x00000000,   target CB0 0x519b90000: nonzero 0/1024
  target CB0 0x5718eb000: distinct 16 min 0x00000000 max 0xffffffff,   target CB0 0x5718eb000: nonzero 123/1024
  target DB_HTILE 0x55c050000: distinct 3 min 0x00000000 max 0xffffffff,   target DB_HTILE 0x55c050000: nonzero 144/1024
  target DB_Z_READ 0x527430000: distinct 1 min 0xffffffff max 0xffffffff,   target DB_Z_READ 0x527430000: nonzero 1024/1024
timing: t 12.667 s flip 1/1, VideoOutSubmitFlip took 0.0 ms
swapped pages taken as resident so far: 0
vmas 108 total 13075.0 MiB resident 3707.1 MiB mapped 3707.2 MiB
  indirect op 16 at 1246: base 0x5074063c0 +0x0 -> 1 1 1 0 0
  indirect op 16 at 1278: base 0x5074063e0 +0x0 -> 1 1 1 0 0
  indirect op 16 at 1310: base 0x50740a520 +0x0 -> 1 1 1 0 0
  indirect op 16 at 1342: base 0x50740a540 +0x0 -> 1 1 1 0 0
  indirect op 25 at 4584: base 0x56ddaffa0 +0x0 -> 1 512 0 0 0
submit #453 dcb 9023 dwords at 0x502002500: pass 559 rewrite 484 drop 408 unmapped 1 cc 8 mappings 1607 ... OK rc 0 23.19 ms
timing: #453 done at t 12.712 s, 32.2 ms after the sync and hints
state stack #453: push 4 pop 4 conditional 1 unmatched 0; restored 3684 regs (+3748 dwords); tables 35, unreadable 0
swapped pages taken as resident so far: 0
vmas 108 total 13075.0 MiB resident 3708.7 MiB mapped 3708.7 MiB
submit #454 acb 2 dwords at 0xfe003a200: pass 1 rewrite 0 drop 0 unmapped 0 cc 0 mappings 1611 ... OK rc 0 20.04 ms
timing: #454 done at t 12.745 s, 21.5 ms after the sync and hints
submit #455 acb 49 dwords at 0x40020695c: pass 2 rewrite 3 drop 3 unmapped 0 cc 0 mappings 1611 ... OK rc 0 20.16 ms
timing: #455 done at t 12.779 s, 22.1 ms after the sync and hints
submit #456 cc 3 dwords at 0x313b17cf4: pass 0 rewrite 1 drop 0 unmapped 0 cc 1 mappings 1611 ... OK rc 0 20.11 ms
timing: #456 done at t 12.812 s, 21.6 ms after the sync and hints
submit #457 hib 150 dwords at 0xfe0000000: pass 12 rewrite 2 drop 2 unmapped 0 cc 2 mappings 1611 ... OK rc 0 19.90 ms
timing: #457 done at t 12.845 s, 21.8 ms after the sync and hints
submit #458 hib 2 dwords at 0xfe003a200: pass 1 rewrite 0 drop 0 unmapped 0 cc 0 mappings 1611 ... OK rc 0 19.80 ms
timing: #458 done at t 12.877 s, 21.3 ms after the sync and hints
submit #459 dcb 96 dwords at 0xfe0042920: pass 20 rewrite 2 drop 2 unmapped 0 cc 0 mappings 1611 ... OK rc 0 19.92 ms
timing: #459 done at t 12.910 s, 21.7 ms after the sync and hints
submit #460 dcb 2647 dwords at 0x503c02500: pass 236 rewrite 123 drop 120 unmapped 0 cc 4 mappings 1611 ... OK rc 0 20.38 ms
timing: #460 done at t 12.946 s, 24.3 ms after the sync and hints
state stack #460: push 2 pop 2 conditional 1 unmatched 0; restored 1842 regs (+1874 dwords); tables 13, unreadable 0
submit #461 dcb 851 dwords at 0x505a02500: pass 47 rewrite 55 drop 45 unmapped 0 cc 0 mappings 1611 ... OK rc 0 20.05 ms
timing: #461 done at t 12.980 s, 22.2 ms after the sync and hints
submit #462 acb 2 dwords at 0xfe003a200: pass 1 rewrite 0 drop 0 unmapped 0 cc 0 mappings 1611 ... OK rc 0 19.94 ms
timing: #462 done at t 13.012 s, 21.5 ms after the sync and hints
submit #463 acb 463 dwords at 0x4004867c0: pass 43 rewrite 11 drop 27 unmapped 0 cc 0 mappings 1611 ... OK rc 0 20.17 ms
timing: #463 done at t 13.045 s, 21.9 ms after the sync and hints
submit #464 dcb 798 dwords at 0x506802500: pass 103 rewrite 35 drop 22 unmapped 0 cc 6 mappings 1611 ... acb head: 1287 of 1336 dwords go ahead of the wait at 1287 on 0x400202f80
OK rc 0 20.50 ms
timing: #464 done at t 13.081 s, 24.5 ms after the sync and hints
state stack #464: push 3 pop 3 conditional 1 unmatched 0; restored 2763 regs (+2811 dwords); tables 17, unreadable 0
submit #465 acb 1287 dwords at 0x4002a55c0: pass 118 rewrite 35 drop 63 unmapped 0 cc 0 mappings 1611 ... OK rc 0 21.63 ms
timing: #465 done at t 13.116 s, 23.3 ms after the sync and hints
submit #466 dcb 1248 dwords at 0x504e02500: pass 151 rewrite 46 drop 45 unmapped 0 cc 6 mappings 1611 ... OK rc 0 20.07 ms
timing: #466 done at t 13.151 s, 23.5 ms after the sync and hints
state stack #466: push 3 pop 3 conditional 1 unmatched 0; restored 2763 regs (+2811 dwords); tables 11, unreadable 0
flip 1/0 buffer 0x507410000 +0x1fe0000: sum 0x17ea65194594 nonzero 8100/8160 pattern 0
  target CB0 0x5093f0000: distinct 53 min 0xc0000000 max 0xc340d034,   target CB0 0x5093f0000: nonzero 1024/1024
  target CB0 0x563800000: distinct 1 min 0x00000000 max 0x00000000,   target CB0 0x563800000: nonzero 0/1024
  target CB0 0x55c00d000: distinct 4 min 0x00000000 max 0xffffffff,   target CB0 0x55c00d000: nonzero 147/1024
  target CB0 0x5637f0000: distinct 1 min 0x00000000 max 0x00000000,   target CB0 0x5637f0000: nonzero 0/1024
  target CB0 0x526bf0000: distinct 1 min 0x38003800 max 0x38003800,   target CB0 0x526bf0000: nonzero 1024/1024
  target CB0 0x5719a8000: distinct 15 min 0x00000000 max 0xffffffff,   target CB0 0x5719a8000: nonzero 102/1024
  target DB_HTILE 0x5203a0000: distinct 2 min 0x00000000 max 0xfffffff0,   target DB_HTILE 0x5203a0000: nonzero 160/1024
  target DB_Z_READ 0x51db50000: distinct 1 min 0x3f800000 max 0x3f800000,   target DB_Z_READ 0x51db50000: nonzero 1024/1024
  target DB_STENCIL_READ 0x51fb30000: distinct 1 min 0x80800000 max 0x80800000,   target DB_STENCIL_READ 0x51fb30000: nonzero 1024/1024
  target CB0 0x513bf0000: distinct 1 min 0x00000000 max 0x00000000,   target CB0 0x513bf0000: nonzero 0/1024
  target CB0 0x571867000: distinct 17 min 0x00000000 max 0xffffffff,   target CB0 0x571867000: nonzero 215/1024
  target CB0 0x57187b000: distinct 17 min 0x00000000 max 0xffffffff,   target CB0 0x57187b000: nonzero 195/1024
  target CB0 0x519b90000: distinct 1 min 0x00000000 max 0x00000000,   target CB0 0x519b90000: nonzero 0/1024
  target CB0 0x5718eb000: distinct 16 min 0x00000000 max 0xffffffff,   target CB0 0x5718eb000: nonzero 123/1024
  target DB_HTILE 0x55c050000: distinct 3 min 0x00000000 max 0xffffffff,   target DB_HTILE 0x55c050000: nonzero 144/1024
  target DB_Z_READ 0x527430000: distinct 1 min 0xffffffff max 0xffffffff,   target DB_Z_READ 0x527430000: nonzero 1024/1024
timing: t 13.152 s flip 1/0, VideoOutSubmitFlip took 0.0 ms
  indirect op 16 at 1246: base 0x5074063c0 +0x0 -> 1 1 1 0 0
  indirect op 16 at 1278: base 0x5074063e0 +0x0 -> 1 1 1 0 0
  indirect op 16 at 1310: base 0x50740a520 +0x0 -> 1 1 1 0 0
  indirect op 16 at 1342: base 0x50740a540 +0x0 -> 1 1 1 0 0
  indirect op 25 at 4584: base 0x56ddaffa0 +0x0 -> 1 512 0 0 0
submit #467 dcb 9023 dwords at 0x502702500: pass 559 rewrite 484 drop 408 unmapped 1 cc 8 mappings 1611 ... OK rc 0 23.31 ms
timing: #467 done at t 13.195 s, 31.9 ms after the sync and hints
state stack #467: push 4 pop 4 conditional 1 unmatched 0; restored 3684 regs (+3748 dwords); tables 35, unreadable 0
swapped pages taken as resident so far: 0
vmas 108 total 13075.0 MiB resident 3709.0 MiB mapped 3709.0 MiB
submit #468 acb 2 dwords at 0xfe003a200: pass 1 rewrite 0 drop 0 unmapped 0 cc 0 mappings 1612 ... OK rc 0 20.45 ms
timing: #468 done at t 13.229 s, 22.0 ms after the sync and hints
swapped pages taken as resident so far: 0
vmas 108 total 13075.0 MiB resident 3709.2 MiB mapped 3709.3 MiB
submit #469 acb 49 dwords at 0x4002a69dc: pass 2 rewrite 3 drop 3 unmapped 0 cc 0 mappings 1614 ... OK rc 0 20.30 ms
timing: #469 done at t 13.263 s, 21.8 ms after the sync and hints
submit #470 cc 3 dwords at 0x313b17cf4: pass 0 rewrite 1 drop 0 unmapped 0 cc 1 mappings 1614 ... OK rc 0 19.88 ms
timing: #470 done at t 13.296 s, 21.5 ms after the sync and hints
submit #471 hib 150 dwords at 0xfe0000000: pass 12 rewrite 2 drop 2 unmapped 0 cc 2 mappings 1614 ... OK rc 0 20.12 ms
timing: #471 done at t 13.329 s, 22.0 ms after the sync and hints
submit #472 hib 2 dwords at 0xfe003a200: pass 1 rewrite 0 drop 0 unmapped 0 cc 0 mappings 1614 ... OK rc 0 19.94 ms
timing: #472 done at t 13.363 s, 21.6 ms after the sync and hints
submit #473 dcb 96 dwords at 0xfe0042920: pass 20 rewrite 2 drop 2 unmapped 0 cc 0 mappings 1614 ... OK rc 0 19.98 ms
timing: #473 done at t 13.396 s, 21.8 ms after the sync and hints
submit #474 dcb 2647 dwords at 0x504302500: pass 236 rewrite 123 drop 120 unmapped 0 cc 4 mappings 1614 ... OK rc 0 20.31 ms
timing: #474 done at t 13.431 s, 24.2 ms after the sync and hints
state stack #474: push 2 pop 2 conditional 1 unmatched 0; restored 1842 regs (+1874 dwords); tables 13, unreadable 0
swapped pages taken as resident so far: 0
vmas 108 total 13075.0 MiB resident 3709.3 MiB mapped 3709.4 MiB
submit #475 dcb 851 dwords at 0x505e02500: pass 47 rewrite 55 drop 45 unmapped 0 cc 0 mappings 1616 ... OK rc 0 19.83 ms
timing: #475 done at t 13.465 s, 21.7 ms after the sync and hints
submit #476 acb 2 dwords at 0xfe003a200: pass 1 rewrite 0 drop 0 unmapped 0 cc 0 mappings 1616 ... OK rc 0 20.19 ms
timing: #476 done at t 13.499 s, 21.7 ms after the sync and hints
submit #477 acb 463 dwords at 0x400526840: pass 43 rewrite 11 drop 27 unmapped 0 cc 0 mappings 1616 ... OK rc 0 20.85 ms
timing: #477 done at t 13.533 s, 22.7 ms after the sync and hints
submit #478 dcb 798 dwords at 0x506e02500: pass 103 rewrite 35 drop 22 unmapped 0 cc 6 mappings 1616 ... acb head: 1287 of 1336 dwords go ahead of the wait at 1287 on 0x400203b80
OK rc 0 20.77 ms
timing: #478 done at t 13.569 s, 25.1 ms after the sync and hints
state stack #478: push 3 pop 3 conditional 1 unmatched 0; restored 2763 regs (+2811 dwords); tables 17, unreadable 0
submit #479 acb 1287 dwords at 0x400345640: pass 118 rewrite 35 drop 63 unmapped 0 cc 0 mappings 1616 ... OK rc 0 21.73 ms
timing: #479 done at t 13.604 s, 23.5 ms after the sync and hints
submit #480 dcb 1248 dwords at 0x505202500: pass 151 rewrite 46 drop 45 unmapped 0 cc 6 mappings 1616 ... OK rc 0 19.98 ms
timing: #480 done at t 13.639 s, 23.5 ms after the sync and hints
state stack #480: push 3 pop 3 conditional 1 unmatched 0; restored 2763 regs (+2811 dwords); tables 11, unreadable 0
flip 1/1 buffer 0x5093f0000 +0x1fe0000: sum 0x17ea65194594 nonzero 8100/8160 pattern 0
  target CB0 0x507410000: distinct 53 min 0xc0000000 max 0xc340d034,   target CB0 0x507410000: nonzero 1024/1024
  target CB0 0x563800000: distinct 1 min 0x00000000 max 0x00000000,   target CB0 0x563800000: nonzero 0/1024
  target CB0 0x55c00d000: distinct 4 min 0x00000000 max 0xffffffff,   target CB0 0x55c00d000: nonzero 147/1024
  target CB0 0x5637f0000: distinct 1 min 0x00000000 max 0x00000000,   target CB0 0x5637f0000: nonzero 0/1024
  target CB0 0x526bf0000: distinct 1 min 0x38003800 max 0x38003800,   target CB0 0x526bf0000: nonzero 1024/1024
  target CB0 0x5719a8000: distinct 15 min 0x00000000 max 0xffffffff,   target CB0 0x5719a8000: nonzero 102/1024
  target DB_HTILE 0x5203a0000: distinct 2 min 0x00000000 max 0xfffffff0,   target DB_HTILE 0x5203a0000: nonzero 160/1024
  target DB_Z_READ 0x51db50000: distinct 1 min 0x3f800000 max 0x3f800000,   target DB_Z_READ 0x51db50000: nonzero 1024/1024
  target DB_STENCIL_READ 0x51fb30000: distinct 1 min 0x80800000 max 0x80800000,   target DB_STENCIL_READ 0x51fb30000: nonzero 1024/1024
  target CB0 0x513bf0000: distinct 1 min 0x00000000 max 0x00000000,   target CB0 0x513bf0000: nonzero 0/1024
  target CB0 0x571867000: distinct 17 min 0x00000000 max 0xffffffff,   target CB0 0x571867000: nonzero 215/1024
  target CB0 0x57187b000: distinct 17 min 0x00000000 max 0xffffffff,   target CB0 0x57187b000: nonzero 195/1024
  target CB0 0x519b90000: distinct 1 min 0x00000000 max 0x00000000,   target CB0 0x519b90000: nonzero 0/1024
  target CB0 0x5718eb000: distinct 16 min 0x00000000 max 0xffffffff,   target CB0 0x5718eb000: nonzero 123/1024
  target DB_HTILE 0x55c050000: distinct 3 min 0x00000000 max 0xffffffff,   target DB_HTILE 0x55c050000: nonzero 144/1024
  target DB_Z_READ 0x527430000: distinct 1 min 0xffffffff max 0xffffffff,   target DB_Z_READ 0x527430000: nonzero 1024/1024
timing: t 13.640 s flip 1/1, VideoOutSubmitFlip took 0.0 ms
  indirect op 16 at 1246: base 0x5074063c0 +0x0 -> 1 1 1 0 0
  indirect op 16 at 1278: base 0x5074063e0 +0x0 -> 1 1 1 0 0
  indirect op 16 at 1310: base 0x50740a520 +0x0 -> 1 1 1 0 0
  indirect op 16 at 1342: base 0x50740a540 +0x0 -> 1 1 1 0 0
  indirect op 25 at 4584: base 0x56ddaffa0 +0x0 -> 1 512 0 0 0
submit #481 dcb 9023 dwords at 0x502e02500: pass 559 rewrite 484 drop 408 unmapped 1 cc 8 mappings 1616 ... OK rc 0 23.21 ms
timing: #481 done at t 13.685 s, 32.0 ms after the sync and hints
state stack #481: push 4 pop 4 conditional 1 unmatched 0; restored 3684 regs (+3748 dwords); tables 35, unreadable 0
submit #482 acb 2 dwords at 0xfe003a200: pass 1 rewrite 0 drop 0 unmapped 0 cc 0 mappings 1616 ... OK rc 0 20.02 ms
timing: #482 done at t 13.718 s, 21.8 ms after the sync and hints
submit #483 acb 49 dwords at 0x400346a5c: pass 2 rewrite 3 drop 3 unmapped 0 cc 0 mappings 1616 ... OK rc 0 19.84 ms
timing: #483 done at t 13.751 s, 21.6 ms after the sync and hints
submit #484 cc 3 dwords at 0x313b17cf4: pass 0 rewrite 1 drop 0 unmapped 0 cc 1 mappings 1616 ... OK rc 0 19.96 ms
timing: #484 done at t 13.784 s, 21.7 ms after the sync and hints
submit #485 hib 150 dwords at 0xfe0000000: pass 12 rewrite 2 drop 2 unmapped 0 cc 2 mappings 1616 ... OK rc 0 19.73 ms
timing: #485 done at t 13.817 s, 21.8 ms after the sync and hints
submit #486 hib 2 dwords at 0xfe003a200: pass 1 rewrite 0 drop 0 unmapped 0 cc 0 mappings 1616 ... OK rc 0 20.10 ms
timing: #486 done at t 13.850 s, 21.9 ms after the sync and hints
submit #487 dcb 96 dwords at 0xfe0042920: pass 20 rewrite 2 drop 2 unmapped 0 cc 0 mappings 1616 ... OK rc 0 20.27 ms
timing: #487 done at t 13.884 s, 22.3 ms after the sync and hints
submit #488 dcb 2647 dwords at 0x503502500: pass 236 rewrite 123 drop 120 unmapped 0 cc 4 mappings 1616 ... OK rc 0 20.31 ms
timing: #488 done at t 13.919 s, 24.4 ms after the sync and hints
state stack #488: push 2 pop 2 conditional 1 unmatched 0; restored 1842 regs (+1874 dwords); tables 13, unreadable 0
submit #489 dcb 851 dwords at 0x505602500: pass 47 rewrite 55 drop 45 unmapped 0 cc 0 mappings 1616 ... OK rc 0 19.93 ms
timing: #489 done at t 13.953 s, 22.1 ms after the sync and hints
submit #490 acb 2 dwords at 0xfe003a200: pass 1 rewrite 0 drop 0 unmapped 0 cc 0 mappings 1616 ... OK rc 0 19.89 ms
timing: #490 done at t 13.986 s, 21.6 ms after the sync and hints
submit #491 acb 463 dwords at 0x4003e6740: pass 43 rewrite 11 drop 27 unmapped 0 cc 0 mappings 1616 ... OK rc 0 20.29 ms
timing: #491 done at t 14.019 s, 22.1 ms after the sync and hints
submit #492 dcb 798 dwords at 0x506202500: pass 103 rewrite 35 drop 22 unmapped 0 cc 6 mappings 1616 ... acb head: 1287 of 1336 dwords go ahead of the wait at 1287 on 0x400202380
OK rc 0 20.47 ms
timing: #492 done at t 14.056 s, 25.1 ms after the sync and hints
state stack #492: push 3 pop 3 conditional 1 unmatched 0; restored 2763 regs (+2811 dwords); tables 17, unreadable 0
submit #493 acb 1287 dwords at 0x400205540: pass 118 rewrite 35 drop 63 unmapped 0 cc 0 mappings 1616 ... OK rc 0 21.60 ms
timing: #493 done at t 14.091 s, 23.4 ms after the sync and hints
submit #494 dcb 1248 dwords at 0x504a02500: pass 151 rewrite 46 drop 45 unmapped 0 cc 6 mappings 1616 ... OK rc 0 19.88 ms
timing: #494 done at t 14.126 s, 23.3 ms after the sync and hints
state stack #494: push 3 pop 3 conditional 1 unmatched 0; restored 2763 regs (+2811 dwords); tables 11, unreadable 0
flip 1/0 buffer 0x507410000 +0x1fe0000: sum 0x17ea65194594 nonzero 8100/8160 pattern 0
  target CB0 0x5093f0000: distinct 53 min 0xc0000000 max 0xc340d034,   target CB0 0x5093f0000: nonzero 1024/1024
  target CB0 0x563800000: distinct 1 min 0x00000000 max 0x00000000,   target CB0 0x563800000: nonzero 0/1024
  target CB0 0x55c00d000: distinct 4 min 0x00000000 max 0xffffffff,   target CB0 0x55c00d000: nonzero 147/1024
  target CB0 0x5637f0000: distinct 1 min 0x00000000 max 0x00000000,   target CB0 0x5637f0000: nonzero 0/1024
  target CB0 0x526bf0000: distinct 1 min 0x38003800 max 0x38003800,   target CB0 0x526bf0000: nonzero 1024/1024
  target CB0 0x5719a8000: distinct 15 min 0x00000000 max 0xffffffff,   target CB0 0x5719a8000: nonzero 102/1024
  target DB_HTILE 0x5203a0000: distinct 2 min 0x00000000 max 0xfffffff0,   target DB_HTILE 0x5203a0000: nonzero 160/1024
  target DB_Z_READ 0x51db50000: distinct 1 min 0x3f800000 max 0x3f800000,   target DB_Z_READ 0x51db50000: nonzero 1024/1024
  target DB_STENCIL_READ 0x51fb30000: distinct 1 min 0x80800000 max 0x80800000,   target DB_STENCIL_READ 0x51fb30000: nonzero 1024/1024
  target CB0 0x513bf0000: distinct 1 min 0x00000000 max 0x00000000,   target CB0 0x513bf0000: nonzero 0/1024
  target CB0 0x571867000: distinct 17 min 0x00000000 max 0xffffffff,   target CB0 0x571867000: nonzero 215/1024
  target CB0 0x57187b000: distinct 17 min 0x00000000 max 0xffffffff,   target CB0 0x57187b000: nonzero 195/1024
  target CB0 0x519b90000: distinct 1 min 0x00000000 max 0x00000000,   target CB0 0x519b90000: nonzero 0/1024
  target CB0 0x5718eb000: distinct 16 min 0x00000000 max 0xffffffff,   target CB0 0x5718eb000: nonzero 123/1024
  target DB_HTILE 0x55c050000: distinct 3 min 0x00000000 max 0xffffffff,   target DB_HTILE 0x55c050000: nonzero 144/1024
  target DB_Z_READ 0x527430000: distinct 1 min 0xffffffff max 0xffffffff,   target DB_Z_READ 0x527430000: nonzero 1024/1024
timing: t 14.127 s flip 1/0, VideoOutSubmitFlip took 0.0 ms
  indirect op 16 at 1246: base 0x5074063c0 +0x0 -> 1 1 1 0 0
  indirect op 16 at 1278: base 0x5074063e0 +0x0 -> 1 1 1 0 0
  indirect op 16 at 1310: base 0x50740a520 +0x0 -> 1 1 1 0 0
  indirect op 16 at 1342: base 0x50740a540 +0x0 -> 1 1 1 0 0
  indirect op 25 at 4584: base 0x56ddaffa0 +0x0 -> 1 512 0 0 0
submit #495 dcb 9023 dwords at 0x502002500: pass 559 rewrite 484 drop 408 unmapped 1 cc 8 mappings 1616 ... OK rc 0 23.06 ms
timing: #495 done at t 14.170 s, 31.9 ms after the sync and hints
state stack #495: push 4 pop 4 conditional 1 unmatched 0; restored 3684 regs (+3748 dwords); tables 35, unreadable 0
submit #496 acb 2 dwords at 0xfe003a200: pass 1 rewrite 0 drop 0 unmapped 0 cc 0 mappings 1616 ... OK rc 0 24.52 ms
timing: #496 done at t 14.214 s, 30.2 ms after the sync and hints
swapped pages taken as resident so far: 0
vmas 108 total 13075.0 MiB resident 3709.6 MiB mapped 3709.6 MiB
submit #497 acb 49 dwords at 0x40020695c: pass 2 rewrite 3 drop 3 unmapped 0 cc 0 mappings 1617 ... OK rc 0 21.88 ms
timing: #497 done at t 14.249 s, 23.7 ms after the sync and hints
submit #498 cc 3 dwords at 0x313b17cf4: pass 0 rewrite 1 drop 0 unmapped 0 cc 1 mappings 1617 ... OK rc 0 19.97 ms
timing: #498 done at t 14.282 s, 21.8 ms after the sync and hints
submit #499 hib 150 dwords at 0xfe0000000: pass 12 rewrite 2 drop 2 unmapped 0 cc 2 mappings 1617 ... OK rc 0 20.07 ms
timing: #499 done at t 14.316 s, 22.1 ms after the sync and hints
submit #500 hib 2 dwords at 0xfe003a200: pass 1 rewrite 0 drop 0 unmapped 0 cc 0 mappings 1617 ... OK rc 0 19.79 ms
timing: #500 done at t 14.348 s, 21.5 ms after the sync and hints
submit #501 dcb 96 dwords at 0xfe0042920: pass 20 rewrite 2 drop 2 unmapped 0 cc 0 mappings 1617 ... OK rc 0 19.95 ms
timing: #501 done at t 14.381 s, 21.9 ms after the sync and hints
submit #502 dcb 2647 dwords at 0x503c02500: pass 236 rewrite 123 drop 120 unmapped 0 cc 4 mappings 1617 ... OK rc 0 20.46 ms
timing: #502 done at t 14.418 s, 24.6 ms after the sync and hints
state stack #502: push 2 pop 2 conditional 1 unmatched 0; restored 1842 regs (+1874 dwords); tables 13, unreadable 0
swapped pages taken as resident so far: 0
vmas 108 total 13075.0 MiB resident 3709.6 MiB mapped 3709.7 MiB
submit #503 dcb 851 dwords at 0x505a02500: pass 47 rewrite 55 drop 45 unmapped 0 cc 0 mappings 1618 ... OK rc 0 19.91 ms
timing: #503 done at t 14.452 s, 22.0 ms after the sync and hints
submit #504 acb 2 dwords at 0xfe003a200: pass 1 rewrite 0 drop 0 unmapped 0 cc 0 mappings 1618 ... OK rc 0 20.31 ms
timing: #504 done at t 14.485 s, 22.2 ms after the sync and hints
submit #505 acb 463 dwords at 0x4004867c0: pass 43 rewrite 11 drop 27 unmapped 0 cc 0 mappings 1618 ... OK rc 0 20.23 ms
timing: #505 done at t 14.518 s, 22.0 ms after the sync and hints
submit #506 dcb 798 dwords at 0x506802500: pass 103 rewrite 35 drop 22 unmapped 0 cc 6 mappings 1618 ... acb head: 1287 of 1336 dwords go ahead of the wait at 1287 on 0x400202f80
OK rc 0 20.73 ms
timing: #506 done at t 14.555 s, 25.1 ms after the sync and hints
state stack #506: push 3 pop 3 conditional 1 unmatched 0; restored 2763 regs (+2811 dwords); tables 17, unreadable 0
submit #507 acb 1287 dwords at 0x4002a55c0: pass 118 rewrite 35 drop 63 unmapped 0 cc 0 mappings 1618 ... OK rc 0 21.91 ms
timing: #507 done at t 14.590 s, 23.7 ms after the sync and hints
submit #508 dcb 1248 dwords at 0x504e02500: pass 151 rewrite 46 drop 45 unmapped 0 cc 6 mappings 1618 ... OK rc 0 20.15 ms
timing: #508 done at t 14.626 s, 23.8 ms after the sync and hints
state stack #508: push 3 pop 3 conditional 1 unmatched 0; restored 2763 regs (+2811 dwords); tables 11, unreadable 0
flip 1/1 buffer 0x5093f0000 +0x1fe0000: sum 0x17ea65194594 nonzero 8100/8160 pattern 0
  target CB0 0x507410000: distinct 53 min 0xc0000000 max 0xc340d034,   target CB0 0x507410000: nonzero 1024/1024
  target CB0 0x563800000: distinct 1 min 0x00000000 max 0x00000000,   target CB0 0x563800000: nonzero 0/1024
  target CB0 0x55c00d000: distinct 4 min 0x00000000 max 0xffffffff,   target CB0 0x55c00d000: nonzero 147/1024
  target CB0 0x5637f0000: distinct 1 min 0x00000000 max 0x00000000,   target CB0 0x5637f0000: nonzero 0/1024
  target CB0 0x526bf0000: distinct 1 min 0x38003800 max 0x38003800,   target CB0 0x526bf0000: nonzero 1024/1024
  target CB0 0x5719a8000: distinct 15 min 0x00000000 max 0xffffffff,   target CB0 0x5719a8000: nonzero 102/1024
  target DB_HTILE 0x5203a0000: distinct 2 min 0x00000000 max 0xfffffff0,   target DB_HTILE 0x5203a0000: nonzero 160/1024
  target DB_Z_READ 0x51db50000: distinct 1 min 0x3f800000 max 0x3f800000,   target DB_Z_READ 0x51db50000: nonzero 1024/1024
  target DB_STENCIL_READ 0x51fb30000: distinct 1 min 0x80800000 max 0x80800000,   target DB_STENCIL_READ 0x51fb30000: nonzero 1024/1024
  target CB0 0x513bf0000: distinct 1 min 0x00000000 max 0x00000000,   target CB0 0x513bf0000: nonzero 0/1024
  target CB0 0x571867000: distinct 17 min 0x00000000 max 0xffffffff,   target CB0 0x571867000: nonzero 215/1024
  target CB0 0x57187b000: distinct 17 min 0x00000000 max 0xffffffff,   target CB0 0x57187b000: nonzero 195/1024
  target CB0 0x519b90000: distinct 1 min 0x00000000 max 0x00000000,   target CB0 0x519b90000: nonzero 0/1024
  target CB0 0x5718eb000: distinct 16 min 0x00000000 max 0xffffffff,   target CB0 0x5718eb000: nonzero 123/1024
  target DB_HTILE 0x55c050000: distinct 3 min 0x00000000 max 0xffffffff,   target DB_HTILE 0x55c050000: nonzero 144/1024
  target DB_Z_READ 0x527430000: distinct 1 min 0xffffffff max 0xffffffff,   target DB_Z_READ 0x527430000: nonzero 1024/1024
timing: t 14.627 s flip 1/1, VideoOutSubmitFlip took 0.0 ms
  indirect op 16 at 1246: base 0x5074063c0 +0x0 -> 1 1 1 0 0
  indirect op 16 at 1278: base 0x5074063e0 +0x0 -> 1 1 1 0 0
  indirect op 16 at 1310: base 0x50740a520 +0x0 -> 1 1 1 0 0
  indirect op 16 at 1342: base 0x50740a540 +0x0 -> 1 1 1 0 0
  indirect op 25 at 4584: base 0x56ddaffa0 +0x0 -> 1 512 0 0 0
submit #509 dcb 9023 dwords at 0x502702500: pass 559 rewrite 484 drop 408 unmapped 1 cc 8 mappings 1618 ... OK rc 0 23.38 ms
timing: #509 done at t 14.671 s, 32.1 ms after the sync and hints
state stack #509: push 4 pop 4 conditional 1 unmatched 0; restored 3684 regs (+3748 dwords); tables 35, unreadable 0
swapped pages taken as resident so far: 0
vmas 108 total 13075.0 MiB resident 3709.7 MiB mapped 3709.7 MiB
submit #510 acb 2 dwords at 0xfe003a200: pass 1 rewrite 0 drop 0 unmapped 0 cc 0 mappings 1619 ... OK rc 0 20.00 ms
timing: #510 done at t 14.704 s, 21.7 ms after the sync and hints
swapped pages taken as resident so far: 0
vmas 108 total 13075.0 MiB resident 3709.7 MiB mapped 3709.8 MiB
submit #511 acb 49 dwords at 0x4002a69dc: pass 2 rewrite 3 drop 3 unmapped 0 cc 0 mappings 1620 ... OK rc 0 19.83 ms
timing: #511 done at t 14.737 s, 21.5 ms after the sync and hints
submit #512 cc 3 dwords at 0x313b17cf4: pass 0 rewrite 1 drop 0 unmapped 0 cc 1 mappings 1620 ... OK rc 0 19.99 ms
timing: #512 done at t 14.772 s, 21.7 ms after the sync and hints
submit #513 hib 150 dwords at 0xfe0000000: pass 12 rewrite 2 drop 2 unmapped 0 cc 2 mappings 1620 ... OK rc 0 20.08 ms
timing: #513 done at t 14.806 s, 22.2 ms after the sync and hints
submit #514 hib 2 dwords at 0xfe003a200: pass 1 rewrite 0 drop 0 unmapped 0 cc 0 mappings 1620 ... OK rc 0 20.01 ms
timing: #514 done at t 14.839 s, 21.8 ms after the sync and hints
submit #515 dcb 96 dwords at 0xfe0042920: pass 20 rewrite 2 drop 2 unmapped 0 cc 0 mappings 1620 ... OK rc 0 20.00 ms
timing: #515 done at t 14.872 s, 22.0 ms after the sync and hints
submit #516 dcb 2647 dwords at 0x504302500: pass 236 rewrite 123 drop 120 unmapped 0 cc 4 mappings 1620 ... OK rc 0 20.62 ms
timing: #516 done at t 14.908 s, 24.7 ms after the sync and hints
state stack #516: push 2 pop 2 conditional 1 unmatched 0; restored 1842 regs (+1874 dwords); tables 13, unreadable 0
submit #517 dcb 851 dwords at 0x505e02500: pass 47 rewrite 55 drop 45 unmapped 0 cc 0 mappings 1620 ... OK rc 0 20.03 ms
timing: #517 done at t 14.942 s, 22.3 ms after the sync and hints
submit #518 acb 2 dwords at 0xfe003a200: pass 1 rewrite 0 drop 0 unmapped 0 cc 0 mappings 1620 ... OK rc 0 19.80 ms
timing: #518 done at t 14.976 s, 21.6 ms after the sync and hints
submit #519 acb 463 dwords at 0x400526840: pass 43 rewrite 11 drop 27 unmapped 0 cc 0 mappings 1620 ... OK rc 0 20.46 ms
timing: #519 done at t 15.009 s, 22.2 ms after the sync and hints
submit #520 dcb 798 dwords at 0x506e02500: pass 103 rewrite 35 drop 22 unmapped 0 cc 6 mappings 1620 ... acb head: 1287 of 1336 dwords go ahead of the wait at 1287 on 0x400203b80
OK rc 0 21.25 ms
timing: #520 done at t 15.046 s, 25.6 ms after the sync and hints
state stack #520: push 3 pop 3 conditional 1 unmatched 0; restored 2763 regs (+2811 dwords); tables 17, unreadable 0
submit #521 acb 1287 dwords at 0x400345640: pass 118 rewrite 35 drop 63 unmapped 0 cc 0 mappings 1620 ... OK rc 0 21.48 ms
timing: #521 done at t 15.081 s, 23.3 ms after the sync and hints
submit #522 dcb 1248 dwords at 0x505202500: pass 151 rewrite 46 drop 45 unmapped 0 cc 6 mappings 1620 ... OK rc 0 20.45 ms
timing: #522 done at t 15.116 s, 24.0 ms after the sync and hints
state stack #522: push 3 pop 3 conditional 1 unmatched 0; restored 2763 regs (+2811 dwords); tables 11, unreadable 0
flip 1/0 buffer 0x507410000 +0x1fe0000: sum 0x17ea65194594 nonzero 8100/8160 pattern 0
  target CB0 0x5093f0000: distinct 53 min 0xc0000000 max 0xc340d034,   target CB0 0x5093f0000: nonzero 1024/1024
  target CB0 0x563800000: distinct 1 min 0x00000000 max 0x00000000,   target CB0 0x563800000: nonzero 0/1024
  target CB0 0x55c00d000: distinct 4 min 0x00000000 max 0xffffffff,   target CB0 0x55c00d000: nonzero 147/1024
  target CB0 0x5637f0000: distinct 1 min 0x00000000 max 0x00000000,   target CB0 0x5637f0000: nonzero 0/1024
  target CB0 0x526bf0000: distinct 1 min 0x38003800 max 0x38003800,   target CB0 0x526bf0000: nonzero 1024/1024
  target CB0 0x5719a8000: distinct 15 min 0x00000000 max 0xffffffff,   target CB0 0x5719a8000: nonzero 102/1024
  target DB_HTILE 0x5203a0000: distinct 2 min 0x00000000 max 0xfffffff0,   target DB_HTILE 0x5203a0000: nonzero 160/1024
  target DB_Z_READ 0x51db50000: distinct 1 min 0x3f800000 max 0x3f800000,   target DB_Z_READ 0x51db50000: nonzero 1024/1024
  target DB_STENCIL_READ 0x51fb30000: distinct 1 min 0x80800000 max 0x80800000,   target DB_STENCIL_READ 0x51fb30000: nonzero 1024/1024
  target CB0 0x513bf0000: distinct 1 min 0x00000000 max 0x00000000,   target CB0 0x513bf0000: nonzero 0/1024
  target CB0 0x571867000: distinct 17 min 0x00000000 max 0xffffffff,   target CB0 0x571867000: nonzero 215/1024
  target CB0 0x57187b000: distinct 17 min 0x00000000 max 0xffffffff,   target CB0 0x57187b000: nonzero 195/1024
  target CB0 0x519b90000: distinct 1 min 0x00000000 max 0x00000000,   target CB0 0x519b90000: nonzero 0/1024
  target CB0 0x5718eb000: distinct 16 min 0x00000000 max 0xffffffff,   target CB0 0x5718eb000: nonzero 123/1024
  target DB_HTILE 0x55c050000: distinct 3 min 0x00000000 max 0xffffffff,   target DB_HTILE 0x55c050000: nonzero 144/1024
  target DB_Z_READ 0x527430000: distinct 1 min 0xffffffff max 0xffffffff,   target DB_Z_READ 0x527430000: nonzero 1024/1024
timing: t 15.117 s flip 1/0, VideoOutSubmitFlip took 0.0 ms
  indirect op 16 at 1246: base 0x5074063c0 +0x0 -> 1 1 1 0 0
  indirect op 16 at 1278: base 0x5074063e0 +0x0 -> 1 1 1 0 0
  indirect op 16 at 1310: base 0x50740a520 +0x0 -> 1 1 1 0 0
  indirect op 16 at 1342: base 0x50740a540 +0x0 -> 1 1 1 0 0
  indirect op 25 at 4584: base 0x56ddaffa0 +0x0 -> 1 512 0 0 0
submit #523 dcb 9023 dwords at 0x502e02500: pass 559 rewrite 484 drop 408 unmapped 1 cc 8 mappings 1620 ... OK rc 0 23.63 ms
timing: #523 done at t 15.162 s, 32.5 ms after the sync and hints
state stack #523: push 4 pop 4 conditional 1 unmatched 0; restored 3684 regs (+3748 dwords); tables 35, unreadable 0
submit #524 acb 2 dwords at 0xfe003a200: pass 1 rewrite 0 drop 0 unmapped 0 cc 0 mappings 1620 ... OK rc 0 22.66 ms
timing: #524 done at t 15.199 s, 24.4 ms after the sync and hints
submit #525 acb 49 dwords at 0x400346a5c: pass 2 rewrite 3 drop 3 unmapped 0 cc 0 mappings 1620 ... OK rc 0 20.58 ms
timing: #525 done at t 15.276 s, 63.9 ms after the sync and hints
submit #526 cc 3 dwords at 0x313b17cf4: pass 0 rewrite 1 drop 0 unmapped 0 cc 1 mappings 1620 ... OK rc 0 20.21 ms
timing: #526 done at t 15.310 s, 21.8 ms after the sync and hints
submit #527 hib 150 dwords at 0xfe0000000: pass 12 rewrite 2 drop 2 unmapped 0 cc 2 mappings 1620 ... OK rc 0 19.89 ms
timing: #527 done at t 15.343 s, 21.9 ms after the sync and hints
submit #528 hib 2 dwords at 0xfe003a200: pass 1 rewrite 0 drop 0 unmapped 0 cc 0 mappings 1620 ... OK rc 0 20.22 ms
timing: #528 done at t 15.376 s, 21.8 ms after the sync and hints
submit #529 dcb 96 dwords at 0xfe0042920: pass 20 rewrite 2 drop 2 unmapped 0 cc 0 mappings 1620 ... OK rc 0 20.15 ms
timing: #529 done at t 15.410 s, 22.0 ms after the sync and hints
submit #530 dcb 2647 dwords at 0x503502500: pass 236 rewrite 123 drop 120 unmapped 0 cc 4 mappings 1620 ... OK rc 0 20.49 ms
timing: #530 done at t 15.446 s, 24.5 ms after the sync and hints
state stack #530: push 2 pop 2 conditional 1 unmatched 0; restored 1842 regs (+1874 dwords); tables 13, unreadable 0
submit #531 dcb 851 dwords at 0x505602500: pass 47 rewrite 55 drop 45 unmapped 0 cc 0 mappings 1620 ... OK rc 0 20.38 ms
timing: #531 done at t 15.480 s, 22.4 ms after the sync and hints
submit #532 acb 2 dwords at 0xfe003a200: pass 1 rewrite 0 drop 0 unmapped 0 cc 0 mappings 1620 ... OK rc 0 20.07 ms
timing: #532 done at t 15.513 s, 21.7 ms after the sync and hints
submit #533 acb 463 dwords at 0x4003e6740: pass 43 rewrite 11 drop 27 unmapped 0 cc 0 mappings 1620 ... OK rc 0 20.36 ms
timing: #533 done at t 15.546 s, 22.1 ms after the sync and hints
submit #534 dcb 798 dwords at 0x506202500: pass 103 rewrite 35 drop 22 unmapped 0 cc 6 mappings 1620 ... acb head: 1287 of 1336 dwords go ahead of the wait at 1287 on 0x400202380
OK rc 0 20.73 ms
timing: #534 done at t 15.582 s, 24.8 ms after the sync and hints
state stack #534: push 3 pop 3 conditional 1 unmatched 0; restored 2763 regs (+2811 dwords); tables 17, unreadable 0
submit #535 acb 1287 dwords at 0x400205540: pass 118 rewrite 35 drop 63 unmapped 0 cc 0 mappings 1620 ... OK rc 0 21.36 ms
timing: #535 done at t 15.616 s, 23.1 ms after the sync and hints
submit #536 dcb 1248 dwords at 0x504a02500: pass 151 rewrite 46 drop 45 unmapped 0 cc 6 mappings 1620 ... OK rc 0 20.47 ms
timing: #536 done at t 15.652 s, 23.9 ms after the sync and hints
state stack #536: push 3 pop 3 conditional 1 unmatched 0; restored 2763 regs (+2811 dwords); tables 11, unreadable 0
flip 1/1 buffer 0x5093f0000 +0x1fe0000: sum 0x17ea65194594 nonzero 8100/8160 pattern 0
  target CB0 0x507410000: distinct 53 min 0xc0000000 max 0xc340d034,   target CB0 0x507410000: nonzero 1024/1024
  target CB0 0x563800000: distinct 1 min 0x00000000 max 0x00000000,   target CB0 0x563800000: nonzero 0/1024
  target CB0 0x55c00d000: distinct 4 min 0x00000000 max 0xffffffff,   target CB0 0x55c00d000: nonzero 147/1024
  target CB0 0x5637f0000: distinct 1 min 0x00000000 max 0x00000000,   target CB0 0x5637f0000: nonzero 0/1024
  target CB0 0x526bf0000: distinct 1 min 0x38003800 max 0x38003800,   target CB0 0x526bf0000: nonzero 1024/1024
  target CB0 0x5719a8000: distinct 15 min 0x00000000 max 0xffffffff,   target CB0 0x5719a8000: nonzero 102/1024
  target DB_HTILE 0x5203a0000: distinct 2 min 0x00000000 max 0xfffffff0,   target DB_HTILE 0x5203a0000: nonzero 160/1024
  target DB_Z_READ 0x51db50000: distinct 1 min 0x3f800000 max 0x3f800000,   target DB_Z_READ 0x51db50000: nonzero 1024/1024
  target DB_STENCIL_READ 0x51fb30000: distinct 1 min 0x80800000 max 0x80800000,   target DB_STENCIL_READ 0x51fb30000: nonzero 1024/1024
  target CB0 0x513bf0000: distinct 1 min 0x00000000 max 0x00000000,   target CB0 0x513bf0000: nonzero 0/1024
  target CB0 0x571867000: distinct 17 min 0x00000000 max 0xffffffff,   target CB0 0x571867000: nonzero 215/1024
  target CB0 0x57187b000: distinct 17 min 0x00000000 max 0xffffffff,   target CB0 0x57187b000: nonzero 195/1024
  target CB0 0x519b90000: distinct 1 min 0x00000000 max 0x00000000,   target CB0 0x519b90000: nonzero 0/1024
  target CB0 0x5718eb000: distinct 16 min 0x00000000 max 0xffffffff,   target CB0 0x5718eb000: nonzero 123/1024
  target DB_HTILE 0x55c050000: distinct 3 min 0x00000000 max 0xffffffff,   target DB_HTILE 0x55c050000: nonzero 144/1024
  target DB_Z_READ 0x527430000: distinct 1 min 0xffffffff max 0xffffffff,   target DB_Z_READ 0x527430000: nonzero 1024/1024
timing: t 15.653 s flip 1/1, VideoOutSubmitFlip took 0.0 ms
  indirect op 16 at 1246: base 0x5074063c0 +0x0 -> 1 1 1 0 0
  indirect op 16 at 1278: base 0x5074063e0 +0x0 -> 1 1 1 0 0
  indirect op 16 at 1310: base 0x50740a520 +0x0 -> 1 1 1 0 0
  indirect op 16 at 1342: base 0x50740a540 +0x0 -> 1 1 1 0 0
  indirect op 25 at 4584: base 0x56ddaffa0 +0x0 -> 1 512 0 0 0
submit #537 dcb 9023 dwords at 0x502002500: pass 559 rewrite 484 drop 408 unmapped 1 cc 8 mappings 1620 ... OK rc 0 23.15 ms
timing: #537 done at t 15.697 s, 32.1 ms after the sync and hints
state stack #537: push 4 pop 4 conditional 1 unmatched 0; restored 3684 regs (+3748 dwords); tables 35, unreadable 0
swapped pages taken as resident so far: 0
vmas 108 total 13075.0 MiB resident 3709.8 MiB mapped 3709.9 MiB
submit #538 acb 2 dwords at 0xfe003a200: pass 1 rewrite 0 drop 0 unmapped 0 cc 0 mappings 1621 ... OK rc 0 20.26 ms
timing: #538 done at t 15.730 s, 21.8 ms after the sync and hints
submit #539 acb 49 dwords at 0x40020695c: pass 2 rewrite 3 drop 3 unmapped 0 cc 0 mappings 1621 ... OK rc 0 20.24 ms
timing: #539 done at t 15.763 s, 21.9 ms after the sync and hints
submit #540 cc 3 dwords at 0x313b17cf4: pass 0 rewrite 1 drop 0 unmapped 0 cc 1 mappings 1621 ... OK rc 0 19.95 ms
timing: #540 done at t 15.797 s, 21.6 ms after the sync and hints
submit #541 hib 150 dwords at 0xfe0000000: pass 12 rewrite 2 drop 2 unmapped 0 cc 2 mappings 1621 ... OK rc 0 20.14 ms
timing: #541 done at t 15.830 s, 22.1 ms after the sync and hints
submit #542 hib 2 dwords at 0xfe003a200: pass 1 rewrite 0 drop 0 unmapped 0 cc 0 mappings 1621 ... OK rc 0 20.01 ms
timing: #542 done at t 15.863 s, 21.6 ms after the sync and hints
submit #543 dcb 96 dwords at 0xfe0042920: pass 20 rewrite 2 drop 2 unmapped 0 cc 0 mappings 1621 ... OK rc 0 19.84 ms
timing: #543 done at t 15.896 s, 21.7 ms after the sync and hints
submit #544 dcb 2647 dwords at 0x503c02500: pass 236 rewrite 123 drop 120 unmapped 0 cc 4 mappings 1621 ... OK rc 0 20.47 ms
timing: #544 done at t 15.932 s, 24.4 ms after the sync and hints
state stack #544: push 2 pop 2 conditional 1 unmatched 0; restored 1842 regs (+1874 dwords); tables 13, unreadable 0
submit #545 dcb 851 dwords at 0x505a02500: pass 47 rewrite 55 drop 45 unmapped 0 cc 0 mappings 1621 ... OK rc 0 19.77 ms
timing: #545 done at t 15.965 s, 21.8 ms after the sync and hints
submit #546 acb 2 dwords at 0xfe003a200: pass 1 rewrite 0 drop 0 unmapped 0 cc 0 mappings 1621 ... OK rc 0 20.66 ms
timing: #546 done at t 15.999 s, 22.4 ms after the sync and hints
submit #547 acb 463 dwords at 0x4004867c0: pass 43 rewrite 11 drop 27 unmapped 0 cc 0 mappings 1621 ... OK rc 0 20.63 ms
timing: #547 done at t 16.033 s, 22.2 ms after the sync and hints
submit #548 dcb 798 dwords at 0x506802500: pass 103 rewrite 35 drop 22 unmapped 0 cc 6 mappings 1621 ... acb head: 1287 of 1336 dwords go ahead of the wait at 1287 on 0x400202f80
OK rc 0 20.95 ms
timing: #548 done at t 16.070 s, 25.3 ms after the sync and hints
state stack #548: push 3 pop 3 conditional 1 unmatched 0; restored 2763 regs (+2811 dwords); tables 17, unreadable 0
submit #549 acb 1287 dwords at 0x4002a55c0: pass 118 rewrite 35 drop 63 unmapped 0 cc 0 mappings 1621 ... OK rc 0 21.59 ms
timing: #549 done at t 16.104 s, 23.2 ms after the sync and hints
submit #550 dcb 1248 dwords at 0x504e02500: pass 151 rewrite 46 drop 45 unmapped 0 cc 6 mappings 1621 ... OK rc 0 20.40 ms
timing: #550 done at t 16.140 s, 23.7 ms after the sync and hints
state stack #550: push 3 pop 3 conditional 1 unmatched 0; restored 2763 regs (+2811 dwords); tables 11, unreadable 0
flip 1/0 buffer 0x507410000 +0x1fe0000: sum 0x17ea65194594 nonzero 8100/8160 pattern 0
  target CB0 0x5093f0000: distinct 53 min 0xc0000000 max 0xc340d034,   target CB0 0x5093f0000: nonzero 1024/1024
  target CB0 0x563800000: distinct 1 min 0x00000000 max 0x00000000,   target CB0 0x563800000: nonzero 0/1024
  target CB0 0x55c00d000: distinct 4 min 0x00000000 max 0xffffffff,   target CB0 0x55c00d000: nonzero 147/1024
  target CB0 0x5637f0000: distinct 1 min 0x00000000 max 0x00000000,   target CB0 0x5637f0000: nonzero 0/1024
  target CB0 0x526bf0000: distinct 1 min 0x38003800 max 0x38003800,   target CB0 0x526bf0000: nonzero 1024/1024
  target CB0 0x5719a8000: distinct 15 min 0x00000000 max 0xffffffff,   target CB0 0x5719a8000: nonzero 102/1024
  target DB_HTILE 0x5203a0000: distinct 2 min 0x00000000 max 0xfffffff0,   target DB_HTILE 0x5203a0000: nonzero 160/1024
  target DB_Z_READ 0x51db50000: distinct 1 min 0x3f800000 max 0x3f800000,   target DB_Z_READ 0x51db50000: nonzero 1024/1024
  target DB_STENCIL_READ 0x51fb30000: distinct 1 min 0x80800000 max 0x80800000,   target DB_STENCIL_READ 0x51fb30000: nonzero 1024/1024
  target CB0 0x513bf0000: distinct 1 min 0x00000000 max 0x00000000,   target CB0 0x513bf0000: nonzero 0/1024
  target CB0 0x571867000: distinct 17 min 0x00000000 max 0xffffffff,   target CB0 0x571867000: nonzero 215/1024
  target CB0 0x57187b000: distinct 17 min 0x00000000 max 0xffffffff,   target CB0 0x57187b000: nonzero 195/1024
  target CB0 0x519b90000: distinct 1 min 0x00000000 max 0x00000000,   target CB0 0x519b90000: nonzero 0/1024
  target CB0 0x5718eb000: distinct 16 min 0x00000000 max 0xffffffff,   target CB0 0x5718eb000: nonzero 123/1024
  target DB_HTILE 0x55c050000: distinct 3 min 0x00000000 max 0xffffffff,   target DB_HTILE 0x55c050000: nonzero 144/1024
  target DB_Z_READ 0x527430000: distinct 1 min 0xffffffff max 0xffffffff,   target DB_Z_READ 0x527430000: nonzero 1024/1024
timing: t 16.141 s flip 1/0, VideoOutSubmitFlip took 0.0 ms
  indirect op 16 at 1246: base 0x5074063c0 +0x0 -> 1 1 1 0 0
  indirect op 16 at 1278: base 0x5074063e0 +0x0 -> 1 1 1 0 0
  indirect op 16 at 1310: base 0x50740a520 +0x0 -> 1 1 1 0 0
  indirect op 16 at 1342: base 0x50740a540 +0x0 -> 1 1 1 0 0
  indirect op 25 at 4584: base 0x56ddaffa0 +0x0 -> 1 512 0 0 0
submit #551 dcb 9023 dwords at 0x502702500: pass 559 rewrite 484 drop 408 unmapped 1 cc 8 mappings 1621 ... OK rc 0 23.51 ms
timing: #551 done at t 16.185 s, 32.3 ms after the sync and hints
state stack #551: push 4 pop 4 conditional 1 unmatched 0; restored 3684 regs (+3748 dwords); tables 35, unreadable 0
submit #552 acb 2 dwords at 0xfe003a200: pass 1 rewrite 0 drop 0 unmapped 0 cc 0 mappings 1621 ... OK rc 0 22.31 ms
timing: #552 done at t 16.222 s, 24.0 ms after the sync and hints
submit #553 acb 49 dwords at 0x4002a69dc: pass 2 rewrite 3 drop 3 unmapped 0 cc 0 mappings 1621 ... OK rc 0 24.92 ms
timing: #553 done at t 16.262 s, 26.7 ms after the sync and hints
submit #554 cc 3 dwords at 0x313b17cf4: pass 0 rewrite 1 drop 0 unmapped 0 cc 1 mappings 1621 ... OK rc 0 20.43 ms
timing: #554 done at t 16.296 s, 22.0 ms after the sync and hints
submit #555 hib 150 dwords at 0xfe0000000: pass 12 rewrite 2 drop 2 unmapped 0 cc 2 mappings 1621 ... OK rc 0 20.19 ms
timing: #555 done at t 16.329 s, 22.1 ms after the sync and hints
submit #556 hib 2 dwords at 0xfe003a200: pass 1 rewrite 0 drop 0 unmapped 0 cc 0 mappings 1621 ... OK rc 0 20.18 ms
timing: #556 done at t 16.362 s, 21.9 ms after the sync and hints
submit #557 dcb 96 dwords at 0xfe0042920: pass 20 rewrite 2 drop 2 unmapped 0 cc 0 mappings 1621 ... OK rc 0 20.38 ms
timing: #557 done at t 16.396 s, 22.3 ms after the sync and hints
submit #558 dcb 2647 dwords at 0x504302500: pass 236 rewrite 123 drop 120 unmapped 0 cc 4 mappings 1621 ... OK rc 0 20.27 ms
timing: #558 done at t 16.431 s, 24.2 ms after the sync and hints
state stack #558: push 2 pop 2 conditional 1 unmatched 0; restored 1842 regs (+1874 dwords); tables 13, unreadable 0
submit #559 dcb 851 dwords at 0x505e02500: pass 47 rewrite 55 drop 45 unmapped 0 cc 0 mappings 1621 ... OK rc 0 20.13 ms
timing: #559 done at t 16.465 s, 22.2 ms after the sync and hints
submit #560 acb 2 dwords at 0xfe003a200: pass 1 rewrite 0 drop 0 unmapped 0 cc 0 mappings 1621 ... OK rc 0 20.10 ms
timing: #560 done at t 16.498 s, 21.8 ms after the sync and hints
submit #561 acb 463 dwords at 0x400526840: pass 43 rewrite 11 drop 27 unmapped 0 cc 0 mappings 1621 ... OK rc 0 20.31 ms
timing: #561 done at t 16.531 s, 22.0 ms after the sync and hints
submit #562 dcb 798 dwords at 0x506e02500: pass 103 rewrite 35 drop 22 unmapped 0 cc 6 mappings 1621 ... acb head: 1287 of 1336 dwords go ahead of the wait at 1287 on 0x400203b80
OK rc 0 20.59 ms
timing: #562 done at t 16.568 s, 24.8 ms after the sync and hints
state stack #562: push 3 pop 3 conditional 1 unmatched 0; restored 2763 regs (+2811 dwords); tables 17, unreadable 0
submit #563 acb 1287 dwords at 0x400345640: pass 118 rewrite 35 drop 63 unmapped 0 cc 0 mappings 1621 ... OK rc 0 21.68 ms
timing: #563 done at t 16.603 s, 23.4 ms after the sync and hints
submit #564 dcb 1248 dwords at 0x505202500: pass 151 rewrite 46 drop 45 unmapped 0 cc 6 mappings 1621 ... OK rc 0 19.93 ms
timing: #564 done at t 16.638 s, 23.3 ms after the sync and hints
state stack #564: push 3 pop 3 conditional 1 unmatched 0; restored 2763 regs (+2811 dwords); tables 11, unreadable 0
flip 1/1 buffer 0x5093f0000 +0x1fe0000: sum 0x17ea65194594 nonzero 8100/8160 pattern 0
  target CB0 0x507410000: distinct 53 min 0xc0000000 max 0xc340d034,   target CB0 0x507410000: nonzero 1024/1024
  target CB0 0x563800000: distinct 1 min 0x00000000 max 0x00000000,   target CB0 0x563800000: nonzero 0/1024
  target CB0 0x55c00d000: distinct 4 min 0x00000000 max 0xffffffff,   target CB0 0x55c00d000: nonzero 147/1024
  target CB0 0x5637f0000: distinct 1 min 0x00000000 max 0x00000000,   target CB0 0x5637f0000: nonzero 0/1024
  target CB0 0x526bf0000: distinct 1 min 0x38003800 max 0x38003800,   target CB0 0x526bf0000: nonzero 1024/1024
  target CB0 0x5719a8000: distinct 15 min 0x00000000 max 0xffffffff,   target CB0 0x5719a8000: nonzero 102/1024
  target DB_HTILE 0x5203a0000: distinct 2 min 0x00000000 max 0xfffffff0,   target DB_HTILE 0x5203a0000: nonzero 160/1024
  target DB_Z_READ 0x51db50000: distinct 1 min 0x3f800000 max 0x3f800000,   target DB_Z_READ 0x51db50000: nonzero 1024/1024
  target DB_STENCIL_READ 0x51fb30000: distinct 1 min 0x80800000 max 0x80800000,   target DB_STENCIL_READ 0x51fb30000: nonzero 1024/1024
  target CB0 0x513bf0000: distinct 1 min 0x00000000 max 0x00000000,   target CB0 0x513bf0000: nonzero 0/1024
  target CB0 0x571867000: distinct 17 min 0x00000000 max 0xffffffff,   target CB0 0x571867000: nonzero 215/1024
  target CB0 0x57187b000: distinct 17 min 0x00000000 max 0xffffffff,   target CB0 0x57187b000: nonzero 195/1024
  target CB0 0x519b90000: distinct 1 min 0x00000000 max 0x00000000,   target CB0 0x519b90000: nonzero 0/1024
  target CB0 0x5718eb000: distinct 16 min 0x00000000 max 0xffffffff,   target CB0 0x5718eb000: nonzero 123/1024
  target DB_HTILE 0x55c050000: distinct 3 min 0x00000000 max 0xffffffff,   target DB_HTILE 0x55c050000: nonzero 144/1024
  target DB_Z_READ 0x527430000: distinct 1 min 0xffffffff max 0xffffffff,   target DB_Z_READ 0x527430000: nonzero 1024/1024
timing: t 16.638 s flip 1/1, VideoOutSubmitFlip took 0.0 ms
  indirect op 16 at 1246: base 0x5074063c0 +0x0 -> 1 1 1 0 0
  indirect op 16 at 1278: base 0x5074063e0 +0x0 -> 1 1 1 0 0
  indirect op 16 at 1310: base 0x50740a520 +0x0 -> 1 1 1 0 0
  indirect op 16 at 1342: base 0x50740a540 +0x0 -> 1 1 1 0 0
  indirect op 25 at 4584: base 0x56ddaffa0 +0x0 -> 1 512 0 0 0
submit #565 dcb 9023 dwords at 0x502e02500: pass 559 rewrite 484 drop 408 unmapped 1 cc 8 mappings 1621 ... OK rc 0 23.22 ms
timing: #565 done at t 16.683 s, 32.0 ms after the sync and hints
state stack #565: push 4 pop 4 conditional 1 unmatched 0; restored 3684 regs (+3748 dwords); tables 35, unreadable 0
submit #566 acb 2 dwords at 0xfe003a200: pass 1 rewrite 0 drop 0 unmapped 0 cc 0 mappings 1621 ... OK rc 0 20.10 ms
timing: #566 done at t 16.716 s, 21.7 ms after the sync and hints
swapped pages taken as resident so far: 0
vmas 108 total 13075.0 MiB resident 3709.9 MiB mapped 3709.9 MiB
submit #567 acb 49 dwords at 0x400346a5c: pass 2 rewrite 3 drop 3 unmapped 0 cc 0 mappings 1622 ... OK rc 0 19.93 ms
timing: #567 done at t 16.749 s, 21.5 ms after the sync and hints
submit #568 cc 3 dwords at 0x313b17cf4: pass 0 rewrite 1 drop 0 unmapped 0 cc 1 mappings 1622 ... OK rc 0 19.95 ms
timing: #568 done at t 16.782 s, 21.5 ms after the sync and hints
submit #569 hib 150 dwords at 0xfe0000000: pass 12 rewrite 2 drop 2 unmapped 0 cc 2 mappings 1622 ... OK rc 0 19.81 ms
timing: #569 done at t 16.815 s, 21.8 ms after the sync and hints
submit #570 hib 2 dwords at 0xfe003a200: pass 1 rewrite 0 drop 0 unmapped 0 cc 0 mappings 1622 ... OK rc 0 20.08 ms
timing: #570 done at t 16.848 s, 21.7 ms after the sync and hints
submit #571 dcb 96 dwords at 0xfe0042920: pass 20 rewrite 2 drop 2 unmapped 0 cc 0 mappings 1622 ... OK rc 0 20.08 ms
timing: #571 done at t 16.881 s, 22.0 ms after the sync and hints
submit #572 dcb 2647 dwords at 0x503502500: pass 236 rewrite 123 drop 120 unmapped 0 cc 4 mappings 1622 ... OK rc 0 20.35 ms
timing: #572 done at t 16.917 s, 24.2 ms after the sync and hints
state stack #572: push 2 pop 2 conditional 1 unmatched 0; restored 1842 regs (+1874 dwords); tables 13, unreadable 0
submit #573 dcb 851 dwords at 0x505602500: pass 47 rewrite 55 drop 45 unmapped 0 cc 0 mappings 1622 ... OK rc 0 20.14 ms
timing: #573 done at t 16.951 s, 22.2 ms after the sync and hints
submit #574 acb 2 dwords at 0xfe003a200: pass 1 rewrite 0 drop 0 unmapped 0 cc 0 mappings 1622 ... OK rc 0 20.42 ms
timing: #574 done at t 16.984 s, 22.1 ms after the sync and hints
submit #575 acb 463 dwords at 0x4003e6740: pass 43 rewrite 11 drop 27 unmapped 0 cc 0 mappings 1622 ... OK rc 0 20.40 ms
timing: #575 done at t 17.018 s, 22.1 ms after the sync and hints
submit #576 dcb 798 dwords at 0x506202500: pass 103 rewrite 35 drop 22 unmapped 0 cc 6 mappings 1622 ... acb head: 1287 of 1336 dwords go ahead of the wait at 1287 on 0x400202380
OK rc 0 20.91 ms
timing: #576 done at t 17.054 s, 25.1 ms after the sync and hints
state stack #576: push 3 pop 3 conditional 1 unmatched 0; restored 2763 regs (+2811 dwords); tables 17, unreadable 0
submit #577 acb 1287 dwords at 0x400205540: pass 118 rewrite 35 drop 63 unmapped 0 cc 0 mappings 1622 ... OK rc 0 21.62 ms
timing: #577 done at t 17.089 s, 23.4 ms after the sync and hints
submit #578 dcb 1248 dwords at 0x504a02500: pass 151 rewrite 46 drop 45 unmapped 0 cc 6 mappings 1622 ... OK rc 0 20.20 ms
timing: #578 done at t 17.125 s, 23.6 ms after the sync and hints
state stack #578: push 3 pop 3 conditional 1 unmatched 0; restored 2763 regs (+2811 dwords); tables 11, unreadable 0
flip 1/0 buffer 0x507410000 +0x1fe0000: sum 0x17ea65194594 nonzero 8100/8160 pattern 0
  target CB0 0x5093f0000: distinct 53 min 0xc0000000 max 0xc340d034,   target CB0 0x5093f0000: nonzero 1024/1024
  target CB0 0x563800000: distinct 1 min 0x00000000 max 0x00000000,   target CB0 0x563800000: nonzero 0/1024
  target CB0 0x55c00d000: distinct 4 min 0x00000000 max 0xffffffff,   target CB0 0x55c00d000: nonzero 147/1024
  target CB0 0x5637f0000: distinct 1 min 0x00000000 max 0x00000000,   target CB0 0x5637f0000: nonzero 0/1024
  target CB0 0x526bf0000: distinct 1 min 0x38003800 max 0x38003800,   target CB0 0x526bf0000: nonzero 1024/1024
  target CB0 0x5719a8000: distinct 15 min 0x00000000 max 0xffffffff,   target CB0 0x5719a8000: nonzero 102/1024
  target DB_HTILE 0x5203a0000: distinct 2 min 0x00000000 max 0xfffffff0,   target DB_HTILE 0x5203a0000: nonzero 160/1024
  target DB_Z_READ 0x51db50000: distinct 1 min 0x3f800000 max 0x3f800000,   target DB_Z_READ 0x51db50000: nonzero 1024/1024
  target DB_STENCIL_READ 0x51fb30000: distinct 1 min 0x80800000 max 0x80800000,   target DB_STENCIL_READ 0x51fb30000: nonzero 1024/1024
  target CB0 0x513bf0000: distinct 1 min 0x00000000 max 0x00000000,   target CB0 0x513bf0000: nonzero 0/1024
  target CB0 0x571867000: distinct 17 min 0x00000000 max 0xffffffff,   target CB0 0x571867000: nonzero 215/1024
  target CB0 0x57187b000: distinct 17 min 0x00000000 max 0xffffffff,   target CB0 0x57187b000: nonzero 195/1024
  target CB0 0x519b90000: distinct 1 min 0x00000000 max 0x00000000,   target CB0 0x519b90000: nonzero 0/1024
  target CB0 0x5718eb000: distinct 16 min 0x00000000 max 0xffffffff,   target CB0 0x5718eb000: nonzero 123/1024
  target DB_HTILE 0x55c050000: distinct 3 min 0x00000000 max 0xffffffff,   target DB_HTILE 0x55c050000: nonzero 144/1024
  target DB_Z_READ 0x527430000: distinct 1 min 0xffffffff max 0xffffffff,   target DB_Z_READ 0x527430000: nonzero 1024/1024
timing: t 17.126 s flip 1/0, VideoOutSubmitFlip took 0.0 ms
  indirect op 16 at 1246: base 0x5074063c0 +0x0 -> 1 1 1 0 0
  indirect op 16 at 1278: base 0x5074063e0 +0x0 -> 1 1 1 0 0
  indirect op 16 at 1310: base 0x50740a520 +0x0 -> 1 1 1 0 0
  indirect op 16 at 1342: base 0x50740a540 +0x0 -> 1 1 1 0 0
  indirect op 25 at 4584: base 0x56ddaffa0 +0x0 -> 1 512 0 0 0
submit #579 dcb 9023 dwords at 0x502002500: pass 559 rewrite 484 drop 408 unmapped 1 cc 8 mappings 1622 ... OK rc 0 23.34 ms
timing: #579 done at t 17.171 s, 32.1 ms after the sync and hints
state stack #579: push 4 pop 4 conditional 1 unmatched 0; restored 3684 regs (+3748 dwords); tables 35, unreadable 0
submit #580 acb 2 dwords at 0xfe003a200: pass 1 rewrite 0 drop 0 unmapped 0 cc 0 mappings 1622 ... OK rc 0 20.05 ms
timing: #580 done at t 17.204 s, 21.7 ms after the sync and hints
submit #581 acb 49 dwords at 0x40020695c: pass 2 rewrite 3 drop 3 unmapped 0 cc 0 mappings 1622 ... OK rc 0 20.03 ms
timing: #581 done at t 17.237 s, 21.7 ms after the sync and hints
submit #582 cc 3 dwords at 0x313b17cf4: pass 0 rewrite 1 drop 0 unmapped 0 cc 1 mappings 1622 ... OK rc 0 20.38 ms
timing: #582 done at t 17.271 s, 22.0 ms after the sync and hints
submit #583 hib 150 dwords at 0xfe0000000: pass 12 rewrite 2 drop 2 unmapped 0 cc 2 mappings 1622 ... OK rc 0 20.72 ms
timing: #583 done at t 17.305 s, 22.7 ms after the sync and hints
submit #584 hib 2 dwords at 0xfe003a200: pass 1 rewrite 0 drop 0 unmapped 0 cc 0 mappings 1622 ... OK rc 0 20.09 ms
timing: #584 done at t 17.338 s, 21.8 ms after the sync and hints
submit #585 dcb 96 dwords at 0xfe0042920: pass 20 rewrite 2 drop 2 unmapped 0 cc 0 mappings 1622 ... OK rc 0 22.15 ms
timing: #585 done at t 17.374 s, 24.3 ms after the sync and hints
submit #586 dcb 2647 dwords at 0x503c02500: pass 236 rewrite 123 drop 120 unmapped 0 cc 4 mappings 1622 ... OK rc 0 20.78 ms
timing: #586 done at t 17.410 s, 25.0 ms after the sync and hints
state stack #586: push 2 pop 2 conditional 1 unmatched 0; restored 1842 regs (+1874 dwords); tables 13, unreadable 0
swapped pages taken as resident so far: 0
vmas 108 total 13075.0 MiB resident 3710.3 MiB mapped 3710.4 MiB
submit #587 acb 2 dwords at 0xfe003a200: pass 1 rewrite 0 drop 0 unmapped 0 cc 0 mappings 1625 ... OK rc 0 20.02 ms
timing: #587 done at t 17.445 s, 21.7 ms after the sync and hints
swapped pages taken as resident so far: 0
vmas 108 total 13075.0 MiB resident 3710.4 MiB mapped 3710.4 MiB
submit #588 dcb 851 dwords at 0x505a02500: pass 47 rewrite 55 drop 45 unmapped 0 cc 0 mappings 1626 ... OK rc 0 20.28 ms
timing: #588 done at t 17.478 s, 22.2 ms after the sync and hints
submit #589 acb 463 dwords at 0x4004867c0: pass 43 rewrite 11 drop 27 unmapped 0 cc 0 mappings 1626 ... OK rc 0 20.78 ms
timing: #589 done at t 17.512 s, 22.5 ms after the sync and hints
submit #590 dcb 798 dwords at 0x506802500: pass 103 rewrite 35 drop 22 unmapped 0 cc 6 mappings 1626 ... acb head: 1287 of 1336 dwords go ahead of the wait at 1287 on 0x400202f80
OK rc 0 20.83 ms
timing: #590 done at t 17.549 s, 25.1 ms after the sync and hints
state stack #590: push 3 pop 3 conditional 1 unmatched 0; restored 2763 regs (+2811 dwords); tables 17, unreadable 0
submit #591 acb 1287 dwords at 0x4002a55c0: pass 118 rewrite 35 drop 63 unmapped 0 cc 0 mappings 1626 ... OK rc 0 21.87 ms
timing: #591 done at t 17.584 s, 23.7 ms after the sync and hints
submit #592 dcb 1248 dwords at 0x504e02500: pass 151 rewrite 46 drop 45 unmapped 0 cc 6 mappings 1626 ... OK rc 0 20.07 ms
timing: #592 done at t 17.619 s, 23.4 ms after the sync and hints
state stack #592: push 3 pop 3 conditional 1 unmatched 0; restored 2763 regs (+2811 dwords); tables 11, unreadable 0
flip 1/1 buffer 0x5093f0000 +0x1fe0000: sum 0x17ea65194594 nonzero 8100/8160 pattern 0
  target CB0 0x507410000: distinct 53 min 0xc0000000 max 0xc340d034,   target CB0 0x507410000: nonzero 1024/1024
  target CB0 0x563800000: distinct 1 min 0x00000000 max 0x00000000,   target CB0 0x563800000: nonzero 0/1024
  target CB0 0x55c00d000: distinct 4 min 0x00000000 max 0xffffffff,   target CB0 0x55c00d000: nonzero 147/1024
  target CB0 0x5637f0000: distinct 1 min 0x00000000 max 0x00000000,   target CB0 0x5637f0000: nonzero 0/1024
  target CB0 0x526bf0000: distinct 1 min 0x38003800 max 0x38003800,   target CB0 0x526bf0000: nonzero 1024/1024
  target CB0 0x5719a8000: distinct 15 min 0x00000000 max 0xffffffff,   target CB0 0x5719a8000: nonzero 102/1024
  target DB_HTILE 0x5203a0000: distinct 2 min 0x00000000 max 0xfffffff0,   target DB_HTILE 0x5203a0000: nonzero 160/1024
  target DB_Z_READ 0x51db50000: distinct 1 min 0x3f800000 max 0x3f800000,   target DB_Z_READ 0x51db50000: nonzero 1024/1024
  target DB_STENCIL_READ 0x51fb30000: distinct 1 min 0x80800000 max 0x80800000,   target DB_STENCIL_READ 0x51fb30000: nonzero 1024/1024
  target CB0 0x513bf0000: distinct 1 min 0x00000000 max 0x00000000,   target CB0 0x513bf0000: nonzero 0/1024
  target CB0 0x571867000: distinct 17 min 0x00000000 max 0xffffffff,   target CB0 0x571867000: nonzero 215/1024
  target CB0 0x57187b000: distinct 17 min 0x00000000 max 0xffffffff,   target CB0 0x57187b000: nonzero 195/1024
  target CB0 0x519b90000: distinct 1 min 0x00000000 max 0x00000000,   target CB0 0x519b90000: nonzero 0/1024
  target CB0 0x5718eb000: distinct 16 min 0x00000000 max 0xffffffff,   target CB0 0x5718eb000: nonzero 123/1024
  target DB_HTILE 0x55c050000: distinct 3 min 0x00000000 max 0xffffffff,   target DB_HTILE 0x55c050000: nonzero 144/1024
  target DB_Z_READ 0x527430000: distinct 1 min 0xffffffff max 0xffffffff,   target DB_Z_READ 0x527430000: nonzero 1024/1024
timing: t 17.620 s flip 1/1, VideoOutSubmitFlip took 0.0 ms
  indirect op 16 at 1246: base 0x5074063c0 +0x0 -> 1 1 1 0 0
  indirect op 16 at 1278: base 0x5074063e0 +0x0 -> 1 1 1 0 0
  indirect op 16 at 1310: base 0x50740a520 +0x0 -> 1 1 1 0 0
  indirect op 16 at 1342: base 0x50740a540 +0x0 -> 1 1 1 0 0
  indirect op 25 at 4584: base 0x56ddaffa0 +0x0 -> 1 512 0 0 0
submit #593 dcb 9023 dwords at 0x502702500: pass 559 rewrite 484 drop 408 unmapped 1 cc 8 mappings 1626 ... OK rc 0 23.59 ms
timing: #593 done at t 17.664 s, 32.3 ms after the sync and hints
state stack #593: push 4 pop 4 conditional 1 unmatched 0; restored 3684 regs (+3748 dwords); tables 35, unreadable 0
submit #594 acb 2 dwords at 0xfe003a200: pass 1 rewrite 0 drop 0 unmapped 0 cc 0 mappings 1626 ... OK rc 0 20.07 ms
timing: #594 done at t 17.697 s, 21.7 ms after the sync and hints
submit #595 acb 49 dwords at 0x4002a69dc: pass 2 rewrite 3 drop 3 unmapped 0 cc 0 mappings 1626 ... OK rc 0 20.26 ms
timing: #595 done at t 17.731 s, 21.9 ms after the sync and hints
submit #596 cc 3 dwords at 0x313b17cf4: pass 0 rewrite 1 drop 0 unmapped 0 cc 1 mappings 1626 ... OK rc 0 20.22 ms
timing: #596 done at t 17.765 s, 22.0 ms after the sync and hints
submit #597 hib 150 dwords at 0xfe0000000: pass 12 rewrite 2 drop 2 unmapped 0 cc 2 mappings 1626 ... OK rc 0 20.32 ms
timing: #597 done at t 17.799 s, 22.3 ms after the sync and hints
submit #598 hib 2 dwords at 0xfe003a200: pass 1 rewrite 0 drop 0 unmapped 0 cc 0 mappings 1626 ... OK rc 0 20.31 ms
timing: #598 done at t 17.832 s, 21.9 ms after the sync and hints
submit #599 dcb 96 dwords at 0xfe0042920: pass 20 rewrite 2 drop 2 unmapped 0 cc 0 mappings 1626 ... OK rc 0 19.95 ms
timing: #599 done at t 17.865 s, 21.9 ms after the sync and hints
submit #600 dcb 2647 dwords at 0x504302500: pass 236 rewrite 123 drop 120 unmapped 0 cc 4 mappings 1626 ... OK rc 0 20.42 ms
timing: #600 done at t 17.901 s, 24.6 ms after the sync and hints
state stack #600: push 2 pop 2 conditional 1 unmatched 0; restored 1842 regs (+1874 dwords); tables 13, unreadable 0
submit #601 dcb 851 dwords at 0x505e02500: pass 47 rewrite 55 drop 45 unmapped 0 cc 0 mappings 1626 ... OK rc 0 20.01 ms
timing: #601 done at t 17.935 s, 22.1 ms after the sync and hints
submit #602 acb 2 dwords at 0xfe003a200: pass 1 rewrite 0 drop 0 unmapped 0 cc 0 mappings 1626 ... OK rc 0 20.07 ms
timing: #602 done at t 17.969 s, 21.7 ms after the sync and hints
submit #603 acb 463 dwords at 0x400526840: pass 43 rewrite 11 drop 27 unmapped 0 cc 0 mappings 1626 ... OK rc 0 20.15 ms
timing: #603 done at t 18.002 s, 21.8 ms after the sync and hints
submit #604 dcb 798 dwords at 0x506e02500: pass 103 rewrite 35 drop 22 unmapped 0 cc 6 mappings 1626 ... acb head: 1287 of 1336 dwords go ahead of the wait at 1287 on 0x400203b80
OK rc 0 20.98 ms
timing: #604 done at t 18.040 s, 25.3 ms after the sync and hints
state stack #604: push 3 pop 3 conditional 1 unmatched 0; restored 2763 regs (+2811 dwords); tables 17, unreadable 0
submit #605 acb 1287 dwords at 0x400345640: pass 118 rewrite 35 drop 63 unmapped 0 cc 0 mappings 1626 ... OK rc 0 21.52 ms
timing: #605 done at t 18.074 s, 23.2 ms after the sync and hints
submit #606 dcb 1248 dwords at 0x505202500: pass 151 rewrite 46 drop 45 unmapped 0 cc 6 mappings 1626 ... OK rc 0 20.51 ms
timing: #606 done at t 18.110 s, 23.9 ms after the sync and hints
state stack #606: push 3 pop 3 conditional 1 unmatched 0; restored 2763 regs (+2811 dwords); tables 11, unreadable 0
flip 1/0 buffer 0x507410000 +0x1fe0000: sum 0x17ea65194594 nonzero 8100/8160 pattern 0
  target CB0 0x5093f0000: distinct 53 min 0xc0000000 max 0xc340d034,   target CB0 0x5093f0000: nonzero 1024/1024
  target CB0 0x563800000: distinct 1 min 0x00000000 max 0x00000000,   target CB0 0x563800000: nonzero 0/1024
  target CB0 0x55c00d000: distinct 4 min 0x00000000 max 0xffffffff,   target CB0 0x55c00d000: nonzero 147/1024
  target CB0 0x5637f0000: distinct 1 min 0x00000000 max 0x00000000,   target CB0 0x5637f0000: nonzero 0/1024
  target CB0 0x526bf0000: distinct 1 min 0x38003800 max 0x38003800,   target CB0 0x526bf0000: nonzero 1024/1024
  target CB0 0x5719a8000: distinct 15 min 0x00000000 max 0xffffffff,   target CB0 0x5719a8000: nonzero 102/1024
  target DB_HTILE 0x5203a0000: distinct 2 min 0x00000000 max 0xfffffff0,   target DB_HTILE 0x5203a0000: nonzero 160/1024
  target DB_Z_READ 0x51db50000: distinct 1 min 0x3f800000 max 0x3f800000,   target DB_Z_READ 0x51db50000: nonzero 1024/1024
  target DB_STENCIL_READ 0x51fb30000: distinct 1 min 0x80800000 max 0x80800000,   target DB_STENCIL_READ 0x51fb30000: nonzero 1024/1024
  target CB0 0x513bf0000: distinct 1 min 0x00000000 max 0x00000000,   target CB0 0x513bf0000: nonzero 0/1024
  target CB0 0x571867000: distinct 17 min 0x00000000 max 0xffffffff,   target CB0 0x571867000: nonzero 215/1024
  target CB0 0x57187b000: distinct 17 min 0x00000000 max 0xffffffff,   target CB0 0x57187b000: nonzero 195/1024
  target CB0 0x519b90000: distinct 1 min 0x00000000 max 0x00000000,   target CB0 0x519b90000: nonzero 0/1024
  target CB0 0x5718eb000: distinct 16 min 0x00000000 max 0xffffffff,   target CB0 0x5718eb000: nonzero 123/1024
  target DB_HTILE 0x55c050000: distinct 3 min 0x00000000 max 0xffffffff,   target DB_HTILE 0x55c050000: nonzero 144/1024
  target DB_Z_READ 0x527430000: distinct 1 min 0xffffffff max 0xffffffff,   target DB_Z_READ 0x527430000: nonzero 1024/1024
timing: t 18.111 s flip 1/0, VideoOutSubmitFlip took 0.0 ms
  indirect op 16 at 1246: base 0x5074063c0 +0x0 -> 1 1 1 0 0
  indirect op 16 at 1278: base 0x5074063e0 +0x0 -> 1 1 1 0 0
  indirect op 16 at 1310: base 0x50740a520 +0x0 -> 1 1 1 0 0
  indirect op 16 at 1342: base 0x50740a540 +0x0 -> 1 1 1 0 0
  indirect op 25 at 4584: base 0x56ddaffa0 +0x0 -> 1 512 0 0 0
submit #607 dcb 9023 dwords at 0x502e02500: pass 559 rewrite 484 drop 408 unmapped 1 cc 8 mappings 1626 ... OK rc 0 23.18 ms
timing: #607 done at t 18.155 s, 32.2 ms after the sync and hints
state stack #607: push 4 pop 4 conditional 1 unmatched 0; restored 3684 regs (+3748 dwords); tables 35, unreadable 0
submit #608 acb 2 dwords at 0xfe003a200: pass 1 rewrite 0 drop 0 unmapped 0 cc 0 mappings 1626 ... OK rc 0 20.34 ms
timing: #608 done at t 18.189 s, 22.0 ms after the sync and hints
submit #609 acb 49 dwords at 0x400346a5c: pass 2 rewrite 3 drop 3 unmapped 0 cc 0 mappings 1626 ... OK rc 0 20.08 ms
timing: #609 done at t 18.222 s, 21.8 ms after the sync and hints
submit #610 cc 3 dwords at 0x313b17cf4: pass 0 rewrite 1 drop 0 unmapped 0 cc 1 mappings 1626 ... OK rc 0 20.30 ms
timing: #610 done at t 18.256 s, 22.1 ms after the sync and hints
submit #611 hib 150 dwords at 0xfe0000000: pass 12 rewrite 2 drop 2 unmapped 0 cc 2 mappings 1626 ... OK rc 0 20.13 ms
timing: #611 done at t 18.289 s, 22.1 ms after the sync and hints
submit #612 hib 2 dwords at 0xfe003a200: pass 1 rewrite 0 drop 0 unmapped 0 cc 0 mappings 1626 ... OK rc 0 19.80 ms
timing: #612 done at t 18.322 s, 21.4 ms after the sync and hints
submit #613 dcb 96 dwords at 0xfe0042920: pass 20 rewrite 2 drop 2 unmapped 0 cc 0 mappings 1626 ... OK rc 0 19.91 ms
timing: #613 done at t 18.355 s, 21.8 ms after the sync and hints
submit #614 dcb 2647 dwords at 0x503502500: pass 236 rewrite 123 drop 120 unmapped 0 cc 4 mappings 1626 ... OK rc 0 20.63 ms
timing: #614 done at t 18.391 s, 24.6 ms after the sync and hints
state stack #614: push 2 pop 2 conditional 1 unmatched 0; restored 1842 regs (+1874 dwords); tables 13, unreadable 0
submit #615 dcb 851 dwords at 0x505602500: pass 47 rewrite 55 drop 45 unmapped 0 cc 0 mappings 1626 ... OK rc 0 20.02 ms
timing: #615 done at t 18.425 s, 22.1 ms after the sync and hints
submit #616 acb 2 dwords at 0xfe003a200: pass 1 rewrite 0 drop 0 unmapped 0 cc 0 mappings 1626 ... OK rc 0 19.95 ms
timing: #616 done at t 18.458 s, 21.6 ms after the sync and hints
submit #617 acb 463 dwords at 0x4003e6740: pass 43 rewrite 11 drop 27 unmapped 0 cc 0 mappings 1626 ... OK rc 0 20.39 ms
timing: #617 done at t 18.491 s, 22.0 ms after the sync and hints
submit #618 dcb 798 dwords at 0x506202500: pass 103 rewrite 35 drop 22 unmapped 0 cc 6 mappings 1626 ... acb head: 1287 of 1336 dwords go ahead of the wait at 1287 on 0x400202380
OK rc 0 20.76 ms
timing: #618 done at t 18.528 s, 25.0 ms after the sync and hints
state stack #618: push 3 pop 3 conditional 1 unmatched 0; restored 2763 regs (+2811 dwords); tables 17, unreadable 0
submit #619 acb 1287 dwords at 0x400205540: pass 118 rewrite 35 drop 63 unmapped 0 cc 0 mappings 1626 ... OK rc 0 21.53 ms
timing: #619 done at t 18.563 s, 23.3 ms after the sync and hints
submit #620 dcb 1248 dwords at 0x504a02500: pass 151 rewrite 46 drop 45 unmapped 0 cc 6 mappings 1626 ... OK rc 0 20.17 ms
timing: #620 done at t 18.598 s, 23.5 ms after the sync and hints
state stack #620: push 3 pop 3 conditional 1 unmatched 0; restored 2763 regs (+2811 dwords); tables 11, unreadable 0
flip 1/1 buffer 0x5093f0000 +0x1fe0000: sum 0x17ea65194594 nonzero 8100/8160 pattern 0
  target CB0 0x507410000: distinct 53 min 0xc0000000 max 0xc340d034,   target CB0 0x507410000: nonzero 1024/1024
  target CB0 0x563800000: distinct 1 min 0x00000000 max 0x00000000,   target CB0 0x563800000: nonzero 0/1024
  target CB0 0x55c00d000: distinct 4 min 0x00000000 max 0xffffffff,   target CB0 0x55c00d000: nonzero 147/1024
  target CB0 0x5637f0000: distinct 1 min 0x00000000 max 0x00000000,   target CB0 0x5637f0000: nonzero 0/1024
  target CB0 0x526bf0000: distinct 1 min 0x38003800 max 0x38003800,   target CB0 0x526bf0000: nonzero 1024/1024
  target CB0 0x5719a8000: distinct 15 min 0x00000000 max 0xffffffff,   target CB0 0x5719a8000: nonzero 102/1024
  target DB_HTILE 0x5203a0000: distinct 2 min 0x00000000 max 0xfffffff0,   target DB_HTILE 0x5203a0000: nonzero 160/1024
  target DB_Z_READ 0x51db50000: distinct 1 min 0x3f800000 max 0x3f800000,   target DB_Z_READ 0x51db50000: nonzero 1024/1024
  target DB_STENCIL_READ 0x51fb30000: distinct 1 min 0x80800000 max 0x80800000,   target DB_STENCIL_READ 0x51fb30000: nonzero 1024/1024
  target CB0 0x513bf0000: distinct 1 min 0x00000000 max 0x00000000,   target CB0 0x513bf0000: nonzero 0/1024
  target CB0 0x571867000: distinct 17 min 0x00000000 max 0xffffffff,   target CB0 0x571867000: nonzero 215/1024
  target CB0 0x57187b000: distinct 17 min 0x00000000 max 0xffffffff,   target CB0 0x57187b000: nonzero 195/1024
  target CB0 0x519b90000: distinct 1 min 0x00000000 max 0x00000000,   target CB0 0x519b90000: nonzero 0/1024
  target CB0 0x5718eb000: distinct 16 min 0x00000000 max 0xffffffff,   target CB0 0x5718eb000: nonzero 123/1024
  target DB_HTILE 0x55c050000: distinct 3 min 0x00000000 max 0xffffffff,   target DB_HTILE 0x55c050000: nonzero 144/1024
  target DB_Z_READ 0x527430000: distinct 1 min 0xffffffff max 0xffffffff,   target DB_Z_READ 0x527430000: nonzero 1024/1024
timing: t 18.599 s flip 1/1, VideoOutSubmitFlip took 0.0 ms
  indirect op 16 at 1246: base 0x5074063c0 +0x0 -> 1 1 1 0 0
  indirect op 16 at 1278: base 0x5074063e0 +0x0 -> 1 1 1 0 0
  indirect op 16 at 1310: base 0x50740a520 +0x0 -> 1 1 1 0 0
  indirect op 16 at 1342: base 0x50740a540 +0x0 -> 1 1 1 0 0
  indirect op 25 at 4584: base 0x56ddaffa0 +0x0 -> 1 512 0 0 0
submit #621 dcb 9023 dwords at 0x502002500: pass 559 rewrite 484 drop 408 unmapped 1 cc 8 mappings 1626 ... OK rc 0 23.15 ms
timing: #621 done at t 18.642 s, 31.8 ms after the sync and hints
state stack #621: push 4 pop 4 conditional 1 unmatched 0; restored 3684 regs (+3748 dwords); tables 35, unreadable 0
submit #622 acb 2 dwords at 0xfe003a200: pass 1 rewrite 0 drop 0 unmapped 0 cc 0 mappings 1626 ... OK rc 0 20.31 ms
timing: #622 done at t 18.676 s, 22.0 ms after the sync and hints
submit #623 acb 49 dwords at 0x40020695c: pass 2 rewrite 3 drop 3 unmapped 0 cc 0 mappings 1626 ... OK rc 0 20.36 ms
timing: #623 done at t 18.710 s, 22.0 ms after the sync and hints
submit #624 cc 3 dwords at 0x313b17cf4: pass 0 rewrite 1 drop 0 unmapped 0 cc 1 mappings 1626 ... OK rc 0 20.15 ms
timing: #624 done at t 18.745 s, 21.8 ms after the sync and hints
submit #625 hib 150 dwords at 0xfe0000000: pass 12 rewrite 2 drop 2 unmapped 0 cc 2 mappings 1626 ... OK rc 0 23.32 ms
timing: #625 done at t 18.781 s, 25.4 ms after the sync and hints
submit #626 hib 2 dwords at 0xfe003a200: pass 1 rewrite 0 drop 0 unmapped 0 cc 0 mappings 1626 ... OK rc 0 24.55 ms
timing: #626 done at t 18.819 s, 26.3 ms after the sync and hints
submit #627 dcb 96 dwords at 0xfe0042920: pass 20 rewrite 2 drop 2 unmapped 0 cc 0 mappings 1626 ... OK rc 0 20.18 ms
timing: #627 done at t 18.853 s, 22.3 ms after the sync and hints
submit #628 dcb 2647 dwords at 0x503c02500: pass 236 rewrite 123 drop 120 unmapped 0 cc 4 mappings 1626 ... OK rc 0 21.52 ms
timing: #628 done at t 18.890 s, 25.4 ms after the sync and hints
state stack #628: push 2 pop 2 conditional 1 unmatched 0; restored 1842 regs (+1874 dwords); tables 13, unreadable 0
swapped pages taken as resident so far: 0
vmas 108 total 13075.0 MiB resident 3714.6 MiB mapped 3714.7 MiB
submit #629 dcb 851 dwords at 0x505a02500: pass 47 rewrite 55 drop 45 unmapped 0 cc 0 mappings 1630 ... OK rc 0 20.08 ms
timing: #629 done at t 18.925 s, 22.0 ms after the sync and hints
submit #630 acb 2 dwords at 0xfe003a200: pass 1 rewrite 0 drop 0 unmapped 0 cc 0 mappings 1630 ... OK rc 0 20.01 ms
timing: #630 done at t 18.958 s, 21.7 ms after the sync and hints
submit #631 acb 463 dwords at 0x4004867c0: pass 43 rewrite 11 drop 27 unmapped 0 cc 0 mappings 1630 ... OK rc 0 20.23 ms
timing: #631 done at t 18.991 s, 21.9 ms after the sync and hints
submit #632 dcb 798 dwords at 0x506802500: pass 103 rewrite 35 drop 22 unmapped 0 cc 6 mappings 1630 ... acb head: 1287 of 1336 dwords go ahead of the wait at 1287 on 0x400202f80
OK rc 0 20.85 ms
timing: #632 done at t 19.028 s, 25.0 ms after the sync and hints
state stack #632: push 3 pop 3 conditional 1 unmatched 0; restored 2763 regs (+2811 dwords); tables 17, unreadable 0
submit #633 acb 1287 dwords at 0x4002a55c0: pass 118 rewrite 35 drop 63 unmapped 0 cc 0 mappings 1630 ... OK rc 0 21.55 ms
timing: #633 done at t 19.063 s, 23.2 ms after the sync and hints
submit #634 dcb 1248 dwords at 0x504e02500: pass 151 rewrite 46 drop 45 unmapped 0 cc 6 mappings 1630 ... OK rc 0 20.16 ms
timing: #634 done at t 19.099 s, 23.5 ms after the sync and hints
state stack #634: push 3 pop 3 conditional 1 unmatched 0; restored 2763 regs (+2811 dwords); tables 11, unreadable 0
flip 1/0 buffer 0x507410000 +0x1fe0000: sum 0x17ea65194594 nonzero 8100/8160 pattern 0
  target CB0 0x5093f0000: distinct 53 min 0xc0000000 max 0xc340d034,   target CB0 0x5093f0000: nonzero 1024/1024
  target CB0 0x563800000: distinct 1 min 0x00000000 max 0x00000000,   target CB0 0x563800000: nonzero 0/1024
  target CB0 0x55c00d000: distinct 4 min 0x00000000 max 0xffffffff,   target CB0 0x55c00d000: nonzero 147/1024
  target CB0 0x5637f0000: distinct 1 min 0x00000000 max 0x00000000,   target CB0 0x5637f0000: nonzero 0/1024
  target CB0 0x526bf0000: distinct 1 min 0x38003800 max 0x38003800,   target CB0 0x526bf0000: nonzero 1024/1024
  target CB0 0x5719a8000: distinct 15 min 0x00000000 max 0xffffffff,   target CB0 0x5719a8000: nonzero 102/1024
  target DB_HTILE 0x5203a0000: distinct 2 min 0x00000000 max 0xfffffff0,   target DB_HTILE 0x5203a0000: nonzero 160/1024
  target DB_Z_READ 0x51db50000: distinct 1 min 0x3f800000 max 0x3f800000,   target DB_Z_READ 0x51db50000: nonzero 1024/1024
  target DB_STENCIL_READ 0x51fb30000: distinct 1 min 0x80800000 max 0x80800000,   target DB_STENCIL_READ 0x51fb30000: nonzero 1024/1024
  target CB0 0x513bf0000: distinct 1 min 0x00000000 max 0x00000000,   target CB0 0x513bf0000: nonzero 0/1024
  target CB0 0x571867000: distinct 17 min 0x00000000 max 0xffffffff,   target CB0 0x571867000: nonzero 215/1024
  target CB0 0x57187b000: distinct 17 min 0x00000000 max 0xffffffff,   target CB0 0x57187b000: nonzero 195/1024
  target CB0 0x519b90000: distinct 1 min 0x00000000 max 0x00000000,   target CB0 0x519b90000: nonzero 0/1024
  target CB0 0x5718eb000: distinct 16 min 0x00000000 max 0xffffffff,   target CB0 0x5718eb000: nonzero 123/1024
  target DB_HTILE 0x55c050000: distinct 3 min 0x00000000 max 0xffffffff,   target DB_HTILE 0x55c050000: nonzero 144/1024
  target DB_Z_READ 0x527430000: distinct 1 min 0xffffffff max 0xffffffff,   target DB_Z_READ 0x527430000: nonzero 1024/1024
timing: t 19.100 s flip 1/0, VideoOutSubmitFlip took 0.0 ms
  indirect op 16 at 1246: base 0x5074063c0 +0x0 -> 1 1 1 0 0
  indirect op 16 at 1278: base 0x5074063e0 +0x0 -> 1 1 1 0 0
  indirect op 16 at 1310: base 0x50740a520 +0x0 -> 1 1 1 0 0
  indirect op 16 at 1342: base 0x50740a540 +0x0 -> 1 1 1 0 0
  indirect op 25 at 4584: base 0x56ddaffa0 +0x0 -> 1 512 0 0 0
submit #635 dcb 9023 dwords at 0x502702500: pass 559 rewrite 484 drop 408 unmapped 1 cc 8 mappings 1630 ... OK rc 0 22.96 ms
timing: #635 done at t 19.143 s, 31.6 ms after the sync and hints
state stack #635: push 4 pop 4 conditional 1 unmatched 0; restored 3684 regs (+3748 dwords); tables 35, unreadable 0
submit #636 acb 2 dwords at 0xfe003a200: pass 1 rewrite 0 drop 0 unmapped 0 cc 0 mappings 1630 ... OK rc 0 19.99 ms
timing: #636 done at t 19.176 s, 21.6 ms after the sync and hints
submit #637 acb 49 dwords at 0x4002a69dc: pass 2 rewrite 3 drop 3 unmapped 0 cc 0 mappings 1630 ... OK rc 0 20.31 ms
timing: #637 done at t 19.209 s, 21.9 ms after the sync and hints
submit #638 cc 3 dwords at 0x313b17cf4: pass 0 rewrite 1 drop 0 unmapped 0 cc 1 mappings 1630 ... OK rc 0 19.89 ms
timing: #638 done at t 19.242 s, 21.5 ms after the sync and hints
submit #639 hib 150 dwords at 0xfe0000000: pass 12 rewrite 2 drop 2 unmapped 0 cc 2 mappings 1630 ... OK rc 0 20.15 ms
timing: #639 done at t 19.275 s, 22.1 ms after the sync and hints
submit #640 hib 2 dwords at 0xfe003a200: pass 1 rewrite 0 drop 0 unmapped 0 cc 0 mappings 1630 ... OK rc 0 20.09 ms
timing: #640 done at t 19.308 s, 21.7 ms after the sync and hints
submit #641 dcb 96 dwords at 0xfe0042920: pass 20 rewrite 2 drop 2 unmapped 0 cc 0 mappings 1630 ... OK rc 0 19.92 ms
timing: #641 done at t 19.342 s, 21.8 ms after the sync and hints
submit #642 dcb 2647 dwords at 0x504302500: pass 236 rewrite 123 drop 120 unmapped 0 cc 4 mappings 1630 ... OK rc 0 20.75 ms
timing: #642 done at t 19.378 s, 24.8 ms after the sync and hints
state stack #642: push 2 pop 2 conditional 1 unmatched 0; restored 1842 regs (+1874 dwords); tables 13, unreadable 0
submit #643 acb 2 dwords at 0xfe003a200: pass 1 rewrite 0 drop 0 unmapped 0 cc 0 mappings 1630 ... OK rc 0 19.90 ms
timing: #643 done at t 19.411 s, 21.5 ms after the sync and hints
submit #644 dcb 851 dwords at 0x505e02500: pass 47 rewrite 55 drop 45 unmapped 0 cc 0 mappings 1630 ... OK rc 0 20.53 ms
timing: #644 done at t 19.446 s, 22.6 ms after the sync and hints
submit #645 acb 463 dwords at 0x400526840: pass 43 rewrite 11 drop 27 unmapped 0 cc 0 mappings 1630 ... OK rc 0 20.29 ms
timing: #645 done at t 19.479 s, 21.9 ms after the sync and hints
submit #646 dcb 798 dwords at 0x506e02500: pass 103 rewrite 35 drop 22 unmapped 0 cc 6 mappings 1630 ... acb head: 1287 of 1336 dwords go ahead of the wait at 1287 on 0x400203b80
OK rc 0 20.80 ms
timing: #646 done at t 19.516 s, 25.1 ms after the sync and hints
state stack #646: push 3 pop 3 conditional 1 unmatched 0; restored 2763 regs (+2811 dwords); tables 17, unreadable 0
submit #647 acb 1287 dwords at 0x400345640: pass 118 rewrite 35 drop 63 unmapped 0 cc 0 mappings 1630 ... OK rc 0 21.87 ms
timing: #647 done at t 19.551 s, 23.6 ms after the sync and hints
submit #648 dcb 1248 dwords at 0x505202500: pass 151 rewrite 46 drop 45 unmapped 0 cc 6 mappings 1630 ... OK rc 0 20.30 ms
timing: #648 done at t 19.586 s, 23.6 ms after the sync and hints
state stack #648: push 3 pop 3 conditional 1 unmatched 0; restored 2763 regs (+2811 dwords); tables 11, unreadable 0
flip 1/1 buffer 0x5093f0000 +0x1fe0000: sum 0x17ea65194594 nonzero 8100/8160 pattern 0
  target CB0 0x507410000: distinct 53 min 0xc0000000 max 0xc340d034,   target CB0 0x507410000: nonzero 1024/1024
  target CB0 0x563800000: distinct 1 min 0x00000000 max 0x00000000,   target CB0 0x563800000: nonzero 0/1024
  target CB0 0x55c00d000: distinct 4 min 0x00000000 max 0xffffffff,   target CB0 0x55c00d000: nonzero 147/1024
  target CB0 0x5637f0000: distinct 1 min 0x00000000 max 0x00000000,   target CB0 0x5637f0000: nonzero 0/1024
  target CB0 0x526bf0000: distinct 1 min 0x38003800 max 0x38003800,   target CB0 0x526bf0000: nonzero 1024/1024
  target CB0 0x5719a8000: distinct 15 min 0x00000000 max 0xffffffff,   target CB0 0x5719a8000: nonzero 102/1024
  target DB_HTILE 0x5203a0000: distinct 2 min 0x00000000 max 0xfffffff0,   target DB_HTILE 0x5203a0000: nonzero 160/1024
  target DB_Z_READ 0x51db50000: distinct 1 min 0x3f800000 max 0x3f800000,   target DB_Z_READ 0x51db50000: nonzero 1024/1024
  target DB_STENCIL_READ 0x51fb30000: distinct 1 min 0x80800000 max 0x80800000,   target DB_STENCIL_READ 0x51fb30000: nonzero 1024/1024
  target CB0 0x513bf0000: distinct 1 min 0x00000000 max 0x00000000,   target CB0 0x513bf0000: nonzero 0/1024
  target CB0 0x571867000: distinct 17 min 0x00000000 max 0xffffffff,   target CB0 0x571867000: nonzero 215/1024
  target CB0 0x57187b000: distinct 17 min 0x00000000 max 0xffffffff,   target CB0 0x57187b000: nonzero 195/1024
  target CB0 0x519b90000: distinct 1 min 0x00000000 max 0x00000000,   target CB0 0x519b90000: nonzero 0/1024
  target CB0 0x5718eb000: distinct 16 min 0x00000000 max 0xffffffff,   target CB0 0x5718eb000: nonzero 123/1024
  target DB_HTILE 0x55c050000: distinct 3 min 0x00000000 max 0xffffffff,   target DB_HTILE 0x55c050000: nonzero 144/1024
  target DB_Z_READ 0x527430000: distinct 1 min 0xffffffff max 0xffffffff,   target DB_Z_READ 0x527430000: nonzero 1024/1024
timing: t 19.587 s flip 1/1, VideoOutSubmitFlip took 0.0 ms
  indirect op 16 at 1246: base 0x5074063c0 +0x0 -> 1 1 1 0 0
  indirect op 16 at 1278: base 0x5074063e0 +0x0 -> 1 1 1 0 0
  indirect op 16 at 1310: base 0x50740a520 +0x0 -> 1 1 1 0 0
  indirect op 16 at 1342: base 0x50740a540 +0x0 -> 1 1 1 0 0
  indirect op 25 at 4584: base 0x56ddaffa0 +0x0 -> 1 512 0 0 0
submit #649 dcb 9023 dwords at 0x502e02500: pass 559 rewrite 484 drop 408 unmapped 1 cc 8 mappings 1630 ... OK rc 0 23.30 ms
timing: #649 done at t 19.631 s, 32.1 ms after the sync and hints
state stack #649: push 4 pop 4 conditional 1 unmatched 0; restored 3684 regs (+3748 dwords); tables 35, unreadable 0
submit #650 acb 2 dwords at 0xfe003a200: pass 1 rewrite 0 drop 0 unmapped 0 cc 0 mappings 1630 ... OK rc 0 20.49 ms
timing: #650 done at t 19.665 s, 22.1 ms after the sync and hints
swapped pages taken as resident so far: 0
vmas 108 total 13075.0 MiB resident 3714.9 MiB mapped 3714.9 MiB
submit #651 acb 49 dwords at 0x400346a5c: pass 2 rewrite 3 drop 3 unmapped 0 cc 0 mappings 1632 ... OK rc 0 20.33 ms
timing: #651 done at t 19.699 s, 22.1 ms after the sync and hints
submit #652 cc 3 dwords at 0x313b17cf4: pass 0 rewrite 1 drop 0 unmapped 0 cc 1 mappings 1632 ... OK rc 0 20.06 ms
timing: #652 done at t 19.733 s, 21.8 ms after the sync and hints
submit #653 hib 150 dwords at 0xfe0000000: pass 12 rewrite 2 drop 2 unmapped 0 cc 2 mappings 1632 ... OK rc 0 19.92 ms
timing: #653 done at t 19.767 s, 22.0 ms after the sync and hints
submit #654 hib 2 dwords at 0xfe003a200: pass 1 rewrite 0 drop 0 unmapped 0 cc 0 mappings 1632 ... OK rc 0 20.13 ms
timing: #654 done at t 19.800 s, 21.8 ms after the sync and hints
swapped pages taken as resident so far: 0
vmas 108 total 13075.0 MiB resident 3715.6 MiB mapped 3715.7 MiB
submit #655 dcb 96 dwords at 0xfe0042920: pass 20 rewrite 2 drop 2 unmapped 0 cc 0 mappings 1633 ... OK rc 0 20.35 ms
timing: #655 done at t 19.833 s, 22.2 ms after the sync and hints
swapped pages taken as resident so far: 0
vmas 108 total 13075.0 MiB resident 3717.8 MiB mapped 3717.8 MiB
submit #656 dcb 2647 dwords at 0x503502500: pass 236 rewrite 123 drop 120 unmapped 0 cc 4 mappings 1634 ... OK rc 0 20.54 ms
timing: #656 done at t 19.870 s, 24.7 ms after the sync and hints
state stack #656: push 2 pop 2 conditional 1 unmatched 0; restored 1842 regs (+1874 dwords); tables 13, unreadable 0
swapped pages taken as resident so far: 0
vmas 108 total 13075.0 MiB resident 3722.6 MiB mapped 3718.6 MiB
submit #657 dcb 851 dwords at 0x505602500: pass 47 rewrite 55 drop 45 unmapped 0 cc 0 mappings 1639 ... OK rc 0 20.78 ms
timing: #657 done at t 19.906 s, 23.0 ms after the sync and hints
swapped pages taken as resident so far: 0
vmas 110 total 13075.0 MiB resident 3730.1 MiB mapped 3730.3 MiB
submit #658 acb 2 dwords at 0xfe003a200: pass 1 rewrite 0 drop 0 unmapped 0 cc 0 mappings 1648 ... OK rc 0 20.79 ms
timing: #658 done at t 19.941 s, 22.3 ms after the sync and hints
swapped pages taken as resident so far: 0
vmas 110 total 13075.0 MiB resident 3737.4 MiB mapped 3737.4 MiB
submit #659 acb 463 dwords at 0x4003e6740: pass 43 rewrite 11 drop 27 unmapped 0 cc 0 mappings 1650 ... OK rc 0 20.80 ms
timing: #659 done at t 19.976 s, 22.4 ms after the sync and hints
swapped pages taken as resident so far: 0
vmas 110 total 13075.0 MiB resident 3748.1 MiB mapped 3748.2 MiB
submit #660 dcb 798 dwords at 0x506202500: pass 103 rewrite 35 drop 22 unmapped 0 cc 6 mappings 1654 ... acb head: 1287 of 1336 dwords go ahead of the wait at 1287 on 0x400202380
OK rc 0 21.16 ms
timing: #660 done at t 20.014 s, 25.4 ms after the sync and hints
state stack #660: push 3 pop 3 conditional 1 unmatched 0; restored 2763 regs (+2811 dwords); tables 17, unreadable 0
swapped pages taken as resident so far: 0
vmas 110 total 13075.0 MiB resident 3760.1 MiB mapped 3760.1 MiB
submit #661 acb 1287 dwords at 0x400205540: pass 118 rewrite 35 drop 63 unmapped 0 cc 0 mappings 1656 ... OK rc 0 22.08 ms
timing: #661 done at t 20.050 s, 24.0 ms after the sync and hints
swapped pages taken as resident so far: 0
vmas 110 total 13075.0 MiB resident 3769.2 MiB mapped 3769.2 MiB
submit #662 dcb 1248 dwords at 0x504a02500: pass 151 rewrite 46 drop 45 unmapped 0 cc 6 mappings 1658 ... OK rc 0 20.90 ms
timing: #662 done at t 20.087 s, 24.3 ms after the sync and hints
state stack #662: push 3 pop 3 conditional 1 unmatched 0; restored 2763 regs (+2811 dwords); tables 11, unreadable 0
flip 1/0 buffer 0x507410000 +0x1fe0000: sum 0x17ea65194594 nonzero 8100/8160 pattern 0
  target CB0 0x5093f0000: distinct 53 min 0xc0000000 max 0xc340d034,   target CB0 0x5093f0000: nonzero 1024/1024
  target CB0 0x563800000: distinct 1 min 0x00000000 max 0x00000000,   target CB0 0x563800000: nonzero 0/1024
  target CB0 0x55c00d000: distinct 4 min 0x00000000 max 0xffffffff,   target CB0 0x55c00d000: nonzero 147/1024
  target CB0 0x5637f0000: distinct 1 min 0x00000000 max 0x00000000,   target CB0 0x5637f0000: nonzero 0/1024
  target CB0 0x526bf0000: distinct 1 min 0x38003800 max 0x38003800,   target CB0 0x526bf0000: nonzero 1024/1024
  target CB0 0x5719a8000: distinct 15 min 0x00000000 max 0xffffffff,   target CB0 0x5719a8000: nonzero 102/1024
  target DB_HTILE 0x5203a0000: distinct 2 min 0x00000000 max 0xfffffff0,   target DB_HTILE 0x5203a0000: nonzero 160/1024
  target DB_Z_READ 0x51db50000: distinct 1 min 0x3f800000 max 0x3f800000,   target DB_Z_READ 0x51db50000: nonzero 1024/1024
  target DB_STENCIL_READ 0x51fb30000: distinct 1 min 0x80800000 max 0x80800000,   target DB_STENCIL_READ 0x51fb30000: nonzero 1024/1024
  target CB0 0x513bf0000: distinct 1 min 0x00000000 max 0x00000000,   target CB0 0x513bf0000: nonzero 0/1024
  target CB0 0x571867000: distinct 17 min 0x00000000 max 0xffffffff,   target CB0 0x571867000: nonzero 215/1024
  target CB0 0x57187b000: distinct 17 min 0x00000000 max 0xffffffff,   target CB0 0x57187b000: nonzero 195/1024
  target CB0 0x519b90000: distinct 1 min 0x00000000 max 0x00000000,   target CB0 0x519b90000: nonzero 0/1024
  target CB0 0x5718eb000: distinct 16 min 0x00000000 max 0xffffffff,   target CB0 0x5718eb000: nonzero 123/1024
  target DB_HTILE 0x55c050000: distinct 3 min 0x00000000 max 0xffffffff,   target DB_HTILE 0x55c050000: nonzero 144/1024
  target DB_Z_READ 0x527430000: distinct 1 min 0xffffffff max 0xffffffff,   target DB_Z_READ 0x527430000: nonzero 1024/1024
timing: t 20.087 s flip 1/0, VideoOutSubmitFlip took 0.0 ms
swapped pages taken as resident so far: 0
vmas 110 total 13075.0 MiB resident 3787.9 MiB mapped 3787.9 MiB
  indirect op 16 at 1246: base 0x5074063c0 +0x0 -> 1 1 1 0 0
  indirect op 16 at 1278: base 0x5074063e0 +0x0 -> 1 1 1 0 0
  indirect op 16 at 1310: base 0x50740a520 +0x0 -> 1 1 1 0 0
  indirect op 16 at 1342: base 0x50740a540 +0x0 -> 1 1 1 0 0
  indirect op 25 at 4584: base 0x56ddaffa0 +0x0 -> 1 512 0 0 0
submit #663 dcb 9023 dwords at 0x502002500: pass 559 rewrite 484 drop 408 unmapped 1 cc 8 mappings 1660 ... OK rc 0 23.67 ms
timing: #663 done at t 20.133 s, 32.4 ms after the sync and hints
state stack #663: push 4 pop 4 conditional 1 unmatched 0; restored 3684 regs (+3748 dwords); tables 35, unreadable 0
swapped pages taken as resident so far: 0
vmas 110 total 13075.0 MiB resident 3806.5 MiB mapped 3806.6 MiB
submit #664 acb 2 dwords at 0xfe003a200: pass 1 rewrite 0 drop 0 unmapped 0 cc 0 mappings 1664 ... OK rc 0 20.64 ms
timing: #664 done at t 20.168 s, 22.2 ms after the sync and hints
swapped pages taken as resident so far: 0
vmas 111 total 13075.0 MiB resident 3826.3 MiB mapped 3826.7 MiB
submit #665 acb 49 dwords at 0x40020695c: pass 2 rewrite 3 drop 3 unmapped 0 cc 0 mappings 1678 ... OK rc 0 21.06 ms
timing: #665 done at t 20.203 s, 22.6 ms after the sync and hints
swapped pages taken as resident so far: 0
vmas 111 total 13075.0 MiB resident 3839.2 MiB mapped 3839.2 MiB
submit #666 cc 3 dwords at 0x313b17cf4: pass 0 rewrite 1 drop 0 unmapped 0 cc 1 mappings 1680 ... OK rc 0 21.03 ms
timing: #666 done at t 20.238 s, 22.6 ms after the sync and hints
swapped pages taken as resident so far: 0
vmas 111 total 13075.0 MiB resident 3853.8 MiB mapped 3853.8 MiB
submit #667 hib 150 dwords at 0xfe0000000: pass 12 rewrite 2 drop 2 unmapped 0 cc 2 mappings 1681 ... OK rc 0 21.53 ms
timing: #667 done at t 20.274 s, 23.4 ms after the sync and hints
swapped pages taken as resident so far: 0
vmas 111 total 13075.0 MiB resident 3874.3 MiB mapped 3874.3 MiB
submit #668 hib 2 dwords at 0xfe003a200: pass 1 rewrite 0 drop 0 unmapped 0 cc 0 mappings 1682 ... OK rc 0 21.17 ms
timing: #668 done at t 20.309 s, 22.8 ms after the sync and hints
swapped pages taken as resident so far: 0
vmas 111 total 13075.0 MiB resident 3895.8 MiB mapped 3895.8 MiB
submit #669 dcb 96 dwords at 0xfe0042920: pass 20 rewrite 2 drop 2 unmapped 0 cc 0 mappings 1683 ... OK rc 0 21.31 ms
timing: #669 done at t 20.345 s, 23.2 ms after the sync and hints
swapped pages taken as resident so far: 0
vmas 111 total 13075.0 MiB resident 3921.8 MiB mapped 3921.9 MiB
submit #670 dcb 3025 dwords at 0x503c02500: pass 290 rewrite 123 drop 120 unmapped 0 cc 4 mappings 1685 ... OK rc 0 21.82 ms
timing: #670 done at t 20.384 s, 25.9 ms after the sync and hints
state stack #670: push 2 pop 2 conditional 1 unmatched 0; restored 1842 regs (+1874 dwords); tables 13, unreadable 0
swapped pages taken as resident so far: 0
vmas 111 total 13075.0 MiB resident 3947.0 MiB mapped 3947.0 MiB
submit #671 dcb 851 dwords at 0x505a02500: pass 47 rewrite 55 drop 45 unmapped 0 cc 0 mappings 1687 ... OK rc 0 21.15 ms
timing: #671 done at t 20.420 s, 23.3 ms after the sync and hints
swapped pages taken as resident so far: 0
vmas 111 total 13075.0 MiB resident 3967.5 MiB mapped 3967.5 MiB
submit #672 acb 2 dwords at 0xfe003a200: pass 1 rewrite 0 drop 0 unmapped 0 cc 0 mappings 1688 ... OK rc 0 21.80 ms
timing: #672 done at t 20.456 s, 23.4 ms after the sync and hints
swapped pages taken as resident so far: 0
vmas 111 total 13075.0 MiB resident 3992.6 MiB mapped 3992.6 MiB
submit #673 acb 463 dwords at 0x4004867c0: pass 43 rewrite 11 drop 27 unmapped 0 cc 0 mappings 1689 ... OK rc 0 21.90 ms
timing: #673 done at t 20.493 s, 23.5 ms after the sync and hints
swapped pages taken as resident so far: 0
vmas 111 total 13075.0 MiB resident 4008.6 MiB mapped 4008.6 MiB
submit #674 dcb 798 dwords at 0x506802500: pass 103 rewrite 35 drop 22 unmapped 0 cc 6 mappings 1691 ... acb head: 1287 of 1336 dwords go ahead of the wait at 1287 on 0x400202f80
OK rc 0 23.26 ms
timing: #674 done at t 20.533 s, 27.5 ms after the sync and hints
state stack #674: push 3 pop 3 conditional 1 unmatched 0; restored 2763 regs (+2811 dwords); tables 17, unreadable 0
swapped pages taken as resident so far: 0
vmas 111 total 13075.0 MiB resident 4030.0 MiB mapped 4030.0 MiB
submit #675 acb 1287 dwords at 0x4002a55c0: pass 118 rewrite 35 drop 63 unmapped 0 cc 0 mappings 1692 ... OK rc 0 24.70 ms
timing: #675 done at t 20.573 s, 26.4 ms after the sync and hints
swapped pages taken as resident so far: 0
vmas 111 total 13075.0 MiB resident 4042.0 MiB mapped 4042.0 MiB
submit #676 dcb 1248 dwords at 0x504e02500: pass 151 rewrite 46 drop 45 unmapped 0 cc 6 mappings 1693 ... OK rc 0 22.28 ms
timing: #676 done at t 20.616 s, 29.5 ms after the sync and hints
state stack #676: push 3 pop 3 conditional 1 unmatched 0; restored 2763 regs (+2811 dwords); tables 11, unreadable 0
flip 1/1 buffer 0x5093f0000 +0x1fe0000: sum 0x17ea65194594 nonzero 8100/8160 pattern 0
  target CB0 0x507410000: distinct 53 min 0xc0000000 max 0xc340d034,   target CB0 0x507410000: nonzero 1024/1024
  target CB0 0x563800000: distinct 1 min 0x00000000 max 0x00000000,   target CB0 0x563800000: nonzero 0/1024
  target CB0 0x55c00d000: distinct 4 min 0x00000000 max 0xffffffff,   target CB0 0x55c00d000: nonzero 147/1024
  target CB0 0x5637f0000: distinct 1 min 0x00000000 max 0x00000000,   target CB0 0x5637f0000: nonzero 0/1024
  target CB0 0x526bf0000: distinct 1 min 0x38003800 max 0x38003800,   target CB0 0x526bf0000: nonzero 1024/1024
  target CB0 0x5719a8000: distinct 15 min 0x00000000 max 0xffffffff,   target CB0 0x5719a8000: nonzero 102/1024
  target DB_HTILE 0x5203a0000: distinct 2 min 0x00000000 max 0xfffffff0,   target DB_HTILE 0x5203a0000: nonzero 160/1024
  target DB_Z_READ 0x51db50000: distinct 1 min 0x3f800000 max 0x3f800000,   target DB_Z_READ 0x51db50000: nonzero 1024/1024
  target DB_STENCIL_READ 0x51fb30000: distinct 1 min 0x80800000 max 0x80800000,   target DB_STENCIL_READ 0x51fb30000: nonzero 1024/1024
  target CB0 0x513bf0000: distinct 1 min 0x00000000 max 0x00000000,   target CB0 0x513bf0000: nonzero 0/1024
  target CB0 0x571867000: distinct 17 min 0x00000000 max 0xffffffff,   target CB0 0x571867000: nonzero 215/1024
  target CB0 0x57187b000: distinct 17 min 0x00000000 max 0xffffffff,   target CB0 0x57187b000: nonzero 195/1024
  target CB0 0x519b90000: distinct 1 min 0x00000000 max 0x00000000,   target CB0 0x519b90000: nonzero 0/1024
  target CB0 0x5718eb000: distinct 16 min 0x00000000 max 0xffffffff,   target CB0 0x5718eb000: nonzero 123/1024
  target DB_HTILE 0x55c050000: distinct 3 min 0x00000000 max 0xffffffff,   target DB_HTILE 0x55c050000: nonzero 144/1024
  target DB_Z_READ 0x527430000: distinct 1 min 0xffffffff max 0xffffffff,   target DB_Z_READ 0x527430000: nonzero 1024/1024
timing: t 20.616 s flip 1/1, VideoOutSubmitFlip took 0.0 ms
swapped pages taken as resident so far: 0
vmas 111 total 13075.0 MiB resident 4055.7 MiB mapped 4055.7 MiB
  indirect op 16 at 1246: base 0x5074063c0 +0x0 -> 1 1 1 0 0
  indirect op 16 at 1278: base 0x5074063e0 +0x0 -> 1 1 1 0 0
  indirect op 16 at 1310: base 0x50740a520 +0x0 -> 1 1 1 0 0
  indirect op 16 at 1342: base 0x50740a540 +0x0 -> 1 1 1 0 0
  indirect op 25 at 4584: base 0x56ddaffa0 +0x0 -> 1 512 0 0 0
submit #677 dcb 9023 dwords at 0x502702500: pass 559 rewrite 484 drop 408 unmapped 1 cc 8 mappings 1694 ... OK rc 0 26.58 ms
timing: #677 done at t 20.667 s, 36.3 ms after the sync and hints
state stack #677: push 4 pop 4 conditional 1 unmatched 0; restored 3684 regs (+3748 dwords); tables 35, unreadable 0
swapped pages taken as resident so far: 0
vmas 111 total 13075.0 MiB resident 4082.6 MiB mapped 4082.6 MiB
submit #678 acb 2 dwords at 0xfe003a200: pass 1 rewrite 0 drop 0 unmapped 0 cc 0 mappings 1695 ... EFAULT, resync ... unmap 0x336400000 +0x20000 (no longer rw anonymous) ... ok
swapped pages taken as resident so far: 0
vmas 112 total 13075.0 MiB resident 4090.6 MiB mapped 4090.8 MiB
OK rc 0 (retried) 103.93 ms
timing: #678 done at t 20.802 s, 120.6 ms after the sync and hints
swapped pages taken as resident so far: 0
vmas 112 total 13075.0 MiB resident 4136.8 MiB mapped 4136.8 MiB
submit #679 acb 49 dwords at 0x4002a69dc: pass 2 rewrite 3 drop 3 unmapped 0 cc 0 mappings 1703 ... OK rc 0 22.51 ms
timing: #679 done at t 20.840 s, 24.2 ms after the sync and hints
swapped pages taken as resident so far: 0
vmas 112 total 13075.0 MiB resident 4152.2 MiB mapped 4152.2 MiB
submit #680 cc 3 dwords at 0x313b17cf4: pass 0 rewrite 1 drop 0 unmapped 0 cc 1 mappings 1705 ... OK rc 0 23.80 ms
timing: #680 done at t 20.878 s, 25.6 ms after the sync and hints
swapped pages taken as resident so far: 0
vmas 112 total 13075.0 MiB resident 4163.1 MiB mapped 4163.1 MiB
submit #681 hib 150 dwords at 0xfe0000000: pass 12 rewrite 2 drop 2 unmapped 0 cc 2 mappings 1706 ... OK rc 0 23.16 ms
timing: #681 done at t 20.917 s, 25.2 ms after the sync and hints
swapped pages taken as resident so far: 0
vmas 112 total 13075.0 MiB resident 4181.6 MiB mapped 4181.7 MiB
submit #682 hib 2 dwords at 0xfe003a200: pass 1 rewrite 0 drop 0 unmapped 0 cc 0 mappings 1709 ... OK rc 0 23.08 ms
timing: #682 done at t 20.954 s, 24.7 ms after the sync and hints
swapped pages taken as resident so far: 0
vmas 112 total 13075.0 MiB resident 4196.9 MiB mapped 4196.9 MiB
submit #683 dcb 96 dwords at 0xfe0042920: pass 20 rewrite 2 drop 2 unmapped 0 cc 0 mappings 1711 ... OK rc 0 22.91 ms
timing: #683 done at t 20.991 s, 24.8 ms after the sync and hints
swapped pages taken as resident so far: 0
vmas 112 total 13075.0 MiB resident 4213.4 MiB mapped 4213.4 MiB
submit #684 dcb 2647 dwords at 0x504302500: pass 236 rewrite 123 drop 120 unmapped 0 cc 4 mappings 1712 ... OK rc 0 24.80 ms
timing: #684 done at t 21.033 s, 28.8 ms after the sync and hints
state stack #684: push 2 pop 2 conditional 1 unmatched 0; restored 1842 regs (+1874 dwords); tables 13, unreadable 0
swapped pages taken as resident so far: 0
vmas 112 total 13075.0 MiB resident 4235.2 MiB mapped 4235.2 MiB
submit #685 dcb 851 dwords at 0x505e02500: pass 47 rewrite 55 drop 45 unmapped 0 cc 0 mappings 1713 ... OK rc 0 22.96 ms
timing: #685 done at t 21.071 s, 25.1 ms after the sync and hints
swapped pages taken as resident so far: 0
vmas 112 total 13075.0 MiB resident 4256.9 MiB mapped 4256.9 MiB
submit #686 acb 2 dwords at 0xfe003a200: pass 1 rewrite 0 drop 0 unmapped 0 cc 0 mappings 1714 ... OK rc 0 23.22 ms
timing: #686 done at t 21.108 s, 24.8 ms after the sync and hints
swapped pages taken as resident so far: 0
vmas 112 total 13075.0 MiB resident 4279.6 MiB mapped 4279.6 MiB
submit #687 acb 463 dwords at 0x400526840: pass 43 rewrite 11 drop 27 unmapped 0 cc 0 mappings 1715 ... OK rc 0 22.85 ms
timing: #687 done at t 21.146 s, 24.5 ms after the sync and hints
swapped pages taken as resident so far: 0
vmas 112 total 13075.0 MiB resident 4299.6 MiB mapped 4299.6 MiB
submit #688 dcb 798 dwords at 0x506e02500: pass 103 rewrite 35 drop 22 unmapped 0 cc 6 mappings 1716 ... acb head: 1287 of 1336 dwords go ahead of the wait at 1287 on 0x400203b80
OK rc 0 29.19 ms
timing: #688 done at t 21.192 s, 33.5 ms after the sync and hints
state stack #688: push 3 pop 3 conditional 1 unmatched 0; restored 2763 regs (+2811 dwords); tables 17, unreadable 0
swapped pages taken as resident so far: 0
vmas 112 total 13075.0 MiB resident 4323.9 MiB mapped 4323.9 MiB
submit #689 acb 1287 dwords at 0x400345640: pass 118 rewrite 35 drop 63 unmapped 0 cc 0 mappings 1717 ... OK rc 0 23.92 ms
timing: #689 done at t 21.231 s, 25.5 ms after the sync and hints
swapped pages taken as resident so far: 0
vmas 112 total 13075.0 MiB resident 4344.2 MiB mapped 4344.2 MiB
submit #690 dcb 1248 dwords at 0x505202500: pass 151 rewrite 46 drop 45 unmapped 0 cc 6 mappings 1719 ... OK rc 0 27.73 ms
timing: #690 done at t 21.279 s, 31.9 ms after the sync and hints
state stack #690: push 3 pop 3 conditional 1 unmatched 0; restored 2763 regs (+2811 dwords); tables 11, unreadable 0
flip 1/0 buffer 0x507410000 +0x1fe0000: sum 0x17ea65194594 nonzero 8100/8160 pattern 0
  target CB0 0x5093f0000: distinct 53 min 0xc0000000 max 0xc340d034,   target CB0 0x5093f0000: nonzero 1024/1024
  target CB0 0x563800000: distinct 1 min 0x00000000 max 0x00000000,   target CB0 0x563800000: nonzero 0/1024
  target CB0 0x55c00d000: distinct 4 min 0x00000000 max 0xffffffff,   target CB0 0x55c00d000: nonzero 147/1024
  target CB0 0x5637f0000: distinct 1 min 0x00000000 max 0x00000000,   target CB0 0x5637f0000: nonzero 0/1024
  target CB0 0x526bf0000: distinct 1 min 0x38003800 max 0x38003800,   target CB0 0x526bf0000: nonzero 1024/1024
  target CB0 0x5719a8000: distinct 15 min 0x00000000 max 0xffffffff,   target CB0 0x5719a8000: nonzero 102/1024
  target DB_HTILE 0x5203a0000: distinct 2 min 0x00000000 max 0xfffffff0,   target DB_HTILE 0x5203a0000: nonzero 160/1024
  target DB_Z_READ 0x51db50000: distinct 1 min 0x3f800000 max 0x3f800000,   target DB_Z_READ 0x51db50000: nonzero 1024/1024
  target DB_STENCIL_READ 0x51fb30000: distinct 1 min 0x80800000 max 0x80800000,   target DB_STENCIL_READ 0x51fb30000: nonzero 1024/1024
  target CB0 0x513bf0000: distinct 1 min 0x00000000 max 0x00000000,   target CB0 0x513bf0000: nonzero 0/1024
  target CB0 0x571867000: distinct 17 min 0x00000000 max 0xffffffff,   target CB0 0x571867000: nonzero 215/1024
  target CB0 0x57187b000: distinct 17 min 0x00000000 max 0xffffffff,   target CB0 0x57187b000: nonzero 195/1024
  target CB0 0x519b90000: distinct 1 min 0x00000000 max 0x00000000,   target CB0 0x519b90000: nonzero 0/1024
  target CB0 0x5718eb000: distinct 16 min 0x00000000 max 0xffffffff,   target CB0 0x5718eb000: nonzero 123/1024
  target DB_HTILE 0x55c050000: distinct 3 min 0x00000000 max 0xffffffff,   target DB_HTILE 0x55c050000: nonzero 144/1024
  target DB_Z_READ 0x527430000: distinct 1 min 0xffffffff max 0xffffffff,   target DB_Z_READ 0x527430000: nonzero 1024/1024
timing: t 21.280 s flip 1/0, VideoOutSubmitFlip took 0.0 ms
swapped pages taken as resident so far: 0
vmas 112 total 13075.0 MiB resident 4362.9 MiB mapped 4362.9 MiB
  indirect op 16 at 1246: base 0x5074063c0 +0x0 -> 1 1 1 0 0
  indirect op 16 at 1278: base 0x5074063e0 +0x0 -> 1 1 1 0 0
  indirect op 16 at 1310: base 0x50740a520 +0x0 -> 1 1 1 0 0
  indirect op 16 at 1342: base 0x50740a540 +0x0 -> 1 1 1 0 0
  indirect op 25 at 4584: base 0x56ddaffa0 +0x0 -> 1 512 0 0 0
submit #691 dcb 9023 dwords at 0x502e02500: pass 559 rewrite 484 drop 408 unmapped 1 cc 8 mappings 1721 ... OK rc 0 27.84 ms
timing: #691 done at t 21.333 s, 36.6 ms after the sync and hints
state stack #691: push 4 pop 4 conditional 1 unmatched 0; restored 3684 regs (+3748 dwords); tables 35, unreadable 0
swapped pages taken as resident so far: 0
vmas 112 total 13075.0 MiB resident 4382.4 MiB mapped 4382.4 MiB
submit #692 acb 2 dwords at 0xfe003a200: pass 1 rewrite 0 drop 0 unmapped 0 cc 0 mappings 1724 ... OK rc 0 24.63 ms
timing: #692 done at t 21.374 s, 26.4 ms after the sync and hints
swapped pages taken as resident so far: 0
vmas 114 total 13079.0 MiB resident 4414.2 MiB mapped 4414.2 MiB
submit #693 acb 49 dwords at 0x400346a5c: pass 2 rewrite 3 drop 3 unmapped 0 cc 0 mappings 1729 ... OK rc 0 25.79 ms
timing: #693 done at t 21.415 s, 27.7 ms after the sync and hints
swapped pages taken as resident so far: 0
vmas 114 total 13079.0 MiB resident 4451.6 MiB mapped 4451.6 MiB
submit #694 cc 3 dwords at 0x313b17cf4: pass 0 rewrite 1 drop 0 unmapped 0 cc 1 mappings 1731 ... OK rc 0 24.88 ms
timing: #694 done at t 21.456 s, 26.7 ms after the sync and hints
swapped pages taken as resident so far: 0
vmas 114 total 13079.0 MiB resident 4496.5 MiB mapped 4496.5 MiB
submit #695 hib 150 dwords at 0xfe0000000: pass 12 rewrite 2 drop 2 unmapped 0 cc 2 mappings 1734 ... OK rc 0 24.54 ms
timing: #695 done at t 21.497 s, 26.7 ms after the sync and hints
swapped pages taken as resident so far: 0
vmas 114 total 13079.0 MiB resident 4522.8 MiB mapped 4522.9 MiB
submit #696 hib 2 dwords at 0xfe003a200: pass 1 rewrite 0 drop 0 unmapped 0 cc 0 mappings 1737 ... OK rc 0 28.04 ms
timing: #696 done at t 21.541 s, 30.9 ms after the sync and hints
swapped pages taken as resident so far: 0
vmas 114 total 13079.0 MiB resident 4544.3 MiB mapped 4544.3 MiB
submit #697 dcb 96 dwords at 0xfe0042920: pass 20 rewrite 2 drop 2 unmapped 0 cc 0 mappings 1738 ... OK rc 0 25.04 ms
timing: #697 done at t 21.582 s, 27.3 ms after the sync and hints
swapped pages taken as resident so far: 0
vmas 114 total 13079.0 MiB resident 4565.8 MiB mapped 4565.8 MiB
submit #698 dcb 3025 dwords at 0x503502500: pass 290 rewrite 123 drop 120 unmapped 0 cc 4 mappings 1739 ... OK rc 0 28.70 ms
timing: #698 done at t 21.629 s, 33.0 ms after the sync and hints
state stack #698: push 2 pop 2 conditional 1 unmatched 0; restored 1842 regs (+1874 dwords); tables 13, unreadable 0
swapped pages taken as resident so far: 0
vmas 114 total 13079.0 MiB resident 4577.9 MiB mapped 4577.9 MiB
submit #699 dcb 851 dwords at 0x505602500: pass 47 rewrite 55 drop 45 unmapped 0 cc 0 mappings 1740 ... OK rc 0 26.37 ms
timing: #699 done at t 21.674 s, 28.7 ms after the sync and hints
swapped pages taken as resident so far: 0
vmas 114 total 13079.0 MiB resident 4591.6 MiB mapped 4591.6 MiB
submit #700 acb 2 dwords at 0xfe003a200: pass 1 rewrite 0 drop 0 unmapped 0 cc 0 mappings 1741 ... OK rc 0 25.06 ms
timing: #700 done at t 21.717 s, 27.0 ms after the sync and hints
swapped pages taken as resident so far: 0
vmas 114 total 13079.0 MiB resident 4608.1 MiB mapped 4608.1 MiB
submit #701 acb 463 dwords at 0x4003e6740: pass 43 rewrite 11 drop 27 unmapped 0 cc 0 mappings 1742 ... OK rc 0 24.97 ms
timing: #701 done at t 21.760 s, 29.6 ms after the sync and hints
swapped pages taken as resident so far: 0
vmas 114 total 13079.0 MiB resident 4621.1 MiB mapped 4621.1 MiB
submit #702 dcb 798 dwords at 0x506202500: pass 103 rewrite 35 drop 22 unmapped 0 cc 6 mappings 1743 ... acb head: 1287 of 1336 dwords go ahead of the wait at 1287 on 0x400202380
OK rc 0 25.65 ms
timing: #702 done at t 21.803 s, 30.2 ms after the sync and hints
state stack #702: push 3 pop 3 conditional 1 unmatched 0; restored 2763 regs (+2811 dwords); tables 17, unreadable 0
swapped pages taken as resident so far: 0
vmas 114 total 13079.0 MiB resident 4634.7 MiB mapped 4634.7 MiB
submit #703 acb 1287 dwords at 0x400205540: pass 118 rewrite 35 drop 63 unmapped 0 cc 0 mappings 1744 ... OK rc 0 369.94 ms
timing: #703 done at t 22.192 s, 372.0 ms after the sync and hints
swapped pages taken as resident so far: 0
vmas 114 total 13079.0 MiB resident 4642.4 MiB mapped 4642.4 MiB
submit #704 dcb 1248 dwords at 0x504a02500: pass 151 rewrite 46 drop 45 unmapped 0 cc 6 mappings 1746 ... OK rc 0 24.58 ms
timing: #704 done at t 22.243 s, 32.9 ms after the sync and hints
state stack #704: push 3 pop 3 conditional 1 unmatched 0; restored 2763 regs (+2811 dwords); tables 11, unreadable 0
flip 1/1 buffer 0x5093f0000 +0x1fe0000: sum 0x17ea65194594 nonzero 8100/8160 pattern 0
  target CB0 0x507410000: distinct 53 min 0xc0000000 max 0xc340d034,   target CB0 0x507410000: nonzero 1024/1024
  target CB0 0x563800000: distinct 1 min 0x00000000 max 0x00000000,   target CB0 0x563800000: nonzero 0/1024
  target CB0 0x55c00d000: distinct 4 min 0x00000000 max 0xffffffff,   target CB0 0x55c00d000: nonzero 147/1024
  target CB0 0x5637f0000: distinct 1 min 0x00000000 max 0x00000000,   target CB0 0x5637f0000: nonzero 0/1024
  target CB0 0x526bf0000: distinct 1 min 0x38003800 max 0x38003800,   target CB0 0x526bf0000: nonzero 1024/1024
  target CB0 0x5719a8000: distinct 13 min 0x00000000 max 0xffffffff,   target CB0 0x5719a8000: nonzero 102/1024
  target DB_HTILE 0x5203a0000: distinct 2 min 0x00000000 max 0xfffffff0,   target DB_HTILE 0x5203a0000: nonzero 160/1024
  target DB_Z_READ 0x51db50000: distinct 1 min 0x3f800000 max 0x3f800000,   target DB_Z_READ 0x51db50000: nonzero 1024/1024
  target DB_STENCIL_READ 0x51fb30000: distinct 1 min 0x80800000 max 0x80800000,   target DB_STENCIL_READ 0x51fb30000: nonzero 1024/1024
  target CB0 0x513bf0000: distinct 1 min 0x00000000 max 0x00000000,   target CB0 0x513bf0000: nonzero 0/1024
  target CB0 0x571867000: distinct 15 min 0x00000000 max 0xffffffff,   target CB0 0x571867000: nonzero 215/1024
  target CB0 0x57187b000: distinct 15 min 0x00000000 max 0xffffffff,   target CB0 0x57187b000: nonzero 195/1024
  target CB0 0x519b90000: distinct 1 min 0x00000000 max 0x00000000,   target CB0 0x519b90000: nonzero 0/1024
  target CB0 0x5718eb000: distinct 14 min 0x00000000 max 0xffffffff,   target CB0 0x5718eb000: nonzero 123/1024
  target DB_HTILE 0x55c050000: distinct 3 min 0x00000000 max 0xffffffff,   target DB_HTILE 0x55c050000: nonzero 144/1024
  target DB_Z_READ 0x527430000: distinct 1 min 0xffffffff max 0xffffffff,   target DB_Z_READ 0x527430000: nonzero 1024/1024
timing: t 22.244 s flip 1/1, VideoOutSubmitFlip took 0.0 ms
  indirect op 16 at 1246: base 0x5074063c0 +0x0 -> 1 1 1 0 0
  indirect op 16 at 1278: base 0x5074063e0 +0x0 -> 1 1 1 0 0
  indirect op 16 at 1310: base 0x50740a520 +0x0 -> 1 1 1 0 0
  indirect op 16 at 1342: base 0x50740a540 +0x0 -> 1 1 1 0 0
  indirect op 25 at 4584: base 0x56ddaffa0 +0x0 -> 1 512 0 0 0
submit #705 dcb 9023 dwords at 0x502002500: pass 559 rewrite 484 drop 408 unmapped 1 cc 8 mappings 1746 ... OK rc 0 27.50 ms
timing: #705 done at t 22.294 s, 36.5 ms after the sync and hints
state stack #705: push 4 pop 4 conditional 1 unmatched 0; restored 3684 regs (+3748 dwords); tables 35, unreadable 0
swapped pages taken as resident so far: 0
vmas 114 total 13079.0 MiB resident 4642.5 MiB mapped 4642.5 MiB
submit #706 acb 2 dwords at 0xfe003a200: pass 1 rewrite 0 drop 0 unmapped 0 cc 0 mappings 1747 ... OK rc 0 24.31 ms
timing: #706 done at t 22.333 s, 26.2 ms after the sync and hints
swapped pages taken as resident so far: 0
vmas 115 total 13079.0 MiB resident 4642.5 MiB mapped 4642.6 MiB
submit #707 acb 49 dwords at 0x40020695c: pass 2 rewrite 3 drop 3 unmapped 0 cc 0 mappings 1750 ... OK rc 0 466.21 ms
timing: #707 done at t 22.817 s, 471.3 ms after the sync and hints
submit #708 cc 3 dwords at 0x313b17cf4: pass 0 rewrite 1 drop 0 unmapped 0 cc 1 mappings 1750 ... OK rc 0 24.40 ms
timing: #708 done at t 22.861 s, 26.3 ms after the sync and hints
submit #709 hib 150 dwords at 0xfe0000000: pass 12 rewrite 2 drop 2 unmapped 0 cc 2 mappings 1750 ... OK rc 0 24.57 ms
timing: #709 done at t 22.900 s, 26.7 ms after the sync and hints
submit #710 hib 2 dwords at 0xfe003a200: pass 1 rewrite 0 drop 0 unmapped 0 cc 0 mappings 1750 ... OK rc 0 24.51 ms
timing: #710 done at t 22.938 s, 26.3 ms after the sync and hints
submit #711 dcb 96 dwords at 0xfe0042920: pass 20 rewrite 2 drop 2 unmapped 0 cc 0 mappings 1750 ... OK rc 0 24.41 ms
timing: #711 done at t 22.978 s, 26.5 ms after the sync and hints
submit #712 dcb 2647 dwords at 0x503c02500: pass 236 rewrite 123 drop 120 unmapped 0 cc 4 mappings 1750 ... OK rc 0 24.96 ms
timing: #712 done at t 23.019 s, 29.2 ms after the sync and hints
state stack #712: push 2 pop 2 conditional 1 unmatched 0; restored 1842 regs (+1874 dwords); tables 13, unreadable 0
submit #713 dcb 851 dwords at 0x505a02500: pass 47 rewrite 55 drop 45 unmapped 0 cc 0 mappings 1750 ... OK rc 0 24.37 ms
timing: #713 done at t 23.059 s, 26.6 ms after the sync and hints
submit #714 acb 2 dwords at 0xfe003a200: pass 1 rewrite 0 drop 0 unmapped 0 cc 0 mappings 1750 ... OK rc 0 24.16 ms
timing: #714 done at t 23.098 s, 26.2 ms after the sync and hints
submit #715 acb 463 dwords at 0x4004867c0: pass 43 rewrite 11 drop 27 unmapped 0 cc 0 mappings 1750 ... OK rc 0 24.26 ms
timing: #715 done at t 23.136 s, 26.1 ms after the sync and hints
submit #716 dcb 798 dwords at 0x506802500: pass 103 rewrite 35 drop 22 unmapped 0 cc 6 mappings 1750 ... acb head: 1287 of 1336 dwords go ahead of the wait at 1287 on 0x400202f80
OK rc 0 25.16 ms
timing: #716 done at t 23.178 s, 29.5 ms after the sync and hints
state stack #716: push 3 pop 3 conditional 1 unmatched 0; restored 2763 regs (+2811 dwords); tables 17, unreadable 0
submit #717 acb 1287 dwords at 0x4002a55c0: pass 118 rewrite 35 drop 63 unmapped 0 cc 0 mappings 1750 ... OK rc 0 25.60 ms
timing: #717 done at t 23.218 s, 27.5 ms after the sync and hints
submit #718 dcb 1248 dwords at 0x504e02500: pass 151 rewrite 46 drop 45 unmapped 0 cc 6 mappings 1750 ... OK rc 0 24.66 ms
timing: #718 done at t 23.259 s, 28.2 ms after the sync and hints
state stack #718: push 3 pop 3 conditional 1 unmatched 0; restored 2763 regs (+2811 dwords); tables 11, unreadable 0
flip 1/0 buffer 0x507410000 +0x1fe0000: sum 0x17ea65194594 nonzero 8100/8160 pattern 0
  target CB0 0x5093f0000: distinct 53 min 0xc0000000 max 0xc340d034,   target CB0 0x5093f0000: nonzero 1024/1024
  target CB0 0x563800000: distinct 1 min 0x00000000 max 0x00000000,   target CB0 0x563800000: nonzero 0/1024
  target CB0 0x55c00d000: distinct 4 min 0x00000000 max 0xffffffff,   target CB0 0x55c00d000: nonzero 147/1024
  target CB0 0x5637f0000: distinct 1 min 0x00000000 max 0x00000000,   target CB0 0x5637f0000: nonzero 0/1024
  target CB0 0x526bf0000: distinct 1 min 0x38003800 max 0x38003800,   target CB0 0x526bf0000: nonzero 1024/1024
  target CB0 0x5719a8000: distinct 13 min 0x00000000 max 0xffffffff,   target CB0 0x5719a8000: nonzero 102/1024
  target DB_HTILE 0x5203a0000: distinct 2 min 0x00000000 max 0xfffffff0,   target DB_HTILE 0x5203a0000: nonzero 160/1024
  target DB_Z_READ 0x51db50000: distinct 1 min 0x3f800000 max 0x3f800000,   target DB_Z_READ 0x51db50000: nonzero 1024/1024
  target DB_STENCIL_READ 0x51fb30000: distinct 1 min 0x80800000 max 0x80800000,   target DB_STENCIL_READ 0x51fb30000: nonzero 1024/1024
  target CB0 0x513bf0000: distinct 1 min 0x00000000 max 0x00000000,   target CB0 0x513bf0000: nonzero 0/1024
  target CB0 0x571867000: distinct 15 min 0x00000000 max 0xffffffff,   target CB0 0x571867000: nonzero 215/1024
  target CB0 0x57187b000: distinct 15 min 0x00000000 max 0xffffffff,   target CB0 0x57187b000: nonzero 195/1024
  target CB0 0x519b90000: distinct 1 min 0x00000000 max 0x00000000,   target CB0 0x519b90000: nonzero 0/1024
  target CB0 0x5718eb000: distinct 14 min 0x00000000 max 0xffffffff,   target CB0 0x5718eb000: nonzero 123/1024
  target DB_HTILE 0x55c050000: distinct 3 min 0x00000000 max 0xffffffff,   target DB_HTILE 0x55c050000: nonzero 144/1024
  target DB_Z_READ 0x527430000: distinct 1 min 0xffffffff max 0xffffffff,   target DB_Z_READ 0x527430000: nonzero 1024/1024
timing: t 23.260 s flip 1/0, VideoOutSubmitFlip took 0.0 ms
  indirect op 16 at 1246: base 0x5074063c0 +0x0 -> 1 1 1 0 0
  indirect op 16 at 1278: base 0x5074063e0 +0x0 -> 1 1 1 0 0
  indirect op 16 at 1310: base 0x50740a520 +0x0 -> 1 1 1 0 0
  indirect op 16 at 1342: base 0x50740a540 +0x0 -> 1 1 1 0 0
  indirect op 25 at 4584: base 0x56ddaffa0 +0x0 -> 1 512 0 0 0
submit #719 dcb 9023 dwords at 0x502702500: pass 559 rewrite 484 drop 408 unmapped 1 cc 8 mappings 1750 ... OK rc 0 27.62 ms
timing: #719 done at t 23.309 s, 36.6 ms after the sync and hints
state stack #719: push 4 pop 4 conditional 1 unmatched 0; restored 3684 regs (+3748 dwords); tables 35, unreadable 0
submit #720 acb 2 dwords at 0xfe003a200: pass 1 rewrite 0 drop 0 unmapped 0 cc 0 mappings 1750 ... OK rc 0 24.60 ms
timing: #720 done at t 23.349 s, 26.4 ms after the sync and hints
submit #721 acb 49 dwords at 0x4002a69dc: pass 2 rewrite 3 drop 3 unmapped 0 cc 0 mappings 1750 ... OK rc 0 24.83 ms
timing: #721 done at t 23.388 s, 26.7 ms after the sync and hints
submit #722 cc 3 dwords at 0x313b17cf4: pass 0 rewrite 1 drop 0 unmapped 0 cc 1 mappings 1750 ... OK rc 0 24.30 ms
timing: #722 done at t 23.428 s, 26.1 ms after the sync and hints
submit #723 hib 150 dwords at 0xfe0000000: pass 12 rewrite 2 drop 2 unmapped 0 cc 2 mappings 1750 ... OK rc 0 25.16 ms
timing: #723 done at t 23.468 s, 27.4 ms after the sync and hints
submit #724 hib 2 dwords at 0xfe003a200: pass 1 rewrite 0 drop 0 unmapped 0 cc 0 mappings 1750 ... OK rc 0 24.46 ms
timing: #724 done at t 23.506 s, 26.3 ms after the sync and hints
submit #725 dcb 96 dwords at 0xfe0042920: pass 20 rewrite 2 drop 2 unmapped 0 cc 0 mappings 1750 ... OK rc 0 24.31 ms
timing: #725 done at t 23.545 s, 26.5 ms after the sync and hints
submit #726 dcb 2647 dwords at 0x504302500: pass 236 rewrite 123 drop 120 unmapped 0 cc 4 mappings 1750 ... OK rc 0 25.02 ms
timing: #726 done at t 23.587 s, 29.3 ms after the sync and hints
state stack #726: push 2 pop 2 conditional 1 unmatched 0; restored 1842 regs (+1874 dwords); tables 13, unreadable 0
submit #727 dcb 851 dwords at 0x505e02500: pass 47 rewrite 55 drop 45 unmapped 0 cc 0 mappings 1750 ... OK rc 0 24.36 ms
timing: #727 done at t 23.627 s, 26.7 ms after the sync and hints
submit #728 acb 2 dwords at 0xfe003a200: pass 1 rewrite 0 drop 0 unmapped 0 cc 0 mappings 1750 ... OK rc 0 25.02 ms
timing: #728 done at t 23.666 s, 26.9 ms after the sync and hints
submit #729 acb 463 dwords at 0x400526840: pass 43 rewrite 11 drop 27 unmapped 0 cc 0 mappings 1750 ... OK rc 0 24.58 ms
timing: #729 done at t 23.705 s, 26.4 ms after the sync and hints
submit #730 dcb 798 dwords at 0x506e02500: pass 103 rewrite 35 drop 22 unmapped 0 cc 6 mappings 1750 ... acb head: 1287 of 1336 dwords go ahead of the wait at 1287 on 0x400203b80
OK rc 0 25.29 ms
timing: #730 done at t 23.747 s, 29.6 ms after the sync and hints
state stack #730: push 3 pop 3 conditional 1 unmatched 0; restored 2763 regs (+2811 dwords); tables 17, unreadable 0
submit #731 acb 1287 dwords at 0x400345640: pass 118 rewrite 35 drop 63 unmapped 0 cc 0 mappings 1750 ... OK rc 0 25.47 ms
timing: #731 done at t 23.786 s, 27.4 ms after the sync and hints
submit #732 dcb 1248 dwords at 0x505202500: pass 151 rewrite 46 drop 45 unmapped 0 cc 6 mappings 1750 ... OK rc 0 24.42 ms
timing: #732 done at t 23.827 s, 28.0 ms after the sync and hints
state stack #732: push 3 pop 3 conditional 1 unmatched 0; restored 2763 regs (+2811 dwords); tables 11, unreadable 0
flip 1/1 buffer 0x5093f0000 +0x1fe0000: sum 0x17ea65194594 nonzero 8100/8160 pattern 0
  target CB0 0x507410000: distinct 53 min 0xc0000000 max 0xc340d034,   target CB0 0x507410000: nonzero 1024/1024
  target CB0 0x563800000: distinct 1 min 0x00000000 max 0x00000000,   target CB0 0x563800000: nonzero 0/1024
  target CB0 0x55c00d000: distinct 4 min 0x00000000 max 0xffffffff,   target CB0 0x55c00d000: nonzero 147/1024
  target CB0 0x5637f0000: distinct 1 min 0x00000000 max 0x00000000,   target CB0 0x5637f0000: nonzero 0/1024
  target CB0 0x526bf0000: distinct 1 min 0x38003800 max 0x38003800,   target CB0 0x526bf0000: nonzero 1024/1024
  target CB0 0x5719a8000: distinct 15 min 0x00000000 max 0xffffffff,   target CB0 0x5719a8000: nonzero 102/1024
  target DB_HTILE 0x5203a0000: distinct 2 min 0x00000000 max 0xfffffff0,   target DB_HTILE 0x5203a0000: nonzero 160/1024
  target DB_Z_READ 0x51db50000: distinct 1 min 0x3f800000 max 0x3f800000,   target DB_Z_READ 0x51db50000: nonzero 1024/1024
  target DB_STENCIL_READ 0x51fb30000: distinct 1 min 0x80800000 max 0x80800000,   target DB_STENCIL_READ 0x51fb30000: nonzero 1024/1024
  target CB0 0x513bf0000: distinct 1 min 0x00000000 max 0x00000000,   target CB0 0x513bf0000: nonzero 0/1024
  target CB0 0x571867000: distinct 17 min 0x00000000 max 0xffffffff,   target CB0 0x571867000: nonzero 215/1024
  target CB0 0x57187b000: distinct 17 min 0x00000000 max 0xffffffff,   target CB0 0x57187b000: nonzero 195/1024
  target CB0 0x519b90000: distinct 1 min 0x00000000 max 0x00000000,   target CB0 0x519b90000: nonzero 0/1024
  target CB0 0x5718eb000: distinct 16 min 0x00000000 max 0xffffffff,   target CB0 0x5718eb000: nonzero 123/1024
  target DB_HTILE 0x55c050000: distinct 3 min 0x00000000 max 0xffffffff,   target DB_HTILE 0x55c050000: nonzero 144/1024
  target DB_Z_READ 0x527430000: distinct 1 min 0xffffffff max 0xffffffff,   target DB_Z_READ 0x527430000: nonzero 1024/1024
timing: t 23.828 s flip 1/1, VideoOutSubmitFlip took 0.0 ms
  indirect op 16 at 1246: base 0x5074063c0 +0x0 -> 1 1 1 0 0
  indirect op 16 at 1278: base 0x5074063e0 +0x0 -> 1 1 1 0 0
  indirect op 16 at 1310: base 0x50740a520 +0x0 -> 1 1 1 0 0
  indirect op 16 at 1342: base 0x50740a540 +0x0 -> 1 1 1 0 0
  indirect op 25 at 4584: base 0x56ddaffa0 +0x0 -> 1 512 0 0 0
submit #733 dcb 9023 dwords at 0x502e02500: pass 559 rewrite 484 drop 408 unmapped 1 cc 8 mappings 1750 ... OK rc 0 28.54 ms
timing: #733 done at t 23.880 s, 37.8 ms after the sync and hints
state stack #733: push 4 pop 4 conditional 1 unmatched 0; restored 3684 regs (+3748 dwords); tables 35, unreadable 0
submit #734 acb 2 dwords at 0xfe003a200: pass 1 rewrite 0 drop 0 unmapped 0 cc 0 mappings 1750 ... OK rc 0 24.20 ms
timing: #734 done at t 23.919 s, 26.0 ms after the sync and hints
submit #735 acb 49 dwords at 0x400346a5c: pass 2 rewrite 3 drop 3 unmapped 0 cc 0 mappings 1750 ... OK rc 0 24.56 ms
timing: #735 done at t 23.957 s, 26.4 ms after the sync and hints
submit #736 cc 3 dwords at 0x313b17cf4: pass 0 rewrite 1 drop 0 unmapped 0 cc 1 mappings 1750 ... OK rc 0 24.60 ms
timing: #736 done at t 23.996 s, 26.4 ms after the sync and hints
submit #737 hib 150 dwords at 0xfe0000000: pass 12 rewrite 2 drop 2 unmapped 0 cc 2 mappings 1750 ... OK rc 0 24.51 ms
timing: #737 done at t 24.036 s, 26.7 ms after the sync and hints
submit #738 hib 2 dwords at 0xfe003a200: pass 1 rewrite 0 drop 0 unmapped 0 cc 0 mappings 1750 ... OK rc 0 24.47 ms
timing: #738 done at t 24.074 s, 26.3 ms after the sync and hints
submit #739 dcb 96 dwords at 0xfe0042920: pass 20 rewrite 2 drop 2 unmapped 0 cc 0 mappings 1750 ... OK rc 0 24.39 ms
timing: #739 done at t 24.113 s, 26.5 ms after the sync and hints
submit #740 dcb 2647 dwords at 0x503502500: pass 236 rewrite 123 drop 120 unmapped 0 cc 4 mappings 1750 ... OK rc 0 24.84 ms
timing: #740 done at t 24.155 s, 29.0 ms after the sync and hints
state stack #740: push 2 pop 2 conditional 1 unmatched 0; restored 1842 regs (+1874 dwords); tables 13, unreadable 0
submit #741 dcb 851 dwords at 0x505602500: pass 47 rewrite 55 drop 45 unmapped 0 cc 0 mappings 1750 ... OK rc 0 24.35 ms
timing: #741 done at t 24.194 s, 26.6 ms after the sync and hints
submit #742 acb 2 dwords at 0xfe003a200: pass 1 rewrite 0 drop 0 unmapped 0 cc 0 mappings 1750 ... OK rc 0 24.84 ms
timing: #742 done at t 24.234 s, 26.7 ms after the sync and hints
submit #743 acb 463 dwords at 0x4003e6740: pass 43 rewrite 11 drop 27 unmapped 0 cc 0 mappings 1750 ... OK rc 0 25.04 ms
timing: #743 done at t 24.273 s, 27.0 ms after the sync and hints
submit #744 dcb 798 dwords at 0x506202500: pass 103 rewrite 35 drop 22 unmapped 0 cc 6 mappings 1750 ... acb head: 1287 of 1336 dwords go ahead of the wait at 1287 on 0x400202380
OK rc 0 25.04 ms
timing: #744 done at t 24.315 s, 29.4 ms after the sync and hints
state stack #744: push 3 pop 3 conditional 1 unmatched 0; restored 2763 regs (+2811 dwords); tables 17, unreadable 0
submit #745 acb 1287 dwords at 0x400205540: pass 118 rewrite 35 drop 63 unmapped 0 cc 0 mappings 1750 ... OK rc 0 25.60 ms
timing: #745 done at t 24.354 s, 27.5 ms after the sync and hints
submit #746 dcb 1248 dwords at 0x504a02500: pass 151 rewrite 46 drop 45 unmapped 0 cc 6 mappings 1750 ... OK rc 0 24.67 ms
timing: #746 done at t 24.396 s, 28.3 ms after the sync and hints
state stack #746: push 3 pop 3 conditional 1 unmatched 0; restored 2763 regs (+2811 dwords); tables 11, unreadable 0
flip 1/0 buffer 0x507410000 +0x1fe0000: sum 0x17ea65194594 nonzero 8100/8160 pattern 0
  target CB0 0x5093f0000: distinct 53 min 0xc0000000 max 0xc340d034,   target CB0 0x5093f0000: nonzero 1024/1024
  target CB0 0x563800000: distinct 1 min 0x00000000 max 0x00000000,   target CB0 0x563800000: nonzero 0/1024
  target CB0 0x55c00d000: distinct 4 min 0x00000000 max 0xffffffff,   target CB0 0x55c00d000: nonzero 147/1024
  target CB0 0x5637f0000: distinct 1 min 0x00000000 max 0x00000000,   target CB0 0x5637f0000: nonzero 0/1024
  target CB0 0x526bf0000: distinct 1 min 0x38003800 max 0x38003800,   target CB0 0x526bf0000: nonzero 1024/1024
  target CB0 0x5719a8000: distinct 15 min 0x00000000 max 0xffffffff,   target CB0 0x5719a8000: nonzero 102/1024
  target DB_HTILE 0x5203a0000: distinct 2 min 0x00000000 max 0xfffffff0,   target DB_HTILE 0x5203a0000: nonzero 160/1024
  target DB_Z_READ 0x51db50000: distinct 1 min 0x3f800000 max 0x3f800000,   target DB_Z_READ 0x51db50000: nonzero 1024/1024
  target DB_STENCIL_READ 0x51fb30000: distinct 1 min 0x80800000 max 0x80800000,   target DB_STENCIL_READ 0x51fb30000: nonzero 1024/1024
  target CB0 0x513bf0000: distinct 1 min 0x00000000 max 0x00000000,   target CB0 0x513bf0000: nonzero 0/1024
  target CB0 0x571867000: distinct 17 min 0x00000000 max 0xffffffff,   target CB0 0x571867000: nonzero 215/1024
  target CB0 0x57187b000: distinct 17 min 0x00000000 max 0xffffffff,   target CB0 0x57187b000: nonzero 195/1024
  target CB0 0x519b90000: distinct 1 min 0x00000000 max 0x00000000,   target CB0 0x519b90000: nonzero 0/1024
  target CB0 0x5718eb000: distinct 16 min 0x00000000 max 0xffffffff,   target CB0 0x5718eb000: nonzero 123/1024
  target DB_HTILE 0x55c050000: distinct 3 min 0x00000000 max 0xffffffff,   target DB_HTILE 0x55c050000: nonzero 144/1024
  target DB_Z_READ 0x527430000: distinct 1 min 0xffffffff max 0xffffffff,   target DB_Z_READ 0x527430000: nonzero 1024/1024
timing: t 24.397 s flip 1/0, VideoOutSubmitFlip took 0.0 ms
  indirect op 16 at 1246: base 0x5074063c0 +0x0 -> 1 1 1 0 0
  indirect op 16 at 1278: base 0x5074063e0 +0x0 -> 1 1 1 0 0
  indirect op 16 at 1310: base 0x50740a520 +0x0 -> 1 1 1 0 0
  indirect op 16 at 1342: base 0x50740a540 +0x0 -> 1 1 1 0 0
  indirect op 25 at 4584: base 0x56ddaffa0 +0x0 -> 1 512 0 0 0
submit #747 dcb 9023 dwords at 0x502002500: pass 559 rewrite 484 drop 408 unmapped 1 cc 8 mappings 1750 ... OK rc 0 27.71 ms
timing: #747 done at t 24.447 s, 36.8 ms after the sync and hints
state stack #747: push 4 pop 4 conditional 1 unmatched 0; restored 3684 regs (+3748 dwords); tables 35, unreadable 0
submit #748 acb 2 dwords at 0xfe003a200: pass 1 rewrite 0 drop 0 unmapped 0 cc 0 mappings 1750 ... OK rc 0 24.80 ms
timing: #748 done at t 24.486 s, 26.7 ms after the sync and hints
submit #749 acb 49 dwords at 0x40020695c: pass 2 rewrite 3 drop 3 unmapped 0 cc 0 mappings 1750 ... OK rc 0 24.47 ms
timing: #749 done at t 24.525 s, 26.3 ms after the sync and hints
submit #750 cc 3 dwords at 0x313b17cf4: pass 0 rewrite 1 drop 0 unmapped 0 cc 1 mappings 1750 ... OK rc 0 24.32 ms
timing: #750 done at t 24.564 s, 26.2 ms after the sync and hints
submit #751 hib 150 dwords at 0xfe0000000: pass 12 rewrite 2 drop 2 unmapped 0 cc 2 mappings 1750 ... OK rc 0 24.51 ms
timing: #751 done at t 24.603 s, 26.6 ms after the sync and hints
submit #752 hib 2 dwords at 0xfe003a200: pass 1 rewrite 0 drop 0 unmapped 0 cc 0 mappings 1750 ... OK rc 0 24.47 ms
timing: #752 done at t 24.642 s, 26.3 ms after the sync and hints
submit #753 dcb 96 dwords at 0xfe0042920: pass 20 rewrite 2 drop 2 unmapped 0 cc 0 mappings 1750 ... OK rc 0 24.47 ms
timing: #753 done at t 24.681 s, 26.6 ms after the sync and hints
submit #754 dcb 2647 dwords at 0x503c02500: pass 236 rewrite 123 drop 120 unmapped 0 cc 4 mappings 1750 ... OK rc 0 25.29 ms
timing: #754 done at t 24.723 s, 29.4 ms after the sync and hints
state stack #754: push 2 pop 2 conditional 1 unmatched 0; restored 1842 regs (+1874 dwords); tables 13, unreadable 0
submit #755 dcb 851 dwords at 0x505a02500: pass 47 rewrite 55 drop 45 unmapped 0 cc 0 mappings 1750 ... OK rc 0 24.36 ms
timing: #755 done at t 24.762 s, 26.6 ms after the sync and hints
submit #756 acb 2 dwords at 0xfe003a200: pass 1 rewrite 0 drop 0 unmapped 0 cc 0 mappings 1750 ... OK rc 0 24.66 ms
timing: #756 done at t 24.801 s, 26.5 ms after the sync and hints
submit #757 acb 463 dwords at 0x4004867c0: pass 43 rewrite 11 drop 27 unmapped 0 cc 0 mappings 1750 ... OK rc 0 24.65 ms
timing: #757 done at t 24.840 s, 26.5 ms after the sync and hints
submit #758 dcb 798 dwords at 0x506802500: pass 103 rewrite 35 drop 22 unmapped 0 cc 6 mappings 1750 ... acb head: 1287 of 1336 dwords go ahead of the wait at 1287 on 0x400202f80
OK rc 0 25.82 ms
timing: #758 done at t 24.883 s, 30.4 ms after the sync and hints
state stack #758: push 3 pop 3 conditional 1 unmatched 0; restored 2763 regs (+2811 dwords); tables 17, unreadable 0
submit #759 acb 1287 dwords at 0x4002a55c0: pass 118 rewrite 35 drop 63 unmapped 0 cc 0 mappings 1750 ... OK rc 0 25.95 ms
timing: #759 done at t 24.924 s, 27.8 ms after the sync and hints
submit #760 dcb 1248 dwords at 0x504e02500: pass 151 rewrite 46 drop 45 unmapped 0 cc 6 mappings 1750 ... OK rc 0 24.52 ms
timing: #760 done at t 24.966 s, 28.1 ms after the sync and hints
state stack #760: push 3 pop 3 conditional 1 unmatched 0; restored 2763 regs (+2811 dwords); tables 11, unreadable 0
flip 1/1 buffer 0x5093f0000 +0x1fe0000: sum 0x17ea65194594 nonzero 8100/8160 pattern 0
  target CB0 0x507410000: distinct 53 min 0xc0000000 max 0xc340d034,   target CB0 0x507410000: nonzero 1024/1024
  target CB0 0x563800000: distinct 1 min 0x00000000 max 0x00000000,   target CB0 0x563800000: nonzero 0/1024
  target CB0 0x55c00d000: distinct 4 min 0x00000000 max 0xffffffff,   target CB0 0x55c00d000: nonzero 147/1024
  target CB0 0x5637f0000: distinct 1 min 0x00000000 max 0x00000000,   target CB0 0x5637f0000: nonzero 0/1024
  target CB0 0x526bf0000: distinct 1 min 0x38003800 max 0x38003800,   target CB0 0x526bf0000: nonzero 1024/1024
  target CB0 0x5719a8000: distinct 15 min 0x00000000 max 0xffffffff,   target CB0 0x5719a8000: nonzero 102/1024
  target DB_HTILE 0x5203a0000: distinct 2 min 0x00000000 max 0xfffffff0,   target DB_HTILE 0x5203a0000: nonzero 160/1024
  target DB_Z_READ 0x51db50000: distinct 1 min 0x3f800000 max 0x3f800000,   target DB_Z_READ 0x51db50000: nonzero 1024/1024
  target DB_STENCIL_READ 0x51fb30000: distinct 1 min 0x80800000 max 0x80800000,   target DB_STENCIL_READ 0x51fb30000: nonzero 1024/1024
  target CB0 0x513bf0000: distinct 1 min 0x00000000 max 0x00000000,   target CB0 0x513bf0000: nonzero 0/1024
  target CB0 0x571867000: distinct 17 min 0x00000000 max 0xffffffff,   target CB0 0x571867000: nonzero 215/1024
  target CB0 0x57187b000: distinct 17 min 0x00000000 max 0xffffffff,   target CB0 0x57187b000: nonzero 195/1024
  target CB0 0x519b90000: distinct 1 min 0x00000000 max 0x00000000,   target CB0 0x519b90000: nonzero 0/1024
  target CB0 0x5718eb000: distinct 16 min 0x00000000 max 0xffffffff,   target CB0 0x5718eb000: nonzero 123/1024
  target DB_HTILE 0x55c050000: distinct 3 min 0x00000000 max 0xffffffff,   target DB_HTILE 0x55c050000: nonzero 144/1024
  target DB_Z_READ 0x527430000: distinct 1 min 0xffffffff max 0xffffffff,   target DB_Z_READ 0x527430000: nonzero 1024/1024
timing: t 24.966 s flip 1/1, VideoOutSubmitFlip took 0.0 ms
  indirect op 16 at 1246: base 0x5074063c0 +0x0 -> 1 1 1 0 0
  indirect op 16 at 1278: base 0x5074063e0 +0x0 -> 1 1 1 0 0
  indirect op 16 at 1310: base 0x50740a520 +0x0 -> 1 1 1 0 0
  indirect op 16 at 1342: base 0x50740a540 +0x0 -> 1 1 1 0 0
  indirect op 25 at 4584: base 0x56ddaffa0 +0x0 -> 1 512 0 0 0
submit #761 dcb 9023 dwords at 0x502702500: pass 559 rewrite 484 drop 408 unmapped 1 cc 8 mappings 1750 ... OK rc 0 27.83 ms
timing: #761 done at t 25.017 s, 36.7 ms after the sync and hints
state stack #761: push 4 pop 4 conditional 1 unmatched 0; restored 3684 regs (+3748 dwords); tables 35, unreadable 0
submit #762 acb 2 dwords at 0xfe003a200: pass 1 rewrite 0 drop 0 unmapped 0 cc 0 mappings 1750 ... OK rc 0 24.21 ms
timing: #762 done at t 25.056 s, 26.0 ms after the sync and hints
submit #763 acb 49 dwords at 0x4002a69dc: pass 2 rewrite 3 drop 3 unmapped 0 cc 0 mappings 1750 ... OK rc 0 24.70 ms
timing: #763 done at t 25.094 s, 26.5 ms after the sync and hints
submit #764 cc 3 dwords at 0x313b17cf4: pass 0 rewrite 1 drop 0 unmapped 0 cc 1 mappings 1750 ... OK rc 0 24.42 ms
timing: #764 done at t 25.133 s, 26.3 ms after the sync and hints
submit #765 hib 150 dwords at 0xfe0000000: pass 12 rewrite 2 drop 2 unmapped 0 cc 2 mappings 1750 ... OK rc 0 24.36 ms
timing: #765 done at t 25.172 s, 26.6 ms after the sync and hints
submit #766 hib 2 dwords at 0xfe003a200: pass 1 rewrite 0 drop 0 unmapped 0 cc 0 mappings 1750 ... OK rc 0 24.54 ms
timing: #766 done at t 25.211 s, 26.3 ms after the sync and hints
submit #767 dcb 96 dwords at 0xfe0042920: pass 20 rewrite 2 drop 2 unmapped 0 cc 0 mappings 1750 ... OK rc 0 24.58 ms
timing: #767 done at t 25.250 s, 26.7 ms after the sync and hints
submit #768 dcb 2647 dwords at 0x504302500: pass 236 rewrite 123 drop 120 unmapped 0 cc 4 mappings 1750 ... OK rc 0 24.90 ms
timing: #768 done at t 25.293 s, 29.2 ms after the sync and hints
state stack #768: push 2 pop 2 conditional 1 unmatched 0; restored 1842 regs (+1874 dwords); tables 13, unreadable 0
submit #769 dcb 851 dwords at 0x505e02500: pass 47 rewrite 55 drop 45 unmapped 0 cc 0 mappings 1750 ... OK rc 0 24.39 ms
timing: #769 done at t 25.333 s, 26.8 ms after the sync and hints
submit #770 acb 2 dwords at 0xfe003a200: pass 1 rewrite 0 drop 0 unmapped 0 cc 0 mappings 1750 ... OK rc 0 24.66 ms
timing: #770 done at t 25.372 s, 26.6 ms after the sync and hints
submit #771 acb 463 dwords at 0x400526840: pass 43 rewrite 11 drop 27 unmapped 0 cc 0 mappings 1750 ... OK rc 0 24.57 ms
timing: #771 done at t 25.411 s, 26.4 ms after the sync and hints
submit #772 dcb 798 dwords at 0x506e02500: pass 103 rewrite 35 drop 22 unmapped 0 cc 6 mappings 1750 ... acb head: 1287 of 1336 dwords go ahead of the wait at 1287 on 0x400203b80
OK rc 0 25.11 ms
timing: #772 done at t 25.454 s, 29.8 ms after the sync and hints
state stack #772: push 3 pop 3 conditional 1 unmatched 0; restored 2763 regs (+2811 dwords); tables 17, unreadable 0
submit #773 acb 1287 dwords at 0x400345640: pass 118 rewrite 35 drop 63 unmapped 0 cc 0 mappings 1750 ... OK rc 0 25.38 ms
timing: #773 done at t 25.493 s, 27.5 ms after the sync and hints
submit #774 dcb 1248 dwords at 0x505202500: pass 151 rewrite 46 drop 45 unmapped 0 cc 6 mappings 1750 ... OK rc 0 24.49 ms
timing: #774 done at t 25.534 s, 28.1 ms after the sync and hints
state stack #774: push 3 pop 3 conditional 1 unmatched 0; restored 2763 regs (+2811 dwords); tables 11, unreadable 0
flip 1/0 buffer 0x507410000 +0x1fe0000: sum 0x17ea65194594 nonzero 8100/8160 pattern 0
  target CB0 0x5093f0000: distinct 53 min 0xc0000000 max 0xc340d034,   target CB0 0x5093f0000: nonzero 1024/1024
  target CB0 0x563800000: distinct 1 min 0x00000000 max 0x00000000,   target CB0 0x563800000: nonzero 0/1024
  target CB0 0x55c00d000: distinct 4 min 0x00000000 max 0xffffffff,   target CB0 0x55c00d000: nonzero 147/1024
  target CB0 0x5637f0000: distinct 1 min 0x00000000 max 0x00000000,   target CB0 0x5637f0000: nonzero 0/1024
  target CB0 0x526bf0000: distinct 1 min 0x38003800 max 0x38003800,   target CB0 0x526bf0000: nonzero 1024/1024
  target CB0 0x5719a8000: distinct 15 min 0x00000000 max 0xffffffff,   target CB0 0x5719a8000: nonzero 102/1024
  target DB_HTILE 0x5203a0000: distinct 2 min 0x00000000 max 0xfffffff0,   target DB_HTILE 0x5203a0000: nonzero 160/1024
  target DB_Z_READ 0x51db50000: distinct 1 min 0x3f800000 max 0x3f800000,   target DB_Z_READ 0x51db50000: nonzero 1024/1024
  target DB_STENCIL_READ 0x51fb30000: distinct 1 min 0x80800000 max 0x80800000,   target DB_STENCIL_READ 0x51fb30000: nonzero 1024/1024
  target CB0 0x513bf0000: distinct 1 min 0x00000000 max 0x00000000,   target CB0 0x513bf0000: nonzero 0/1024
  target CB0 0x571867000: distinct 17 min 0x00000000 max 0xffffffff,   target CB0 0x571867000: nonzero 215/1024
  target CB0 0x57187b000: distinct 17 min 0x00000000 max 0xffffffff,   target CB0 0x57187b000: nonzero 195/1024
  target CB0 0x519b90000: distinct 1 min 0x00000000 max 0x00000000,   target CB0 0x519b90000: nonzero 0/1024
  target CB0 0x5718eb000: distinct 16 min 0x00000000 max 0xffffffff,   target CB0 0x5718eb000: nonzero 123/1024
  target DB_HTILE 0x55c050000: distinct 3 min 0x00000000 max 0xffffffff,   target DB_HTILE 0x55c050000: nonzero 144/1024
  target DB_Z_READ 0x527430000: distinct 1 min 0xffffffff max 0xffffffff,   target DB_Z_READ 0x527430000: nonzero 1024/1024
timing: t 25.535 s flip 1/0, VideoOutSubmitFlip took 0.0 ms
  indirect op 16 at 1246: base 0x5074063c0 +0x0 -> 1 1 1 0 0
  indirect op 16 at 1278: base 0x5074063e0 +0x0 -> 1 1 1 0 0
  indirect op 16 at 1310: base 0x50740a520 +0x0 -> 1 1 1 0 0
  indirect op 16 at 1342: base 0x50740a540 +0x0 -> 1 1 1 0 0
  indirect op 25 at 4584: base 0x56ddaffa0 +0x0 -> 1 512 0 0 0
submit #775 dcb 9023 dwords at 0x502e02500: pass 559 rewrite 484 drop 408 unmapped 1 cc 8 mappings 1750 ... OK rc 0 27.57 ms
timing: #775 done at t 25.585 s, 36.7 ms after the sync and hints
state stack #775: push 4 pop 4 conditional 1 unmatched 0; restored 3684 regs (+3748 dwords); tables 35, unreadable 0
submit #776 acb 2 dwords at 0xfe003a200: pass 1 rewrite 0 drop 0 unmapped 0 cc 0 mappings 1750 ... OK rc 0 24.33 ms
timing: #776 done at t 25.623 s, 26.1 ms after the sync and hints
swapped pages taken as resident so far: 0
vmas 115 total 13079.0 MiB resident 4642.6 MiB mapped 4642.7 MiB
submit #777 acb 49 dwords at 0x400346a5c: pass 2 rewrite 3 drop 3 unmapped 0 cc 0 mappings 1751 ... OK rc 0 24.15 ms
timing: #777 done at t 25.662 s, 25.9 ms after the sync and hints
submit #778 cc 3 dwords at 0x313b17cf4: pass 0 rewrite 1 drop 0 unmapped 0 cc 1 mappings 1751 ... OK rc 0 24.35 ms
timing: #778 done at t 25.701 s, 26.2 ms after the sync and hints
submit #779 hib 150 dwords at 0xfe0000000: pass 12 rewrite 2 drop 2 unmapped 0 cc 2 mappings 1751 ... OK rc 0 24.30 ms
timing: #779 done at t 25.740 s, 26.5 ms after the sync and hints
submit #780 hib 2 dwords at 0xfe003a200: pass 1 rewrite 0 drop 0 unmapped 0 cc 0 mappings 1751 ... OK rc 0 24.56 ms
timing: #780 done at t 25.778 s, 26.4 ms after the sync and hints
submit #781 dcb 96 dwords at 0xfe0042920: pass 20 rewrite 2 drop 2 unmapped 0 cc 0 mappings 1751 ... OK rc 0 24.32 ms
timing: #781 done at t 25.817 s, 26.6 ms after the sync and hints
submit #782 dcb 2647 dwords at 0x503502500: pass 236 rewrite 123 drop 120 unmapped 0 cc 4 mappings 1751 ... OK rc 0 24.90 ms
timing: #782 done at t 25.859 s, 29.1 ms after the sync and hints
state stack #782: push 2 pop 2 conditional 1 unmatched 0; restored 1842 regs (+1874 dwords); tables 13, unreadable 0
submit #783 acb 2 dwords at 0xfe003a200: pass 1 rewrite 0 drop 0 unmapped 0 cc 0 mappings 1751 ... OK rc 0 25.33 ms
timing: #783 done at t 25.900 s, 27.2 ms after the sync and hints
submit #784 dcb 851 dwords at 0x505602500: pass 47 rewrite 55 drop 45 unmapped 0 cc 0 mappings 1751 ... OK rc 0 24.52 ms
timing: #784 done at t 25.939 s, 26.8 ms after the sync and hints
submit #785 acb 463 dwords at 0x4003e6740: pass 43 rewrite 11 drop 27 unmapped 0 cc 0 mappings 1751 ... OK rc 0 24.96 ms
timing: #785 done at t 25.978 s, 27.0 ms after the sync and hints
submit #786 dcb 798 dwords at 0x506202500: pass 103 rewrite 35 drop 22 unmapped 0 cc 6 mappings 1751 ... acb head: 1287 of 1336 dwords go ahead of the wait at 1287 on 0x400202380
OK rc 0 25.13 ms
timing: #786 done at t 26.020 s, 29.5 ms after the sync and hints
state stack #786: push 3 pop 3 conditional 1 unmatched 0; restored 2763 regs (+2811 dwords); tables 17, unreadable 0
submit #787 acb 1287 dwords at 0x400205540: pass 118 rewrite 35 drop 63 unmapped 0 cc 0 mappings 1751 ... OK rc 0 25.88 ms
timing: #787 done at t 26.061 s, 27.7 ms after the sync and hints
submit #788 dcb 1248 dwords at 0x504a02500: pass 151 rewrite 46 drop 45 unmapped 0 cc 6 mappings 1751 ... OK rc 0 24.76 ms
timing: #788 done at t 26.104 s, 29.1 ms after the sync and hints
state stack #788: push 3 pop 3 conditional 1 unmatched 0; restored 2763 regs (+2811 dwords); tables 11, unreadable 0
flip 1/1 buffer 0x5093f0000 +0x1fe0000: sum 0x17ea65194594 nonzero 8100/8160 pattern 0
  target CB0 0x507410000: distinct 53 min 0xc0000000 max 0xc340d034,   target CB0 0x507410000: nonzero 1024/1024
  target CB0 0x563800000: distinct 1 min 0x00000000 max 0x00000000,   target CB0 0x563800000: nonzero 0/1024
  target CB0 0x55c00d000: distinct 4 min 0x00000000 max 0xffffffff,   target CB0 0x55c00d000: nonzero 147/1024
  target CB0 0x5637f0000: distinct 1 min 0x00000000 max 0x00000000,   target CB0 0x5637f0000: nonzero 0/1024
  target CB0 0x526bf0000: distinct 1 min 0x38003800 max 0x38003800,   target CB0 0x526bf0000: nonzero 1024/1024
  target CB0 0x5719a8000: distinct 15 min 0x00000000 max 0xffffffff,   target CB0 0x5719a8000: nonzero 102/1024
  target DB_HTILE 0x5203a0000: distinct 2 min 0x00000000 max 0xfffffff0,   target DB_HTILE 0x5203a0000: nonzero 160/1024
  target DB_Z_READ 0x51db50000: distinct 1 min 0x3f800000 max 0x3f800000,   target DB_Z_READ 0x51db50000: nonzero 1024/1024
  target DB_STENCIL_READ 0x51fb30000: distinct 1 min 0x80800000 max 0x80800000,   target DB_STENCIL_READ 0x51fb30000: nonzero 1024/1024
  target CB0 0x513bf0000: distinct 1 min 0x00000000 max 0x00000000,   target CB0 0x513bf0000: nonzero 0/1024
  target CB0 0x571867000: distinct 17 min 0x00000000 max 0xffffffff,   target CB0 0x571867000: nonzero 215/1024
  target CB0 0x57187b000: distinct 17 min 0x00000000 max 0xffffffff,   target CB0 0x57187b000: nonzero 195/1024
  target CB0 0x519b90000: distinct 1 min 0x00000000 max 0x00000000,   target CB0 0x519b90000: nonzero 0/1024
  target CB0 0x5718eb000: distinct 16 min 0x00000000 max 0xffffffff,   target CB0 0x5718eb000: nonzero 123/1024
  target DB_HTILE 0x55c050000: distinct 3 min 0x00000000 max 0xffffffff,   target DB_HTILE 0x55c050000: nonzero 144/1024
  target DB_Z_READ 0x527430000: distinct 1 min 0xffffffff max 0xffffffff,   target DB_Z_READ 0x527430000: nonzero 1024/1024
timing: t 26.105 s flip 1/1, VideoOutSubmitFlip took 0.0 ms
  indirect op 16 at 1246: base 0x5074063c0 +0x0 -> 1 1 1 0 0
  indirect op 16 at 1278: base 0x5074063e0 +0x0 -> 1 1 1 0 0
  indirect op 16 at 1310: base 0x50740a520 +0x0 -> 1 1 1 0 0
  indirect op 16 at 1342: base 0x50740a540 +0x0 -> 1 1 1 0 0
  indirect op 25 at 4584: base 0x56ddaffa0 +0x0 -> 1 512 0 0 0
submit #789 dcb 9023 dwords at 0x502002500: pass 559 rewrite 484 drop 408 unmapped 1 cc 8 mappings 1751 ... OK rc 0 28.53 ms
timing: #789 done at t 26.155 s, 37.4 ms after the sync and hints
state stack #789: push 4 pop 4 conditional 1 unmatched 0; restored 3684 regs (+3748 dwords); tables 35, unreadable 0
submit #790 acb 2 dwords at 0xfe003a200: pass 1 rewrite 0 drop 0 unmapped 0 cc 0 mappings 1751 ... OK rc 0 24.52 ms
timing: #790 done at t 26.194 s, 26.3 ms after the sync and hints
swapped pages taken as resident so far: 0
vmas 115 total 13079.0 MiB resident 4642.7 MiB mapped 4642.8 MiB
submit #791 acb 49 dwords at 0x40020695c: pass 2 rewrite 3 drop 3 unmapped 0 cc 0 mappings 1752 ... OK rc 0 24.40 ms
timing: #791 done at t 26.232 s, 26.1 ms after the sync and hints
submit #792 cc 3 dwords at 0x313b17cf4: pass 0 rewrite 1 drop 0 unmapped 0 cc 1 mappings 1752 ... OK rc 0 24.57 ms
timing: #792 done at t 26.272 s, 26.5 ms after the sync and hints
submit #793 hib 150 dwords at 0xfe0000000: pass 12 rewrite 2 drop 2 unmapped 0 cc 2 mappings 1752 ... OK rc 0 24.81 ms
timing: #793 done at t 26.311 s, 27.0 ms after the sync and hints
submit #794 hib 2 dwords at 0xfe003a200: pass 1 rewrite 0 drop 0 unmapped 0 cc 0 mappings 1752 ... OK rc 0 24.49 ms
timing: #794 done at t 26.350 s, 26.3 ms after the sync and hints
submit #795 dcb 96 dwords at 0xfe0042920: pass 20 rewrite 2 drop 2 unmapped 0 cc 0 mappings 1752 ... OK rc 0 24.55 ms
timing: #795 done at t 26.389 s, 26.7 ms after the sync and hints
submit #796 dcb 2647 dwords at 0x503c02500: pass 236 rewrite 123 drop 120 unmapped 0 cc 4 mappings 1752 ... OK rc 0 24.82 ms
timing: #796 done at t 26.430 s, 29.0 ms after the sync and hints
state stack #796: push 2 pop 2 conditional 1 unmatched 0; restored 1842 regs (+1874 dwords); tables 13, unreadable 0
submit #797 dcb 851 dwords at 0x505a02500: pass 47 rewrite 55 drop 45 unmapped 0 cc 0 mappings 1752 ... OK rc 0 24.75 ms
timing: #797 done at t 26.470 s, 27.0 ms after the sync and hints
submit #798 acb 2 dwords at 0xfe003a200: pass 1 rewrite 0 drop 0 unmapped 0 cc 0 mappings 1752 ... OK rc 0 24.62 ms
timing: #798 done at t 26.510 s, 26.5 ms after the sync and hints
submit #799 acb 463 dwords at 0x4004867c0: pass 43 rewrite 11 drop 27 unmapped 0 cc 0 mappings 1752 ... OK rc 0 24.66 ms
timing: #799 done at t 26.549 s, 26.6 ms after the sync and hints
submit #800 dcb 798 dwords at 0x506802500: pass 103 rewrite 35 drop 22 unmapped 0 cc 6 mappings 1752 ... acb head: 1287 of 1336 dwords go ahead of the wait at 1287 on 0x400202f80
OK rc 0 25.47 ms
timing: #800 done at t 26.591 s, 29.9 ms after the sync and hints
state stack #800: push 3 pop 3 conditional 1 unmatched 0; restored 2763 regs (+2811 dwords); tables 17, unreadable 0
submit #801 acb 1287 dwords at 0x4002a55c0: pass 118 rewrite 35 drop 63 unmapped 0 cc 0 mappings 1752 ... OK rc 0 25.42 ms
timing: #801 done at t 26.631 s, 27.3 ms after the sync and hints
submit #802 dcb 1248 dwords at 0x504e02500: pass 151 rewrite 46 drop 45 unmapped 0 cc 6 mappings 1752 ... OK rc 0 24.70 ms
timing: #802 done at t 26.672 s, 28.3 ms after the sync and hints
state stack #802: push 3 pop 3 conditional 1 unmatched 0; restored 2763 regs (+2811 dwords); tables 11, unreadable 0
flip 1/0 buffer 0x507410000 +0x1fe0000: sum 0x17ea65194594 nonzero 8100/8160 pattern 0
  target CB0 0x5093f0000: distinct 53 min 0xc0000000 max 0xc340d034,   target CB0 0x5093f0000: nonzero 1024/1024
  target CB0 0x563800000: distinct 1 min 0x00000000 max 0x00000000,   target CB0 0x563800000: nonzero 0/1024
  target CB0 0x55c00d000: distinct 4 min 0x00000000 max 0xffffffff,   target CB0 0x55c00d000: nonzero 147/1024
  target CB0 0x5637f0000: distinct 1 min 0x00000000 max 0x00000000,   target CB0 0x5637f0000: nonzero 0/1024
  target CB0 0x526bf0000: distinct 1 min 0x38003800 max 0x38003800,   target CB0 0x526bf0000: nonzero 1024/1024
  target CB0 0x5719a8000: distinct 15 min 0x00000000 max 0xffffffff,   target CB0 0x5719a8000: nonzero 102/1024
  target DB_HTILE 0x5203a0000: distinct 2 min 0x00000000 max 0xfffffff0,   target DB_HTILE 0x5203a0000: nonzero 160/1024
  target DB_Z_READ 0x51db50000: distinct 1 min 0x3f800000 max 0x3f800000,   target DB_Z_READ 0x51db50000: nonzero 1024/1024
  target DB_STENCIL_READ 0x51fb30000: distinct 1 min 0x80800000 max 0x80800000,   target DB_STENCIL_READ 0x51fb30000: nonzero 1024/1024
  target CB0 0x513bf0000: distinct 1 min 0x00000000 max 0x00000000,   target CB0 0x513bf0000: nonzero 0/1024
  target CB0 0x571867000: distinct 17 min 0x00000000 max 0xffffffff,   target CB0 0x571867000: nonzero 215/1024
  target CB0 0x57187b000: distinct 17 min 0x00000000 max 0xffffffff,   target CB0 0x57187b000: nonzero 195/1024
  target CB0 0x519b90000: distinct 1 min 0x00000000 max 0x00000000,   target CB0 0x519b90000: nonzero 0/1024
  target CB0 0x5718eb000: distinct 16 min 0x00000000 max 0xffffffff,   target CB0 0x5718eb000: nonzero 123/1024
  target DB_HTILE 0x55c050000: distinct 3 min 0x00000000 max 0xffffffff,   target DB_HTILE 0x55c050000: nonzero 144/1024
  target DB_Z_READ 0x527430000: distinct 1 min 0xffffffff max 0xffffffff,   target DB_Z_READ 0x527430000: nonzero 1024/1024
timing: t 26.673 s flip 1/0, VideoOutSubmitFlip took 0.0 ms
  indirect op 16 at 1246: base 0x5074063c0 +0x0 -> 1 1 1 0 0
  indirect op 16 at 1278: base 0x5074063e0 +0x0 -> 1 1 1 0 0
  indirect op 16 at 1310: base 0x50740a520 +0x0 -> 1 1 1 0 0
  indirect op 16 at 1342: base 0x50740a540 +0x0 -> 1 1 1 0 0
  indirect op 25 at 4584: base 0x56ddaffa0 +0x0 -> 1 512 0 0 0
submit #803 dcb 9023 dwords at 0x502702500: pass 559 rewrite 484 drop 408 unmapped 1 cc 8 mappings 1752 ... OK rc 0 27.74 ms
timing: #803 done at t 26.722 s, 36.6 ms after the sync and hints
state stack #803: push 4 pop 4 conditional 1 unmatched 0; restored 3684 regs (+3748 dwords); tables 35, unreadable 0
submit #804 acb 2 dwords at 0xfe003a200: pass 1 rewrite 0 drop 0 unmapped 0 cc 0 mappings 1752 ... OK rc 0 24.24 ms
timing: #804 done at t 26.762 s, 26.1 ms after the sync and hints
submit #805 acb 49 dwords at 0x4002a69dc: pass 2 rewrite 3 drop 3 unmapped 0 cc 0 mappings 1752 ... OK rc 0 25.01 ms
timing: #805 done at t 26.801 s, 26.8 ms after the sync and hints
submit #806 cc 3 dwords at 0x313b17cf4: pass 0 rewrite 1 drop 0 unmapped 0 cc 1 mappings 1752 ... OK rc 0 24.65 ms
timing: #806 done at t 26.840 s, 26.5 ms after the sync and hints
submit #807 hib 150 dwords at 0xfe0000000: pass 12 rewrite 2 drop 2 unmapped 0 cc 2 mappings 1752 ... OK rc 0 24.41 ms
timing: #807 done at t 26.879 s, 26.6 ms after the sync and hints
submit #808 hib 2 dwords at 0xfe003a200: pass 1 rewrite 0 drop 0 unmapped 0 cc 0 mappings 1752 ... OK rc 0 24.76 ms
timing: #808 done at t 26.918 s, 26.6 ms after the sync and hints
submit #809 dcb 96 dwords at 0xfe0042920: pass 20 rewrite 2 drop 2 unmapped 0 cc 0 mappings 1752 ... OK rc 0 24.55 ms
timing: #809 done at t 26.957 s, 26.7 ms after the sync and hints
submit #810 dcb 2647 dwords at 0x504302500: pass 236 rewrite 123 drop 120 unmapped 0 cc 4 mappings 1752 ... OK rc 0 25.15 ms
timing: #810 done at t 26.999 s, 29.3 ms after the sync and hints
state stack #810: push 2 pop 2 conditional 1 unmatched 0; restored 1842 regs (+1874 dwords); tables 13, unreadable 0
submit #811 dcb 851 dwords at 0x505e02500: pass 47 rewrite 55 drop 45 unmapped 0 cc 0 mappings 1752 ... OK rc 0 24.53 ms
timing: #811 done at t 27.039 s, 26.9 ms after the sync and hints
submit #812 acb 2 dwords at 0xfe003a200: pass 1 rewrite 0 drop 0 unmapped 0 cc 0 mappings 1752 ... OK rc 0 24.38 ms
timing: #812 done at t 27.078 s, 26.2 ms after the sync and hints
submit #813 acb 463 dwords at 0x400526840: pass 43 rewrite 11 drop 27 unmapped 0 cc 0 mappings 1752 ... OK rc 0 24.80 ms
timing: #813 done at t 27.116 s, 26.6 ms after the sync and hints
submit #814 dcb 798 dwords at 0x506e02500: pass 103 rewrite 35 drop 22 unmapped 0 cc 6 mappings 1752 ... acb head: 1287 of 1336 dwords go ahead of the wait at 1287 on 0x400203b80
OK rc 0 25.20 ms
timing: #814 done at t 27.159 s, 29.8 ms after the sync and hints
state stack #814: push 3 pop 3 conditional 1 unmatched 0; restored 2763 regs (+2811 dwords); tables 17, unreadable 0
submit #815 acb 1287 dwords at 0x400345640: pass 118 rewrite 35 drop 63 unmapped 0 cc 0 mappings 1752 ... OK rc 0 25.59 ms
timing: #815 done at t 27.198 s, 27.5 ms after the sync and hints
submit #816 dcb 1248 dwords at 0x505202500: pass 151 rewrite 46 drop 45 unmapped 0 cc 6 mappings 1752 ... OK rc 0 24.57 ms
timing: #816 done at t 27.240 s, 28.3 ms after the sync and hints
state stack #816: push 3 pop 3 conditional 1 unmatched 0; restored 2763 regs (+2811 dwords); tables 11, unreadable 0
flip 1/1 buffer 0x5093f0000 +0x1fe0000: sum 0x17ea65194594 nonzero 8100/8160 pattern 0
  target CB0 0x507410000: distinct 53 min 0xc0000000 max 0xc340d034,   target CB0 0x507410000: nonzero 1024/1024
  target CB0 0x563800000: distinct 1 min 0x00000000 max 0x00000000,   target CB0 0x563800000: nonzero 0/1024
  target CB0 0x55c00d000: distinct 4 min 0x00000000 max 0xffffffff,   target CB0 0x55c00d000: nonzero 147/1024
  target CB0 0x5637f0000: distinct 1 min 0x00000000 max 0x00000000,   target CB0 0x5637f0000: nonzero 0/1024
  target CB0 0x526bf0000: distinct 1 min 0x38003800 max 0x38003800,   target CB0 0x526bf0000: nonzero 1024/1024
  target CB0 0x5719a8000: distinct 15 min 0x00000000 max 0xffffffff,   target CB0 0x5719a8000: nonzero 102/1024
  target DB_HTILE 0x5203a0000: distinct 2 min 0x00000000 max 0xfffffff0,   target DB_HTILE 0x5203a0000: nonzero 160/1024
  target DB_Z_READ 0x51db50000: distinct 1 min 0x3f800000 max 0x3f800000,   target DB_Z_READ 0x51db50000: nonzero 1024/1024
  target DB_STENCIL_READ 0x51fb30000: distinct 1 min 0x80800000 max 0x80800000,   target DB_STENCIL_READ 0x51fb30000: nonzero 1024/1024
  target CB0 0x513bf0000: distinct 1 min 0x00000000 max 0x00000000,   target CB0 0x513bf0000: nonzero 0/1024
  target CB0 0x571867000: distinct 17 min 0x00000000 max 0xffffffff,   target CB0 0x571867000: nonzero 215/1024
  target CB0 0x57187b000: distinct 17 min 0x00000000 max 0xffffffff,   target CB0 0x57187b000: nonzero 195/1024
  target CB0 0x519b90000: distinct 1 min 0x00000000 max 0x00000000,   target CB0 0x519b90000: nonzero 0/1024
  target CB0 0x5718eb000: distinct 16 min 0x00000000 max 0xffffffff,   target CB0 0x5718eb000: nonzero 123/1024
  target DB_HTILE 0x55c050000: distinct 3 min 0x00000000 max 0xffffffff,   target DB_HTILE 0x55c050000: nonzero 144/1024
  target DB_Z_READ 0x527430000: distinct 1 min 0xffffffff max 0xffffffff,   target DB_Z_READ 0x527430000: nonzero 1024/1024
timing: t 27.240 s flip 1/1, VideoOutSubmitFlip took 0.0 ms
  indirect op 16 at 1246: base 0x5074063c0 +0x0 -> 1 1 1 0 0
  indirect op 16 at 1278: base 0x5074063e0 +0x0 -> 1 1 1 0 0
  indirect op 16 at 1310: base 0x50740a520 +0x0 -> 1 1 1 0 0
  indirect op 16 at 1342: base 0x50740a540 +0x0 -> 1 1 1 0 0
  indirect op 25 at 4584: base 0x56ddaffa0 +0x0 -> 1 512 0 0 0
submit #817 dcb 9023 dwords at 0x502e02500: pass 559 rewrite 484 drop 408 unmapped 1 cc 8 mappings 1752 ... OK rc 0 27.68 ms
timing: #817 done at t 27.290 s, 36.5 ms after the sync and hints
state stack #817: push 4 pop 4 conditional 1 unmatched 0; restored 3684 regs (+3748 dwords); tables 35, unreadable 0
swapped pages taken as resident so far: 0
vmas 115 total 13079.0 MiB resident 4642.8 MiB mapped 4642.9 MiB
submit #818 acb 2 dwords at 0xfe003a200: pass 1 rewrite 0 drop 0 unmapped 0 cc 0 mappings 1755 ... OK rc 0 24.88 ms
timing: #818 done at t 27.330 s, 26.6 ms after the sync and hints
submit #819 acb 49 dwords at 0x400346a5c: pass 2 rewrite 3 drop 3 unmapped 0 cc 0 mappings 1755 ... OK rc 0 24.67 ms
timing: #819 done at t 27.369 s, 26.5 ms after the sync and hints
submit #820 cc 3 dwords at 0x313b17cf4: pass 0 rewrite 1 drop 0 unmapped 0 cc 1 mappings 1755 ... OK rc 0 24.46 ms
timing: #820 done at t 27.408 s, 26.3 ms after the sync and hints
submit #821 hib 150 dwords at 0xfe0000000: pass 12 rewrite 2 drop 2 unmapped 0 cc 2 mappings 1755 ... OK rc 0 24.41 ms
timing: #821 done at t 27.447 s, 26.6 ms after the sync and hints
submit #822 hib 2 dwords at 0xfe003a200: pass 1 rewrite 0 drop 0 unmapped 0 cc 0 mappings 1755 ... OK rc 0 24.37 ms
timing: #822 done at t 27.486 s, 26.2 ms after the sync and hints
submit #823 dcb 96 dwords at 0xfe0042920: pass 20 rewrite 2 drop 2 unmapped 0 cc 0 mappings 1755 ... OK rc 0 24.45 ms
timing: #823 done at t 27.525 s, 26.6 ms after the sync and hints
submit #824 dcb 2647 dwords at 0x503502500: pass 236 rewrite 123 drop 120 unmapped 0 cc 4 mappings 1755 ... OK rc 0 24.75 ms
timing: #824 done at t 27.566 s, 28.9 ms after the sync and hints
state stack #824: push 2 pop 2 conditional 1 unmatched 0; restored 1842 regs (+1874 dwords); tables 13, unreadable 0
submit #825 dcb 851 dwords at 0x505602500: pass 47 rewrite 55 drop 45 unmapped 0 cc 0 mappings 1755 ... OK rc 0 24.51 ms
timing: #825 done at t 27.606 s, 26.8 ms after the sync and hints
submit #826 acb 2 dwords at 0xfe003a200: pass 1 rewrite 0 drop 0 unmapped 0 cc 0 mappings 1755 ... OK rc 0 24.83 ms
timing: #826 done at t 27.645 s, 26.8 ms after the sync and hints
submit #827 acb 463 dwords at 0x4003e6740: pass 43 rewrite 11 drop 27 unmapped 0 cc 0 mappings 1755 ... OK rc 0 24.93 ms
timing: #827 done at t 27.685 s, 27.1 ms after the sync and hints
submit #828 dcb 798 dwords at 0x506202500: pass 103 rewrite 35 drop 22 unmapped 0 cc 6 mappings 1755 ... acb head: 1287 of 1336 dwords go ahead of the wait at 1287 on 0x400202380
OK rc 0 25.20 ms
timing: #828 done at t 27.727 s, 29.6 ms after the sync and hints
state stack #828: push 3 pop 3 conditional 1 unmatched 0; restored 2763 regs (+2811 dwords); tables 17, unreadable 0
submit #829 acb 1287 dwords at 0x400205540: pass 118 rewrite 35 drop 63 unmapped 0 cc 0 mappings 1755 ... OK rc 0 25.82 ms
timing: #829 done at t 27.767 s, 27.7 ms after the sync and hints
submit #830 dcb 1248 dwords at 0x504a02500: pass 151 rewrite 46 drop 45 unmapped 0 cc 6 mappings 1755 ... OK rc 0 24.59 ms
timing: #830 done at t 27.808 s, 28.2 ms after the sync and hints
state stack #830: push 3 pop 3 conditional 1 unmatched 0; restored 2763 regs (+2811 dwords); tables 11, unreadable 0
flip 1/0 buffer 0x507410000 +0x1fe0000: sum 0x17ea65194594 nonzero 8100/8160 pattern 0
  target CB0 0x5093f0000: distinct 53 min 0xc0000000 max 0xc340d034,   target CB0 0x5093f0000: nonzero 1024/1024
  target CB0 0x563800000: distinct 1 min 0x00000000 max 0x00000000,   target CB0 0x563800000: nonzero 0/1024
  target CB0 0x55c00d000: distinct 4 min 0x00000000 max 0xffffffff,   target CB0 0x55c00d000: nonzero 147/1024
  target CB0 0x5637f0000: distinct 1 min 0x00000000 max 0x00000000,   target CB0 0x5637f0000: nonzero 0/1024
  target CB0 0x526bf0000: distinct 1 min 0x38003800 max 0x38003800,   target CB0 0x526bf0000: nonzero 1024/1024
  target CB0 0x5719a8000: distinct 15 min 0x00000000 max 0xffffffff,   target CB0 0x5719a8000: nonzero 102/1024
  target DB_HTILE 0x5203a0000: distinct 2 min 0x00000000 max 0xfffffff0,   target DB_HTILE 0x5203a0000: nonzero 160/1024
  target DB_Z_READ 0x51db50000: distinct 1 min 0x3f800000 max 0x3f800000,   target DB_Z_READ 0x51db50000: nonzero 1024/1024
  target DB_STENCIL_READ 0x51fb30000: distinct 1 min 0x80800000 max 0x80800000,   target DB_STENCIL_READ 0x51fb30000: nonzero 1024/1024
  target CB0 0x513bf0000: distinct 1 min 0x00000000 max 0x00000000,   target CB0 0x513bf0000: nonzero 0/1024
  target CB0 0x571867000: distinct 17 min 0x00000000 max 0xffffffff,   target CB0 0x571867000: nonzero 215/1024
  target CB0 0x57187b000: distinct 17 min 0x00000000 max 0xffffffff,   target CB0 0x57187b000: nonzero 195/1024
  target CB0 0x519b90000: distinct 1 min 0x00000000 max 0x00000000,   target CB0 0x519b90000: nonzero 0/1024
  target CB0 0x5718eb000: distinct 16 min 0x00000000 max 0xffffffff,   target CB0 0x5718eb000: nonzero 123/1024
  target DB_HTILE 0x55c050000: distinct 3 min 0x00000000 max 0xffffffff,   target DB_HTILE 0x55c050000: nonzero 144/1024
  target DB_Z_READ 0x527430000: distinct 1 min 0xffffffff max 0xffffffff,   target DB_Z_READ 0x527430000: nonzero 1024/1024
timing: t 27.809 s flip 1/0, VideoOutSubmitFlip took 0.0 ms
  indirect op 16 at 1246: base 0x5074063c0 +0x0 -> 1 1 1 0 0
  indirect op 16 at 1278: base 0x5074063e0 +0x0 -> 1 1 1 0 0
  indirect op 16 at 1310: base 0x50740a520 +0x0 -> 1 1 1 0 0
  indirect op 16 at 1342: base 0x50740a540 +0x0 -> 1 1 1 0 0
  indirect op 25 at 4584: base 0x56ddaffa0 +0x0 -> 1 512 0 0 0
submit #831 dcb 9023 dwords at 0x502002500: pass 559 rewrite 484 drop 408 unmapped 1 cc 8 mappings 1755 ... OK rc 0 27.54 ms
timing: #831 done at t 27.858 s, 36.4 ms after the sync and hints
state stack #831: push 4 pop 4 conditional 1 unmatched 0; restored 3684 regs (+3748 dwords); tables 35, unreadable 0
swapped pages taken as resident so far: 0
vmas 115 total 13079.0 MiB resident 4643.5 MiB mapped 4643.6 MiB
submit #832 acb 2 dwords at 0xfe003a200: pass 1 rewrite 0 drop 0 unmapped 0 cc 0 mappings 1757 ... OK rc 0 24.47 ms
timing: #832 done at t 27.898 s, 26.2 ms after the sync and hints
swapped pages taken as resident so far: 0
vmas 115 total 13079.0 MiB resident 4644.5 MiB mapped 4644.6 MiB
submit #833 acb 49 dwords at 0x40020695c: pass 2 rewrite 3 drop 3 unmapped 0 cc 0 mappings 1760 ... OK rc 0 25.15 ms
timing: #833 done at t 27.938 s, 26.9 ms after the sync and hints
submit #834 cc 3 dwords at 0x313b17cf4: pass 0 rewrite 1 drop 0 unmapped 0 cc 1 mappings 1760 ... OK rc 0 28.93 ms
timing: #834 done at t 27.983 s, 31.1 ms after the sync and hints
submit #835 hib 150 dwords at 0xfe0000000: pass 12 rewrite 2 drop 2 unmapped 0 cc 2 mappings 1760 ... OK rc 0 25.97 ms
timing: #835 done at t 28.024 s, 28.2 ms after the sync and hints
submit #836 hib 2 dwords at 0xfe003a200: pass 1 rewrite 0 drop 0 unmapped 0 cc 0 mappings 1760 ... OK rc 0 25.46 ms
timing: #836 done at t 28.064 s, 27.3 ms after the sync and hints
submit #837 dcb 96 dwords at 0xfe0042920: pass 20 rewrite 2 drop 2 unmapped 0 cc 0 mappings 1760 ... OK rc 0 24.82 ms
timing: #837 done at t 28.104 s, 27.0 ms after the sync and hints
submit #838 dcb 2647 dwords at 0x503c02500: pass 236 rewrite 123 drop 120 unmapped 0 cc 4 mappings 1760 ... OK rc 0 29.08 ms
timing: #838 done at t 28.150 s, 33.4 ms after the sync and hints
state stack #838: push 2 pop 2 conditional 1 unmatched 0; restored 1842 regs (+1874 dwords); tables 13, unreadable 0
submit #839 dcb 851 dwords at 0x505a02500: pass 47 rewrite 55 drop 45 unmapped 0 cc 0 mappings 1760 ... OK rc 0 29.42 ms
timing: #839 done at t 28.195 s, 32.4 ms after the sync and hints
submit #840 acb 2 dwords at 0xfe003a200: pass 1 rewrite 0 drop 0 unmapped 0 cc 0 mappings 1760 ... OK rc 0 24.37 ms
timing: #840 done at t 28.234 s, 26.2 ms after the sync and hints
submit #841 acb 463 dwords at 0x4004867c0: pass 43 rewrite 11 drop 27 unmapped 0 cc 0 mappings 1760 ... OK rc 0 24.88 ms
timing: #841 done at t 28.273 s, 26.7 ms after the sync and hints
submit #842 dcb 798 dwords at 0x506802500: pass 103 rewrite 35 drop 22 unmapped 0 cc 6 mappings 1760 ... acb head: 1815 of 1864 dwords go ahead of the wait at 1815 on 0x400202f80
OK rc 0 29.68 ms
timing: #842 done at t 28.320 s, 34.2 ms after the sync and hints
state stack #842: push 3 pop 3 conditional 1 unmatched 0; restored 2763 regs (+2811 dwords); tables 17, unreadable 0
submit #843 acb 1815 dwords at 0x4002a55c0: pass 156 rewrite 44 drop 93 unmapped 0 cc 0 mappings 1760 ... OK rc 0 25.71 ms
timing: #843 done at t 28.360 s, 27.6 ms after the sync and hints
hint DB_HTILE 0x55c0e0000: window 0x55a0e0000+0x4000000, mapped +0.0 MiB
submit #844 dcb 1248 dwords at 0x504e02500: pass 151 rewrite 46 drop 45 unmapped 0 cc 6 mappings 1760 ... OK rc 0 27.95 ms
timing: #844 done at t 28.405 s, 31.5 ms after the sync and hints
state stack #844: push 3 pop 3 conditional 1 unmatched 0; restored 2763 regs (+2811 dwords); tables 11, unreadable 0
flip 1/1 buffer 0x5093f0000 +0x1fe0000: sum 0x17ea65194594 nonzero 8100/8160 pattern 0
  target CB0 0x507410000: distinct 53 min 0xc0000000 max 0xc340d034,   target CB0 0x507410000: nonzero 1024/1024
  target CB0 0x563800000: distinct 1 min 0x00000000 max 0x00000000,   target CB0 0x563800000: nonzero 0/1024
  target CB0 0x55c00d000: distinct 4 min 0x00000000 max 0xffffffff,   target CB0 0x55c00d000: nonzero 339/1024
  target CB0 0x5637f0000: distinct 1 min 0x00000000 max 0x00000000,   target CB0 0x5637f0000: nonzero 0/1024
  target CB0 0x526bf0000: distinct 1 min 0x38003800 max 0x38003800,   target CB0 0x526bf0000: nonzero 1024/1024
  target CB0 0x5719a8000: distinct 15 min 0x00000000 max 0xffffffff,   target CB0 0x5719a8000: nonzero 102/1024
  target DB_HTILE 0x5203a0000: distinct 2 min 0x00000000 max 0xfffffff0,   target DB_HTILE 0x5203a0000: nonzero 160/1024
  target DB_Z_READ 0x51db50000: distinct 1 min 0x3f800000 max 0x3f800000,   target DB_Z_READ 0x51db50000: nonzero 1024/1024
  target DB_STENCIL_READ 0x51fb30000: distinct 1 min 0x80800000 max 0x80800000,   target DB_STENCIL_READ 0x51fb30000: nonzero 1024/1024
  target CB0 0x513bf0000: distinct 1 min 0x00000000 max 0x00000000,   target CB0 0x513bf0000: nonzero 0/1024
  target CB0 0x571867000: distinct 17 min 0x00000000 max 0xffffffff,   target CB0 0x571867000: nonzero 215/1024
  target CB0 0x57187b000: distinct 17 min 0x00000000 max 0xffffffff,   target CB0 0x57187b000: nonzero 195/1024
  target CB0 0x519b90000: distinct 1 min 0x00000000 max 0x00000000,   target CB0 0x519b90000: nonzero 0/1024
  target CB0 0x5718eb000: distinct 16 min 0x00000000 max 0xffffffff,   target CB0 0x5718eb000: nonzero 123/1024
  target DB_HTILE 0x55c0e0000: distinct 2 min 0x00000000 max 0xffffffff,   target DB_HTILE 0x55c0e0000: nonzero 192/1024
  target DB_Z_READ 0x527430000: distinct 1 min 0xffffffff max 0xffffffff,   target DB_Z_READ 0x527430000: nonzero 1024/1024
timing: t 28.406 s flip 1/1, VideoOutSubmitFlip took 0.0 ms
hint CB0 0x5387d0000: window 0x5367d0000+0x4000000, mapped +0.0 MiB
hint CB0 0x571a1c000: window 0x56fa10000+0x4000000, mapped +0.0 MiB
hint CB1 0x564000000: window 0x562000000+0x4000000, mapped +0.0 MiB
hint CB0 0x532830000: window 0x530830000+0x4000000, mapped +0.0 MiB
  indirect op 16 at 1246: base 0x5074063c0 +0x0 -> 1 1 1 0 0
  indirect op 16 at 1278: base 0x5074063e0 +0x0 -> 1 1 1 0 0
  indirect op 16 at 1310: base 0x50740a520 +0x0 -> 1 1 1 0 0
  indirect op 16 at 1342: base 0x50740a540 +0x0 -> 1 1 1 0 0
  indirect op 25 at 4825: base 0x56ddaffa0 +0x0 -> 1 512 0 0 0
submit #845 dcb 10440 dwords at 0x502702500: pass 691 rewrite 518 drop 462 unmapped 1 cc 12 mappings 1760 ... FAILED rc 0 TIMEOUT 2042.56 ms
timing: #845 done at t 30.478 s, 2058.1 ms after the sync and hints
state stack #845: push 6 pop 6 conditional 1 unmatched 0; restored 5526 regs (+5622 dwords); tables 38, unreadable 0
timeout: fault 0x56801c000 status 0x00601031
learned: fault 0x56801c000 -> region 0x566000000+0x6000000 (saved)
reopen: ok
swapped pages taken as resident so far: 0
vmas 115 total 13079.0 MiB resident 4966.3 MiB mapped 4966.9 MiB
learned 0x566000000: window 0x566000000+0x6000000, mapped +32.3 MiB
submit #846 acb 2 dwords at 0xfe003a200: pass 1 rewrite 0 drop 0 unmapped 0 cc 0 mappings 285 ... OK rc 0 1963.16 ms
timing: #846 done at t 45.267 s, 2049.7 ms after the sync and hints
swapped pages taken as resident so far: 0
vmas 115 total 13079.0 MiB resident 5005.4 MiB mapped 5005.4 MiB
submit #847 acb 49 dwords at 0x4002a721c: pass 2 rewrite 3 drop 3 unmapped 0 cc 0 mappings 286 ... OK rc 0 22.73 ms
timing: #847 done at t 45.315 s, 30.6 ms after the sync and hints
submit #848 cc 3 dwords at 0x313b17cf4: pass 0 rewrite 1 drop 0 unmapped 0 cc 1 mappings 286 ... OK rc 0 22.86 ms
timing: #848 done at t 45.350 s, 23.9 ms after the sync and hints
submit #849 hib 150 dwords at 0xfe0000000: pass 12 rewrite 2 drop 2 unmapped 0 cc 2 mappings 286 ... OK rc 0 22.86 ms
timing: #849 done at t 45.386 s, 24.2 ms after the sync and hints
submit #850 hib 2 dwords at 0xfe003a200: pass 1 rewrite 0 drop 0 unmapped 0 cc 0 mappings 286 ... OK rc 0 22.86 ms
timing: #850 done at t 45.421 s, 23.9 ms after the sync and hints
submit #851 dcb 96 dwords at 0xfe0042920: pass 20 rewrite 2 drop 2 unmapped 0 cc 0 mappings 286 ... OK rc 0 23.06 ms
timing: #851 done at t 45.457 s, 24.4 ms after the sync and hints
hint CB0 0x563800000: window 0x561800000+0x4000000, mapped +0.0 MiB
hint CB0 0x55c00d000: window 0x55a000000+0x4000000, mapped +0.0 MiB
hint CB0 0x5637f0000: window 0x5617f0000+0x4000000, mapped +0.0 MiB
hint CB0 0x526bf0000: window 0x524bf0000+0x4000000, mapped +0.0 MiB
hint CB0 0x5719a8000: window 0x56f9a0000+0x4000000, mapped +0.0 MiB
hint DB_HTILE 0x5203a0000: window 0x51e3a0000+0x4000000, mapped +0.0 MiB
hint DB_Z_READ 0x51db50000: window 0x51bb50000+0x4000000, mapped +0.0 MiB
hint DB_STENCIL_READ 0x51fb30000: window 0x51db30000+0x4000000, mapped +0.0 MiB
submit #852 dcb 2647 dwords at 0x504302500: pass 236 rewrite 123 drop 120 unmapped 0 cc 4 mappings 286 ... OK rc 0 23.65 ms
timing: #852 done at t 45.496 s, 27.3 ms after the sync and hints
state stack #852: push 2 pop 2 conditional 1 unmatched 0; restored 1842 regs (+1874 dwords); tables 13, unreadable 0
submit #853 acb 2 dwords at 0xfe003a200: pass 1 rewrite 0 drop 0 unmapped 0 cc 0 mappings 286 ... OK rc 0 22.65 ms
timing: #853 done at t 45.532 s, 23.6 ms after the sync and hints
submit #854 dcb 851 dwords at 0x505e02500: pass 47 rewrite 55 drop 45 unmapped 0 cc 0 mappings 286 ... OK rc 0 22.93 ms
timing: #854 done at t 45.567 s, 24.4 ms after the sync and hints
submit #855 acb 463 dwords at 0x400526840: pass 43 rewrite 11 drop 27 unmapped 0 cc 0 mappings 286 ... OK rc 0 22.96 ms
timing: #855 done at t 45.603 s, 24.0 ms after the sync and hints
hint CB0 0x513bf0000: window 0x511bf0000+0x4000000, mapped +0.0 MiB
hint CB0 0x571867000: window 0x56f860000+0x4000000, mapped +0.0 MiB
hint CB0 0x57187b000: window 0x56f870000+0x4000000, mapped +0.0 MiB
hint CB0 0x519b90000: window 0x517b90000+0x4000000, mapped +0.0 MiB
hint CB0 0x5718eb000: window 0x56f8e0000+0x4000000, mapped +0.0 MiB
submit #856 dcb 798 dwords at 0x506e02500: pass 103 rewrite 35 drop 22 unmapped 0 cc 6 mappings 286 ... acb head: 3413 of 3462 dwords go ahead of the wait at 3413 on 0x400203b80
OK rc 0 23.66 ms
timing: #856 done at t 45.642 s, 27.5 ms after the sync and hints
state stack #856: push 3 pop 3 conditional 1 unmatched 0; restored 2763 regs (+2811 dwords); tables 17, unreadable 0
  indirect op 16 at 1640: args 0x74063c0 not mapped, DROPPED
  indirect op 16 at 1738: args 0x74063e0 not mapped, DROPPED
  indirect op 16 at 1833: args 0x74063e0 not mapped, DROPPED
submit #857 acb 3413 dwords at 0x400345640: pass 331 rewrite 70 drop 165 unmapped 0 cc 0 mappings 286 ... FAILED rc 0 TIMEOUT 2035.92 ms
timing: #857 done at t 47.732 s, 2078.4 ms after the sync and hints
timeout: fault 0x56002a000 status 0x00701031
learned: fault 0x56002a000 -> region 0x55e000000+0x6000000 (saved)
reopen: ok
swapped pages taken as resident so far: 0
vmas 115 total 13079.0 MiB resident 5005.4 MiB mapped 5005.4 MiB
learned 0x55e000000: window 0x55e000000+0x6000000, mapped +23.9 MiB
submit #858 acb 2 dwords at 0xfe003a200: pass 1 rewrite 0 drop 0 unmapped 0 cc 0 mappings 275 ... OK rc 0 28.35 ms
timing: #858 done at t 60.389 s, 70.3 ms after the sync and hints
hint DB_HTILE 0x55c0e0000: window 0x55a0e0000+0x4000000, mapped +0.0 MiB
hint DB_Z_READ 0x527430000: window 0x525430000+0x4000000, mapped +0.0 MiB
submit #859 dcb 1248 dwords at 0x505202500: pass 151 rewrite 46 drop 45 unmapped 0 cc 6 mappings 275 ... OK rc 0 22.95 ms
timing: #859 done at t 60.427 s, 25.8 ms after the sync and hints
state stack #859: push 3 pop 3 conditional 1 unmatched 0; restored 2763 regs (+2811 dwords); tables 11, unreadable 0
flip 1/0 buffer 0x507410000 +0x1fe0000: sum 0x17ea65194594 nonzero 8100/8160 pattern 0
  target CB0 0x5093f0000: distinct 53 min 0xc0000000 max 0xc340d034,   target CB0 0x5093f0000: nonzero 1024/1024
  target CB0 0x563800000: distinct 1 min 0x00000000 max 0x00000000,   target CB0 0x563800000: nonzero 0/1024
  target CB0 0x55c00d000: distinct 4 min 0x00000000 max 0xffffffff,   target CB0 0x55c00d000: nonzero 339/1024
  target CB0 0x5637f0000: distinct 1 min 0x00000000 max 0x00000000,   target CB0 0x5637f0000: nonzero 0/1024
  target CB0 0x526bf0000: distinct 1 min 0x38003800 max 0x38003800,   target CB0 0x526bf0000: nonzero 1024/1024
  target CB0 0x5719a8000: distinct 17 min 0x00000000 max 0xffffffff,   target CB0 0x5719a8000: nonzero 102/1024
  target DB_HTILE 0x5203a0000: distinct 2 min 0x00000000 max 0xfffffff0,   target DB_HTILE 0x5203a0000: nonzero 160/1024
  target DB_Z_READ 0x51db50000: distinct 1 min 0x3f800000 max 0x3f800000,   target DB_Z_READ 0x51db50000: nonzero 1024/1024
  target DB_STENCIL_READ 0x51fb30000: distinct 1 min 0x80800000 max 0x80800000,   target DB_STENCIL_READ 0x51fb30000: nonzero 1024/1024
  target CB0 0x513bf0000: distinct 1 min 0x00000000 max 0x00000000,   target CB0 0x513bf0000: nonzero 0/1024
  target CB0 0x571867000: distinct 19 min 0x00000000 max 0xffffffff,   target CB0 0x571867000: nonzero 215/1024
  target CB0 0x57187b000: distinct 19 min 0x00000000 max 0xffffffff,   target CB0 0x57187b000: nonzero 195/1024
  target CB0 0x519b90000: distinct 1 min 0x00000000 max 0x00000000,   target CB0 0x519b90000: nonzero 0/1024
  target CB0 0x5718eb000: distinct 18 min 0x00000000 max 0xffffffff,   target CB0 0x5718eb000: nonzero 123/1024
  target DB_HTILE 0x55c0e0000: distinct 2 min 0x00000000 max 0xffffffff,   target DB_HTILE 0x55c0e0000: nonzero 192/1024
  target DB_Z_READ 0x527430000: distinct 1 min 0xffffffff max 0xffffffff,   target DB_Z_READ 0x527430000: nonzero 1024/1024
timing: t 60.428 s flip 1/0, VideoOutSubmitFlip took 0.0 ms
cpu-wait WAIT_REG_MEM64 at 0 on 0x400203b80: TIMEOUT after 2000.1 ms
submit #860 acb 49 dwords at 0x400348b94: pass 2 rewrite 3 drop 3 unmapped 0 cc 0 mappings 275 ... cpu-wait WAIT_REG_MEM64 at 115 on 0x400203940: TIMEOUT after 2000.1 ms
OK rc 0 29.47 ms
timing: #860 done at t 62.477 s, 71.2 ms after the sync and hints
hint CB0 0x511c10000: window 0x50fc10000+0x4000000, mapped +0.0 MiB
hint CB0 0x57183f000: window 0x56f830000+0x4000000, mapped +0.0 MiB
hint DB_HTILE 0x5203a0000: window 0x51e3a0000+0x4000000, mapped +0.0 MiB
hint DB_Z_READ 0x51db50000: window 0x51bb50000+0x4000000, mapped +0.0 MiB
hint DB_STENCIL_READ 0x51fb30000: window 0x51db30000+0x4000000, mapped +0.0 MiB
hint CB0 0x520440000: window 0x51e440000+0x4000000, mapped +0.0 MiB
hint CB0 0x5718ff000: window 0x56f8f0000+0x4000000, mapped +0.0 MiB
hint CB1 0x519b90000: window 0x517b90000+0x4000000, mapped +0.0 MiB
hint CB1 0x5718eb000: window 0x56f8e0000+0x4000000, mapped +0.0 MiB
hint CB0 0x542ab0000: window 0x540ab0000+0x4000000, mapped +0.0 MiB
hint CB0 0x571ace000: window 0x56fac0000+0x4000000, mapped +0.0 MiB
hint CB0 0x5387d0000: window 0x5367d0000+0x4000000, mapped +0.0 MiB
hint CB0 0x571a1c000: window 0x56fa10000+0x4000000, mapped +0.0 MiB
hint CB1 0x567fc0000: window 0x565fc0000+0x4000000, mapped +0.0 MiB
hint CB0 0x532830000: window 0x530830000+0x4000000, mapped +0.0 MiB
hint CB0 0x5719ac000: window 0x56f9a0000+0x4000000, mapped +0.0 MiB
hint CB0 0x507410000: window 0x505410000+0x4000000, mapped +0.0 MiB
  indirect op 16 at 1246: base 0x5074063c0 +0x0 -> 32226 1 1 0 0
  indirect op 16 at 1278: base 0x5074063e0 +0x0 -> 1 1 1 0 0
  indirect op 16 at 1310: base 0x50740a520 +0x0 -> 1 1 1 0 0
  indirect op 16 at 1342: base 0x50740a540 +0x0 -> 1 1 1 0 0
  indirect op 25 at 4825: base 0x56ddaffa0 +0x0 -> 1 0 0 0 0
submit #861 dcb 10440 dwords at 0x502e02500: pass 691 rewrite 518 drop 462 unmapped 1 cc 12 mappings 275 ... OK rc 0 32.14 ms
timing: #861 done at t 62.531 s, 41.0 ms after the sync and hints
state stack #861: push 6 pop 6 conditional 1 unmatched 0; restored 5526 regs (+5622 dwords); tables 38, unreadable 0
submit #862 cc 3 dwords at 0x313b17cf4: pass 0 rewrite 1 drop 0 unmapped 0 cc 1 mappings 275 ... OK rc 0 23.08 ms
timing: #862 done at t 62.570 s, 24.1 ms after the sync and hints
submit #863 hib 150 dwords at 0xfe0000000: pass 12 rewrite 2 drop 2 unmapped 0 cc 2 mappings 275 ... OK rc 0 23.09 ms
timing: #863 done at t 62.606 s, 24.4 ms after the sync and hints
submit #864 hib 2 dwords at 0xfe003a200: pass 1 rewrite 0 drop 0 unmapped 0 cc 0 mappings 275 ... OK rc 0 22.76 ms
timing: #864 done at t 62.641 s, 23.7 ms after the sync and hints
submit #865 dcb 96 dwords at 0xfe0042920: pass 20 rewrite 2 drop 2 unmapped 0 cc 0 mappings 275 ... OK rc 0 22.69 ms
timing: #865 done at t 62.676 s, 24.0 ms after the sync and hints
hint CB0 0x563800000: window 0x561800000+0x4000000, mapped +0.0 MiB
hint CB0 0x55c00d000: window 0x55a000000+0x4000000, mapped +0.0 MiB
hint CB0 0x5637f0000: window 0x5617f0000+0x4000000, mapped +0.0 MiB
hint CB0 0x526bf0000: window 0x524bf0000+0x4000000, mapped +0.0 MiB
submit #866 dcb 2647 dwords at 0x503502500: pass 236 rewrite 123 drop 120 unmapped 0 cc 4 mappings 275 ... OK rc 0 23.13 ms
timing: #866 done at t 62.714 s, 26.4 ms after the sync and hints
state stack #866: push 2 pop 2 conditional 1 unmatched 0; restored 1842 regs (+1874 dwords); tables 13, unreadable 0
submit #867 dcb 851 dwords at 0x505602500: pass 47 rewrite 55 drop 45 unmapped 0 cc 0 mappings 275 ... OK rc 0 22.70 ms
timing: #867 done at t 62.750 s, 24.1 ms after the sync and hints
submit #868 acb 2 dwords at 0xfe003a200: pass 1 rewrite 0 drop 0 unmapped 0 cc 0 mappings 275 ... OK rc 0 23.05 ms
timing: #868 done at t 62.785 s, 24.2 ms after the sync and hints
submit #869 acb 463 dwords at 0x4003e6740: pass 43 rewrite 11 drop 27 unmapped 0 cc 0 mappings 275 ... OK rc 0 23.38 ms
timing: #869 done at t 62.821 s, 24.4 ms after the sync and hints
hint CB0 0x513bf0000: window 0x511bf0000+0x4000000, mapped +0.0 MiB
hint CB0 0x571867000: window 0x56f860000+0x4000000, mapped +0.0 MiB
hint CB0 0x57187b000: window 0x56f870000+0x4000000, mapped +0.0 MiB
submit #870 dcb 798 dwords at 0x506202500: pass 103 rewrite 35 drop 22 unmapped 0 cc 6 mappings 275 ... acb head: 3413 of 3462 dwords go ahead of the wait at 3413 on 0x400202380
OK rc 0 23.48 ms
timing: #870 done at t 62.859 s, 26.9 ms after the sync and hints
state stack #870: push 3 pop 3 conditional 1 unmatched 0; restored 2763 regs (+2811 dwords); tables 17, unreadable 0
  indirect op 16 at 1640: args 0x74063c0 not mapped, DROPPED
  indirect op 16 at 1738: args 0x74063e0 not mapped, DROPPED
  indirect op 16 at 1833: args 0x74063e0 not mapped, DROPPED
submit #871 acb 3413 dwords at 0x400205540: pass 331 rewrite 70 drop 165 unmapped 0 cc 0 mappings 275 ... OK rc 0 24.17 ms
timing: #871 done at t 62.896 s, 25.3 ms after the sync and hints
submit #872 dcb 1248 dwords at 0x504a02500: pass 151 rewrite 46 drop 45 unmapped 0 cc 6 mappings 275 ... OK rc 0 22.84 ms
timing: #872 done at t 62.933 s, 25.6 ms after the sync and hints
state stack #872: push 3 pop 3 conditional 1 unmatched 0; restored 2763 regs (+2811 dwords); tables 11, unreadable 0
flip 1/1 buffer 0x5093f0000 +0x1fe0000: sum 0x17ea65194594 nonzero 8100/8160 pattern 0
  target CB0 0x507410000: distinct 53 min 0xc0000000 max 0xc340d034,   target CB0 0x507410000: nonzero 1024/1024
  target CB0 0x563800000: distinct 1 min 0x00000000 max 0x00000000,   target CB0 0x563800000: nonzero 0/1024
  target CB0 0x55c00d000: distinct 4 min 0x00000000 max 0xffffffff,   target CB0 0x55c00d000: nonzero 339/1024
  target CB0 0x5637f0000: distinct 1 min 0x00000000 max 0x00000000,   target CB0 0x5637f0000: nonzero 0/1024
  target CB0 0x526bf0000: distinct 1 min 0x38003800 max 0x38003800,   target CB0 0x526bf0000: nonzero 1024/1024
  target CB0 0x5719a8000: distinct 18 min 0x00000000 max 0xffffffff,   target CB0 0x5719a8000: nonzero 246/1024
  target DB_HTILE 0x5203a0000: distinct 2 min 0x00000000 max 0xfffffff0,   target DB_HTILE 0x5203a0000: nonzero 160/1024
  target DB_Z_READ 0x51db50000: distinct 1 min 0x3f800000 max 0x3f800000,   target DB_Z_READ 0x51db50000: nonzero 1024/1024
  target DB_STENCIL_READ 0x51fb30000: distinct 1 min 0x80800000 max 0x80800000,   target DB_STENCIL_READ 0x51fb30000: nonzero 1024/1024
  target CB0 0x513bf0000: distinct 1 min 0x00000000 max 0x00000000,   target CB0 0x513bf0000: nonzero 0/1024
  target CB0 0x571867000: distinct 20 min 0x00000000 max 0xffffffff,   target CB0 0x571867000: nonzero 359/1024
  target CB0 0x57187b000: distinct 20 min 0x00000000 max 0xffffffff,   target CB0 0x57187b000: nonzero 339/1024
  target CB0 0x519b90000: distinct 1 min 0x00000000 max 0x00000000,   target CB0 0x519b90000: nonzero 0/1024
  target CB0 0x5718eb000: distinct 19 min 0x00000000 max 0xffffffff,   target CB0 0x5718eb000: nonzero 267/1024
  target DB_HTILE 0x55c0e0000: distinct 2 min 0x00000000 max 0xffffffff,   target DB_HTILE 0x55c0e0000: nonzero 192/1024
  target DB_Z_READ 0x527430000: distinct 1 min 0xffffffff max 0xffffffff,   target DB_Z_READ 0x527430000: nonzero 1024/1024
timing: t 62.934 s flip 1/1, VideoOutSubmitFlip took 0.0 ms
hint CB1 0x564000000: window 0x562000000+0x4000000, mapped +0.0 MiB
hint CB0 0x5093f0000: window 0x5073f0000+0x4000000, mapped +0.0 MiB
  indirect op 16 at 1246: base 0x5074063c0 +0x0 -> 1 1 1 0 0
  indirect op 16 at 1278: base 0x5074063e0 +0x0 -> 1 1 1 0 0
  indirect op 16 at 1310: base 0x50740a520 +0x0 -> 1 1 1 0 0
  indirect op 16 at 1342: base 0x50740a540 +0x0 -> 1 1 1 0 0
  indirect op 25 at 4825: base 0x56ddaffa0 +0x0 -> 1 0 0 0 0
submit #873 dcb 10440 dwords at 0x502002500: pass 691 rewrite 518 drop 462 unmapped 1 cc 12 mappings 275 ... OK rc 0 28.74 ms
timing: #873 done at t 62.983 s, 37.4 ms after the sync and hints
state stack #873: push 6 pop 6 conditional 1 unmatched 0; restored 5526 regs (+5622 dwords); tables 38, unreadable 0
submit #874 acb 2 dwords at 0xfe003a200: pass 1 rewrite 0 drop 0 unmapped 0 cc 0 mappings 275 ... OK rc 0 22.74 ms
timing: #874 done at t 63.019 s, 23.8 ms after the sync and hints
submit #875 acb 49 dwords at 0x400208a94: pass 2 rewrite 3 drop 3 unmapped 0 cc 0 mappings 275 ... OK rc 0 22.74 ms
timing: #875 done at t 63.054 s, 23.7 ms after the sync and hints
submit #876 cc 3 dwords at 0x313b17cf4: pass 0 rewrite 1 drop 0 unmapped 0 cc 1 mappings 275 ... OK rc 0 22.87 ms
timing: #876 done at t 63.089 s, 24.0 ms after the sync and hints
submit #877 hib 150 dwords at 0xfe0000000: pass 12 rewrite 2 drop 2 unmapped 0 cc 2 mappings 275 ... OK rc 0 22.70 ms
timing: #877 done at t 63.124 s, 24.0 ms after the sync and hints
submit #878 hib 2 dwords at 0xfe003a200: pass 1 rewrite 0 drop 0 unmapped 0 cc 0 mappings 275 ... OK rc 0 22.74 ms
timing: #878 done at t 63.159 s, 23.8 ms after the sync and hints
submit #879 dcb 96 dwords at 0xfe0042920: pass 20 rewrite 2 drop 2 unmapped 0 cc 0 mappings 275 ... OK rc 0 22.89 ms
timing: #879 done at t 63.195 s, 24.2 ms after the sync and hints
submit #880 dcb 2647 dwords at 0x503c02500: pass 236 rewrite 123 drop 120 unmapped 0 cc 4 mappings 275 ... OK rc 0 23.41 ms
timing: #880 done at t 63.233 s, 26.7 ms after the sync and hints
state stack #880: push 2 pop 2 conditional 1 unmatched 0; restored 1842 regs (+1874 dwords); tables 13, unreadable 0
submit #881 dcb 851 dwords at 0x505a02500: pass 47 rewrite 55 drop 45 unmapped 0 cc 0 mappings 275 ... OK rc 0 22.89 ms
timing: #881 done at t 63.269 s, 24.3 ms after the sync and hints
submit #882 acb 2 dwords at 0xfe003a200: pass 1 rewrite 0 drop 0 unmapped 0 cc 0 mappings 275 ... OK rc 0 22.73 ms
timing: #882 done at t 63.304 s, 23.7 ms after the sync and hints
submit #883 acb 463 dwords at 0x4004867c0: pass 43 rewrite 11 drop 27 unmapped 0 cc 0 mappings 275 ... OK rc 0 23.19 ms
timing: #883 done at t 63.340 s, 24.2 ms after the sync and hints
submit #884 dcb 798 dwords at 0x506802500: pass 103 rewrite 35 drop 22 unmapped 0 cc 6 mappings 275 ... acb head: 3413 of 3462 dwords go ahead of the wait at 3413 on 0x400202f80
OK rc 0 23.64 ms
timing: #884 done at t 63.378 s, 27.2 ms after the sync and hints
state stack #884: push 3 pop 3 conditional 1 unmatched 0; restored 2763 regs (+2811 dwords); tables 17, unreadable 0
  indirect op 16 at 1640: args 0x74063c0 not mapped, DROPPED
  indirect op 16 at 1738: args 0x74063e0 not mapped, DROPPED
  indirect op 16 at 1833: args 0x74063e0 not mapped, DROPPED
submit #885 acb 3413 dwords at 0x4002a55c0: pass 331 rewrite 70 drop 165 unmapped 0 cc 0 mappings 275 ... OK rc 0 24.62 ms
timing: #885 done at t 63.415 s, 25.8 ms after the sync and hints
submit #886 dcb 1248 dwords at 0x504e02500: pass 151 rewrite 46 drop 45 unmapped 0 cc 6 mappings 275 ... OK rc 0 23.47 ms
timing: #886 done at t 63.453 s, 26.3 ms after the sync and hints
state stack #886: push 3 pop 3 conditional 1 unmatched 0; restored 2763 regs (+2811 dwords); tables 11, unreadable 0
flip 1/0 buffer 0x507410000 +0x1fe0000: sum 0x17ea65194594 nonzero 8100/8160 pattern 0
  target CB0 0x5093f0000: distinct 53 min 0xc0000000 max 0xc340d034,   target CB0 0x5093f0000: nonzero 1024/1024
  target CB0 0x563800000: distinct 1 min 0x00000000 max 0x00000000,   target CB0 0x563800000: nonzero 0/1024
  target CB0 0x55c00d000: distinct 4 min 0x00000000 max 0xffffffff,   target CB0 0x55c00d000: nonzero 339/1024
  target CB0 0x5637f0000: distinct 1 min 0x00000000 max 0x00000000,   target CB0 0x5637f0000: nonzero 0/1024
  target CB0 0x526bf0000: distinct 1 min 0x38003800 max 0x38003800,   target CB0 0x526bf0000: nonzero 1024/1024
  target CB0 0x5719a8000: distinct 18 min 0x00000000 max 0xffffffff,   target CB0 0x5719a8000: nonzero 246/1024
  target DB_HTILE 0x5203a0000: distinct 2 min 0x00000000 max 0xfffffff0,   target DB_HTILE 0x5203a0000: nonzero 160/1024
  target DB_Z_READ 0x51db50000: distinct 1 min 0x3f800000 max 0x3f800000,   target DB_Z_READ 0x51db50000: nonzero 1024/1024
  target DB_STENCIL_READ 0x51fb30000: distinct 1 min 0x80800000 max 0x80800000,   target DB_STENCIL_READ 0x51fb30000: nonzero 1024/1024
  target CB0 0x513bf0000: distinct 1 min 0x00000000 max 0x00000000,   target CB0 0x513bf0000: nonzero 0/1024
  target CB0 0x571867000: distinct 20 min 0x00000000 max 0xffffffff,   target CB0 0x571867000: nonzero 359/1024
  target CB0 0x57187b000: distinct 20 min 0x00000000 max 0xffffffff,   target CB0 0x57187b000: nonzero 339/1024
  target CB0 0x519b90000: distinct 1 min 0x82878222 max 0x82878222,   target CB0 0x519b90000: nonzero 1024/1024
  target CB0 0x5718eb000: distinct 19 min 0x00000000 max 0xffffffff,   target CB0 0x5718eb000: nonzero 267/1024
  target DB_HTILE 0x55c0e0000: distinct 2 min 0x00000000 max 0xffffffff,   target DB_HTILE 0x55c0e0000: nonzero 192/1024
  target DB_Z_READ 0x527430000: distinct 1 min 0xffffffff max 0xffffffff,   target DB_Z_READ 0x527430000: nonzero 1024/1024
timing: t 63.454 s flip 1/0, VideoOutSubmitFlip took 0.0 ms
  indirect op 16 at 1246: base 0x5074063c0 +0x0 -> 1 1 1 0 0
  indirect op 16 at 1278: base 0x5074063e0 +0x0 -> 1 1 1 0 0
  indirect op 16 at 1310: base 0x50740a520 +0x0 -> 1 1 1 0 0
  indirect op 16 at 1342: base 0x50740a540 +0x0 -> 1 1 1 0 0
  indirect op 25 at 4825: base 0x56ddaffa0 +0x0 -> 1 0 0 0 0
submit #887 dcb 10440 dwords at 0x502702500: pass 691 rewrite 518 drop 462 unmapped 1 cc 12 mappings 275 ... OK rc 0 29.35 ms
timing: #887 done at t 63.504 s, 38.4 ms after the sync and hints
state stack #887: push 6 pop 6 conditional 1 unmatched 0; restored 5526 regs (+5622 dwords); tables 38, unreadable 0
submit #888 acb 2 dwords at 0xfe003a200: pass 1 rewrite 0 drop 0 unmapped 0 cc 0 mappings 275 ... OK rc 0 22.77 ms
timing: #888 done at t 63.539 s, 23.7 ms after the sync and hints
submit #889 acb 49 dwords at 0x4002a8b14: pass 2 rewrite 3 drop 3 unmapped 0 cc 0 mappings 275 ... OK rc 0 22.70 ms
timing: #889 done at t 63.574 s, 23.7 ms after the sync and hints
submit #890 cc 3 dwords at 0x313b17cf4: pass 0 rewrite 1 drop 0 unmapped 0 cc 1 mappings 275 ... OK rc 0 23.09 ms
timing: #890 done at t 63.610 s, 24.1 ms after the sync and hints
submit #891 hib 150 dwords at 0xfe0000000: pass 12 rewrite 2 drop 2 unmapped 0 cc 2 mappings 275 ... OK rc 0 23.13 ms
timing: #891 done at t 63.646 s, 24.5 ms after the sync and hints
submit #892 hib 2 dwords at 0xfe003a200: pass 1 rewrite 0 drop 0 unmapped 0 cc 0 mappings 275 ... OK rc 0 22.86 ms
timing: #892 done at t 63.681 s, 23.9 ms after the sync and hints
submit #893 dcb 96 dwords at 0xfe0042920: pass 20 rewrite 2 drop 2 unmapped 0 cc 0 mappings 275 ... OK rc 0 22.67 ms
timing: #893 done at t 63.717 s, 24.0 ms after the sync and hints
submit #894 dcb 2647 dwords at 0x504302500: pass 236 rewrite 123 drop 120 unmapped 0 cc 4 mappings 275 ... OK rc 0 23.19 ms
timing: #894 done at t 63.755 s, 26.4 ms after the sync and hints
state stack #894: push 2 pop 2 conditional 1 unmatched 0; restored 1842 regs (+1874 dwords); tables 13, unreadable 0
submit #895 dcb 851 dwords at 0x505e02500: pass 47 rewrite 55 drop 45 unmapped 0 cc 0 mappings 275 ... OK rc 0 22.73 ms
timing: #895 done at t 63.791 s, 24.2 ms after the sync and hints
submit #896 acb 2 dwords at 0xfe003a200: pass 1 rewrite 0 drop 0 unmapped 0 cc 0 mappings 275 ... OK rc 0 22.76 ms
timing: #896 done at t 63.826 s, 23.9 ms after the sync and hints
submit #897 acb 463 dwords at 0x400526840: pass 43 rewrite 11 drop 27 unmapped 0 cc 0 mappings 275 ... OK rc 0 23.07 ms
timing: #897 done at t 63.861 s, 24.1 ms after the sync and hints
submit #898 dcb 798 dwords at 0x506e02500: pass 103 rewrite 35 drop 22 unmapped 0 cc 6 mappings 275 ... acb head: 3413 of 3462 dwords go ahead of the wait at 3413 on 0x400203b80
OK rc 0 23.53 ms
timing: #898 done at t 63.900 s, 27.0 ms after the sync and hints
state stack #898: push 3 pop 3 conditional 1 unmatched 0; restored 2763 regs (+2811 dwords); tables 17, unreadable 0
  indirect op 16 at 1640: args 0x74063c0 not mapped, DROPPED
  indirect op 16 at 1738: args 0x74063e0 not mapped, DROPPED
  indirect op 16 at 1833: args 0x74063e0 not mapped, DROPPED
submit #899 acb 3413 dwords at 0x400345640: pass 331 rewrite 70 drop 165 unmapped 0 cc 0 mappings 275 ... OK rc 0 24.23 ms
timing: #899 done at t 63.937 s, 25.4 ms after the sync and hints
submit #900 dcb 1248 dwords at 0x505202500: pass 151 rewrite 46 drop 45 unmapped 0 cc 6 mappings 275 ... OK rc 0 23.04 ms
timing: #900 done at t 63.974 s, 25.8 ms after the sync and hints
state stack #900: push 3 pop 3 conditional 1 unmatched 0; restored 2763 regs (+2811 dwords); tables 11, unreadable 0
flip 1/1 buffer 0x5093f0000 +0x1fe0000: sum 0x17ea65194594 nonzero 8100/8160 pattern 0
  target CB0 0x507410000: distinct 53 min 0xc0000000 max 0xc340d034,   target CB0 0x507410000: nonzero 1024/1024
  target CB0 0x563800000: distinct 1 min 0x00000000 max 0x00000000,   target CB0 0x563800000: nonzero 0/1024
  target CB0 0x55c00d000: distinct 4 min 0x00000000 max 0xffffffff,   target CB0 0x55c00d000: nonzero 339/1024
  target CB0 0x5637f0000: distinct 1 min 0x00000000 max 0x00000000,   target CB0 0x5637f0000: nonzero 0/1024
  target CB0 0x526bf0000: distinct 1 min 0x38003800 max 0x38003800,   target CB0 0x526bf0000: nonzero 1024/1024
  target CB0 0x5719a8000: distinct 18 min 0x00000000 max 0xffffffff,   target CB0 0x5719a8000: nonzero 246/1024
  target DB_HTILE 0x5203a0000: distinct 2 min 0x00000000 max 0xfffffff0,   target DB_HTILE 0x5203a0000: nonzero 160/1024
  target DB_Z_READ 0x51db50000: distinct 1 min 0x3f800000 max 0x3f800000,   target DB_Z_READ 0x51db50000: nonzero 1024/1024
  target DB_STENCIL_READ 0x51fb30000: distinct 1 min 0x80800000 max 0x80800000,   target DB_STENCIL_READ 0x51fb30000: nonzero 1024/1024
  target CB0 0x513bf0000: distinct 1 min 0x00000000 max 0x00000000,   target CB0 0x513bf0000: nonzero 0/1024
  target CB0 0x571867000: distinct 20 min 0x00000000 max 0xffffffff,   target CB0 0x571867000: nonzero 359/1024
  target CB0 0x57187b000: distinct 20 min 0x00000000 max 0xffffffff,   target CB0 0x57187b000: nonzero 339/1024
  target CB0 0x519b90000: distinct 1 min 0x05e60222 max 0x05e60222,   target CB0 0x519b90000: nonzero 1024/1024
  target CB0 0x5718eb000: distinct 19 min 0x00000000 max 0xffffffff,   target CB0 0x5718eb000: nonzero 267/1024
  target DB_HTILE 0x55c0e0000: distinct 2 min 0x00000000 max 0xffffffff,   target DB_HTILE 0x55c0e0000: nonzero 192/1024
  target DB_Z_READ 0x527430000: distinct 1 min 0xffffffff max 0xffffffff,   target DB_Z_READ 0x527430000: nonzero 1024/1024
timing: t 63.975 s flip 1/1, VideoOutSubmitFlip took 0.0 ms
  indirect op 16 at 1246: base 0x5074063c0 +0x0 -> 1 1 1 0 0
  indirect op 16 at 1278: base 0x5074063e0 +0x0 -> 1 1 1 0 0
  indirect op 16 at 1310: base 0x50740a520 +0x0 -> 1 1 1 0 0
  indirect op 16 at 1342: base 0x50740a540 +0x0 -> 1 1 1 0 0
  indirect op 25 at 4825: base 0x56ddaffa0 +0x0 -> 1 0 0 0 0
submit #901 dcb 10440 dwords at 0x502e02500: pass 691 rewrite 518 drop 462 unmapped 1 cc 12 mappings 275 ... OK rc 0 28.95 ms
timing: #901 done at t 64.024 s, 37.7 ms after the sync and hints
state stack #901: push 6 pop 6 conditional 1 unmatched 0; restored 5526 regs (+5622 dwords); tables 38, unreadable 0
swapped pages taken as resident so far: 0
vmas 115 total 13079.0 MiB resident 5029.3 MiB mapped 5029.4 MiB
submit #902 acb 2 dwords at 0xfe003a200: pass 1 rewrite 0 drop 0 unmapped 0 cc 0 mappings 276 ... OK rc 0 22.77 ms
timing: #902 done at t 64.060 s, 23.8 ms after the sync and hints
submit #903 acb 49 dwords at 0x400348b94: pass 2 rewrite 3 drop 3 unmapped 0 cc 0 mappings 276 ... OK rc 0 22.72 ms
timing: #903 done at t 64.095 s, 23.7 ms after the sync and hints
submit #904 cc 3 dwords at 0x313b17cf4: pass 0 rewrite 1 drop 0 unmapped 0 cc 1 mappings 276 ... OK rc 0 22.86 ms
timing: #904 done at t 64.131 s, 23.9 ms after the sync and hints
submit #905 hib 150 dwords at 0xfe0000000: pass 12 rewrite 2 drop 2 unmapped 0 cc 2 mappings 276 ... OK rc 0 22.69 ms
timing: #905 done at t 64.166 s, 24.0 ms after the sync and hints
submit #906 hib 2 dwords at 0xfe003a200: pass 1 rewrite 0 drop 0 unmapped 0 cc 0 mappings 276 ... OK rc 0 22.80 ms
timing: #906 done at t 64.203 s, 23.8 ms after the sync and hints
submit #907 dcb 96 dwords at 0xfe0042920: pass 20 rewrite 2 drop 2 unmapped 0 cc 0 mappings 276 ... OK rc 0 22.65 ms
timing: #907 done at t 64.238 s, 23.9 ms after the sync and hints
submit #908 dcb 2647 dwords at 0x503502500: pass 236 rewrite 123 drop 120 unmapped 0 cc 4 mappings 276 ... OK rc 0 23.32 ms
timing: #908 done at t 64.276 s, 26.7 ms after the sync and hints
state stack #908: push 2 pop 2 conditional 1 unmatched 0; restored 1842 regs (+1874 dwords); tables 13, unreadable 0
submit #909 dcb 851 dwords at 0x505602500: pass 47 rewrite 55 drop 45 unmapped 0 cc 0 mappings 276 ... OK rc 0 22.82 ms
timing: #909 done at t 64.312 s, 24.3 ms after the sync and hints
submit #910 acb 2 dwords at 0xfe003a200: pass 1 rewrite 0 drop 0 unmapped 0 cc 0 mappings 276 ... OK rc 0 22.72 ms
timing: #910 done at t 64.348 s, 23.7 ms after the sync and hints
submit #911 acb 463 dwords at 0x4003e6740: pass 43 rewrite 11 drop 27 unmapped 0 cc 0 mappings 276 ... OK rc 0 23.15 ms
timing: #911 done at t 64.383 s, 24.2 ms after the sync and hints
submit #912 dcb 798 dwords at 0x506202500: pass 103 rewrite 35 drop 22 unmapped 0 cc 6 mappings 276 ... acb head: 3413 of 3462 dwords go ahead of the wait at 3413 on 0x400202380
OK rc 0 23.58 ms
timing: #912 done at t 64.422 s, 27.1 ms after the sync and hints
state stack #912: push 3 pop 3 conditional 1 unmatched 0; restored 2763 regs (+2811 dwords); tables 17, unreadable 0
  indirect op 16 at 1640: args 0x74063c0 not mapped, DROPPED
  indirect op 16 at 1738: args 0x74063e0 not mapped, DROPPED
  indirect op 16 at 1833: args 0x74063e0 not mapped, DROPPED
submit #913 acb 3413 dwords at 0x400205540: pass 331 rewrite 70 drop 165 unmapped 0 cc 0 mappings 276 ... OK rc 0 24.18 ms
timing: #913 done at t 64.459 s, 25.4 ms after the sync and hints
submit #914 dcb 1248 dwords at 0x504a02500: pass 151 rewrite 46 drop 45 unmapped 0 cc 6 mappings 276 ... OK rc 0 22.98 ms
timing: #914 done at t 64.496 s, 25.7 ms after the sync and hints
state stack #914: push 3 pop 3 conditional 1 unmatched 0; restored 2763 regs (+2811 dwords); tables 11, unreadable 0
flip 1/0 buffer 0x507410000 +0x1fe0000: sum 0x17ea65194594 nonzero 8100/8160 pattern 0
  target CB0 0x5093f0000: distinct 53 min 0xc0000000 max 0xc340d034,   target CB0 0x5093f0000: nonzero 1024/1024
  target CB0 0x563800000: distinct 1 min 0x00000000 max 0x00000000,   target CB0 0x563800000: nonzero 0/1024
  target CB0 0x55c00d000: distinct 4 min 0x00000000 max 0xffffffff,   target CB0 0x55c00d000: nonzero 339/1024
  target CB0 0x5637f0000: distinct 1 min 0x00000000 max 0x00000000,   target CB0 0x5637f0000: nonzero 0/1024
  target CB0 0x526bf0000: distinct 1 min 0x38003800 max 0x38003800,   target CB0 0x526bf0000: nonzero 1024/1024
  target CB0 0x5719a8000: distinct 18 min 0x00000000 max 0xffffffff,   target CB0 0x5719a8000: nonzero 246/1024
  target DB_HTILE 0x5203a0000: distinct 2 min 0x00000000 max 0xfffffff0,   target DB_HTILE 0x5203a0000: nonzero 160/1024
  target DB_Z_READ 0x51db50000: distinct 1 min 0x3f800000 max 0x3f800000,   target DB_Z_READ 0x51db50000: nonzero 1024/1024
  target DB_STENCIL_READ 0x51fb30000: distinct 1 min 0x80800000 max 0x80800000,   target DB_STENCIL_READ 0x51fb30000: nonzero 1024/1024
  target CB0 0x513bf0000: distinct 1 min 0x00000000 max 0x00000000,   target CB0 0x513bf0000: nonzero 0/1024
  target CB0 0x571867000: distinct 20 min 0x00000000 max 0xffffffff,   target CB0 0x571867000: nonzero 359/1024
  target CB0 0x57187b000: distinct 20 min 0x00000000 max 0xffffffff,   target CB0 0x57187b000: nonzero 339/1024
  target CB0 0x519b90000: distinct 1 min 0x00d88333 max 0x00d88333,   target CB0 0x519b90000: nonzero 1024/1024
  target CB0 0x5718eb000: distinct 19 min 0x00000000 max 0xffffffff,   target CB0 0x5718eb000: nonzero 267/1024
  target DB_HTILE 0x55c0e0000: distinct 2 min 0x00000000 max 0xffffffff,   target DB_HTILE 0x55c0e0000: nonzero 192/1024
  target DB_Z_READ 0x527430000: distinct 1 min 0xffffffff max 0xffffffff,   target DB_Z_READ 0x527430000: nonzero 1024/1024
timing: t 64.497 s flip 1/0, VideoOutSubmitFlip took 0.0 ms
  indirect op 16 at 1246: base 0x5074063c0 +0x0 -> 1 1 1 0 0
  indirect op 16 at 1278: base 0x5074063e0 +0x0 -> 1 1 1 0 0
  indirect op 16 at 1310: base 0x50740a520 +0x0 -> 1 1 1 0 0
  indirect op 16 at 1342: base 0x50740a540 +0x0 -> 1 1 1 0 0
  indirect op 25 at 4825: base 0x56ddaffa0 +0x0 -> 1 0 0 0 0
submit #915 dcb 10440 dwords at 0x502002500: pass 691 rewrite 518 drop 462 unmapped 1 cc 12 mappings 276 ... OK rc 0 29.06 ms
timing: #915 done at t 64.546 s, 37.6 ms after the sync and hints
state stack #915: push 6 pop 6 conditional 1 unmatched 0; restored 5526 regs (+5622 dwords); tables 38, unreadable 0
submit #916 acb 2 dwords at 0xfe003a200: pass 1 rewrite 0 drop 0 unmapped 0 cc 0 mappings 276 ... OK rc 0 22.92 ms
timing: #916 done at t 64.582 s, 24.0 ms after the sync and hints
submit #917 acb 49 dwords at 0x400208a94: pass 2 rewrite 3 drop 3 unmapped 0 cc 0 mappings 276 ... OK rc 0 22.73 ms
timing: #917 done at t 64.617 s, 23.7 ms after the sync and hints
submit #918 cc 3 dwords at 0x313b17cf4: pass 0 rewrite 1 drop 0 unmapped 0 cc 1 mappings 276 ... OK rc 0 23.11 ms
timing: #918 done at t 64.653 s, 24.2 ms after the sync and hints
submit #919 hib 150 dwords at 0xfe0000000: pass 12 rewrite 2 drop 2 unmapped 0 cc 2 mappings 276 ... OK rc 0 22.84 ms
timing: #919 done at t 64.688 s, 24.2 ms after the sync and hints
submit #920 hib 2 dwords at 0xfe003a200: pass 1 rewrite 0 drop 0 unmapped 0 cc 0 mappings 276 ... OK rc 0 22.77 ms
timing: #920 done at t 64.723 s, 23.8 ms after the sync and hints
submit #921 dcb 96 dwords at 0xfe0042920: pass 20 rewrite 2 drop 2 unmapped 0 cc 0 mappings 276 ... OK rc 0 22.76 ms
timing: #921 done at t 64.758 s, 24.1 ms after the sync and hints
submit #922 dcb 2647 dwords at 0x503c02500: pass 236 rewrite 123 drop 120 unmapped 0 cc 4 mappings 276 ... OK rc 0 23.33 ms
timing: #922 done at t 64.796 s, 26.6 ms after the sync and hints
state stack #922: push 2 pop 2 conditional 1 unmatched 0; restored 1842 regs (+1874 dwords); tables 13, unreadable 0
submit #923 dcb 851 dwords at 0x505a02500: pass 47 rewrite 55 drop 45 unmapped 0 cc 0 mappings 276 ... OK rc 0 22.85 ms
timing: #923 done at t 64.832 s, 24.3 ms after the sync and hints
submit #924 acb 2 dwords at 0xfe003a200: pass 1 rewrite 0 drop 0 unmapped 0 cc 0 mappings 276 ... OK rc 0 22.73 ms
timing: #924 done at t 64.867 s, 23.7 ms after the sync and hints
submit #925 acb 463 dwords at 0x4004867c0: pass 43 rewrite 11 drop 27 unmapped 0 cc 0 mappings 276 ... OK rc 0 23.07 ms
timing: #925 done at t 64.902 s, 24.1 ms after the sync and hints
submit #926 dcb 798 dwords at 0x506802500: pass 103 rewrite 35 drop 22 unmapped 0 cc 6 mappings 276 ... acb head: 3413 of 3462 dwords go ahead of the wait at 3413 on 0x400202f80
OK rc 0 23.60 ms
timing: #926 done at t 64.941 s, 27.2 ms after the sync and hints
state stack #926: push 3 pop 3 conditional 1 unmatched 0; restored 2763 regs (+2811 dwords); tables 17, unreadable 0
  indirect op 16 at 1640: args 0x74063c0 not mapped, DROPPED
  indirect op 16 at 1738: args 0x74063e0 not mapped, DROPPED
  indirect op 16 at 1833: args 0x74063e0 not mapped, DROPPED
submit #927 acb 3413 dwords at 0x4002a55c0: pass 331 rewrite 70 drop 165 unmapped 0 cc 0 mappings 276 ... OK rc 0 24.29 ms
timing: #927 done at t 64.978 s, 25.4 ms after the sync and hints
submit #928 dcb 1248 dwords at 0x504e02500: pass 151 rewrite 46 drop 45 unmapped 0 cc 6 mappings 276 ... OK rc 0 22.98 ms
timing: #928 done at t 65.015 s, 25.7 ms after the sync and hints
state stack #928: push 3 pop 3 conditional 1 unmatched 0; restored 2763 regs (+2811 dwords); tables 11, unreadable 0
flip 1/1 buffer 0x5093f0000 +0x1fe0000: sum 0x17ea65194594 nonzero 8100/8160 pattern 0
  target CB0 0x507410000: distinct 53 min 0xc0000000 max 0xc340d034,   target CB0 0x507410000: nonzero 1024/1024
  target CB0 0x563800000: distinct 1 min 0x00000000 max 0x00000000,   target CB0 0x563800000: nonzero 0/1024
  target CB0 0x55c00d000: distinct 4 min 0x00000000 max 0xffffffff,   target CB0 0x55c00d000: nonzero 339/1024
  target CB0 0x5637f0000: distinct 1 min 0x00000000 max 0x00000000,   target CB0 0x5637f0000: nonzero 0/1024
  target CB0 0x526bf0000: distinct 1 min 0x38003800 max 0x38003800,   target CB0 0x526bf0000: nonzero 1024/1024
  target CB0 0x5719a8000: distinct 18 min 0x00000000 max 0xffffffff,   target CB0 0x5719a8000: nonzero 246/1024
  target DB_HTILE 0x5203a0000: distinct 2 min 0x00000000 max 0xfffffff0,   target DB_HTILE 0x5203a0000: nonzero 160/1024
  target DB_Z_READ 0x51db50000: distinct 1 min 0x3f800000 max 0x3f800000,   target DB_Z_READ 0x51db50000: nonzero 1024/1024
  target DB_STENCIL_READ 0x51fb30000: distinct 1 min 0x80800000 max 0x80800000,   target DB_STENCIL_READ 0x51fb30000: nonzero 1024/1024
  target CB0 0x513bf0000: distinct 1 min 0x00000000 max 0x00000000,   target CB0 0x513bf0000: nonzero 0/1024
  target CB0 0x571867000: distinct 20 min 0x00000000 max 0xffffffff,   target CB0 0x571867000: nonzero 359/1024
  target CB0 0x57187b000: distinct 20 min 0x00000000 max 0xffffffff,   target CB0 0x57187b000: nonzero 339/1024
  target CB0 0x519b90000: distinct 1 min 0x84370111 max 0x84370111,   target CB0 0x519b90000: nonzero 1024/1024
  target CB0 0x5718eb000: distinct 19 min 0x00000000 max 0xffffffff,   target CB0 0x5718eb000: nonzero 267/1024
  target DB_HTILE 0x55c0e0000: distinct 2 min 0x00000000 max 0xffffffff,   target DB_HTILE 0x55c0e0000: nonzero 192/1024
  target DB_Z_READ 0x527430000: distinct 1 min 0xffffffff max 0xffffffff,   target DB_Z_READ 0x527430000: nonzero 1024/1024
timing: t 65.015 s flip 1/1, VideoOutSubmitFlip took 0.0 ms
  indirect op 16 at 1246: base 0x5074063c0 +0x0 -> 1 1 1 0 0
  indirect op 16 at 1278: base 0x5074063e0 +0x0 -> 1 1 1 0 0
  indirect op 16 at 1310: base 0x50740a520 +0x0 -> 1 1 1 0 0
  indirect op 16 at 1342: base 0x50740a540 +0x0 -> 1 1 1 0 0
  indirect op 25 at 4825: base 0x56ddaffa0 +0x0 -> 1 0 0 0 0
submit #929 dcb 10440 dwords at 0x502702500: pass 691 rewrite 518 drop 462 unmapped 1 cc 12 mappings 276 ... OK rc 0 28.98 ms
timing: #929 done at t 65.065 s, 38.0 ms after the sync and hints
state stack #929: push 6 pop 6 conditional 1 unmatched 0; restored 5526 regs (+5622 dwords); tables 38, unreadable 0
submit #930 acb 2 dwords at 0xfe003a200: pass 1 rewrite 0 drop 0 unmapped 0 cc 0 mappings 276 ... OK rc 0 22.79 ms
timing: #930 done at t 65.101 s, 23.8 ms after the sync and hints
submit #931 acb 49 dwords at 0x4002a8b14: pass 2 rewrite 3 drop 3 unmapped 0 cc 0 mappings 276 ... OK rc 0 22.81 ms
timing: #931 done at t 65.136 s, 23.8 ms after the sync and hints
submit #932 cc 3 dwords at 0x313b17cf4: pass 0 rewrite 1 drop 0 unmapped 0 cc 1 mappings 276 ... OK rc 0 22.77 ms
timing: #932 done at t 65.171 s, 23.8 ms after the sync and hints
submit #933 hib 150 dwords at 0xfe0000000: pass 12 rewrite 2 drop 2 unmapped 0 cc 2 mappings 276 ... OK rc 0 22.93 ms
timing: #933 done at t 65.207 s, 24.3 ms after the sync and hints
submit #934 hib 2 dwords at 0xfe003a200: pass 1 rewrite 0 drop 0 unmapped 0 cc 0 mappings 276 ... OK rc 0 22.61 ms
timing: #934 done at t 65.241 s, 23.6 ms after the sync and hints
submit #935 dcb 96 dwords at 0xfe0042920: pass 20 rewrite 2 drop 2 unmapped 0 cc 0 mappings 276 ... OK rc 0 22.73 ms
timing: #935 done at t 65.277 s, 24.0 ms after the sync and hints
submit #936 dcb 2647 dwords at 0x504302500: pass 236 rewrite 123 drop 120 unmapped 0 cc 4 mappings 276 ... OK rc 0 23.11 ms
timing: #936 done at t 65.315 s, 26.5 ms after the sync and hints
state stack #936: push 2 pop 2 conditional 1 unmatched 0; restored 1842 regs (+1874 dwords); tables 13, unreadable 0
submit #937 acb 2 dwords at 0xfe003a200: pass 1 rewrite 0 drop 0 unmapped 0 cc 0 mappings 276 ... OK rc 0 23.16 ms
timing: #937 done at t 65.351 s, 24.2 ms after the sync and hints
submit #938 dcb 851 dwords at 0x505e02500: pass 47 rewrite 55 drop 45 unmapped 0 cc 0 mappings 276 ... OK rc 0 22.70 ms
timing: #938 done at t 65.387 s, 24.2 ms after the sync and hints
submit #939 acb 463 dwords at 0x400526840: pass 43 rewrite 11 drop 27 unmapped 0 cc 0 mappings 276 ... OK rc 0 23.44 ms
timing: #939 done at t 65.423 s, 24.5 ms after the sync and hints
submit #940 dcb 798 dwords at 0x506e02500: pass 103 rewrite 35 drop 22 unmapped 0 cc 6 mappings 276 ... acb head: 3413 of 3462 dwords go ahead of the wait at 3413 on 0x400203b80
OK rc 0 23.46 ms
timing: #940 done at t 65.464 s, 29.6 ms after the sync and hints
state stack #940: push 3 pop 3 conditional 1 unmatched 0; restored 2763 regs (+2811 dwords); tables 17, unreadable 0
  indirect op 16 at 1640: args 0x74063c0 not mapped, DROPPED
  indirect op 16 at 1738: args 0x74063e0 not mapped, DROPPED
  indirect op 16 at 1833: args 0x74063e0 not mapped, DROPPED
submit #941 acb 3413 dwords at 0x400345640: pass 331 rewrite 70 drop 165 unmapped 0 cc 0 mappings 276 ... OK rc 0 24.77 ms
timing: #941 done at t 65.501 s, 25.9 ms after the sync and hints
submit #942 dcb 1248 dwords at 0x505202500: pass 151 rewrite 46 drop 45 unmapped 0 cc 6 mappings 276 ... OK rc 0 22.97 ms
timing: #942 done at t 65.539 s, 25.8 ms after the sync and hints
state stack #942: push 3 pop 3 conditional 1 unmatched 0; restored 2763 regs (+2811 dwords); tables 11, unreadable 0
flip 1/0 buffer 0x507410000 +0x1fe0000: sum 0x17ea65194594 nonzero 8100/8160 pattern 0
  target CB0 0x5093f0000: distinct 53 min 0xc0000000 max 0xc340d034,   target CB0 0x5093f0000: nonzero 1024/1024
  target CB0 0x563800000: distinct 1 min 0x00000000 max 0x00000000,   target CB0 0x563800000: nonzero 0/1024
  target CB0 0x55c00d000: distinct 4 min 0x00000000 max 0xffffffff,   target CB0 0x55c00d000: nonzero 339/1024
  target CB0 0x5637f0000: distinct 1 min 0x00000000 max 0x00000000,   target CB0 0x5637f0000: nonzero 0/1024
  target CB0 0x526bf0000: distinct 1 min 0x38003800 max 0x38003800,   target CB0 0x526bf0000: nonzero 1024/1024
  target CB0 0x5719a8000: distinct 18 min 0x00000000 max 0xffffffff,   target CB0 0x5719a8000: nonzero 246/1024
  target DB_HTILE 0x5203a0000: distinct 2 min 0x00000000 max 0xfffffff0,   target DB_HTILE 0x5203a0000: nonzero 160/1024
  target DB_Z_READ 0x51db50000: distinct 1 min 0x3f800000 max 0x3f800000,   target DB_Z_READ 0x51db50000: nonzero 1024/1024
  target DB_STENCIL_READ 0x51fb30000: distinct 1 min 0x80800000 max 0x80800000,   target DB_STENCIL_READ 0x51fb30000: nonzero 1024/1024
  target CB0 0x513bf0000: distinct 1 min 0x00000000 max 0x00000000,   target CB0 0x513bf0000: nonzero 0/1024
  target CB0 0x571867000: distinct 20 min 0x00000000 max 0xffffffff,   target CB0 0x571867000: nonzero 359/1024
  target CB0 0x57187b000: distinct 20 min 0x00000000 max 0xffffffff,   target CB0 0x57187b000: nonzero 339/1024
  target CB0 0x519b90000: distinct 1 min 0x04378111 max 0x04378111,   target CB0 0x519b90000: nonzero 1024/1024
  target CB0 0x5718eb000: distinct 19 min 0x00000000 max 0xffffffff,   target CB0 0x5718eb000: nonzero 267/1024
  target DB_HTILE 0x55c0e0000: distinct 2 min 0x00000000 max 0xffffffff,   target DB_HTILE 0x55c0e0000: nonzero 192/1024
  target DB_Z_READ 0x527430000: distinct 1 min 0xffffffff max 0xffffffff,   target DB_Z_READ 0x527430000: nonzero 1024/1024
timing: t 65.540 s flip 1/0, VideoOutSubmitFlip took 0.0 ms
  indirect op 16 at 1246: base 0x5074063c0 +0x0 -> 1 1 1 0 0
  indirect op 16 at 1278: base 0x5074063e0 +0x0 -> 1 1 1 0 0
  indirect op 16 at 1310: base 0x50740a520 +0x0 -> 1 1 1 0 0
  indirect op 16 at 1342: base 0x50740a540 +0x0 -> 1 1 1 0 0
  indirect op 25 at 4825: base 0x56ddaffa0 +0x0 -> 1 0 0 0 0
submit #943 dcb 10440 dwords at 0x502e02500: pass 691 rewrite 518 drop 462 unmapped 1 cc 12 mappings 276 ... OK rc 0 28.93 ms
timing: #943 done at t 65.590 s, 37.7 ms after the sync and hints
state stack #943: push 6 pop 6 conditional 1 unmatched 0; restored 5526 regs (+5622 dwords); tables 38, unreadable 0
submit #944 acb 2 dwords at 0xfe003a200: pass 1 rewrite 0 drop 0 unmapped 0 cc 0 mappings 276 ... OK rc 0 22.90 ms
timing: #944 done at t 65.626 s, 23.9 ms after the sync and hints
submit #945 acb 49 dwords at 0x400348b94: pass 2 rewrite 3 drop 3 unmapped 0 cc 0 mappings 276 ... OK rc 0 23.05 ms
timing: #945 done at t 65.661 s, 24.1 ms after the sync and hints
submit #946 cc 3 dwords at 0x313b17cf4: pass 0 rewrite 1 drop 0 unmapped 0 cc 1 mappings 276 ... OK rc 0 23.05 ms
timing: #946 done at t 65.697 s, 24.1 ms after the sync and hints
submit #947 hib 150 dwords at 0xfe0000000: pass 12 rewrite 2 drop 2 unmapped 0 cc 2 mappings 276 ... OK rc 0 23.00 ms
timing: #947 done at t 65.733 s, 24.3 ms after the sync and hints
submit #948 hib 2 dwords at 0xfe003a200: pass 1 rewrite 0 drop 0 unmapped 0 cc 0 mappings 276 ... OK rc 0 22.94 ms
timing: #948 done at t 65.768 s, 23.9 ms after the sync and hints
submit #949 dcb 96 dwords at 0xfe0042920: pass 20 rewrite 2 drop 2 unmapped 0 cc 0 mappings 276 ... OK rc 0 22.67 ms
timing: #949 done at t 65.804 s, 24.1 ms after the sync and hints
submit #950 dcb 2647 dwords at 0x503502500: pass 236 rewrite 123 drop 120 unmapped 0 cc 4 mappings 276 ... OK rc 0 23.15 ms
timing: #950 done at t 65.842 s, 26.4 ms after the sync and hints
state stack #950: push 2 pop 2 conditional 1 unmatched 0; restored 1842 regs (+1874 dwords); tables 13, unreadable 0
submit #951 dcb 851 dwords at 0x505602500: pass 47 rewrite 55 drop 45 unmapped 0 cc 0 mappings 276 ... OK rc 0 22.69 ms
timing: #951 done at t 65.877 s, 24.1 ms after the sync and hints
submit #952 acb 2 dwords at 0xfe003a200: pass 1 rewrite 0 drop 0 unmapped 0 cc 0 mappings 276 ... OK rc 0 23.04 ms
timing: #952 done at t 65.913 s, 24.0 ms after the sync and hints
submit #953 acb 463 dwords at 0x4003e6740: pass 43 rewrite 11 drop 27 unmapped 0 cc 0 mappings 276 ... OK rc 0 23.08 ms
timing: #953 done at t 65.948 s, 24.2 ms after the sync and hints
submit #954 dcb 798 dwords at 0x506202500: pass 103 rewrite 35 drop 22 unmapped 0 cc 6 mappings 276 ... acb head: 3413 of 3462 dwords go ahead of the wait at 3413 on 0x400202380
OK rc 0 23.46 ms
timing: #954 done at t 65.987 s, 27.1 ms after the sync and hints
state stack #954: push 3 pop 3 conditional 1 unmatched 0; restored 2763 regs (+2811 dwords); tables 17, unreadable 0
  indirect op 16 at 1640: args 0x74063c0 not mapped, DROPPED
  indirect op 16 at 1738: args 0x74063e0 not mapped, DROPPED
  indirect op 16 at 1833: args 0x74063e0 not mapped, DROPPED
submit #955 acb 3413 dwords at 0x400205540: pass 331 rewrite 70 drop 165 unmapped 0 cc 0 mappings 276 ... OK rc 0 24.27 ms
timing: #955 done at t 66.025 s, 25.7 ms after the sync and hints
submit #956 dcb 1248 dwords at 0x504a02500: pass 151 rewrite 46 drop 45 unmapped 0 cc 6 mappings 276 ... OK rc 0 22.93 ms
timing: #956 done at t 66.062 s, 25.7 ms after the sync and hints
state stack #956: push 3 pop 3 conditional 1 unmatched 0; restored 2763 regs (+2811 dwords); tables 11, unreadable 0
flip 1/1 buffer 0x5093f0000 +0x1fe0000: sum 0x17ea65194594 nonzero 8100/8160 pattern 0
  target CB0 0x507410000: distinct 53 min 0xc0000000 max 0xc340d034,   target CB0 0x507410000: nonzero 1024/1024
  target CB0 0x563800000: distinct 1 min 0x00000000 max 0x00000000,   target CB0 0x563800000: nonzero 0/1024
  target CB0 0x55c00d000: distinct 4 min 0x00000000 max 0xffffffff,   target CB0 0x55c00d000: nonzero 339/1024
  target CB0 0x5637f0000: distinct 1 min 0x00000000 max 0x00000000,   target CB0 0x5637f0000: nonzero 0/1024
  target CB0 0x526bf0000: distinct 1 min 0x38003800 max 0x38003800,   target CB0 0x526bf0000: nonzero 1024/1024
  target CB0 0x5719a8000: distinct 18 min 0x00000000 max 0xffffffff,   target CB0 0x5719a8000: nonzero 246/1024
  target DB_HTILE 0x5203a0000: distinct 2 min 0x00000000 max 0xfffffff0,   target DB_HTILE 0x5203a0000: nonzero 160/1024
  target DB_Z_READ 0x51db50000: distinct 1 min 0x3f800000 max 0x3f800000,   target DB_Z_READ 0x51db50000: nonzero 1024/1024
  target DB_STENCIL_READ 0x51fb30000: distinct 1 min 0x80800000 max 0x80800000,   target DB_STENCIL_READ 0x51fb30000: nonzero 1024/1024
  target CB0 0x513bf0000: distinct 1 min 0x00000000 max 0x00000000,   target CB0 0x513bf0000: nonzero 0/1024
  target CB0 0x571867000: distinct 20 min 0x00000000 max 0xffffffff,   target CB0 0x571867000: nonzero 359/1024
  target CB0 0x57187b000: distinct 20 min 0x00000000 max 0xffffffff,   target CB0 0x57187b000: nonzero 339/1024
  target CB0 0x519b90000: distinct 1 min 0x80d80333 max 0x80d80333,   target CB0 0x519b90000: nonzero 1024/1024
  target CB0 0x5718eb000: distinct 19 min 0x00000000 max 0xffffffff,   target CB0 0x5718eb000: nonzero 267/1024
  target DB_HTILE 0x55c0e0000: distinct 2 min 0x00000000 max 0xffffffff,   target DB_HTILE 0x55c0e0000: nonzero 192/1024
  target DB_Z_READ 0x527430000: distinct 1 min 0xffffffff max 0xffffffff,   target DB_Z_READ 0x527430000: nonzero 1024/1024
timing: t 66.063 s flip 1/1, VideoOutSubmitFlip took 0.0 ms
  indirect op 16 at 1246: base 0x5074063c0 +0x0 -> 1 1 1 0 0
  indirect op 16 at 1278: base 0x5074063e0 +0x0 -> 1 1 1 0 0
  indirect op 16 at 1310: base 0x50740a520 +0x0 -> 1 1 1 0 0
  indirect op 16 at 1342: base 0x50740a540 +0x0 -> 1 1 1 0 0
  indirect op 25 at 4825: base 0x56ddaffa0 +0x0 -> 1 0 0 0 0
submit #957 dcb 10440 dwords at 0x502002500: pass 691 rewrite 518 drop 462 unmapped 1 cc 12 mappings 276 ... OK rc 0 28.76 ms
timing: #957 done at t 66.112 s, 37.5 ms after the sync and hints
state stack #957: push 6 pop 6 conditional 1 unmatched 0; restored 5526 regs (+5622 dwords); tables 38, unreadable 0
swapped pages taken as resident so far: 0
vmas 115 total 13079.0 MiB resident 5029.4 MiB mapped 5029.4 MiB
submit #958 acb 2 dwords at 0xfe003a200: pass 1 rewrite 0 drop 0 unmapped 0 cc 0 mappings 277 ... OK rc 0 22.77 ms
timing: #958 done at t 66.148 s, 23.7 ms after the sync and hints
submit #959 acb 49 dwords at 0x400208a94: pass 2 rewrite 3 drop 3 unmapped 0 cc 0 mappings 277 ... OK rc 0 22.76 ms
timing: #959 done at t 66.183 s, 23.8 ms after the sync and hints
submit #960 cc 3 dwords at 0x313b17cf4: pass 0 rewrite 1 drop 0 unmapped 0 cc 1 mappings 277 ... OK rc 0 22.76 ms
timing: #960 done at t 66.218 s, 23.8 ms after the sync and hints
submit #961 hib 150 dwords at 0xfe0000000: pass 12 rewrite 2 drop 2 unmapped 0 cc 2 mappings 277 ... OK rc 0 22.74 ms
timing: #961 done at t 66.253 s, 24.1 ms after the sync and hints
submit #962 hib 2 dwords at 0xfe003a200: pass 1 rewrite 0 drop 0 unmapped 0 cc 0 mappings 277 ... OK rc 0 22.78 ms
timing: #962 done at t 66.288 s, 23.8 ms after the sync and hints
submit #963 dcb 96 dwords at 0xfe0042920: pass 20 rewrite 2 drop 2 unmapped 0 cc 0 mappings 277 ... OK rc 0 22.80 ms
timing: #963 done at t 66.324 s, 24.1 ms after the sync and hints
submit #964 dcb 2647 dwords at 0x503c02500: pass 236 rewrite 123 drop 120 unmapped 0 cc 4 mappings 277 ... OK rc 0 23.14 ms
timing: #964 done at t 66.361 s, 26.5 ms after the sync and hints
state stack #964: push 2 pop 2 conditional 1 unmatched 0; restored 1842 regs (+1874 dwords); tables 13, unreadable 0
submit #965 dcb 851 dwords at 0x505a02500: pass 47 rewrite 55 drop 45 unmapped 0 cc 0 mappings 277 ... OK rc 0 22.74 ms
timing: #965 done at t 66.397 s, 24.2 ms after the sync and hints
submit #966 acb 2 dwords at 0xfe003a200: pass 1 rewrite 0 drop 0 unmapped 0 cc 0 mappings 277 ... OK rc 0 22.97 ms
timing: #966 done at t 66.433 s, 24.0 ms after the sync and hints
submit #967 acb 463 dwords at 0x4004867c0: pass 43 rewrite 11 drop 27 unmapped 0 cc 0 mappings 277 ... OK rc 0 23.22 ms
timing: #967 done at t 66.468 s, 24.2 ms after the sync and hints
submit #968 dcb 798 dwords at 0x506802500: pass 103 rewrite 35 drop 22 unmapped 0 cc 6 mappings 277 ... acb head: 3413 of 3462 dwords go ahead of the wait at 3413 on 0x400202f80
OK rc 0 23.36 ms
timing: #968 done at t 66.506 s, 27.0 ms after the sync and hints
state stack #968: push 3 pop 3 conditional 1 unmatched 0; restored 2763 regs (+2811 dwords); tables 17, unreadable 0
  indirect op 16 at 1640: args 0x74063c0 not mapped, DROPPED
  indirect op 16 at 1738: args 0x74063e0 not mapped, DROPPED
  indirect op 16 at 1833: args 0x74063e0 not mapped, DROPPED
submit #969 acb 3413 dwords at 0x4002a55c0: pass 331 rewrite 70 drop 165 unmapped 0 cc 0 mappings 277 ... OK rc 0 24.32 ms
timing: #969 done at t 66.543 s, 25.5 ms after the sync and hints
submit #970 dcb 1248 dwords at 0x504e02500: pass 151 rewrite 46 drop 45 unmapped 0 cc 6 mappings 277 ... OK rc 0 22.85 ms
timing: #970 done at t 66.581 s, 25.6 ms after the sync and hints
state stack #970: push 3 pop 3 conditional 1 unmatched 0; restored 2763 regs (+2811 dwords); tables 11, unreadable 0
flip 1/0 buffer 0x507410000 +0x1fe0000: sum 0x17ea65194594 nonzero 8100/8160 pattern 0
  target CB0 0x5093f0000: distinct 53 min 0xc0000000 max 0xc340d034,   target CB0 0x5093f0000: nonzero 1024/1024
  target CB0 0x563800000: distinct 1 min 0x00000000 max 0x00000000,   target CB0 0x563800000: nonzero 0/1024
  target CB0 0x55c00d000: distinct 4 min 0x00000000 max 0xffffffff,   target CB0 0x55c00d000: nonzero 339/1024
  target CB0 0x5637f0000: distinct 1 min 0x00000000 max 0x00000000,   target CB0 0x5637f0000: nonzero 0/1024
  target CB0 0x526bf0000: distinct 1 min 0x38003800 max 0x38003800,   target CB0 0x526bf0000: nonzero 1024/1024
  target CB0 0x5719a8000: distinct 18 min 0x00000000 max 0xffffffff,   target CB0 0x5719a8000: nonzero 246/1024
  target DB_HTILE 0x5203a0000: distinct 2 min 0x00000000 max 0xfffffff0,   target DB_HTILE 0x5203a0000: nonzero 160/1024
  target DB_Z_READ 0x51db50000: distinct 1 min 0x3f800000 max 0x3f800000,   target DB_Z_READ 0x51db50000: nonzero 1024/1024
  target DB_STENCIL_READ 0x51fb30000: distinct 1 min 0x80800000 max 0x80800000,   target DB_STENCIL_READ 0x51fb30000: nonzero 1024/1024
  target CB0 0x513bf0000: distinct 1 min 0x00000000 max 0x00000000,   target CB0 0x513bf0000: nonzero 0/1024
  target CB0 0x571867000: distinct 20 min 0x00000000 max 0xffffffff,   target CB0 0x571867000: nonzero 359/1024
  target CB0 0x57187b000: distinct 20 min 0x00000000 max 0xffffffff,   target CB0 0x57187b000: nonzero 339/1024
  target CB0 0x519b90000: distinct 1 min 0x85e683bc max 0x85e683bc,   target CB0 0x519b90000: nonzero 1024/1024
  target CB0 0x5718eb000: distinct 19 min 0x00000000 max 0xffffffff,   target CB0 0x5718eb000: nonzero 267/1024
  target DB_HTILE 0x55c0e0000: distinct 2 min 0x00000000 max 0xffffffff,   target DB_HTILE 0x55c0e0000: nonzero 192/1024
  target DB_Z_READ 0x527430000: distinct 1 min 0xffffffff max 0xffffffff,   target DB_Z_READ 0x527430000: nonzero 1024/1024
timing: t 66.582 s flip 1/0, VideoOutSubmitFlip took 0.0 ms
  indirect op 16 at 1246: base 0x5074063c0 +0x0 -> 1 1 1 0 0
  indirect op 16 at 1278: base 0x5074063e0 +0x0 -> 1 1 1 0 0
  indirect op 16 at 1310: base 0x50740a520 +0x0 -> 1 1 1 0 0
  indirect op 16 at 1342: base 0x50740a540 +0x0 -> 1 1 1 0 0
  indirect op 25 at 4825: base 0x56ddaffa0 +0x0 -> 1 0 0 0 0
submit #971 dcb 10440 dwords at 0x502702500: pass 691 rewrite 518 drop 462 unmapped 1 cc 12 mappings 277 ... OK rc 0 28.94 ms
timing: #971 done at t 66.632 s, 37.8 ms after the sync and hints
state stack #971: push 6 pop 6 conditional 1 unmatched 0; restored 5526 regs (+5622 dwords); tables 38, unreadable 0
submit #972 acb 2 dwords at 0xfe003a200: pass 1 rewrite 0 drop 0 unmapped 0 cc 0 mappings 277 ... OK rc 0 22.98 ms
timing: #972 done at t 66.668 s, 24.0 ms after the sync and hints
submit #973 acb 49 dwords at 0x4002a8b14: pass 2 rewrite 3 drop 3 unmapped 0 cc 0 mappings 277 ... OK rc 0 22.70 ms
timing: #973 done at t 66.703 s, 23.8 ms after the sync and hints
submit #974 cc 3 dwords at 0x313b17cf4: pass 0 rewrite 1 drop 0 unmapped 0 cc 1 mappings 277 ... OK rc 0 22.72 ms
timing: #974 done at t 66.738 s, 23.8 ms after the sync and hints
submit #975 hib 150 dwords at 0xfe0000000: pass 12 rewrite 2 drop 2 unmapped 0 cc 2 mappings 277 ... OK rc 0 22.69 ms
timing: #975 done at t 66.773 s, 24.0 ms after the sync and hints
submit #976 hib 2 dwords at 0xfe003a200: pass 1 rewrite 0 drop 0 unmapped 0 cc 0 mappings 277 ... OK rc 0 22.65 ms
timing: #976 done at t 66.808 s, 23.6 ms after the sync and hints
submit #977 dcb 96 dwords at 0xfe0042920: pass 20 rewrite 2 drop 2 unmapped 0 cc 0 mappings 277 ... OK rc 0 22.66 ms
timing: #977 done at t 66.843 s, 23.9 ms after the sync and hints
submit #978 dcb 2647 dwords at 0x504302500: pass 236 rewrite 123 drop 120 unmapped 0 cc 4 mappings 277 ... OK rc 0 23.13 ms
timing: #978 done at t 66.881 s, 26.4 ms after the sync and hints
state stack #978: push 2 pop 2 conditional 1 unmatched 0; restored 1842 regs (+1874 dwords); tables 13, unreadable 0
submit #979 dcb 851 dwords at 0x505e02500: pass 47 rewrite 55 drop 45 unmapped 0 cc 0 mappings 277 ... OK rc 0 22.70 ms
timing: #979 done at t 66.917 s, 24.1 ms after the sync and hints
submit #980 acb 2 dwords at 0xfe003a200: pass 1 rewrite 0 drop 0 unmapped 0 cc 0 mappings 277 ... OK rc 0 22.66 ms
timing: #980 done at t 66.952 s, 23.7 ms after the sync and hints
submit #981 acb 463 dwords at 0x400526840: pass 43 rewrite 11 drop 27 unmapped 0 cc 0 mappings 277 ... OK rc 0 22.99 ms
timing: #981 done at t 66.987 s, 24.0 ms after the sync and hints
submit #982 dcb 798 dwords at 0x506e02500: pass 103 rewrite 35 drop 22 unmapped 0 cc 6 mappings 277 ... acb head: 3413 of 3462 dwords go ahead of the wait at 3413 on 0x400203b80
OK rc 0 23.44 ms
timing: #982 done at t 67.025 s, 26.9 ms after the sync and hints
state stack #982: push 3 pop 3 conditional 1 unmatched 0; restored 2763 regs (+2811 dwords); tables 17, unreadable 0
  indirect op 16 at 1640: args 0x74063c0 not mapped, DROPPED
  indirect op 16 at 1738: args 0x74063e0 not mapped, DROPPED
  indirect op 16 at 1833: args 0x74063e0 not mapped, DROPPED
submit #983 acb 3413 dwords at 0x400345640: pass 331 rewrite 70 drop 165 unmapped 0 cc 0 mappings 277 ... OK rc 0 24.15 ms
timing: #983 done at t 67.062 s, 25.3 ms after the sync and hints
submit #984 dcb 1248 dwords at 0x505202500: pass 151 rewrite 46 drop 45 unmapped 0 cc 6 mappings 277 ... OK rc 0 23.18 ms
timing: #984 done at t 67.099 s, 25.9 ms after the sync and hints
state stack #984: push 3 pop 3 conditional 1 unmatched 0; restored 2763 regs (+2811 dwords); tables 11, unreadable 0
flip 1/1 buffer 0x5093f0000 +0x1fe0000: sum 0x17ea65194594 nonzero 8100/8160 pattern 0
  target CB0 0x507410000: distinct 53 min 0xc0000000 max 0xc340d034,   target CB0 0x507410000: nonzero 1024/1024
  target CB0 0x563800000: distinct 1 min 0x00000000 max 0x00000000,   target CB0 0x563800000: nonzero 0/1024
  target CB0 0x55c00d000: distinct 4 min 0x00000000 max 0xffffffff,   target CB0 0x55c00d000: nonzero 339/1024
  target CB0 0x5637f0000: distinct 1 min 0x00000000 max 0x00000000,   target CB0 0x5637f0000: nonzero 0/1024
  target CB0 0x526bf0000: distinct 1 min 0x38003800 max 0x38003800,   target CB0 0x526bf0000: nonzero 1024/1024
  target CB0 0x5719a8000: distinct 18 min 0x00000000 max 0xffffffff,   target CB0 0x5719a8000: nonzero 246/1024
  target DB_HTILE 0x5203a0000: distinct 2 min 0x00000000 max 0xfffffff0,   target DB_HTILE 0x5203a0000: nonzero 160/1024
  target DB_Z_READ 0x51db50000: distinct 1 min 0x3f800000 max 0x3f800000,   target DB_Z_READ 0x51db50000: nonzero 1024/1024
  target DB_STENCIL_READ 0x51fb30000: distinct 1 min 0x80800000 max 0x80800000,   target DB_STENCIL_READ 0x51fb30000: nonzero 1024/1024
  target CB0 0x513bf0000: distinct 1 min 0x00000000 max 0x00000000,   target CB0 0x513bf0000: nonzero 0/1024
  target CB0 0x571867000: distinct 20 min 0x00000000 max 0xffffffff,   target CB0 0x571867000: nonzero 359/1024
  target CB0 0x57187b000: distinct 20 min 0x00000000 max 0xffffffff,   target CB0 0x57187b000: nonzero 339/1024
  target CB0 0x519b90000: distinct 1 min 0x07060089 max 0x07060089,   target CB0 0x519b90000: nonzero 1024/1024
  target CB0 0x5718eb000: distinct 19 min 0x00000000 max 0xffffffff,   target CB0 0x5718eb000: nonzero 267/1024
  target DB_HTILE 0x55c0e0000: distinct 2 min 0x00000000 max 0xffffffff,   target DB_HTILE 0x55c0e0000: nonzero 192/1024
  target DB_Z_READ 0x527430000: distinct 1 min 0xffffffff max 0xffffffff,   target DB_Z_READ 0x527430000: nonzero 1024/1024
timing: t 67.100 s flip 1/1, VideoOutSubmitFlip took 0.0 ms
  indirect op 16 at 1246: base 0x5074063c0 +0x0 -> 1 1 1 0 0
  indirect op 16 at 1278: base 0x5074063e0 +0x0 -> 1 1 1 0 0
  indirect op 16 at 1310: base 0x50740a520 +0x0 -> 1 1 1 0 0
  indirect op 16 at 1342: base 0x50740a540 +0x0 -> 1 1 1 0 0
  indirect op 25 at 4825: base 0x56ddaffa0 +0x0 -> 1 0 0 0 0
submit #985 dcb 10440 dwords at 0x502e02500: pass 691 rewrite 518 drop 462 unmapped 1 cc 12 mappings 277 ... OK rc 0 29.09 ms
timing: #985 done at t 67.150 s, 37.9 ms after the sync and hints
state stack #985: push 6 pop 6 conditional 1 unmatched 0; restored 5526 regs (+5622 dwords); tables 38, unreadable 0
swapped pages taken as resident so far: 0
vmas 115 total 13079.0 MiB resident 5029.4 MiB mapped 5029.5 MiB
submit #986 acb 2 dwords at 0xfe003a200: pass 1 rewrite 0 drop 0 unmapped 0 cc 0 mappings 278 ... OK rc 0 22.87 ms
timing: #986 done at t 67.186 s, 23.8 ms after the sync and hints
submit #987 acb 49 dwords at 0x400348b94: pass 2 rewrite 3 drop 3 unmapped 0 cc 0 mappings 278 ... OK rc 0 22.89 ms
timing: #987 done at t 67.221 s, 23.9 ms after the sync and hints
submit #988 cc 3 dwords at 0x313b17cf4: pass 0 rewrite 1 drop 0 unmapped 0 cc 1 mappings 278 ... OK rc 0 22.79 ms
timing: #988 done at t 67.257 s, 23.8 ms after the sync and hints
submit #989 hib 150 dwords at 0xfe0000000: pass 12 rewrite 2 drop 2 unmapped 0 cc 2 mappings 278 ... OK rc 0 22.75 ms
timing: #989 done at t 67.292 s, 24.1 ms after the sync and hints
submit #990 hib 2 dwords at 0xfe003a200: pass 1 rewrite 0 drop 0 unmapped 0 cc 0 mappings 278 ... OK rc 0 22.73 ms
timing: #990 done at t 67.327 s, 23.7 ms after the sync and hints
submit #991 dcb 96 dwords at 0xfe0042920: pass 20 rewrite 2 drop 2 unmapped 0 cc 0 mappings 278 ... OK rc 0 22.71 ms
timing: #991 done at t 67.363 s, 24.0 ms after the sync and hints
submit #992 dcb 2647 dwords at 0x503502500: pass 236 rewrite 123 drop 120 unmapped 0 cc 4 mappings 278 ... OK rc 0 23.22 ms
timing: #992 done at t 67.400 s, 26.6 ms after the sync and hints
state stack #992: push 2 pop 2 conditional 1 unmatched 0; restored 1842 regs (+1874 dwords); tables 13, unreadable 0
submit #993 dcb 851 dwords at 0x505602500: pass 47 rewrite 55 drop 45 unmapped 0 cc 0 mappings 278 ... OK rc 0 22.70 ms
timing: #993 done at t 67.436 s, 24.2 ms after the sync and hints
submit #994 acb 2 dwords at 0xfe003a200: pass 1 rewrite 0 drop 0 unmapped 0 cc 0 mappings 278 ... OK rc 0 22.91 ms
timing: #994 done at t 67.472 s, 23.9 ms after the sync and hints
submit #995 acb 463 dwords at 0x4003e6740: pass 43 rewrite 11 drop 27 unmapped 0 cc 0 mappings 278 ... OK rc 0 23.21 ms
timing: #995 done at t 67.507 s, 24.2 ms after the sync and hints
submit #996 dcb 798 dwords at 0x506202500: pass 103 rewrite 35 drop 22 unmapped 0 cc 6 mappings 278 ... acb head: 3413 of 3462 dwords go ahead of the wait at 3413 on 0x400202380
OK rc 0 23.56 ms
timing: #996 done at t 67.546 s, 27.2 ms after the sync and hints
state stack #996: push 3 pop 3 conditional 1 unmatched 0; restored 2763 regs (+2811 dwords); tables 17, unreadable 0
  indirect op 16 at 1640: args 0x74063c0 not mapped, DROPPED
  indirect op 16 at 1738: args 0x74063e0 not mapped, DROPPED
  indirect op 16 at 1833: args 0x74063e0 not mapped, DROPPED
submit #997 acb 3413 dwords at 0x400205540: pass 331 rewrite 70 drop 165 unmapped 0 cc 0 mappings 278 ... OK rc 0 24.18 ms
timing: #997 done at t 67.583 s, 25.4 ms after the sync and hints
submit #998 dcb 1248 dwords at 0x504a02500: pass 151 rewrite 46 drop 45 unmapped 0 cc 6 mappings 278 ... OK rc 0 22.81 ms
timing: #998 done at t 67.620 s, 25.6 ms after the sync and hints
state stack #998: push 3 pop 3 conditional 1 unmatched 0; restored 2763 regs (+2811 dwords); tables 11, unreadable 0
flip 63 dumped: /home/kjaniszewski/bc5-data/captures/kytyplus-20261001-0915/gc/flip-063.raw
flip 1/0 buffer 0x507410000 +0x1fe0000: sum 0x17ed8c6317fc nonzero 8100/8160 pattern 0
  target CB0 0x5093f0000: distinct 53 min 0xc0000000 max 0xc340d034,   target CB0 0x5093f0000: nonzero 1024/1024
  target CB0 0x563800000: distinct 1 min 0x00000000 max 0x00000000,   target CB0 0x563800000: nonzero 0/1024
  target CB0 0x55c00d000: distinct 4 min 0x00000000 max 0xffffffff,   target CB0 0x55c00d000: nonzero 339/1024
  target CB0 0x5637f0000: distinct 1 min 0x00000000 max 0x00000000,   target CB0 0x5637f0000: nonzero 0/1024
  target CB0 0x526bf0000: distinct 1 min 0x38003800 max 0x38003800,   target CB0 0x526bf0000: nonzero 1024/1024
  target CB0 0x5719a8000: distinct 18 min 0x00000000 max 0xffffffff,   target CB0 0x5719a8000: nonzero 246/1024
  target DB_HTILE 0x5203a0000: distinct 2 min 0x00000000 max 0xfffffff0,   target DB_HTILE 0x5203a0000: nonzero 160/1024
  target DB_Z_READ 0x51db50000: distinct 1 min 0x3f800000 max 0x3f800000,   target DB_Z_READ 0x51db50000: nonzero 1024/1024
  target DB_STENCIL_READ 0x51fb30000: distinct 1 min 0x80800000 max 0x80800000,   target DB_STENCIL_READ 0x51fb30000: nonzero 1024/1024
  target CB0 0x513bf0000: distinct 1 min 0x00000000 max 0x00000000,   target CB0 0x513bf0000: nonzero 0/1024
  target CB0 0x571867000: distinct 20 min 0x00000000 max 0xffffffff,   target CB0 0x571867000: nonzero 359/1024
  target CB0 0x57187b000: distinct 20 min 0x00000000 max 0xffffffff,   target CB0 0x57187b000: nonzero 339/1024
  target CB0 0x519b90000: distinct 1 min 0x01f7819a max 0x01f7819a,   target CB0 0x519b90000: nonzero 1024/1024
  target CB0 0x5718eb000: distinct 19 min 0x00000000 max 0xffffffff,   target CB0 0x5718eb000: nonzero 267/1024
  target DB_HTILE 0x55c0e0000: distinct 2 min 0x00000000 max 0xffffffff,   target DB_HTILE 0x55c0e0000: nonzero 192/1024
  target DB_Z_READ 0x527430000: distinct 1 min 0xffffffff max 0xffffffff,   target DB_Z_READ 0x527430000: nonzero 1024/1024
timing: t 67.627 s flip 1/0, VideoOutSubmitFlip took 0.0 ms
  indirect op 16 at 1246: base 0x5074063c0 +0x0 -> 1 1 1 0 0
  indirect op 16 at 1278: base 0x5074063e0 +0x0 -> 1 1 1 0 0
  indirect op 16 at 1310: base 0x50740a520 +0x0 -> 1 1 1 0 0
  indirect op 16 at 1342: base 0x50740a540 +0x0 -> 1 1 1 0 0
  indirect op 25 at 4825: base 0x56ddaffa0 +0x0 -> 1 0 0 0 0
submit #999 dcb 10440 dwords at 0x502002500: pass 691 rewrite 518 drop 462 unmapped 1 cc 12 mappings 278 ... OK rc 0 28.73 ms
timing: #999 done at t 67.677 s, 37.6 ms after the sync and hints
state stack #999: push 6 pop 6 conditional 1 unmatched 0; restored 5526 regs (+5622 dwords); tables 38, unreadable 0
submit #1000 acb 2 dwords at 0xfe003a200: pass 1 rewrite 0 drop 0 unmapped 0 cc 0 mappings 278 ... OK rc 0 22.89 ms
timing: #1000 done at t 67.712 s, 23.9 ms after the sync and hints
submit #1001 acb 49 dwords at 0x400208a94: pass 2 rewrite 3 drop 3 unmapped 0 cc 0 mappings 278 ... OK rc 0 22.70 ms
timing: #1001 done at t 67.746 s, 23.7 ms after the sync and hints
submit #1002 cc 3 dwords at 0x313b17cf4: pass 0 rewrite 1 drop 0 unmapped 0 cc 1 mappings 278 ... OK rc 0 22.76 ms
timing: #1002 done at t 67.782 s, 23.8 ms after the sync and hints
submit #1003 hib 150 dwords at 0xfe0000000: pass 12 rewrite 2 drop 2 unmapped 0 cc 2 mappings 278 ... OK rc 0 22.68 ms
timing: #1003 done at t 67.817 s, 24.0 ms after the sync and hints
submit #1004 hib 2 dwords at 0xfe003a200: pass 1 rewrite 0 drop 0 unmapped 0 cc 0 mappings 278 ... OK rc 0 22.73 ms
timing: #1004 done at t 67.852 s, 23.7 ms after the sync and hints
submit #1005 dcb 96 dwords at 0xfe0042920: pass 20 rewrite 2 drop 2 unmapped 0 cc 0 mappings 278 ... OK rc 0 22.72 ms
timing: #1005 done at t 67.887 s, 24.1 ms after the sync and hints
submit #1006 dcb 2647 dwords at 0x503c02500: pass 236 rewrite 123 drop 120 unmapped 0 cc 4 mappings 278 ... OK rc 0 23.45 ms
timing: #1006 done at t 67.926 s, 26.8 ms after the sync and hints
state stack #1006: push 2 pop 2 conditional 1 unmatched 0; restored 1842 regs (+1874 dwords); tables 13, unreadable 0
submit #1007 dcb 851 dwords at 0x505a02500: pass 47 rewrite 55 drop 45 unmapped 0 cc 0 mappings 278 ... OK rc 0 22.73 ms
timing: #1007 done at t 67.961 s, 24.2 ms after the sync and hints
submit #1008 acb 2 dwords at 0xfe003a200: pass 1 rewrite 0 drop 0 unmapped 0 cc 0 mappings 278 ... OK rc 0 22.70 ms
timing: #1008 done at t 67.997 s, 23.7 ms after the sync and hints
submit #1009 acb 463 dwords at 0x4004867c0: pass 43 rewrite 11 drop 27 unmapped 0 cc 0 mappings 278 ... OK rc 0 23.11 ms
timing: #1009 done at t 68.032 s, 24.1 ms after the sync and hints
submit #1010 dcb 798 dwords at 0x506802500: pass 103 rewrite 35 drop 22 unmapped 0 cc 6 mappings 278 ... acb head: 3413 of 3462 dwords go ahead of the wait at 3413 on 0x400202f80
OK rc 0 23.62 ms
timing: #1010 done at t 68.071 s, 27.3 ms after the sync and hints
state stack #1010: push 3 pop 3 conditional 1 unmatched 0; restored 2763 regs (+2811 dwords); tables 17, unreadable 0
  indirect op 16 at 1640: args 0x74063c0 not mapped, DROPPED
  indirect op 16 at 1738: args 0x74063e0 not mapped, DROPPED
  indirect op 16 at 1833: args 0x74063e0 not mapped, DROPPED
submit #1011 acb 3413 dwords at 0x4002a55c0: pass 331 rewrite 70 drop 165 unmapped 0 cc 0 mappings 278 ... OK rc 0 24.28 ms
timing: #1011 done at t 68.108 s, 25.5 ms after the sync and hints
submit #1012 dcb 1248 dwords at 0x504e02500: pass 151 rewrite 46 drop 45 unmapped 0 cc 6 mappings 278 ... OK rc 0 22.84 ms
timing: #1012 done at t 68.145 s, 25.6 ms after the sync and hints
state stack #1012: push 3 pop 3 conditional 1 unmatched 0; restored 2763 regs (+2811 dwords); tables 11, unreadable 0
flip 64 dumped: /home/kjaniszewski/bc5-data/captures/kytyplus-20261001-0915/gc/flip-064.raw
flip 1/1 buffer 0x5093f0000 +0x1fe0000: sum 0x17ef0df37c0f nonzero 8100/8160 pattern 0
  target CB0 0x507410000: distinct 53 min 0xc0000000 max 0xc340d034,   target CB0 0x507410000: nonzero 1024/1024
  target CB0 0x563800000: distinct 1 min 0x00000000 max 0x00000000,   target CB0 0x563800000: nonzero 0/1024
  target CB0 0x55c00d000: distinct 4 min 0x00000000 max 0xffffffff,   target CB0 0x55c00d000: nonzero 339/1024
  target CB0 0x5637f0000: distinct 1 min 0x00000000 max 0x00000000,   target CB0 0x5637f0000: nonzero 0/1024
  target CB0 0x526bf0000: distinct 1 min 0x38003800 max 0x38003800,   target CB0 0x526bf0000: nonzero 1024/1024
  target CB0 0x5719a8000: distinct 18 min 0x00000000 max 0xffffffff,   target CB0 0x5719a8000: nonzero 246/1024
  target DB_HTILE 0x5203a0000: distinct 2 min 0x00000000 max 0xfffffff0,   target DB_HTILE 0x5203a0000: nonzero 160/1024
  target DB_Z_READ 0x51db50000: distinct 1 min 0x3f800000 max 0x3f800000,   target DB_Z_READ 0x51db50000: nonzero 1024/1024
  target DB_STENCIL_READ 0x51fb30000: distinct 1 min 0x80800000 max 0x80800000,   target DB_STENCIL_READ 0x51fb30000: nonzero 1024/1024
  target CB0 0x513bf0000: distinct 1 min 0x00000000 max 0x00000000,   target CB0 0x513bf0000: nonzero 0/1024
  target CB0 0x571867000: distinct 20 min 0x00000000 max 0xffffffff,   target CB0 0x571867000: nonzero 359/1024
  target CB0 0x57187b000: distinct 20 min 0x00000000 max 0xffffffff,   target CB0 0x57187b000: nonzero 339/1024
  target CB0 0x519b90000: distinct 1 min 0x831702ab max 0x831702ab,   target CB0 0x519b90000: nonzero 1024/1024
  target CB0 0x5718eb000: distinct 19 min 0x00000000 max 0xffffffff,   target CB0 0x5718eb000: nonzero 267/1024
  target DB_HTILE 0x55c0e0000: distinct 2 min 0x00000000 max 0xffffffff,   target DB_HTILE 0x55c0e0000: nonzero 192/1024
  target DB_Z_READ 0x527430000: distinct 1 min 0xffffffff max 0xffffffff,   target DB_Z_READ 0x527430000: nonzero 1024/1024
timing: t 68.152 s flip 1/1, VideoOutSubmitFlip took 0.0 ms
  indirect op 16 at 1246: base 0x5074063c0 +0x0 -> 1 1 1 0 0
  indirect op 16 at 1278: base 0x5074063e0 +0x0 -> 1 1 1 0 0
  indirect op 16 at 1310: base 0x50740a520 +0x0 -> 1 1 1 0 0
  indirect op 16 at 1342: base 0x50740a540 +0x0 -> 1 1 1 0 0
  indirect op 25 at 4825: base 0x56ddaffa0 +0x0 -> 1 0 0 0 0
submit #1013 dcb 10440 dwords at 0x502702500: pass 691 rewrite 518 drop 462 unmapped 1 cc 12 mappings 278 ... OK rc 0 28.83 ms
timing: #1013 done at t 68.202 s, 37.7 ms after the sync and hints
state stack #1013: push 6 pop 6 conditional 1 unmatched 0; restored 5526 regs (+5622 dwords); tables 38, unreadable 0
submit #1014 acb 2 dwords at 0xfe003a200: pass 1 rewrite 0 drop 0 unmapped 0 cc 0 mappings 278 ... OK rc 0 22.88 ms
timing: #1014 done at t 68.238 s, 23.9 ms after the sync and hints
swapped pages taken as resident so far: 0
vmas 115 total 13079.0 MiB resident 5029.5 MiB mapped 5029.6 MiB
submit #1015 acb 49 dwords at 0x4002a8b14: pass 2 rewrite 3 drop 3 unmapped 0 cc 0 mappings 279 ... OK rc 0 22.69 ms
timing: #1015 done at t 68.273 s, 23.7 ms after the sync and hints
submit #1016 cc 3 dwords at 0x313b17cf4: pass 0 rewrite 1 drop 0 unmapped 0 cc 1 mappings 279 ... OK rc 0 22.74 ms
timing: #1016 done at t 68.309 s, 23.8 ms after the sync and hints
submit #1017 hib 150 dwords at 0xfe0000000: pass 12 rewrite 2 drop 2 unmapped 0 cc 2 mappings 279 ... OK rc 0 22.65 ms
timing: #1017 done at t 68.344 s, 24.0 ms after the sync and hints
submit #1018 hib 2 dwords at 0xfe003a200: pass 1 rewrite 0 drop 0 unmapped 0 cc 0 mappings 279 ... OK rc 0 23.07 ms
timing: #1018 done at t 68.380 s, 24.1 ms after the sync and hints
submit #1019 dcb 96 dwords at 0xfe0042920: pass 20 rewrite 2 drop 2 unmapped 0 cc 0 mappings 279 ... OK rc 0 22.77 ms
timing: #1019 done at t 68.417 s, 24.1 ms after the sync and hints
submit #1020 dcb 2647 dwords at 0x504302500: pass 236 rewrite 123 drop 120 unmapped 0 cc 4 mappings 279 ... OK rc 0 23.26 ms
timing: #1020 done at t 68.455 s, 26.5 ms after the sync and hints
state stack #1020: push 2 pop 2 conditional 1 unmatched 0; restored 1842 regs (+1874 dwords); tables 13, unreadable 0
submit #1021 dcb 851 dwords at 0x505e02500: pass 47 rewrite 55 drop 45 unmapped 0 cc 0 mappings 279 ... OK rc 0 22.76 ms
timing: #1021 done at t 68.491 s, 24.2 ms after the sync and hints
submit #1022 acb 2 dwords at 0xfe003a200: pass 1 rewrite 0 drop 0 unmapped 0 cc 0 mappings 279 ... OK rc 0 22.98 ms
timing: #1022 done at t 68.526 s, 24.0 ms after the sync and hints
submit #1023 acb 463 dwords at 0x400526840: pass 43 rewrite 11 drop 27 unmapped 0 cc 0 mappings 279 ... OK rc 0 23.24 ms
timing: #1023 done at t 68.562 s, 24.3 ms after the sync and hints
submit #1024 dcb 798 dwords at 0x506e02500: pass 103 rewrite 35 drop 22 unmapped 0 cc 6 mappings 279 ... acb head: 3413 of 3462 dwords go ahead of the wait at 3413 on 0x400203b80
OK rc 0 23.45 ms
timing: #1024 done at t 68.600 s, 27.0 ms after the sync and hints
state stack #1024: push 3 pop 3 conditional 1 unmatched 0; restored 2763 regs (+2811 dwords); tables 17, unreadable 0
  indirect op 16 at 1640: args 0x74063c0 not mapped, DROPPED
  indirect op 16 at 1738: args 0x74063e0 not mapped, DROPPED
  indirect op 16 at 1833: args 0x74063e0 not mapped, DROPPED
submit #1025 acb 3413 dwords at 0x400345640: pass 331 rewrite 70 drop 165 unmapped 0 cc 0 mappings 279 ... OK rc 0 24.24 ms
timing: #1025 done at t 68.637 s, 25.5 ms after the sync and hints
submit #1026 dcb 1248 dwords at 0x505202500: pass 151 rewrite 46 drop 45 unmapped 0 cc 6 mappings 279 ... OK rc 0 22.76 ms
timing: #1026 done at t 68.674 s, 25.5 ms after the sync and hints
state stack #1026: push 3 pop 3 conditional 1 unmatched 0; restored 2763 regs (+2811 dwords); tables 11, unreadable 0
flip 65 dumped: /home/kjaniszewski/bc5-data/captures/kytyplus-20261001-0915/gc/flip-065.raw
flip 1/0 buffer 0x507410000 +0x1fe0000: sum 0x17f0361d868d nonzero 8100/8160 pattern 0
  target CB0 0x5093f0000: distinct 53 min 0xc0000000 max 0xc340d034,   target CB0 0x5093f0000: nonzero 1024/1024
  target CB0 0x563800000: distinct 1 min 0x00000000 max 0x00000000,   target CB0 0x563800000: nonzero 0/1024
  target CB0 0x55c00d000: distinct 4 min 0x00000000 max 0xffffffff,   target CB0 0x55c00d000: nonzero 339/1024
  target CB0 0x5637f0000: distinct 1 min 0x00000000 max 0x00000000,   target CB0 0x5637f0000: nonzero 0/1024
  target CB0 0x526bf0000: distinct 1 min 0x38003800 max 0x38003800,   target CB0 0x526bf0000: nonzero 1024/1024
  target CB0 0x5719a8000: distinct 18 min 0x00000000 max 0xffffffff,   target CB0 0x5719a8000: nonzero 246/1024
  target DB_HTILE 0x5203a0000: distinct 2 min 0x00000000 max 0xfffffff0,   target DB_HTILE 0x5203a0000: nonzero 160/1024
  target DB_Z_READ 0x51db50000: distinct 1 min 0x3f800000 max 0x3f800000,   target DB_Z_READ 0x51db50000: nonzero 1024/1024
  target DB_STENCIL_READ 0x51fb30000: distinct 1 min 0x80800000 max 0x80800000,   target DB_STENCIL_READ 0x51fb30000: nonzero 1024/1024
  target CB0 0x513bf0000: distinct 1 min 0x00000000 max 0x00000000,   target CB0 0x513bf0000: nonzero 0/1024
  target CB0 0x571867000: distinct 20 min 0x00000000 max 0xffffffff,   target CB0 0x571867000: nonzero 359/1024
  target CB0 0x57187b000: distinct 20 min 0x00000000 max 0xffffffff,   target CB0 0x57187b000: nonzero 339/1024
  target CB0 0x519b90000: distinct 1 min 0x055682ab max 0x055682ab,   target CB0 0x519b90000: nonzero 1024/1024
  target CB0 0x5718eb000: distinct 19 min 0x00000000 max 0xffffffff,   target CB0 0x5718eb000: nonzero 267/1024
  target DB_HTILE 0x55c0e0000: distinct 2 min 0x00000000 max 0xffffffff,   target DB_HTILE 0x55c0e0000: nonzero 192/1024
  target DB_Z_READ 0x527430000: distinct 1 min 0xffffffff max 0xffffffff,   target DB_Z_READ 0x527430000: nonzero 1024/1024
timing: t 68.681 s flip 1/0, VideoOutSubmitFlip took 0.0 ms
  indirect op 16 at 1246: base 0x5074063c0 +0x0 -> 1 1 1 0 0
  indirect op 16 at 1278: base 0x5074063e0 +0x0 -> 1 1 1 0 0
  indirect op 16 at 1310: base 0x50740a520 +0x0 -> 1 1 1 0 0
  indirect op 16 at 1342: base 0x50740a540 +0x0 -> 1 1 1 0 0
  indirect op 25 at 4825: base 0x56ddaffa0 +0x0 -> 1 0 0 0 0
submit #1027 dcb 10440 dwords at 0x502e02500: pass 691 rewrite 518 drop 462 unmapped 1 cc 12 mappings 279 ... OK rc 0 28.70 ms
timing: #1027 done at t 68.731 s, 37.4 ms after the sync and hints
state stack #1027: push 6 pop 6 conditional 1 unmatched 0; restored 5526 regs (+5622 dwords); tables 38, unreadable 0
submit #1028 acb 2 dwords at 0xfe003a200: pass 1 rewrite 0 drop 0 unmapped 0 cc 0 mappings 279 ... OK rc 0 22.82 ms
timing: #1028 done at t 68.766 s, 23.9 ms after the sync and hints
submit #1029 acb 49 dwords at 0x400348b94: pass 2 rewrite 3 drop 3 unmapped 0 cc 0 mappings 279 ... OK rc 0 22.74 ms
timing: #1029 done at t 68.801 s, 23.8 ms after the sync and hints
submit #1030 cc 3 dwords at 0x313b17cf4: pass 0 rewrite 1 drop 0 unmapped 0 cc 1 mappings 279 ... OK rc 0 22.67 ms
timing: #1030 done at t 68.836 s, 23.7 ms after the sync and hints
submit #1031 hib 150 dwords at 0xfe0000000: pass 12 rewrite 2 drop 2 unmapped 0 cc 2 mappings 279 ... OK rc 0 22.70 ms
timing: #1031 done at t 68.871 s, 24.1 ms after the sync and hints
submit #1032 hib 2 dwords at 0xfe003a200: pass 1 rewrite 0 drop 0 unmapped 0 cc 0 mappings 279 ... OK rc 0 22.79 ms
timing: #1032 done at t 68.906 s, 23.8 ms after the sync and hints
submit #1033 dcb 96 dwords at 0xfe0042920: pass 20 rewrite 2 drop 2 unmapped 0 cc 0 mappings 279 ... OK rc 0 22.72 ms
timing: #1033 done at t 68.942 s, 24.0 ms after the sync and hints
submit #1034 dcb 2647 dwords at 0x503502500: pass 236 rewrite 123 drop 120 unmapped 0 cc 4 mappings 279 ... OK rc 0 23.16 ms
timing: #1034 done at t 68.980 s, 26.6 ms after the sync and hints
state stack #1034: push 2 pop 2 conditional 1 unmatched 0; restored 1842 regs (+1874 dwords); tables 13, unreadable 0
submit #1035 dcb 851 dwords at 0x505602500: pass 47 rewrite 55 drop 45 unmapped 0 cc 0 mappings 279 ... OK rc 0 22.70 ms
timing: #1035 done at t 69.016 s, 24.2 ms after the sync and hints
submit #1036 acb 2 dwords at 0xfe003a200: pass 1 rewrite 0 drop 0 unmapped 0 cc 0 mappings 279 ... OK rc 0 22.69 ms
timing: #1036 done at t 69.051 s, 23.7 ms after the sync and hints
submit #1037 acb 463 dwords at 0x4003e6740: pass 43 rewrite 11 drop 27 unmapped 0 cc 0 mappings 279 ... OK rc 0 23.04 ms
timing: #1037 done at t 69.086 s, 24.1 ms after the sync and hints
submit #1038 dcb 798 dwords at 0x506202500: pass 103 rewrite 35 drop 22 unmapped 0 cc 6 mappings 279 ... acb head: 3413 of 3462 dwords go ahead of the wait at 3413 on 0x400202380
OK rc 0 23.49 ms
timing: #1038 done at t 69.125 s, 27.1 ms after the sync and hints
state stack #1038: push 3 pop 3 conditional 1 unmatched 0; restored 2763 regs (+2811 dwords); tables 17, unreadable 0
  indirect op 16 at 1640: args 0x74063c0 not mapped, DROPPED
  indirect op 16 at 1738: args 0x74063e0 not mapped, DROPPED
  indirect op 16 at 1833: args 0x74063e0 not mapped, DROPPED
submit #1039 acb 3413 dwords at 0x400205540: pass 331 rewrite 70 drop 165 unmapped 0 cc 0 mappings 279 ... OK rc 0 24.16 ms
timing: #1039 done at t 69.161 s, 25.4 ms after the sync and hints
submit #1040 dcb 1248 dwords at 0x504a02500: pass 151 rewrite 46 drop 45 unmapped 0 cc 6 mappings 279 ... OK rc 0 22.90 ms
timing: #1040 done at t 69.199 s, 25.7 ms after the sync and hints
state stack #1040: push 3 pop 3 conditional 1 unmatched 0; restored 2763 regs (+2811 dwords); tables 11, unreadable 0
flip 66 dumped: /home/kjaniszewski/bc5-data/captures/kytyplus-20261001-0915/gc/flip-066.raw
flip 1/1 buffer 0x5093f0000 +0x1fe0000: sum 0x17f1312c4a3a nonzero 8100/8160 pattern 0
  target CB0 0x507410000: distinct 53 min 0xc0000000 max 0xc340d034,   target CB0 0x507410000: nonzero 1024/1024
  target CB0 0x563800000: distinct 1 min 0x00000000 max 0x00000000,   target CB0 0x563800000: nonzero 0/1024
  target CB0 0x55c00d000: distinct 4 min 0x00000000 max 0xffffffff,   target CB0 0x55c00d000: nonzero 339/1024
  target CB0 0x5637f0000: distinct 1 min 0x00000000 max 0x00000000,   target CB0 0x5637f0000: nonzero 0/1024
  target CB0 0x526bf0000: distinct 1 min 0x38003800 max 0x38003800,   target CB0 0x526bf0000: nonzero 1024/1024
  target CB0 0x5719a8000: distinct 18 min 0x00000000 max 0xffffffff,   target CB0 0x5719a8000: nonzero 246/1024
  target DB_HTILE 0x5203a0000: distinct 2 min 0x00000000 max 0xfffffff0,   target DB_HTILE 0x5203a0000: nonzero 160/1024
  target DB_Z_READ 0x51db50000: distinct 1 min 0x3f800000 max 0x3f800000,   target DB_Z_READ 0x51db50000: nonzero 1024/1024
  target DB_STENCIL_READ 0x51fb30000: distinct 1 min 0x80800000 max 0x80800000,   target DB_STENCIL_READ 0x51fb30000: nonzero 1024/1024
  target CB0 0x513bf0000: distinct 1 min 0x00000000 max 0x00000000,   target CB0 0x513bf0000: nonzero 0/1024
  target CB0 0x571867000: distinct 20 min 0x00000000 max 0xffffffff,   target CB0 0x571867000: nonzero 359/1024
  target CB0 0x57187b000: distinct 20 min 0x00000000 max 0xffffffff,   target CB0 0x57187b000: nonzero 339/1024
  target CB0 0x519b90000: distinct 1 min 0x0048019a max 0x0048019a,   target CB0 0x519b90000: nonzero 1024/1024
  target CB0 0x5718eb000: distinct 19 min 0x00000000 max 0xffffffff,   target CB0 0x5718eb000: nonzero 267/1024
  target DB_HTILE 0x55c0e0000: distinct 2 min 0x00000000 max 0xffffffff,   target DB_HTILE 0x55c0e0000: nonzero 192/1024
  target DB_Z_READ 0x527430000: distinct 1 min 0xffffffff max 0xffffffff,   target DB_Z_READ 0x527430000: nonzero 1024/1024
timing: t 69.206 s flip 1/1, VideoOutSubmitFlip took 0.0 ms
  indirect op 16 at 1246: base 0x5074063c0 +0x0 -> 1 1 1 0 0
  indirect op 16 at 1278: base 0x5074063e0 +0x0 -> 1 1 1 0 0
  indirect op 16 at 1310: base 0x50740a520 +0x0 -> 1 1 1 0 0
  indirect op 16 at 1342: base 0x50740a540 +0x0 -> 1 1 1 0 0
  indirect op 25 at 4825: base 0x56ddaffa0 +0x0 -> 1 0 0 0 0
submit #1041 dcb 10440 dwords at 0x502002500: pass 691 rewrite 518 drop 462 unmapped 1 cc 12 mappings 279 ... OK rc 0 29.00 ms
timing: #1041 done at t 69.258 s, 38.1 ms after the sync and hints
state stack #1041: push 6 pop 6 conditional 1 unmatched 0; restored 5526 regs (+5622 dwords); tables 38, unreadable 0
submit #1042 acb 2 dwords at 0xfe003a200: pass 1 rewrite 0 drop 0 unmapped 0 cc 0 mappings 279 ... OK rc 0 22.78 ms
timing: #1042 done at t 69.293 s, 23.8 ms after the sync and hints
submit #1043 acb 49 dwords at 0x400208a94: pass 2 rewrite 3 drop 3 unmapped 0 cc 0 mappings 279 ... OK rc 0 22.94 ms
timing: #1043 done at t 69.328 s, 24.0 ms after the sync and hints
submit #1044 cc 3 dwords at 0x313b17cf4: pass 0 rewrite 1 drop 0 unmapped 0 cc 1 mappings 279 ... OK rc 0 22.75 ms
timing: #1044 done at t 69.363 s, 23.8 ms after the sync and hints
submit #1045 hib 150 dwords at 0xfe0000000: pass 12 rewrite 2 drop 2 unmapped 0 cc 2 mappings 279 ... OK rc 0 22.65 ms
timing: #1045 done at t 69.398 s, 24.0 ms after the sync and hints
submit #1046 hib 2 dwords at 0xfe003a200: pass 1 rewrite 0 drop 0 unmapped 0 cc 0 mappings 279 ... OK rc 0 22.61 ms
timing: #1046 done at t 69.433 s, 23.6 ms after the sync and hints
submit #1047 dcb 96 dwords at 0xfe0042920: pass 20 rewrite 2 drop 2 unmapped 0 cc 0 mappings 279 ... OK rc 0 22.79 ms
timing: #1047 done at t 69.469 s, 24.2 ms after the sync and hints
submit #1048 dcb 2647 dwords at 0x503c02500: pass 236 rewrite 123 drop 120 unmapped 0 cc 4 mappings 279 ... OK rc 0 23.43 ms
timing: #1048 done at t 69.507 s, 26.8 ms after the sync and hints
state stack #1048: push 2 pop 2 conditional 1 unmatched 0; restored 1842 regs (+1874 dwords); tables 13, unreadable 0
submit #1049 dcb 851 dwords at 0x505a02500: pass 47 rewrite 55 drop 45 unmapped 0 cc 0 mappings 279 ... OK rc 0 22.79 ms
timing: #1049 done at t 69.544 s, 24.3 ms after the sync and hints
submit #1050 acb 2 dwords at 0xfe003a200: pass 1 rewrite 0 drop 0 unmapped 0 cc 0 mappings 279 ... OK rc 0 22.73 ms
timing: #1050 done at t 69.578 s, 23.8 ms after the sync and hints
submit #1051 acb 463 dwords at 0x4004867c0: pass 43 rewrite 11 drop 27 unmapped 0 cc 0 mappings 279 ... OK rc 0 23.04 ms
timing: #1051 done at t 69.614 s, 24.1 ms after the sync and hints
submit #1052 dcb 798 dwords at 0x506802500: pass 103 rewrite 35 drop 22 unmapped 0 cc 6 mappings 279 ... acb head: 3413 of 3462 dwords go ahead of the wait at 3413 on 0x400202f80
OK rc 0 23.53 ms
timing: #1052 done at t 69.652 s, 27.1 ms after the sync and hints
state stack #1052: push 3 pop 3 conditional 1 unmatched 0; restored 2763 regs (+2811 dwords); tables 17, unreadable 0
  indirect op 16 at 1640: args 0x74063c0 not mapped, DROPPED
  indirect op 16 at 1738: args 0x74063e0 not mapped, DROPPED
  indirect op 16 at 1833: args 0x74063e0 not mapped, DROPPED
submit #1053 acb 3413 dwords at 0x4002a55c0: pass 331 rewrite 70 drop 165 unmapped 0 cc 0 mappings 279 ... OK rc 0 24.05 ms
timing: #1053 done at t 69.689 s, 25.3 ms after the sync and hints
submit #1054 dcb 1248 dwords at 0x504e02500: pass 151 rewrite 46 drop 45 unmapped 0 cc 6 mappings 279 ... OK rc 0 23.12 ms
timing: #1054 done at t 69.728 s, 25.9 ms after the sync and hints
state stack #1054: push 3 pop 3 conditional 1 unmatched 0; restored 2763 regs (+2811 dwords); tables 11, unreadable 0
flip 67 dumped: /home/kjaniszewski/bc5-data/captures/kytyplus-20261001-0915/gc/flip-067.raw
flip 1/0 buffer 0x507410000 +0x1fe0000: sum 0x17f20ef3bc13 nonzero 8100/8160 pattern 0
  target CB0 0x5093f0000: distinct 53 min 0xc0000000 max 0xc340d034,   target CB0 0x5093f0000: nonzero 1024/1024
  target CB0 0x563800000: distinct 1 min 0x00000000 max 0x00000000,   target CB0 0x563800000: nonzero 0/1024
  target CB0 0x55c00d000: distinct 4 min 0x00000000 max 0xffffffff,   target CB0 0x55c00d000: nonzero 339/1024
  target CB0 0x5637f0000: distinct 1 min 0x00000000 max 0x00000000,   target CB0 0x5637f0000: nonzero 0/1024
  target CB0 0x526bf0000: distinct 1 min 0x38003800 max 0x38003800,   target CB0 0x526bf0000: nonzero 1024/1024
  target CB0 0x5719a8000: distinct 18 min 0x00000000 max 0xffffffff,   target CB0 0x5719a8000: nonzero 246/1024
  target DB_HTILE 0x5203a0000: distinct 2 min 0x00000000 max 0xfffffff0,   target DB_HTILE 0x5203a0000: nonzero 160/1024
  target DB_Z_READ 0x51db50000: distinct 1 min 0x3f800000 max 0x3f800000,   target DB_Z_READ 0x51db50000: nonzero 1024/1024
  target DB_STENCIL_READ 0x51fb30000: distinct 1 min 0x80800000 max 0x80800000,   target DB_STENCIL_READ 0x51fb30000: nonzero 1024/1024
  target CB0 0x513bf0000: distinct 1 min 0x00000000 max 0x00000000,   target CB0 0x513bf0000: nonzero 0/1024
  target CB0 0x571867000: distinct 20 min 0x00000000 max 0xffffffff,   target CB0 0x571867000: nonzero 359/1024
  target CB0 0x57187b000: distinct 20 min 0x00000000 max 0xffffffff,   target CB0 0x57187b000: nonzero 339/1024
  target CB0 0x519b90000: distinct 1 min 0x84c78089 max 0x84c78089,   target CB0 0x519b90000: nonzero 1024/1024
  target CB0 0x5718eb000: distinct 19 min 0x00000000 max 0xffffffff,   target CB0 0x5718eb000: nonzero 267/1024
  target DB_HTILE 0x55c0e0000: distinct 2 min 0x00000000 max 0xffffffff,   target DB_HTILE 0x55c0e0000: nonzero 192/1024
  target DB_Z_READ 0x527430000: distinct 1 min 0xffffffff max 0xffffffff,   target DB_Z_READ 0x527430000: nonzero 1024/1024
timing: t 69.735 s flip 1/0, VideoOutSubmitFlip took 0.0 ms
  indirect op 16 at 1246: base 0x5074063c0 +0x0 -> 1 1 1 0 0
  indirect op 16 at 1278: base 0x5074063e0 +0x0 -> 1 1 1 0 0
  indirect op 16 at 1310: base 0x50740a520 +0x0 -> 1 1 1 0 0
  indirect op 16 at 1342: base 0x50740a540 +0x0 -> 1 1 1 0 0
  indirect op 25 at 4825: base 0x56ddaffa0 +0x0 -> 1 0 0 0 0
submit #1055 dcb 10440 dwords at 0x502702500: pass 691 rewrite 518 drop 462 unmapped 1 cc 12 mappings 279 ... OK rc 0 28.87 ms
timing: #1055 done at t 69.784 s, 37.7 ms after the sync and hints
state stack #1055: push 6 pop 6 conditional 1 unmatched 0; restored 5526 regs (+5622 dwords); tables 38, unreadable 0
submit #1056 acb 2 dwords at 0xfe003a200: pass 1 rewrite 0 drop 0 unmapped 0 cc 0 mappings 279 ... OK rc 0 22.83 ms
timing: #1056 done at t 69.820 s, 23.9 ms after the sync and hints
swapped pages taken as resident so far: 0
vmas 115 total 13079.0 MiB resident 5029.6 MiB mapped 5029.6 MiB
submit #1057 acb 49 dwords at 0x4002a8b14: pass 2 rewrite 3 drop 3 unmapped 0 cc 0 mappings 280 ... OK rc 0 23.02 ms
timing: #1057 done at t 69.856 s, 24.2 ms after the sync and hints
submit #1058 cc 3 dwords at 0x313b17cf4: pass 0 rewrite 1 drop 0 unmapped 0 cc 1 mappings 280 ... OK rc 0 22.92 ms
timing: #1058 done at t 69.891 s, 23.9 ms after the sync and hints
submit #1059 hib 150 dwords at 0xfe0000000: pass 12 rewrite 2 drop 2 unmapped 0 cc 2 mappings 280 ... OK rc 0 22.95 ms
timing: #1059 done at t 69.927 s, 24.4 ms after the sync and hints
submit #1060 hib 2 dwords at 0xfe003a200: pass 1 rewrite 0 drop 0 unmapped 0 cc 0 mappings 280 ... OK rc 0 23.08 ms
timing: #1060 done at t 69.963 s, 24.1 ms after the sync and hints
submit #1061 dcb 96 dwords at 0xfe0042920: pass 20 rewrite 2 drop 2 unmapped 0 cc 0 mappings 280 ... OK rc 0 22.95 ms
timing: #1061 done at t 69.998 s, 24.3 ms after the sync and hints
submit #1062 dcb 2647 dwords at 0x504302500: pass 236 rewrite 123 drop 120 unmapped 0 cc 4 mappings 280 ... OK rc 0 23.28 ms
timing: #1062 done at t 70.037 s, 26.7 ms after the sync and hints
state stack #1062: push 2 pop 2 conditional 1 unmatched 0; restored 1842 regs (+1874 dwords); tables 13, unreadable 0
submit #1063 dcb 851 dwords at 0x505e02500: pass 47 rewrite 55 drop 45 unmapped 0 cc 0 mappings 280 ... OK rc 0 22.74 ms
timing: #1063 done at t 70.072 s, 24.2 ms after the sync and hints
submit #1064 acb 2 dwords at 0xfe003a200: pass 1 rewrite 0 drop 0 unmapped 0 cc 0 mappings 280 ... OK rc 0 22.69 ms
timing: #1064 done at t 70.107 s, 23.8 ms after the sync and hints
submit #1065 acb 463 dwords at 0x400526840: pass 43 rewrite 11 drop 27 unmapped 0 cc 0 mappings 280 ... OK rc 0 23.09 ms
timing: #1065 done at t 70.143 s, 24.1 ms after the sync and hints
submit #1066 dcb 798 dwords at 0x506e02500: pass 103 rewrite 35 drop 22 unmapped 0 cc 6 mappings 280 ... acb head: 3413 of 3462 dwords go ahead of the wait at 3413 on 0x400203b80
OK rc 0 23.50 ms
timing: #1066 done at t 70.181 s, 27.1 ms after the sync and hints
state stack #1066: push 3 pop 3 conditional 1 unmatched 0; restored 2763 regs (+2811 dwords); tables 17, unreadable 0
  indirect op 16 at 1640: args 0x74063c0 not mapped, DROPPED
  indirect op 16 at 1738: args 0x74063e0 not mapped, DROPPED
  indirect op 16 at 1833: args 0x74063e0 not mapped, DROPPED
submit #1067 acb 3413 dwords at 0x400345640: pass 331 rewrite 70 drop 165 unmapped 0 cc 0 mappings 280 ... OK rc 0 24.24 ms
timing: #1067 done at t 70.218 s, 25.5 ms after the sync and hints
submit #1068 dcb 1248 dwords at 0x505202500: pass 151 rewrite 46 drop 45 unmapped 0 cc 6 mappings 280 ... OK rc 0 23.03 ms
timing: #1068 done at t 70.255 s, 25.8 ms after the sync and hints
state stack #1068: push 3 pop 3 conditional 1 unmatched 0; restored 2763 regs (+2811 dwords); tables 11, unreadable 0
flip 68 dumped: /home/kjaniszewski/bc5-data/captures/kytyplus-20261001-0915/gc/flip-068.raw
flip 1/1 buffer 0x5093f0000 +0x1fe0000: sum 0x17f2d6559486 nonzero 8100/8160 pattern 0
  target CB0 0x507410000: distinct 53 min 0xc0000000 max 0xc340d034,   target CB0 0x507410000: nonzero 1024/1024
  target CB0 0x563800000: distinct 1 min 0x00000000 max 0x00000000,   target CB0 0x563800000: nonzero 0/1024
  target CB0 0x55c00d000: distinct 4 min 0x00000000 max 0xffffffff,   target CB0 0x55c00d000: nonzero 339/1024
  target CB0 0x5637f0000: distinct 1 min 0x00000000 max 0x00000000,   target CB0 0x5637f0000: nonzero 0/1024
  target CB0 0x526bf0000: distinct 1 min 0x38003800 max 0x38003800,   target CB0 0x526bf0000: nonzero 1024/1024
  target CB0 0x5719a8000: distinct 18 min 0x00000000 max 0xffffffff,   target CB0 0x5719a8000: nonzero 246/1024
  target DB_HTILE 0x5203a0000: distinct 2 min 0x00000000 max 0xfffffff0,   target DB_HTILE 0x5203a0000: nonzero 160/1024
  target DB_Z_READ 0x51db50000: distinct 1 min 0x3f800000 max 0x3f800000,   target DB_Z_READ 0x51db50000: nonzero 1024/1024
  target DB_STENCIL_READ 0x51fb30000: distinct 1 min 0x80800000 max 0x80800000,   target DB_STENCIL_READ 0x51fb30000: nonzero 1024/1024
  target CB0 0x513bf0000: distinct 1 min 0x00000000 max 0x00000000,   target CB0 0x513bf0000: nonzero 0/1024
  target CB0 0x571867000: distinct 20 min 0x00000000 max 0xffffffff,   target CB0 0x571867000: nonzero 359/1024
  target CB0 0x57187b000: distinct 20 min 0x00000000 max 0xffffffff,   target CB0 0x57187b000: nonzero 339/1024
  target CB0 0x519b90000: distinct 1 min 0x03a703bc max 0x03a703bc,   target CB0 0x519b90000: nonzero 1024/1024
  target CB0 0x5718eb000: distinct 19 min 0x00000000 max 0xffffffff,   target CB0 0x5718eb000: nonzero 267/1024
  target DB_HTILE 0x55c0e0000: distinct 2 min 0x00000000 max 0xffffffff,   target DB_HTILE 0x55c0e0000: nonzero 192/1024
  target DB_Z_READ 0x527430000: distinct 1 min 0xffffffff max 0xffffffff,   target DB_Z_READ 0x527430000: nonzero 1024/1024
timing: t 70.263 s flip 1/1, VideoOutSubmitFlip took 0.0 ms
  indirect op 16 at 1246: base 0x5074063c0 +0x0 -> 1 1 1 0 0
  indirect op 16 at 1278: base 0x5074063e0 +0x0 -> 1 1 1 0 0
  indirect op 16 at 1310: base 0x50740a520 +0x0 -> 1 1 1 0 0
  indirect op 16 at 1342: base 0x50740a540 +0x0 -> 1 1 1 0 0
  indirect op 25 at 4825: base 0x56ddaffa0 +0x0 -> 1 0 0 0 0
submit #1069 dcb 10440 dwords at 0x502e02500: pass 691 rewrite 518 drop 462 unmapped 1 cc 12 mappings 280 ... OK rc 0 28.98 ms
timing: #1069 done at t 70.313 s, 37.9 ms after the sync and hints
state stack #1069: push 6 pop 6 conditional 1 unmatched 0; restored 5526 regs (+5622 dwords); tables 38, unreadable 0
submit #1070 acb 2 dwords at 0xfe003a200: pass 1 rewrite 0 drop 0 unmapped 0 cc 0 mappings 280 ... OK rc 0 22.81 ms
timing: #1070 done at t 70.349 s, 23.8 ms after the sync and hints
submit #1071 acb 49 dwords at 0x400348b94: pass 2 rewrite 3 drop 3 unmapped 0 cc 0 mappings 280 ... OK rc 0 22.86 ms
timing: #1071 done at t 70.384 s, 23.9 ms after the sync and hints
submit #1072 cc 3 dwords at 0x313b17cf4: pass 0 rewrite 1 drop 0 unmapped 0 cc 1 mappings 280 ... OK rc 0 22.81 ms
timing: #1072 done at t 70.420 s, 23.9 ms after the sync and hints
submit #1073 hib 150 dwords at 0xfe0000000: pass 12 rewrite 2 drop 2 unmapped 0 cc 2 mappings 280 ... OK rc 0 22.79 ms
timing: #1073 done at t 70.455 s, 24.2 ms after the sync and hints
submit #1074 hib 2 dwords at 0xfe003a200: pass 1 rewrite 0 drop 0 unmapped 0 cc 0 mappings 280 ... OK rc 0 22.90 ms
timing: #1074 done at t 70.491 s, 23.9 ms after the sync and hints
submit #1075 dcb 96 dwords at 0xfe0042920: pass 20 rewrite 2 drop 2 unmapped 0 cc 0 mappings 280 ... OK rc 0 23.02 ms
timing: #1075 done at t 70.527 s, 24.3 ms after the sync and hints
submit #1076 dcb 2647 dwords at 0x503502500: pass 236 rewrite 123 drop 120 unmapped 0 cc 4 mappings 280 ... OK rc 0 23.44 ms
timing: #1076 done at t 70.565 s, 26.8 ms after the sync and hints
state stack #1076: push 2 pop 2 conditional 1 unmatched 0; restored 1842 regs (+1874 dwords); tables 13, unreadable 0
submit #1077 dcb 851 dwords at 0x505602500: pass 47 rewrite 55 drop 45 unmapped 0 cc 0 mappings 280 ... OK rc 0 22.91 ms
timing: #1077 done at t 70.602 s, 24.5 ms after the sync and hints
submit #1078 acb 2 dwords at 0xfe003a200: pass 1 rewrite 0 drop 0 unmapped 0 cc 0 mappings 280 ... OK rc 0 22.89 ms
timing: #1078 done at t 70.637 s, 23.9 ms after the sync and hints
submit #1079 acb 463 dwords at 0x4003e6740: pass 43 rewrite 11 drop 27 unmapped 0 cc 0 mappings 280 ... OK rc 0 23.27 ms
timing: #1079 done at t 70.672 s, 24.3 ms after the sync and hints
submit #1080 dcb 798 dwords at 0x506202500: pass 103 rewrite 35 drop 22 unmapped 0 cc 6 mappings 280 ... acb head: 3413 of 3462 dwords go ahead of the wait at 3413 on 0x400202380
OK rc 0 23.64 ms
timing: #1080 done at t 70.711 s, 27.2 ms after the sync and hints
state stack #1080: push 3 pop 3 conditional 1 unmatched 0; restored 2763 regs (+2811 dwords); tables 17, unreadable 0
  indirect op 16 at 1640: args 0x74063c0 not mapped, DROPPED
  indirect op 16 at 1738: args 0x74063e0 not mapped, DROPPED
  indirect op 16 at 1833: args 0x74063e0 not mapped, DROPPED
submit #1081 acb 3413 dwords at 0x400205540: pass 331 rewrite 70 drop 165 unmapped 0 cc 0 mappings 280 ... OK rc 0 24.03 ms
timing: #1081 done at t 70.747 s, 25.2 ms after the sync and hints
submit #1082 dcb 1248 dwords at 0x504a02500: pass 151 rewrite 46 drop 45 unmapped 0 cc 6 mappings 280 ... OK rc 0 22.92 ms
timing: #1082 done at t 70.785 s, 25.7 ms after the sync and hints
state stack #1082: push 3 pop 3 conditional 1 unmatched 0; restored 2763 regs (+2811 dwords); tables 11, unreadable 0
flip 69 dumped: /home/kjaniszewski/bc5-data/captures/kytyplus-20261001-0915/gc/flip-069.raw
flip 1/0 buffer 0x507410000 +0x1fe0000: sum 0x17f38e83a006 nonzero 8100/8160 pattern 0
  target CB0 0x5093f0000: distinct 53 min 0xc0000000 max 0xc340d034,   target CB0 0x5093f0000: nonzero 1024/1024
  target CB0 0x563800000: distinct 1 min 0x00000000 max 0x00000000,   target CB0 0x563800000: nonzero 0/1024
  target CB0 0x55c00d000: distinct 4 min 0x00000000 max 0xffffffff,   target CB0 0x55c00d000: nonzero 339/1024
  target CB0 0x5637f0000: distinct 1 min 0x00000000 max 0x00000000,   target CB0 0x5637f0000: nonzero 0/1024
  target CB0 0x526bf0000: distinct 1 min 0x38003800 max 0x38003800,   target CB0 0x526bf0000: nonzero 1024/1024
  target CB0 0x5719a8000: distinct 18 min 0x00000000 max 0xffffffff,   target CB0 0x5719a8000: nonzero 246/1024
  target DB_HTILE 0x5203a0000: distinct 2 min 0x00000000 max 0xfffffff0,   target DB_HTILE 0x5203a0000: nonzero 160/1024
  target DB_Z_READ 0x51db50000: distinct 1 min 0x3f800000 max 0x3f800000,   target DB_Z_READ 0x51db50000: nonzero 1024/1024
  target DB_STENCIL_READ 0x51fb30000: distinct 1 min 0x80800000 max 0x80800000,   target DB_STENCIL_READ 0x51fb30000: nonzero 1024/1024
  target CB0 0x513bf0000: distinct 1 min 0x00000000 max 0x00000000,   target CB0 0x513bf0000: nonzero 0/1024
  target CB0 0x571867000: distinct 20 min 0x00000000 max 0xffffffff,   target CB0 0x571867000: nonzero 359/1024
  target CB0 0x57187b000: distinct 20 min 0x00000000 max 0xffffffff,   target CB0 0x57187b000: nonzero 339/1024
  target CB0 0x519b90000: distinct 1 min 0x07968444 max 0x07968444,   target CB0 0x519b90000: nonzero 1024/1024
  target CB0 0x5718eb000: distinct 19 min 0x00000000 max 0xffffffff,   target CB0 0x5718eb000: nonzero 267/1024
  target DB_HTILE 0x55c0e0000: distinct 2 min 0x00000000 max 0xffffffff,   target DB_HTILE 0x55c0e0000: nonzero 192/1024
  target DB_Z_READ 0x527430000: distinct 1 min 0xffffffff max 0xffffffff,   target DB_Z_READ 0x527430000: nonzero 1024/1024
timing: t 70.791 s flip 1/0, VideoOutSubmitFlip took 0.0 ms
  indirect op 16 at 1246: base 0x5074063c0 +0x0 -> 1 1 1 0 0
  indirect op 16 at 1278: base 0x5074063e0 +0x0 -> 1 1 1 0 0
  indirect op 16 at 1310: base 0x50740a520 +0x0 -> 1 1 1 0 0
  indirect op 16 at 1342: base 0x50740a540 +0x0 -> 1 1 1 0 0
  indirect op 25 at 4825: base 0x56ddaffa0 +0x0 -> 1 0 0 0 0
submit #1083 dcb 10440 dwords at 0x502002500: pass 691 rewrite 518 drop 462 unmapped 1 cc 12 mappings 280 ... OK rc 0 28.99 ms
timing: #1083 done at t 70.842 s, 38.0 ms after the sync and hints
state stack #1083: push 6 pop 6 conditional 1 unmatched 0; restored 5526 regs (+5622 dwords); tables 38, unreadable 0
submit #1084 acb 2 dwords at 0xfe003a200: pass 1 rewrite 0 drop 0 unmapped 0 cc 0 mappings 280 ... OK rc 0 22.64 ms
timing: #1084 done at t 70.877 s, 23.7 ms after the sync and hints
submit #1085 acb 49 dwords at 0x400208a94: pass 2 rewrite 3 drop 3 unmapped 0 cc 0 mappings 280 ... OK rc 0 22.67 ms
timing: #1085 done at t 70.912 s, 23.7 ms after the sync and hints
submit #1086 cc 3 dwords at 0x313b17cf4: pass 0 rewrite 1 drop 0 unmapped 0 cc 1 mappings 280 ... OK rc 0 22.81 ms
timing: #1086 done at t 70.948 s, 23.9 ms after the sync and hints
submit #1087 hib 150 dwords at 0xfe0000000: pass 12 rewrite 2 drop 2 unmapped 0 cc 2 mappings 280 ... OK rc 0 22.89 ms
timing: #1087 done at t 70.984 s, 24.3 ms after the sync and hints
submit #1088 hib 2 dwords at 0xfe003a200: pass 1 rewrite 0 drop 0 unmapped 0 cc 0 mappings 280 ... OK rc 0 22.82 ms
timing: #1088 done at t 71.019 s, 23.8 ms after the sync and hints
submit #1089 dcb 96 dwords at 0xfe0042920: pass 20 rewrite 2 drop 2 unmapped 0 cc 0 mappings 280 ... OK rc 0 22.68 ms
timing: #1089 done at t 71.054 s, 24.0 ms after the sync and hints
submit #1090 dcb 2647 dwords at 0x503c02500: pass 236 rewrite 123 drop 120 unmapped 0 cc 4 mappings 280 ... OK rc 0 23.16 ms
timing: #1090 done at t 71.092 s, 26.5 ms after the sync and hints
state stack #1090: push 2 pop 2 conditional 1 unmatched 0; restored 1842 regs (+1874 dwords); tables 13, unreadable 0
submit #1091 acb 2 dwords at 0xfe003a200: pass 1 rewrite 0 drop 0 unmapped 0 cc 0 mappings 280 ... OK rc 0 22.91 ms
timing: #1091 done at t 71.128 s, 24.1 ms after the sync and hints
submit #1092 dcb 851 dwords at 0x505a02500: pass 47 rewrite 55 drop 45 unmapped 0 cc 0 mappings 280 ... OK rc 0 22.76 ms
timing: #1092 done at t 71.163 s, 24.3 ms after the sync and hints
submit #1093 acb 463 dwords at 0x4004867c0: pass 43 rewrite 11 drop 27 unmapped 0 cc 0 mappings 280 ... OK rc 0 23.25 ms
timing: #1093 done at t 71.199 s, 24.3 ms after the sync and hints
submit #1094 dcb 798 dwords at 0x506802500: pass 103 rewrite 35 drop 22 unmapped 0 cc 6 mappings 280 ... acb head: 3413 of 3462 dwords go ahead of the wait at 3413 on 0x400202f80
OK rc 0 23.48 ms
timing: #1094 done at t 71.237 s, 27.1 ms after the sync and hints
state stack #1094: push 3 pop 3 conditional 1 unmatched 0; restored 2763 regs (+2811 dwords); tables 17, unreadable 0
  indirect op 16 at 1640: args 0x74063c0 not mapped, DROPPED
  indirect op 16 at 1738: args 0x74063e0 not mapped, DROPPED
  indirect op 16 at 1833: args 0x74063e0 not mapped, DROPPED
submit #1095 acb 3413 dwords at 0x4002a55c0: pass 331 rewrite 70 drop 165 unmapped 0 cc 0 mappings 280 ... OK rc 0 24.27 ms
timing: #1095 done at t 71.274 s, 25.5 ms after the sync and hints
submit #1096 dcb 1248 dwords at 0x504e02500: pass 151 rewrite 46 drop 45 unmapped 0 cc 6 mappings 280 ... OK rc 0 22.97 ms
timing: #1096 done at t 71.312 s, 25.7 ms after the sync and hints
state stack #1096: push 3 pop 3 conditional 1 unmatched 0; restored 2763 regs (+2811 dwords); tables 11, unreadable 0
flip 70 dumped: /home/kjaniszewski/bc5-data/captures/kytyplus-20261001-0915/gc/flip-070.raw
flip 1/1 buffer 0x5093f0000 +0x1fe0000: sum 0x17f4398e62b4 nonzero 8100/8160 pattern 0
  target CB0 0x507410000: distinct 53 min 0xc0000000 max 0xc340d034,   target CB0 0x507410000: nonzero 1024/1024
  target CB0 0x563800000: distinct 1 min 0x00000000 max 0x00000000,   target CB0 0x563800000: nonzero 0/1024
  target CB0 0x55c00d000: distinct 4 min 0x00000000 max 0xffffffff,   target CB0 0x55c00d000: nonzero 339/1024
  target CB0 0x5637f0000: distinct 1 min 0x00000000 max 0x00000000,   target CB0 0x5637f0000: nonzero 0/1024
  target CB0 0x526bf0000: distinct 1 min 0x38003800 max 0x38003800,   target CB0 0x526bf0000: nonzero 1024/1024
  target CB0 0x5719a8000: distinct 18 min 0x00000000 max 0xffffffff,   target CB0 0x5719a8000: nonzero 246/1024
  target DB_HTILE 0x5203a0000: distinct 2 min 0x00000000 max 0xfffffff0,   target DB_HTILE 0x5203a0000: nonzero 160/1024
  target DB_Z_READ 0x51db50000: distinct 1 min 0x3f800000 max 0x3f800000,   target DB_Z_READ 0x51db50000: nonzero 1024/1024
  target DB_STENCIL_READ 0x51fb30000: distinct 1 min 0x80800000 max 0x80800000,   target DB_STENCIL_READ 0x51fb30000: nonzero 1024/1024
  target CB0 0x513bf0000: distinct 1 min 0x00000000 max 0x00000000,   target CB0 0x513bf0000: nonzero 0/1024
  target CB0 0x571867000: distinct 20 min 0x00000000 max 0xffffffff,   target CB0 0x571867000: nonzero 359/1024
  target CB0 0x57187b000: distinct 20 min 0x00000000 max 0xffffffff,   target CB0 0x57187b000: nonzero 339/1024
  target CB0 0x519b90000: distinct 1 min 0x02870000 max 0x02870000,   target CB0 0x519b90000: nonzero 1024/1024
  target CB0 0x5718eb000: distinct 19 min 0x00000000 max 0xffffffff,   target CB0 0x5718eb000: nonzero 267/1024
  target DB_HTILE 0x55c0e0000: distinct 2 min 0x00000000 max 0xffffffff,   target DB_HTILE 0x55c0e0000: nonzero 192/1024
  target DB_Z_READ 0x527430000: distinct 1 min 0xffffffff max 0xffffffff,   target DB_Z_READ 0x527430000: nonzero 1024/1024
timing: t 71.319 s flip 1/1, VideoOutSubmitFlip took 0.0 ms
  indirect op 16 at 1246: base 0x5074063c0 +0x0 -> 1 1 1 0 0
  indirect op 16 at 1278: base 0x5074063e0 +0x0 -> 1 1 1 0 0
  indirect op 16 at 1310: base 0x50740a520 +0x0 -> 1 1 1 0 0
  indirect op 16 at 1342: base 0x50740a540 +0x0 -> 1 1 1 0 0
  indirect op 25 at 4825: base 0x56ddaffa0 +0x0 -> 1 0 0 0 0
submit #1097 dcb 10440 dwords at 0x502702500: pass 691 rewrite 518 drop 462 unmapped 1 cc 12 mappings 280 ... OK rc 0 28.78 ms
timing: #1097 done at t 71.369 s, 37.5 ms after the sync and hints
state stack #1097: push 6 pop 6 conditional 1 unmatched 0; restored 5526 regs (+5622 dwords); tables 38, unreadable 0
submit #1098 acb 2 dwords at 0xfe003a200: pass 1 rewrite 0 drop 0 unmapped 0 cc 0 mappings 280 ... OK rc 0 22.91 ms
timing: #1098 done at t 71.404 s, 24.0 ms after the sync and hints
submit #1099 acb 49 dwords at 0x4002a8b14: pass 2 rewrite 3 drop 3 unmapped 0 cc 0 mappings 280 ... OK rc 0 22.83 ms
timing: #1099 done at t 71.440 s, 23.9 ms after the sync and hints
submit #1100 cc 3 dwords at 0x313b17cf4: pass 0 rewrite 1 drop 0 unmapped 0 cc 1 mappings 280 ... OK rc 0 22.67 ms
timing: #1100 done at t 71.475 s, 23.7 ms after the sync and hints
submit #1101 hib 150 dwords at 0xfe0000000: pass 12 rewrite 2 drop 2 unmapped 0 cc 2 mappings 280 ... OK rc 0 22.71 ms
timing: #1101 done at t 71.510 s, 24.1 ms after the sync and hints
submit #1102 hib 2 dwords at 0xfe003a200: pass 1 rewrite 0 drop 0 unmapped 0 cc 0 mappings 280 ... OK rc 0 22.74 ms
timing: #1102 done at t 71.545 s, 23.8 ms after the sync and hints
submit #1103 dcb 96 dwords at 0xfe0042920: pass 20 rewrite 2 drop 2 unmapped 0 cc 0 mappings 280 ... OK rc 0 22.74 ms
timing: #1103 done at t 71.581 s, 24.1 ms after the sync and hints
submit #1104 dcb 2647 dwords at 0x504302500: pass 236 rewrite 123 drop 120 unmapped 0 cc 4 mappings 280 ... OK rc 0 23.25 ms
timing: #1104 done at t 71.619 s, 26.6 ms after the sync and hints
state stack #1104: push 2 pop 2 conditional 1 unmatched 0; restored 1842 regs (+1874 dwords); tables 13, unreadable 0
submit #1105 dcb 851 dwords at 0x505e02500: pass 47 rewrite 55 drop 45 unmapped 0 cc 0 mappings 280 ... OK rc 0 22.77 ms
timing: #1105 done at t 71.654 s, 24.2 ms after the sync and hints
submit #1106 acb 2 dwords at 0xfe003a200: pass 1 rewrite 0 drop 0 unmapped 0 cc 0 mappings 280 ... OK rc 0 22.68 ms
timing: #1106 done at t 71.689 s, 23.7 ms after the sync and hints
submit #1107 acb 463 dwords at 0x400526840: pass 43 rewrite 11 drop 27 unmapped 0 cc 0 mappings 280 ... OK rc 0 23.44 ms
timing: #1107 done at t 71.725 s, 24.6 ms after the sync and hints
submit #1108 dcb 798 dwords at 0x506e02500: pass 103 rewrite 35 drop 22 unmapped 0 cc 6 mappings 280 ... acb head: 3413 of 3462 dwords go ahead of the wait at 3413 on 0x400203b80
OK rc 0 23.46 ms
timing: #1108 done at t 71.764 s, 27.1 ms after the sync and hints
state stack #1108: push 3 pop 3 conditional 1 unmatched 0; restored 2763 regs (+2811 dwords); tables 17, unreadable 0
  indirect op 16 at 1640: args 0x74063c0 not mapped, DROPPED
  indirect op 16 at 1738: args 0x74063e0 not mapped, DROPPED
  indirect op 16 at 1833: args 0x74063e0 not mapped, DROPPED
submit #1109 acb 3413 dwords at 0x400345640: pass 331 rewrite 70 drop 165 unmapped 0 cc 0 mappings 280 ... OK rc 0 24.50 ms
timing: #1109 done at t 71.800 s, 25.7 ms after the sync and hints
submit #1110 dcb 1248 dwords at 0x505202500: pass 151 rewrite 46 drop 45 unmapped 0 cc 6 mappings 280 ... OK rc 0 22.92 ms
timing: #1110 done at t 71.838 s, 25.7 ms after the sync and hints
state stack #1110: push 3 pop 3 conditional 1 unmatched 0; restored 2763 regs (+2811 dwords); tables 11, unreadable 0
flip 71 dumped: /home/kjaniszewski/bc5-data/captures/kytyplus-20261001-0915/gc/flip-071.raw
flip 1/0 buffer 0x507410000 +0x1fe0000: sum 0x17f4d9364cac nonzero 8100/8160 pattern 0
  target CB0 0x5093f0000: distinct 53 min 0xc0000000 max 0xc340d034,   target CB0 0x5093f0000: nonzero 1024/1024
  target CB0 0x563800000: distinct 1 min 0x00000000 max 0x00000000,   target CB0 0x563800000: nonzero 0/1024
  target CB0 0x55c00d000: distinct 4 min 0x00000000 max 0xffffffff,   target CB0 0x55c00d000: nonzero 339/1024
  target CB0 0x5637f0000: distinct 1 min 0x00000000 max 0x00000000,   target CB0 0x5637f0000: nonzero 0/1024
  target CB0 0x526bf0000: distinct 1 min 0x38003800 max 0x38003800,   target CB0 0x526bf0000: nonzero 1024/1024
  target CB0 0x5719a8000: distinct 18 min 0x00000000 max 0xffffffff,   target CB0 0x5719a8000: nonzero 246/1024
  target DB_HTILE 0x5203a0000: distinct 2 min 0x00000000 max 0xfffffff0,   target DB_HTILE 0x5203a0000: nonzero 160/1024
  target DB_Z_READ 0x51db50000: distinct 1 min 0x3f800000 max 0x3f800000,   target DB_Z_READ 0x51db50000: nonzero 1024/1024
  target DB_STENCIL_READ 0x51fb30000: distinct 1 min 0x80800000 max 0x80800000,   target DB_STENCIL_READ 0x51fb30000: nonzero 1024/1024
  target CB0 0x513bf0000: distinct 1 min 0x00000000 max 0x00000000,   target CB0 0x513bf0000: nonzero 0/1024
  target CB0 0x571867000: distinct 20 min 0x00000000 max 0xffffffff,   target CB0 0x571867000: nonzero 359/1024
  target CB0 0x57187b000: distinct 20 min 0x00000000 max 0xffffffff,   target CB0 0x57187b000: nonzero 339/1024
  target CB0 0x519b90000: distinct 1 min 0x82878222 max 0x82878222,   target CB0 0x519b90000: nonzero 1024/1024
  target CB0 0x5718eb000: distinct 19 min 0x00000000 max 0xffffffff,   target CB0 0x5718eb000: nonzero 267/1024
  target DB_HTILE 0x55c0e0000: distinct 2 min 0x00000000 max 0xffffffff,   target DB_HTILE 0x55c0e0000: nonzero 192/1024
  target DB_Z_READ 0x527430000: distinct 1 min 0xffffffff max 0xffffffff,   target DB_Z_READ 0x527430000: nonzero 1024/1024
timing: t 71.845 s flip 1/0, VideoOutSubmitFlip took 0.0 ms
  indirect op 16 at 1246: base 0x5074063c0 +0x0 -> 1 1 1 0 0
  indirect op 16 at 1278: base 0x5074063e0 +0x0 -> 1 1 1 0 0
  indirect op 16 at 1310: base 0x50740a520 +0x0 -> 1 1 1 0 0
  indirect op 16 at 1342: base 0x50740a540 +0x0 -> 1 1 1 0 0
  indirect op 25 at 4825: base 0x56ddaffa0 +0x0 -> 1 0 0 0 0
submit #1111 dcb 10440 dwords at 0x502e02500: pass 691 rewrite 518 drop 462 unmapped 1 cc 12 mappings 280 ... OK rc 0 1242.80 ms
timing: #1111 done at t 73.120 s, 1260.1 ms after the sync and hints
state stack #1111: push 6 pop 6 conditional 1 unmatched 0; restored 5526 regs (+5622 dwords); tables 38, unreadable 0
submit #1112 acb 2 dwords at 0xfe003a200: pass 1 rewrite 0 drop 0 unmapped 0 cc 0 mappings 280 ... OK rc 0 22.76 ms
timing: #1112 done at t 73.160 s, 23.8 ms after the sync and hints
swapped pages taken as resident so far: 0
vmas 115 total 13079.0 MiB resident 5029.6 MiB mapped 5029.7 MiB
submit #1113 acb 49 dwords at 0x400348b94: pass 2 rewrite 3 drop 3 unmapped 0 cc 0 mappings 281 ... OK rc 0 22.68 ms
timing: #1113 done at t 73.195 s, 23.9 ms after the sync and hints
submit #1114 cc 3 dwords at 0x313b17cf4: pass 0 rewrite 1 drop 0 unmapped 0 cc 1 mappings 281 ... OK rc 0 22.77 ms
timing: #1114 done at t 73.230 s, 23.8 ms after the sync and hints
submit #1115 hib 150 dwords at 0xfe0000000: pass 12 rewrite 2 drop 2 unmapped 0 cc 2 mappings 281 ... OK rc 0 22.86 ms
timing: #1115 done at t 73.266 s, 24.3 ms after the sync and hints
submit #1116 hib 2 dwords at 0xfe003a200: pass 1 rewrite 0 drop 0 unmapped 0 cc 0 mappings 281 ... OK rc 0 22.78 ms
timing: #1116 done at t 73.301 s, 23.8 ms after the sync and hints
submit #1117 dcb 96 dwords at 0xfe0042920: pass 20 rewrite 2 drop 2 unmapped 0 cc 0 mappings 281 ... OK rc 0 22.80 ms
timing: #1117 done at t 73.336 s, 24.1 ms after the sync and hints
submit #1118 dcb 2647 dwords at 0x503502500: pass 236 rewrite 123 drop 120 unmapped 0 cc 4 mappings 281 ... OK rc 0 23.28 ms
timing: #1118 done at t 73.374 s, 26.6 ms after the sync and hints
state stack #1118: push 2 pop 2 conditional 1 unmatched 0; restored 1842 regs (+1874 dwords); tables 13, unreadable 0
submit #1119 dcb 851 dwords at 0x505602500: pass 47 rewrite 55 drop 45 unmapped 0 cc 0 mappings 281 ... OK rc 0 22.67 ms
timing: #1119 done at t 73.410 s, 24.1 ms after the sync and hints
submit #1120 acb 2 dwords at 0xfe003a200: pass 1 rewrite 0 drop 0 unmapped 0 cc 0 mappings 281 ... OK rc 0 22.72 ms
timing: #1120 done at t 73.445 s, 23.7 ms after the sync and hints
submit #1121 acb 463 dwords at 0x4003e6740: pass 43 rewrite 11 drop 27 unmapped 0 cc 0 mappings 281 ... OK rc 0 23.08 ms
timing: #1121 done at t 73.480 s, 24.1 ms after the sync and hints
submit #1122 dcb 798 dwords at 0x506202500: pass 103 rewrite 35 drop 22 unmapped 0 cc 6 mappings 281 ... acb head: 3413 of 3462 dwords go ahead of the wait at 3413 on 0x400202380
OK rc 0 23.79 ms
timing: #1122 done at t 73.520 s, 27.5 ms after the sync and hints
state stack #1122: push 3 pop 3 conditional 1 unmatched 0; restored 2763 regs (+2811 dwords); tables 17, unreadable 0
  indirect op 16 at 1640: args 0x74063c0 not mapped, DROPPED
  indirect op 16 at 1738: args 0x74063e0 not mapped, DROPPED
  indirect op 16 at 1833: args 0x74063e0 not mapped, DROPPED
submit #1123 acb 3413 dwords at 0x400205540: pass 331 rewrite 70 drop 165 unmapped 0 cc 0 mappings 281 ... OK rc 0 24.16 ms
timing: #1123 done at t 73.556 s, 25.3 ms after the sync and hints
submit #1124 dcb 1248 dwords at 0x504a02500: pass 151 rewrite 46 drop 45 unmapped 0 cc 6 mappings 281 ... OK rc 0 22.93 ms
timing: #1124 done at t 73.594 s, 25.7 ms after the sync and hints
state stack #1124: push 3 pop 3 conditional 1 unmatched 0; restored 2763 regs (+2811 dwords); tables 11, unreadable 0
flip 1/1 buffer 0x5093f0000 +0x1fe0000: sum 0x17f56f1bc608 nonzero 8100/8160 pattern 0
  target CB0 0x507410000: distinct 53 min 0xc0000000 max 0xc340d034,   target CB0 0x507410000: nonzero 1024/1024
  target CB0 0x563800000: distinct 1 min 0x00000000 max 0x00000000,   target CB0 0x563800000: nonzero 0/1024
  target CB0 0x55c00d000: distinct 4 min 0x00000000 max 0xffffffff,   target CB0 0x55c00d000: nonzero 339/1024
  target CB0 0x5637f0000: distinct 1 min 0x00000000 max 0x00000000,   target CB0 0x5637f0000: nonzero 0/1024
  target CB0 0x526bf0000: distinct 1 min 0x38003800 max 0x38003800,   target CB0 0x526bf0000: nonzero 1024/1024
  target CB0 0x5719a8000: distinct 18 min 0x00000000 max 0xffffffff,   target CB0 0x5719a8000: nonzero 246/1024
  target DB_HTILE 0x5203a0000: distinct 2 min 0x00000000 max 0xfffffff0,   target DB_HTILE 0x5203a0000: nonzero 160/1024
  target DB_Z_READ 0x51db50000: distinct 1 min 0x3f800000 max 0x3f800000,   target DB_Z_READ 0x51db50000: nonzero 1024/1024
  target DB_STENCIL_READ 0x51fb30000: distinct 1 min 0x80800000 max 0x80800000,   target DB_STENCIL_READ 0x51fb30000: nonzero 1024/1024
  target CB0 0x513bf0000: distinct 1 min 0x00000000 max 0x00000000,   target CB0 0x513bf0000: nonzero 0/1024
  target CB0 0x571867000: distinct 20 min 0x00000000 max 0xffffffff,   target CB0 0x571867000: nonzero 359/1024
  target CB0 0x57187b000: distinct 20 min 0x00000000 max 0xffffffff,   target CB0 0x57187b000: nonzero 339/1024
  target CB0 0x519b90000: distinct 1 min 0x05e60222 max 0x05e60222,   target CB0 0x519b90000: nonzero 1024/1024
  target CB0 0x5718eb000: distinct 19 min 0x00000000 max 0xffffffff,   target CB0 0x5718eb000: nonzero 267/1024
  target DB_HTILE 0x55c0e0000: distinct 2 min 0x00000000 max 0xffffffff,   target DB_HTILE 0x55c0e0000: nonzero 192/1024
  target DB_Z_READ 0x527430000: distinct 1 min 0xffffffff max 0xffffffff,   target DB_Z_READ 0x527430000: nonzero 1024/1024
timing: t 73.597 s flip 1/1, VideoOutSubmitFlip took 0.0 ms
  indirect op 16 at 1246: base 0x5074063c0 +0x0 -> 1 1 1 0 0
  indirect op 16 at 1278: base 0x5074063e0 +0x0 -> 1 1 1 0 0
  indirect op 16 at 1310: base 0x50740a520 +0x0 -> 1 1 1 0 0
  indirect op 16 at 1342: base 0x50740a540 +0x0 -> 1 1 1 0 0
  indirect op 25 at 4825: base 0x56ddaffa0 +0x0 -> 1 0 0 0 0
submit #1125 dcb 10440 dwords at 0x502002500: pass 691 rewrite 518 drop 462 unmapped 1 cc 12 mappings 281 ... OK rc 0 28.86 ms
timing: #1125 done at t 73.647 s, 37.8 ms after the sync and hints
state stack #1125: push 6 pop 6 conditional 1 unmatched 0; restored 5526 regs (+5622 dwords); tables 38, unreadable 0
submit #1126 acb 2 dwords at 0xfe003a200: pass 1 rewrite 0 drop 0 unmapped 0 cc 0 mappings 281 ... OK rc 0 22.75 ms
timing: #1126 done at t 73.683 s, 23.8 ms after the sync and hints
swapped pages taken as resident so far: 0
vmas 115 total 13079.0 MiB resident 5029.7 MiB mapped 5029.8 MiB
submit #1127 acb 49 dwords at 0x400208a94: pass 2 rewrite 3 drop 3 unmapped 0 cc 0 mappings 283 ... OK rc 0 23.92 ms
timing: #1127 done at t 73.719 s, 24.9 ms after the sync and hints
submit #1128 cc 3 dwords at 0x313b17cf4: pass 0 rewrite 1 drop 0 unmapped 0 cc 1 mappings 283 ... OK rc 0 22.79 ms
timing: #1128 done at t 73.755 s, 23.8 ms after the sync and hints
submit #1129 hib 150 dwords at 0xfe0000000: pass 12 rewrite 2 drop 2 unmapped 0 cc 2 mappings 283 ... OK rc 0 22.81 ms
timing: #1129 done at t 73.791 s, 24.2 ms after the sync and hints
submit #1130 hib 2 dwords at 0xfe003a200: pass 1 rewrite 0 drop 0 unmapped 0 cc 0 mappings 283 ... OK rc 0 22.79 ms
timing: #1130 done at t 73.826 s, 23.8 ms after the sync and hints
submit #1131 dcb 96 dwords at 0xfe0042920: pass 20 rewrite 2 drop 2 unmapped 0 cc 0 mappings 283 ... OK rc 0 22.77 ms
timing: #1131 done at t 73.861 s, 24.1 ms after the sync and hints
submit #1132 dcb 2647 dwords at 0x503c02500: pass 236 rewrite 123 drop 120 unmapped 0 cc 4 mappings 283 ... OK rc 0 23.24 ms
timing: #1132 done at t 73.899 s, 26.5 ms after the sync and hints
state stack #1132: push 2 pop 2 conditional 1 unmatched 0; restored 1842 regs (+1874 dwords); tables 13, unreadable 0
submit #1133 acb 2 dwords at 0xfe003a200: pass 1 rewrite 0 drop 0 unmapped 0 cc 0 mappings 283 ... OK rc 0 22.86 ms
timing: #1133 done at t 73.935 s, 23.9 ms after the sync and hints
submit #1134 dcb 851 dwords at 0x505a02500: pass 47 rewrite 55 drop 45 unmapped 0 cc 0 mappings 283 ... OK rc 0 22.70 ms
timing: #1134 done at t 73.971 s, 24.2 ms after the sync and hints
submit #1135 acb 463 dwords at 0x4004867c0: pass 43 rewrite 11 drop 27 unmapped 0 cc 0 mappings 283 ... OK rc 0 23.40 ms
timing: #1135 done at t 74.007 s, 24.5 ms after the sync and hints
submit #1136 dcb 798 dwords at 0x506802500: pass 103 rewrite 35 drop 22 unmapped 0 cc 6 mappings 283 ... acb head: 3413 of 3462 dwords go ahead of the wait at 3413 on 0x400202f80
OK rc 0 23.55 ms
timing: #1136 done at t 74.046 s, 27.2 ms after the sync and hints
state stack #1136: push 3 pop 3 conditional 1 unmatched 0; restored 2763 regs (+2811 dwords); tables 17, unreadable 0
  indirect op 16 at 1640: args 0x74063c0 not mapped, DROPPED
  indirect op 16 at 1738: args 0x74063e0 not mapped, DROPPED
  indirect op 16 at 1833: args 0x74063e0 not mapped, DROPPED
submit #1137 acb 3413 dwords at 0x4002a55c0: pass 331 rewrite 70 drop 165 unmapped 0 cc 0 mappings 283 ... OK rc 0 24.32 ms
timing: #1137 done at t 74.082 s, 25.5 ms after the sync and hints
submit #1138 dcb 1248 dwords at 0x504e02500: pass 151 rewrite 46 drop 45 unmapped 0 cc 6 mappings 283 ... OK rc 0 22.95 ms
timing: #1138 done at t 74.121 s, 25.8 ms after the sync and hints
state stack #1138: push 3 pop 3 conditional 1 unmatched 0; restored 2763 regs (+2811 dwords); tables 11, unreadable 0
flip 1/0 buffer 0x507410000 +0x1fe0000: sum 0x17f5fbbeeed0 nonzero 8100/8160 pattern 0
  target CB0 0x5093f0000: distinct 53 min 0xc0000000 max 0xc340d034,   target CB0 0x5093f0000: nonzero 1024/1024
  target CB0 0x563800000: distinct 1 min 0x00000000 max 0x00000000,   target CB0 0x563800000: nonzero 0/1024
  target CB0 0x55c00d000: distinct 4 min 0x00000000 max 0xffffffff,   target CB0 0x55c00d000: nonzero 339/1024
  target CB0 0x5637f0000: distinct 1 min 0x00000000 max 0x00000000,   target CB0 0x5637f0000: nonzero 0/1024
  target CB0 0x526bf0000: distinct 1 min 0x38003800 max 0x38003800,   target CB0 0x526bf0000: nonzero 1024/1024
  target CB0 0x5719a8000: distinct 18 min 0x00000000 max 0xffffffff,   target CB0 0x5719a8000: nonzero 246/1024
  target DB_HTILE 0x5203a0000: distinct 2 min 0x00000000 max 0xfffffff0,   target DB_HTILE 0x5203a0000: nonzero 160/1024
  target DB_Z_READ 0x51db50000: distinct 1 min 0x3f800000 max 0x3f800000,   target DB_Z_READ 0x51db50000: nonzero 1024/1024
  target DB_STENCIL_READ 0x51fb30000: distinct 1 min 0x80800000 max 0x80800000,   target DB_STENCIL_READ 0x51fb30000: nonzero 1024/1024
  target CB0 0x513bf0000: distinct 1 min 0x00000000 max 0x00000000,   target CB0 0x513bf0000: nonzero 0/1024
  target CB0 0x571867000: distinct 20 min 0x00000000 max 0xffffffff,   target CB0 0x571867000: nonzero 359/1024
  target CB0 0x57187b000: distinct 20 min 0x00000000 max 0xffffffff,   target CB0 0x57187b000: nonzero 339/1024
  target CB0 0x519b90000: distinct 1 min 0x00d88333 max 0x00d88333,   target CB0 0x519b90000: nonzero 1024/1024
  target CB0 0x5718eb000: distinct 19 min 0x00000000 max 0xffffffff,   target CB0 0x5718eb000: nonzero 267/1024
  target DB_HTILE 0x55c0e0000: distinct 2 min 0x00000000 max 0xffffffff,   target DB_HTILE 0x55c0e0000: nonzero 192/1024
  target DB_Z_READ 0x527430000: distinct 1 min 0xffffffff max 0xffffffff,   target DB_Z_READ 0x527430000: nonzero 1024/1024
timing: t 74.123 s flip 1/0, VideoOutSubmitFlip took 0.0 ms
  indirect op 16 at 1246: base 0x5074063c0 +0x0 -> 1 1 1 0 0
  indirect op 16 at 1278: base 0x5074063e0 +0x0 -> 1 1 1 0 0
  indirect op 16 at 1310: base 0x50740a520 +0x0 -> 1 1 1 0 0
  indirect op 16 at 1342: base 0x50740a540 +0x0 -> 1 1 1 0 0
  indirect op 25 at 4825: base 0x56ddaffa0 +0x0 -> 1 0 0 0 0
submit #1139 dcb 10440 dwords at 0x502702500: pass 691 rewrite 518 drop 462 unmapped 1 cc 12 mappings 283 ... OK rc 0 28.88 ms
timing: #1139 done at t 74.172 s, 37.5 ms after the sync and hints
state stack #1139: push 6 pop 6 conditional 1 unmatched 0; restored 5526 regs (+5622 dwords); tables 38, unreadable 0
submit #1140 acb 2 dwords at 0xfe003a200: pass 1 rewrite 0 drop 0 unmapped 0 cc 0 mappings 283 ... OK rc 0 22.77 ms
timing: #1140 done at t 74.208 s, 23.8 ms after the sync and hints
swapped pages taken as resident so far: 0
vmas 115 total 13079.0 MiB resident 5029.8 MiB mapped 5029.9 MiB
submit #1141 acb 49 dwords at 0x4002a8b14: pass 2 rewrite 3 drop 3 unmapped 0 cc 0 mappings 284 ... OK rc 0 22.67 ms
timing: #1141 done at t 74.243 s, 23.6 ms after the sync and hints
submit #1142 cc 3 dwords at 0x313b17cf4: pass 0 rewrite 1 drop 0 unmapped 0 cc 1 mappings 284 ... OK rc 0 22.78 ms
timing: #1142 done at t 74.278 s, 23.9 ms after the sync and hints
submit #1143 hib 150 dwords at 0xfe0000000: pass 12 rewrite 2 drop 2 unmapped 0 cc 2 mappings 284 ... OK rc 0 22.84 ms
timing: #1143 done at t 74.314 s, 24.2 ms after the sync and hints
submit #1144 hib 2 dwords at 0xfe003a200: pass 1 rewrite 0 drop 0 unmapped 0 cc 0 mappings 284 ... OK rc 0 22.74 ms
timing: #1144 done at t 74.349 s, 23.8 ms after the sync and hints
submit #1145 dcb 96 dwords at 0xfe0042920: pass 20 rewrite 2 drop 2 unmapped 0 cc 0 mappings 284 ... OK rc 0 22.81 ms
timing: #1145 done at t 74.385 s, 24.1 ms after the sync and hints
submit #1146 dcb 2647 dwords at 0x504302500: pass 236 rewrite 123 drop 120 unmapped 0 cc 4 mappings 284 ... OK rc 0 23.20 ms
timing: #1146 done at t 74.423 s, 26.6 ms after the sync and hints
state stack #1146: push 2 pop 2 conditional 1 unmatched 0; restored 1842 regs (+1874 dwords); tables 13, unreadable 0
submit #1147 dcb 851 dwords at 0x505e02500: pass 47 rewrite 55 drop 45 unmapped 0 cc 0 mappings 284 ... OK rc 0 22.70 ms
timing: #1147 done at t 74.459 s, 24.3 ms after the sync and hints
submit #1148 acb 2 dwords at 0xfe003a200: pass 1 rewrite 0 drop 0 unmapped 0 cc 0 mappings 284 ... OK rc 0 22.94 ms
timing: #1148 done at t 74.494 s, 24.1 ms after the sync and hints
submit #1149 acb 463 dwords at 0x400526840: pass 43 rewrite 11 drop 27 unmapped 0 cc 0 mappings 284 ... OK rc 0 23.47 ms
timing: #1149 done at t 74.530 s, 24.7 ms after the sync and hints
submit #1150 dcb 798 dwords at 0x506e02500: pass 103 rewrite 35 drop 22 unmapped 0 cc 6 mappings 284 ... acb head: 3413 of 3462 dwords go ahead of the wait at 3413 on 0x400203b80
OK rc 0 23.62 ms
timing: #1150 done at t 74.569 s, 27.4 ms after the sync and hints
state stack #1150: push 3 pop 3 conditional 1 unmatched 0; restored 2763 regs (+2811 dwords); tables 17, unreadable 0
  indirect op 16 at 1640: args 0x74063c0 not mapped, DROPPED
  indirect op 16 at 1738: args 0x74063e0 not mapped, DROPPED
  indirect op 16 at 1833: args 0x74063e0 not mapped, DROPPED
submit #1151 acb 3413 dwords at 0x400345640: pass 331 rewrite 70 drop 165 unmapped 0 cc 0 mappings 284 ... OK rc 0 24.53 ms
timing: #1151 done at t 74.606 s, 26.0 ms after the sync and hints
submit #1152 dcb 1248 dwords at 0x505202500: pass 151 rewrite 46 drop 45 unmapped 0 cc 6 mappings 284 ... OK rc 0 22.91 ms
timing: #1152 done at t 74.644 s, 25.9 ms after the sync and hints
state stack #1152: push 3 pop 3 conditional 1 unmatched 0; restored 2763 regs (+2811 dwords); tables 11, unreadable 0
flip 1/1 buffer 0x5093f0000 +0x1fe0000: sum 0x17f67effbf02 nonzero 8100/8160 pattern 0
  target CB0 0x507410000: distinct 53 min 0xc0000000 max 0xc340d034,   target CB0 0x507410000: nonzero 1024/1024
  target CB0 0x563800000: distinct 1 min 0x00000000 max 0x00000000,   target CB0 0x563800000: nonzero 0/1024
  target CB0 0x55c00d000: distinct 4 min 0x00000000 max 0xffffffff,   target CB0 0x55c00d000: nonzero 339/1024
  target CB0 0x5637f0000: distinct 1 min 0x00000000 max 0x00000000,   target CB0 0x5637f0000: nonzero 0/1024
  target CB0 0x526bf0000: distinct 1 min 0x38003800 max 0x38003800,   target CB0 0x526bf0000: nonzero 1024/1024
  target CB0 0x5719a8000: distinct 18 min 0x00000000 max 0xffffffff,   target CB0 0x5719a8000: nonzero 246/1024
  target DB_HTILE 0x5203a0000: distinct 2 min 0x00000000 max 0xfffffff0,   target DB_HTILE 0x5203a0000: nonzero 160/1024
  target DB_Z_READ 0x51db50000: distinct 1 min 0x3f800000 max 0x3f800000,   target DB_Z_READ 0x51db50000: nonzero 1024/1024
  target DB_STENCIL_READ 0x51fb30000: distinct 1 min 0x80800000 max 0x80800000,   target DB_STENCIL_READ 0x51fb30000: nonzero 1024/1024
  target CB0 0x513bf0000: distinct 1 min 0x00000000 max 0x00000000,   target CB0 0x513bf0000: nonzero 0/1024
  target CB0 0x571867000: distinct 20 min 0x00000000 max 0xffffffff,   target CB0 0x571867000: nonzero 359/1024
  target CB0 0x57187b000: distinct 20 min 0x00000000 max 0xffffffff,   target CB0 0x57187b000: nonzero 339/1024
  target CB0 0x519b90000: distinct 1 min 0x84370111 max 0x84370111,   target CB0 0x519b90000: nonzero 1024/1024
  target CB0 0x5718eb000: distinct 19 min 0x00000000 max 0xffffffff,   target CB0 0x5718eb000: nonzero 267/1024
  target DB_HTILE 0x55c0e0000: distinct 2 min 0x00000000 max 0xffffffff,   target DB_HTILE 0x55c0e0000: nonzero 192/1024
  target DB_Z_READ 0x527430000: distinct 1 min 0xffffffff max 0xffffffff,   target DB_Z_READ 0x527430000: nonzero 1024/1024
timing: t 74.645 s flip 1/1, VideoOutSubmitFlip took 0.0 ms
  indirect op 16 at 1246: base 0x5074063c0 +0x0 -> 1 1 1 0 0
  indirect op 16 at 1278: base 0x5074063e0 +0x0 -> 1 1 1 0 0
  indirect op 16 at 1310: base 0x50740a520 +0x0 -> 1 1 1 0 0
  indirect op 16 at 1342: base 0x50740a540 +0x0 -> 1 1 1 0 0
  indirect op 25 at 4825: base 0x56ddaffa0 +0x0 -> 1 0 0 0 0
submit #1153 dcb 10440 dwords at 0x502e02500: pass 691 rewrite 518 drop 462 unmapped 1 cc 12 mappings 284 ... OK rc 0 29.90 ms
timing: #1153 done at t 74.696 s, 39.2 ms after the sync and hints
state stack #1153: push 6 pop 6 conditional 1 unmatched 0; restored 5526 regs (+5622 dwords); tables 38, unreadable 0
submit #1154 acb 2 dwords at 0xfe003a200: pass 1 rewrite 0 drop 0 unmapped 0 cc 0 mappings 284 ... OK rc 0 22.69 ms
timing: #1154 done at t 74.731 s, 23.8 ms after the sync and hints
submit #1155 acb 49 dwords at 0x400348b94: pass 2 rewrite 3 drop 3 unmapped 0 cc 0 mappings 284 ... OK rc 0 22.67 ms
timing: #1155 done at t 74.766 s, 23.8 ms after the sync and hints
submit #1156 cc 3 dwords at 0x313b17cf4: pass 0 rewrite 1 drop 0 unmapped 0 cc 1 mappings 284 ... OK rc 0 22.80 ms
timing: #1156 done at t 74.802 s, 24.0 ms after the sync and hints
submit #1157 hib 150 dwords at 0xfe0000000: pass 12 rewrite 2 drop 2 unmapped 0 cc 2 mappings 284 ... OK rc 0 22.83 ms
timing: #1157 done at t 74.837 s, 24.3 ms after the sync and hints
submit #1158 hib 2 dwords at 0xfe003a200: pass 1 rewrite 0 drop 0 unmapped 0 cc 0 mappings 284 ... OK rc 0 22.72 ms
timing: #1158 done at t 74.873 s, 23.9 ms after the sync and hints
submit #1159 dcb 96 dwords at 0xfe0042920: pass 20 rewrite 2 drop 2 unmapped 0 cc 0 mappings 284 ... OK rc 0 22.72 ms
timing: #1159 done at t 74.908 s, 24.2 ms after the sync and hints
submit #1160 dcb 2647 dwords at 0x503502500: pass 236 rewrite 123 drop 120 unmapped 0 cc 4 mappings 284 ... OK rc 0 23.36 ms
timing: #1160 done at t 74.946 s, 26.8 ms after the sync and hints
state stack #1160: push 2 pop 2 conditional 1 unmatched 0; restored 1842 regs (+1874 dwords); tables 13, unreadable 0
submit #1161 dcb 851 dwords at 0x505602500: pass 47 rewrite 55 drop 45 unmapped 0 cc 0 mappings 284 ... OK rc 0 22.84 ms
timing: #1161 done at t 74.983 s, 24.4 ms after the sync and hints
submit #1162 acb 2 dwords at 0xfe003a200: pass 1 rewrite 0 drop 0 unmapped 0 cc 0 mappings 284 ... OK rc 0 22.60 ms
timing: #1162 done at t 75.018 s, 23.8 ms after the sync and hints
submit #1163 acb 463 dwords at 0x4003e6740: pass 43 rewrite 11 drop 27 unmapped 0 cc 0 mappings 284 ... OK rc 0 23.00 ms
timing: #1163 done at t 75.053 s, 24.2 ms after the sync and hints
submit #1164 dcb 798 dwords at 0x506202500: pass 103 rewrite 35 drop 22 unmapped 0 cc 6 mappings 284 ... acb head: 3413 of 3462 dwords go ahead of the wait at 3413 on 0x400202380
OK rc 0 23.59 ms
timing: #1164 done at t 75.092 s, 27.4 ms after the sync and hints
state stack #1164: push 3 pop 3 conditional 1 unmatched 0; restored 2763 regs (+2811 dwords); tables 17, unreadable 0
  indirect op 16 at 1640: args 0x74063c0 not mapped, DROPPED
  indirect op 16 at 1738: args 0x74063e0 not mapped, DROPPED
  indirect op 16 at 1833: args 0x74063e0 not mapped, DROPPED
submit #1165 acb 3413 dwords at 0x400205540: pass 331 rewrite 70 drop 165 unmapped 0 cc 0 mappings 284 ... OK rc 0 24.18 ms
timing: #1165 done at t 75.129 s, 25.8 ms after the sync and hints
submit #1166 dcb 1248 dwords at 0x504a02500: pass 151 rewrite 46 drop 45 unmapped 0 cc 6 mappings 284 ... OK rc 0 23.12 ms
timing: #1166 done at t 75.167 s, 26.2 ms after the sync and hints
state stack #1166: push 3 pop 3 conditional 1 unmatched 0; restored 2763 regs (+2811 dwords); tables 11, unreadable 0
flip 1/0 buffer 0x507410000 +0x1fe0000: sum 0x17f6fb4ed2c5 nonzero 8100/8160 pattern 0
  target CB0 0x5093f0000: distinct 53 min 0xc0000000 max 0xc340d034,   target CB0 0x5093f0000: nonzero 1024/1024
  target CB0 0x563800000: distinct 1 min 0x00000000 max 0x00000000,   target CB0 0x563800000: nonzero 0/1024
  target CB0 0x55c00d000: distinct 4 min 0x00000000 max 0xffffffff,   target CB0 0x55c00d000: nonzero 339/1024
  target CB0 0x5637f0000: distinct 1 min 0x00000000 max 0x00000000,   target CB0 0x5637f0000: nonzero 0/1024
  target CB0 0x526bf0000: distinct 1 min 0x38003800 max 0x38003800,   target CB0 0x526bf0000: nonzero 1024/1024
  target CB0 0x5719a8000: distinct 18 min 0x00000000 max 0xffffffff,   target CB0 0x5719a8000: nonzero 246/1024
  target DB_HTILE 0x5203a0000: distinct 2 min 0x00000000 max 0xfffffff0,   target DB_HTILE 0x5203a0000: nonzero 160/1024
  target DB_Z_READ 0x51db50000: distinct 1 min 0x3f800000 max 0x3f800000,   target DB_Z_READ 0x51db50000: nonzero 1024/1024
  target DB_STENCIL_READ 0x51fb30000: distinct 1 min 0x80800000 max 0x80800000,   target DB_STENCIL_READ 0x51fb30000: nonzero 1024/1024
  target CB0 0x513bf0000: distinct 1 min 0x00000000 max 0x00000000,   target CB0 0x513bf0000: nonzero 0/1024
  target CB0 0x571867000: distinct 20 min 0x00000000 max 0xffffffff,   target CB0 0x571867000: nonzero 359/1024
  target CB0 0x57187b000: distinct 20 min 0x00000000 max 0xffffffff,   target CB0 0x57187b000: nonzero 339/1024
  target CB0 0x519b90000: distinct 1 min 0x04378111 max 0x04378111,   target CB0 0x519b90000: nonzero 1024/1024
  target CB0 0x5718eb000: distinct 19 min 0x00000000 max 0xffffffff,   target CB0 0x5718eb000: nonzero 267/1024
  target DB_HTILE 0x55c0e0000: distinct 2 min 0x00000000 max 0xffffffff,   target DB_HTILE 0x55c0e0000: nonzero 192/1024
  target DB_Z_READ 0x527430000: distinct 1 min 0xffffffff max 0xffffffff,   target DB_Z_READ 0x527430000: nonzero 1024/1024
timing: t 75.168 s flip 1/0, VideoOutSubmitFlip took 0.0 ms
  indirect op 16 at 1246: base 0x5074063c0 +0x0 -> 1 1 1 0 0
  indirect op 16 at 1278: base 0x5074063e0 +0x0 -> 1 1 1 0 0
  indirect op 16 at 1310: base 0x50740a520 +0x0 -> 1 1 1 0 0
  indirect op 16 at 1342: base 0x50740a540 +0x0 -> 1 1 1 0 0
  indirect op 25 at 4825: base 0x56ddaffa0 +0x0 -> 1 0 0 0 0
submit #1167 dcb 10440 dwords at 0x502002500: pass 691 rewrite 518 drop 462 unmapped 1 cc 12 mappings 284 ... OK rc 0 29.01 ms
timing: #1167 done at t 75.218 s, 38.0 ms after the sync and hints
state stack #1167: push 6 pop 6 conditional 1 unmatched 0; restored 5526 regs (+5622 dwords); tables 38, unreadable 0
submit #1168 acb 2 dwords at 0xfe003a200: pass 1 rewrite 0 drop 0 unmapped 0 cc 0 mappings 284 ... OK rc 0 22.72 ms
timing: #1168 done at t 75.254 s, 23.9 ms after the sync and hints
submit #1169 acb 49 dwords at 0x400208a94: pass 2 rewrite 3 drop 3 unmapped 0 cc 0 mappings 284 ... OK rc 0 22.76 ms
timing: #1169 done at t 75.289 s, 23.9 ms after the sync and hints
submit #1170 cc 3 dwords at 0x313b17cf4: pass 0 rewrite 1 drop 0 unmapped 0 cc 1 mappings 284 ... OK rc 0 22.79 ms
timing: #1170 done at t 75.324 s, 24.0 ms after the sync and hints
submit #1171 hib 150 dwords at 0xfe0000000: pass 12 rewrite 2 drop 2 unmapped 0 cc 2 mappings 284 ... OK rc 0 23.61 ms
timing: #1171 done at t 75.361 s, 25.1 ms after the sync and hints
submit #1172 hib 2 dwords at 0xfe003a200: pass 1 rewrite 0 drop 0 unmapped 0 cc 0 mappings 284 ... OK rc 0 22.73 ms
timing: #1172 done at t 75.396 s, 23.9 ms after the sync and hints
submit #1173 dcb 96 dwords at 0xfe0042920: pass 20 rewrite 2 drop 2 unmapped 0 cc 0 mappings 284 ... OK rc 0 22.71 ms
timing: #1173 done at t 75.432 s, 24.2 ms after the sync and hints
submit #1174 dcb 2647 dwords at 0x503c02500: pass 236 rewrite 123 drop 120 unmapped 0 cc 4 mappings 284 ... OK rc 0 23.22 ms
timing: #1174 done at t 75.470 s, 26.7 ms after the sync and hints
state stack #1174: push 2 pop 2 conditional 1 unmatched 0; restored 1842 regs (+1874 dwords); tables 13, unreadable 0
submit #1175 dcb 851 dwords at 0x505a02500: pass 47 rewrite 55 drop 45 unmapped 0 cc 0 mappings 284 ... OK rc 0 22.84 ms
timing: #1175 done at t 75.506 s, 24.5 ms after the sync and hints
submit #1176 acb 2 dwords at 0xfe003a200: pass 1 rewrite 0 drop 0 unmapped 0 cc 0 mappings 284 ... OK rc 0 22.85 ms
timing: #1176 done at t 75.541 s, 24.1 ms after the sync and hints
submit #1177 acb 463 dwords at 0x4004867c0: pass 43 rewrite 11 drop 27 unmapped 0 cc 0 mappings 284 ... OK rc 0 23.15 ms
timing: #1177 done at t 75.577 s, 24.3 ms after the sync and hints
submit #1178 dcb 798 dwords at 0x506802500: pass 103 rewrite 35 drop 22 unmapped 0 cc 6 mappings 284 ... acb head: 3413 of 3462 dwords go ahead of the wait at 3413 on 0x400202f80
OK rc 0 23.92 ms
timing: #1178 done at t 75.617 s, 27.7 ms after the sync and hints
state stack #1178: push 3 pop 3 conditional 1 unmatched 0; restored 2763 regs (+2811 dwords); tables 17, unreadable 0
  indirect op 16 at 1640: args 0x74063c0 not mapped, DROPPED
  indirect op 16 at 1738: args 0x74063e0 not mapped, DROPPED
  indirect op 16 at 1833: args 0x74063e0 not mapped, DROPPED
submit #1179 acb 3413 dwords at 0x4002a55c0: pass 331 rewrite 70 drop 165 unmapped 0 cc 0 mappings 284 ... OK rc 0 24.30 ms
timing: #1179 done at t 75.653 s, 25.6 ms after the sync and hints
submit #1180 dcb 1248 dwords at 0x504e02500: pass 151 rewrite 46 drop 45 unmapped 0 cc 6 mappings 284 ... OK rc 0 22.92 ms
timing: #1180 done at t 75.691 s, 25.8 ms after the sync and hints
state stack #1180: push 3 pop 3 conditional 1 unmatched 0; restored 2763 regs (+2811 dwords); tables 11, unreadable 0
flip 1/1 buffer 0x5093f0000 +0x1fe0000: sum 0x17f76fabea09 nonzero 8100/8160 pattern 0
  target CB0 0x507410000: distinct 53 min 0xc0000000 max 0xc340d034,   target CB0 0x507410000: nonzero 1024/1024
  target CB0 0x563800000: distinct 1 min 0x00000000 max 0x00000000,   target CB0 0x563800000: nonzero 0/1024
  target CB0 0x55c00d000: distinct 4 min 0x00000000 max 0xffffffff,   target CB0 0x55c00d000: nonzero 339/1024
  target CB0 0x5637f0000: distinct 1 min 0x00000000 max 0x00000000,   target CB0 0x5637f0000: nonzero 0/1024
  target CB0 0x526bf0000: distinct 1 min 0x38003800 max 0x38003800,   target CB0 0x526bf0000: nonzero 1024/1024
  target CB0 0x5719a8000: distinct 18 min 0x00000000 max 0xffffffff,   target CB0 0x5719a8000: nonzero 246/1024
  target DB_HTILE 0x5203a0000: distinct 2 min 0x00000000 max 0xfffffff0,   target DB_HTILE 0x5203a0000: nonzero 160/1024
  target DB_Z_READ 0x51db50000: distinct 1 min 0x3f800000 max 0x3f800000,   target DB_Z_READ 0x51db50000: nonzero 1024/1024
  target DB_STENCIL_READ 0x51fb30000: distinct 1 min 0x80800000 max 0x80800000,   target DB_STENCIL_READ 0x51fb30000: nonzero 1024/1024
  target CB0 0x513bf0000: distinct 1 min 0x00000000 max 0x00000000,   target CB0 0x513bf0000: nonzero 0/1024
  target CB0 0x571867000: distinct 20 min 0x00000000 max 0xffffffff,   target CB0 0x571867000: nonzero 359/1024
  target CB0 0x57187b000: distinct 20 min 0x00000000 max 0xffffffff,   target CB0 0x57187b000: nonzero 339/1024
  target CB0 0x519b90000: distinct 1 min 0x80d80333 max 0x80d80333,   target CB0 0x519b90000: nonzero 1024/1024
  target CB0 0x5718eb000: distinct 19 min 0x00000000 max 0xffffffff,   target CB0 0x5718eb000: nonzero 267/1024
  target DB_HTILE 0x55c0e0000: distinct 2 min 0x00000000 max 0xffffffff,   target DB_HTILE 0x55c0e0000: nonzero 192/1024
  target DB_Z_READ 0x527430000: distinct 1 min 0xffffffff max 0xffffffff,   target DB_Z_READ 0x527430000: nonzero 1024/1024
timing: t 75.691 s flip 1/1, VideoOutSubmitFlip took 0.0 ms
  indirect op 16 at 1246: base 0x5074063c0 +0x0 -> 1 1 1 0 0
  indirect op 16 at 1278: base 0x5074063e0 +0x0 -> 1 1 1 0 0
  indirect op 16 at 1310: base 0x50740a520 +0x0 -> 1 1 1 0 0
  indirect op 16 at 1342: base 0x50740a540 +0x0 -> 1 1 1 0 0
  indirect op 25 at 4825: base 0x56ddaffa0 +0x0 -> 1 0 0 0 0
submit #1181 dcb 10440 dwords at 0x502702500: pass 691 rewrite 518 drop 462 unmapped 1 cc 12 mappings 284 ... OK rc 0 29.00 ms
timing: #1181 done at t 75.741 s, 37.9 ms after the sync and hints
state stack #1181: push 6 pop 6 conditional 1 unmatched 0; restored 5526 regs (+5622 dwords); tables 38, unreadable 0
submit #1182 acb 2 dwords at 0xfe003a200: pass 1 rewrite 0 drop 0 unmapped 0 cc 0 mappings 284 ... OK rc 0 23.28 ms
timing: #1182 done at t 75.777 s, 24.4 ms after the sync and hints
submit #1183 acb 49 dwords at 0x4002a8b14: pass 2 rewrite 3 drop 3 unmapped 0 cc 0 mappings 284 ... OK rc 0 23.20 ms
timing: #1183 done at t 75.813 s, 24.3 ms after the sync and hints
submit #1184 cc 3 dwords at 0x313b17cf4: pass 0 rewrite 1 drop 0 unmapped 0 cc 1 mappings 284 ... OK rc 0 22.81 ms
timing: #1184 done at t 75.849 s, 24.0 ms after the sync and hints
submit #1185 hib 150 dwords at 0xfe0000000: pass 12 rewrite 2 drop 2 unmapped 0 cc 2 mappings 284 ... OK rc 0 22.84 ms
timing: #1185 done at t 75.885 s, 24.4 ms after the sync and hints
submit #1186 hib 2 dwords at 0xfe003a200: pass 1 rewrite 0 drop 0 unmapped 0 cc 0 mappings 284 ... OK rc 0 22.92 ms
timing: #1186 done at t 75.920 s, 24.1 ms after the sync and hints
submit #1187 dcb 96 dwords at 0xfe0042920: pass 20 rewrite 2 drop 2 unmapped 0 cc 0 mappings 284 ... OK rc 0 22.78 ms
timing: #1187 done at t 75.956 s, 24.2 ms after the sync and hints
submit #1188 dcb 2647 dwords at 0x504302500: pass 236 rewrite 123 drop 120 unmapped 0 cc 4 mappings 284 ... OK rc 0 23.30 ms
timing: #1188 done at t 75.994 s, 26.8 ms after the sync and hints
state stack #1188: push 2 pop 2 conditional 1 unmatched 0; restored 1842 regs (+1874 dwords); tables 13, unreadable 0
submit #1189 dcb 851 dwords at 0x505e02500: pass 47 rewrite 55 drop 45 unmapped 0 cc 0 mappings 284 ... OK rc 0 22.92 ms
timing: #1189 done at t 76.031 s, 24.5 ms after the sync and hints
submit #1190 acb 2 dwords at 0xfe003a200: pass 1 rewrite 0 drop 0 unmapped 0 cc 0 mappings 284 ... OK rc 0 22.78 ms
timing: #1190 done at t 76.066 s, 24.0 ms after the sync and hints
submit #1191 acb 463 dwords at 0x400526840: pass 43 rewrite 11 drop 27 unmapped 0 cc 0 mappings 284 ... OK rc 0 23.28 ms
timing: #1191 done at t 76.102 s, 24.5 ms after the sync and hints
submit #1192 dcb 798 dwords at 0x506e02500: pass 103 rewrite 35 drop 22 unmapped 0 cc 6 mappings 284 ... acb head: 3413 of 3462 dwords go ahead of the wait at 3413 on 0x400203b80
OK rc 0 23.66 ms
timing: #1192 done at t 76.141 s, 27.4 ms after the sync and hints
state stack #1192: push 3 pop 3 conditional 1 unmatched 0; restored 2763 regs (+2811 dwords); tables 17, unreadable 0
  indirect op 16 at 1640: args 0x74063c0 not mapped, DROPPED
  indirect op 16 at 1738: args 0x74063e0 not mapped, DROPPED
  indirect op 16 at 1833: args 0x74063e0 not mapped, DROPPED
submit #1193 acb 3413 dwords at 0x400345640: pass 331 rewrite 70 drop 165 unmapped 0 cc 0 mappings 284 ... OK rc 0 24.91 ms
timing: #1193 done at t 76.178 s, 26.2 ms after the sync and hints
submit #1194 dcb 1248 dwords at 0x505202500: pass 151 rewrite 46 drop 45 unmapped 0 cc 6 mappings 284 ... OK rc 0 23.07 ms
timing: #1194 done at t 76.217 s, 26.1 ms after the sync and hints
state stack #1194: push 3 pop 3 conditional 1 unmatched 0; restored 2763 regs (+2811 dwords); tables 11, unreadable 0
flip 1/0 buffer 0x507410000 +0x1fe0000: sum 0x17f7ddd774ea nonzero 8100/8160 pattern 0
  target CB0 0x5093f0000: distinct 53 min 0xc0000000 max 0xc340d034,   target CB0 0x5093f0000: nonzero 1024/1024
  target CB0 0x563800000: distinct 1 min 0x00000000 max 0x00000000,   target CB0 0x563800000: nonzero 0/1024
  target CB0 0x55c00d000: distinct 4 min 0x00000000 max 0xffffffff,   target CB0 0x55c00d000: nonzero 339/1024
  target CB0 0x5637f0000: distinct 1 min 0x00000000 max 0x00000000,   target CB0 0x5637f0000: nonzero 0/1024
  target CB0 0x526bf0000: distinct 1 min 0x38003800 max 0x38003800,   target CB0 0x526bf0000: nonzero 1024/1024
  target CB0 0x5719a8000: distinct 18 min 0x00000000 max 0xffffffff,   target CB0 0x5719a8000: nonzero 246/1024
  target DB_HTILE 0x5203a0000: distinct 2 min 0x00000000 max 0xfffffff0,   target DB_HTILE 0x5203a0000: nonzero 160/1024
  target DB_Z_READ 0x51db50000: distinct 1 min 0x3f800000 max 0x3f800000,   target DB_Z_READ 0x51db50000: nonzero 1024/1024
  target DB_STENCIL_READ 0x51fb30000: distinct 1 min 0x80800000 max 0x80800000,   target DB_STENCIL_READ 0x51fb30000: nonzero 1024/1024
  target CB0 0x513bf0000: distinct 1 min 0x00000000 max 0x00000000,   target CB0 0x513bf0000: nonzero 0/1024
  target CB0 0x571867000: distinct 20 min 0x00000000 max 0xffffffff,   target CB0 0x571867000: nonzero 359/1024
  target CB0 0x57187b000: distinct 20 min 0x00000000 max 0xffffffff,   target CB0 0x57187b000: nonzero 339/1024
  target CB0 0x519b90000: distinct 1 min 0x85e683bc max 0x85e683bc,   target CB0 0x519b90000: nonzero 1024/1024
  target CB0 0x5718eb000: distinct 19 min 0x00000000 max 0xffffffff,   target CB0 0x5718eb000: nonzero 267/1024
  target DB_HTILE 0x55c0e0000: distinct 2 min 0x00000000 max 0xffffffff,   target DB_HTILE 0x55c0e0000: nonzero 192/1024
  target DB_Z_READ 0x527430000: distinct 1 min 0xffffffff max 0xffffffff,   target DB_Z_READ 0x527430000: nonzero 1024/1024
timing: t 76.218 s flip 1/0, VideoOutSubmitFlip took 0.0 ms
  indirect op 16 at 1246: base 0x5074063c0 +0x0 -> 1 1 1 0 0
  indirect op 16 at 1278: base 0x5074063e0 +0x0 -> 1 1 1 0 0
  indirect op 16 at 1310: base 0x50740a520 +0x0 -> 1 1 1 0 0
  indirect op 16 at 1342: base 0x50740a540 +0x0 -> 1 1 1 0 0
  indirect op 25 at 4825: base 0x56ddaffa0 +0x0 -> 1 0 0 0 0
submit #1195 dcb 10440 dwords at 0x502e02500: pass 691 rewrite 518 drop 462 unmapped 1 cc 12 mappings 284 ... OK rc 0 29.04 ms
timing: #1195 done at t 76.268 s, 38.0 ms after the sync and hints
state stack #1195: push 6 pop 6 conditional 1 unmatched 0; restored 5526 regs (+5622 dwords); tables 38, unreadable 0
swapped pages taken as resident so far: 0
vmas 115 total 13079.0 MiB resident 5029.9 MiB mapped 5029.9 MiB
submit #1196 acb 2 dwords at 0xfe003a200: pass 1 rewrite 0 drop 0 unmapped 0 cc 0 mappings 285 ... OK rc 0 22.76 ms
timing: #1196 done at t 76.304 s, 24.0 ms after the sync and hints
swapped pages taken as resident so far: 0
vmas 115 total 13079.0 MiB resident 5029.9 MiB mapped 5030.0 MiB
submit #1197 acb 49 dwords at 0x400348b94: pass 2 rewrite 3 drop 3 unmapped 0 cc 0 mappings 286 ... OK rc 0 22.67 ms
timing: #1197 done at t 76.339 s, 23.8 ms after the sync and hints
submit #1198 cc 3 dwords at 0x313b17cf4: pass 0 rewrite 1 drop 0 unmapped 0 cc 1 mappings 286 ... OK rc 0 22.68 ms
timing: #1198 done at t 76.375 s, 23.9 ms after the sync and hints
submit #1199 hib 150 dwords at 0xfe0000000: pass 12 rewrite 2 drop 2 unmapped 0 cc 2 mappings 286 ... OK rc 0 22.63 ms
timing: #1199 done at t 76.410 s, 24.2 ms after the sync and hints
submit #1200 hib 2 dwords at 0xfe003a200: pass 1 rewrite 0 drop 0 unmapped 0 cc 0 mappings 286 ... OK rc 0 22.77 ms
timing: #1200 done at t 76.445 s, 23.9 ms after the sync and hints
submit #1201 dcb 96 dwords at 0xfe0042920: pass 20 rewrite 2 drop 2 unmapped 0 cc 0 mappings 286 ... OK rc 0 22.67 ms
timing: #1201 done at t 76.481 s, 24.1 ms after the sync and hints
submit #1202 dcb 2647 dwords at 0x503502500: pass 236 rewrite 123 drop 120 unmapped 0 cc 4 mappings 286 ... OK rc 0 23.27 ms
timing: #1202 done at t 76.519 s, 26.7 ms after the sync and hints
state stack #1202: push 2 pop 2 conditional 1 unmatched 0; restored 1842 regs (+1874 dwords); tables 13, unreadable 0
submit #1203 dcb 851 dwords at 0x505602500: pass 47 rewrite 55 drop 45 unmapped 0 cc 0 mappings 286 ... OK rc 0 22.85 ms
timing: #1203 done at t 76.555 s, 24.5 ms after the sync and hints
submit #1204 acb 2 dwords at 0xfe003a200: pass 1 rewrite 0 drop 0 unmapped 0 cc 0 mappings 286 ... OK rc 0 22.89 ms
timing: #1204 done at t 76.590 s, 24.0 ms after the sync and hints
submit #1205 acb 463 dwords at 0x4003e6740: pass 43 rewrite 11 drop 27 unmapped 0 cc 0 mappings 286 ... OK rc 0 23.45 ms
timing: #1205 done at t 76.626 s, 24.6 ms after the sync and hints
submit #1206 dcb 798 dwords at 0x506202500: pass 103 rewrite 35 drop 22 unmapped 0 cc 6 mappings 286 ... acb head: 3413 of 3462 dwords go ahead of the wait at 3413 on 0x400202380
OK rc 0 23.57 ms
timing: #1206 done at t 76.666 s, 27.6 ms after the sync and hints
state stack #1206: push 3 pop 3 conditional 1 unmatched 0; restored 2763 regs (+2811 dwords); tables 17, unreadable 0
  indirect op 16 at 1640: args 0x74063c0 not mapped, DROPPED
  indirect op 16 at 1738: args 0x74063e0 not mapped, DROPPED
  indirect op 16 at 1833: args 0x74063e0 not mapped, DROPPED
submit #1207 acb 3413 dwords at 0x400205540: pass 331 rewrite 70 drop 165 unmapped 0 cc 0 mappings 286 ... OK rc 0 24.31 ms
timing: #1207 done at t 76.702 s, 25.6 ms after the sync and hints
submit #1208 dcb 1248 dwords at 0x504a02500: pass 151 rewrite 46 drop 45 unmapped 0 cc 6 mappings 286 ... OK rc 0 22.92 ms
timing: #1208 done at t 76.740 s, 26.0 ms after the sync and hints
state stack #1208: push 3 pop 3 conditional 1 unmatched 0; restored 2763 regs (+2811 dwords); tables 11, unreadable 0
flip 1/1 buffer 0x5093f0000 +0x1fe0000: sum 0x17f84400ff4b nonzero 8100/8160 pattern 0
  target CB0 0x507410000: distinct 53 min 0xc0000000 max 0xc340d034,   target CB0 0x507410000: nonzero 1024/1024
  target CB0 0x563800000: distinct 1 min 0x00000000 max 0x00000000,   target CB0 0x563800000: nonzero 0/1024
  target CB0 0x55c00d000: distinct 4 min 0x00000000 max 0xffffffff,   target CB0 0x55c00d000: nonzero 339/1024
  target CB0 0x5637f0000: distinct 1 min 0x00000000 max 0x00000000,   target CB0 0x5637f0000: nonzero 0/1024
  target CB0 0x526bf0000: distinct 1 min 0x38003800 max 0x38003800,   target CB0 0x526bf0000: nonzero 1024/1024
  target CB0 0x5719a8000: distinct 18 min 0x00000000 max 0xffffffff,   target CB0 0x5719a8000: nonzero 246/1024
  target DB_HTILE 0x5203a0000: distinct 2 min 0x00000000 max 0xfffffff0,   target DB_HTILE 0x5203a0000: nonzero 160/1024
  target DB_Z_READ 0x51db50000: distinct 1 min 0x3f800000 max 0x3f800000,   target DB_Z_READ 0x51db50000: nonzero 1024/1024
  target DB_STENCIL_READ 0x51fb30000: distinct 1 min 0x80800000 max 0x80800000,   target DB_STENCIL_READ 0x51fb30000: nonzero 1024/1024
  target CB0 0x513bf0000: distinct 1 min 0x00000000 max 0x00000000,   target CB0 0x513bf0000: nonzero 0/1024
  target CB0 0x571867000: distinct 20 min 0x00000000 max 0xffffffff,   target CB0 0x571867000: nonzero 359/1024
  target CB0 0x57187b000: distinct 20 min 0x00000000 max 0xffffffff,   target CB0 0x57187b000: nonzero 339/1024
  target CB0 0x519b90000: distinct 1 min 0x07060089 max 0x07060089,   target CB0 0x519b90000: nonzero 1024/1024
  target CB0 0x5718eb000: distinct 19 min 0x00000000 max 0xffffffff,   target CB0 0x5718eb000: nonzero 267/1024
  target DB_HTILE 0x55c0e0000: distinct 2 min 0x00000000 max 0xffffffff,   target DB_HTILE 0x55c0e0000: nonzero 192/1024
  target DB_Z_READ 0x527430000: distinct 1 min 0xffffffff max 0xffffffff,   target DB_Z_READ 0x527430000: nonzero 1024/1024
timing: t 76.741 s flip 1/1, VideoOutSubmitFlip took 0.0 ms
  indirect op 16 at 1246: base 0x5074063c0 +0x0 -> 1 1 1 0 0
  indirect op 16 at 1278: base 0x5074063e0 +0x0 -> 1 1 1 0 0
  indirect op 16 at 1310: base 0x50740a520 +0x0 -> 1 1 1 0 0
  indirect op 16 at 1342: base 0x50740a540 +0x0 -> 1 1 1 0 0
  indirect op 25 at 4825: base 0x56ddaffa0 +0x0 -> 1 0 0 0 0
submit #1209 dcb 10440 dwords at 0x502002500: pass 691 rewrite 518 drop 462 unmapped 1 cc 12 mappings 286 ... OK rc 0 28.90 ms
timing: #1209 done at t 76.792 s, 38.6 ms after the sync and hints
state stack #1209: push 6 pop 6 conditional 1 unmatched 0; restored 5526 regs (+5622 dwords); tables 38, unreadable 0
swapped pages taken as resident so far: 0
vmas 115 total 13079.0 MiB resident 5030.0 MiB mapped 5030.1 MiB
submit #1210 acb 2 dwords at 0xfe003a200: pass 1 rewrite 0 drop 0 unmapped 0 cc 0 mappings 287 ... OK rc 0 22.76 ms
timing: #1210 done at t 76.828 s, 23.9 ms after the sync and hints
submit #1211 acb 49 dwords at 0x400208a94: pass 2 rewrite 3 drop 3 unmapped 0 cc 0 mappings 287 ... OK rc 0 22.92 ms
timing: #1211 done at t 76.863 s, 24.1 ms after the sync and hints
submit #1212 cc 3 dwords at 0x313b17cf4: pass 0 rewrite 1 drop 0 unmapped 0 cc 1 mappings 287 ... OK rc 0 22.85 ms
timing: #1212 done at t 76.899 s, 24.0 ms after the sync and hints
submit #1213 hib 150 dwords at 0xfe0000000: pass 12 rewrite 2 drop 2 unmapped 0 cc 2 mappings 287 ... OK rc 0 22.86 ms
timing: #1213 done at t 76.935 s, 24.4 ms after the sync and hints
submit #1214 hib 2 dwords at 0xfe003a200: pass 1 rewrite 0 drop 0 unmapped 0 cc 0 mappings 287 ... OK rc 0 22.81 ms
timing: #1214 done at t 76.970 s, 23.9 ms after the sync and hints
submit #1215 dcb 96 dwords at 0xfe0042920: pass 20 rewrite 2 drop 2 unmapped 0 cc 0 mappings 287 ... OK rc 0 22.96 ms
timing: #1215 done at t 77.006 s, 24.5 ms after the sync and hints
submit #1216 dcb 2647 dwords at 0x503c02500: pass 236 rewrite 123 drop 120 unmapped 0 cc 4 mappings 287 ... OK rc 0 23.43 ms
timing: #1216 done at t 77.044 s, 27.0 ms after the sync and hints
state stack #1216: push 2 pop 2 conditional 1 unmatched 0; restored 1842 regs (+1874 dwords); tables 13, unreadable 0
submit #1217 dcb 851 dwords at 0x505a02500: pass 47 rewrite 55 drop 45 unmapped 0 cc 0 mappings 287 ... OK rc 0 22.84 ms
timing: #1217 done at t 77.081 s, 24.4 ms after the sync and hints
submit #1218 acb 2 dwords at 0xfe003a200: pass 1 rewrite 0 drop 0 unmapped 0 cc 0 mappings 287 ... OK rc 0 22.95 ms
timing: #1218 done at t 77.116 s, 24.1 ms after the sync and hints
submit #1219 acb 463 dwords at 0x4004867c0: pass 43 rewrite 11 drop 27 unmapped 0 cc 0 mappings 287 ... OK rc 0 23.17 ms
timing: #1219 done at t 77.153 s, 24.4 ms after the sync and hints
submit #1220 dcb 798 dwords at 0x506802500: pass 103 rewrite 35 drop 22 unmapped 0 cc 6 mappings 287 ... acb head: 3413 of 3462 dwords go ahead of the wait at 3413 on 0x400202f80
OK rc 0 23.58 ms
timing: #1220 done at t 77.192 s, 27.4 ms after the sync and hints
state stack #1220: push 3 pop 3 conditional 1 unmatched 0; restored 2763 regs (+2811 dwords); tables 17, unreadable 0
  indirect op 16 at 1640: args 0x74063c0 not mapped, DROPPED
  indirect op 16 at 1738: args 0x74063e0 not mapped, DROPPED
  indirect op 16 at 1833: args 0x74063e0 not mapped, DROPPED
submit #1221 acb 3413 dwords at 0x4002a55c0: pass 331 rewrite 70 drop 165 unmapped 0 cc 0 mappings 287 ... OK rc 0 24.23 ms
timing: #1221 done at t 77.228 s, 25.5 ms after the sync and hints
submit #1222 dcb 1248 dwords at 0x504e02500: pass 151 rewrite 46 drop 45 unmapped 0 cc 6 mappings 287 ... OK rc 0 22.99 ms
timing: #1222 done at t 77.265 s, 25.9 ms after the sync and hints
state stack #1222: push 3 pop 3 conditional 1 unmatched 0; restored 2763 regs (+2811 dwords); tables 11, unreadable 0
flip 1/0 buffer 0x507410000 +0x1fe0000: sum 0x17f8a328c93c nonzero 8100/8160 pattern 0
  target CB0 0x5093f0000: distinct 53 min 0xc0000000 max 0xc340d034,   target CB0 0x5093f0000: nonzero 1024/1024
  target CB0 0x563800000: distinct 1 min 0x00000000 max 0x00000000,   target CB0 0x563800000: nonzero 0/1024
  target CB0 0x55c00d000: distinct 4 min 0x00000000 max 0xffffffff,   target CB0 0x55c00d000: nonzero 339/1024
  target CB0 0x5637f0000: distinct 1 min 0x00000000 max 0x00000000,   target CB0 0x5637f0000: nonzero 0/1024
  target CB0 0x526bf0000: distinct 1 min 0x38003800 max 0x38003800,   target CB0 0x526bf0000: nonzero 1024/1024
  target CB0 0x5719a8000: distinct 18 min 0x00000000 max 0xffffffff,   target CB0 0x5719a8000: nonzero 246/1024
  target DB_HTILE 0x5203a0000: distinct 2 min 0x00000000 max 0xfffffff0,   target DB_HTILE 0x5203a0000: nonzero 160/1024
  target DB_Z_READ 0x51db50000: distinct 1 min 0x3f800000 max 0x3f800000,   target DB_Z_READ 0x51db50000: nonzero 1024/1024
  target DB_STENCIL_READ 0x51fb30000: distinct 1 min 0x80800000 max 0x80800000,   target DB_STENCIL_READ 0x51fb30000: nonzero 1024/1024
  target CB0 0x513bf0000: distinct 1 min 0x00000000 max 0x00000000,   target CB0 0x513bf0000: nonzero 0/1024
  target CB0 0x571867000: distinct 20 min 0x00000000 max 0xffffffff,   target CB0 0x571867000: nonzero 359/1024
  target CB0 0x57187b000: distinct 20 min 0x00000000 max 0xffffffff,   target CB0 0x57187b000: nonzero 339/1024
  target CB0 0x519b90000: distinct 1 min 0x01f7819a max 0x01f7819a,   target CB0 0x519b90000: nonzero 1024/1024
  target CB0 0x5718eb000: distinct 19 min 0x00000000 max 0xffffffff,   target CB0 0x5718eb000: nonzero 267/1024
  target DB_HTILE 0x55c0e0000: distinct 2 min 0x00000000 max 0xffffffff,   target DB_HTILE 0x55c0e0000: nonzero 192/1024
  target DB_Z_READ 0x527430000: distinct 1 min 0xffffffff max 0xffffffff,   target DB_Z_READ 0x527430000: nonzero 1024/1024
timing: t 77.266 s flip 1/0, VideoOutSubmitFlip took 0.0 ms
  indirect op 16 at 1246: base 0x5074063c0 +0x0 -> 1 1 1 0 0
  indirect op 16 at 1278: base 0x5074063e0 +0x0 -> 1 1 1 0 0
  indirect op 16 at 1310: base 0x50740a520 +0x0 -> 1 1 1 0 0
  indirect op 16 at 1342: base 0x50740a540 +0x0 -> 1 1 1 0 0
  indirect op 25 at 4825: base 0x56ddaffa0 +0x0 -> 1 0 0 0 0
submit #1223 dcb 10440 dwords at 0x502702500: pass 691 rewrite 518 drop 462 unmapped 1 cc 12 mappings 287 ... OK rc 0 28.98 ms
timing: #1223 done at t 77.316 s, 38.0 ms after the sync and hints
state stack #1223: push 6 pop 6 conditional 1 unmatched 0; restored 5526 regs (+5622 dwords); tables 38, unreadable 0
submit #1224 acb 2 dwords at 0xfe003a200: pass 1 rewrite 0 drop 0 unmapped 0 cc 0 mappings 287 ... OK rc 0 22.71 ms
timing: #1224 done at t 77.352 s, 23.8 ms after the sync and hints
submit #1225 acb 49 dwords at 0x4002a8b14: pass 2 rewrite 3 drop 3 unmapped 0 cc 0 mappings 287 ... OK rc 0 22.69 ms
timing: #1225 done at t 77.387 s, 23.8 ms after the sync and hints
submit #1226 cc 3 dwords at 0x313b17cf4: pass 0 rewrite 1 drop 0 unmapped 0 cc 1 mappings 287 ... OK rc 0 23.04 ms
timing: #1226 done at t 77.423 s, 24.2 ms after the sync and hints
submit #1227 hib 150 dwords at 0xfe0000000: pass 12 rewrite 2 drop 2 unmapped 0 cc 2 mappings 287 ... OK rc 0 23.11 ms
timing: #1227 done at t 77.459 s, 24.8 ms after the sync and hints
submit #1228 hib 2 dwords at 0xfe003a200: pass 1 rewrite 0 drop 0 unmapped 0 cc 0 mappings 287 ... OK rc 0 23.08 ms
timing: #1228 done at t 77.494 s, 24.2 ms after the sync and hints
submit #1229 dcb 96 dwords at 0xfe0042920: pass 20 rewrite 2 drop 2 unmapped 0 cc 0 mappings 287 ... OK rc 0 22.91 ms
timing: #1229 done at t 77.530 s, 24.4 ms after the sync and hints
submit #1230 dcb 2647 dwords at 0x504302500: pass 236 rewrite 123 drop 120 unmapped 0 cc 4 mappings 287 ... OK rc 0 23.21 ms
timing: #1230 done at t 77.568 s, 26.6 ms after the sync and hints
state stack #1230: push 2 pop 2 conditional 1 unmatched 0; restored 1842 regs (+1874 dwords); tables 13, unreadable 0
submit #1231 dcb 851 dwords at 0x505e02500: pass 47 rewrite 55 drop 45 unmapped 0 cc 0 mappings 287 ... OK rc 0 22.80 ms
timing: #1231 done at t 77.604 s, 24.4 ms after the sync and hints
submit #1232 acb 2 dwords at 0xfe003a200: pass 1 rewrite 0 drop 0 unmapped 0 cc 0 mappings 287 ... OK rc 0 22.88 ms
timing: #1232 done at t 77.640 s, 24.0 ms after the sync and hints
submit #1233 acb 463 dwords at 0x400526840: pass 43 rewrite 11 drop 27 unmapped 0 cc 0 mappings 287 ... OK rc 0 23.19 ms
timing: #1233 done at t 77.675 s, 24.4 ms after the sync and hints
submit #1234 dcb 798 dwords at 0x506e02500: pass 103 rewrite 35 drop 22 unmapped 0 cc 6 mappings 287 ... acb head: 3413 of 3462 dwords go ahead of the wait at 3413 on 0x400203b80
OK rc 0 23.76 ms
timing: #1234 done at t 77.715 s, 27.6 ms after the sync and hints
state stack #1234: push 3 pop 3 conditional 1 unmatched 0; restored 2763 regs (+2811 dwords); tables 17, unreadable 0
  indirect op 16 at 1640: args 0x74063c0 not mapped, DROPPED
  indirect op 16 at 1738: args 0x74063e0 not mapped, DROPPED
  indirect op 16 at 1833: args 0x74063e0 not mapped, DROPPED
submit #1235 acb 3413 dwords at 0x400345640: pass 331 rewrite 70 drop 165 unmapped 0 cc 0 mappings 287 ... OK rc 0 24.38 ms
timing: #1235 done at t 77.753 s, 25.7 ms after the sync and hints
submit #1236 dcb 1248 dwords at 0x505202500: pass 151 rewrite 46 drop 45 unmapped 0 cc 6 mappings 287 ... OK rc 0 23.19 ms
timing: #1236 done at t 77.791 s, 26.2 ms after the sync and hints
state stack #1236: push 3 pop 3 conditional 1 unmatched 0; restored 2763 regs (+2811 dwords); tables 11, unreadable 0
flip 1/1 buffer 0x5093f0000 +0x1fe0000: sum 0x17f8fd2f4adb nonzero 8100/8160 pattern 0
  target CB0 0x507410000: distinct 53 min 0xc0000000 max 0xc340d034,   target CB0 0x507410000: nonzero 1024/1024
  target CB0 0x563800000: distinct 1 min 0x00000000 max 0x00000000,   target CB0 0x563800000: nonzero 0/1024
  target CB0 0x55c00d000: distinct 4 min 0x00000000 max 0xffffffff,   target CB0 0x55c00d000: nonzero 339/1024
  target CB0 0x5637f0000: distinct 1 min 0x00000000 max 0x00000000,   target CB0 0x5637f0000: nonzero 0/1024
  target CB0 0x526bf0000: distinct 1 min 0x38003800 max 0x38003800,   target CB0 0x526bf0000: nonzero 1024/1024
  target CB0 0x5719a8000: distinct 18 min 0x00000000 max 0xffffffff,   target CB0 0x5719a8000: nonzero 246/1024
  target DB_HTILE 0x5203a0000: distinct 2 min 0x00000000 max 0xfffffff0,   target DB_HTILE 0x5203a0000: nonzero 160/1024
  target DB_Z_READ 0x51db50000: distinct 1 min 0x3f800000 max 0x3f800000,   target DB_Z_READ 0x51db50000: nonzero 1024/1024
  target DB_STENCIL_READ 0x51fb30000: distinct 1 min 0x80800000 max 0x80800000,   target DB_STENCIL_READ 0x51fb30000: nonzero 1024/1024
  target CB0 0x513bf0000: distinct 1 min 0x00000000 max 0x00000000,   target CB0 0x513bf0000: nonzero 0/1024
  target CB0 0x571867000: distinct 20 min 0x00000000 max 0xffffffff,   target CB0 0x571867000: nonzero 359/1024
  target CB0 0x57187b000: distinct 20 min 0x00000000 max 0xffffffff,   target CB0 0x57187b000: nonzero 339/1024
  target CB0 0x519b90000: distinct 1 min 0x831702ab max 0x831702ab,   target CB0 0x519b90000: nonzero 1024/1024
  target CB0 0x5718eb000: distinct 19 min 0x00000000 max 0xffffffff,   target CB0 0x5718eb000: nonzero 267/1024
  target DB_HTILE 0x55c0e0000: distinct 2 min 0x00000000 max 0xffffffff,   target DB_HTILE 0x55c0e0000: nonzero 192/1024
  target DB_Z_READ 0x527430000: distinct 1 min 0xffffffff max 0xffffffff,   target DB_Z_READ 0x527430000: nonzero 1024/1024
timing: t 77.792 s flip 1/1, VideoOutSubmitFlip took 0.0 ms
  indirect op 16 at 1246: base 0x5074063c0 +0x0 -> 1 1 1 0 0
  indirect op 16 at 1278: base 0x5074063e0 +0x0 -> 1 1 1 0 0
  indirect op 16 at 1310: base 0x50740a520 +0x0 -> 1 1 1 0 0
  indirect op 16 at 1342: base 0x50740a540 +0x0 -> 1 1 1 0 0
  indirect op 25 at 4825: base 0x56ddaffa0 +0x0 -> 1 0 0 0 0
submit #1237 dcb 10440 dwords at 0x502e02500: pass 691 rewrite 518 drop 462 unmapped 1 cc 12 mappings 287 ... OK rc 0 28.97 ms
timing: #1237 done at t 77.842 s, 38.1 ms after the sync and hints
state stack #1237: push 6 pop 6 conditional 1 unmatched 0; restored 5526 regs (+5622 dwords); tables 38, unreadable 0
submit #1238 acb 2 dwords at 0xfe003a200: pass 1 rewrite 0 drop 0 unmapped 0 cc 0 mappings 287 ... OK rc 0 23.00 ms
timing: #1238 done at t 77.878 s, 24.2 ms after the sync and hints
swapped pages taken as resident so far: 0
vmas 115 total 13079.0 MiB resident 5030.1 MiB mapped 5030.1 MiB
submit #1239 acb 49 dwords at 0x400348b94: pass 2 rewrite 3 drop 3 unmapped 0 cc 0 mappings 288 ... OK rc 0 22.74 ms
timing: #1239 done at t 77.913 s, 23.8 ms after the sync and hints
submit #1240 cc 3 dwords at 0x313b17cf4: pass 0 rewrite 1 drop 0 unmapped 0 cc 1 mappings 288 ... OK rc 0 22.94 ms
timing: #1240 done at t 77.949 s, 24.1 ms after the sync and hints
submit #1241 hib 150 dwords at 0xfe0000000: pass 12 rewrite 2 drop 2 unmapped 0 cc 2 mappings 288 ... OK rc 0 22.91 ms
timing: #1241 done at t 77.985 s, 24.5 ms after the sync and hints
submit #1242 hib 2 dwords at 0xfe003a200: pass 1 rewrite 0 drop 0 unmapped 0 cc 0 mappings 288 ... OK rc 0 22.90 ms
timing: #1242 done at t 78.020 s, 24.1 ms after the sync and hints
submit #1243 dcb 96 dwords at 0xfe0042920: pass 20 rewrite 2 drop 2 unmapped 0 cc 0 mappings 288 ... OK rc 0 22.82 ms
timing: #1243 done at t 78.056 s, 24.3 ms after the sync and hints
submit #1244 dcb 2647 dwords at 0x503502500: pass 236 rewrite 123 drop 120 unmapped 0 cc 4 mappings 288 ... OK rc 0 23.22 ms
timing: #1244 done at t 78.094 s, 26.7 ms after the sync and hints
state stack #1244: push 2 pop 2 conditional 1 unmatched 0; restored 1842 regs (+1874 dwords); tables 13, unreadable 0
submit #1245 dcb 851 dwords at 0x505602500: pass 47 rewrite 55 drop 45 unmapped 0 cc 0 mappings 288 ... OK rc 0 22.81 ms
timing: #1245 done at t 78.130 s, 24.4 ms after the sync and hints
submit #1246 acb 2 dwords at 0xfe003a200: pass 1 rewrite 0 drop 0 unmapped 0 cc 0 mappings 288 ... OK rc 0 22.90 ms
timing: #1246 done at t 78.166 s, 24.1 ms after the sync and hints
submit #1247 acb 463 dwords at 0x4003e6740: pass 43 rewrite 11 drop 27 unmapped 0 cc 0 mappings 288 ... OK rc 0 23.06 ms
timing: #1247 done at t 78.201 s, 24.3 ms after the sync and hints
submit #1248 dcb 798 dwords at 0x506202500: pass 103 rewrite 35 drop 22 unmapped 0 cc 6 mappings 288 ... acb head: 3413 of 3462 dwords go ahead of the wait at 3413 on 0x400202380
OK rc 0 23.68 ms
timing: #1248 done at t 78.240 s, 27.5 ms after the sync and hints
state stack #1248: push 3 pop 3 conditional 1 unmatched 0; restored 2763 regs (+2811 dwords); tables 17, unreadable 0
  indirect op 16 at 1640: args 0x74063c0 not mapped, DROPPED
  indirect op 16 at 1738: args 0x74063e0 not mapped, DROPPED
  indirect op 16 at 1833: args 0x74063e0 not mapped, DROPPED
submit #1249 acb 3413 dwords at 0x400205540: pass 331 rewrite 70 drop 165 unmapped 0 cc 0 mappings 288 ... OK rc 0 24.24 ms
timing: #1249 done at t 78.277 s, 25.5 ms after the sync and hints
submit #1250 dcb 1248 dwords at 0x504a02500: pass 151 rewrite 46 drop 45 unmapped 0 cc 6 mappings 288 ... OK rc 0 23.10 ms
timing: #1250 done at t 78.315 s, 26.0 ms after the sync and hints
state stack #1250: push 3 pop 3 conditional 1 unmatched 0; restored 2763 regs (+2811 dwords); tables 11, unreadable 0
flip 1/0 buffer 0x507410000 +0x1fe0000: sum 0x17f94f13c3f8 nonzero 8100/8160 pattern 0
  target CB0 0x5093f0000: distinct 53 min 0xc0000000 max 0xc340d034,   target CB0 0x5093f0000: nonzero 1024/1024
  target CB0 0x563800000: distinct 1 min 0x00000000 max 0x00000000,   target CB0 0x563800000: nonzero 0/1024
  target CB0 0x55c00d000: distinct 4 min 0x00000000 max 0xffffffff,   target CB0 0x55c00d000: nonzero 339/1024
  target CB0 0x5637f0000: distinct 1 min 0x00000000 max 0x00000000,   target CB0 0x5637f0000: nonzero 0/1024
  target CB0 0x526bf0000: distinct 1 min 0x38003800 max 0x38003800,   target CB0 0x526bf0000: nonzero 1024/1024
  target CB0 0x5719a8000: distinct 18 min 0x00000000 max 0xffffffff,   target CB0 0x5719a8000: nonzero 246/1024
  target DB_HTILE 0x5203a0000: distinct 2 min 0x00000000 max 0xfffffff0,   target DB_HTILE 0x5203a0000: nonzero 160/1024
  target DB_Z_READ 0x51db50000: distinct 1 min 0x3f800000 max 0x3f800000,   target DB_Z_READ 0x51db50000: nonzero 1024/1024
  target DB_STENCIL_READ 0x51fb30000: distinct 1 min 0x80800000 max 0x80800000,   target DB_STENCIL_READ 0x51fb30000: nonzero 1024/1024
  target CB0 0x513bf0000: distinct 1 min 0x00000000 max 0x00000000,   target CB0 0x513bf0000: nonzero 0/1024
  target CB0 0x571867000: distinct 20 min 0x00000000 max 0xffffffff,   target CB0 0x571867000: nonzero 359/1024
  target CB0 0x57187b000: distinct 20 min 0x00000000 max 0xffffffff,   target CB0 0x57187b000: nonzero 339/1024
  target CB0 0x519b90000: distinct 1 min 0x055682ab max 0x055682ab,   target CB0 0x519b90000: nonzero 1024/1024
  target CB0 0x5718eb000: distinct 19 min 0x00000000 max 0xffffffff,   target CB0 0x5718eb000: nonzero 267/1024
  target DB_HTILE 0x55c0e0000: distinct 2 min 0x00000000 max 0xffffffff,   target DB_HTILE 0x55c0e0000: nonzero 192/1024
  target DB_Z_READ 0x527430000: distinct 1 min 0xffffffff max 0xffffffff,   target DB_Z_READ 0x527430000: nonzero 1024/1024
timing: t 78.316 s flip 1/0, VideoOutSubmitFlip took 0.0 ms
  indirect op 16 at 1246: base 0x5074063c0 +0x0 -> 1 1 1 0 0
  indirect op 16 at 1278: base 0x5074063e0 +0x0 -> 1 1 1 0 0
  indirect op 16 at 1310: base 0x50740a520 +0x0 -> 1 1 1 0 0
  indirect op 16 at 1342: base 0x50740a540 +0x0 -> 1 1 1 0 0
  indirect op 25 at 4825: base 0x56ddaffa0 +0x0 -> 1 0 0 0 0
submit #1251 dcb 10440 dwords at 0x502002500: pass 691 rewrite 518 drop 462 unmapped 1 cc 12 mappings 288 ... OK rc 0 28.95 ms
timing: #1251 done at t 78.367 s, 37.9 ms after the sync and hints
state stack #1251: push 6 pop 6 conditional 1 unmatched 0; restored 5526 regs (+5622 dwords); tables 38, unreadable 0
submit #1252 acb 2 dwords at 0xfe003a200: pass 1 rewrite 0 drop 0 unmapped 0 cc 0 mappings 288 ... OK rc 0 22.75 ms
timing: #1252 done at t 78.403 s, 23.9 ms after the sync and hints
submit #1253 acb 49 dwords at 0x400208a94: pass 2 rewrite 3 drop 3 unmapped 0 cc 0 mappings 288 ... OK rc 0 22.76 ms
timing: #1253 done at t 78.438 s, 23.9 ms after the sync and hints
submit #1254 cc 3 dwords at 0x313b17cf4: pass 0 rewrite 1 drop 0 unmapped 0 cc 1 mappings 288 ... OK rc 0 22.92 ms
timing: #1254 done at t 78.473 s, 24.1 ms after the sync and hints
submit #1255 hib 150 dwords at 0xfe0000000: pass 12 rewrite 2 drop 2 unmapped 0 cc 2 mappings 288 ... OK rc 0 22.80 ms
timing: #1255 done at t 78.509 s, 24.4 ms after the sync and hints
submit #1256 hib 2 dwords at 0xfe003a200: pass 1 rewrite 0 drop 0 unmapped 0 cc 0 mappings 288 ... OK rc 0 22.88 ms
timing: #1256 done at t 78.544 s, 24.0 ms after the sync and hints
submit #1257 dcb 96 dwords at 0xfe0042920: pass 20 rewrite 2 drop 2 unmapped 0 cc 0 mappings 288 ... OK rc 0 22.84 ms
timing: #1257 done at t 78.580 s, 24.3 ms after the sync and hints
submit #1258 dcb 2647 dwords at 0x503c02500: pass 236 rewrite 123 drop 120 unmapped 0 cc 4 mappings 288 ... OK rc 0 23.28 ms
timing: #1258 done at t 78.618 s, 26.8 ms after the sync and hints
state stack #1258: push 2 pop 2 conditional 1 unmatched 0; restored 1842 regs (+1874 dwords); tables 13, unreadable 0
submit #1259 dcb 851 dwords at 0x505a02500: pass 47 rewrite 55 drop 45 unmapped 0 cc 0 mappings 288 ... OK rc 0 22.79 ms
timing: #1259 done at t 78.654 s, 24.5 ms after the sync and hints
submit #1260 acb 2 dwords at 0xfe003a200: pass 1 rewrite 0 drop 0 unmapped 0 cc 0 mappings 288 ... OK rc 0 22.85 ms
timing: #1260 done at t 78.690 s, 24.0 ms after the sync and hints
submit #1261 acb 463 dwords at 0x4004867c0: pass 43 rewrite 11 drop 27 unmapped 0 cc 0 mappings 288 ... OK rc 0 23.08 ms
timing: #1261 done at t 78.727 s, 24.3 ms after the sync and hints
submit #1262 dcb 798 dwords at 0x506802500: pass 103 rewrite 35 drop 22 unmapped 0 cc 6 mappings 288 ... acb head: 3413 of 3462 dwords go ahead of the wait at 3413 on 0x400202f80
OK rc 0 23.53 ms
timing: #1262 done at t 78.766 s, 27.3 ms after the sync and hints
state stack #1262: push 3 pop 3 conditional 1 unmatched 0; restored 2763 regs (+2811 dwords); tables 17, unreadable 0
  indirect op 16 at 1640: args 0x74063c0 not mapped, DROPPED
  indirect op 16 at 1738: args 0x74063e0 not mapped, DROPPED
  indirect op 16 at 1833: args 0x74063e0 not mapped, DROPPED
submit #1263 acb 3413 dwords at 0x4002a55c0: pass 331 rewrite 70 drop 165 unmapped 0 cc 0 mappings 288 ... OK rc 0 24.35 ms
timing: #1263 done at t 78.802 s, 25.7 ms after the sync and hints
submit #1264 dcb 1248 dwords at 0x504e02500: pass 151 rewrite 46 drop 45 unmapped 0 cc 6 mappings 288 ... OK rc 0 23.00 ms
timing: #1264 done at t 78.840 s, 25.9 ms after the sync and hints
state stack #1264: push 3 pop 3 conditional 1 unmatched 0; restored 2763 regs (+2811 dwords); tables 11, unreadable 0
flip 1/1 buffer 0x5093f0000 +0x1fe0000: sum 0x17f99ca728d0 nonzero 8100/8160 pattern 0
  target CB0 0x507410000: distinct 53 min 0xc0000000 max 0xc340d034,   target CB0 0x507410000: nonzero 1024/1024
  target CB0 0x563800000: distinct 1 min 0x00000000 max 0x00000000,   target CB0 0x563800000: nonzero 0/1024
  target CB0 0x55c00d000: distinct 4 min 0x00000000 max 0xffffffff,   target CB0 0x55c00d000: nonzero 339/1024
  target CB0 0x5637f0000: distinct 1 min 0x00000000 max 0x00000000,   target CB0 0x5637f0000: nonzero 0/1024
  target CB0 0x526bf0000: distinct 1 min 0x38003800 max 0x38003800,   target CB0 0x526bf0000: nonzero 1024/1024
  target CB0 0x5719a8000: distinct 18 min 0x00000000 max 0xffffffff,   target CB0 0x5719a8000: nonzero 246/1024
  target DB_HTILE 0x5203a0000: distinct 2 min 0x00000000 max 0xfffffff0,   target DB_HTILE 0x5203a0000: nonzero 160/1024
  target DB_Z_READ 0x51db50000: distinct 1 min 0x3f800000 max 0x3f800000,   target DB_Z_READ 0x51db50000: nonzero 1024/1024
  target DB_STENCIL_READ 0x51fb30000: distinct 1 min 0x80800000 max 0x80800000,   target DB_STENCIL_READ 0x51fb30000: nonzero 1024/1024
  target CB0 0x513bf0000: distinct 1 min 0x00000000 max 0x00000000,   target CB0 0x513bf0000: nonzero 0/1024
  target CB0 0x571867000: distinct 20 min 0x00000000 max 0xffffffff,   target CB0 0x571867000: nonzero 359/1024
  target CB0 0x57187b000: distinct 20 min 0x00000000 max 0xffffffff,   target CB0 0x57187b000: nonzero 339/1024
  target CB0 0x519b90000: distinct 1 min 0x0048019a max 0x0048019a,   target CB0 0x519b90000: nonzero 1024/1024
  target CB0 0x5718eb000: distinct 19 min 0x00000000 max 0xffffffff,   target CB0 0x5718eb000: nonzero 267/1024
  target DB_HTILE 0x55c0e0000: distinct 2 min 0x00000000 max 0xffffffff,   target DB_HTILE 0x55c0e0000: nonzero 192/1024
  target DB_Z_READ 0x527430000: distinct 1 min 0xffffffff max 0xffffffff,   target DB_Z_READ 0x527430000: nonzero 1024/1024
timing: t 78.841 s flip 1/1, VideoOutSubmitFlip took 0.0 ms
  indirect op 16 at 1246: base 0x5074063c0 +0x0 -> 1 1 1 0 0
  indirect op 16 at 1278: base 0x5074063e0 +0x0 -> 1 1 1 0 0
  indirect op 16 at 1310: base 0x50740a520 +0x0 -> 1 1 1 0 0
  indirect op 16 at 1342: base 0x50740a540 +0x0 -> 1 1 1 0 0
  indirect op 25 at 4825: base 0x56ddaffa0 +0x0 -> 1 0 0 0 0
submit #1265 dcb 10440 dwords at 0x502702500: pass 691 rewrite 518 drop 462 unmapped 1 cc 12 mappings 288 ... OK rc 0 28.90 ms
timing: #1265 done at t 78.890 s, 37.9 ms after the sync and hints
state stack #1265: push 6 pop 6 conditional 1 unmatched 0; restored 5526 regs (+5622 dwords); tables 38, unreadable 0
submit #1266 acb 2 dwords at 0xfe003a200: pass 1 rewrite 0 drop 0 unmapped 0 cc 0 mappings 288 ... OK rc 0 22.77 ms
timing: #1266 done at t 78.926 s, 24.0 ms after the sync and hints
submit #1267 acb 49 dwords at 0x4002a8b14: pass 2 rewrite 3 drop 3 unmapped 0 cc 0 mappings 288 ... OK rc 0 22.65 ms
timing: #1267 done at t 78.961 s, 23.9 ms after the sync and hints
submit #1268 cc 3 dwords at 0x313b17cf4: pass 0 rewrite 1 drop 0 unmapped 0 cc 1 mappings 288 ... OK rc 0 23.11 ms
timing: #1268 done at t 78.997 s, 24.3 ms after the sync and hints
submit #1269 hib 150 dwords at 0xfe0000000: pass 12 rewrite 2 drop 2 unmapped 0 cc 2 mappings 288 ... OK rc 0 22.82 ms
timing: #1269 done at t 79.033 s, 24.3 ms after the sync and hints
submit #1270 hib 2 dwords at 0xfe003a200: pass 1 rewrite 0 drop 0 unmapped 0 cc 0 mappings 288 ... OK rc 0 22.92 ms
timing: #1270 done at t 79.068 s, 24.1 ms after the sync and hints
submit #1271 dcb 96 dwords at 0xfe0042920: pass 20 rewrite 2 drop 2 unmapped 0 cc 0 mappings 288 ... OK rc 0 23.04 ms
timing: #1271 done at t 79.104 s, 24.5 ms after the sync and hints
submit #1272 dcb 2647 dwords at 0x504302500: pass 236 rewrite 123 drop 120 unmapped 0 cc 4 mappings 288 ... OK rc 0 23.43 ms
timing: #1272 done at t 79.142 s, 26.8 ms after the sync and hints
state stack #1272: push 2 pop 2 conditional 1 unmatched 0; restored 1842 regs (+1874 dwords); tables 13, unreadable 0
submit #1273 acb 2 dwords at 0xfe003a200: pass 1 rewrite 0 drop 0 unmapped 0 cc 0 mappings 288 ... OK rc 0 22.85 ms
timing: #1273 done at t 79.179 s, 24.0 ms after the sync and hints
submit #1274 dcb 851 dwords at 0x505e02500: pass 47 rewrite 55 drop 45 unmapped 0 cc 0 mappings 288 ... OK rc 0 23.08 ms
timing: #1274 done at t 79.215 s, 24.7 ms after the sync and hints
submit #1275 acb 463 dwords at 0x400526840: pass 43 rewrite 11 drop 27 unmapped 0 cc 0 mappings 288 ... OK rc 0 23.10 ms
timing: #1275 done at t 79.251 s, 24.3 ms after the sync and hints
submit #1276 dcb 798 dwords at 0x506e02500: pass 103 rewrite 35 drop 22 unmapped 0 cc 6 mappings 288 ... acb head: 3413 of 3462 dwords go ahead of the wait at 3413 on 0x400203b80
OK rc 0 23.59 ms
timing: #1276 done at t 79.290 s, 27.4 ms after the sync and hints
state stack #1276: push 3 pop 3 conditional 1 unmatched 0; restored 2763 regs (+2811 dwords); tables 17, unreadable 0
  indirect op 16 at 1640: args 0x74063c0 not mapped, DROPPED
  indirect op 16 at 1738: args 0x74063e0 not mapped, DROPPED
  indirect op 16 at 1833: args 0x74063e0 not mapped, DROPPED
submit #1277 acb 3413 dwords at 0x400345640: pass 331 rewrite 70 drop 165 unmapped 0 cc 0 mappings 288 ... OK rc 0 24.20 ms
timing: #1277 done at t 79.327 s, 25.6 ms after the sync and hints
submit #1278 dcb 1248 dwords at 0x505202500: pass 151 rewrite 46 drop 45 unmapped 0 cc 6 mappings 288 ... OK rc 0 22.99 ms
timing: #1278 done at t 79.365 s, 25.9 ms after the sync and hints
state stack #1278: push 3 pop 3 conditional 1 unmatched 0; restored 2763 regs (+2811 dwords); tables 11, unreadable 0
flip 1/0 buffer 0x507410000 +0x1fe0000: sum 0x17f9e1785d1c nonzero 8100/8160 pattern 0
  target CB0 0x5093f0000: distinct 53 min 0xc0000000 max 0xc340d034,   target CB0 0x5093f0000: nonzero 1024/1024
  target CB0 0x563800000: distinct 1 min 0x00000000 max 0x00000000,   target CB0 0x563800000: nonzero 0/1024
  target CB0 0x55c00d000: distinct 4 min 0x00000000 max 0xffffffff,   target CB0 0x55c00d000: nonzero 339/1024
  target CB0 0x5637f0000: distinct 1 min 0x00000000 max 0x00000000,   target CB0 0x5637f0000: nonzero 0/1024
  target CB0 0x526bf0000: distinct 1 min 0x38003800 max 0x38003800,   target CB0 0x526bf0000: nonzero 1024/1024
  target CB0 0x5719a8000: distinct 18 min 0x00000000 max 0xffffffff,   target CB0 0x5719a8000: nonzero 246/1024
  target DB_HTILE 0x5203a0000: distinct 2 min 0x00000000 max 0xfffffff0,   target DB_HTILE 0x5203a0000: nonzero 160/1024
  target DB_Z_READ 0x51db50000: distinct 1 min 0x3f800000 max 0x3f800000,   target DB_Z_READ 0x51db50000: nonzero 1024/1024
  target DB_STENCIL_READ 0x51fb30000: distinct 1 min 0x80800000 max 0x80800000,   target DB_STENCIL_READ 0x51fb30000: nonzero 1024/1024
  target CB0 0x513bf0000: distinct 1 min 0x00000000 max 0x00000000,   target CB0 0x513bf0000: nonzero 0/1024
  target CB0 0x571867000: distinct 20 min 0x00000000 max 0xffffffff,   target CB0 0x571867000: nonzero 359/1024
  target CB0 0x57187b000: distinct 20 min 0x00000000 max 0xffffffff,   target CB0 0x57187b000: nonzero 339/1024
  target CB0 0x519b90000: distinct 1 min 0x84c78089 max 0x84c78089,   target CB0 0x519b90000: nonzero 1024/1024
  target CB0 0x5718eb000: distinct 19 min 0x00000000 max 0xffffffff,   target CB0 0x5718eb000: nonzero 267/1024
  target DB_HTILE 0x55c0e0000: distinct 2 min 0x00000000 max 0xffffffff,   target DB_HTILE 0x55c0e0000: nonzero 192/1024
  target DB_Z_READ 0x527430000: distinct 1 min 0xffffffff max 0xffffffff,   target DB_Z_READ 0x527430000: nonzero 1024/1024
timing: t 79.366 s flip 1/0, VideoOutSubmitFlip took 0.0 ms
  indirect op 16 at 1246: base 0x5074063c0 +0x0 -> 1 1 1 0 0
  indirect op 16 at 1278: base 0x5074063e0 +0x0 -> 1 1 1 0 0
  indirect op 16 at 1310: base 0x50740a520 +0x0 -> 1 1 1 0 0
  indirect op 16 at 1342: base 0x50740a540 +0x0 -> 1 1 1 0 0
  indirect op 25 at 4825: base 0x56ddaffa0 +0x0 -> 1 0 0 0 0
submit #1279 dcb 10440 dwords at 0x502e02500: pass 691 rewrite 518 drop 462 unmapped 1 cc 12 mappings 288 ... OK rc 0 29.03 ms
timing: #1279 done at t 79.416 s, 38.0 ms after the sync and hints
state stack #1279: push 6 pop 6 conditional 1 unmatched 0; restored 5526 regs (+5622 dwords); tables 38, unreadable 0
swapped pages taken as resident so far: 0
vmas 115 total 13079.0 MiB resident 5030.1 MiB mapped 5030.2 MiB
submit #1280 acb 2 dwords at 0xfe003a200: pass 1 rewrite 0 drop 0 unmapped 0 cc 0 mappings 289 ... OK rc 0 22.72 ms
timing: #1280 done at t 79.451 s, 23.8 ms after the sync and hints
submit #1281 acb 49 dwords at 0x400348b94: pass 2 rewrite 3 drop 3 unmapped 0 cc 0 mappings 289 ... OK rc 0 22.66 ms
timing: #1281 done at t 79.486 s, 23.8 ms after the sync and hints
submit #1282 cc 3 dwords at 0x313b17cf4: pass 0 rewrite 1 drop 0 unmapped 0 cc 1 mappings 289 ... OK rc 0 22.84 ms
timing: #1282 done at t 79.522 s, 24.0 ms after the sync and hints
submit #1283 hib 150 dwords at 0xfe0000000: pass 12 rewrite 2 drop 2 unmapped 0 cc 2 mappings 289 ... OK rc 0 23.11 ms
timing: #1283 done at t 79.558 s, 24.6 ms after the sync and hints
submit #1284 hib 2 dwords at 0xfe003a200: pass 1 rewrite 0 drop 0 unmapped 0 cc 0 mappings 289 ... OK rc 0 22.81 ms
timing: #1284 done at t 79.593 s, 24.0 ms after the sync and hints
submit #1285 dcb 96 dwords at 0xfe0042920: pass 20 rewrite 2 drop 2 unmapped 0 cc 0 mappings 289 ... OK rc 0 22.85 ms
timing: #1285 done at t 79.629 s, 24.4 ms after the sync and hints
submit #1286 dcb 2647 dwords at 0x503502500: pass 236 rewrite 123 drop 120 unmapped 0 cc 4 mappings 289 ... OK rc 0 23.23 ms
timing: #1286 done at t 79.667 s, 26.7 ms after the sync and hints
state stack #1286: push 2 pop 2 conditional 1 unmatched 0; restored 1842 regs (+1874 dwords); tables 13, unreadable 0
submit #1287 acb 2 dwords at 0xfe003a200: pass 1 rewrite 0 drop 0 unmapped 0 cc 0 mappings 289 ... OK rc 0 22.64 ms
timing: #1287 done at t 79.703 s, 24.0 ms after the sync and hints
submit #1288 dcb 851 dwords at 0x505602500: pass 47 rewrite 55 drop 45 unmapped 0 cc 0 mappings 289 ... OK rc 0 22.88 ms
timing: #1288 done at t 79.739 s, 24.5 ms after the sync and hints
submit #1289 acb 463 dwords at 0x4003e6740: pass 43 rewrite 11 drop 27 unmapped 0 cc 0 mappings 289 ... OK rc 0 23.12 ms
timing: #1289 done at t 79.774 s, 24.3 ms after the sync and hints
submit #1290 dcb 798 dwords at 0x506202500: pass 103 rewrite 35 drop 22 unmapped 0 cc 6 mappings 289 ... acb head: 3413 of 3462 dwords go ahead of the wait at 3413 on 0x400202380
OK rc 0 23.65 ms
timing: #1290 done at t 79.814 s, 27.5 ms after the sync and hints
state stack #1290: push 3 pop 3 conditional 1 unmatched 0; restored 2763 regs (+2811 dwords); tables 17, unreadable 0
  indirect op 16 at 1640: args 0x74063c0 not mapped, DROPPED
  indirect op 16 at 1738: args 0x74063e0 not mapped, DROPPED
  indirect op 16 at 1833: args 0x74063e0 not mapped, DROPPED
submit #1291 acb 3413 dwords at 0x400205540: pass 331 rewrite 70 drop 165 unmapped 0 cc 0 mappings 289 ... OK rc 0 24.32 ms
timing: #1291 done at t 79.850 s, 25.6 ms after the sync and hints
submit #1292 dcb 1248 dwords at 0x504a02500: pass 151 rewrite 46 drop 45 unmapped 0 cc 6 mappings 289 ... OK rc 0 22.88 ms
timing: #1292 done at t 79.888 s, 25.9 ms after the sync and hints
state stack #1292: push 3 pop 3 conditional 1 unmatched 0; restored 2763 regs (+2811 dwords); tables 11, unreadable 0
flip 1/1 buffer 0x5093f0000 +0x1fe0000: sum 0x17fa1e5794e9 nonzero 8100/8160 pattern 0
  target CB0 0x507410000: distinct 53 min 0xc0000000 max 0xc340d034,   target CB0 0x507410000: nonzero 1024/1024
  target CB0 0x563800000: distinct 1 min 0x00000000 max 0x00000000,   target CB0 0x563800000: nonzero 0/1024
  target CB0 0x55c00d000: distinct 4 min 0x00000000 max 0xffffffff,   target CB0 0x55c00d000: nonzero 339/1024
  target CB0 0x5637f0000: distinct 1 min 0x00000000 max 0x00000000,   target CB0 0x5637f0000: nonzero 0/1024
  target CB0 0x526bf0000: distinct 1 min 0x38003800 max 0x38003800,   target CB0 0x526bf0000: nonzero 1024/1024
  target CB0 0x5719a8000: distinct 18 min 0x00000000 max 0xffffffff,   target CB0 0x5719a8000: nonzero 246/1024
  target DB_HTILE 0x5203a0000: distinct 2 min 0x00000000 max 0xfffffff0,   target DB_HTILE 0x5203a0000: nonzero 160/1024
  target DB_Z_READ 0x51db50000: distinct 1 min 0x3f800000 max 0x3f800000,   target DB_Z_READ 0x51db50000: nonzero 1024/1024
  target DB_STENCIL_READ 0x51fb30000: distinct 1 min 0x80800000 max 0x80800000,   target DB_STENCIL_READ 0x51fb30000: nonzero 1024/1024
  target CB0 0x513bf0000: distinct 1 min 0x00000000 max 0x00000000,   target CB0 0x513bf0000: nonzero 0/1024
  target CB0 0x571867000: distinct 20 min 0x00000000 max 0xffffffff,   target CB0 0x571867000: nonzero 359/1024
  target CB0 0x57187b000: distinct 20 min 0x00000000 max 0xffffffff,   target CB0 0x57187b000: nonzero 339/1024
  target CB0 0x519b90000: distinct 1 min 0x03a703bc max 0x03a703bc,   target CB0 0x519b90000: nonzero 1024/1024
  target CB0 0x5718eb000: distinct 19 min 0x00000000 max 0xffffffff,   target CB0 0x5718eb000: nonzero 267/1024
  target DB_HTILE 0x55c0e0000: distinct 2 min 0x00000000 max 0xffffffff,   target DB_HTILE 0x55c0e0000: nonzero 192/1024
  target DB_Z_READ 0x527430000: distinct 1 min 0xffffffff max 0xffffffff,   target DB_Z_READ 0x527430000: nonzero 1024/1024
timing: t 79.889 s flip 1/1, VideoOutSubmitFlip took 0.0 ms
  indirect op 16 at 1246: base 0x5074063c0 +0x0 -> 1 1 1 0 0
  indirect op 16 at 1278: base 0x5074063e0 +0x0 -> 1 1 1 0 0
  indirect op 16 at 1310: base 0x50740a520 +0x0 -> 1 1 1 0 0
  indirect op 16 at 1342: base 0x50740a540 +0x0 -> 1 1 1 0 0
  indirect op 25 at 4825: base 0x56ddaffa0 +0x0 -> 1 0 0 0 0
submit #1293 dcb 10440 dwords at 0x502002500: pass 691 rewrite 518 drop 462 unmapped 1 cc 12 mappings 289 ... OK rc 0 28.87 ms
timing: #1293 done at t 79.939 s, 37.8 ms after the sync and hints
state stack #1293: push 6 pop 6 conditional 1 unmatched 0; restored 5526 regs (+5622 dwords); tables 38, unreadable 0
submit #1294 acb 2 dwords at 0xfe003a200: pass 1 rewrite 0 drop 0 unmapped 0 cc 0 mappings 289 ... OK rc 0 22.68 ms
timing: #1294 done at t 79.974 s, 23.9 ms after the sync and hints
swapped pages taken as resident so far: 0
vmas 115 total 13079.0 MiB resident 5030.2 MiB mapped 5030.2 MiB
submit #1295 acb 49 dwords at 0x400208a94: pass 2 rewrite 3 drop 3 unmapped 0 cc 0 mappings 290 ... OK rc 0 22.67 ms
timing: #1295 done at t 80.010 s, 23.7 ms after the sync and hints
submit #1296 cc 3 dwords at 0x313b17cf4: pass 0 rewrite 1 drop 0 unmapped 0 cc 1 mappings 290 ... OK rc 0 22.72 ms
timing: #1296 done at t 80.045 s, 23.9 ms after the sync and hints
submit #1297 hib 150 dwords at 0xfe0000000: pass 12 rewrite 2 drop 2 unmapped 0 cc 2 mappings 290 ... OK rc 0 22.69 ms
timing: #1297 done at t 80.081 s, 24.2 ms after the sync and hints
submit #1298 hib 2 dwords at 0xfe003a200: pass 1 rewrite 0 drop 0 unmapped 0 cc 0 mappings 290 ... OK rc 0 22.67 ms
timing: #1298 done at t 80.116 s, 23.8 ms after the sync and hints
submit #1299 dcb 96 dwords at 0xfe0042920: pass 20 rewrite 2 drop 2 unmapped 0 cc 0 mappings 290 ... OK rc 0 22.72 ms
timing: #1299 done at t 80.151 s, 24.2 ms after the sync and hints
submit #1300 dcb 2647 dwords at 0x503c02500: pass 236 rewrite 123 drop 120 unmapped 0 cc 4 mappings 290 ... OK rc 0 23.18 ms
timing: #1300 done at t 80.190 s, 26.7 ms after the sync and hints
state stack #1300: push 2 pop 2 conditional 1 unmatched 0; restored 1842 regs (+1874 dwords); tables 13, unreadable 0
submit #1301 dcb 851 dwords at 0x505a02500: pass 47 rewrite 55 drop 45 unmapped 0 cc 0 mappings 290 ... OK rc 0 22.76 ms
timing: #1301 done at t 80.226 s, 24.4 ms after the sync and hints
submit #1302 acb 2 dwords at 0xfe003a200: pass 1 rewrite 0 drop 0 unmapped 0 cc 0 mappings 290 ... OK rc 0 22.65 ms
timing: #1302 done at t 80.261 s, 23.8 ms after the sync and hints
submit #1303 acb 463 dwords at 0x4004867c0: pass 43 rewrite 11 drop 27 unmapped 0 cc 0 mappings 290 ... OK rc 0 22.99 ms
timing: #1303 done at t 80.296 s, 24.2 ms after the sync and hints
submit #1304 dcb 798 dwords at 0x506802500: pass 103 rewrite 35 drop 22 unmapped 0 cc 6 mappings 290 ... acb head: 3413 of 3462 dwords go ahead of the wait at 3413 on 0x400202f80
OK rc 0 23.54 ms
timing: #1304 done at t 80.335 s, 27.3 ms after the sync and hints
state stack #1304: push 3 pop 3 conditional 1 unmatched 0; restored 2763 regs (+2811 dwords); tables 17, unreadable 0
  indirect op 16 at 1640: args 0x74063c0 not mapped, DROPPED
  indirect op 16 at 1738: args 0x74063e0 not mapped, DROPPED
  indirect op 16 at 1833: args 0x74063e0 not mapped, DROPPED
submit #1305 acb 3413 dwords at 0x4002a55c0: pass 331 rewrite 70 drop 165 unmapped 0 cc 0 mappings 290 ... OK rc 0 24.25 ms
timing: #1305 done at t 80.372 s, 25.7 ms after the sync and hints
submit #1306 dcb 1248 dwords at 0x504e02500: pass 151 rewrite 46 drop 45 unmapped 0 cc 6 mappings 290 ... OK rc 0 22.95 ms
timing: #1306 done at t 80.410 s, 25.8 ms after the sync and hints
state stack #1306: push 3 pop 3 conditional 1 unmatched 0; restored 2763 regs (+2811 dwords); tables 11, unreadable 0
flip 1/0 buffer 0x507410000 +0x1fe0000: sum 0x17fa59064093 nonzero 8100/8160 pattern 0
  target CB0 0x5093f0000: distinct 53 min 0xc0000000 max 0xc340d034,   target CB0 0x5093f0000: nonzero 1024/1024
  target CB0 0x563800000: distinct 1 min 0x00000000 max 0x00000000,   target CB0 0x563800000: nonzero 0/1024
  target CB0 0x55c00d000: distinct 4 min 0x00000000 max 0xffffffff,   target CB0 0x55c00d000: nonzero 339/1024
  target CB0 0x5637f0000: distinct 1 min 0x00000000 max 0x00000000,   target CB0 0x5637f0000: nonzero 0/1024
  target CB0 0x526bf0000: distinct 1 min 0x38003800 max 0x38003800,   target CB0 0x526bf0000: nonzero 1024/1024
  target CB0 0x5719a8000: distinct 18 min 0x00000000 max 0xffffffff,   target CB0 0x5719a8000: nonzero 246/1024
  target DB_HTILE 0x5203a0000: distinct 2 min 0x00000000 max 0xfffffff0,   target DB_HTILE 0x5203a0000: nonzero 160/1024
  target DB_Z_READ 0x51db50000: distinct 1 min 0x3f800000 max 0x3f800000,   target DB_Z_READ 0x51db50000: nonzero 1024/1024
  target DB_STENCIL_READ 0x51fb30000: distinct 1 min 0x80800000 max 0x80800000,   target DB_STENCIL_READ 0x51fb30000: nonzero 1024/1024
  target CB0 0x513bf0000: distinct 1 min 0x00000000 max 0x00000000,   target CB0 0x513bf0000: nonzero 0/1024
  target CB0 0x571867000: distinct 20 min 0x00000000 max 0xffffffff,   target CB0 0x571867000: nonzero 359/1024
  target CB0 0x57187b000: distinct 20 min 0x00000000 max 0xffffffff,   target CB0 0x57187b000: nonzero 339/1024
  target CB0 0x519b90000: distinct 1 min 0x07968444 max 0x07968444,   target CB0 0x519b90000: nonzero 1024/1024
  target CB0 0x5718eb000: distinct 19 min 0x00000000 max 0xffffffff,   target CB0 0x5718eb000: nonzero 267/1024
  target DB_HTILE 0x55c0e0000: distinct 2 min 0x00000000 max 0xffffffff,   target DB_HTILE 0x55c0e0000: nonzero 192/1024
  target DB_Z_READ 0x527430000: distinct 1 min 0xffffffff max 0xffffffff,   target DB_Z_READ 0x527430000: nonzero 1024/1024
timing: t 80.411 s flip 1/0, VideoOutSubmitFlip took 0.0 ms
  indirect op 16 at 1246: base 0x5074063c0 +0x0 -> 1 1 1 0 0
  indirect op 16 at 1278: base 0x5074063e0 +0x0 -> 1 1 1 0 0
  indirect op 16 at 1310: base 0x50740a520 +0x0 -> 1 1 1 0 0
  indirect op 16 at 1342: base 0x50740a540 +0x0 -> 1 1 1 0 0
  indirect op 25 at 4825: base 0x56ddaffa0 +0x0 -> 1 0 0 0 0
submit #1307 dcb 10440 dwords at 0x502702500: pass 691 rewrite 518 drop 462 unmapped 1 cc 12 mappings 290 ... OK rc 0 29.06 ms
timing: #1307 done at t 80.461 s, 38.2 ms after the sync and hints
state stack #1307: push 6 pop 6 conditional 1 unmatched 0; restored 5526 regs (+5622 dwords); tables 38, unreadable 0
submit #1308 acb 2 dwords at 0xfe003a200: pass 1 rewrite 0 drop 0 unmapped 0 cc 0 mappings 290 ... OK rc 0 22.79 ms
timing: #1308 done at t 80.497 s, 24.0 ms after the sync and hints
submit #1309 acb 49 dwords at 0x4002a8b14: pass 2 rewrite 3 drop 3 unmapped 0 cc 0 mappings 290 ... OK rc 0 22.93 ms
timing: #1309 done at t 80.532 s, 24.1 ms after the sync and hints
submit #1310 cc 3 dwords at 0x313b17cf4: pass 0 rewrite 1 drop 0 unmapped 0 cc 1 mappings 290 ... OK rc 0 22.83 ms
timing: #1310 done at t 80.568 s, 24.0 ms after the sync and hints
submit #1311 hib 150 dwords at 0xfe0000000: pass 12 rewrite 2 drop 2 unmapped 0 cc 2 mappings 290 ... OK rc 0 22.58 ms
timing: #1311 done at t 80.603 s, 24.1 ms after the sync and hints
submit #1312 hib 2 dwords at 0xfe003a200: pass 1 rewrite 0 drop 0 unmapped 0 cc 0 mappings 290 ... OK rc 0 22.68 ms
timing: #1312 done at t 80.638 s, 23.9 ms after the sync and hints
submit #1313 dcb 96 dwords at 0xfe0042920: pass 20 rewrite 2 drop 2 unmapped 0 cc 0 mappings 290 ... OK rc 0 22.69 ms
timing: #1313 done at t 80.674 s, 24.2 ms after the sync and hints
submit #1314 dcb 2647 dwords at 0x504302500: pass 236 rewrite 123 drop 120 unmapped 0 cc 4 mappings 290 ... OK rc 0 23.24 ms
timing: #1314 done at t 80.712 s, 26.7 ms after the sync and hints
state stack #1314: push 2 pop 2 conditional 1 unmatched 0; restored 1842 regs (+1874 dwords); tables 13, unreadable 0
submit #1315 dcb 851 dwords at 0x505e02500: pass 47 rewrite 55 drop 45 unmapped 0 cc 0 mappings 290 ... OK rc 0 22.64 ms
timing: #1315 done at t 80.748 s, 24.4 ms after the sync and hints
submit #1316 acb 2 dwords at 0xfe003a200: pass 1 rewrite 0 drop 0 unmapped 0 cc 0 mappings 290 ... OK rc 0 23.04 ms
timing: #1316 done at t 80.784 s, 24.2 ms after the sync and hints
submit #1317 acb 463 dwords at 0x400526840: pass 43 rewrite 11 drop 27 unmapped 0 cc 0 mappings 290 ... OK rc 0 23.33 ms
timing: #1317 done at t 80.820 s, 24.5 ms after the sync and hints
submit #1318 dcb 798 dwords at 0x506e02500: pass 103 rewrite 35 drop 22 unmapped 0 cc 6 mappings 290 ... acb head: 3413 of 3462 dwords go ahead of the wait at 3413 on 0x400203b80
OK rc 0 23.51 ms
timing: #1318 done at t 80.858 s, 27.3 ms after the sync and hints
state stack #1318: push 3 pop 3 conditional 1 unmatched 0; restored 2763 regs (+2811 dwords); tables 17, unreadable 0
  indirect op 16 at 1640: args 0x74063c0 not mapped, DROPPED
  indirect op 16 at 1738: args 0x74063e0 not mapped, DROPPED
  indirect op 16 at 1833: args 0x74063e0 not mapped, DROPPED
submit #1319 acb 3413 dwords at 0x400345640: pass 331 rewrite 70 drop 165 unmapped 0 cc 0 mappings 290 ... OK rc 0 24.49 ms
timing: #1319 done at t 80.896 s, 25.9 ms after the sync and hints
submit #1320 dcb 1248 dwords at 0x505202500: pass 151 rewrite 46 drop 45 unmapped 0 cc 6 mappings 290 ... OK rc 0 23.14 ms
timing: #1320 done at t 80.933 s, 26.0 ms after the sync and hints
state stack #1320: push 3 pop 3 conditional 1 unmatched 0; restored 2763 regs (+2811 dwords); tables 11, unreadable 0
flip 1/1 buffer 0x5093f0000 +0x1fe0000: sum 0x17fa89825f9a nonzero 8100/8160 pattern 0
  target CB0 0x507410000: distinct 53 min 0xc0000000 max 0xc340d034,   target CB0 0x507410000: nonzero 1024/1024
  target CB0 0x563800000: distinct 1 min 0x00000000 max 0x00000000,   target CB0 0x563800000: nonzero 0/1024
  target CB0 0x55c00d000: distinct 4 min 0x00000000 max 0xffffffff,   target CB0 0x55c00d000: nonzero 339/1024
  target CB0 0x5637f0000: distinct 1 min 0x00000000 max 0x00000000,   target CB0 0x5637f0000: nonzero 0/1024
  target CB0 0x526bf0000: distinct 1 min 0x38003800 max 0x38003800,   target CB0 0x526bf0000: nonzero 1024/1024
  target CB0 0x5719a8000: distinct 18 min 0x00000000 max 0xffffffff,   target CB0 0x5719a8000: nonzero 246/1024
  target DB_HTILE 0x5203a0000: distinct 2 min 0x00000000 max 0xfffffff0,   target DB_HTILE 0x5203a0000: nonzero 160/1024
  target DB_Z_READ 0x51db50000: distinct 1 min 0x3f800000 max 0x3f800000,   target DB_Z_READ 0x51db50000: nonzero 1024/1024
  target DB_STENCIL_READ 0x51fb30000: distinct 1 min 0x80800000 max 0x80800000,   target DB_STENCIL_READ 0x51fb30000: nonzero 1024/1024
  target CB0 0x513bf0000: distinct 1 min 0x00000000 max 0x00000000,   target CB0 0x513bf0000: nonzero 0/1024
  target CB0 0x571867000: distinct 20 min 0x00000000 max 0xffffffff,   target CB0 0x571867000: nonzero 359/1024
  target CB0 0x57187b000: distinct 20 min 0x00000000 max 0xffffffff,   target CB0 0x57187b000: nonzero 339/1024
  target CB0 0x519b90000: distinct 1 min 0x02870000 max 0x02870000,   target CB0 0x519b90000: nonzero 1024/1024
  target CB0 0x5718eb000: distinct 19 min 0x00000000 max 0xffffffff,   target CB0 0x5718eb000: nonzero 267/1024
  target DB_HTILE 0x55c0e0000: distinct 2 min 0x00000000 max 0xffffffff,   target DB_HTILE 0x55c0e0000: nonzero 192/1024
  target DB_Z_READ 0x527430000: distinct 1 min 0xffffffff max 0xffffffff,   target DB_Z_READ 0x527430000: nonzero 1024/1024
timing: t 80.934 s flip 1/1, VideoOutSubmitFlip took 0.0 ms
  indirect op 16 at 1246: base 0x5074063c0 +0x0 -> 1 1 1 0 0
  indirect op 16 at 1278: base 0x5074063e0 +0x0 -> 1 1 1 0 0
  indirect op 16 at 1310: base 0x50740a520 +0x0 -> 1 1 1 0 0
  indirect op 16 at 1342: base 0x50740a540 +0x0 -> 1 1 1 0 0
  indirect op 25 at 4825: base 0x56ddaffa0 +0x0 -> 1 0 0 0 0
submit #1321 dcb 10440 dwords at 0x502e02500: pass 691 rewrite 518 drop 462 unmapped 1 cc 12 mappings 290 ... OK rc 0 28.92 ms
timing: #1321 done at t 80.984 s, 37.9 ms after the sync and hints
state stack #1321: push 6 pop 6 conditional 1 unmatched 0; restored 5526 regs (+5622 dwords); tables 38, unreadable 0
submit #1322 acb 2 dwords at 0xfe003a200: pass 1 rewrite 0 drop 0 unmapped 0 cc 0 mappings 290 ... OK rc 0 22.79 ms
timing: #1322 done at t 81.020 s, 24.0 ms after the sync and hints
submit #1323 acb 49 dwords at 0x400348b94: pass 2 rewrite 3 drop 3 unmapped 0 cc 0 mappings 290 ... OK rc 0 22.74 ms
timing: #1323 done at t 81.055 s, 23.9 ms after the sync and hints
submit #1324 cc 3 dwords at 0x313b17cf4: pass 0 rewrite 1 drop 0 unmapped 0 cc 1 mappings 290 ... OK rc 0 22.77 ms
timing: #1324 done at t 81.090 s, 24.0 ms after the sync and hints
submit #1325 hib 150 dwords at 0xfe0000000: pass 12 rewrite 2 drop 2 unmapped 0 cc 2 mappings 290 ... OK rc 0 22.86 ms
timing: #1325 done at t 81.126 s, 24.3 ms after the sync and hints
submit #1326 hib 2 dwords at 0xfe003a200: pass 1 rewrite 0 drop 0 unmapped 0 cc 0 mappings 290 ... OK rc 0 22.83 ms
timing: #1326 done at t 81.161 s, 24.0 ms after the sync and hints
submit #1327 dcb 96 dwords at 0xfe0042920: pass 20 rewrite 2 drop 2 unmapped 0 cc 0 mappings 290 ... OK rc 0 23.02 ms
timing: #1327 done at t 81.197 s, 24.5 ms after the sync and hints
submit #1328 dcb 2647 dwords at 0x503502500: pass 236 rewrite 123 drop 120 unmapped 0 cc 4 mappings 290 ... OK rc 0 23.40 ms
timing: #1328 done at t 81.236 s, 26.9 ms after the sync and hints
state stack #1328: push 2 pop 2 conditional 1 unmatched 0; restored 1842 regs (+1874 dwords); tables 13, unreadable 0
submit #1329 dcb 851 dwords at 0x505602500: pass 47 rewrite 55 drop 45 unmapped 0 cc 0 mappings 290 ... OK rc 0 22.97 ms
timing: #1329 done at t 81.272 s, 24.7 ms after the sync and hints
submit #1330 acb 2 dwords at 0xfe003a200: pass 1 rewrite 0 drop 0 unmapped 0 cc 0 mappings 290 ... OK rc 0 23.14 ms
timing: #1330 done at t 81.308 s, 24.4 ms after the sync and hints
submit #1331 acb 463 dwords at 0x4003e6740: pass 43 rewrite 11 drop 27 unmapped 0 cc 0 mappings 290 ... OK rc 0 23.45 ms
timing: #1331 done at t 81.344 s, 24.6 ms after the sync and hints
submit #1332 dcb 798 dwords at 0x506202500: pass 103 rewrite 35 drop 22 unmapped 0 cc 6 mappings 290 ... acb head: 3413 of 3462 dwords go ahead of the wait at 3413 on 0x400202380
OK rc 0 23.84 ms
timing: #1332 done at t 81.383 s, 27.6 ms after the sync and hints
state stack #1332: push 3 pop 3 conditional 1 unmatched 0; restored 2763 regs (+2811 dwords); tables 17, unreadable 0
  indirect op 16 at 1640: args 0x74063c0 not mapped, DROPPED
  indirect op 16 at 1738: args 0x74063e0 not mapped, DROPPED
  indirect op 16 at 1833: args 0x74063e0 not mapped, DROPPED
submit #1333 acb 3413 dwords at 0x400205540: pass 331 rewrite 70 drop 165 unmapped 0 cc 0 mappings 290 ... OK rc 0 24.57 ms
timing: #1333 done at t 81.421 s, 25.9 ms after the sync and hints
submit #1334 dcb 1248 dwords at 0x504a02500: pass 151 rewrite 46 drop 45 unmapped 0 cc 6 mappings 290 ... OK rc 0 23.08 ms
timing: #1334 done at t 81.460 s, 26.2 ms after the sync and hints
state stack #1334: push 3 pop 3 conditional 1 unmatched 0; restored 2763 regs (+2811 dwords); tables 11, unreadable 0
flip 1/0 buffer 0x507410000 +0x1fe0000: sum 0x17fab48d224a nonzero 8100/8160 pattern 0
  target CB0 0x5093f0000: distinct 53 min 0xc0000000 max 0xc340d034,   target CB0 0x5093f0000: nonzero 1024/1024
  target CB0 0x563800000: distinct 1 min 0x00000000 max 0x00000000,   target CB0 0x563800000: nonzero 0/1024
  target CB0 0x55c00d000: distinct 4 min 0x00000000 max 0xffffffff,   target CB0 0x55c00d000: nonzero 339/1024
  target CB0 0x5637f0000: distinct 1 min 0x00000000 max 0x00000000,   target CB0 0x5637f0000: nonzero 0/1024
  target CB0 0x526bf0000: distinct 1 min 0x38003800 max 0x38003800,   target CB0 0x526bf0000: nonzero 1024/1024
  target CB0 0x5719a8000: distinct 18 min 0x00000000 max 0xffffffff,   target CB0 0x5719a8000: nonzero 246/1024
  target DB_HTILE 0x5203a0000: distinct 2 min 0x00000000 max 0xfffffff0,   target DB_HTILE 0x5203a0000: nonzero 160/1024
  target DB_Z_READ 0x51db50000: distinct 1 min 0x3f800000 max 0x3f800000,   target DB_Z_READ 0x51db50000: nonzero 1024/1024
  target DB_STENCIL_READ 0x51fb30000: distinct 1 min 0x80800000 max 0x80800000,   target DB_STENCIL_READ 0x51fb30000: nonzero 1024/1024
  target CB0 0x513bf0000: distinct 1 min 0x00000000 max 0x00000000,   target CB0 0x513bf0000: nonzero 0/1024
  target CB0 0x571867000: distinct 20 min 0x00000000 max 0xffffffff,   target CB0 0x571867000: nonzero 359/1024
  target CB0 0x57187b000: distinct 20 min 0x00000000 max 0xffffffff,   target CB0 0x57187b000: nonzero 339/1024
  target CB0 0x519b90000: distinct 1 min 0x82878222 max 0x82878222,   target CB0 0x519b90000: nonzero 1024/1024
  target CB0 0x5718eb000: distinct 19 min 0x00000000 max 0xffffffff,   target CB0 0x5718eb000: nonzero 267/1024
  target DB_HTILE 0x55c0e0000: distinct 2 min 0x00000000 max 0xffffffff,   target DB_HTILE 0x55c0e0000: nonzero 192/1024
  target DB_Z_READ 0x527430000: distinct 1 min 0xffffffff max 0xffffffff,   target DB_Z_READ 0x527430000: nonzero 1024/1024
timing: t 81.461 s flip 1/0, VideoOutSubmitFlip took 0.0 ms
  indirect op 16 at 1246: base 0x5074063c0 +0x0 -> 1 1 1 0 0
  indirect op 16 at 1278: base 0x5074063e0 +0x0 -> 1 1 1 0 0
  indirect op 16 at 1310: base 0x50740a520 +0x0 -> 1 1 1 0 0
  indirect op 16 at 1342: base 0x50740a540 +0x0 -> 1 1 1 0 0
  indirect op 25 at 4825: base 0x56ddaffa0 +0x0 -> 1 0 0 0 0
submit #1335 dcb 10440 dwords at 0x502002500: pass 691 rewrite 518 drop 462 unmapped 1 cc 12 mappings 290 ... OK rc 0 28.82 ms
timing: #1335 done at t 81.511 s, 38.2 ms after the sync and hints
state stack #1335: push 6 pop 6 conditional 1 unmatched 0; restored 5526 regs (+5622 dwords); tables 38, unreadable 0
submit #1336 acb 2 dwords at 0xfe003a200: pass 1 rewrite 0 drop 0 unmapped 0 cc 0 mappings 290 ... OK rc 0 22.72 ms
timing: #1336 done at t 81.546 s, 23.9 ms after the sync and hints
swapped pages taken as resident so far: 0
vmas 115 total 13079.0 MiB resident 5030.3 MiB mapped 5030.3 MiB
submit #1337 acb 49 dwords at 0x400208a94: pass 2 rewrite 3 drop 3 unmapped 0 cc 0 mappings 291 ... OK rc 0 22.68 ms
timing: #1337 done at t 81.581 s, 23.8 ms after the sync and hints
submit #1338 cc 3 dwords at 0x313b17cf4: pass 0 rewrite 1 drop 0 unmapped 0 cc 1 mappings 291 ... OK rc 0 23.05 ms
timing: #1338 done at t 81.617 s, 24.2 ms after the sync and hints
submit #1339 hib 150 dwords at 0xfe0000000: pass 12 rewrite 2 drop 2 unmapped 0 cc 2 mappings 291 ... OK rc 0 22.59 ms
timing: #1339 done at t 81.653 s, 24.1 ms after the sync and hints
submit #1340 hib 2 dwords at 0xfe003a200: pass 1 rewrite 0 drop 0 unmapped 0 cc 0 mappings 291 ... OK rc 0 22.79 ms
timing: #1340 done at t 81.688 s, 24.0 ms after the sync and hints
submit #1341 dcb 96 dwords at 0xfe0042920: pass 20 rewrite 2 drop 2 unmapped 0 cc 0 mappings 291 ... OK rc 0 22.75 ms
timing: #1341 done at t 81.724 s, 24.2 ms after the sync and hints
submit #1342 dcb 2647 dwords at 0x503c02500: pass 236 rewrite 123 drop 120 unmapped 0 cc 4 mappings 291 ... OK rc 0 23.32 ms
timing: #1342 done at t 81.762 s, 26.9 ms after the sync and hints
state stack #1342: push 2 pop 2 conditional 1 unmatched 0; restored 1842 regs (+1874 dwords); tables 13, unreadable 0
submit #1343 dcb 851 dwords at 0x505a02500: pass 47 rewrite 55 drop 45 unmapped 0 cc 0 mappings 291 ... OK rc 0 22.79 ms
timing: #1343 done at t 81.799 s, 24.5 ms after the sync and hints
submit #1344 acb 2 dwords at 0xfe003a200: pass 1 rewrite 0 drop 0 unmapped 0 cc 0 mappings 291 ... OK rc 0 22.88 ms
timing: #1344 done at t 81.835 s, 24.1 ms after the sync and hints
submit #1345 acb 463 dwords at 0x4004867c0: pass 43 rewrite 11 drop 27 unmapped 0 cc 0 mappings 291 ... OK rc 0 23.18 ms
timing: #1345 done at t 81.870 s, 24.3 ms after the sync and hints
submit #1346 dcb 798 dwords at 0x506802500: pass 103 rewrite 35 drop 22 unmapped 0 cc 6 mappings 291 ... acb head: 3413 of 3462 dwords go ahead of the wait at 3413 on 0x400202f80
OK rc 0 23.66 ms
timing: #1346 done at t 81.910 s, 27.5 ms after the sync and hints
state stack #1346: push 3 pop 3 conditional 1 unmatched 0; restored 2763 regs (+2811 dwords); tables 17, unreadable 0
  indirect op 16 at 1640: args 0x74063c0 not mapped, DROPPED
  indirect op 16 at 1738: args 0x74063e0 not mapped, DROPPED
  indirect op 16 at 1833: args 0x74063e0 not mapped, DROPPED
submit #1347 acb 3413 dwords at 0x4002a55c0: pass 331 rewrite 70 drop 165 unmapped 0 cc 0 mappings 291 ... OK rc 0 24.22 ms
timing: #1347 done at t 81.947 s, 25.6 ms after the sync and hints
submit #1348 dcb 1248 dwords at 0x504e02500: pass 151 rewrite 46 drop 45 unmapped 0 cc 6 mappings 291 ... OK rc 0 23.05 ms
timing: #1348 done at t 81.984 s, 26.0 ms after the sync and hints
state stack #1348: push 3 pop 3 conditional 1 unmatched 0; restored 2763 regs (+2811 dwords); tables 11, unreadable 0
flip 1/1 buffer 0x5093f0000 +0x1fe0000: sum 0x17fad755d476 nonzero 8100/8160 pattern 0
  target CB0 0x507410000: distinct 53 min 0xc0000000 max 0xc340d034,   target CB0 0x507410000: nonzero 1024/1024
  target CB0 0x563800000: distinct 1 min 0x00000000 max 0x00000000,   target CB0 0x563800000: nonzero 0/1024
  target CB0 0x55c00d000: distinct 4 min 0x00000000 max 0xffffffff,   target CB0 0x55c00d000: nonzero 339/1024
  target CB0 0x5637f0000: distinct 1 min 0x00000000 max 0x00000000,   target CB0 0x5637f0000: nonzero 0/1024
  target CB0 0x526bf0000: distinct 1 min 0x38003800 max 0x38003800,   target CB0 0x526bf0000: nonzero 1024/1024
  target CB0 0x5719a8000: distinct 18 min 0x00000000 max 0xffffffff,   target CB0 0x5719a8000: nonzero 246/1024
  target DB_HTILE 0x5203a0000: distinct 2 min 0x00000000 max 0xfffffff0,   target DB_HTILE 0x5203a0000: nonzero 160/1024
  target DB_Z_READ 0x51db50000: distinct 1 min 0x3f800000 max 0x3f800000,   target DB_Z_READ 0x51db50000: nonzero 1024/1024
  target DB_STENCIL_READ 0x51fb30000: distinct 1 min 0x80800000 max 0x80800000,   target DB_STENCIL_READ 0x51fb30000: nonzero 1024/1024
  target CB0 0x513bf0000: distinct 1 min 0x00000000 max 0x00000000,   target CB0 0x513bf0000: nonzero 0/1024
  target CB0 0x571867000: distinct 20 min 0x00000000 max 0xffffffff,   target CB0 0x571867000: nonzero 359/1024
  target CB0 0x57187b000: distinct 20 min 0x00000000 max 0xffffffff,   target CB0 0x57187b000: nonzero 339/1024
  target CB0 0x519b90000: distinct 1 min 0x05e60222 max 0x05e60222,   target CB0 0x519b90000: nonzero 1024/1024
  target CB0 0x5718eb000: distinct 19 min 0x00000000 max 0xffffffff,   target CB0 0x5718eb000: nonzero 267/1024
  target DB_HTILE 0x55c0e0000: distinct 2 min 0x00000000 max 0xffffffff,   target DB_HTILE 0x55c0e0000: nonzero 192/1024
  target DB_Z_READ 0x527430000: distinct 1 min 0xffffffff max 0xffffffff,   target DB_Z_READ 0x527430000: nonzero 1024/1024
timing: t 81.985 s flip 1/1, VideoOutSubmitFlip took 0.0 ms
  indirect op 16 at 1246: base 0x5074063c0 +0x0 -> 1 1 1 0 0
  indirect op 16 at 1278: base 0x5074063e0 +0x0 -> 1 1 1 0 0
  indirect op 16 at 1310: base 0x50740a520 +0x0 -> 1 1 1 0 0
  indirect op 16 at 1342: base 0x50740a540 +0x0 -> 1 1 1 0 0
  indirect op 25 at 4825: base 0x56ddaffa0 +0x0 -> 1 0 0 0 0
submit #1349 dcb 10440 dwords at 0x502702500: pass 691 rewrite 518 drop 462 unmapped 1 cc 12 mappings 291 ... OK rc 0 28.92 ms
timing: #1349 done at t 82.035 s, 38.3 ms after the sync and hints
state stack #1349: push 6 pop 6 conditional 1 unmatched 0; restored 5526 regs (+5622 dwords); tables 38, unreadable 0
submit #1350 acb 2 dwords at 0xfe003a200: pass 1 rewrite 0 drop 0 unmapped 0 cc 0 mappings 291 ... OK rc 0 22.71 ms
timing: #1350 done at t 82.071 s, 24.0 ms after the sync and hints
submit #1351 acb 49 dwords at 0x4002a8b14: pass 2 rewrite 3 drop 3 unmapped 0 cc 0 mappings 291 ... OK rc 0 22.81 ms
timing: #1351 done at t 82.106 s, 24.0 ms after the sync and hints
submit #1352 cc 3 dwords at 0x313b17cf4: pass 0 rewrite 1 drop 0 unmapped 0 cc 1 mappings 291 ... OK rc 0 22.85 ms
timing: #1352 done at t 82.142 s, 24.0 ms after the sync and hints
submit #1353 hib 150 dwords at 0xfe0000000: pass 12 rewrite 2 drop 2 unmapped 0 cc 2 mappings 291 ... OK rc 0 22.86 ms
timing: #1353 done at t 82.178 s, 24.4 ms after the sync and hints
submit #1354 hib 2 dwords at 0xfe003a200: pass 1 rewrite 0 drop 0 unmapped 0 cc 0 mappings 291 ... OK rc 0 22.94 ms
timing: #1354 done at t 82.213 s, 24.1 ms after the sync and hints
submit #1355 dcb 96 dwords at 0xfe0042920: pass 20 rewrite 2 drop 2 unmapped 0 cc 0 mappings 291 ... OK rc 0 22.87 ms
timing: #1355 done at t 82.249 s, 24.4 ms after the sync and hints
submit #1356 dcb 2647 dwords at 0x504302500: pass 236 rewrite 123 drop 120 unmapped 0 cc 4 mappings 291 ... OK rc 0 23.29 ms
timing: #1356 done at t 82.287 s, 26.8 ms after the sync and hints
state stack #1356: push 2 pop 2 conditional 1 unmatched 0; restored 1842 regs (+1874 dwords); tables 13, unreadable 0
submit #1357 dcb 851 dwords at 0x505e02500: pass 47 rewrite 55 drop 45 unmapped 0 cc 0 mappings 291 ... OK rc 0 22.87 ms
timing: #1357 done at t 82.324 s, 24.5 ms after the sync and hints
submit #1358 acb 2 dwords at 0xfe003a200: pass 1 rewrite 0 drop 0 unmapped 0 cc 0 mappings 291 ... OK rc 0 22.73 ms
timing: #1358 done at t 82.359 s, 23.9 ms after the sync and hints
submit #1359 acb 463 dwords at 0x400526840: pass 43 rewrite 11 drop 27 unmapped 0 cc 0 mappings 291 ... OK rc 0 23.15 ms
timing: #1359 done at t 82.395 s, 24.4 ms after the sync and hints
submit #1360 dcb 798 dwords at 0x506e02500: pass 103 rewrite 35 drop 22 unmapped 0 cc 6 mappings 291 ... acb head: 3413 of 3462 dwords go ahead of the wait at 3413 on 0x400203b80
OK rc 0 23.82 ms
timing: #1360 done at t 82.434 s, 27.5 ms after the sync and hints
state stack #1360: push 3 pop 3 conditional 1 unmatched 0; restored 2763 regs (+2811 dwords); tables 17, unreadable 0
  indirect op 16 at 1640: args 0x74063c0 not mapped, DROPPED
  indirect op 16 at 1738: args 0x74063e0 not mapped, DROPPED
  indirect op 16 at 1833: args 0x74063e0 not mapped, DROPPED
submit #1361 acb 3413 dwords at 0x400345640: pass 331 rewrite 70 drop 165 unmapped 0 cc 0 mappings 291 ... OK rc 0 24.23 ms
timing: #1361 done at t 82.471 s, 25.6 ms after the sync and hints
submit #1362 dcb 1248 dwords at 0x505202500: pass 151 rewrite 46 drop 45 unmapped 0 cc 6 mappings 291 ... OK rc 0 23.22 ms
timing: #1362 done at t 82.508 s, 26.1 ms after the sync and hints
state stack #1362: push 3 pop 3 conditional 1 unmatched 0; restored 2763 regs (+2811 dwords); tables 11, unreadable 0
flip 1/0 buffer 0x507410000 +0x1fe0000: sum 0x17faf13c4e14 nonzero 8100/8160 pattern 0
  target CB0 0x5093f0000: distinct 53 min 0xc0000000 max 0xc340d034,   target CB0 0x5093f0000: nonzero 1024/1024
  target CB0 0x563800000: distinct 1 min 0x00000000 max 0x00000000,   target CB0 0x563800000: nonzero 0/1024
  target CB0 0x55c00d000: distinct 4 min 0x00000000 max 0xffffffff,   target CB0 0x55c00d000: nonzero 339/1024
  target CB0 0x5637f0000: distinct 1 min 0x00000000 max 0x00000000,   target CB0 0x5637f0000: nonzero 0/1024
  target CB0 0x526bf0000: distinct 1 min 0x38003800 max 0x38003800,   target CB0 0x526bf0000: nonzero 1024/1024
  target CB0 0x5719a8000: distinct 18 min 0x00000000 max 0xffffffff,   target CB0 0x5719a8000: nonzero 246/1024
  target DB_HTILE 0x5203a0000: distinct 2 min 0x00000000 max 0xfffffff0,   target DB_HTILE 0x5203a0000: nonzero 160/1024
  target DB_Z_READ 0x51db50000: distinct 1 min 0x3f800000 max 0x3f800000,   target DB_Z_READ 0x51db50000: nonzero 1024/1024
  target DB_STENCIL_READ 0x51fb30000: distinct 1 min 0x80800000 max 0x80800000,   target DB_STENCIL_READ 0x51fb30000: nonzero 1024/1024
  target CB0 0x513bf0000: distinct 1 min 0x00000000 max 0x00000000,   target CB0 0x513bf0000: nonzero 0/1024
  target CB0 0x571867000: distinct 20 min 0x00000000 max 0xffffffff,   target CB0 0x571867000: nonzero 359/1024
  target CB0 0x57187b000: distinct 20 min 0x00000000 max 0xffffffff,   target CB0 0x57187b000: nonzero 339/1024
  target CB0 0x519b90000: distinct 1 min 0x00d88333 max 0x00d88333,   target CB0 0x519b90000: nonzero 1024/1024
  target CB0 0x5718eb000: distinct 19 min 0x00000000 max 0xffffffff,   target CB0 0x5718eb000: nonzero 267/1024
  target DB_HTILE 0x55c0e0000: distinct 2 min 0x00000000 max 0xffffffff,   target DB_HTILE 0x55c0e0000: nonzero 192/1024
  target DB_Z_READ 0x527430000: distinct 1 min 0xffffffff max 0xffffffff,   target DB_Z_READ 0x527430000: nonzero 1024/1024
timing: t 82.509 s flip 1/0, VideoOutSubmitFlip took 0.0 ms
  indirect op 16 at 1246: base 0x5074063c0 +0x0 -> 1 1 1 0 0
  indirect op 16 at 1278: base 0x5074063e0 +0x0 -> 1 1 1 0 0
  indirect op 16 at 1310: base 0x50740a520 +0x0 -> 1 1 1 0 0
  indirect op 16 at 1342: base 0x50740a540 +0x0 -> 1 1 1 0 0
  indirect op 25 at 4825: base 0x56ddaffa0 +0x0 -> 1 0 0 0 0
submit #1363 dcb 10440 dwords at 0x502e02500: pass 691 rewrite 518 drop 462 unmapped 1 cc 12 mappings 291 ... OK rc 0 29.14 ms
timing: #1363 done at t 82.560 s, 38.4 ms after the sync and hints
state stack #1363: push 6 pop 6 conditional 1 unmatched 0; restored 5526 regs (+5622 dwords); tables 38, unreadable 0
submit #1364 acb 2 dwords at 0xfe003a200: pass 1 rewrite 0 drop 0 unmapped 0 cc 0 mappings 291 ... OK rc 0 23.05 ms
timing: #1364 done at t 82.596 s, 24.3 ms after the sync and hints
submit #1365 acb 49 dwords at 0x400348b94: pass 2 rewrite 3 drop 3 unmapped 0 cc 0 mappings 291 ... OK rc 0 22.95 ms
timing: #1365 done at t 82.631 s, 24.2 ms after the sync and hints
submit #1366 cc 3 dwords at 0x313b17cf4: pass 0 rewrite 1 drop 0 unmapped 0 cc 1 mappings 291 ... OK rc 0 22.99 ms
timing: #1366 done at t 82.667 s, 24.2 ms after the sync and hints
submit #1367 hib 150 dwords at 0xfe0000000: pass 12 rewrite 2 drop 2 unmapped 0 cc 2 mappings 291 ... OK rc 0 22.96 ms
timing: #1367 done at t 82.703 s, 24.5 ms after the sync and hints
submit #1368 hib 2 dwords at 0xfe003a200: pass 1 rewrite 0 drop 0 unmapped 0 cc 0 mappings 291 ... OK rc 0 23.00 ms
timing: #1368 done at t 82.739 s, 24.2 ms after the sync and hints
submit #1369 dcb 96 dwords at 0xfe0042920: pass 20 rewrite 2 drop 2 unmapped 0 cc 0 mappings 291 ... OK rc 0 23.03 ms
timing: #1369 done at t 82.775 s, 24.5 ms after the sync and hints
submit #1370 dcb 2647 dwords at 0x503502500: pass 236 rewrite 123 drop 120 unmapped 0 cc 4 mappings 291 ... OK rc 0 23.32 ms
timing: #1370 done at t 82.813 s, 26.8 ms after the sync and hints
state stack #1370: push 2 pop 2 conditional 1 unmatched 0; restored 1842 regs (+1874 dwords); tables 13, unreadable 0
submit #1371 acb 2 dwords at 0xfe003a200: pass 1 rewrite 0 drop 0 unmapped 0 cc 0 mappings 291 ... OK rc 0 22.76 ms
timing: #1371 done at t 82.849 s, 24.0 ms after the sync and hints
submit #1372 dcb 851 dwords at 0x505602500: pass 47 rewrite 55 drop 45 unmapped 0 cc 0 mappings 291 ... OK rc 0 23.13 ms
timing: #1372 done at t 82.885 s, 24.8 ms after the sync and hints
submit #1373 acb 463 dwords at 0x4003e6740: pass 43 rewrite 11 drop 27 unmapped 0 cc 0 mappings 291 ... OK rc 0 23.11 ms
timing: #1373 done at t 82.921 s, 24.3 ms after the sync and hints
submit #1374 dcb 798 dwords at 0x506202500: pass 103 rewrite 35 drop 22 unmapped 0 cc 6 mappings 291 ... acb head: 3413 of 3462 dwords go ahead of the wait at 3413 on 0x400202380
OK rc 0 23.70 ms
timing: #1374 done at t 82.960 s, 27.5 ms after the sync and hints
state stack #1374: push 3 pop 3 conditional 1 unmatched 0; restored 2763 regs (+2811 dwords); tables 17, unreadable 0
  indirect op 16 at 1640: args 0x74063c0 not mapped, DROPPED
  indirect op 16 at 1738: args 0x74063e0 not mapped, DROPPED
  indirect op 16 at 1833: args 0x74063e0 not mapped, DROPPED
submit #1375 acb 3413 dwords at 0x400205540: pass 331 rewrite 70 drop 165 unmapped 0 cc 0 mappings 291 ... OK rc 0 24.34 ms
timing: #1375 done at t 82.997 s, 25.6 ms after the sync and hints
submit #1376 dcb 1248 dwords at 0x504a02500: pass 151 rewrite 46 drop 45 unmapped 0 cc 6 mappings 291 ... OK rc 0 23.51 ms
timing: #1376 done at t 83.035 s, 26.4 ms after the sync and hints
state stack #1376: push 3 pop 3 conditional 1 unmatched 0; restored 2763 regs (+2811 dwords); tables 11, unreadable 0
flip 1/1 buffer 0x5093f0000 +0x1fe0000: sum 0x17fb06d1b36d nonzero 8100/8160 pattern 0
  target CB0 0x507410000: distinct 53 min 0xc0000000 max 0xc340d034,   target CB0 0x507410000: nonzero 1024/1024
  target CB0 0x563800000: distinct 1 min 0x00000000 max 0x00000000,   target CB0 0x563800000: nonzero 0/1024
  target CB0 0x55c00d000: distinct 4 min 0x00000000 max 0xffffffff,   target CB0 0x55c00d000: nonzero 339/1024
  target CB0 0x5637f0000: distinct 1 min 0x00000000 max 0x00000000,   target CB0 0x5637f0000: nonzero 0/1024
  target CB0 0x526bf0000: distinct 1 min 0x38003800 max 0x38003800,   target CB0 0x526bf0000: nonzero 1024/1024
  target CB0 0x5719a8000: distinct 18 min 0x00000000 max 0xffffffff,   target CB0 0x5719a8000: nonzero 246/1024
  target DB_HTILE 0x5203a0000: distinct 2 min 0x00000000 max 0xfffffff0,   target DB_HTILE 0x5203a0000: nonzero 160/1024
  target DB_Z_READ 0x51db50000: distinct 1 min 0x3f800000 max 0x3f800000,   target DB_Z_READ 0x51db50000: nonzero 1024/1024
  target DB_STENCIL_READ 0x51fb30000: distinct 1 min 0x80800000 max 0x80800000,   target DB_STENCIL_READ 0x51fb30000: nonzero 1024/1024
  target CB0 0x513bf0000: distinct 1 min 0x00000000 max 0x00000000,   target CB0 0x513bf0000: nonzero 0/1024
  target CB0 0x571867000: distinct 20 min 0x00000000 max 0xffffffff,   target CB0 0x571867000: nonzero 359/1024
  target CB0 0x57187b000: distinct 20 min 0x00000000 max 0xffffffff,   target CB0 0x57187b000: nonzero 339/1024
  target CB0 0x519b90000: distinct 1 min 0x84370111 max 0x84370111,   target CB0 0x519b90000: nonzero 1024/1024
  target CB0 0x5718eb000: distinct 19 min 0x00000000 max 0xffffffff,   target CB0 0x5718eb000: nonzero 267/1024
  target DB_HTILE 0x55c0e0000: distinct 2 min 0x00000000 max 0xffffffff,   target DB_HTILE 0x55c0e0000: nonzero 192/1024
  target DB_Z_READ 0x527430000: distinct 1 min 0xffffffff max 0xffffffff,   target DB_Z_READ 0x527430000: nonzero 1024/1024
timing: t 83.036 s flip 1/1, VideoOutSubmitFlip took 0.0 ms
  indirect op 16 at 1246: base 0x5074063c0 +0x0 -> 1 1 1 0 0
  indirect op 16 at 1278: base 0x5074063e0 +0x0 -> 1 1 1 0 0
  indirect op 16 at 1310: base 0x50740a520 +0x0 -> 1 1 1 0 0
  indirect op 16 at 1342: base 0x50740a540 +0x0 -> 1 1 1 0 0
  indirect op 25 at 4825: base 0x56ddaffa0 +0x0 -> 1 0 0 0 0
submit #1377 dcb 10440 dwords at 0x502002500: pass 691 rewrite 518 drop 462 unmapped 1 cc 12 mappings 291 ... OK rc 0 29.06 ms
timing: #1377 done at t 83.086 s, 38.3 ms after the sync and hints
state stack #1377: push 6 pop 6 conditional 1 unmatched 0; restored 5526 regs (+5622 dwords); tables 38, unreadable 0
swapped pages taken as resident so far: 0
vmas 115 total 13079.0 MiB resident 5030.3 MiB mapped 5030.4 MiB
submit #1378 acb 2 dwords at 0xfe003a200: pass 1 rewrite 0 drop 0 unmapped 0 cc 0 mappings 292 ... OK rc 0 22.79 ms
timing: #1378 done at t 83.122 s, 24.2 ms after the sync and hints
submit #1379 acb 49 dwords at 0x400208a94: pass 2 rewrite 3 drop 3 unmapped 0 cc 0 mappings 292 ... OK rc 0 23.03 ms
timing: #1379 done at t 83.158 s, 24.3 ms after the sync and hints
submit #1380 cc 3 dwords at 0x313b17cf4: pass 0 rewrite 1 drop 0 unmapped 0 cc 1 mappings 292 ... OK rc 0 23.10 ms
timing: #1380 done at t 83.193 s, 24.3 ms after the sync and hints
submit #1381 hib 150 dwords at 0xfe0000000: pass 12 rewrite 2 drop 2 unmapped 0 cc 2 mappings 292 ... OK rc 0 23.05 ms
timing: #1381 done at t 83.230 s, 24.6 ms after the sync and hints
submit #1382 hib 2 dwords at 0xfe003a200: pass 1 rewrite 0 drop 0 unmapped 0 cc 0 mappings 292 ... OK rc 0 23.01 ms
timing: #1382 done at t 83.266 s, 24.2 ms after the sync and hints
submit #1383 dcb 96 dwords at 0xfe0042920: pass 20 rewrite 2 drop 2 unmapped 0 cc 0 mappings 292 ... OK rc 0 23.00 ms
timing: #1383 done at t 83.302 s, 24.5 ms after the sync and hints
submit #1384 dcb 2647 dwords at 0x503c02500: pass 236 rewrite 123 drop 120 unmapped 0 cc 4 mappings 292 ... OK rc 0 23.47 ms
timing: #1384 done at t 83.340 s, 26.9 ms after the sync and hints
state stack #1384: push 2 pop 2 conditional 1 unmatched 0; restored 1842 regs (+1874 dwords); tables 13, unreadable 0
submit #1385 dcb 851 dwords at 0x505a02500: pass 47 rewrite 55 drop 45 unmapped 0 cc 0 mappings 292 ... OK rc 0 22.87 ms
timing: #1385 done at t 83.377 s, 24.5 ms after the sync and hints
submit #1386 acb 2 dwords at 0xfe003a200: pass 1 rewrite 0 drop 0 unmapped 0 cc 0 mappings 292 ... OK rc 0 23.04 ms
timing: #1386 done at t 83.413 s, 24.2 ms after the sync and hints
submit #1387 acb 463 dwords at 0x4004867c0: pass 43 rewrite 11 drop 27 unmapped 0 cc 0 mappings 292 ... OK rc 0 23.04 ms
timing: #1387 done at t 83.448 s, 24.2 ms after the sync and hints
submit #1388 dcb 798 dwords at 0x506802500: pass 103 rewrite 35 drop 22 unmapped 0 cc 6 mappings 292 ... acb head: 3413 of 3462 dwords go ahead of the wait at 3413 on 0x400202f80
OK rc 0 23.65 ms
timing: #1388 done at t 83.487 s, 27.6 ms after the sync and hints
state stack #1388: push 3 pop 3 conditional 1 unmatched 0; restored 2763 regs (+2811 dwords); tables 17, unreadable 0
  indirect op 16 at 1640: args 0x74063c0 not mapped, DROPPED
  indirect op 16 at 1738: args 0x74063e0 not mapped, DROPPED
  indirect op 16 at 1833: args 0x74063e0 not mapped, DROPPED
submit #1389 acb 3413 dwords at 0x4002a55c0: pass 331 rewrite 70 drop 165 unmapped 0 cc 0 mappings 292 ... OK rc 0 24.42 ms
timing: #1389 done at t 83.524 s, 25.8 ms after the sync and hints
submit #1390 dcb 1248 dwords at 0x504e02500: pass 151 rewrite 46 drop 45 unmapped 0 cc 6 mappings 292 ... OK rc 0 23.76 ms
timing: #1390 done at t 83.563 s, 26.9 ms after the sync and hints
state stack #1390: push 3 pop 3 conditional 1 unmatched 0; restored 2763 regs (+2811 dwords); tables 11, unreadable 0
flip 1/0 buffer 0x507410000 +0x1fe0000: sum 0x17fb1384e038 nonzero 8100/8160 pattern 0
  target CB0 0x5093f0000: distinct 53 min 0xc0000000 max 0xc340d034,   target CB0 0x5093f0000: nonzero 1024/1024
  target CB0 0x563800000: distinct 1 min 0x00000000 max 0x00000000,   target CB0 0x563800000: nonzero 0/1024
  target CB0 0x55c00d000: distinct 4 min 0x00000000 max 0xffffffff,   target CB0 0x55c00d000: nonzero 339/1024
  target CB0 0x5637f0000: distinct 1 min 0x00000000 max 0x00000000,   target CB0 0x5637f0000: nonzero 0/1024
  target CB0 0x526bf0000: distinct 1 min 0x38003800 max 0x38003800,   target CB0 0x526bf0000: nonzero 1024/1024
  target CB0 0x5719a8000: distinct 18 min 0x00000000 max 0xffffffff,   target CB0 0x5719a8000: nonzero 246/1024
  target DB_HTILE 0x5203a0000: distinct 2 min 0x00000000 max 0xfffffff0,   target DB_HTILE 0x5203a0000: nonzero 160/1024
  target DB_Z_READ 0x51db50000: distinct 1 min 0x3f800000 max 0x3f800000,   target DB_Z_READ 0x51db50000: nonzero 1024/1024
  target DB_STENCIL_READ 0x51fb30000: distinct 1 min 0x80800000 max 0x80800000,   target DB_STENCIL_READ 0x51fb30000: nonzero 1024/1024
  target CB0 0x513bf0000: distinct 1 min 0x00000000 max 0x00000000,   target CB0 0x513bf0000: nonzero 0/1024
  target CB0 0x571867000: distinct 20 min 0x00000000 max 0xffffffff,   target CB0 0x571867000: nonzero 359/1024
  target CB0 0x57187b000: distinct 20 min 0x00000000 max 0xffffffff,   target CB0 0x57187b000: nonzero 339/1024
  target CB0 0x519b90000: distinct 1 min 0x04378111 max 0x04378111,   target CB0 0x519b90000: nonzero 1024/1024
  target CB0 0x5718eb000: distinct 19 min 0x00000000 max 0xffffffff,   target CB0 0x5718eb000: nonzero 267/1024
  target DB_HTILE 0x55c0e0000: distinct 2 min 0x00000000 max 0xffffffff,   target DB_HTILE 0x55c0e0000: nonzero 192/1024
  target DB_Z_READ 0x527430000: distinct 1 min 0xffffffff max 0xffffffff,   target DB_Z_READ 0x527430000: nonzero 1024/1024
timing: t 83.564 s flip 1/0, VideoOutSubmitFlip took 0.0 ms
  indirect op 16 at 1246: base 0x5074063c0 +0x0 -> 1 1 1 0 0
  indirect op 16 at 1278: base 0x5074063e0 +0x0 -> 1 1 1 0 0
  indirect op 16 at 1310: base 0x50740a520 +0x0 -> 1 1 1 0 0
  indirect op 16 at 1342: base 0x50740a540 +0x0 -> 1 1 1 0 0
  indirect op 25 at 4825: base 0x56ddaffa0 +0x0 -> 1 0 0 0 0
submit #1391 dcb 10440 dwords at 0x502702500: pass 691 rewrite 518 drop 462 unmapped 1 cc 12 mappings 292 ... OK rc 0 29.35 ms
timing: #1391 done at t 83.615 s, 38.6 ms after the sync and hints
state stack #1391: push 6 pop 6 conditional 1 unmatched 0; restored 5526 regs (+5622 dwords); tables 38, unreadable 0
swapped pages taken as resident so far: 0
vmas 115 total 13079.0 MiB resident 5030.4 MiB mapped 5030.4 MiB
submit #1392 acb 2 dwords at 0xfe003a200: pass 1 rewrite 0 drop 0 unmapped 0 cc 0 mappings 293 ... OK rc 0 22.77 ms
timing: #1392 done at t 83.651 s, 24.0 ms after the sync and hints
submit #1393 acb 49 dwords at 0x4002a8b14: pass 2 rewrite 3 drop 3 unmapped 0 cc 0 mappings 293 ... OK rc 0 22.73 ms
timing: #1393 done at t 83.686 s, 23.9 ms after the sync and hints
submit #1394 cc 3 dwords at 0x313b17cf4: pass 0 rewrite 1 drop 0 unmapped 0 cc 1 mappings 293 ... OK rc 0 22.70 ms
timing: #1394 done at t 83.721 s, 23.9 ms after the sync and hints
submit #1395 hib 150 dwords at 0xfe0000000: pass 12 rewrite 2 drop 2 unmapped 0 cc 2 mappings 293 ... OK rc 0 22.94 ms
timing: #1395 done at t 83.757 s, 24.5 ms after the sync and hints
submit #1396 hib 2 dwords at 0xfe003a200: pass 1 rewrite 0 drop 0 unmapped 0 cc 0 mappings 293 ... OK rc 0 22.98 ms
timing: #1396 done at t 83.792 s, 24.2 ms after the sync and hints
submit #1397 dcb 96 dwords at 0xfe0042920: pass 20 rewrite 2 drop 2 unmapped 0 cc 0 mappings 293 ... OK rc 0 22.95 ms
timing: #1397 done at t 83.828 s, 24.4 ms after the sync and hints
submit #1398 dcb 2647 dwords at 0x504302500: pass 236 rewrite 123 drop 120 unmapped 0 cc 4 mappings 293 ... OK rc 0 23.42 ms
timing: #1398 done at t 83.866 s, 27.0 ms after the sync and hints
state stack #1398: push 2 pop 2 conditional 1 unmatched 0; restored 1842 regs (+1874 dwords); tables 13, unreadable 0
submit #1399 dcb 851 dwords at 0x505e02500: pass 47 rewrite 55 drop 45 unmapped 0 cc 0 mappings 293 ... OK rc 0 23.01 ms
timing: #1399 done at t 83.903 s, 24.6 ms after the sync and hints
submit #1400 acb 2 dwords at 0xfe003a200: pass 1 rewrite 0 drop 0 unmapped 0 cc 0 mappings 293 ... OK rc 0 22.85 ms
timing: #1400 done at t 83.939 s, 24.0 ms after the sync and hints
submit #1401 acb 463 dwords at 0x400526840: pass 43 rewrite 11 drop 27 unmapped 0 cc 0 mappings 293 ... OK rc 0 23.33 ms
timing: #1401 done at t 83.974 s, 24.5 ms after the sync and hints
submit #1402 dcb 798 dwords at 0x506e02500: pass 103 rewrite 35 drop 22 unmapped 0 cc 6 mappings 293 ... acb head: 3413 of 3462 dwords go ahead of the wait at 3413 on 0x400203b80
OK rc 0 23.73 ms
timing: #1402 done at t 84.013 s, 27.5 ms after the sync and hints
state stack #1402: push 3 pop 3 conditional 1 unmatched 0; restored 2763 regs (+2811 dwords); tables 17, unreadable 0
  indirect op 16 at 1640: args 0x74063c0 not mapped, DROPPED
  indirect op 16 at 1738: args 0x74063e0 not mapped, DROPPED
  indirect op 16 at 1833: args 0x74063e0 not mapped, DROPPED
submit #1403 acb 3413 dwords at 0x400345640: pass 331 rewrite 70 drop 165 unmapped 0 cc 0 mappings 293 ... OK rc 0 24.20 ms
timing: #1403 done at t 84.050 s, 25.6 ms after the sync and hints
submit #1404 dcb 1248 dwords at 0x505202500: pass 151 rewrite 46 drop 45 unmapped 0 cc 6 mappings 293 ... OK rc 0 23.09 ms
timing: #1404 done at t 84.088 s, 26.1 ms after the sync and hints
state stack #1404: push 3 pop 3 conditional 1 unmatched 0; restored 2763 regs (+2811 dwords); tables 11, unreadable 0
flip 1/1 buffer 0x5093f0000 +0x1fe0000: sum 0x17fb17d5f47d nonzero 8100/8160 pattern 0
  target CB0 0x507410000: distinct 53 min 0xc0000000 max 0xc340d034,   target CB0 0x507410000: nonzero 1024/1024
  target CB0 0x563800000: distinct 1 min 0x00000000 max 0x00000000,   target CB0 0x563800000: nonzero 0/1024
  target CB0 0x55c00d000: distinct 4 min 0x00000000 max 0xffffffff,   target CB0 0x55c00d000: nonzero 339/1024
  target CB0 0x5637f0000: distinct 1 min 0x00000000 max 0x00000000,   target CB0 0x5637f0000: nonzero 0/1024
  target CB0 0x526bf0000: distinct 1 min 0x38003800 max 0x38003800,   target CB0 0x526bf0000: nonzero 1024/1024
  target CB0 0x5719a8000: distinct 18 min 0x00000000 max 0xffffffff,   target CB0 0x5719a8000: nonzero 246/1024
  target DB_HTILE 0x5203a0000: distinct 2 min 0x00000000 max 0xfffffff0,   target DB_HTILE 0x5203a0000: nonzero 160/1024
  target DB_Z_READ 0x51db50000: distinct 1 min 0x3f800000 max 0x3f800000,   target DB_Z_READ 0x51db50000: nonzero 1024/1024
  target DB_STENCIL_READ 0x51fb30000: distinct 1 min 0x80800000 max 0x80800000,   target DB_STENCIL_READ 0x51fb30000: nonzero 1024/1024
  target CB0 0x513bf0000: distinct 1 min 0x00000000 max 0x00000000,   target CB0 0x513bf0000: nonzero 0/1024
  target CB0 0x571867000: distinct 20 min 0x00000000 max 0xffffffff,   target CB0 0x571867000: nonzero 359/1024
  target CB0 0x57187b000: distinct 20 min 0x00000000 max 0xffffffff,   target CB0 0x57187b000: nonzero 339/1024
  target CB0 0x519b90000: distinct 1 min 0x80d80333 max 0x80d80333,   target CB0 0x519b90000: nonzero 1024/1024
  target CB0 0x5718eb000: distinct 19 min 0x00000000 max 0xffffffff,   target CB0 0x5718eb000: nonzero 267/1024
  target DB_HTILE 0x55c0e0000: distinct 2 min 0x00000000 max 0xffffffff,   target DB_HTILE 0x55c0e0000: nonzero 192/1024
  target DB_Z_READ 0x527430000: distinct 1 min 0xffffffff max 0xffffffff,   target DB_Z_READ 0x527430000: nonzero 1024/1024
timing: t 84.089 s flip 1/1, VideoOutSubmitFlip took 0.0 ms
  indirect op 16 at 1246: base 0x5074063c0 +0x0 -> 1 1 1 0 0
  indirect op 16 at 1278: base 0x5074063e0 +0x0 -> 1 1 1 0 0
  indirect op 16 at 1310: base 0x50740a520 +0x0 -> 1 1 1 0 0
  indirect op 16 at 1342: base 0x50740a540 +0x0 -> 1 1 1 0 0
  indirect op 25 at 4825: base 0x56ddaffa0 +0x0 -> 1 0 0 0 0
submit #1405 dcb 10440 dwords at 0x502e02500: pass 691 rewrite 518 drop 462 unmapped 1 cc 12 mappings 293 ... OK rc 0 29.09 ms
timing: #1405 done at t 84.141 s, 39.7 ms after the sync and hints
state stack #1405: push 6 pop 6 conditional 1 unmatched 0; restored 5526 regs (+5622 dwords); tables 38, unreadable 0
swapped pages taken as resident so far: 0
vmas 115 total 13079.0 MiB resident 5030.4 MiB mapped 5030.5 MiB
submit #1406 acb 2 dwords at 0xfe003a200: pass 1 rewrite 0 drop 0 unmapped 0 cc 0 mappings 294 ... OK rc 0 22.87 ms
timing: #1406 done at t 84.177 s, 24.0 ms after the sync and hints
submit #1407 acb 49 dwords at 0x400348b94: pass 2 rewrite 3 drop 3 unmapped 0 cc 0 mappings 294 ... OK rc 0 22.86 ms
timing: #1407 done at t 84.212 s, 24.0 ms after the sync and hints
submit #1408 cc 3 dwords at 0x313b17cf4: pass 0 rewrite 1 drop 0 unmapped 0 cc 1 mappings 294 ... OK rc 0 22.74 ms
timing: #1408 done at t 84.248 s, 24.0 ms after the sync and hints
submit #1409 hib 150 dwords at 0xfe0000000: pass 12 rewrite 2 drop 2 unmapped 0 cc 2 mappings 294 ... OK rc 0 22.70 ms
timing: #1409 done at t 84.283 s, 24.2 ms after the sync and hints
submit #1410 hib 2 dwords at 0xfe003a200: pass 1 rewrite 0 drop 0 unmapped 0 cc 0 mappings 294 ... OK rc 0 22.74 ms
timing: #1410 done at t 84.318 s, 23.9 ms after the sync and hints
submit #1411 dcb 96 dwords at 0xfe0042920: pass 20 rewrite 2 drop 2 unmapped 0 cc 0 mappings 294 ... OK rc 0 22.86 ms
timing: #1411 done at t 84.354 s, 24.4 ms after the sync and hints
submit #1412 dcb 2647 dwords at 0x503502500: pass 236 rewrite 123 drop 120 unmapped 0 cc 4 mappings 294 ... OK rc 0 23.22 ms
timing: #1412 done at t 84.392 s, 26.7 ms after the sync and hints
state stack #1412: push 2 pop 2 conditional 1 unmatched 0; restored 1842 regs (+1874 dwords); tables 13, unreadable 0
submit #1413 dcb 851 dwords at 0x505602500: pass 47 rewrite 55 drop 45 unmapped 0 cc 0 mappings 294 ... OK rc 0 22.80 ms
timing: #1413 done at t 84.428 s, 24.6 ms after the sync and hints
submit #1414 acb 2 dwords at 0xfe003a200: pass 1 rewrite 0 drop 0 unmapped 0 cc 0 mappings 294 ... OK rc 0 22.86 ms
timing: #1414 done at t 84.464 s, 24.0 ms after the sync and hints
submit #1415 acb 463 dwords at 0x4003e6740: pass 43 rewrite 11 drop 27 unmapped 0 cc 0 mappings 294 ... OK rc 0 23.18 ms
timing: #1415 done at t 84.499 s, 24.4 ms after the sync and hints
submit #1416 dcb 798 dwords at 0x506202500: pass 103 rewrite 35 drop 22 unmapped 0 cc 6 mappings 294 ... acb head: 3413 of 3462 dwords go ahead of the wait at 3413 on 0x400202380
OK rc 0 23.54 ms
timing: #1416 done at t 84.538 s, 27.3 ms after the sync and hints
state stack #1416: push 3 pop 3 conditional 1 unmatched 0; restored 2763 regs (+2811 dwords); tables 17, unreadable 0
  indirect op 16 at 1640: args 0x74063c0 not mapped, DROPPED
  indirect op 16 at 1738: args 0x74063e0 not mapped, DROPPED
  indirect op 16 at 1833: args 0x74063e0 not mapped, DROPPED
submit #1417 acb 3413 dwords at 0x400205540: pass 331 rewrite 70 drop 165 unmapped 0 cc 0 mappings 294 ... OK rc 0 24.55 ms
timing: #1417 done at t 84.576 s, 26.0 ms after the sync and hints
submit #1418 dcb 1248 dwords at 0x504a02500: pass 151 rewrite 46 drop 45 unmapped 0 cc 6 mappings 294 ... OK rc 0 23.34 ms
timing: #1418 done at t 84.614 s, 26.3 ms after the sync and hints
state stack #1418: push 3 pop 3 conditional 1 unmatched 0; restored 2763 regs (+2811 dwords); tables 11, unreadable 0
flip 1/0 buffer 0x507410000 +0x1fe0000: sum 0x17fb17d5f47d nonzero 8100/8160 pattern 0
  target CB0 0x5093f0000: distinct 53 min 0xc0000000 max 0xc340d034,   target CB0 0x5093f0000: nonzero 1024/1024
  target CB0 0x563800000: distinct 1 min 0x00000000 max 0x00000000,   target CB0 0x563800000: nonzero 0/1024
  target CB0 0x55c00d000: distinct 4 min 0x00000000 max 0xffffffff,   target CB0 0x55c00d000: nonzero 339/1024
  target CB0 0x5637f0000: distinct 1 min 0x00000000 max 0x00000000,   target CB0 0x5637f0000: nonzero 0/1024
  target CB0 0x526bf0000: distinct 1 min 0x38003800 max 0x38003800,   target CB0 0x526bf0000: nonzero 1024/1024
  target CB0 0x5719a8000: distinct 18 min 0x00000000 max 0xffffffff,   target CB0 0x5719a8000: nonzero 246/1024
  target DB_HTILE 0x5203a0000: distinct 2 min 0x00000000 max 0xfffffff0,   target DB_HTILE 0x5203a0000: nonzero 160/1024
  target DB_Z_READ 0x51db50000: distinct 1 min 0x3f800000 max 0x3f800000,   target DB_Z_READ 0x51db50000: nonzero 1024/1024
  target DB_STENCIL_READ 0x51fb30000: distinct 1 min 0x80800000 max 0x80800000,   target DB_STENCIL_READ 0x51fb30000: nonzero 1024/1024
  target CB0 0x513bf0000: distinct 1 min 0x00000000 max 0x00000000,   target CB0 0x513bf0000: nonzero 0/1024
  target CB0 0x571867000: distinct 20 min 0x00000000 max 0xffffffff,   target CB0 0x571867000: nonzero 359/1024
  target CB0 0x57187b000: distinct 20 min 0x00000000 max 0xffffffff,   target CB0 0x57187b000: nonzero 339/1024
  target CB0 0x519b90000: distinct 1 min 0x85e683bc max 0x85e683bc,   target CB0 0x519b90000: nonzero 1024/1024
  target CB0 0x5718eb000: distinct 19 min 0x00000000 max 0xffffffff,   target CB0 0x5718eb000: nonzero 267/1024
  target DB_HTILE 0x55c0e0000: distinct 2 min 0x00000000 max 0xffffffff,   target DB_HTILE 0x55c0e0000: nonzero 192/1024
  target DB_Z_READ 0x527430000: distinct 1 min 0xffffffff max 0xffffffff,   target DB_Z_READ 0x527430000: nonzero 1024/1024
timing: t 84.614 s flip 1/0, VideoOutSubmitFlip took 0.0 ms
  indirect op 16 at 1246: base 0x5074063c0 +0x0 -> 1 1 1 0 0
  indirect op 16 at 1278: base 0x5074063e0 +0x0 -> 1 1 1 0 0
  indirect op 16 at 1310: base 0x50740a520 +0x0 -> 1 1 1 0 0
  indirect op 16 at 1342: base 0x50740a540 +0x0 -> 1 1 1 0 0
  indirect op 25 at 4825: base 0x56ddaffa0 +0x0 -> 1 0 0 0 0
submit #1419 dcb 10440 dwords at 0x502002500: pass 691 rewrite 518 drop 462 unmapped 1 cc 12 mappings 294 ... OK rc 0 29.18 ms
timing: #1419 done at t 84.665 s, 38.6 ms after the sync and hints
state stack #1419: push 6 pop 6 conditional 1 unmatched 0; restored 5526 regs (+5622 dwords); tables 38, unreadable 0
submit #1420 acb 2 dwords at 0xfe003a200: pass 1 rewrite 0 drop 0 unmapped 0 cc 0 mappings 294 ... OK rc 0 22.81 ms
timing: #1420 done at t 84.701 s, 24.1 ms after the sync and hints
swapped pages taken as resident so far: 0
vmas 115 total 13079.0 MiB resident 5030.5 MiB mapped 5030.6 MiB
submit #1421 acb 49 dwords at 0x400208a94: pass 2 rewrite 3 drop 3 unmapped 0 cc 0 mappings 295 ... OK rc 0 22.86 ms
timing: #1421 done at t 84.736 s, 24.0 ms after the sync and hints
submit #1422 cc 3 dwords at 0x313b17cf4: pass 0 rewrite 1 drop 0 unmapped 0 cc 1 mappings 295 ... OK rc 0 22.84 ms
timing: #1422 done at t 84.771 s, 24.1 ms after the sync and hints
submit #1423 hib 150 dwords at 0xfe0000000: pass 12 rewrite 2 drop 2 unmapped 0 cc 2 mappings 295 ... OK rc 0 22.74 ms
timing: #1423 done at t 84.807 s, 24.3 ms after the sync and hints
submit #1424 hib 2 dwords at 0xfe003a200: pass 1 rewrite 0 drop 0 unmapped 0 cc 0 mappings 295 ... OK rc 0 22.67 ms
timing: #1424 done at t 84.842 s, 23.9 ms after the sync and hints
submit #1425 dcb 96 dwords at 0xfe0042920: pass 20 rewrite 2 drop 2 unmapped 0 cc 0 mappings 295 ... OK rc 0 22.63 ms
timing: #1425 done at t 84.877 s, 24.2 ms after the sync and hints
submit #1426 dcb 2647 dwords at 0x503c02500: pass 236 rewrite 123 drop 120 unmapped 0 cc 4 mappings 295 ... OK rc 0 23.22 ms
timing: #1426 done at t 84.916 s, 26.8 ms after the sync and hints
state stack #1426: push 2 pop 2 conditional 1 unmatched 0; restored 1842 regs (+1874 dwords); tables 13, unreadable 0
submit #1427 dcb 851 dwords at 0x505a02500: pass 47 rewrite 55 drop 45 unmapped 0 cc 0 mappings 295 ... OK rc 0 22.68 ms
timing: #1427 done at t 84.952 s, 24.4 ms after the sync and hints
submit #1428 acb 2 dwords at 0xfe003a200: pass 1 rewrite 0 drop 0 unmapped 0 cc 0 mappings 295 ... OK rc 0 22.71 ms
timing: #1428 done at t 84.988 s, 24.0 ms after the sync and hints
submit #1429 acb 463 dwords at 0x4004867c0: pass 43 rewrite 11 drop 27 unmapped 0 cc 0 mappings 295 ... OK rc 0 23.13 ms
timing: #1429 done at t 85.023 s, 24.4 ms after the sync and hints
submit #1430 dcb 798 dwords at 0x506802500: pass 103 rewrite 35 drop 22 unmapped 0 cc 6 mappings 295 ... acb head: 3413 of 3462 dwords go ahead of the wait at 3413 on 0x400202f80
OK rc 0 23.51 ms
timing: #1430 done at t 85.062 s, 27.3 ms after the sync and hints
state stack #1430: push 3 pop 3 conditional 1 unmatched 0; restored 2763 regs (+2811 dwords); tables 17, unreadable 0
  indirect op 16 at 1640: args 0x74063c0 not mapped, DROPPED
  indirect op 16 at 1738: args 0x74063e0 not mapped, DROPPED
  indirect op 16 at 1833: args 0x74063e0 not mapped, DROPPED
submit #1431 acb 3413 dwords at 0x4002a55c0: pass 331 rewrite 70 drop 165 unmapped 0 cc 0 mappings 295 ... OK rc 0 24.29 ms
timing: #1431 done at t 85.100 s, 25.7 ms after the sync and hints
submit #1432 dcb 1248 dwords at 0x504e02500: pass 151 rewrite 46 drop 45 unmapped 0 cc 6 mappings 295 ... OK rc 0 23.05 ms
timing: #1432 done at t 85.137 s, 26.0 ms after the sync and hints
state stack #1432: push 3 pop 3 conditional 1 unmatched 0; restored 2763 regs (+2811 dwords); tables 11, unreadable 0
flip 1/1 buffer 0x5093f0000 +0x1fe0000: sum 0x17fb17d5f47d nonzero 8100/8160 pattern 0
  target CB0 0x507410000: distinct 53 min 0xc0000000 max 0xc340d034,   target CB0 0x507410000: nonzero 1024/1024
  target CB0 0x563800000: distinct 1 min 0x00000000 max 0x00000000,   target CB0 0x563800000: nonzero 0/1024
  target CB0 0x55c00d000: distinct 4 min 0x00000000 max 0xffffffff,   target CB0 0x55c00d000: nonzero 339/1024
  target CB0 0x5637f0000: distinct 1 min 0x00000000 max 0x00000000,   target CB0 0x5637f0000: nonzero 0/1024
  target CB0 0x526bf0000: distinct 1 min 0x38003800 max 0x38003800,   target CB0 0x526bf0000: nonzero 1024/1024
  target CB0 0x5719a8000: distinct 18 min 0x00000000 max 0xffffffff,   target CB0 0x5719a8000: nonzero 246/1024
  target DB_HTILE 0x5203a0000: distinct 2 min 0x00000000 max 0xfffffff0,   target DB_HTILE 0x5203a0000: nonzero 160/1024
  target DB_Z_READ 0x51db50000: distinct 1 min 0x3f800000 max 0x3f800000,   target DB_Z_READ 0x51db50000: nonzero 1024/1024
  target DB_STENCIL_READ 0x51fb30000: distinct 1 min 0x80800000 max 0x80800000,   target DB_STENCIL_READ 0x51fb30000: nonzero 1024/1024
  target CB0 0x513bf0000: distinct 1 min 0x00000000 max 0x00000000,   target CB0 0x513bf0000: nonzero 0/1024
  target CB0 0x571867000: distinct 20 min 0x00000000 max 0xffffffff,   target CB0 0x571867000: nonzero 359/1024
  target CB0 0x57187b000: distinct 20 min 0x00000000 max 0xffffffff,   target CB0 0x57187b000: nonzero 339/1024
  target CB0 0x519b90000: distinct 1 min 0x07060089 max 0x07060089,   target CB0 0x519b90000: nonzero 1024/1024
  target CB0 0x5718eb000: distinct 19 min 0x00000000 max 0xffffffff,   target CB0 0x5718eb000: nonzero 267/1024
  target DB_HTILE 0x55c0e0000: distinct 2 min 0x00000000 max 0xffffffff,   target DB_HTILE 0x55c0e0000: nonzero 192/1024
  target DB_Z_READ 0x527430000: distinct 1 min 0xffffffff max 0xffffffff,   target DB_Z_READ 0x527430000: nonzero 1024/1024
timing: t 85.138 s flip 1/1, VideoOutSubmitFlip took 0.0 ms
  indirect op 16 at 1246: base 0x5074063c0 +0x0 -> 1 1 1 0 0
  indirect op 16 at 1278: base 0x5074063e0 +0x0 -> 1 1 1 0 0
  indirect op 16 at 1310: base 0x50740a520 +0x0 -> 1 1 1 0 0
  indirect op 16 at 1342: base 0x50740a540 +0x0 -> 1 1 1 0 0
  indirect op 25 at 4825: base 0x56ddaffa0 +0x0 -> 1 0 0 0 0
submit #1433 dcb 10440 dwords at 0x502702500: pass 691 rewrite 518 drop 462 unmapped 1 cc 12 mappings 295 ... OK rc 0 28.86 ms
timing: #1433 done at t 85.188 s, 38.1 ms after the sync and hints
state stack #1433: push 6 pop 6 conditional 1 unmatched 0; restored 5526 regs (+5622 dwords); tables 38, unreadable 0
submit #1434 acb 2 dwords at 0xfe003a200: pass 1 rewrite 0 drop 0 unmapped 0 cc 0 mappings 295 ... OK rc 0 22.81 ms
timing: #1434 done at t 85.224 s, 24.1 ms after the sync and hints
submit #1435 acb 49 dwords at 0x4002a8b14: pass 2 rewrite 3 drop 3 unmapped 0 cc 0 mappings 295 ... OK rc 0 22.87 ms
timing: #1435 done at t 85.259 s, 24.1 ms after the sync and hints
submit #1436 cc 3 dwords at 0x313b17cf4: pass 0 rewrite 1 drop 0 unmapped 0 cc 1 mappings 295 ... OK rc 0 22.71 ms
timing: #1436 done at t 85.295 s, 24.0 ms after the sync and hints
submit #1437 hib 150 dwords at 0xfe0000000: pass 12 rewrite 2 drop 2 unmapped 0 cc 2 mappings 295 ... OK rc 0 23.08 ms
timing: #1437 done at t 85.331 s, 24.8 ms after the sync and hints
submit #1438 hib 2 dwords at 0xfe003a200: pass 1 rewrite 0 drop 0 unmapped 0 cc 0 mappings 295 ... OK rc 0 22.80 ms
timing: #1438 done at t 85.367 s, 24.1 ms after the sync and hints
submit #1439 dcb 96 dwords at 0xfe0042920: pass 20 rewrite 2 drop 2 unmapped 0 cc 0 mappings 295 ... OK rc 0 22.93 ms
timing: #1439 done at t 85.404 s, 24.5 ms after the sync and hints
submit #1440 dcb 2647 dwords at 0x504302500: pass 236 rewrite 123 drop 120 unmapped 0 cc 4 mappings 295 ... OK rc 0 23.33 ms
timing: #1440 done at t 85.442 s, 26.9 ms after the sync and hints
state stack #1440: push 2 pop 2 conditional 1 unmatched 0; restored 1842 regs (+1874 dwords); tables 13, unreadable 0
submit #1441 dcb 851 dwords at 0x505e02500: pass 47 rewrite 55 drop 45 unmapped 0 cc 0 mappings 295 ... OK rc 0 22.77 ms
timing: #1441 done at t 85.478 s, 24.5 ms after the sync and hints
submit #1442 acb 2 dwords at 0xfe003a200: pass 1 rewrite 0 drop 0 unmapped 0 cc 0 mappings 295 ... OK rc 0 22.81 ms
timing: #1442 done at t 85.514 s, 24.1 ms after the sync and hints
submit #1443 acb 463 dwords at 0x400526840: pass 43 rewrite 11 drop 27 unmapped 0 cc 0 mappings 295 ... OK rc 0 23.13 ms
timing: #1443 done at t 85.549 s, 24.4 ms after the sync and hints
submit #1444 dcb 798 dwords at 0x506e02500: pass 103 rewrite 35 drop 22 unmapped 0 cc 6 mappings 295 ... acb head: 3413 of 3462 dwords go ahead of the wait at 3413 on 0x400203b80
OK rc 0 23.61 ms
timing: #1444 done at t 85.589 s, 27.6 ms after the sync and hints
state stack #1444: push 3 pop 3 conditional 1 unmatched 0; restored 2763 regs (+2811 dwords); tables 17, unreadable 0
  indirect op 16 at 1640: args 0x74063c0 not mapped, DROPPED
  indirect op 16 at 1738: args 0x74063e0 not mapped, DROPPED
  indirect op 16 at 1833: args 0x74063e0 not mapped, DROPPED
submit #1445 acb 3413 dwords at 0x400345640: pass 331 rewrite 70 drop 165 unmapped 0 cc 0 mappings 295 ... OK rc 0 24.52 ms
timing: #1445 done at t 85.627 s, 26.0 ms after the sync and hints
submit #1446 dcb 1248 dwords at 0x505202500: pass 151 rewrite 46 drop 45 unmapped 0 cc 6 mappings 295 ... OK rc 0 23.07 ms
timing: #1446 done at t 85.664 s, 26.1 ms after the sync and hints
state stack #1446: push 3 pop 3 conditional 1 unmatched 0; restored 2763 regs (+2811 dwords); tables 11, unreadable 0
flip 1/0 buffer 0x507410000 +0x1fe0000: sum 0x17fb17d5f47d nonzero 8100/8160 pattern 0
  target CB0 0x5093f0000: distinct 53 min 0xc0000000 max 0xc340d034,   target CB0 0x5093f0000: nonzero 1024/1024
  target CB0 0x563800000: distinct 1 min 0x00000000 max 0x00000000,   target CB0 0x563800000: nonzero 0/1024
  target CB0 0x55c00d000: distinct 4 min 0x00000000 max 0xffffffff,   target CB0 0x55c00d000: nonzero 339/1024
  target CB0 0x5637f0000: distinct 1 min 0x00000000 max 0x00000000,   target CB0 0x5637f0000: nonzero 0/1024
  target CB0 0x526bf0000: distinct 1 min 0x38003800 max 0x38003800,   target CB0 0x526bf0000: nonzero 1024/1024
  target CB0 0x5719a8000: distinct 18 min 0x00000000 max 0xffffffff,   target CB0 0x5719a8000: nonzero 246/1024
  target DB_HTILE 0x5203a0000: distinct 2 min 0x00000000 max 0xfffffff0,   target DB_HTILE 0x5203a0000: nonzero 160/1024
  target DB_Z_READ 0x51db50000: distinct 1 min 0x3f800000 max 0x3f800000,   target DB_Z_READ 0x51db50000: nonzero 1024/1024
  target DB_STENCIL_READ 0x51fb30000: distinct 1 min 0x80800000 max 0x80800000,   target DB_STENCIL_READ 0x51fb30000: nonzero 1024/1024
  target CB0 0x513bf0000: distinct 1 min 0x00000000 max 0x00000000,   target CB0 0x513bf0000: nonzero 0/1024
  target CB0 0x571867000: distinct 20 min 0x00000000 max 0xffffffff,   target CB0 0x571867000: nonzero 359/1024
  target CB0 0x57187b000: distinct 20 min 0x00000000 max 0xffffffff,   target CB0 0x57187b000: nonzero 339/1024
  target CB0 0x519b90000: distinct 1 min 0x01f7819a max 0x01f7819a,   target CB0 0x519b90000: nonzero 1024/1024
  target CB0 0x5718eb000: distinct 19 min 0x00000000 max 0xffffffff,   target CB0 0x5718eb000: nonzero 267/1024
  target DB_HTILE 0x55c0e0000: distinct 2 min 0x00000000 max 0xffffffff,   target DB_HTILE 0x55c0e0000: nonzero 192/1024
  target DB_Z_READ 0x527430000: distinct 1 min 0xffffffff max 0xffffffff,   target DB_Z_READ 0x527430000: nonzero 1024/1024
timing: t 85.665 s flip 1/0, VideoOutSubmitFlip took 0.0 ms
  indirect op 16 at 1246: base 0x5074063c0 +0x0 -> 1 1 1 0 0
  indirect op 16 at 1278: base 0x5074063e0 +0x0 -> 1 1 1 0 0
  indirect op 16 at 1310: base 0x50740a520 +0x0 -> 1 1 1 0 0
  indirect op 16 at 1342: base 0x50740a540 +0x0 -> 1 1 1 0 0
  indirect op 25 at 4825: base 0x56ddaffa0 +0x0 -> 1 0 0 0 0
submit #1447 dcb 10440 dwords at 0x502e02500: pass 691 rewrite 518 drop 462 unmapped 1 cc 12 mappings 295 ... OK rc 0 28.98 ms
timing: #1447 done at t 85.716 s, 38.4 ms after the sync and hints
state stack #1447: push 6 pop 6 conditional 1 unmatched 0; restored 5526 regs (+5622 dwords); tables 38, unreadable 0
submit #1448 acb 2 dwords at 0xfe003a200: pass 1 rewrite 0 drop 0 unmapped 0 cc 0 mappings 295 ... OK rc 0 22.84 ms
timing: #1448 done at t 85.752 s, 24.2 ms after the sync and hints
swapped pages taken as resident so far: 0
vmas 115 total 13079.0 MiB resident 5030.6 MiB mapped 5030.6 MiB
submit #1449 acb 49 dwords at 0x400348b94: pass 2 rewrite 3 drop 3 unmapped 0 cc 0 mappings 296 ... OK rc 0 22.79 ms
timing: #1449 done at t 85.787 s, 24.0 ms after the sync and hints
submit #1450 cc 3 dwords at 0x313b17cf4: pass 0 rewrite 1 drop 0 unmapped 0 cc 1 mappings 296 ... OK rc 0 22.77 ms
timing: #1450 done at t 85.823 s, 24.0 ms after the sync and hints
submit #1451 hib 150 dwords at 0xfe0000000: pass 12 rewrite 2 drop 2 unmapped 0 cc 2 mappings 296 ... OK rc 0 22.84 ms
timing: #1451 done at t 85.859 s, 24.5 ms after the sync and hints
submit #1452 hib 2 dwords at 0xfe003a200: pass 1 rewrite 0 drop 0 unmapped 0 cc 0 mappings 296 ... OK rc 0 22.86 ms
timing: #1452 done at t 85.894 s, 24.1 ms after the sync and hints
submit #1453 dcb 96 dwords at 0xfe0042920: pass 20 rewrite 2 drop 2 unmapped 0 cc 0 mappings 296 ... OK rc 0 22.85 ms
timing: #1453 done at t 85.930 s, 24.4 ms after the sync and hints
submit #1454 dcb 2647 dwords at 0x503502500: pass 236 rewrite 123 drop 120 unmapped 0 cc 4 mappings 296 ... OK rc 0 23.37 ms
timing: #1454 done at t 85.968 s, 27.0 ms after the sync and hints
state stack #1454: push 2 pop 2 conditional 1 unmatched 0; restored 1842 regs (+1874 dwords); tables 13, unreadable 0
submit #1455 dcb 851 dwords at 0x505602500: pass 47 rewrite 55 drop 45 unmapped 0 cc 0 mappings 296 ... OK rc 0 22.87 ms
timing: #1455 done at t 86.004 s, 24.6 ms after the sync and hints
submit #1456 acb 2 dwords at 0xfe003a200: pass 1 rewrite 0 drop 0 unmapped 0 cc 0 mappings 296 ... OK rc 0 23.13 ms
timing: #1456 done at t 86.040 s, 24.4 ms after the sync and hints
submit #1457 acb 463 dwords at 0x4003e6740: pass 43 rewrite 11 drop 27 unmapped 0 cc 0 mappings 296 ... OK rc 0 23.44 ms
timing: #1457 done at t 86.076 s, 24.8 ms after the sync and hints
submit #1458 dcb 798 dwords at 0x506202500: pass 103 rewrite 35 drop 22 unmapped 0 cc 6 mappings 296 ... acb head: 3413 of 3462 dwords go ahead of the wait at 3413 on 0x400202380
OK rc 0 23.50 ms
timing: #1458 done at t 86.115 s, 27.3 ms after the sync and hints
state stack #1458: push 3 pop 3 conditional 1 unmatched 0; restored 2763 regs (+2811 dwords); tables 17, unreadable 0
  indirect op 16 at 1640: args 0x74063c0 not mapped, DROPPED
  indirect op 16 at 1738: args 0x74063e0 not mapped, DROPPED
  indirect op 16 at 1833: args 0x74063e0 not mapped, DROPPED
submit #1459 acb 3413 dwords at 0x400205540: pass 331 rewrite 70 drop 165 unmapped 0 cc 0 mappings 296 ... OK rc 0 24.38 ms
timing: #1459 done at t 86.152 s, 25.8 ms after the sync and hints
submit #1460 dcb 1248 dwords at 0x504a02500: pass 151 rewrite 46 drop 45 unmapped 0 cc 6 mappings 296 ... OK rc 0 22.95 ms
timing: #1460 done at t 86.190 s, 26.0 ms after the sync and hints
state stack #1460: push 3 pop 3 conditional 1 unmatched 0; restored 2763 regs (+2811 dwords); tables 11, unreadable 0
flip 1/1 buffer 0x5093f0000 +0x1fe0000: sum 0x17fb17d5f47d nonzero 8100/8160 pattern 0
  target CB0 0x507410000: distinct 53 min 0xc0000000 max 0xc340d034,   target CB0 0x507410000: nonzero 1024/1024
  target CB0 0x563800000: distinct 1 min 0x00000000 max 0x00000000,   target CB0 0x563800000: nonzero 0/1024
  target CB0 0x55c00d000: distinct 4 min 0x00000000 max 0xffffffff,   target CB0 0x55c00d000: nonzero 339/1024
  target CB0 0x5637f0000: distinct 1 min 0x00000000 max 0x00000000,   target CB0 0x5637f0000: nonzero 0/1024
  target CB0 0x526bf0000: distinct 1 min 0x38003800 max 0x38003800,   target CB0 0x526bf0000: nonzero 1024/1024
  target CB0 0x5719a8000: distinct 18 min 0x00000000 max 0xffffffff,   target CB0 0x5719a8000: nonzero 246/1024
  target DB_HTILE 0x5203a0000: distinct 2 min 0x00000000 max 0xfffffff0,   target DB_HTILE 0x5203a0000: nonzero 160/1024
  target DB_Z_READ 0x51db50000: distinct 1 min 0x3f800000 max 0x3f800000,   target DB_Z_READ 0x51db50000: nonzero 1024/1024
  target DB_STENCIL_READ 0x51fb30000: distinct 1 min 0x80800000 max 0x80800000,   target DB_STENCIL_READ 0x51fb30000: nonzero 1024/1024
  target CB0 0x513bf0000: distinct 1 min 0x00000000 max 0x00000000,   target CB0 0x513bf0000: nonzero 0/1024
  target CB0 0x571867000: distinct 20 min 0x00000000 max 0xffffffff,   target CB0 0x571867000: nonzero 359/1024
  target CB0 0x57187b000: distinct 20 min 0x00000000 max 0xffffffff,   target CB0 0x57187b000: nonzero 339/1024
  target CB0 0x519b90000: distinct 1 min 0x831702ab max 0x831702ab,   target CB0 0x519b90000: nonzero 1024/1024
  target CB0 0x5718eb000: distinct 19 min 0x00000000 max 0xffffffff,   target CB0 0x5718eb000: nonzero 267/1024
  target DB_HTILE 0x55c0e0000: distinct 2 min 0x00000000 max 0xffffffff,   target DB_HTILE 0x55c0e0000: nonzero 192/1024
  target DB_Z_READ 0x527430000: distinct 1 min 0xffffffff max 0xffffffff,   target DB_Z_READ 0x527430000: nonzero 1024/1024
timing: t 86.191 s flip 1/1, VideoOutSubmitFlip took 0.0 ms
  indirect op 16 at 1246: base 0x5074063c0 +0x0 -> 1 1 1 0 0
  indirect op 16 at 1278: base 0x5074063e0 +0x0 -> 1 1 1 0 0
  indirect op 16 at 1310: base 0x50740a520 +0x0 -> 1 1 1 0 0
  indirect op 16 at 1342: base 0x50740a540 +0x0 -> 1 1 1 0 0
  indirect op 25 at 4825: base 0x56ddaffa0 +0x0 -> 1 0 0 0 0
submit #1461 dcb 10440 dwords at 0x502002500: pass 691 rewrite 518 drop 462 unmapped 1 cc 12 mappings 296 ... OK rc 0 28.81 ms
timing: #1461 done at t 86.241 s, 37.9 ms after the sync and hints
state stack #1461: push 6 pop 6 conditional 1 unmatched 0; restored 5526 regs (+5622 dwords); tables 38, unreadable 0
submit #1462 acb 2 dwords at 0xfe003a200: pass 1 rewrite 0 drop 0 unmapped 0 cc 0 mappings 296 ... OK rc 0 22.65 ms
timing: #1462 done at t 86.276 s, 23.9 ms after the sync and hints
submit #1463 acb 49 dwords at 0x400208a94: pass 2 rewrite 3 drop 3 unmapped 0 cc 0 mappings 296 ... OK rc 0 22.86 ms
timing: #1463 done at t 86.311 s, 24.1 ms after the sync and hints
submit #1464 cc 3 dwords at 0x313b17cf4: pass 0 rewrite 1 drop 0 unmapped 0 cc 1 mappings 296 ... OK rc 0 22.80 ms
timing: #1464 done at t 86.346 s, 24.1 ms after the sync and hints
submit #1465 hib 150 dwords at 0xfe0000000: pass 12 rewrite 2 drop 2 unmapped 0 cc 2 mappings 296 ... OK rc 0 22.77 ms
timing: #1465 done at t 86.382 s, 24.4 ms after the sync and hints
submit #1466 hib 2 dwords at 0xfe003a200: pass 1 rewrite 0 drop 0 unmapped 0 cc 0 mappings 296 ... OK rc 0 23.03 ms
timing: #1466 done at t 86.418 s, 24.5 ms after the sync and hints
submit #1467 dcb 96 dwords at 0xfe0042920: pass 20 rewrite 2 drop 2 unmapped 0 cc 0 mappings 296 ... OK rc 0 23.13 ms
timing: #1467 done at t 86.454 s, 24.7 ms after the sync and hints
submit #1468 dcb 2647 dwords at 0x503c02500: pass 236 rewrite 123 drop 120 unmapped 0 cc 4 mappings 296 ... OK rc 0 23.52 ms
timing: #1468 done at t 86.493 s, 27.2 ms after the sync and hints
state stack #1468: push 2 pop 2 conditional 1 unmatched 0; restored 1842 regs (+1874 dwords); tables 13, unreadable 0
submit #1469 dcb 851 dwords at 0x505a02500: pass 47 rewrite 55 drop 45 unmapped 0 cc 0 mappings 296 ... OK rc 0 23.12 ms
timing: #1469 done at t 86.529 s, 24.8 ms after the sync and hints
submit #1470 acb 2 dwords at 0xfe003a200: pass 1 rewrite 0 drop 0 unmapped 0 cc 0 mappings 296 ... OK rc 0 22.94 ms
timing: #1470 done at t 86.565 s, 24.2 ms after the sync and hints
submit #1471 acb 463 dwords at 0x4004867c0: pass 43 rewrite 11 drop 27 unmapped 0 cc 0 mappings 296 ... OK rc 0 23.19 ms
timing: #1471 done at t 86.601 s, 24.5 ms after the sync and hints
submit #1472 dcb 798 dwords at 0x506802500: pass 103 rewrite 35 drop 22 unmapped 0 cc 6 mappings 296 ... acb head: 3413 of 3462 dwords go ahead of the wait at 3413 on 0x400202f80
OK rc 0 23.89 ms
timing: #1472 done at t 86.641 s, 27.9 ms after the sync and hints
state stack #1472: push 3 pop 3 conditional 1 unmatched 0; restored 2763 regs (+2811 dwords); tables 17, unreadable 0
  indirect op 16 at 1640: args 0x74063c0 not mapped, DROPPED
  indirect op 16 at 1738: args 0x74063e0 not mapped, DROPPED
  indirect op 16 at 1833: args 0x74063e0 not mapped, DROPPED
submit #1473 acb 3413 dwords at 0x4002a55c0: pass 331 rewrite 70 drop 165 unmapped 0 cc 0 mappings 296 ... OK rc 0 24.50 ms
timing: #1473 done at t 86.678 s, 26.0 ms after the sync and hints
submit #1474 dcb 1248 dwords at 0x504e02500: pass 151 rewrite 46 drop 45 unmapped 0 cc 6 mappings 296 ... OK rc 0 23.30 ms
timing: #1474 done at t 86.716 s, 26.3 ms after the sync and hints
state stack #1474: push 3 pop 3 conditional 1 unmatched 0; restored 2763 regs (+2811 dwords); tables 11, unreadable 0
flip 1/0 buffer 0x507410000 +0x1fe0000: sum 0x17fb17d5f47d nonzero 8100/8160 pattern 0
  target CB0 0x5093f0000: distinct 53 min 0xc0000000 max 0xc340d034,   target CB0 0x5093f0000: nonzero 1024/1024
  target CB0 0x563800000: distinct 1 min 0x00000000 max 0x00000000,   target CB0 0x563800000: nonzero 0/1024
  target CB0 0x55c00d000: distinct 4 min 0x00000000 max 0xffffffff,   target CB0 0x55c00d000: nonzero 339/1024
  target CB0 0x5637f0000: distinct 1 min 0x00000000 max 0x00000000,   target CB0 0x5637f0000: nonzero 0/1024
  target CB0 0x526bf0000: distinct 1 min 0x38003800 max 0x38003800,   target CB0 0x526bf0000: nonzero 1024/1024
  target CB0 0x5719a8000: distinct 18 min 0x00000000 max 0xffffffff,   target CB0 0x5719a8000: nonzero 246/1024
  target DB_HTILE 0x5203a0000: distinct 2 min 0x00000000 max 0xfffffff0,   target DB_HTILE 0x5203a0000: nonzero 160/1024
  target DB_Z_READ 0x51db50000: distinct 1 min 0x3f800000 max 0x3f800000,   target DB_Z_READ 0x51db50000: nonzero 1024/1024
  target DB_STENCIL_READ 0x51fb30000: distinct 1 min 0x80800000 max 0x80800000,   target DB_STENCIL_READ 0x51fb30000: nonzero 1024/1024
  target CB0 0x513bf0000: distinct 1 min 0x00000000 max 0x00000000,   target CB0 0x513bf0000: nonzero 0/1024
  target CB0 0x571867000: distinct 20 min 0x00000000 max 0xffffffff,   target CB0 0x571867000: nonzero 359/1024
  target CB0 0x57187b000: distinct 20 min 0x00000000 max 0xffffffff,   target CB0 0x57187b000: nonzero 339/1024
  target CB0 0x519b90000: distinct 1 min 0x055682ab max 0x055682ab,   target CB0 0x519b90000: nonzero 1024/1024
  target CB0 0x5718eb000: distinct 19 min 0x00000000 max 0xffffffff,   target CB0 0x5718eb000: nonzero 267/1024
  target DB_HTILE 0x55c0e0000: distinct 2 min 0x00000000 max 0xffffffff,   target DB_HTILE 0x55c0e0000: nonzero 192/1024
  target DB_Z_READ 0x527430000: distinct 1 min 0xffffffff max 0xffffffff,   target DB_Z_READ 0x527430000: nonzero 1024/1024
timing: t 86.717 s flip 1/0, VideoOutSubmitFlip took 0.0 ms
  indirect op 16 at 1246: base 0x5074063c0 +0x0 -> 1 1 1 0 0
  indirect op 16 at 1278: base 0x5074063e0 +0x0 -> 1 1 1 0 0
  indirect op 16 at 1310: base 0x50740a520 +0x0 -> 1 1 1 0 0
  indirect op 16 at 1342: base 0x50740a540 +0x0 -> 1 1 1 0 0
  indirect op 25 at 4825: base 0x56ddaffa0 +0x0 -> 1 0 0 0 0
submit #1475 dcb 10440 dwords at 0x502702500: pass 691 rewrite 518 drop 462 unmapped 1 cc 12 mappings 296 ... OK rc 0 29.09 ms
timing: #1475 done at t 86.767 s, 38.3 ms after the sync and hints
state stack #1475: push 6 pop 6 conditional 1 unmatched 0; restored 5526 regs (+5622 dwords); tables 38, unreadable 0
submit #1476 acb 2 dwords at 0xfe003a200: pass 1 rewrite 0 drop 0 unmapped 0 cc 0 mappings 296 ... OK rc 0 22.89 ms
timing: #1476 done at t 86.803 s, 24.2 ms after the sync and hints
submit #1477 acb 49 dwords at 0x4002a8b14: pass 2 rewrite 3 drop 3 unmapped 0 cc 0 mappings 296 ... OK rc 0 22.78 ms
timing: #1477 done at t 86.838 s, 24.2 ms after the sync and hints
submit #1478 cc 3 dwords at 0x313b17cf4: pass 0 rewrite 1 drop 0 unmapped 0 cc 1 mappings 296 ... OK rc 0 23.09 ms
timing: #1478 done at t 86.874 s, 24.4 ms after the sync and hints
submit #1479 hib 150 dwords at 0xfe0000000: pass 12 rewrite 2 drop 2 unmapped 0 cc 2 mappings 296 ... OK rc 0 23.06 ms
timing: #1479 done at t 86.910 s, 24.6 ms after the sync and hints
submit #1480 hib 2 dwords at 0xfe003a200: pass 1 rewrite 0 drop 0 unmapped 0 cc 0 mappings 296 ... OK rc 0 23.01 ms
timing: #1480 done at t 86.946 s, 24.3 ms after the sync and hints
submit #1481 dcb 96 dwords at 0xfe0042920: pass 20 rewrite 2 drop 2 unmapped 0 cc 0 mappings 296 ... OK rc 0 22.82 ms
timing: #1481 done at t 86.982 s, 24.4 ms after the sync and hints
submit #1482 dcb 2647 dwords at 0x504302500: pass 236 rewrite 123 drop 120 unmapped 0 cc 4 mappings 296 ... OK rc 0 23.18 ms
timing: #1482 done at t 87.020 s, 26.8 ms after the sync and hints
state stack #1482: push 2 pop 2 conditional 1 unmatched 0; restored 1842 regs (+1874 dwords); tables 13, unreadable 0
submit #1483 dcb 851 dwords at 0x505e02500: pass 47 rewrite 55 drop 45 unmapped 0 cc 0 mappings 296 ... OK rc 0 22.75 ms
timing: #1483 done at t 87.056 s, 24.4 ms after the sync and hints
submit #1484 acb 2 dwords at 0xfe003a200: pass 1 rewrite 0 drop 0 unmapped 0 cc 0 mappings 296 ... OK rc 0 22.86 ms
timing: #1484 done at t 87.092 s, 24.2 ms after the sync and hints
submit #1485 acb 463 dwords at 0x400526840: pass 43 rewrite 11 drop 27 unmapped 0 cc 0 mappings 296 ... OK rc 0 23.10 ms
timing: #1485 done at t 87.127 s, 24.4 ms after the sync and hints
submit #1486 dcb 798 dwords at 0x506e02500: pass 103 rewrite 35 drop 22 unmapped 0 cc 6 mappings 296 ... acb head: 3413 of 3462 dwords go ahead of the wait at 3413 on 0x400203b80
OK rc 0 23.80 ms
timing: #1486 done at t 87.167 s, 27.7 ms after the sync and hints
state stack #1486: push 3 pop 3 conditional 1 unmatched 0; restored 2763 regs (+2811 dwords); tables 17, unreadable 0
  indirect op 16 at 1640: args 0x74063c0 not mapped, DROPPED
  indirect op 16 at 1738: args 0x74063e0 not mapped, DROPPED
  indirect op 16 at 1833: args 0x74063e0 not mapped, DROPPED
submit #1487 acb 3413 dwords at 0x400345640: pass 331 rewrite 70 drop 165 unmapped 0 cc 0 mappings 296 ... OK rc 0 24.31 ms
timing: #1487 done at t 87.204 s, 26.0 ms after the sync and hints
submit #1488 dcb 1248 dwords at 0x505202500: pass 151 rewrite 46 drop 45 unmapped 0 cc 6 mappings 296 ... OK rc 0 22.97 ms
timing: #1488 done at t 87.242 s, 26.0 ms after the sync and hints
state stack #1488: push 3 pop 3 conditional 1 unmatched 0; restored 2763 regs (+2811 dwords); tables 11, unreadable 0
flip 1/1 buffer 0x5093f0000 +0x1fe0000: sum 0x17fb17d5f47d nonzero 8100/8160 pattern 0
  target CB0 0x507410000: distinct 53 min 0xc0000000 max 0xc340d034,   target CB0 0x507410000: nonzero 1024/1024
  target CB0 0x563800000: distinct 1 min 0x00000000 max 0x00000000,   target CB0 0x563800000: nonzero 0/1024
  target CB0 0x55c00d000: distinct 4 min 0x00000000 max 0xffffffff,   target CB0 0x55c00d000: nonzero 339/1024
  target CB0 0x5637f0000: distinct 1 min 0x00000000 max 0x00000000,   target CB0 0x5637f0000: nonzero 0/1024
  target CB0 0x526bf0000: distinct 1 min 0x38003800 max 0x38003800,   target CB0 0x526bf0000: nonzero 1024/1024
  target CB0 0x5719a8000: distinct 18 min 0x00000000 max 0xffffffff,   target CB0 0x5719a8000: nonzero 246/1024
  target DB_HTILE 0x5203a0000: distinct 2 min 0x00000000 max 0xfffffff0,   target DB_HTILE 0x5203a0000: nonzero 160/1024
  target DB_Z_READ 0x51db50000: distinct 1 min 0x3f800000 max 0x3f800000,   target DB_Z_READ 0x51db50000: nonzero 1024/1024
  target DB_STENCIL_READ 0x51fb30000: distinct 1 min 0x80800000 max 0x80800000,   target DB_STENCIL_READ 0x51fb30000: nonzero 1024/1024
  target CB0 0x513bf0000: distinct 1 min 0x00000000 max 0x00000000,   target CB0 0x513bf0000: nonzero 0/1024
  target CB0 0x571867000: distinct 20 min 0x00000000 max 0xffffffff,   target CB0 0x571867000: nonzero 359/1024
  target CB0 0x57187b000: distinct 20 min 0x00000000 max 0xffffffff,   target CB0 0x57187b000: nonzero 339/1024
  target CB0 0x519b90000: distinct 1 min 0x0048019a max 0x0048019a,   target CB0 0x519b90000: nonzero 1024/1024
  target CB0 0x5718eb000: distinct 19 min 0x00000000 max 0xffffffff,   target CB0 0x5718eb000: nonzero 267/1024
  target DB_HTILE 0x55c0e0000: distinct 2 min 0x00000000 max 0xffffffff,   target DB_HTILE 0x55c0e0000: nonzero 192/1024
  target DB_Z_READ 0x527430000: distinct 1 min 0xffffffff max 0xffffffff,   target DB_Z_READ 0x527430000: nonzero 1024/1024
timing: t 87.243 s flip 1/1, VideoOutSubmitFlip took 0.0 ms
  indirect op 16 at 1246: base 0x5074063c0 +0x0 -> 1 1 1 0 0
  indirect op 16 at 1278: base 0x5074063e0 +0x0 -> 1 1 1 0 0
  indirect op 16 at 1310: base 0x50740a520 +0x0 -> 1 1 1 0 0
  indirect op 16 at 1342: base 0x50740a540 +0x0 -> 1 1 1 0 0
  indirect op 25 at 4825: base 0x56ddaffa0 +0x0 -> 1 0 0 0 0
submit #1489 dcb 10440 dwords at 0x502e02500: pass 691 rewrite 518 drop 462 unmapped 1 cc 12 mappings 296 ... OK rc 0 28.84 ms
timing: #1489 done at t 87.293 s, 37.9 ms after the sync and hints
state stack #1489: push 6 pop 6 conditional 1 unmatched 0; restored 5526 regs (+5622 dwords); tables 38, unreadable 0
submit #1490 acb 2 dwords at 0xfe003a200: pass 1 rewrite 0 drop 0 unmapped 0 cc 0 mappings 296 ... OK rc 0 23.08 ms
timing: #1490 done at t 87.329 s, 24.4 ms after the sync and hints
submit #1491 acb 49 dwords at 0x400348b94: pass 2 rewrite 3 drop 3 unmapped 0 cc 0 mappings 296 ... OK rc 0 22.96 ms
timing: #1491 done at t 87.366 s, 24.2 ms after the sync and hints
submit #1492 cc 3 dwords at 0x313b17cf4: pass 0 rewrite 1 drop 0 unmapped 0 cc 1 mappings 296 ... OK rc 0 22.72 ms
timing: #1492 done at t 87.401 s, 24.0 ms after the sync and hints
submit #1493 hib 150 dwords at 0xfe0000000: pass 12 rewrite 2 drop 2 unmapped 0 cc 2 mappings 296 ... OK rc 0 22.69 ms
timing: #1493 done at t 87.437 s, 24.3 ms after the sync and hints
submit #1494 hib 2 dwords at 0xfe003a200: pass 1 rewrite 0 drop 0 unmapped 0 cc 0 mappings 296 ... OK rc 0 22.73 ms
timing: #1494 done at t 87.472 s, 23.9 ms after the sync and hints
submit #1495 dcb 96 dwords at 0xfe0042920: pass 20 rewrite 2 drop 2 unmapped 0 cc 0 mappings 296 ... OK rc 0 22.68 ms
timing: #1495 done at t 87.507 s, 24.2 ms after the sync and hints
submit #1496 dcb 2647 dwords at 0x503502500: pass 236 rewrite 123 drop 120 unmapped 0 cc 4 mappings 296 ... OK rc 0 23.19 ms
timing: #1496 done at t 87.545 s, 26.8 ms after the sync and hints
state stack #1496: push 2 pop 2 conditional 1 unmatched 0; restored 1842 regs (+1874 dwords); tables 13, unreadable 0
submit #1497 acb 2 dwords at 0xfe003a200: pass 1 rewrite 0 drop 0 unmapped 0 cc 0 mappings 296 ... OK rc 0 23.34 ms
timing: #1497 done at t 87.582 s, 24.6 ms after the sync and hints
submit #1498 dcb 851 dwords at 0x505602500: pass 47 rewrite 55 drop 45 unmapped 0 cc 0 mappings 296 ... OK rc 0 22.73 ms
timing: #1498 done at t 87.618 s, 24.5 ms after the sync and hints
submit #1499 acb 463 dwords at 0x4003e6740: pass 43 rewrite 11 drop 27 unmapped 0 cc 0 mappings 296 ... OK rc 0 23.56 ms
timing: #1499 done at t 87.654 s, 24.8 ms after the sync and hints
submit #1500 dcb 798 dwords at 0x506202500: pass 103 rewrite 35 drop 22 unmapped 0 cc 6 mappings 296 ... acb head: 3413 of 3462 dwords go ahead of the wait at 3413 on 0x400202380
OK rc 0 23.48 ms
timing: #1500 done at t 87.693 s, 27.4 ms after the sync and hints
state stack #1500: push 3 pop 3 conditional 1 unmatched 0; restored 2763 regs (+2811 dwords); tables 17, unreadable 0
  indirect op 16 at 1640: args 0x74063c0 not mapped, DROPPED
  indirect op 16 at 1738: args 0x74063e0 not mapped, DROPPED
  indirect op 16 at 1833: args 0x74063e0 not mapped, DROPPED
submit #1501 acb 3413 dwords at 0x400205540: pass 331 rewrite 70 drop 165 unmapped 0 cc 0 mappings 296 ... OK rc 0 24.83 ms
timing: #1501 done at t 87.730 s, 26.2 ms after the sync and hints
submit #1502 dcb 1248 dwords at 0x504a02500: pass 151 rewrite 46 drop 45 unmapped 0 cc 6 mappings 296 ... OK rc 0 22.82 ms
timing: #1502 done at t 87.768 s, 25.8 ms after the sync and hints
state stack #1502: push 3 pop 3 conditional 1 unmatched 0; restored 2763 regs (+2811 dwords); tables 11, unreadable 0
flip 1/0 buffer 0x507410000 +0x1fe0000: sum 0x17fb17d5f47d nonzero 8100/8160 pattern 0
  target CB0 0x5093f0000: distinct 53 min 0xc0000000 max 0xc340d034,   target CB0 0x5093f0000: nonzero 1024/1024
  target CB0 0x563800000: distinct 1 min 0x00000000 max 0x00000000,   target CB0 0x563800000: nonzero 0/1024
  target CB0 0x55c00d000: distinct 4 min 0x00000000 max 0xffffffff,   target CB0 0x55c00d000: nonzero 339/1024
  target CB0 0x5637f0000: distinct 1 min 0x00000000 max 0x00000000,   target CB0 0x5637f0000: nonzero 0/1024
  target CB0 0x526bf0000: distinct 1 min 0x38003800 max 0x38003800,   target CB0 0x526bf0000: nonzero 1024/1024
  target CB0 0x5719a8000: distinct 18 min 0x00000000 max 0xffffffff,   target CB0 0x5719a8000: nonzero 246/1024
  target DB_HTILE 0x5203a0000: distinct 2 min 0x00000000 max 0xfffffff0,   target DB_HTILE 0x5203a0000: nonzero 160/1024
  target DB_Z_READ 0x51db50000: distinct 1 min 0x3f800000 max 0x3f800000,   target DB_Z_READ 0x51db50000: nonzero 1024/1024
  target DB_STENCIL_READ 0x51fb30000: distinct 1 min 0x80800000 max 0x80800000,   target DB_STENCIL_READ 0x51fb30000: nonzero 1024/1024
  target CB0 0x513bf0000: distinct 1 min 0x00000000 max 0x00000000,   target CB0 0x513bf0000: nonzero 0/1024
  target CB0 0x571867000: distinct 20 min 0x00000000 max 0xffffffff,   target CB0 0x571867000: nonzero 359/1024
  target CB0 0x57187b000: distinct 20 min 0x00000000 max 0xffffffff,   target CB0 0x57187b000: nonzero 339/1024
  target CB0 0x519b90000: distinct 1 min 0x84c78089 max 0x84c78089,   target CB0 0x519b90000: nonzero 1024/1024
  target CB0 0x5718eb000: distinct 19 min 0x00000000 max 0xffffffff,   target CB0 0x5718eb000: nonzero 267/1024
  target DB_HTILE 0x55c0e0000: distinct 2 min 0x00000000 max 0xffffffff,   target DB_HTILE 0x55c0e0000: nonzero 192/1024
  target DB_Z_READ 0x527430000: distinct 1 min 0xffffffff max 0xffffffff,   target DB_Z_READ 0x527430000: nonzero 1024/1024
timing: t 87.769 s flip 1/0, VideoOutSubmitFlip took 0.0 ms
  indirect op 16 at 1246: base 0x5074063c0 +0x0 -> 1 1 1 0 0
  indirect op 16 at 1278: base 0x5074063e0 +0x0 -> 1 1 1 0 0
  indirect op 16 at 1310: base 0x50740a520 +0x0 -> 1 1 1 0 0
  indirect op 16 at 1342: base 0x50740a540 +0x0 -> 1 1 1 0 0
  indirect op 25 at 4825: base 0x56ddaffa0 +0x0 -> 1 0 0 0 0
submit #1503 dcb 10440 dwords at 0x502002500: pass 691 rewrite 518 drop 462 unmapped 1 cc 12 mappings 296 ... OK rc 0 28.85 ms
timing: #1503 done at t 87.819 s, 37.9 ms after the sync and hints
state stack #1503: push 6 pop 6 conditional 1 unmatched 0; restored 5526 regs (+5622 dwords); tables 38, unreadable 0
submit #1504 acb 2 dwords at 0xfe003a200: pass 1 rewrite 0 drop 0 unmapped 0 cc 0 mappings 296 ... OK rc 0 22.82 ms
timing: #1504 done at t 87.855 s, 24.1 ms after the sync and hints
swapped pages taken as resident so far: 0
vmas 115 total 13079.0 MiB resident 5030.6 MiB mapped 5030.7 MiB
submit #1505 acb 49 dwords at 0x400208a94: pass 2 rewrite 3 drop 3 unmapped 0 cc 0 mappings 297 ... OK rc 0 22.76 ms
timing: #1505 done at t 87.890 s, 24.0 ms after the sync and hints
submit #1506 cc 3 dwords at 0x313b17cf4: pass 0 rewrite 1 drop 0 unmapped 0 cc 1 mappings 297 ... OK rc 0 22.80 ms
timing: #1506 done at t 87.926 s, 24.1 ms after the sync and hints
submit #1507 hib 150 dwords at 0xfe0000000: pass 12 rewrite 2 drop 2 unmapped 0 cc 2 mappings 297 ... OK rc 0 22.73 ms
timing: #1507 done at t 87.961 s, 24.3 ms after the sync and hints
submit #1508 hib 2 dwords at 0xfe003a200: pass 1 rewrite 0 drop 0 unmapped 0 cc 0 mappings 297 ... OK rc 0 22.70 ms
timing: #1508 done at t 87.997 s, 24.0 ms after the sync and hints
submit #1509 dcb 96 dwords at 0xfe0042920: pass 20 rewrite 2 drop 2 unmapped 0 cc 0 mappings 297 ... OK rc 0 22.80 ms
timing: #1509 done at t 88.032 s, 24.3 ms after the sync and hints
submit #1510 dcb 2647 dwords at 0x503c02500: pass 236 rewrite 123 drop 120 unmapped 0 cc 4 mappings 297 ... OK rc 0 23.18 ms
timing: #1510 done at t 88.070 s, 26.7 ms after the sync and hints
state stack #1510: push 2 pop 2 conditional 1 unmatched 0; restored 1842 regs (+1874 dwords); tables 13, unreadable 0
submit #1511 dcb 851 dwords at 0x505a02500: pass 47 rewrite 55 drop 45 unmapped 0 cc 0 mappings 297 ... OK rc 0 22.77 ms
timing: #1511 done at t 88.107 s, 24.5 ms after the sync and hints
submit #1512 acb 2 dwords at 0xfe003a200: pass 1 rewrite 0 drop 0 unmapped 0 cc 0 mappings 297 ... OK rc 0 23.16 ms
timing: #1512 done at t 88.143 s, 24.4 ms after the sync and hints
submit #1513 acb 463 dwords at 0x4004867c0: pass 43 rewrite 11 drop 27 unmapped 0 cc 0 mappings 297 ... OK rc 0 23.46 ms
timing: #1513 done at t 88.179 s, 24.8 ms after the sync and hints
submit #1514 dcb 798 dwords at 0x506802500: pass 103 rewrite 35 drop 22 unmapped 0 cc 6 mappings 297 ... acb head: 3413 of 3462 dwords go ahead of the wait at 3413 on 0x400202f80
OK rc 0 23.45 ms
timing: #1514 done at t 88.218 s, 27.3 ms after the sync and hints
state stack #1514: push 3 pop 3 conditional 1 unmatched 0; restored 2763 regs (+2811 dwords); tables 17, unreadable 0
  indirect op 16 at 1640: args 0x74063c0 not mapped, DROPPED
  indirect op 16 at 1738: args 0x74063e0 not mapped, DROPPED
  indirect op 16 at 1833: args 0x74063e0 not mapped, DROPPED
submit #1515 acb 3413 dwords at 0x4002a55c0: pass 331 rewrite 70 drop 165 unmapped 0 cc 0 mappings 297 ... OK rc 0 24.43 ms
timing: #1515 done at t 88.255 s, 25.9 ms after the sync and hints
submit #1516 dcb 1248 dwords at 0x504e02500: pass 151 rewrite 46 drop 45 unmapped 0 cc 6 mappings 297 ... OK rc 0 23.00 ms
timing: #1516 done at t 88.293 s, 26.0 ms after the sync and hints
state stack #1516: push 3 pop 3 conditional 1 unmatched 0; restored 2763 regs (+2811 dwords); tables 11, unreadable 0
flip 1/1 buffer 0x5093f0000 +0x1fe0000: sum 0x17fb17d5f47d nonzero 8100/8160 pattern 0
  target CB0 0x507410000: distinct 53 min 0xc0000000 max 0xc340d034,   target CB0 0x507410000: nonzero 1024/1024
  target CB0 0x563800000: distinct 1 min 0x00000000 max 0x00000000,   target CB0 0x563800000: nonzero 0/1024
  target CB0 0x55c00d000: distinct 4 min 0x00000000 max 0xffffffff,   target CB0 0x55c00d000: nonzero 339/1024
  target CB0 0x5637f0000: distinct 1 min 0x00000000 max 0x00000000,   target CB0 0x5637f0000: nonzero 0/1024
  target CB0 0x526bf0000: distinct 1 min 0x38003800 max 0x38003800,   target CB0 0x526bf0000: nonzero 1024/1024
  target CB0 0x5719a8000: distinct 18 min 0x00000000 max 0xffffffff,   target CB0 0x5719a8000: nonzero 246/1024
  target DB_HTILE 0x5203a0000: distinct 2 min 0x00000000 max 0xfffffff0,   target DB_HTILE 0x5203a0000: nonzero 160/1024
  target DB_Z_READ 0x51db50000: distinct 1 min 0x3f800000 max 0x3f800000,   target DB_Z_READ 0x51db50000: nonzero 1024/1024
  target DB_STENCIL_READ 0x51fb30000: distinct 1 min 0x80800000 max 0x80800000,   target DB_STENCIL_READ 0x51fb30000: nonzero 1024/1024
  target CB0 0x513bf0000: distinct 1 min 0x00000000 max 0x00000000,   target CB0 0x513bf0000: nonzero 0/1024
  target CB0 0x571867000: distinct 20 min 0x00000000 max 0xffffffff,   target CB0 0x571867000: nonzero 359/1024
  target CB0 0x57187b000: distinct 20 min 0x00000000 max 0xffffffff,   target CB0 0x57187b000: nonzero 339/1024
  target CB0 0x519b90000: distinct 1 min 0x03a703bc max 0x03a703bc,   target CB0 0x519b90000: nonzero 1024/1024
  target CB0 0x5718eb000: distinct 19 min 0x00000000 max 0xffffffff,   target CB0 0x5718eb000: nonzero 267/1024
  target DB_HTILE 0x55c0e0000: distinct 2 min 0x00000000 max 0xffffffff,   target DB_HTILE 0x55c0e0000: nonzero 192/1024
  target DB_Z_READ 0x527430000: distinct 1 min 0xffffffff max 0xffffffff,   target DB_Z_READ 0x527430000: nonzero 1024/1024
timing: t 88.294 s flip 1/1, VideoOutSubmitFlip took 0.0 ms
  indirect op 16 at 1246: base 0x5074063c0 +0x0 -> 1 1 1 0 0
  indirect op 16 at 1278: base 0x5074063e0 +0x0 -> 1 1 1 0 0
  indirect op 16 at 1310: base 0x50740a520 +0x0 -> 1 1 1 0 0
  indirect op 16 at 1342: base 0x50740a540 +0x0 -> 1 1 1 0 0
  indirect op 25 at 4825: base 0x56ddaffa0 +0x0 -> 1 0 0 0 0
submit #1517 dcb 10440 dwords at 0x502702500: pass 691 rewrite 518 drop 462 unmapped 1 cc 12 mappings 297 ... OK rc 0 29.02 ms
timing: #1517 done at t 88.344 s, 38.3 ms after the sync and hints
state stack #1517: push 6 pop 6 conditional 1 unmatched 0; restored 5526 regs (+5622 dwords); tables 38, unreadable 0
submit #1518 acb 2 dwords at 0xfe003a200: pass 1 rewrite 0 drop 0 unmapped 0 cc 0 mappings 297 ... OK rc 0 22.82 ms
timing: #1518 done at t 88.380 s, 24.1 ms after the sync and hints
submit #1519 acb 49 dwords at 0x4002a8b14: pass 2 rewrite 3 drop 3 unmapped 0 cc 0 mappings 297 ... OK rc 0 22.71 ms
timing: #1519 done at t 88.415 s, 24.0 ms after the sync and hints
submit #1520 cc 3 dwords at 0x313b17cf4: pass 0 rewrite 1 drop 0 unmapped 0 cc 1 mappings 297 ... OK rc 0 23.24 ms
timing: #1520 done at t 88.452 s, 24.5 ms after the sync and hints
submit #1521 hib 150 dwords at 0xfe0000000: pass 12 rewrite 2 drop 2 unmapped 0 cc 2 mappings 297 ... OK rc 0 23.13 ms
timing: #1521 done at t 88.488 s, 24.9 ms after the sync and hints
submit #1522 hib 2 dwords at 0xfe003a200: pass 1 rewrite 0 drop 0 unmapped 0 cc 0 mappings 297 ... OK rc 0 23.12 ms
timing: #1522 done at t 88.524 s, 24.5 ms after the sync and hints
submit #1523 dcb 96 dwords at 0xfe0042920: pass 20 rewrite 2 drop 2 unmapped 0 cc 0 mappings 297 ... OK rc 0 23.26 ms
timing: #1523 done at t 88.561 s, 24.8 ms after the sync and hints
submit #1524 dcb 2647 dwords at 0x504302500: pass 236 rewrite 123 drop 120 unmapped 0 cc 4 mappings 297 ... OK rc 0 23.58 ms
timing: #1524 done at t 88.599 s, 27.2 ms after the sync and hints
state stack #1524: push 2 pop 2 conditional 1 unmatched 0; restored 1842 regs (+1874 dwords); tables 13, unreadable 0
submit #1525 dcb 851 dwords at 0x505e02500: pass 47 rewrite 55 drop 45 unmapped 0 cc 0 mappings 297 ... OK rc 0 23.16 ms
timing: #1525 done at t 88.636 s, 25.0 ms after the sync and hints
submit #1526 acb 2 dwords at 0xfe003a200: pass 1 rewrite 0 drop 0 unmapped 0 cc 0 mappings 297 ... OK rc 0 23.12 ms
timing: #1526 done at t 88.672 s, 24.4 ms after the sync and hints
submit #1527 acb 463 dwords at 0x400526840: pass 43 rewrite 11 drop 27 unmapped 0 cc 0 mappings 297 ... OK rc 0 24.61 ms
timing: #1527 done at t 88.709 s, 25.9 ms after the sync and hints
submit #1528 dcb 798 dwords at 0x506e02500: pass 103 rewrite 35 drop 22 unmapped 0 cc 6 mappings 297 ... acb head: 3413 of 3462 dwords go ahead of the wait at 3413 on 0x400203b80
OK rc 0 24.00 ms
timing: #1528 done at t 88.749 s, 27.8 ms after the sync and hints
state stack #1528: push 3 pop 3 conditional 1 unmatched 0; restored 2763 regs (+2811 dwords); tables 17, unreadable 0
  indirect op 16 at 1640: args 0x74063c0 not mapped, DROPPED
  indirect op 16 at 1738: args 0x74063e0 not mapped, DROPPED
  indirect op 16 at 1833: args 0x74063e0 not mapped, DROPPED
submit #1529 acb 3413 dwords at 0x400345640: pass 331 rewrite 70 drop 165 unmapped 0 cc 0 mappings 297 ... OK rc 0 24.35 ms
timing: #1529 done at t 88.786 s, 25.8 ms after the sync and hints
submit #1530 dcb 1248 dwords at 0x505202500: pass 151 rewrite 46 drop 45 unmapped 0 cc 6 mappings 297 ... OK rc 0 23.53 ms
timing: #1530 done at t 88.824 s, 26.7 ms after the sync and hints
state stack #1530: push 3 pop 3 conditional 1 unmatched 0; restored 2763 regs (+2811 dwords); tables 11, unreadable 0
flip 1/0 buffer 0x507410000 +0x1fe0000: sum 0x17fb17d5f47d nonzero 8100/8160 pattern 0
  target CB0 0x5093f0000: distinct 53 min 0xc0000000 max 0xc340d034,   target CB0 0x5093f0000: nonzero 1024/1024
  target CB0 0x563800000: distinct 1 min 0x00000000 max 0x00000000,   target CB0 0x563800000: nonzero 0/1024
  target CB0 0x55c00d000: distinct 4 min 0x00000000 max 0xffffffff,   target CB0 0x55c00d000: nonzero 339/1024
  target CB0 0x5637f0000: distinct 1 min 0x00000000 max 0x00000000,   target CB0 0x5637f0000: nonzero 0/1024
  target CB0 0x526bf0000: distinct 1 min 0x38003800 max 0x38003800,   target CB0 0x526bf0000: nonzero 1024/1024
  target CB0 0x5719a8000: distinct 18 min 0x00000000 max 0xffffffff,   target CB0 0x5719a8000: nonzero 246/1024
  target DB_HTILE 0x5203a0000: distinct 2 min 0x00000000 max 0xfffffff0,   target DB_HTILE 0x5203a0000: nonzero 160/1024
  target DB_Z_READ 0x51db50000: distinct 1 min 0x3f800000 max 0x3f800000,   target DB_Z_READ 0x51db50000: nonzero 1024/1024
  target DB_STENCIL_READ 0x51fb30000: distinct 1 min 0x80800000 max 0x80800000,   target DB_STENCIL_READ 0x51fb30000: nonzero 1024/1024
  target CB0 0x513bf0000: distinct 1 min 0x00000000 max 0x00000000,   target CB0 0x513bf0000: nonzero 0/1024
  target CB0 0x571867000: distinct 20 min 0x00000000 max 0xffffffff,   target CB0 0x571867000: nonzero 359/1024
  target CB0 0x57187b000: distinct 20 min 0x00000000 max 0xffffffff,   target CB0 0x57187b000: nonzero 339/1024
  target CB0 0x519b90000: distinct 1 min 0x07968444 max 0x07968444,   target CB0 0x519b90000: nonzero 1024/1024
  target CB0 0x5718eb000: distinct 19 min 0x00000000 max 0xffffffff,   target CB0 0x5718eb000: nonzero 267/1024
  target DB_HTILE 0x55c0e0000: distinct 2 min 0x00000000 max 0xffffffff,   target DB_HTILE 0x55c0e0000: nonzero 192/1024
  target DB_Z_READ 0x527430000: distinct 1 min 0xffffffff max 0xffffffff,   target DB_Z_READ 0x527430000: nonzero 1024/1024
timing: t 88.825 s flip 1/0, VideoOutSubmitFlip took 0.0 ms
  indirect op 16 at 1246: base 0x5074063c0 +0x0 -> 1 1 1 0 0
  indirect op 16 at 1278: base 0x5074063e0 +0x0 -> 1 1 1 0 0
  indirect op 16 at 1310: base 0x50740a520 +0x0 -> 1 1 1 0 0
  indirect op 16 at 1342: base 0x50740a540 +0x0 -> 1 1 1 0 0
  indirect op 25 at 4825: base 0x56ddaffa0 +0x0 -> 1 0 0 0 0
submit #1531 dcb 10440 dwords at 0x502e02500: pass 691 rewrite 518 drop 462 unmapped 1 cc 12 mappings 297 ... OK rc 0 29.62 ms
timing: #1531 done at t 88.876 s, 38.9 ms after the sync and hints
state stack #1531: push 6 pop 6 conditional 1 unmatched 0; restored 5526 regs (+5622 dwords); tables 38, unreadable 0
submit #1532 acb 2 dwords at 0xfe003a200: pass 1 rewrite 0 drop 0 unmapped 0 cc 0 mappings 297 ... OK rc 0 22.76 ms
timing: #1532 done at t 88.911 s, 24.0 ms after the sync and hints
submit #1533 acb 49 dwords at 0x400348b94: pass 2 rewrite 3 drop 3 unmapped 0 cc 0 mappings 297 ... OK rc 0 22.97 ms
timing: #1533 done at t 88.947 s, 24.3 ms after the sync and hints
submit #1534 cc 3 dwords at 0x313b17cf4: pass 0 rewrite 1 drop 0 unmapped 0 cc 1 mappings 297 ... OK rc 0 22.86 ms
timing: #1534 done at t 88.983 s, 24.2 ms after the sync and hints
submit #1535 hib 150 dwords at 0xfe0000000: pass 12 rewrite 2 drop 2 unmapped 0 cc 2 mappings 297 ... OK rc 0 23.40 ms
timing: #1535 done at t 89.019 s, 25.0 ms after the sync and hints
submit #1536 hib 2 dwords at 0xfe003a200: pass 1 rewrite 0 drop 0 unmapped 0 cc 0 mappings 297 ... OK rc 0 23.32 ms
timing: #1536 done at t 89.056 s, 24.7 ms after the sync and hints
submit #1537 dcb 96 dwords at 0xfe0042920: pass 20 rewrite 2 drop 2 unmapped 0 cc 0 mappings 297 ... OK rc 0 23.18 ms
timing: #1537 done at t 89.092 s, 24.7 ms after the sync and hints
submit #1538 dcb 2647 dwords at 0x503502500: pass 236 rewrite 123 drop 120 unmapped 0 cc 4 mappings 297 ... OK rc 0 23.49 ms
timing: #1538 done at t 89.131 s, 27.2 ms after the sync and hints
state stack #1538: push 2 pop 2 conditional 1 unmatched 0; restored 1842 regs (+1874 dwords); tables 13, unreadable 0
submit #1539 dcb 851 dwords at 0x505602500: pass 47 rewrite 55 drop 45 unmapped 0 cc 0 mappings 297 ... OK rc 0 23.02 ms
timing: #1539 done at t 89.167 s, 24.7 ms after the sync and hints
submit #1540 acb 2 dwords at 0xfe003a200: pass 1 rewrite 0 drop 0 unmapped 0 cc 0 mappings 297 ... OK rc 0 22.88 ms
timing: #1540 done at t 89.213 s, 32.8 ms after the sync and hints
submit #1541 acb 463 dwords at 0x4003e6740: pass 43 rewrite 11 drop 27 unmapped 0 cc 0 mappings 297 ... OK rc 0 23.25 ms
timing: #1541 done at t 89.248 s, 24.3 ms after the sync and hints
submit #1542 dcb 798 dwords at 0x506202500: pass 103 rewrite 35 drop 22 unmapped 0 cc 6 mappings 297 ... acb head: 3413 of 3462 dwords go ahead of the wait at 3413 on 0x400202380
OK rc 0 23.69 ms
timing: #1542 done at t 89.288 s, 27.5 ms after the sync and hints
state stack #1542: push 3 pop 3 conditional 1 unmatched 0; restored 2763 regs (+2811 dwords); tables 17, unreadable 0
  indirect op 16 at 1640: args 0x74063c0 not mapped, DROPPED
  indirect op 16 at 1738: args 0x74063e0 not mapped, DROPPED
  indirect op 16 at 1833: args 0x74063e0 not mapped, DROPPED
submit #1543 acb 3413 dwords at 0x400205540: pass 331 rewrite 70 drop 165 unmapped 0 cc 0 mappings 297 ... OK rc 0 24.74 ms
timing: #1543 done at t 89.325 s, 25.9 ms after the sync and hints
submit #1544 dcb 1248 dwords at 0x504a02500: pass 151 rewrite 46 drop 45 unmapped 0 cc 6 mappings 297 ... OK rc 0 23.12 ms
timing: #1544 done at t 89.363 s, 25.9 ms after the sync and hints
state stack #1544: push 3 pop 3 conditional 1 unmatched 0; restored 2763 regs (+2811 dwords); tables 11, unreadable 0
flip 1/1 buffer 0x5093f0000 +0x1fe0000: sum 0x17fb17d5f47d nonzero 8100/8160 pattern 0
  target CB0 0x507410000: distinct 53 min 0xc0000000 max 0xc340d034,   target CB0 0x507410000: nonzero 1024/1024
  target CB0 0x563800000: distinct 1 min 0x00000000 max 0x00000000,   target CB0 0x563800000: nonzero 0/1024
  target CB0 0x55c00d000: distinct 4 min 0x00000000 max 0xffffffff,   target CB0 0x55c00d000: nonzero 339/1024
  target CB0 0x5637f0000: distinct 1 min 0x00000000 max 0x00000000,   target CB0 0x5637f0000: nonzero 0/1024
  target CB0 0x526bf0000: distinct 1 min 0x38003800 max 0x38003800,   target CB0 0x526bf0000: nonzero 1024/1024
  target CB0 0x5719a8000: distinct 18 min 0x00000000 max 0xffffffff,   target CB0 0x5719a8000: nonzero 246/1024
  target DB_HTILE 0x5203a0000: distinct 2 min 0x00000000 max 0xfffffff0,   target DB_HTILE 0x5203a0000: nonzero 160/1024
  target DB_Z_READ 0x51db50000: distinct 1 min 0x3f800000 max 0x3f800000,   target DB_Z_READ 0x51db50000: nonzero 1024/1024
  target DB_STENCIL_READ 0x51fb30000: distinct 1 min 0x80800000 max 0x80800000,   target DB_STENCIL_READ 0x51fb30000: nonzero 1024/1024
  target CB0 0x513bf0000: distinct 1 min 0x00000000 max 0x00000000,   target CB0 0x513bf0000: nonzero 0/1024
  target CB0 0x571867000: distinct 20 min 0x00000000 max 0xffffffff,   target CB0 0x571867000: nonzero 359/1024
  target CB0 0x57187b000: distinct 20 min 0x00000000 max 0xffffffff,   target CB0 0x57187b000: nonzero 339/1024
  target CB0 0x519b90000: distinct 1 min 0x02870000 max 0x02870000,   target CB0 0x519b90000: nonzero 1024/1024
  target CB0 0x5718eb000: distinct 19 min 0x00000000 max 0xffffffff,   target CB0 0x5718eb000: nonzero 267/1024
  target DB_HTILE 0x55c0e0000: distinct 2 min 0x00000000 max 0xffffffff,   target DB_HTILE 0x55c0e0000: nonzero 192/1024
  target DB_Z_READ 0x527430000: distinct 1 min 0xffffffff max 0xffffffff,   target DB_Z_READ 0x527430000: nonzero 1024/1024
timing: t 89.364 s flip 1/1, VideoOutSubmitFlip took 0.0 ms
  indirect op 16 at 1246: base 0x5074063c0 +0x0 -> 1 1 1 0 0
  indirect op 16 at 1278: base 0x5074063e0 +0x0 -> 1 1 1 0 0
  indirect op 16 at 1310: base 0x50740a520 +0x0 -> 1 1 1 0 0
  indirect op 16 at 1342: base 0x50740a540 +0x0 -> 1 1 1 0 0
  indirect op 25 at 4825: base 0x56ddaffa0 +0x0 -> 1 0 0 0 0
submit #1545 dcb 10440 dwords at 0x502002500: pass 691 rewrite 518 drop 462 unmapped 1 cc 12 mappings 297 ... OK rc 0 29.19 ms
timing: #1545 done at t 89.414 s, 38.1 ms after the sync and hints
state stack #1545: push 6 pop 6 conditional 1 unmatched 0; restored 5526 regs (+5622 dwords); tables 38, unreadable 0
submit #1546 acb 2 dwords at 0xfe003a200: pass 1 rewrite 0 drop 0 unmapped 0 cc 0 mappings 297 ... OK rc 0 22.99 ms
timing: #1546 done at t 89.450 s, 24.1 ms after the sync and hints
submit #1547 acb 49 dwords at 0x400208a94: pass 2 rewrite 3 drop 3 unmapped 0 cc 0 mappings 297 ... OK rc 0 22.83 ms
timing: #1547 done at t 89.485 s, 23.8 ms after the sync and hints
submit #1548 cc 3 dwords at 0x313b17cf4: pass 0 rewrite 1 drop 0 unmapped 0 cc 1 mappings 297 ... OK rc 0 31.40 ms
timing: #1548 done at t 89.534 s, 32.5 ms after the sync and hints
submit #1549 hib 150 dwords at 0xfe0000000: pass 12 rewrite 2 drop 2 unmapped 0 cc 2 mappings 297 ... OK rc 0 31.45 ms
timing: #1549 done at t 89.582 s, 33.1 ms after the sync and hints
submit #1550 hib 2 dwords at 0xfe003a200: pass 1 rewrite 0 drop 0 unmapped 0 cc 0 mappings 297 ... OK rc 0 31.44 ms
timing: #1550 done at t 89.631 s, 32.5 ms after the sync and hints
submit #1551 dcb 96 dwords at 0xfe0042920: pass 20 rewrite 2 drop 2 unmapped 0 cc 0 mappings 297 ... OK rc 0 22.91 ms
timing: #1551 done at t 89.667 s, 24.2 ms after the sync and hints
submit #1552 dcb 2647 dwords at 0x503c02500: pass 236 rewrite 123 drop 120 unmapped 0 cc 4 mappings 297 ... OK rc 0 23.35 ms
timing: #1552 done at t 89.705 s, 26.7 ms after the sync and hints
state stack #1552: push 2 pop 2 conditional 1 unmatched 0; restored 1842 regs (+1874 dwords); tables 13, unreadable 0
submit #1553 dcb 851 dwords at 0x505a02500: pass 47 rewrite 55 drop 45 unmapped 0 cc 0 mappings 297 ... OK rc 0 22.74 ms
timing: #1553 done at t 89.741 s, 24.2 ms after the sync and hints
submit #1554 acb 2 dwords at 0xfe003a200: pass 1 rewrite 0 drop 0 unmapped 0 cc 0 mappings 297 ... OK rc 0 23.14 ms
timing: #1554 done at t 89.776 s, 24.1 ms after the sync and hints
submit #1555 acb 463 dwords at 0x4004867c0: pass 43 rewrite 11 drop 27 unmapped 0 cc 0 mappings 297 ... OK rc 0 23.45 ms
timing: #1555 done at t 89.812 s, 24.5 ms after the sync and hints
submit #1556 dcb 798 dwords at 0x506802500: pass 103 rewrite 35 drop 22 unmapped 0 cc 6 mappings 297 ... acb head: 3413 of 3462 dwords go ahead of the wait at 3413 on 0x400202f80
OK rc 0 23.81 ms
timing: #1556 done at t 89.851 s, 27.4 ms after the sync and hints
state stack #1556: push 3 pop 3 conditional 1 unmatched 0; restored 2763 regs (+2811 dwords); tables 17, unreadable 0
  indirect op 16 at 1640: args 0x74063c0 not mapped, DROPPED
  indirect op 16 at 1738: args 0x74063e0 not mapped, DROPPED
  indirect op 16 at 1833: args 0x74063e0 not mapped, DROPPED
submit #1557 acb 3413 dwords at 0x4002a55c0: pass 331 rewrite 70 drop 165 unmapped 0 cc 0 mappings 297 ... OK rc 0 24.52 ms
timing: #1557 done at t 89.888 s, 25.7 ms after the sync and hints
submit #1558 dcb 1248 dwords at 0x504e02500: pass 151 rewrite 46 drop 45 unmapped 0 cc 6 mappings 297 ... OK rc 0 23.11 ms
timing: #1558 done at t 89.925 s, 25.9 ms after the sync and hints
state stack #1558: push 3 pop 3 conditional 1 unmatched 0; restored 2763 regs (+2811 dwords); tables 11, unreadable 0
flip 1/0 buffer 0x507410000 +0x1fe0000: sum 0x17fb17d5f47d nonzero 8100/8160 pattern 0
  target CB0 0x5093f0000: distinct 53 min 0xc0000000 max 0xc340d034,   target CB0 0x5093f0000: nonzero 1024/1024
  target CB0 0x563800000: distinct 1 min 0x00000000 max 0x00000000,   target CB0 0x563800000: nonzero 0/1024
  target CB0 0x55c00d000: distinct 4 min 0x00000000 max 0xffffffff,   target CB0 0x55c00d000: nonzero 339/1024
  target CB0 0x5637f0000: distinct 1 min 0x00000000 max 0x00000000,   target CB0 0x5637f0000: nonzero 0/1024
  target CB0 0x526bf0000: distinct 1 min 0x38003800 max 0x38003800,   target CB0 0x526bf0000: nonzero 1024/1024
  target CB0 0x5719a8000: distinct 18 min 0x00000000 max 0xffffffff,   target CB0 0x5719a8000: nonzero 246/1024
  target DB_HTILE 0x5203a0000: distinct 2 min 0x00000000 max 0xfffffff0,   target DB_HTILE 0x5203a0000: nonzero 160/1024
  target DB_Z_READ 0x51db50000: distinct 1 min 0x3f800000 max 0x3f800000,   target DB_Z_READ 0x51db50000: nonzero 1024/1024
  target DB_STENCIL_READ 0x51fb30000: distinct 1 min 0x80800000 max 0x80800000,   target DB_STENCIL_READ 0x51fb30000: nonzero 1024/1024
  target CB0 0x513bf0000: distinct 1 min 0x00000000 max 0x00000000,   target CB0 0x513bf0000: nonzero 0/1024
  target CB0 0x571867000: distinct 20 min 0x00000000 max 0xffffffff,   target CB0 0x571867000: nonzero 359/1024
  target CB0 0x57187b000: distinct 20 min 0x00000000 max 0xffffffff,   target CB0 0x57187b000: nonzero 339/1024
  target CB0 0x519b90000: distinct 1 min 0x82878222 max 0x82878222,   target CB0 0x519b90000: nonzero 1024/1024
  target CB0 0x5718eb000: distinct 19 min 0x00000000 max 0xffffffff,   target CB0 0x5718eb000: nonzero 267/1024
  target DB_HTILE 0x55c0e0000: distinct 2 min 0x00000000 max 0xffffffff,   target DB_HTILE 0x55c0e0000: nonzero 192/1024
  target DB_Z_READ 0x527430000: distinct 1 min 0xffffffff max 0xffffffff,   target DB_Z_READ 0x527430000: nonzero 1024/1024
timing: t 89.926 s flip 1/0, VideoOutSubmitFlip took 0.0 ms
  indirect op 16 at 1246: base 0x5074063c0 +0x0 -> 1 1 1 0 0
  indirect op 16 at 1278: base 0x5074063e0 +0x0 -> 1 1 1 0 0
  indirect op 16 at 1310: base 0x50740a520 +0x0 -> 1 1 1 0 0
  indirect op 16 at 1342: base 0x50740a540 +0x0 -> 1 1 1 0 0
  indirect op 25 at 4825: base 0x56ddaffa0 +0x0 -> 1 0 0 0 0
submit #1559 dcb 10440 dwords at 0x502702500: pass 691 rewrite 518 drop 462 unmapped 1 cc 12 mappings 297 ... OK rc 0 29.21 ms
timing: #1559 done at t 89.976 s, 38.1 ms after the sync and hints
state stack #1559: push 6 pop 6 conditional 1 unmatched 0; restored 5526 regs (+5622 dwords); tables 38, unreadable 0
submit #1560 acb 2 dwords at 0xfe003a200: pass 1 rewrite 0 drop 0 unmapped 0 cc 0 mappings 297 ... OK rc 0 22.98 ms
timing: #1560 done at t 90.012 s, 24.0 ms after the sync and hints
swapped pages taken as resident so far: 0
vmas 115 total 13079.0 MiB resident 5030.7 MiB mapped 5030.8 MiB
submit #1561 acb 49 dwords at 0x4002a8b14: pass 2 rewrite 3 drop 3 unmapped 0 cc 0 mappings 298 ... OK rc 0 22.93 ms
timing: #1561 done at t 90.047 s, 23.9 ms after the sync and hints
submit #1562 cc 3 dwords at 0x313b17cf4: pass 0 rewrite 1 drop 0 unmapped 0 cc 1 mappings 298 ... OK rc 0 22.86 ms
timing: #1562 done at t 90.083 s, 23.9 ms after the sync and hints
submit #1563 hib 150 dwords at 0xfe0000000: pass 12 rewrite 2 drop 2 unmapped 0 cc 2 mappings 298 ... OK rc 0 22.89 ms
timing: #1563 done at t 90.119 s, 24.3 ms after the sync and hints
submit #1564 hib 2 dwords at 0xfe003a200: pass 1 rewrite 0 drop 0 unmapped 0 cc 0 mappings 298 ... OK rc 0 22.95 ms
timing: #1564 done at t 90.154 s, 24.0 ms after the sync and hints
submit #1565 dcb 96 dwords at 0xfe0042920: pass 20 rewrite 2 drop 2 unmapped 0 cc 0 mappings 298 ... OK rc 0 23.17 ms
timing: #1565 done at t 90.190 s, 24.5 ms after the sync and hints
submit #1566 dcb 2647 dwords at 0x504302500: pass 236 rewrite 123 drop 120 unmapped 0 cc 4 mappings 298 ... OK rc 0 23.57 ms
timing: #1566 done at t 90.228 s, 27.1 ms after the sync and hints
state stack #1566: push 2 pop 2 conditional 1 unmatched 0; restored 1842 regs (+1874 dwords); tables 13, unreadable 0
submit #1567 dcb 851 dwords at 0x505e02500: pass 47 rewrite 55 drop 45 unmapped 0 cc 0 mappings 298 ... OK rc 0 23.13 ms
timing: #1567 done at t 90.265 s, 24.6 ms after the sync and hints
submit #1568 acb 2 dwords at 0xfe003a200: pass 1 rewrite 0 drop 0 unmapped 0 cc 0 mappings 298 ... OK rc 0 23.03 ms
timing: #1568 done at t 90.301 s, 24.1 ms after the sync and hints
submit #1569 acb 463 dwords at 0x400526840: pass 43 rewrite 11 drop 27 unmapped 0 cc 0 mappings 298 ... OK rc 0 23.32 ms
timing: #1569 done at t 90.336 s, 24.3 ms after the sync and hints
submit #1570 dcb 798 dwords at 0x506e02500: pass 103 rewrite 35 drop 22 unmapped 0 cc 6 mappings 298 ... acb head: 3413 of 3462 dwords go ahead of the wait at 3413 on 0x400203b80
OK rc 0 23.99 ms
timing: #1570 done at t 90.375 s, 27.5 ms after the sync and hints
state stack #1570: push 3 pop 3 conditional 1 unmatched 0; restored 2763 regs (+2811 dwords); tables 17, unreadable 0
  indirect op 16 at 1640: args 0x74063c0 not mapped, DROPPED
  indirect op 16 at 1738: args 0x74063e0 not mapped, DROPPED
  indirect op 16 at 1833: args 0x74063e0 not mapped, DROPPED
submit #1571 acb 3413 dwords at 0x400345640: pass 331 rewrite 70 drop 165 unmapped 0 cc 0 mappings 298 ... OK rc 0 24.17 ms
timing: #1571 done at t 90.412 s, 25.3 ms after the sync and hints
submit #1572 dcb 1248 dwords at 0x505202500: pass 151 rewrite 46 drop 45 unmapped 0 cc 6 mappings 298 ... OK rc 0 23.76 ms
timing: #1572 done at t 90.450 s, 26.5 ms after the sync and hints
state stack #1572: push 3 pop 3 conditional 1 unmatched 0; restored 2763 regs (+2811 dwords); tables 11, unreadable 0
flip 1/1 buffer 0x5093f0000 +0x1fe0000: sum 0x17fb17d5f47d nonzero 8100/8160 pattern 0
  target CB0 0x507410000: distinct 53 min 0xc0000000 max 0xc340d034,   target CB0 0x507410000: nonzero 1024/1024
  target CB0 0x563800000: distinct 1 min 0x00000000 max 0x00000000,   target CB0 0x563800000: nonzero 0/1024
  target CB0 0x55c00d000: distinct 4 min 0x00000000 max 0xffffffff,   target CB0 0x55c00d000: nonzero 339/1024
  target CB0 0x5637f0000: distinct 1 min 0x00000000 max 0x00000000,   target CB0 0x5637f0000: nonzero 0/1024
  target CB0 0x526bf0000: distinct 1 min 0x38003800 max 0x38003800,   target CB0 0x526bf0000: nonzero 1024/1024
  target CB0 0x5719a8000: distinct 18 min 0x00000000 max 0xffffffff,   target CB0 0x5719a8000: nonzero 246/1024
  target DB_HTILE 0x5203a0000: distinct 2 min 0x00000000 max 0xfffffff0,   target DB_HTILE 0x5203a0000: nonzero 160/1024
  target DB_Z_READ 0x51db50000: distinct 1 min 0x3f800000 max 0x3f800000,   target DB_Z_READ 0x51db50000: nonzero 1024/1024
  target DB_STENCIL_READ 0x51fb30000: distinct 1 min 0x80800000 max 0x80800000,   target DB_STENCIL_READ 0x51fb30000: nonzero 1024/1024
  target CB0 0x513bf0000: distinct 1 min 0x00000000 max 0x00000000,   target CB0 0x513bf0000: nonzero 0/1024
  target CB0 0x571867000: distinct 20 min 0x00000000 max 0xffffffff,   target CB0 0x571867000: nonzero 359/1024
  target CB0 0x57187b000: distinct 20 min 0x00000000 max 0xffffffff,   target CB0 0x57187b000: nonzero 339/1024
  target CB0 0x519b90000: distinct 1 min 0x05e60222 max 0x05e60222,   target CB0 0x519b90000: nonzero 1024/1024
  target CB0 0x5718eb000: distinct 19 min 0x00000000 max 0xffffffff,   target CB0 0x5718eb000: nonzero 267/1024
  target DB_HTILE 0x55c0e0000: distinct 2 min 0x00000000 max 0xffffffff,   target DB_HTILE 0x55c0e0000: nonzero 192/1024
  target DB_Z_READ 0x527430000: distinct 1 min 0xffffffff max 0xffffffff,   target DB_Z_READ 0x527430000: nonzero 1024/1024
timing: t 90.451 s flip 1/1, VideoOutSubmitFlip took 0.0 ms
  indirect op 16 at 1246: base 0x5074063c0 +0x0 -> 1 1 1 0 0
  indirect op 16 at 1278: base 0x5074063e0 +0x0 -> 1 1 1 0 0
  indirect op 16 at 1310: base 0x50740a520 +0x0 -> 1 1 1 0 0
  indirect op 16 at 1342: base 0x50740a540 +0x0 -> 1 1 1 0 0
  indirect op 25 at 4825: base 0x56ddaffa0 +0x0 -> 1 0 0 0 0
submit #1573 dcb 10440 dwords at 0x502e02500: pass 691 rewrite 518 drop 462 unmapped 1 cc 12 mappings 298 ... OK rc 0 29.48 ms
timing: #1573 done at t 90.501 s, 38.5 ms after the sync and hints
state stack #1573: push 6 pop 6 conditional 1 unmatched 0; restored 5526 regs (+5622 dwords); tables 38, unreadable 0
submit #1574 acb 2 dwords at 0xfe003a200: pass 1 rewrite 0 drop 0 unmapped 0 cc 0 mappings 298 ... OK rc 0 22.82 ms
timing: #1574 done at t 90.537 s, 23.8 ms after the sync and hints
submit #1575 acb 49 dwords at 0x400348b94: pass 2 rewrite 3 drop 3 unmapped 0 cc 0 mappings 298 ... OK rc 0 22.79 ms
timing: #1575 done at t 90.571 s, 23.8 ms after the sync and hints
submit #1576 cc 3 dwords at 0x313b17cf4: pass 0 rewrite 1 drop 0 unmapped 0 cc 1 mappings 298 ... OK rc 0 23.07 ms
timing: #1576 done at t 90.607 s, 24.1 ms after the sync and hints
submit #1577 hib 150 dwords at 0xfe0000000: pass 12 rewrite 2 drop 2 unmapped 0 cc 2 mappings 298 ... OK rc 0 23.35 ms
timing: #1577 done at t 90.643 s, 24.7 ms after the sync and hints
submit #1578 hib 2 dwords at 0xfe003a200: pass 1 rewrite 0 drop 0 unmapped 0 cc 0 mappings 298 ... OK rc 0 23.07 ms
timing: #1578 done at t 90.679 s, 24.1 ms after the sync and hints
submit #1579 dcb 96 dwords at 0xfe0042920: pass 20 rewrite 2 drop 2 unmapped 0 cc 0 mappings 298 ... OK rc 0 23.25 ms
timing: #1579 done at t 90.715 s, 24.6 ms after the sync and hints
submit #1580 dcb 2647 dwords at 0x503502500: pass 236 rewrite 123 drop 120 unmapped 0 cc 4 mappings 298 ... OK rc 0 23.37 ms
timing: #1580 done at t 90.753 s, 26.7 ms after the sync and hints
state stack #1580: push 2 pop 2 conditional 1 unmatched 0; restored 1842 regs (+1874 dwords); tables 13, unreadable 0
submit #1581 dcb 851 dwords at 0x505602500: pass 47 rewrite 55 drop 45 unmapped 0 cc 0 mappings 298 ... OK rc 0 22.74 ms
timing: #1581 done at t 90.789 s, 24.2 ms after the sync and hints
submit #1582 acb 2 dwords at 0xfe003a200: pass 1 rewrite 0 drop 0 unmapped 0 cc 0 mappings 298 ... OK rc 0 23.06 ms
timing: #1582 done at t 90.824 s, 24.1 ms after the sync and hints
submit #1583 acb 463 dwords at 0x4003e6740: pass 43 rewrite 11 drop 27 unmapped 0 cc 0 mappings 298 ... OK rc 0 23.53 ms
timing: #1583 done at t 90.860 s, 24.5 ms after the sync and hints
submit #1584 dcb 798 dwords at 0x506202500: pass 103 rewrite 35 drop 22 unmapped 0 cc 6 mappings 298 ... acb head: 3413 of 3462 dwords go ahead of the wait at 3413 on 0x400202380
OK rc 0 23.69 ms
timing: #1584 done at t 90.899 s, 27.3 ms after the sync and hints
state stack #1584: push 3 pop 3 conditional 1 unmatched 0; restored 2763 regs (+2811 dwords); tables 17, unreadable 0
  indirect op 16 at 1640: args 0x74063c0 not mapped, DROPPED
  indirect op 16 at 1738: args 0x74063e0 not mapped, DROPPED
  indirect op 16 at 1833: args 0x74063e0 not mapped, DROPPED
submit #1585 acb 3413 dwords at 0x400205540: pass 331 rewrite 70 drop 165 unmapped 0 cc 0 mappings 298 ... OK rc 0 24.22 ms
timing: #1585 done at t 90.935 s, 25.4 ms after the sync and hints
submit #1586 dcb 1248 dwords at 0x504a02500: pass 151 rewrite 46 drop 45 unmapped 0 cc 6 mappings 298 ... OK rc 0 23.07 ms
timing: #1586 done at t 90.973 s, 25.9 ms after the sync and hints
state stack #1586: push 3 pop 3 conditional 1 unmatched 0; restored 2763 regs (+2811 dwords); tables 11, unreadable 0
flip 1/0 buffer 0x507410000 +0x1fe0000: sum 0x17fb17d5f47d nonzero 8100/8160 pattern 0
  target CB0 0x5093f0000: distinct 53 min 0xc0000000 max 0xc340d034,   target CB0 0x5093f0000: nonzero 1024/1024
  target CB0 0x563800000: distinct 1 min 0x00000000 max 0x00000000,   target CB0 0x563800000: nonzero 0/1024
  target CB0 0x55c00d000: distinct 4 min 0x00000000 max 0xffffffff,   target CB0 0x55c00d000: nonzero 339/1024
  target CB0 0x5637f0000: distinct 1 min 0x00000000 max 0x00000000,   target CB0 0x5637f0000: nonzero 0/1024
  target CB0 0x526bf0000: distinct 1 min 0x38003800 max 0x38003800,   target CB0 0x526bf0000: nonzero 1024/1024
  target CB0 0x5719a8000: distinct 18 min 0x00000000 max 0xffffffff,   target CB0 0x5719a8000: nonzero 246/1024
  target DB_HTILE 0x5203a0000: distinct 2 min 0x00000000 max 0xfffffff0,   target DB_HTILE 0x5203a0000: nonzero 160/1024
  target DB_Z_READ 0x51db50000: distinct 1 min 0x3f800000 max 0x3f800000,   target DB_Z_READ 0x51db50000: nonzero 1024/1024
  target DB_STENCIL_READ 0x51fb30000: distinct 1 min 0x80800000 max 0x80800000,   target DB_STENCIL_READ 0x51fb30000: nonzero 1024/1024
  target CB0 0x513bf0000: distinct 1 min 0x00000000 max 0x00000000,   target CB0 0x513bf0000: nonzero 0/1024
  target CB0 0x571867000: distinct 20 min 0x00000000 max 0xffffffff,   target CB0 0x571867000: nonzero 359/1024
  target CB0 0x57187b000: distinct 20 min 0x00000000 max 0xffffffff,   target CB0 0x57187b000: nonzero 339/1024
  target CB0 0x519b90000: distinct 1 min 0x00d88333 max 0x00d88333,   target CB0 0x519b90000: nonzero 1024/1024
  target CB0 0x5718eb000: distinct 19 min 0x00000000 max 0xffffffff,   target CB0 0x5718eb000: nonzero 267/1024
  target DB_HTILE 0x55c0e0000: distinct 2 min 0x00000000 max 0xffffffff,   target DB_HTILE 0x55c0e0000: nonzero 192/1024
  target DB_Z_READ 0x527430000: distinct 1 min 0xffffffff max 0xffffffff,   target DB_Z_READ 0x527430000: nonzero 1024/1024
timing: t 90.974 s flip 1/0, VideoOutSubmitFlip took 0.0 ms
  indirect op 16 at 1246: base 0x5074063c0 +0x0 -> 1 1 1 0 0
  indirect op 16 at 1278: base 0x5074063e0 +0x0 -> 1 1 1 0 0
  indirect op 16 at 1310: base 0x50740a520 +0x0 -> 1 1 1 0 0
  indirect op 16 at 1342: base 0x50740a540 +0x0 -> 1 1 1 0 0
  indirect op 25 at 4825: base 0x56ddaffa0 +0x0 -> 1 0 0 0 0
submit #1587 dcb 10440 dwords at 0x502002500: pass 691 rewrite 518 drop 462 unmapped 1 cc 12 mappings 298 ... OK rc 0 29.06 ms
timing: #1587 done at t 91.024 s, 38.1 ms after the sync and hints
state stack #1587: push 6 pop 6 conditional 1 unmatched 0; restored 5526 regs (+5622 dwords); tables 38, unreadable 0
submit #1588 acb 2 dwords at 0xfe003a200: pass 1 rewrite 0 drop 0 unmapped 0 cc 0 mappings 298 ... OK rc 0 22.74 ms
timing: #1588 done at t 91.059 s, 23.7 ms after the sync and hints
submit #1589 acb 49 dwords at 0x400208a94: pass 2 rewrite 3 drop 3 unmapped 0 cc 0 mappings 298 ... OK rc 0 22.87 ms
timing: #1589 done at t 91.094 s, 23.9 ms after the sync and hints
submit #1590 cc 3 dwords at 0x313b17cf4: pass 0 rewrite 1 drop 0 unmapped 0 cc 1 mappings 298 ... OK rc 0 23.11 ms
timing: #1590 done at t 91.130 s, 24.1 ms after the sync and hints
submit #1591 hib 150 dwords at 0xfe0000000: pass 12 rewrite 2 drop 2 unmapped 0 cc 2 mappings 298 ... OK rc 0 23.08 ms
timing: #1591 done at t 91.166 s, 24.5 ms after the sync and hints
submit #1592 hib 2 dwords at 0xfe003a200: pass 1 rewrite 0 drop 0 unmapped 0 cc 0 mappings 298 ... OK rc 0 23.19 ms
timing: #1592 done at t 91.201 s, 24.2 ms after the sync and hints
submit #1593 dcb 96 dwords at 0xfe0042920: pass 20 rewrite 2 drop 2 unmapped 0 cc 0 mappings 298 ... OK rc 0 23.09 ms
timing: #1593 done at t 91.237 s, 24.5 ms after the sync and hints
submit #1594 dcb 2647 dwords at 0x503c02500: pass 236 rewrite 123 drop 120 unmapped 0 cc 4 mappings 298 ... OK rc 0 23.65 ms
timing: #1594 done at t 91.275 s, 27.0 ms after the sync and hints
state stack #1594: push 2 pop 2 conditional 1 unmatched 0; restored 1842 regs (+1874 dwords); tables 13, unreadable 0
submit #1595 dcb 851 dwords at 0x505a02500: pass 47 rewrite 55 drop 45 unmapped 0 cc 0 mappings 298 ... OK rc 0 23.13 ms
timing: #1595 done at t 91.313 s, 24.6 ms after the sync and hints
submit #1596 acb 2 dwords at 0xfe003a200: pass 1 rewrite 0 drop 0 unmapped 0 cc 0 mappings 298 ... OK rc 0 22.94 ms
timing: #1596 done at t 91.349 s, 24.0 ms after the sync and hints
submit #1597 acb 463 dwords at 0x4004867c0: pass 43 rewrite 11 drop 27 unmapped 0 cc 0 mappings 298 ... OK rc 0 23.19 ms
timing: #1597 done at t 91.385 s, 24.2 ms after the sync and hints
submit #1598 dcb 798 dwords at 0x506802500: pass 103 rewrite 35 drop 22 unmapped 0 cc 6 mappings 298 ... acb head: 3413 of 3462 dwords go ahead of the wait at 3413 on 0x400202f80
OK rc 0 23.80 ms
timing: #1598 done at t 91.424 s, 27.7 ms after the sync and hints
state stack #1598: push 3 pop 3 conditional 1 unmatched 0; restored 2763 regs (+2811 dwords); tables 17, unreadable 0
  indirect op 16 at 1640: args 0x74063c0 not mapped, DROPPED
  indirect op 16 at 1738: args 0x74063e0 not mapped, DROPPED
  indirect op 16 at 1833: args 0x74063e0 not mapped, DROPPED
submit #1599 acb 3413 dwords at 0x4002a55c0: pass 331 rewrite 70 drop 165 unmapped 0 cc 0 mappings 298 ... OK rc 0 24.27 ms
timing: #1599 done at t 91.461 s, 25.4 ms after the sync and hints
submit #1600 dcb 1248 dwords at 0x504e02500: pass 151 rewrite 46 drop 45 unmapped 0 cc 6 mappings 298 ... OK rc 0 22.97 ms
timing: #1600 done at t 91.498 s, 25.7 ms after the sync and hints
state stack #1600: push 3 pop 3 conditional 1 unmatched 0; restored 2763 regs (+2811 dwords); tables 11, unreadable 0
flip 1/1 buffer 0x5093f0000 +0x1fe0000: sum 0x17fb17d5f47d nonzero 8100/8160 pattern 0
  target CB0 0x507410000: distinct 53 min 0xc0000000 max 0xc340d034,   target CB0 0x507410000: nonzero 1024/1024
  target CB0 0x563800000: distinct 1 min 0x00000000 max 0x00000000,   target CB0 0x563800000: nonzero 0/1024
  target CB0 0x55c00d000: distinct 4 min 0x00000000 max 0xffffffff,   target CB0 0x55c00d000: nonzero 339/1024
  target CB0 0x5637f0000: distinct 1 min 0x00000000 max 0x00000000,   target CB0 0x5637f0000: nonzero 0/1024
  target CB0 0x526bf0000: distinct 1 min 0x38003800 max 0x38003800,   target CB0 0x526bf0000: nonzero 1024/1024
  target CB0 0x5719a8000: distinct 18 min 0x00000000 max 0xffffffff,   target CB0 0x5719a8000: nonzero 246/1024
  target DB_HTILE 0x5203a0000: distinct 2 min 0x00000000 max 0xfffffff0,   target DB_HTILE 0x5203a0000: nonzero 160/1024
  target DB_Z_READ 0x51db50000: distinct 1 min 0x3f800000 max 0x3f800000,   target DB_Z_READ 0x51db50000: nonzero 1024/1024
  target DB_STENCIL_READ 0x51fb30000: distinct 1 min 0x80800000 max 0x80800000,   target DB_STENCIL_READ 0x51fb30000: nonzero 1024/1024
  target CB0 0x513bf0000: distinct 1 min 0x00000000 max 0x00000000,   target CB0 0x513bf0000: nonzero 0/1024
  target CB0 0x571867000: distinct 20 min 0x00000000 max 0xffffffff,   target CB0 0x571867000: nonzero 359/1024
  target CB0 0x57187b000: distinct 20 min 0x00000000 max 0xffffffff,   target CB0 0x57187b000: nonzero 339/1024
  target CB0 0x519b90000: distinct 1 min 0x84370111 max 0x84370111,   target CB0 0x519b90000: nonzero 1024/1024
  target CB0 0x5718eb000: distinct 19 min 0x00000000 max 0xffffffff,   target CB0 0x5718eb000: nonzero 267/1024
  target DB_HTILE 0x55c0e0000: distinct 2 min 0x00000000 max 0xffffffff,   target DB_HTILE 0x55c0e0000: nonzero 192/1024
  target DB_Z_READ 0x527430000: distinct 1 min 0xffffffff max 0xffffffff,   target DB_Z_READ 0x527430000: nonzero 1024/1024
timing: t 91.499 s flip 1/1, VideoOutSubmitFlip took 0.0 ms
  indirect op 16 at 1246: base 0x5074063c0 +0x0 -> 1 1 1 0 0
  indirect op 16 at 1278: base 0x5074063e0 +0x0 -> 1 1 1 0 0
  indirect op 16 at 1310: base 0x50740a520 +0x0 -> 1 1 1 0 0
  indirect op 16 at 1342: base 0x50740a540 +0x0 -> 1 1 1 0 0
  indirect op 25 at 4825: base 0x56ddaffa0 +0x0 -> 1 0 0 0 0
submit #1601 dcb 10440 dwords at 0x502702500: pass 691 rewrite 518 drop 462 unmapped 1 cc 12 mappings 298 ... OK rc 0 29.18 ms
timing: #1601 done at t 91.549 s, 38.1 ms after the sync and hints
state stack #1601: push 6 pop 6 conditional 1 unmatched 0; restored 5526 regs (+5622 dwords); tables 38, unreadable 0
submit #1602 acb 2 dwords at 0xfe003a200: pass 1 rewrite 0 drop 0 unmapped 0 cc 0 mappings 298 ... OK rc 0 22.68 ms
timing: #1602 done at t 91.585 s, 23.7 ms after the sync and hints
submit #1603 acb 49 dwords at 0x4002a8b14: pass 2 rewrite 3 drop 3 unmapped 0 cc 0 mappings 298 ... OK rc 0 22.74 ms
timing: #1603 done at t 91.619 s, 23.7 ms after the sync and hints
submit #1604 cc 3 dwords at 0x313b17cf4: pass 0 rewrite 1 drop 0 unmapped 0 cc 1 mappings 298 ... OK rc 0 22.90 ms
timing: #1604 done at t 91.656 s, 23.9 ms after the sync and hints
submit #1605 hib 150 dwords at 0xfe0000000: pass 12 rewrite 2 drop 2 unmapped 0 cc 2 mappings 298 ... OK rc 0 22.83 ms
timing: #1605 done at t 91.691 s, 24.2 ms after the sync and hints
submit #1606 hib 2 dwords at 0xfe003a200: pass 1 rewrite 0 drop 0 unmapped 0 cc 0 mappings 298 ... OK rc 0 22.86 ms
timing: #1606 done at t 91.727 s, 23.9 ms after the sync and hints
submit #1607 dcb 96 dwords at 0xfe0042920: pass 20 rewrite 2 drop 2 unmapped 0 cc 0 mappings 298 ... OK rc 0 22.96 ms
timing: #1607 done at t 91.762 s, 24.3 ms after the sync and hints
submit #1608 dcb 2647 dwords at 0x504302500: pass 236 rewrite 123 drop 120 unmapped 0 cc 4 mappings 298 ... OK rc 0 23.40 ms
timing: #1608 done at t 91.801 s, 26.7 ms after the sync and hints
state stack #1608: push 2 pop 2 conditional 1 unmatched 0; restored 1842 regs (+1874 dwords); tables 13, unreadable 0
submit #1609 dcb 851 dwords at 0x505e02500: pass 47 rewrite 55 drop 45 unmapped 0 cc 0 mappings 298 ... OK rc 0 22.86 ms
timing: #1609 done at t 91.837 s, 24.4 ms after the sync and hints
submit #1610 acb 2 dwords at 0xfe003a200: pass 1 rewrite 0 drop 0 unmapped 0 cc 0 mappings 298 ... OK rc 0 22.76 ms
timing: #1610 done at t 91.872 s, 23.7 ms after the sync and hints
submit #1611 acb 463 dwords at 0x400526840: pass 43 rewrite 11 drop 27 unmapped 0 cc 0 mappings 298 ... OK rc 0 23.07 ms
timing: #1611 done at t 91.907 s, 24.1 ms after the sync and hints
submit #1612 dcb 798 dwords at 0x506e02500: pass 103 rewrite 35 drop 22 unmapped 0 cc 6 mappings 298 ... acb head: 3413 of 3462 dwords go ahead of the wait at 3413 on 0x400203b80
OK rc 0 23.68 ms
timing: #1612 done at t 91.946 s, 27.3 ms after the sync and hints
state stack #1612: push 3 pop 3 conditional 1 unmatched 0; restored 2763 regs (+2811 dwords); tables 17, unreadable 0
  indirect op 16 at 1640: args 0x74063c0 not mapped, DROPPED
  indirect op 16 at 1738: args 0x74063e0 not mapped, DROPPED
  indirect op 16 at 1833: args 0x74063e0 not mapped, DROPPED
submit #1613 acb 3413 dwords at 0x400345640: pass 331 rewrite 70 drop 165 unmapped 0 cc 0 mappings 298 ... OK rc 0 24.28 ms
timing: #1613 done at t 91.982 s, 25.5 ms after the sync and hints
submit #1614 dcb 1248 dwords at 0x505202500: pass 151 rewrite 46 drop 45 unmapped 0 cc 6 mappings 298 ... OK rc 0 23.02 ms
timing: #1614 done at t 92.020 s, 25.8 ms after the sync and hints
state stack #1614: push 3 pop 3 conditional 1 unmatched 0; restored 2763 regs (+2811 dwords); tables 11, unreadable 0
flip 1/0 buffer 0x507410000 +0x1fe0000: sum 0x17fb17d5f47d nonzero 8100/8160 pattern 0
  target CB0 0x5093f0000: distinct 53 min 0xc0000000 max 0xc340d034,   target CB0 0x5093f0000: nonzero 1024/1024
  target CB0 0x563800000: distinct 1 min 0x00000000 max 0x00000000,   target CB0 0x563800000: nonzero 0/1024
  target CB0 0x55c00d000: distinct 4 min 0x00000000 max 0xffffffff,   target CB0 0x55c00d000: nonzero 339/1024
  target CB0 0x5637f0000: distinct 1 min 0x00000000 max 0x00000000,   target CB0 0x5637f0000: nonzero 0/1024
  target CB0 0x526bf0000: distinct 1 min 0x38003800 max 0x38003800,   target CB0 0x526bf0000: nonzero 1024/1024
  target CB0 0x5719a8000: distinct 18 min 0x00000000 max 0xffffffff,   target CB0 0x5719a8000: nonzero 246/1024
  target DB_HTILE 0x5203a0000: distinct 2 min 0x00000000 max 0xfffffff0,   target DB_HTILE 0x5203a0000: nonzero 160/1024
  target DB_Z_READ 0x51db50000: distinct 1 min 0x3f800000 max 0x3f800000,   target DB_Z_READ 0x51db50000: nonzero 1024/1024
  target DB_STENCIL_READ 0x51fb30000: distinct 1 min 0x80800000 max 0x80800000,   target DB_STENCIL_READ 0x51fb30000: nonzero 1024/1024
  target CB0 0x513bf0000: distinct 1 min 0x00000000 max 0x00000000,   target CB0 0x513bf0000: nonzero 0/1024
  target CB0 0x571867000: distinct 20 min 0x00000000 max 0xffffffff,   target CB0 0x571867000: nonzero 359/1024
  target CB0 0x57187b000: distinct 20 min 0x00000000 max 0xffffffff,   target CB0 0x57187b000: nonzero 339/1024
  target CB0 0x519b90000: distinct 1 min 0x80d80333 max 0x80d80333,   target CB0 0x519b90000: nonzero 1024/1024
  target CB0 0x5718eb000: distinct 19 min 0x00000000 max 0xffffffff,   target CB0 0x5718eb000: nonzero 267/1024
  target DB_HTILE 0x55c0e0000: distinct 2 min 0x00000000 max 0xffffffff,   target DB_HTILE 0x55c0e0000: nonzero 192/1024
  target DB_Z_READ 0x527430000: distinct 1 min 0xffffffff max 0xffffffff,   target DB_Z_READ 0x527430000: nonzero 1024/1024
timing: t 92.021 s flip 1/0, VideoOutSubmitFlip took 0.0 ms
  indirect op 16 at 1246: base 0x5074063c0 +0x0 -> 1 1 1 0 0
  indirect op 16 at 1278: base 0x5074063e0 +0x0 -> 1 1 1 0 0
  indirect op 16 at 1310: base 0x50740a520 +0x0 -> 1 1 1 0 0
  indirect op 16 at 1342: base 0x50740a540 +0x0 -> 1 1 1 0 0
  indirect op 25 at 4825: base 0x56ddaffa0 +0x0 -> 1 0 0 0 0
submit #1615 dcb 10440 dwords at 0x502e02500: pass 691 rewrite 518 drop 462 unmapped 1 cc 12 mappings 298 ... OK rc 0 28.97 ms
timing: #1615 done at t 92.071 s, 37.9 ms after the sync and hints
state stack #1615: push 6 pop 6 conditional 1 unmatched 0; restored 5526 regs (+5622 dwords); tables 38, unreadable 0
submit #1616 acb 2 dwords at 0xfe003a200: pass 1 rewrite 0 drop 0 unmapped 0 cc 0 mappings 298 ... OK rc 0 23.21 ms
timing: #1616 done at t 92.107 s, 24.2 ms after the sync and hints
submit #1617 acb 49 dwords at 0x400348b94: pass 2 rewrite 3 drop 3 unmapped 0 cc 0 mappings 298 ... OK rc 0 23.08 ms
timing: #1617 done at t 92.142 s, 24.1 ms after the sync and hints
submit #1618 cc 3 dwords at 0x313b17cf4: pass 0 rewrite 1 drop 0 unmapped 0 cc 1 mappings 298 ... OK rc 0 22.79 ms
timing: #1618 done at t 92.178 s, 23.8 ms after the sync and hints
submit #1619 hib 150 dwords at 0xfe0000000: pass 12 rewrite 2 drop 2 unmapped 0 cc 2 mappings 298 ... OK rc 0 22.93 ms
timing: #1619 done at t 92.213 s, 24.3 ms after the sync and hints
submit #1620 hib 2 dwords at 0xfe003a200: pass 1 rewrite 0 drop 0 unmapped 0 cc 0 mappings 298 ... OK rc 0 22.82 ms
timing: #1620 done at t 92.249 s, 23.8 ms after the sync and hints
submit #1621 dcb 96 dwords at 0xfe0042920: pass 20 rewrite 2 drop 2 unmapped 0 cc 0 mappings 298 ... OK rc 0 22.82 ms
timing: #1621 done at t 92.284 s, 24.1 ms after the sync and hints
submit #1622 dcb 2647 dwords at 0x503502500: pass 236 rewrite 123 drop 120 unmapped 0 cc 4 mappings 298 ... OK rc 0 23.32 ms
timing: #1622 done at t 92.322 s, 26.6 ms after the sync and hints
state stack #1622: push 2 pop 2 conditional 1 unmatched 0; restored 1842 regs (+1874 dwords); tables 13, unreadable 0
submit #1623 dcb 851 dwords at 0x505602500: pass 47 rewrite 55 drop 45 unmapped 0 cc 0 mappings 298 ... OK rc 0 22.91 ms
timing: #1623 done at t 92.358 s, 24.4 ms after the sync and hints
submit #1624 acb 2 dwords at 0xfe003a200: pass 1 rewrite 0 drop 0 unmapped 0 cc 0 mappings 298 ... OK rc 0 22.94 ms
timing: #1624 done at t 92.394 s, 24.0 ms after the sync and hints
submit #1625 acb 463 dwords at 0x4003e6740: pass 43 rewrite 11 drop 27 unmapped 0 cc 0 mappings 298 ... OK rc 0 23.23 ms
timing: #1625 done at t 92.429 s, 24.3 ms after the sync and hints
submit #1626 dcb 798 dwords at 0x506202500: pass 103 rewrite 35 drop 22 unmapped 0 cc 6 mappings 298 ... acb head: 3413 of 3462 dwords go ahead of the wait at 3413 on 0x400202380
OK rc 0 23.54 ms
timing: #1626 done at t 92.468 s, 27.2 ms after the sync and hints
state stack #1626: push 3 pop 3 conditional 1 unmatched 0; restored 2763 regs (+2811 dwords); tables 17, unreadable 0
  indirect op 16 at 1640: args 0x74063c0 not mapped, DROPPED
  indirect op 16 at 1738: args 0x74063e0 not mapped, DROPPED
  indirect op 16 at 1833: args 0x74063e0 not mapped, DROPPED
submit #1627 acb 3413 dwords at 0x400205540: pass 331 rewrite 70 drop 165 unmapped 0 cc 0 mappings 298 ... OK rc 0 24.37 ms
timing: #1627 done at t 92.505 s, 25.7 ms after the sync and hints
submit #1628 dcb 1248 dwords at 0x504a02500: pass 151 rewrite 46 drop 45 unmapped 0 cc 6 mappings 298 ... OK rc 0 23.03 ms
timing: #1628 done at t 92.542 s, 25.8 ms after the sync and hints
state stack #1628: push 3 pop 3 conditional 1 unmatched 0; restored 2763 regs (+2811 dwords); tables 11, unreadable 0
flip 1/1 buffer 0x5093f0000 +0x1fe0000: sum 0x17fb17d5f47d nonzero 8100/8160 pattern 0
  target CB0 0x507410000: distinct 53 min 0xc0000000 max 0xc340d034,   target CB0 0x507410000: nonzero 1024/1024
  target CB0 0x563800000: distinct 1 min 0x00000000 max 0x00000000,   target CB0 0x563800000: nonzero 0/1024
  target CB0 0x55c00d000: distinct 4 min 0x00000000 max 0xffffffff,   target CB0 0x55c00d000: nonzero 339/1024
  target CB0 0x5637f0000: distinct 1 min 0x00000000 max 0x00000000,   target CB0 0x5637f0000: nonzero 0/1024
  target CB0 0x526bf0000: distinct 1 min 0x38003800 max 0x38003800,   target CB0 0x526bf0000: nonzero 1024/1024
  target CB0 0x5719a8000: distinct 18 min 0x00000000 max 0xffffffff,   target CB0 0x5719a8000: nonzero 246/1024
  target DB_HTILE 0x5203a0000: distinct 2 min 0x00000000 max 0xfffffff0,   target DB_HTILE 0x5203a0000: nonzero 160/1024
  target DB_Z_READ 0x51db50000: distinct 1 min 0x3f800000 max 0x3f800000,   target DB_Z_READ 0x51db50000: nonzero 1024/1024
  target DB_STENCIL_READ 0x51fb30000: distinct 1 min 0x80800000 max 0x80800000,   target DB_STENCIL_READ 0x51fb30000: nonzero 1024/1024
  target CB0 0x513bf0000: distinct 1 min 0x00000000 max 0x00000000,   target CB0 0x513bf0000: nonzero 0/1024
  target CB0 0x571867000: distinct 20 min 0x00000000 max 0xffffffff,   target CB0 0x571867000: nonzero 359/1024
  target CB0 0x57187b000: distinct 20 min 0x00000000 max 0xffffffff,   target CB0 0x57187b000: nonzero 339/1024
  target CB0 0x519b90000: distinct 1 min 0x80d80333 max 0x80d80333,   target CB0 0x519b90000: nonzero 1024/1024
  target CB0 0x5718eb000: distinct 19 min 0x00000000 max 0xffffffff,   target CB0 0x5718eb000: nonzero 267/1024
  target DB_HTILE 0x55c0e0000: distinct 2 min 0x00000000 max 0xffffffff,   target DB_HTILE 0x55c0e0000: nonzero 192/1024
  target DB_Z_READ 0x527430000: distinct 1 min 0xffffffff max 0xffffffff,   target DB_Z_READ 0x527430000: nonzero 1024/1024
timing: t 92.543 s flip 1/1, VideoOutSubmitFlip took 0.0 ms
  indirect op 16 at 1246: base 0x5074063c0 +0x0 -> 1 1 1 0 0
  indirect op 16 at 1278: base 0x5074063e0 +0x0 -> 1 1 1 0 0
  indirect op 16 at 1310: base 0x50740a520 +0x0 -> 1 1 1 0 0
  indirect op 16 at 1342: base 0x50740a540 +0x0 -> 1 1 1 0 0
  indirect op 25 at 4825: base 0x56ddaffa0 +0x0 -> 1 0 0 0 0
submit #1629 dcb 10440 dwords at 0x502002500: pass 691 rewrite 518 drop 462 unmapped 1 cc 12 mappings 298 ... OK rc 0 29.07 ms
timing: #1629 done at t 92.593 s, 37.9 ms after the sync and hints
state stack #1629: push 6 pop 6 conditional 1 unmatched 0; restored 5526 regs (+5622 dwords); tables 38, unreadable 0
submit #1630 acb 2 dwords at 0xfe003a200: pass 1 rewrite 0 drop 0 unmapped 0 cc 0 mappings 298 ... OK rc 0 22.89 ms
timing: #1630 done at t 92.628 s, 23.9 ms after the sync and hints
submit #1631 acb 49 dwords at 0x400208a94: pass 2 rewrite 3 drop 3 unmapped 0 cc 0 mappings 298 ... OK rc 0 23.16 ms
timing: #1631 done at t 92.664 s, 24.2 ms after the sync and hints
submit #1632 cc 3 dwords at 0x313b17cf4: pass 0 rewrite 1 drop 0 unmapped 0 cc 1 mappings 298 ... OK rc 0 22.85 ms
timing: #1632 done at t 92.699 s, 23.9 ms after the sync and hints
submit #1633 hib 150 dwords at 0xfe0000000: pass 12 rewrite 2 drop 2 unmapped 0 cc 2 mappings 298 ... OK rc 0 22.87 ms
timing: #1633 done at t 92.735 s, 24.3 ms after the sync and hints
submit #1634 hib 2 dwords at 0xfe003a200: pass 1 rewrite 0 drop 0 unmapped 0 cc 0 mappings 298 ... OK rc 0 22.85 ms
timing: #1634 done at t 92.770 s, 23.9 ms after the sync and hints
submit #1635 dcb 96 dwords at 0xfe0042920: pass 20 rewrite 2 drop 2 unmapped 0 cc 0 mappings 298 ... OK rc 0 22.75 ms
timing: #1635 done at t 92.805 s, 24.1 ms after the sync and hints
submit #1636 dcb 2647 dwords at 0x503c02500: pass 236 rewrite 123 drop 120 unmapped 0 cc 4 mappings 298 ... OK rc 0 23.44 ms
timing: #1636 done at t 92.843 s, 26.7 ms after the sync and hints
state stack #1636: push 2 pop 2 conditional 1 unmatched 0; restored 1842 regs (+1874 dwords); tables 13, unreadable 0
submit #1637 acb 2 dwords at 0xfe003a200: pass 1 rewrite 0 drop 0 unmapped 0 cc 0 mappings 298 ... OK rc 0 22.97 ms
timing: #1637 done at t 92.879 s, 24.0 ms after the sync and hints
submit #1638 dcb 851 dwords at 0x505a02500: pass 47 rewrite 55 drop 45 unmapped 0 cc 0 mappings 298 ... OK rc 0 22.90 ms
timing: #1638 done at t 92.915 s, 24.4 ms after the sync and hints
submit #1639 acb 463 dwords at 0x4004867c0: pass 43 rewrite 11 drop 27 unmapped 0 cc 0 mappings 298 ... OK rc 0 23.34 ms
timing: #1639 done at t 92.951 s, 24.4 ms after the sync and hints
submit #1640 dcb 798 dwords at 0x506802500: pass 103 rewrite 35 drop 22 unmapped 0 cc 6 mappings 298 ... acb head: 3413 of 3462 dwords go ahead of the wait at 3413 on 0x400202f80
OK rc 0 23.92 ms
timing: #1640 done at t 92.990 s, 27.6 ms after the sync and hints
state stack #1640: push 3 pop 3 conditional 1 unmatched 0; restored 2763 regs (+2811 dwords); tables 17, unreadable 0
  indirect op 16 at 1640: args 0x74063c0 not mapped, DROPPED
  indirect op 16 at 1738: args 0x74063e0 not mapped, DROPPED
  indirect op 16 at 1833: args 0x74063e0 not mapped, DROPPED
submit #1641 acb 3413 dwords at 0x4002a55c0: pass 331 rewrite 70 drop 165 unmapped 0 cc 0 mappings 298 ... OK rc 0 24.33 ms
timing: #1641 done at t 93.027 s, 25.7 ms after the sync and hints
submit #1642 dcb 1248 dwords at 0x504e02500: pass 151 rewrite 46 drop 45 unmapped 0 cc 6 mappings 298 ... OK rc 0 23.11 ms
timing: #1642 done at t 93.065 s, 26.0 ms after the sync and hints
state stack #1642: push 3 pop 3 conditional 1 unmatched 0; restored 2763 regs (+2811 dwords); tables 11, unreadable 0
flip 1/0 buffer 0x507410000 +0x1fe0000: sum 0x17fb17d5f47d nonzero 8100/8160 pattern 0
  target CB0 0x5093f0000: distinct 53 min 0xc0000000 max 0xc340d034,   target CB0 0x5093f0000: nonzero 1024/1024
  target CB0 0x563800000: distinct 1 min 0x00000000 max 0x00000000,   target CB0 0x563800000: nonzero 0/1024
  target CB0 0x55c00d000: distinct 4 min 0x00000000 max 0xffffffff,   target CB0 0x55c00d000: nonzero 339/1024
  target CB0 0x5637f0000: distinct 1 min 0x00000000 max 0x00000000,   target CB0 0x5637f0000: nonzero 0/1024
  target CB0 0x526bf0000: distinct 1 min 0x38003800 max 0x38003800,   target CB0 0x526bf0000: nonzero 1024/1024
  target CB0 0x5719a8000: distinct 18 min 0x00000000 max 0xffffffff,   target CB0 0x5719a8000: nonzero 246/1024
  target DB_HTILE 0x5203a0000: distinct 2 min 0x00000000 max 0xfffffff0,   target DB_HTILE 0x5203a0000: nonzero 160/1024
  target DB_Z_READ 0x51db50000: distinct 1 min 0x3f800000 max 0x3f800000,   target DB_Z_READ 0x51db50000: nonzero 1024/1024
  target DB_STENCIL_READ 0x51fb30000: distinct 1 min 0x80800000 max 0x80800000,   target DB_STENCIL_READ 0x51fb30000: nonzero 1024/1024
  target CB0 0x513bf0000: distinct 1 min 0x00000000 max 0x00000000,   target CB0 0x513bf0000: nonzero 0/1024
  target CB0 0x571867000: distinct 20 min 0x00000000 max 0xffffffff,   target CB0 0x571867000: nonzero 359/1024
  target CB0 0x57187b000: distinct 20 min 0x00000000 max 0xffffffff,   target CB0 0x57187b000: nonzero 339/1024
  target CB0 0x519b90000: distinct 1 min 0x85e683bc max 0x85e683bc,   target CB0 0x519b90000: nonzero 1024/1024
  target CB0 0x5718eb000: distinct 19 min 0x00000000 max 0xffffffff,   target CB0 0x5718eb000: nonzero 267/1024
  target DB_HTILE 0x55c0e0000: distinct 2 min 0x00000000 max 0xffffffff,   target DB_HTILE 0x55c0e0000: nonzero 192/1024
  target DB_Z_READ 0x527430000: distinct 1 min 0xffffffff max 0xffffffff,   target DB_Z_READ 0x527430000: nonzero 1024/1024
timing: t 93.065 s flip 1/0, VideoOutSubmitFlip took 0.0 ms
  indirect op 16 at 1246: base 0x5074063c0 +0x0 -> 1 1 1 0 0
  indirect op 16 at 1278: base 0x5074063e0 +0x0 -> 1 1 1 0 0
  indirect op 16 at 1310: base 0x50740a520 +0x0 -> 1 1 1 0 0
  indirect op 16 at 1342: base 0x50740a540 +0x0 -> 1 1 1 0 0
  indirect op 25 at 4825: base 0x56ddaffa0 +0x0 -> 1 0 0 0 0
submit #1643 dcb 10440 dwords at 0x502702500: pass 691 rewrite 518 drop 462 unmapped 1 cc 12 mappings 298 ... OK rc 0 29.66 ms
timing: #1643 done at t 93.116 s, 39.0 ms after the sync and hints
state stack #1643: push 6 pop 6 conditional 1 unmatched 0; restored 5526 regs (+5622 dwords); tables 38, unreadable 0
submit #1644 acb 2 dwords at 0xfe003a200: pass 1 rewrite 0 drop 0 unmapped 0 cc 0 mappings 298 ... OK rc 0 22.80 ms
timing: #1644 done at t 93.153 s, 24.9 ms after the sync and hints
submit #1645 acb 49 dwords at 0x4002a8b14: pass 2 rewrite 3 drop 3 unmapped 0 cc 0 mappings 298 ... OK rc 0 22.85 ms
timing: #1645 done at t 93.188 s, 23.9 ms after the sync and hints
submit #1646 cc 3 dwords at 0x313b17cf4: pass 0 rewrite 1 drop 0 unmapped 0 cc 1 mappings 298 ... OK rc 0 22.99 ms
timing: #1646 done at t 93.224 s, 24.1 ms after the sync and hints
submit #1647 hib 150 dwords at 0xfe0000000: pass 12 rewrite 2 drop 2 unmapped 0 cc 2 mappings 298 ... OK rc 0 22.97 ms
timing: #1647 done at t 93.259 s, 24.3 ms after the sync and hints
submit #1648 hib 2 dwords at 0xfe003a200: pass 1 rewrite 0 drop 0 unmapped 0 cc 0 mappings 298 ... OK rc 0 22.90 ms
timing: #1648 done at t 93.294 s, 23.9 ms after the sync and hints
submit #1649 dcb 96 dwords at 0xfe0042920: pass 20 rewrite 2 drop 2 unmapped 0 cc 0 mappings 298 ... OK rc 0 23.05 ms
timing: #1649 done at t 93.330 s, 24.4 ms after the sync and hints
submit #1650 dcb 2647 dwords at 0x504302500: pass 236 rewrite 123 drop 120 unmapped 0 cc 4 mappings 298 ... OK rc 0 23.30 ms
timing: #1650 done at t 93.368 s, 26.7 ms after the sync and hints
state stack #1650: push 2 pop 2 conditional 1 unmatched 0; restored 1842 regs (+1874 dwords); tables 13, unreadable 0
submit #1651 dcb 851 dwords at 0x505e02500: pass 47 rewrite 55 drop 45 unmapped 0 cc 0 mappings 298 ... OK rc 0 22.86 ms
timing: #1651 done at t 93.405 s, 24.4 ms after the sync and hints
submit #1652 acb 2 dwords at 0xfe003a200: pass 1 rewrite 0 drop 0 unmapped 0 cc 0 mappings 298 ... OK rc 0 22.81 ms
timing: #1652 done at t 93.440 s, 23.8 ms after the sync and hints
submit #1653 acb 463 dwords at 0x400526840: pass 43 rewrite 11 drop 27 unmapped 0 cc 0 mappings 298 ... OK rc 0 23.18 ms
timing: #1653 done at t 93.475 s, 24.2 ms after the sync and hints
submit #1654 dcb 798 dwords at 0x506e02500: pass 103 rewrite 35 drop 22 unmapped 0 cc 6 mappings 298 ... acb head: 3413 of 3462 dwords go ahead of the wait at 3413 on 0x400203b80
OK rc 0 23.65 ms
timing: #1654 done at t 93.514 s, 27.3 ms after the sync and hints
state stack #1654: push 3 pop 3 conditional 1 unmatched 0; restored 2763 regs (+2811 dwords); tables 17, unreadable 0
  indirect op 16 at 1640: args 0x74063c0 not mapped, DROPPED
  indirect op 16 at 1738: args 0x74063e0 not mapped, DROPPED
  indirect op 16 at 1833: args 0x74063e0 not mapped, DROPPED
submit #1655 acb 3413 dwords at 0x400345640: pass 331 rewrite 70 drop 165 unmapped 0 cc 0 mappings 298 ... OK rc 0 24.35 ms
timing: #1655 done at t 93.551 s, 25.6 ms after the sync and hints
submit #1656 dcb 1248 dwords at 0x505202500: pass 151 rewrite 46 drop 45 unmapped 0 cc 6 mappings 298 ... OK rc 0 23.01 ms
timing: #1656 done at t 93.588 s, 25.8 ms after the sync and hints
state stack #1656: push 3 pop 3 conditional 1 unmatched 0; restored 2763 regs (+2811 dwords); tables 11, unreadable 0
flip 1/1 buffer 0x5093f0000 +0x1fe0000: sum 0x17fb17d5f47d nonzero 8100/8160 pattern 0
  target CB0 0x507410000: distinct 53 min 0xc0000000 max 0xc340d034,   target CB0 0x507410000: nonzero 1024/1024
  target CB0 0x563800000: distinct 1 min 0x00000000 max 0x00000000,   target CB0 0x563800000: nonzero 0/1024
  target CB0 0x55c00d000: distinct 4 min 0x00000000 max 0xffffffff,   target CB0 0x55c00d000: nonzero 339/1024
  target CB0 0x5637f0000: distinct 1 min 0x00000000 max 0x00000000,   target CB0 0x5637f0000: nonzero 0/1024
  target CB0 0x526bf0000: distinct 1 min 0x38003800 max 0x38003800,   target CB0 0x526bf0000: nonzero 1024/1024
  target CB0 0x5719a8000: distinct 18 min 0x00000000 max 0xffffffff,   target CB0 0x5719a8000: nonzero 246/1024
  target DB_HTILE 0x5203a0000: distinct 2 min 0x00000000 max 0xfffffff0,   target DB_HTILE 0x5203a0000: nonzero 160/1024
  target DB_Z_READ 0x51db50000: distinct 1 min 0x3f800000 max 0x3f800000,   target DB_Z_READ 0x51db50000: nonzero 1024/1024
  target DB_STENCIL_READ 0x51fb30000: distinct 1 min 0x80800000 max 0x80800000,   target DB_STENCIL_READ 0x51fb30000: nonzero 1024/1024
  target CB0 0x513bf0000: distinct 1 min 0x00000000 max 0x00000000,   target CB0 0x513bf0000: nonzero 0/1024
  target CB0 0x571867000: distinct 20 min 0x00000000 max 0xffffffff,   target CB0 0x571867000: nonzero 359/1024
  target CB0 0x57187b000: distinct 20 min 0x00000000 max 0xffffffff,   target CB0 0x57187b000: nonzero 339/1024
  target CB0 0x519b90000: distinct 1 min 0x07060089 max 0x07060089,   target CB0 0x519b90000: nonzero 1024/1024
  target CB0 0x5718eb000: distinct 19 min 0x00000000 max 0xffffffff,   target CB0 0x5718eb000: nonzero 267/1024
  target DB_HTILE 0x55c0e0000: distinct 2 min 0x00000000 max 0xffffffff,   target DB_HTILE 0x55c0e0000: nonzero 192/1024
  target DB_Z_READ 0x527430000: distinct 1 min 0xffffffff max 0xffffffff,   target DB_Z_READ 0x527430000: nonzero 1024/1024
timing: t 93.589 s flip 1/1, VideoOutSubmitFlip took 0.0 ms
  indirect op 16 at 1246: base 0x5074063c0 +0x0 -> 1 1 1 0 0
  indirect op 16 at 1278: base 0x5074063e0 +0x0 -> 1 1 1 0 0
  indirect op 16 at 1310: base 0x50740a520 +0x0 -> 1 1 1 0 0
  indirect op 16 at 1342: base 0x50740a540 +0x0 -> 1 1 1 0 0
  indirect op 25 at 4825: base 0x56ddaffa0 +0x0 -> 1 0 0 0 0
submit #1657 dcb 10440 dwords at 0x502e02500: pass 691 rewrite 518 drop 462 unmapped 1 cc 12 mappings 298 ... OK rc 0 29.00 ms
timing: #1657 done at t 93.640 s, 38.2 ms after the sync and hints
state stack #1657: push 6 pop 6 conditional 1 unmatched 0; restored 5526 regs (+5622 dwords); tables 38, unreadable 0
submit #1658 acb 2 dwords at 0xfe003a200: pass 1 rewrite 0 drop 0 unmapped 0 cc 0 mappings 298 ... OK rc 0 22.80 ms
timing: #1658 done at t 93.676 s, 23.9 ms after the sync and hints
swapped pages taken as resident so far: 0
vmas 115 total 13079.0 MiB resident 5030.8 MiB mapped 5030.8 MiB
submit #1659 acb 49 dwords at 0x400348b94: pass 2 rewrite 3 drop 3 unmapped 0 cc 0 mappings 299 ... OK rc 0 22.78 ms
timing: #1659 done at t 93.711 s, 23.7 ms after the sync and hints
submit #1660 cc 3 dwords at 0x313b17cf4: pass 0 rewrite 1 drop 0 unmapped 0 cc 1 mappings 299 ... OK rc 0 22.97 ms
timing: #1660 done at t 93.747 s, 24.0 ms after the sync and hints
submit #1661 hib 150 dwords at 0xfe0000000: pass 12 rewrite 2 drop 2 unmapped 0 cc 2 mappings 299 ... OK rc 0 22.92 ms
timing: #1661 done at t 93.783 s, 24.3 ms after the sync and hints
submit #1662 hib 2 dwords at 0xfe003a200: pass 1 rewrite 0 drop 0 unmapped 0 cc 0 mappings 299 ... OK rc 0 22.88 ms
timing: #1662 done at t 93.818 s, 23.9 ms after the sync and hints
submit #1663 dcb 96 dwords at 0xfe0042920: pass 20 rewrite 2 drop 2 unmapped 0 cc 0 mappings 299 ... OK rc 0 23.05 ms
timing: #1663 done at t 93.854 s, 24.4 ms after the sync and hints
submit #1664 dcb 2647 dwords at 0x503502500: pass 236 rewrite 123 drop 120 unmapped 0 cc 4 mappings 299 ... OK rc 0 23.36 ms
timing: #1664 done at t 93.892 s, 26.8 ms after the sync and hints
state stack #1664: push 2 pop 2 conditional 1 unmatched 0; restored 1842 regs (+1874 dwords); tables 13, unreadable 0
submit #1665 dcb 851 dwords at 0x505602500: pass 47 rewrite 55 drop 45 unmapped 0 cc 0 mappings 299 ... OK rc 0 22.85 ms
timing: #1665 done at t 93.928 s, 24.3 ms after the sync and hints
submit #1666 acb 2 dwords at 0xfe003a200: pass 1 rewrite 0 drop 0 unmapped 0 cc 0 mappings 299 ... OK rc 0 22.84 ms
timing: #1666 done at t 93.963 s, 23.9 ms after the sync and hints
submit #1667 acb 463 dwords at 0x4003e6740: pass 43 rewrite 11 drop 27 unmapped 0 cc 0 mappings 299 ... OK rc 0 23.07 ms
timing: #1667 done at t 93.999 s, 24.1 ms after the sync and hints
submit #1668 dcb 798 dwords at 0x506202500: pass 103 rewrite 35 drop 22 unmapped 0 cc 6 mappings 299 ... acb head: 3413 of 3462 dwords go ahead of the wait at 3413 on 0x400202380
OK rc 0 23.59 ms
timing: #1668 done at t 94.038 s, 27.1 ms after the sync and hints
state stack #1668: push 3 pop 3 conditional 1 unmatched 0; restored 2763 regs (+2811 dwords); tables 17, unreadable 0
  indirect op 16 at 1640: args 0x74063c0 not mapped, DROPPED
  indirect op 16 at 1738: args 0x74063e0 not mapped, DROPPED
  indirect op 16 at 1833: args 0x74063e0 not mapped, DROPPED
submit #1669 acb 3413 dwords at 0x400205540: pass 331 rewrite 70 drop 165 unmapped 0 cc 0 mappings 299 ... OK rc 0 24.32 ms
timing: #1669 done at t 94.074 s, 25.5 ms after the sync and hints
submit #1670 dcb 1248 dwords at 0x504a02500: pass 151 rewrite 46 drop 45 unmapped 0 cc 6 mappings 299 ... OK rc 0 23.06 ms
timing: #1670 done at t 94.112 s, 25.9 ms after the sync and hints
state stack #1670: push 3 pop 3 conditional 1 unmatched 0; restored 2763 regs (+2811 dwords); tables 11, unreadable 0
flip 1/0 buffer 0x507410000 +0x1fe0000: sum 0x17fb17d5f47d nonzero 8100/8160 pattern 0
  target CB0 0x5093f0000: distinct 53 min 0xc0000000 max 0xc340d034,   target CB0 0x5093f0000: nonzero 1024/1024
  target CB0 0x563800000: distinct 1 min 0x00000000 max 0x00000000,   target CB0 0x563800000: nonzero 0/1024
  target CB0 0x55c00d000: distinct 4 min 0x00000000 max 0xffffffff,   target CB0 0x55c00d000: nonzero 339/1024
  target CB0 0x5637f0000: distinct 1 min 0x00000000 max 0x00000000,   target CB0 0x5637f0000: nonzero 0/1024
  target CB0 0x526bf0000: distinct 1 min 0x38003800 max 0x38003800,   target CB0 0x526bf0000: nonzero 1024/1024
  target CB0 0x5719a8000: distinct 18 min 0x00000000 max 0xffffffff,   target CB0 0x5719a8000: nonzero 246/1024
  target DB_HTILE 0x5203a0000: distinct 2 min 0x00000000 max 0xfffffff0,   target DB_HTILE 0x5203a0000: nonzero 160/1024
  target DB_Z_READ 0x51db50000: distinct 1 min 0x3f800000 max 0x3f800000,   target DB_Z_READ 0x51db50000: nonzero 1024/1024
  target DB_STENCIL_READ 0x51fb30000: distinct 1 min 0x80800000 max 0x80800000,   target DB_STENCIL_READ 0x51fb30000: nonzero 1024/1024
  target CB0 0x513bf0000: distinct 1 min 0x00000000 max 0x00000000,   target CB0 0x513bf0000: nonzero 0/1024
  target CB0 0x571867000: distinct 20 min 0x00000000 max 0xffffffff,   target CB0 0x571867000: nonzero 359/1024
  target CB0 0x57187b000: distinct 20 min 0x00000000 max 0xffffffff,   target CB0 0x57187b000: nonzero 339/1024
  target CB0 0x519b90000: distinct 1 min 0x01f7819a max 0x01f7819a,   target CB0 0x519b90000: nonzero 1024/1024
  target CB0 0x5718eb000: distinct 19 min 0x00000000 max 0xffffffff,   target CB0 0x5718eb000: nonzero 267/1024
  target DB_HTILE 0x55c0e0000: distinct 2 min 0x00000000 max 0xffffffff,   target DB_HTILE 0x55c0e0000: nonzero 192/1024
  target DB_Z_READ 0x527430000: distinct 1 min 0xffffffff max 0xffffffff,   target DB_Z_READ 0x527430000: nonzero 1024/1024
timing: t 94.113 s flip 1/0, VideoOutSubmitFlip took 0.0 ms
  indirect op 16 at 1246: base 0x5074063c0 +0x0 -> 1 1 1 0 0
  indirect op 16 at 1278: base 0x5074063e0 +0x0 -> 1 1 1 0 0
  indirect op 16 at 1310: base 0x50740a520 +0x0 -> 1 1 1 0 0
  indirect op 16 at 1342: base 0x50740a540 +0x0 -> 1 1 1 0 0
  indirect op 25 at 4825: base 0x56ddaffa0 +0x0 -> 1 0 0 0 0
submit #1671 dcb 10440 dwords at 0x502002500: pass 691 rewrite 518 drop 462 unmapped 1 cc 12 mappings 299 ... OK rc 0 29.02 ms
timing: #1671 done at t 94.163 s, 38.0 ms after the sync and hints
state stack #1671: push 6 pop 6 conditional 1 unmatched 0; restored 5526 regs (+5622 dwords); tables 38, unreadable 0
submit #1672 acb 2 dwords at 0xfe003a200: pass 1 rewrite 0 drop 0 unmapped 0 cc 0 mappings 299 ... OK rc 0 22.87 ms
timing: #1672 done at t 94.199 s, 23.9 ms after the sync and hints
swapped pages taken as resident so far: 0
vmas 115 total 13079.0 MiB resident 5030.8 MiB mapped 5030.9 MiB
submit #1673 acb 49 dwords at 0x400208a94: pass 2 rewrite 3 drop 3 unmapped 0 cc 0 mappings 300 ... OK rc 0 22.83 ms
timing: #1673 done at t 94.234 s, 23.8 ms after the sync and hints
submit #1674 cc 3 dwords at 0x313b17cf4: pass 0 rewrite 1 drop 0 unmapped 0 cc 1 mappings 300 ... OK rc 0 22.88 ms
timing: #1674 done at t 94.270 s, 23.9 ms after the sync and hints
submit #1675 hib 150 dwords at 0xfe0000000: pass 12 rewrite 2 drop 2 unmapped 0 cc 2 mappings 300 ... OK rc 0 22.95 ms
timing: #1675 done at t 94.306 s, 24.3 ms after the sync and hints
submit #1676 hib 2 dwords at 0xfe003a200: pass 1 rewrite 0 drop 0 unmapped 0 cc 0 mappings 300 ... OK rc 0 22.83 ms
timing: #1676 done at t 94.341 s, 23.8 ms after the sync and hints
submit #1677 dcb 96 dwords at 0xfe0042920: pass 20 rewrite 2 drop 2 unmapped 0 cc 0 mappings 300 ... OK rc 0 23.52 ms
timing: #1677 done at t 94.377 s, 24.9 ms after the sync and hints
submit #1678 dcb 2647 dwords at 0x503c02500: pass 236 rewrite 123 drop 120 unmapped 0 cc 4 mappings 300 ... OK rc 0 23.43 ms
timing: #1678 done at t 94.415 s, 26.9 ms after the sync and hints
state stack #1678: push 2 pop 2 conditional 1 unmatched 0; restored 1842 regs (+1874 dwords); tables 13, unreadable 0
submit #1679 acb 2 dwords at 0xfe003a200: pass 1 rewrite 0 drop 0 unmapped 0 cc 0 mappings 300 ... OK rc 0 23.13 ms
timing: #1679 done at t 94.451 s, 24.1 ms after the sync and hints
submit #1680 dcb 851 dwords at 0x505a02500: pass 47 rewrite 55 drop 45 unmapped 0 cc 0 mappings 300 ... OK rc 0 22.86 ms
timing: #1680 done at t 94.487 s, 24.3 ms after the sync and hints
submit #1681 acb 463 dwords at 0x4004867c0: pass 43 rewrite 11 drop 27 unmapped 0 cc 0 mappings 300 ... OK rc 0 23.56 ms
timing: #1681 done at t 94.523 s, 24.6 ms after the sync and hints
submit #1682 dcb 798 dwords at 0x506802500: pass 103 rewrite 35 drop 22 unmapped 0 cc 6 mappings 300 ... acb head: 3413 of 3462 dwords go ahead of the wait at 3413 on 0x400202f80
OK rc 0 23.75 ms
timing: #1682 done at t 94.561 s, 27.2 ms after the sync and hints
state stack #1682: push 3 pop 3 conditional 1 unmatched 0; restored 2763 regs (+2811 dwords); tables 17, unreadable 0
  indirect op 16 at 1640: args 0x74063c0 not mapped, DROPPED
  indirect op 16 at 1738: args 0x74063e0 not mapped, DROPPED
  indirect op 16 at 1833: args 0x74063e0 not mapped, DROPPED
submit #1683 acb 3413 dwords at 0x4002a55c0: pass 331 rewrite 70 drop 165 unmapped 0 cc 0 mappings 300 ... OK rc 0 24.38 ms
timing: #1683 done at t 94.598 s, 25.5 ms after the sync and hints
submit #1684 dcb 1248 dwords at 0x504e02500: pass 151 rewrite 46 drop 45 unmapped 0 cc 6 mappings 300 ... OK rc 0 23.09 ms
timing: #1684 done at t 94.635 s, 25.8 ms after the sync and hints
state stack #1684: push 3 pop 3 conditional 1 unmatched 0; restored 2763 regs (+2811 dwords); tables 11, unreadable 0
flip 1/1 buffer 0x5093f0000 +0x1fe0000: sum 0x17fb17d5f47d nonzero 8100/8160 pattern 0
  target CB0 0x507410000: distinct 53 min 0xc0000000 max 0xc340d034,   target CB0 0x507410000: nonzero 1024/1024
  target CB0 0x563800000: distinct 1 min 0x00000000 max 0x00000000,   target CB0 0x563800000: nonzero 0/1024
  target CB0 0x55c00d000: distinct 4 min 0x00000000 max 0xffffffff,   target CB0 0x55c00d000: nonzero 339/1024
  target CB0 0x5637f0000: distinct 1 min 0x00000000 max 0x00000000,   target CB0 0x5637f0000: nonzero 0/1024
  target CB0 0x526bf0000: distinct 1 min 0x38003800 max 0x38003800,   target CB0 0x526bf0000: nonzero 1024/1024
  target CB0 0x5719a8000: distinct 18 min 0x00000000 max 0xffffffff,   target CB0 0x5719a8000: nonzero 246/1024
  target DB_HTILE 0x5203a0000: distinct 2 min 0x00000000 max 0xfffffff0,   target DB_HTILE 0x5203a0000: nonzero 160/1024
  target DB_Z_READ 0x51db50000: distinct 1 min 0x3f800000 max 0x3f800000,   target DB_Z_READ 0x51db50000: nonzero 1024/1024
  target DB_STENCIL_READ 0x51fb30000: distinct 1 min 0x80800000 max 0x80800000,   target DB_STENCIL_READ 0x51fb30000: nonzero 1024/1024
  target CB0 0x513bf0000: distinct 1 min 0x00000000 max 0x00000000,   target CB0 0x513bf0000: nonzero 0/1024
  target CB0 0x571867000: distinct 20 min 0x00000000 max 0xffffffff,   target CB0 0x571867000: nonzero 359/1024
  target CB0 0x57187b000: distinct 20 min 0x00000000 max 0xffffffff,   target CB0 0x57187b000: nonzero 339/1024
  target CB0 0x519b90000: distinct 1 min 0x831702ab max 0x831702ab,   target CB0 0x519b90000: nonzero 1024/1024
  target CB0 0x5718eb000: distinct 19 min 0x00000000 max 0xffffffff,   target CB0 0x5718eb000: nonzero 267/1024
  target DB_HTILE 0x55c0e0000: distinct 2 min 0x00000000 max 0xffffffff,   target DB_HTILE 0x55c0e0000: nonzero 192/1024
  target DB_Z_READ 0x527430000: distinct 1 min 0xffffffff max 0xffffffff,   target DB_Z_READ 0x527430000: nonzero 1024/1024
timing: t 94.636 s flip 1/1, VideoOutSubmitFlip took 0.0 ms
  indirect op 16 at 1246: base 0x5074063c0 +0x0 -> 1 1 1 0 0
  indirect op 16 at 1278: base 0x5074063e0 +0x0 -> 1 1 1 0 0
  indirect op 16 at 1310: base 0x50740a520 +0x0 -> 1 1 1 0 0
  indirect op 16 at 1342: base 0x50740a540 +0x0 -> 1 1 1 0 0
  indirect op 25 at 4825: base 0x56ddaffa0 +0x0 -> 1 0 0 0 0
submit #1685 dcb 10440 dwords at 0x502702500: pass 691 rewrite 518 drop 462 unmapped 1 cc 12 mappings 300 ... OK rc 0 29.15 ms
timing: #1685 done at t 94.687 s, 38.2 ms after the sync and hints
state stack #1685: push 6 pop 6 conditional 1 unmatched 0; restored 5526 regs (+5622 dwords); tables 38, unreadable 0
submit #1686 acb 2 dwords at 0xfe003a200: pass 1 rewrite 0 drop 0 unmapped 0 cc 0 mappings 300 ... OK rc 0 23.04 ms
timing: #1686 done at t 94.723 s, 24.0 ms after the sync and hints
submit #1687 acb 49 dwords at 0x4002a8b14: pass 2 rewrite 3 drop 3 unmapped 0 cc 0 mappings 300 ... OK rc 0 23.24 ms
timing: #1687 done at t 94.758 s, 24.2 ms after the sync and hints
submit #1688 cc 3 dwords at 0x313b17cf4: pass 0 rewrite 1 drop 0 unmapped 0 cc 1 mappings 300 ... OK rc 0 22.94 ms
timing: #1688 done at t 94.794 s, 24.0 ms after the sync and hints
submit #1689 hib 150 dwords at 0xfe0000000: pass 12 rewrite 2 drop 2 unmapped 0 cc 2 mappings 300 ... OK rc 0 23.09 ms
timing: #1689 done at t 94.830 s, 24.5 ms after the sync and hints
submit #1690 hib 2 dwords at 0xfe003a200: pass 1 rewrite 0 drop 0 unmapped 0 cc 0 mappings 300 ... OK rc 0 22.93 ms
timing: #1690 done at t 94.865 s, 23.9 ms after the sync and hints
submit #1691 dcb 96 dwords at 0xfe0042920: pass 20 rewrite 2 drop 2 unmapped 0 cc 0 mappings 300 ... OK rc 0 22.99 ms
timing: #1691 done at t 94.900 s, 24.3 ms after the sync and hints
submit #1692 dcb 2647 dwords at 0x504302500: pass 236 rewrite 123 drop 120 unmapped 0 cc 4 mappings 300 ... OK rc 0 23.39 ms
timing: #1692 done at t 94.939 s, 26.7 ms after the sync and hints
state stack #1692: push 2 pop 2 conditional 1 unmatched 0; restored 1842 regs (+1874 dwords); tables 13, unreadable 0
submit #1693 dcb 851 dwords at 0x505e02500: pass 47 rewrite 55 drop 45 unmapped 0 cc 0 mappings 300 ... OK rc 0 22.93 ms
timing: #1693 done at t 94.975 s, 24.4 ms after the sync and hints
submit #1694 acb 2 dwords at 0xfe003a200: pass 1 rewrite 0 drop 0 unmapped 0 cc 0 mappings 300 ... OK rc 0 22.80 ms
timing: #1694 done at t 95.010 s, 23.8 ms after the sync and hints
submit #1695 acb 463 dwords at 0x400526840: pass 43 rewrite 11 drop 27 unmapped 0 cc 0 mappings 300 ... OK rc 0 23.09 ms
timing: #1695 done at t 95.045 s, 24.1 ms after the sync and hints
submit #1696 dcb 798 dwords at 0x506e02500: pass 103 rewrite 35 drop 22 unmapped 0 cc 6 mappings 300 ... acb head: 3413 of 3462 dwords go ahead of the wait at 3413 on 0x400203b80
OK rc 0 23.92 ms
timing: #1696 done at t 95.084 s, 27.6 ms after the sync and hints
state stack #1696: push 3 pop 3 conditional 1 unmatched 0; restored 2763 regs (+2811 dwords); tables 17, unreadable 0
  indirect op 16 at 1640: args 0x74063c0 not mapped, DROPPED
  indirect op 16 at 1738: args 0x74063e0 not mapped, DROPPED
  indirect op 16 at 1833: args 0x74063e0 not mapped, DROPPED
submit #1697 acb 3413 dwords at 0x400345640: pass 331 rewrite 70 drop 165 unmapped 0 cc 0 mappings 300 ... OK rc 0 24.32 ms
timing: #1697 done at t 95.121 s, 25.5 ms after the sync and hints
submit #1698 dcb 1248 dwords at 0x505202500: pass 151 rewrite 46 drop 45 unmapped 0 cc 6 mappings 300 ... OK rc 0 23.14 ms
timing: #1698 done at t 95.158 s, 25.9 ms after the sync and hints
state stack #1698: push 3 pop 3 conditional 1 unmatched 0; restored 2763 regs (+2811 dwords); tables 11, unreadable 0
flip 1/0 buffer 0x507410000 +0x1fe0000: sum 0x17fb17d5f47d nonzero 8100/8160 pattern 0
  target CB0 0x5093f0000: distinct 53 min 0xc0000000 max 0xc340d034,   target CB0 0x5093f0000: nonzero 1024/1024
  target CB0 0x563800000: distinct 1 min 0x00000000 max 0x00000000,   target CB0 0x563800000: nonzero 0/1024
  target CB0 0x55c00d000: distinct 4 min 0x00000000 max 0xffffffff,   target CB0 0x55c00d000: nonzero 339/1024
  target CB0 0x5637f0000: distinct 1 min 0x00000000 max 0x00000000,   target CB0 0x5637f0000: nonzero 0/1024
  target CB0 0x526bf0000: distinct 1 min 0x38003800 max 0x38003800,   target CB0 0x526bf0000: nonzero 1024/1024
  target CB0 0x5719a8000: distinct 18 min 0x00000000 max 0xffffffff,   target CB0 0x5719a8000: nonzero 246/1024
  target DB_HTILE 0x5203a0000: distinct 2 min 0x00000000 max 0xfffffff0,   target DB_HTILE 0x5203a0000: nonzero 160/1024
  target DB_Z_READ 0x51db50000: distinct 1 min 0x3f800000 max 0x3f800000,   target DB_Z_READ 0x51db50000: nonzero 1024/1024
  target DB_STENCIL_READ 0x51fb30000: distinct 1 min 0x80800000 max 0x80800000,   target DB_STENCIL_READ 0x51fb30000: nonzero 1024/1024
  target CB0 0x513bf0000: distinct 1 min 0x00000000 max 0x00000000,   target CB0 0x513bf0000: nonzero 0/1024
  target CB0 0x571867000: distinct 20 min 0x00000000 max 0xffffffff,   target CB0 0x571867000: nonzero 359/1024
  target CB0 0x57187b000: distinct 20 min 0x00000000 max 0xffffffff,   target CB0 0x57187b000: nonzero 339/1024
  target CB0 0x519b90000: distinct 1 min 0x055682ab max 0x055682ab,   target CB0 0x519b90000: nonzero 1024/1024
  target CB0 0x5718eb000: distinct 19 min 0x00000000 max 0xffffffff,   target CB0 0x5718eb000: nonzero 267/1024
  target DB_HTILE 0x55c0e0000: distinct 2 min 0x00000000 max 0xffffffff,   target DB_HTILE 0x55c0e0000: nonzero 192/1024
  target DB_Z_READ 0x527430000: distinct 1 min 0xffffffff max 0xffffffff,   target DB_Z_READ 0x527430000: nonzero 1024/1024
timing: t 95.159 s flip 1/0, VideoOutSubmitFlip took 0.0 ms
  indirect op 16 at 1246: base 0x5074063c0 +0x0 -> 1 1 1 0 0
  indirect op 16 at 1278: base 0x5074063e0 +0x0 -> 1 1 1 0 0
  indirect op 16 at 1310: base 0x50740a520 +0x0 -> 1 1 1 0 0
  indirect op 16 at 1342: base 0x50740a540 +0x0 -> 1 1 1 0 0
  indirect op 25 at 4825: base 0x56ddaffa0 +0x0 -> 1 0 0 0 0
submit #1699 dcb 10440 dwords at 0x502e02500: pass 691 rewrite 518 drop 462 unmapped 1 cc 12 mappings 300 ... OK rc 0 29.16 ms
timing: #1699 done at t 95.209 s, 38.2 ms after the sync and hints
state stack #1699: push 6 pop 6 conditional 1 unmatched 0; restored 5526 regs (+5622 dwords); tables 38, unreadable 0
submit #1700 acb 2 dwords at 0xfe003a200: pass 1 rewrite 0 drop 0 unmapped 0 cc 0 mappings 300 ... OK rc 0 22.77 ms
timing: #1700 done at t 95.245 s, 23.9 ms after the sync and hints
submit #1701 acb 49 dwords at 0x400348b94: pass 2 rewrite 3 drop 3 unmapped 0 cc 0 mappings 300 ... OK rc 0 22.77 ms
timing: #1701 done at t 95.280 s, 23.8 ms after the sync and hints
submit #1702 cc 3 dwords at 0x313b17cf4: pass 0 rewrite 1 drop 0 unmapped 0 cc 1 mappings 300 ... OK rc 0 23.07 ms
timing: #1702 done at t 95.316 s, 24.1 ms after the sync and hints
submit #1703 hib 150 dwords at 0xfe0000000: pass 12 rewrite 2 drop 2 unmapped 0 cc 2 mappings 300 ... OK rc 0 23.04 ms
timing: #1703 done at t 95.352 s, 24.5 ms after the sync and hints
submit #1704 hib 2 dwords at 0xfe003a200: pass 1 rewrite 0 drop 0 unmapped 0 cc 0 mappings 300 ... OK rc 0 22.98 ms
timing: #1704 done at t 95.387 s, 24.0 ms after the sync and hints
submit #1705 dcb 96 dwords at 0xfe0042920: pass 20 rewrite 2 drop 2 unmapped 0 cc 0 mappings 300 ... OK rc 0 22.84 ms
timing: #1705 done at t 95.423 s, 24.2 ms after the sync and hints
submit #1706 dcb 2647 dwords at 0x503502500: pass 236 rewrite 123 drop 120 unmapped 0 cc 4 mappings 300 ... OK rc 0 23.30 ms
timing: #1706 done at t 95.461 s, 26.6 ms after the sync and hints
state stack #1706: push 2 pop 2 conditional 1 unmatched 0; restored 1842 regs (+1874 dwords); tables 13, unreadable 0
submit #1707 dcb 851 dwords at 0x505602500: pass 47 rewrite 55 drop 45 unmapped 0 cc 0 mappings 300 ... OK rc 0 22.89 ms
timing: #1707 done at t 95.497 s, 24.4 ms after the sync and hints
submit #1708 acb 2 dwords at 0xfe003a200: pass 1 rewrite 0 drop 0 unmapped 0 cc 0 mappings 300 ... OK rc 0 22.74 ms
timing: #1708 done at t 95.532 s, 23.8 ms after the sync and hints
submit #1709 acb 463 dwords at 0x4003e6740: pass 43 rewrite 11 drop 27 unmapped 0 cc 0 mappings 300 ... OK rc 0 23.21 ms
timing: #1709 done at t 95.567 s, 24.2 ms after the sync and hints
submit #1710 dcb 798 dwords at 0x506202500: pass 103 rewrite 35 drop 22 unmapped 0 cc 6 mappings 300 ... acb head: 3413 of 3462 dwords go ahead of the wait at 3413 on 0x400202380
OK rc 0 23.66 ms
timing: #1710 done at t 95.606 s, 27.4 ms after the sync and hints
state stack #1710: push 3 pop 3 conditional 1 unmatched 0; restored 2763 regs (+2811 dwords); tables 17, unreadable 0
  indirect op 16 at 1640: args 0x74063c0 not mapped, DROPPED
  indirect op 16 at 1738: args 0x74063e0 not mapped, DROPPED
  indirect op 16 at 1833: args 0x74063e0 not mapped, DROPPED
submit #1711 acb 3413 dwords at 0x400205540: pass 331 rewrite 70 drop 165 unmapped 0 cc 0 mappings 300 ... OK rc 0 24.30 ms
timing: #1711 done at t 95.642 s, 25.5 ms after the sync and hints
submit #1712 dcb 1248 dwords at 0x504a02500: pass 151 rewrite 46 drop 45 unmapped 0 cc 6 mappings 300 ... OK rc 0 23.05 ms
timing: #1712 done at t 95.680 s, 25.8 ms after the sync and hints
state stack #1712: push 3 pop 3 conditional 1 unmatched 0; restored 2763 regs (+2811 dwords); tables 11, unreadable 0
flip 1/1 buffer 0x5093f0000 +0x1fe0000: sum 0x17fb17d5f47d nonzero 8100/8160 pattern 0
  target CB0 0x507410000: distinct 53 min 0xc0000000 max 0xc340d034,   target CB0 0x507410000: nonzero 1024/1024
  target CB0 0x563800000: distinct 1 min 0x00000000 max 0x00000000,   target CB0 0x563800000: nonzero 0/1024
  target CB0 0x55c00d000: distinct 4 min 0x00000000 max 0xffffffff,   target CB0 0x55c00d000: nonzero 339/1024
  target CB0 0x5637f0000: distinct 1 min 0x00000000 max 0x00000000,   target CB0 0x5637f0000: nonzero 0/1024
  target CB0 0x526bf0000: distinct 1 min 0x38003800 max 0x38003800,   target CB0 0x526bf0000: nonzero 1024/1024
  target CB0 0x5719a8000: distinct 18 min 0x00000000 max 0xffffffff,   target CB0 0x5719a8000: nonzero 246/1024
  target DB_HTILE 0x5203a0000: distinct 2 min 0x00000000 max 0xfffffff0,   target DB_HTILE 0x5203a0000: nonzero 160/1024
  target DB_Z_READ 0x51db50000: distinct 1 min 0x3f800000 max 0x3f800000,   target DB_Z_READ 0x51db50000: nonzero 1024/1024
  target DB_STENCIL_READ 0x51fb30000: distinct 1 min 0x80800000 max 0x80800000,   target DB_STENCIL_READ 0x51fb30000: nonzero 1024/1024
  target CB0 0x513bf0000: distinct 1 min 0x00000000 max 0x00000000,   target CB0 0x513bf0000: nonzero 0/1024
  target CB0 0x571867000: distinct 20 min 0x00000000 max 0xffffffff,   target CB0 0x571867000: nonzero 359/1024
  target CB0 0x57187b000: distinct 20 min 0x00000000 max 0xffffffff,   target CB0 0x57187b000: nonzero 339/1024
  target CB0 0x519b90000: distinct 1 min 0x0048019a max 0x0048019a,   target CB0 0x519b90000: nonzero 1024/1024
  target CB0 0x5718eb000: distinct 19 min 0x00000000 max 0xffffffff,   target CB0 0x5718eb000: nonzero 267/1024
  target DB_HTILE 0x55c0e0000: distinct 2 min 0x00000000 max 0xffffffff,   target DB_HTILE 0x55c0e0000: nonzero 192/1024
  target DB_Z_READ 0x527430000: distinct 1 min 0xffffffff max 0xffffffff,   target DB_Z_READ 0x527430000: nonzero 1024/1024
timing: t 95.681 s flip 1/1, VideoOutSubmitFlip took 0.0 ms
  indirect op 16 at 1246: base 0x5074063c0 +0x0 -> 1 1 1 0 0
  indirect op 16 at 1278: base 0x5074063e0 +0x0 -> 1 1 1 0 0
  indirect op 16 at 1310: base 0x50740a520 +0x0 -> 1 1 1 0 0
  indirect op 16 at 1342: base 0x50740a540 +0x0 -> 1 1 1 0 0
  indirect op 25 at 4825: base 0x56ddaffa0 +0x0 -> 1 0 0 0 0
submit #1713 dcb 10440 dwords at 0x502002500: pass 691 rewrite 518 drop 462 unmapped 1 cc 12 mappings 300 ... OK rc 0 28.97 ms
timing: #1713 done at t 95.731 s, 37.9 ms after the sync and hints
state stack #1713: push 6 pop 6 conditional 1 unmatched 0; restored 5526 regs (+5622 dwords); tables 38, unreadable 0
submit #1714 acb 2 dwords at 0xfe003a200: pass 1 rewrite 0 drop 0 unmapped 0 cc 0 mappings 300 ... OK rc 0 23.09 ms
timing: #1714 done at t 95.766 s, 24.1 ms after the sync and hints
submit #1715 acb 49 dwords at 0x400208a94: pass 2 rewrite 3 drop 3 unmapped 0 cc 0 mappings 300 ... OK rc 0 23.01 ms
timing: #1715 done at t 95.802 s, 24.0 ms after the sync and hints
submit #1716 cc 3 dwords at 0x313b17cf4: pass 0 rewrite 1 drop 0 unmapped 0 cc 1 mappings 300 ... OK rc 0 23.02 ms
timing: #1716 done at t 95.838 s, 24.1 ms after the sync and hints
submit #1717 hib 150 dwords at 0xfe0000000: pass 12 rewrite 2 drop 2 unmapped 0 cc 2 mappings 300 ... OK rc 0 22.79 ms
timing: #1717 done at t 95.874 s, 24.2 ms after the sync and hints
submit #1718 hib 2 dwords at 0xfe003a200: pass 1 rewrite 0 drop 0 unmapped 0 cc 0 mappings 300 ... OK rc 0 22.72 ms
timing: #1718 done at t 95.909 s, 23.7 ms after the sync and hints
submit #1719 dcb 96 dwords at 0xfe0042920: pass 20 rewrite 2 drop 2 unmapped 0 cc 0 mappings 300 ... OK rc 0 22.86 ms
timing: #1719 done at t 95.944 s, 24.2 ms after the sync and hints
submit #1720 dcb 2647 dwords at 0x503c02500: pass 236 rewrite 123 drop 120 unmapped 0 cc 4 mappings 300 ... OK rc 0 23.30 ms
timing: #1720 done at t 95.982 s, 26.7 ms after the sync and hints
state stack #1720: push 2 pop 2 conditional 1 unmatched 0; restored 1842 regs (+1874 dwords); tables 13, unreadable 0
submit #1721 dcb 851 dwords at 0x505a02500: pass 47 rewrite 55 drop 45 unmapped 0 cc 0 mappings 300 ... OK rc 0 22.87 ms
timing: #1721 done at t 96.018 s, 24.4 ms after the sync and hints
submit #1722 acb 2 dwords at 0xfe003a200: pass 1 rewrite 0 drop 0 unmapped 0 cc 0 mappings 300 ... OK rc 0 23.02 ms
timing: #1722 done at t 96.053 s, 24.1 ms after the sync and hints
submit #1723 acb 463 dwords at 0x4004867c0: pass 43 rewrite 11 drop 27 unmapped 0 cc 0 mappings 300 ... OK rc 0 23.40 ms
timing: #1723 done at t 96.089 s, 24.4 ms after the sync and hints
submit #1724 dcb 798 dwords at 0x506802500: pass 103 rewrite 35 drop 22 unmapped 0 cc 6 mappings 300 ... acb head: 3413 of 3462 dwords go ahead of the wait at 3413 on 0x400202f80
OK rc 0 23.84 ms
timing: #1724 done at t 96.128 s, 27.7 ms after the sync and hints
state stack #1724: push 3 pop 3 conditional 1 unmatched 0; restored 2763 regs (+2811 dwords); tables 17, unreadable 0
  indirect op 16 at 1640: args 0x74063c0 not mapped, DROPPED
  indirect op 16 at 1738: args 0x74063e0 not mapped, DROPPED
  indirect op 16 at 1833: args 0x74063e0 not mapped, DROPPED
submit #1725 acb 3413 dwords at 0x4002a55c0: pass 331 rewrite 70 drop 165 unmapped 0 cc 0 mappings 300 ... OK rc 0 24.29 ms
timing: #1725 done at t 96.165 s, 25.5 ms after the sync and hints
submit #1726 dcb 1248 dwords at 0x504e02500: pass 151 rewrite 46 drop 45 unmapped 0 cc 6 mappings 300 ... OK rc 0 23.15 ms
timing: #1726 done at t 96.203 s, 25.9 ms after the sync and hints
state stack #1726: push 3 pop 3 conditional 1 unmatched 0; restored 2763 regs (+2811 dwords); tables 11, unreadable 0
flip 1/0 buffer 0x507410000 +0x1fe0000: sum 0x17fb17d5f47d nonzero 8100/8160 pattern 0
  target CB0 0x5093f0000: distinct 53 min 0xc0000000 max 0xc340d034,   target CB0 0x5093f0000: nonzero 1024/1024
  target CB0 0x563800000: distinct 1 min 0x00000000 max 0x00000000,   target CB0 0x563800000: nonzero 0/1024
  target CB0 0x55c00d000: distinct 4 min 0x00000000 max 0xffffffff,   target CB0 0x55c00d000: nonzero 339/1024
  target CB0 0x5637f0000: distinct 1 min 0x00000000 max 0x00000000,   target CB0 0x5637f0000: nonzero 0/1024
  target CB0 0x526bf0000: distinct 1 min 0x38003800 max 0x38003800,   target CB0 0x526bf0000: nonzero 1024/1024
  target CB0 0x5719a8000: distinct 18 min 0x00000000 max 0xffffffff,   target CB0 0x5719a8000: nonzero 246/1024
  target DB_HTILE 0x5203a0000: distinct 2 min 0x00000000 max 0xfffffff0,   target DB_HTILE 0x5203a0000: nonzero 160/1024
  target DB_Z_READ 0x51db50000: distinct 1 min 0x3f800000 max 0x3f800000,   target DB_Z_READ 0x51db50000: nonzero 1024/1024
  target DB_STENCIL_READ 0x51fb30000: distinct 1 min 0x80800000 max 0x80800000,   target DB_STENCIL_READ 0x51fb30000: nonzero 1024/1024
  target CB0 0x513bf0000: distinct 1 min 0x00000000 max 0x00000000,   target CB0 0x513bf0000: nonzero 0/1024
  target CB0 0x571867000: distinct 20 min 0x00000000 max 0xffffffff,   target CB0 0x571867000: nonzero 359/1024
  target CB0 0x57187b000: distinct 20 min 0x00000000 max 0xffffffff,   target CB0 0x57187b000: nonzero 339/1024
  target CB0 0x519b90000: distinct 1 min 0x84c78089 max 0x84c78089,   target CB0 0x519b90000: nonzero 1024/1024
  target CB0 0x5718eb000: distinct 19 min 0x00000000 max 0xffffffff,   target CB0 0x5718eb000: nonzero 267/1024
  target DB_HTILE 0x55c0e0000: distinct 2 min 0x00000000 max 0xffffffff,   target DB_HTILE 0x55c0e0000: nonzero 192/1024
  target DB_Z_READ 0x527430000: distinct 1 min 0xffffffff max 0xffffffff,   target DB_Z_READ 0x527430000: nonzero 1024/1024
timing: t 96.203 s flip 1/0, VideoOutSubmitFlip took 0.0 ms
  indirect op 16 at 1246: base 0x5074063c0 +0x0 -> 1 1 1 0 0
  indirect op 16 at 1278: base 0x5074063e0 +0x0 -> 1 1 1 0 0
  indirect op 16 at 1310: base 0x50740a520 +0x0 -> 1 1 1 0 0
  indirect op 16 at 1342: base 0x50740a540 +0x0 -> 1 1 1 0 0
  indirect op 25 at 4825: base 0x56ddaffa0 +0x0 -> 1 0 0 0 0
submit #1727 dcb 10440 dwords at 0x502702500: pass 691 rewrite 518 drop 462 unmapped 1 cc 12 mappings 300 ... OK rc 0 29.05 ms
timing: #1727 done at t 96.253 s, 37.9 ms after the sync and hints
state stack #1727: push 6 pop 6 conditional 1 unmatched 0; restored 5526 regs (+5622 dwords); tables 38, unreadable 0
submit #1728 acb 2 dwords at 0xfe003a200: pass 1 rewrite 0 drop 0 unmapped 0 cc 0 mappings 300 ... OK rc 0 22.86 ms
timing: #1728 done at t 96.289 s, 23.9 ms after the sync and hints
submit #1729 acb 49 dwords at 0x4002a8b14: pass 2 rewrite 3 drop 3 unmapped 0 cc 0 mappings 300 ... OK rc 0 22.93 ms
timing: #1729 done at t 96.324 s, 24.0 ms after the sync and hints
submit #1730 cc 3 dwords at 0x313b17cf4: pass 0 rewrite 1 drop 0 unmapped 0 cc 1 mappings 300 ... OK rc 0 22.97 ms
timing: #1730 done at t 96.359 s, 24.0 ms after the sync and hints
submit #1731 hib 150 dwords at 0xfe0000000: pass 12 rewrite 2 drop 2 unmapped 0 cc 2 mappings 300 ... OK rc 0 22.85 ms
timing: #1731 done at t 96.395 s, 24.2 ms after the sync and hints
submit #1732 hib 2 dwords at 0xfe003a200: pass 1 rewrite 0 drop 0 unmapped 0 cc 0 mappings 300 ... OK rc 0 22.88 ms
timing: #1732 done at t 96.430 s, 23.9 ms after the sync and hints
submit #1733 dcb 96 dwords at 0xfe0042920: pass 20 rewrite 2 drop 2 unmapped 0 cc 0 mappings 300 ... OK rc 0 22.90 ms
timing: #1733 done at t 96.465 s, 24.3 ms after the sync and hints
submit #1734 dcb 2647 dwords at 0x504302500: pass 236 rewrite 123 drop 120 unmapped 0 cc 4 mappings 300 ... OK rc 0 23.28 ms
timing: #1734 done at t 96.503 s, 26.6 ms after the sync and hints
state stack #1734: push 2 pop 2 conditional 1 unmatched 0; restored 1842 regs (+1874 dwords); tables 13, unreadable 0
submit #1735 dcb 851 dwords at 0x505e02500: pass 47 rewrite 55 drop 45 unmapped 0 cc 0 mappings 300 ... OK rc 0 23.10 ms
timing: #1735 done at t 96.540 s, 24.6 ms after the sync and hints
submit #1736 acb 2 dwords at 0xfe003a200: pass 1 rewrite 0 drop 0 unmapped 0 cc 0 mappings 300 ... OK rc 0 22.75 ms
timing: #1736 done at t 96.574 s, 23.8 ms after the sync and hints
submit #1737 acb 463 dwords at 0x400526840: pass 43 rewrite 11 drop 27 unmapped 0 cc 0 mappings 300 ... OK rc 0 23.21 ms
timing: #1737 done at t 96.610 s, 24.3 ms after the sync and hints
submit #1738 dcb 798 dwords at 0x506e02500: pass 103 rewrite 35 drop 22 unmapped 0 cc 6 mappings 300 ... acb head: 3413 of 3462 dwords go ahead of the wait at 3413 on 0x400203b80
OK rc 0 23.69 ms
timing: #1738 done at t 96.649 s, 27.5 ms after the sync and hints
state stack #1738: push 3 pop 3 conditional 1 unmatched 0; restored 2763 regs (+2811 dwords); tables 17, unreadable 0
  indirect op 16 at 1640: args 0x74063c0 not mapped, DROPPED
  indirect op 16 at 1738: args 0x74063e0 not mapped, DROPPED
  indirect op 16 at 1833: args 0x74063e0 not mapped, DROPPED
submit #1739 acb 3413 dwords at 0x400345640: pass 331 rewrite 70 drop 165 unmapped 0 cc 0 mappings 300 ... OK rc 0 24.52 ms
timing: #1739 done at t 96.686 s, 25.8 ms after the sync and hints
submit #1740 dcb 1248 dwords at 0x505202500: pass 151 rewrite 46 drop 45 unmapped 0 cc 6 mappings 300 ... OK rc 0 23.06 ms
timing: #1740 done at t 96.724 s, 26.0 ms after the sync and hints
state stack #1740: push 3 pop 3 conditional 1 unmatched 0; restored 2763 regs (+2811 dwords); tables 11, unreadable 0
flip 1/1 buffer 0x5093f0000 +0x1fe0000: sum 0x17fb17d5f47d nonzero 8100/8160 pattern 0
  target CB0 0x507410000: distinct 53 min 0xc0000000 max 0xc340d034,   target CB0 0x507410000: nonzero 1024/1024
  target CB0 0x563800000: distinct 1 min 0x00000000 max 0x00000000,   target CB0 0x563800000: nonzero 0/1024
  target CB0 0x55c00d000: distinct 4 min 0x00000000 max 0xffffffff,   target CB0 0x55c00d000: nonzero 339/1024
  target CB0 0x5637f0000: distinct 1 min 0x00000000 max 0x00000000,   target CB0 0x5637f0000: nonzero 0/1024
  target CB0 0x526bf0000: distinct 1 min 0x38003800 max 0x38003800,   target CB0 0x526bf0000: nonzero 1024/1024
  target CB0 0x5719a8000: distinct 18 min 0x00000000 max 0xffffffff,   target CB0 0x5719a8000: nonzero 246/1024
  target DB_HTILE 0x5203a0000: distinct 2 min 0x00000000 max 0xfffffff0,   target DB_HTILE 0x5203a0000: nonzero 160/1024
  target DB_Z_READ 0x51db50000: distinct 1 min 0x3f800000 max 0x3f800000,   target DB_Z_READ 0x51db50000: nonzero 1024/1024
  target DB_STENCIL_READ 0x51fb30000: distinct 1 min 0x80800000 max 0x80800000,   target DB_STENCIL_READ 0x51fb30000: nonzero 1024/1024
  target CB0 0x513bf0000: distinct 1 min 0x00000000 max 0x00000000,   target CB0 0x513bf0000: nonzero 0/1024
  target CB0 0x571867000: distinct 20 min 0x00000000 max 0xffffffff,   target CB0 0x571867000: nonzero 359/1024
  target CB0 0x57187b000: distinct 20 min 0x00000000 max 0xffffffff,   target CB0 0x57187b000: nonzero 339/1024
  target CB0 0x519b90000: distinct 1 min 0x03a703bc max 0x03a703bc,   target CB0 0x519b90000: nonzero 1024/1024
  target CB0 0x5718eb000: distinct 19 min 0x00000000 max 0xffffffff,   target CB0 0x5718eb000: nonzero 267/1024
  target DB_HTILE 0x55c0e0000: distinct 2 min 0x00000000 max 0xffffffff,   target DB_HTILE 0x55c0e0000: nonzero 192/1024
  target DB_Z_READ 0x527430000: distinct 1 min 0xffffffff max 0xffffffff,   target DB_Z_READ 0x527430000: nonzero 1024/1024
timing: t 96.725 s flip 1/1, VideoOutSubmitFlip took 0.0 ms
  indirect op 16 at 1246: base 0x5074063c0 +0x0 -> 1 1 1 0 0
  indirect op 16 at 1278: base 0x5074063e0 +0x0 -> 1 1 1 0 0
  indirect op 16 at 1310: base 0x50740a520 +0x0 -> 1 1 1 0 0
  indirect op 16 at 1342: base 0x50740a540 +0x0 -> 1 1 1 0 0
  indirect op 25 at 4825: base 0x56ddaffa0 +0x0 -> 1 0 0 0 0
submit #1741 dcb 10440 dwords at 0x502e02500: pass 691 rewrite 518 drop 462 unmapped 1 cc 12 mappings 300 ... OK rc 0 29.28 ms
timing: #1741 done at t 96.775 s, 38.1 ms after the sync and hints
state stack #1741: push 6 pop 6 conditional 1 unmatched 0; restored 5526 regs (+5622 dwords); tables 38, unreadable 0
submit #1742 acb 2 dwords at 0xfe003a200: pass 1 rewrite 0 drop 0 unmapped 0 cc 0 mappings 300 ... OK rc 0 23.19 ms
timing: #1742 done at t 96.810 s, 24.4 ms after the sync and hints
submit #1743 acb 49 dwords at 0x400348b94: pass 2 rewrite 3 drop 3 unmapped 0 cc 0 mappings 300 ... OK rc 0 23.03 ms
timing: #1743 done at t 96.846 s, 24.0 ms after the sync and hints
submit #1744 cc 3 dwords at 0x313b17cf4: pass 0 rewrite 1 drop 0 unmapped 0 cc 1 mappings 300 ... OK rc 0 23.08 ms
timing: #1744 done at t 96.881 s, 24.1 ms after the sync and hints
submit #1745 hib 150 dwords at 0xfe0000000: pass 12 rewrite 2 drop 2 unmapped 0 cc 2 mappings 300 ... OK rc 0 23.01 ms
timing: #1745 done at t 96.917 s, 24.4 ms after the sync and hints
submit #1746 hib 2 dwords at 0xfe003a200: pass 1 rewrite 0 drop 0 unmapped 0 cc 0 mappings 300 ... OK rc 0 22.98 ms
timing: #1746 done at t 96.953 s, 24.0 ms after the sync and hints
submit #1747 dcb 96 dwords at 0xfe0042920: pass 20 rewrite 2 drop 2 unmapped 0 cc 0 mappings 300 ... OK rc 0 23.03 ms
timing: #1747 done at t 96.988 s, 24.4 ms after the sync and hints
submit #1748 dcb 2647 dwords at 0x503502500: pass 236 rewrite 123 drop 120 unmapped 0 cc 4 mappings 300 ... OK rc 0 23.68 ms
timing: #1748 done at t 97.027 s, 27.0 ms after the sync and hints
state stack #1748: push 2 pop 2 conditional 1 unmatched 0; restored 1842 regs (+1874 dwords); tables 13, unreadable 0
submit #1749 dcb 851 dwords at 0x505602500: pass 47 rewrite 55 drop 45 unmapped 0 cc 0 mappings 300 ... OK rc 0 23.20 ms
timing: #1749 done at t 97.064 s, 24.7 ms after the sync and hints
submit #1750 acb 2 dwords at 0xfe003a200: pass 1 rewrite 0 drop 0 unmapped 0 cc 0 mappings 300 ... OK rc 0 22.90 ms
timing: #1750 done at t 97.099 s, 24.0 ms after the sync and hints
submit #1751 acb 463 dwords at 0x4003e6740: pass 43 rewrite 11 drop 27 unmapped 0 cc 0 mappings 300 ... OK rc 0 23.21 ms
timing: #1751 done at t 97.135 s, 24.3 ms after the sync and hints
submit #1752 dcb 798 dwords at 0x506202500: pass 103 rewrite 35 drop 22 unmapped 0 cc 6 mappings 300 ... acb head: 3413 of 3462 dwords go ahead of the wait at 3413 on 0x400202380
OK rc 0 23.68 ms
timing: #1752 done at t 97.174 s, 27.3 ms after the sync and hints
state stack #1752: push 3 pop 3 conditional 1 unmatched 0; restored 2763 regs (+2811 dwords); tables 17, unreadable 0
  indirect op 16 at 1640: args 0x74063c0 not mapped, DROPPED
  indirect op 16 at 1738: args 0x74063e0 not mapped, DROPPED
  indirect op 16 at 1833: args 0x74063e0 not mapped, DROPPED
submit #1753 acb 3413 dwords at 0x400205540: pass 331 rewrite 70 drop 165 unmapped 0 cc 0 mappings 300 ... OK rc 0 24.67 ms
timing: #1753 done at t 97.211 s, 25.9 ms after the sync and hints
submit #1754 dcb 1248 dwords at 0x504a02500: pass 151 rewrite 46 drop 45 unmapped 0 cc 6 mappings 300 ... OK rc 0 23.07 ms
timing: #1754 done at t 97.248 s, 25.8 ms after the sync and hints
state stack #1754: push 3 pop 3 conditional 1 unmatched 0; restored 2763 regs (+2811 dwords); tables 11, unreadable 0
flip 1/0 buffer 0x507410000 +0x1fe0000: sum 0x17fb17d5f47d nonzero 8100/8160 pattern 0
  target CB0 0x5093f0000: distinct 53 min 0xc0000000 max 0xc340d034,   target CB0 0x5093f0000: nonzero 1024/1024
  target CB0 0x563800000: distinct 1 min 0x00000000 max 0x00000000,   target CB0 0x563800000: nonzero 0/1024
  target CB0 0x55c00d000: distinct 4 min 0x00000000 max 0xffffffff,   target CB0 0x55c00d000: nonzero 339/1024
  target CB0 0x5637f0000: distinct 1 min 0x00000000 max 0x00000000,   target CB0 0x5637f0000: nonzero 0/1024
  target CB0 0x526bf0000: distinct 1 min 0x38003800 max 0x38003800,   target CB0 0x526bf0000: nonzero 1024/1024
  target CB0 0x5719a8000: distinct 18 min 0x00000000 max 0xffffffff,   target CB0 0x5719a8000: nonzero 246/1024
  target DB_HTILE 0x5203a0000: distinct 2 min 0x00000000 max 0xfffffff0,   target DB_HTILE 0x5203a0000: nonzero 160/1024
  target DB_Z_READ 0x51db50000: distinct 1 min 0x3f800000 max 0x3f800000,   target DB_Z_READ 0x51db50000: nonzero 1024/1024
  target DB_STENCIL_READ 0x51fb30000: distinct 1 min 0x80800000 max 0x80800000,   target DB_STENCIL_READ 0x51fb30000: nonzero 1024/1024
  target CB0 0x513bf0000: distinct 1 min 0x00000000 max 0x00000000,   target CB0 0x513bf0000: nonzero 0/1024
  target CB0 0x571867000: distinct 20 min 0x00000000 max 0xffffffff,   target CB0 0x571867000: nonzero 359/1024
  target CB0 0x57187b000: distinct 20 min 0x00000000 max 0xffffffff,   target CB0 0x57187b000: nonzero 339/1024
  target CB0 0x519b90000: distinct 1 min 0x07968444 max 0x07968444,   target CB0 0x519b90000: nonzero 1024/1024
  target CB0 0x5718eb000: distinct 19 min 0x00000000 max 0xffffffff,   target CB0 0x5718eb000: nonzero 267/1024
  target DB_HTILE 0x55c0e0000: distinct 2 min 0x00000000 max 0xffffffff,   target DB_HTILE 0x55c0e0000: nonzero 192/1024
  target DB_Z_READ 0x527430000: distinct 1 min 0xffffffff max 0xffffffff,   target DB_Z_READ 0x527430000: nonzero 1024/1024
timing: t 97.249 s flip 1/0, VideoOutSubmitFlip took 0.0 ms
  indirect op 16 at 1246: base 0x5074063c0 +0x0 -> 1 1 1 0 0
  indirect op 16 at 1278: base 0x5074063e0 +0x0 -> 1 1 1 0 0
  indirect op 16 at 1310: base 0x50740a520 +0x0 -> 1 1 1 0 0
  indirect op 16 at 1342: base 0x50740a540 +0x0 -> 1 1 1 0 0
  indirect op 25 at 4825: base 0x56ddaffa0 +0x0 -> 1 0 0 0 0
submit #1755 dcb 10440 dwords at 0x502002500: pass 691 rewrite 518 drop 462 unmapped 1 cc 12 mappings 300 ... OK rc 0 29.27 ms
timing: #1755 done at t 97.299 s, 38.2 ms after the sync and hints
state stack #1755: push 6 pop 6 conditional 1 unmatched 0; restored 5526 regs (+5622 dwords); tables 38, unreadable 0
submit #1756 acb 2 dwords at 0xfe003a200: pass 1 rewrite 0 drop 0 unmapped 0 cc 0 mappings 300 ... OK rc 0 23.01 ms
timing: #1756 done at t 97.335 s, 24.1 ms after the sync and hints
submit #1757 acb 49 dwords at 0x400208a94: pass 2 rewrite 3 drop 3 unmapped 0 cc 0 mappings 300 ... OK rc 0 22.95 ms
timing: #1757 done at t 97.370 s, 24.0 ms after the sync and hints
submit #1758 cc 3 dwords at 0x313b17cf4: pass 0 rewrite 1 drop 0 unmapped 0 cc 1 mappings 300 ... OK rc 0 22.96 ms
timing: #1758 done at t 97.406 s, 24.0 ms after the sync and hints
submit #1759 hib 150 dwords at 0xfe0000000: pass 12 rewrite 2 drop 2 unmapped 0 cc 2 mappings 300 ... OK rc 0 22.84 ms
timing: #1759 done at t 97.441 s, 24.3 ms after the sync and hints
submit #1760 hib 2 dwords at 0xfe003a200: pass 1 rewrite 0 drop 0 unmapped 0 cc 0 mappings 300 ... OK rc 0 22.91 ms
timing: #1760 done at t 97.476 s, 23.9 ms after the sync and hints
submit #1761 dcb 96 dwords at 0xfe0042920: pass 20 rewrite 2 drop 2 unmapped 0 cc 0 mappings 300 ... OK rc 0 22.96 ms
timing: #1761 done at t 97.512 s, 24.3 ms after the sync and hints
submit #1762 dcb 2647 dwords at 0x503c02500: pass 236 rewrite 123 drop 120 unmapped 0 cc 4 mappings 300 ... OK rc 0 23.56 ms
timing: #1762 done at t 97.551 s, 27.0 ms after the sync and hints
state stack #1762: push 2 pop 2 conditional 1 unmatched 0; restored 1842 regs (+1874 dwords); tables 13, unreadable 0
submit #1763 dcb 851 dwords at 0x505a02500: pass 47 rewrite 55 drop 45 unmapped 0 cc 0 mappings 300 ... OK rc 0 22.92 ms
timing: #1763 done at t 97.587 s, 24.5 ms after the sync and hints
submit #1764 acb 2 dwords at 0xfe003a200: pass 1 rewrite 0 drop 0 unmapped 0 cc 0 mappings 300 ... OK rc 0 22.84 ms
timing: #1764 done at t 97.622 s, 23.9 ms after the sync and hints
submit #1765 acb 463 dwords at 0x4004867c0: pass 43 rewrite 11 drop 27 unmapped 0 cc 0 mappings 300 ... OK rc 0 23.23 ms
timing: #1765 done at t 97.658 s, 24.3 ms after the sync and hints
submit #1766 dcb 798 dwords at 0x506802500: pass 103 rewrite 35 drop 22 unmapped 0 cc 6 mappings 300 ... acb head: 3413 of 3462 dwords go ahead of the wait at 3413 on 0x400202f80
OK rc 0 23.81 ms
timing: #1766 done at t 97.697 s, 27.5 ms after the sync and hints
state stack #1766: push 3 pop 3 conditional 1 unmatched 0; restored 2763 regs (+2811 dwords); tables 17, unreadable 0
  indirect op 16 at 1640: args 0x74063c0 not mapped, DROPPED
  indirect op 16 at 1738: args 0x74063e0 not mapped, DROPPED
  indirect op 16 at 1833: args 0x74063e0 not mapped, DROPPED
submit #1767 acb 3413 dwords at 0x4002a55c0: pass 331 rewrite 70 drop 165 unmapped 0 cc 0 mappings 300 ... OK rc 0 24.52 ms
timing: #1767 done at t 97.734 s, 25.7 ms after the sync and hints
submit #1768 dcb 1248 dwords at 0x504e02500: pass 151 rewrite 46 drop 45 unmapped 0 cc 6 mappings 300 ... OK rc 0 23.33 ms
timing: #1768 done at t 97.772 s, 26.3 ms after the sync and hints
state stack #1768: push 3 pop 3 conditional 1 unmatched 0; restored 2763 regs (+2811 dwords); tables 11, unreadable 0
flip 1/1 buffer 0x5093f0000 +0x1fe0000: sum 0x17fb17d5f47d nonzero 8100/8160 pattern 0
  target CB0 0x507410000: distinct 53 min 0xc0000000 max 0xc340d034,   target CB0 0x507410000: nonzero 1024/1024
  target CB0 0x563800000: distinct 1 min 0x00000000 max 0x00000000,   target CB0 0x563800000: nonzero 0/1024
  target CB0 0x55c00d000: distinct 4 min 0x00000000 max 0xffffffff,   target CB0 0x55c00d000: nonzero 339/1024
  target CB0 0x5637f0000: distinct 1 min 0x00000000 max 0x00000000,   target CB0 0x5637f0000: nonzero 0/1024
  target CB0 0x526bf0000: distinct 1 min 0x38003800 max 0x38003800,   target CB0 0x526bf0000: nonzero 1024/1024
  target CB0 0x5719a8000: distinct 18 min 0x00000000 max 0xffffffff,   target CB0 0x5719a8000: nonzero 246/1024
  target DB_HTILE 0x5203a0000: distinct 2 min 0x00000000 max 0xfffffff0,   target DB_HTILE 0x5203a0000: nonzero 160/1024
  target DB_Z_READ 0x51db50000: distinct 1 min 0x3f800000 max 0x3f800000,   target DB_Z_READ 0x51db50000: nonzero 1024/1024
  target DB_STENCIL_READ 0x51fb30000: distinct 1 min 0x80800000 max 0x80800000,   target DB_STENCIL_READ 0x51fb30000: nonzero 1024/1024
  target CB0 0x513bf0000: distinct 1 min 0x00000000 max 0x00000000,   target CB0 0x513bf0000: nonzero 0/1024
  target CB0 0x571867000: distinct 20 min 0x00000000 max 0xffffffff,   target CB0 0x571867000: nonzero 359/1024
  target CB0 0x57187b000: distinct 20 min 0x00000000 max 0xffffffff,   target CB0 0x57187b000: nonzero 339/1024
  target CB0 0x519b90000: distinct 1 min 0x02870000 max 0x02870000,   target CB0 0x519b90000: nonzero 1024/1024
  target CB0 0x5718eb000: distinct 19 min 0x00000000 max 0xffffffff,   target CB0 0x5718eb000: nonzero 267/1024
  target DB_HTILE 0x55c0e0000: distinct 2 min 0x00000000 max 0xffffffff,   target DB_HTILE 0x55c0e0000: nonzero 192/1024
  target DB_Z_READ 0x527430000: distinct 1 min 0xffffffff max 0xffffffff,   target DB_Z_READ 0x527430000: nonzero 1024/1024
timing: t 97.772 s flip 1/1, VideoOutSubmitFlip took 0.0 ms
  indirect op 16 at 1246: base 0x5074063c0 +0x0 -> 1 1 1 0 0
  indirect op 16 at 1278: base 0x5074063e0 +0x0 -> 1 1 1 0 0
  indirect op 16 at 1310: base 0x50740a520 +0x0 -> 1 1 1 0 0
  indirect op 16 at 1342: base 0x50740a540 +0x0 -> 1 1 1 0 0
  indirect op 25 at 4825: base 0x56ddaffa0 +0x0 -> 1 0 0 0 0
submit #1769 dcb 10440 dwords at 0x502702500: pass 691 rewrite 518 drop 462 unmapped 1 cc 12 mappings 300 ... OK rc 0 29.17 ms
timing: #1769 done at t 97.823 s, 38.2 ms after the sync and hints
state stack #1769: push 6 pop 6 conditional 1 unmatched 0; restored 5526 regs (+5622 dwords); tables 38, unreadable 0
swapped pages taken as resident so far: 0
vmas 115 total 13079.0 MiB resident 5030.9 MiB mapped 5030.9 MiB
submit #1770 acb 2 dwords at 0xfe003a200: pass 1 rewrite 0 drop 0 unmapped 0 cc 0 mappings 301 ... OK rc 0 22.90 ms
timing: #1770 done at t 97.860 s, 23.9 ms after the sync and hints
submit #1771 acb 49 dwords at 0x4002a8b14: pass 2 rewrite 3 drop 3 unmapped 0 cc 0 mappings 301 ... OK rc 0 22.90 ms
timing: #1771 done at t 97.895 s, 23.9 ms after the sync and hints
submit #1772 cc 3 dwords at 0x313b17cf4: pass 0 rewrite 1 drop 0 unmapped 0 cc 1 mappings 301 ... OK rc 0 22.98 ms
timing: #1772 done at t 97.930 s, 24.0 ms after the sync and hints
submit #1773 hib 150 dwords at 0xfe0000000: pass 12 rewrite 2 drop 2 unmapped 0 cc 2 mappings 301 ... OK rc 0 22.95 ms
timing: #1773 done at t 97.966 s, 24.3 ms after the sync and hints
submit #1774 hib 2 dwords at 0xfe003a200: pass 1 rewrite 0 drop 0 unmapped 0 cc 0 mappings 301 ... OK rc 0 22.90 ms
timing: #1774 done at t 98.001 s, 23.9 ms after the sync and hints
submit #1775 dcb 96 dwords at 0xfe0042920: pass 20 rewrite 2 drop 2 unmapped 0 cc 0 mappings 301 ... OK rc 0 22.76 ms
timing: #1775 done at t 98.036 s, 24.1 ms after the sync and hints
submit #1776 dcb 2647 dwords at 0x504302500: pass 236 rewrite 123 drop 120 unmapped 0 cc 4 mappings 301 ... OK rc 0 23.29 ms
timing: #1776 done at t 98.075 s, 26.6 ms after the sync and hints
state stack #1776: push 2 pop 2 conditional 1 unmatched 0; restored 1842 regs (+1874 dwords); tables 13, unreadable 0
submit #1777 dcb 851 dwords at 0x505e02500: pass 47 rewrite 55 drop 45 unmapped 0 cc 0 mappings 301 ... OK rc 0 22.88 ms
timing: #1777 done at t 98.111 s, 24.3 ms after the sync and hints
submit #1778 acb 2 dwords at 0xfe003a200: pass 1 rewrite 0 drop 0 unmapped 0 cc 0 mappings 301 ... OK rc 0 23.12 ms
timing: #1778 done at t 98.147 s, 24.1 ms after the sync and hints
submit #1779 acb 463 dwords at 0x400526840: pass 43 rewrite 11 drop 27 unmapped 0 cc 0 mappings 301 ... OK rc 0 23.50 ms
timing: #1779 done at t 98.184 s, 24.6 ms after the sync and hints
submit #1780 dcb 798 dwords at 0x506e02500: pass 103 rewrite 35 drop 22 unmapped 0 cc 6 mappings 301 ... acb head: 3413 of 3462 dwords go ahead of the wait at 3413 on 0x400203b80
OK rc 0 23.67 ms
timing: #1780 done at t 98.223 s, 27.4 ms after the sync and hints
state stack #1780: push 3 pop 3 conditional 1 unmatched 0; restored 2763 regs (+2811 dwords); tables 17, unreadable 0
  indirect op 16 at 1640: args 0x74063c0 not mapped, DROPPED
  indirect op 16 at 1738: args 0x74063e0 not mapped, DROPPED
  indirect op 16 at 1833: args 0x74063e0 not mapped, DROPPED
submit #1781 acb 3413 dwords at 0x400345640: pass 331 rewrite 70 drop 165 unmapped 0 cc 0 mappings 301 ... OK rc 0 24.35 ms
timing: #1781 done at t 98.260 s, 25.6 ms after the sync and hints
submit #1782 dcb 1248 dwords at 0x505202500: pass 151 rewrite 46 drop 45 unmapped 0 cc 6 mappings 301 ... OK rc 0 23.05 ms
timing: #1782 done at t 98.298 s, 25.8 ms after the sync and hints
state stack #1782: push 3 pop 3 conditional 1 unmatched 0; restored 2763 regs (+2811 dwords); tables 11, unreadable 0
flip 1/0 buffer 0x507410000 +0x1fe0000: sum 0x17fb17d5f47d nonzero 8100/8160 pattern 0
  target CB0 0x5093f0000: distinct 53 min 0xc0000000 max 0xc340d034,   target CB0 0x5093f0000: nonzero 1024/1024
  target CB0 0x563800000: distinct 1 min 0x00000000 max 0x00000000,   target CB0 0x563800000: nonzero 0/1024
  target CB0 0x55c00d000: distinct 4 min 0x00000000 max 0xffffffff,   target CB0 0x55c00d000: nonzero 339/1024
  target CB0 0x5637f0000: distinct 1 min 0x00000000 max 0x00000000,   target CB0 0x5637f0000: nonzero 0/1024
  target CB0 0x526bf0000: distinct 1 min 0x38003800 max 0x38003800,   target CB0 0x526bf0000: nonzero 1024/1024
  target CB0 0x5719a8000: distinct 18 min 0x00000000 max 0xffffffff,   target CB0 0x5719a8000: nonzero 246/1024
  target DB_HTILE 0x5203a0000: distinct 2 min 0x00000000 max 0xfffffff0,   target DB_HTILE 0x5203a0000: nonzero 160/1024
  target DB_Z_READ 0x51db50000: distinct 1 min 0x3f800000 max 0x3f800000,   target DB_Z_READ 0x51db50000: nonzero 1024/1024
  target DB_STENCIL_READ 0x51fb30000: distinct 1 min 0x80800000 max 0x80800000,   target DB_STENCIL_READ 0x51fb30000: nonzero 1024/1024
  target CB0 0x513bf0000: distinct 1 min 0x00000000 max 0x00000000,   target CB0 0x513bf0000: nonzero 0/1024
  target CB0 0x571867000: distinct 20 min 0x00000000 max 0xffffffff,   target CB0 0x571867000: nonzero 359/1024
  target CB0 0x57187b000: distinct 20 min 0x00000000 max 0xffffffff,   target CB0 0x57187b000: nonzero 339/1024
  target CB0 0x519b90000: distinct 1 min 0x82878222 max 0x82878222,   target CB0 0x519b90000: nonzero 1024/1024
  target CB0 0x5718eb000: distinct 19 min 0x00000000 max 0xffffffff,   target CB0 0x5718eb000: nonzero 267/1024
  target DB_HTILE 0x55c0e0000: distinct 2 min 0x00000000 max 0xffffffff,   target DB_HTILE 0x55c0e0000: nonzero 192/1024
  target DB_Z_READ 0x527430000: distinct 1 min 0xffffffff max 0xffffffff,   target DB_Z_READ 0x527430000: nonzero 1024/1024
timing: t 98.299 s flip 1/0, VideoOutSubmitFlip took 0.0 ms
  indirect op 16 at 1246: base 0x5074063c0 +0x0 -> 1 1 1 0 0
  indirect op 16 at 1278: base 0x5074063e0 +0x0 -> 1 1 1 0 0
  indirect op 16 at 1310: base 0x50740a520 +0x0 -> 1 1 1 0 0
  indirect op 16 at 1342: base 0x50740a540 +0x0 -> 1 1 1 0 0
  indirect op 25 at 4825: base 0x56ddaffa0 +0x0 -> 1 0 0 0 0
submit #1783 dcb 10440 dwords at 0x502e02500: pass 691 rewrite 518 drop 462 unmapped 1 cc 12 mappings 301 ... OK rc 0 29.01 ms
timing: #1783 done at t 98.350 s, 38.0 ms after the sync and hints
state stack #1783: push 6 pop 6 conditional 1 unmatched 0; restored 5526 regs (+5622 dwords); tables 38, unreadable 0
submit #1784 acb 2 dwords at 0xfe003a200: pass 1 rewrite 0 drop 0 unmapped 0 cc 0 mappings 301 ... OK rc 0 23.17 ms
timing: #1784 done at t 98.385 s, 24.2 ms after the sync and hints
submit #1785 acb 49 dwords at 0x400348b94: pass 2 rewrite 3 drop 3 unmapped 0 cc 0 mappings 301 ... OK rc 0 23.03 ms
timing: #1785 done at t 98.421 s, 24.1 ms after the sync and hints
submit #1786 cc 3 dwords at 0x313b17cf4: pass 0 rewrite 1 drop 0 unmapped 0 cc 1 mappings 301 ... OK rc 0 22.98 ms
timing: #1786 done at t 98.456 s, 24.0 ms after the sync and hints
submit #1787 hib 150 dwords at 0xfe0000000: pass 12 rewrite 2 drop 2 unmapped 0 cc 2 mappings 301 ... OK rc 0 22.96 ms
timing: #1787 done at t 98.492 s, 24.3 ms after the sync and hints
submit #1788 hib 2 dwords at 0xfe003a200: pass 1 rewrite 0 drop 0 unmapped 0 cc 0 mappings 301 ... OK rc 0 22.90 ms
timing: #1788 done at t 98.527 s, 24.0 ms after the sync and hints
submit #1789 dcb 96 dwords at 0xfe0042920: pass 20 rewrite 2 drop 2 unmapped 0 cc 0 mappings 301 ... OK rc 0 22.96 ms
timing: #1789 done at t 98.563 s, 24.3 ms after the sync and hints
submit #1790 dcb 2647 dwords at 0x503502500: pass 236 rewrite 123 drop 120 unmapped 0 cc 4 mappings 301 ... OK rc 0 23.58 ms
timing: #1790 done at t 98.601 s, 27.0 ms after the sync and hints
state stack #1790: push 2 pop 2 conditional 1 unmatched 0; restored 1842 regs (+1874 dwords); tables 13, unreadable 0
submit #1791 acb 2 dwords at 0xfe003a200: pass 1 rewrite 0 drop 0 unmapped 0 cc 0 mappings 301 ... OK rc 0 22.90 ms
timing: #1791 done at t 98.637 s, 24.0 ms after the sync and hints
submit #1792 dcb 851 dwords at 0x505602500: pass 47 rewrite 55 drop 45 unmapped 0 cc 0 mappings 301 ... OK rc 0 22.91 ms
timing: #1792 done at t 98.674 s, 24.4 ms after the sync and hints
submit #1793 acb 463 dwords at 0x4003e6740: pass 43 rewrite 11 drop 27 unmapped 0 cc 0 mappings 301 ... OK rc 0 23.34 ms
timing: #1793 done at t 98.710 s, 24.4 ms after the sync and hints
submit #1794 dcb 798 dwords at 0x506202500: pass 103 rewrite 35 drop 22 unmapped 0 cc 6 mappings 301 ... acb head: 3413 of 3462 dwords go ahead of the wait at 3413 on 0x400202380
OK rc 0 23.70 ms
timing: #1794 done at t 98.751 s, 27.5 ms after the sync and hints
state stack #1794: push 3 pop 3 conditional 1 unmatched 0; restored 2763 regs (+2811 dwords); tables 17, unreadable 0
  indirect op 16 at 1640: args 0x74063c0 not mapped, DROPPED
  indirect op 16 at 1738: args 0x74063e0 not mapped, DROPPED
  indirect op 16 at 1833: args 0x74063e0 not mapped, DROPPED
submit #1795 acb 3413 dwords at 0x400205540: pass 331 rewrite 70 drop 165 unmapped 0 cc 0 mappings 301 ... OK rc 0 24.44 ms
timing: #1795 done at t 98.788 s, 25.7 ms after the sync and hints
submit #1796 dcb 1248 dwords at 0x504a02500: pass 151 rewrite 46 drop 45 unmapped 0 cc 6 mappings 301 ... OK rc 0 22.97 ms
timing: #1796 done at t 98.825 s, 25.8 ms after the sync and hints
state stack #1796: push 3 pop 3 conditional 1 unmatched 0; restored 2763 regs (+2811 dwords); tables 11, unreadable 0
flip 1/1 buffer 0x5093f0000 +0x1fe0000: sum 0x17fb17d5f47d nonzero 8100/8160 pattern 0
  target CB0 0x507410000: distinct 53 min 0xc0000000 max 0xc340d034,   target CB0 0x507410000: nonzero 1024/1024
  target CB0 0x563800000: distinct 1 min 0x00000000 max 0x00000000,   target CB0 0x563800000: nonzero 0/1024
  target CB0 0x55c00d000: distinct 4 min 0x00000000 max 0xffffffff,   target CB0 0x55c00d000: nonzero 339/1024
  target CB0 0x5637f0000: distinct 1 min 0x00000000 max 0x00000000,   target CB0 0x5637f0000: nonzero 0/1024
  target CB0 0x526bf0000: distinct 1 min 0x38003800 max 0x38003800,   target CB0 0x526bf0000: nonzero 1024/1024
  target CB0 0x5719a8000: distinct 18 min 0x00000000 max 0xffffffff,   target CB0 0x5719a8000: nonzero 246/1024
  target DB_HTILE 0x5203a0000: distinct 2 min 0x00000000 max 0xfffffff0,   target DB_HTILE 0x5203a0000: nonzero 160/1024
  target DB_Z_READ 0x51db50000: distinct 1 min 0x3f800000 max 0x3f800000,   target DB_Z_READ 0x51db50000: nonzero 1024/1024
  target DB_STENCIL_READ 0x51fb30000: distinct 1 min 0x80800000 max 0x80800000,   target DB_STENCIL_READ 0x51fb30000: nonzero 1024/1024
  target CB0 0x513bf0000: distinct 1 min 0x00000000 max 0x00000000,   target CB0 0x513bf0000: nonzero 0/1024
  target CB0 0x571867000: distinct 20 min 0x00000000 max 0xffffffff,   target CB0 0x571867000: nonzero 359/1024
  target CB0 0x57187b000: distinct 20 min 0x00000000 max 0xffffffff,   target CB0 0x57187b000: nonzero 339/1024
  target CB0 0x519b90000: distinct 1 min 0x05e60222 max 0x05e60222,   target CB0 0x519b90000: nonzero 1024/1024
  target CB0 0x5718eb000: distinct 19 min 0x00000000 max 0xffffffff,   target CB0 0x5718eb000: nonzero 267/1024
  target DB_HTILE 0x55c0e0000: distinct 2 min 0x00000000 max 0xffffffff,   target DB_HTILE 0x55c0e0000: nonzero 192/1024
  target DB_Z_READ 0x527430000: distinct 1 min 0xffffffff max 0xffffffff,   target DB_Z_READ 0x527430000: nonzero 1024/1024
timing: t 98.826 s flip 1/1, VideoOutSubmitFlip took 0.0 ms
  indirect op 16 at 1246: base 0x5074063c0 +0x0 -> 1 1 1 0 0
  indirect op 16 at 1278: base 0x5074063e0 +0x0 -> 1 1 1 0 0
  indirect op 16 at 1310: base 0x50740a520 +0x0 -> 1 1 1 0 0
  indirect op 16 at 1342: base 0x50740a540 +0x0 -> 1 1 1 0 0
  indirect op 25 at 4825: base 0x56ddaffa0 +0x0 -> 1 0 0 0 0
submit #1797 dcb 10440 dwords at 0x502002500: pass 691 rewrite 518 drop 462 unmapped 1 cc 12 mappings 301 ... OK rc 0 28.91 ms
timing: #1797 done at t 98.876 s, 37.7 ms after the sync and hints
state stack #1797: push 6 pop 6 conditional 1 unmatched 0; restored 5526 regs (+5622 dwords); tables 38, unreadable 0
submit #1798 acb 2 dwords at 0xfe003a200: pass 1 rewrite 0 drop 0 unmapped 0 cc 0 mappings 301 ... OK rc 0 23.01 ms
timing: #1798 done at t 98.911 s, 24.1 ms after the sync and hints
submit #1799 acb 49 dwords at 0x400208a94: pass 2 rewrite 3 drop 3 unmapped 0 cc 0 mappings 301 ... OK rc 0 23.03 ms
timing: #1799 done at t 98.947 s, 24.1 ms after the sync and hints
submit #1800 cc 3 dwords at 0x313b17cf4: pass 0 rewrite 1 drop 0 unmapped 0 cc 1 mappings 301 ... OK rc 0 23.15 ms
timing: #1800 done at t 98.983 s, 24.3 ms after the sync and hints
submit #1801 hib 150 dwords at 0xfe0000000: pass 12 rewrite 2 drop 2 unmapped 0 cc 2 mappings 301 ... OK rc 0 23.24 ms
timing: #1801 done at t 99.019 s, 24.7 ms after the sync and hints
submit #1802 hib 2 dwords at 0xfe003a200: pass 1 rewrite 0 drop 0 unmapped 0 cc 0 mappings 301 ... OK rc 0 23.07 ms
timing: #1802 done at t 99.055 s, 24.1 ms after the sync and hints
submit #1803 dcb 96 dwords at 0xfe0042920: pass 20 rewrite 2 drop 2 unmapped 0 cc 0 mappings 301 ... OK rc 0 22.95 ms
timing: #1803 done at t 99.090 s, 24.5 ms after the sync and hints
submit #1804 dcb 2647 dwords at 0x503c02500: pass 236 rewrite 123 drop 120 unmapped 0 cc 4 mappings 301 ... OK rc 0 23.33 ms
timing: #1804 done at t 99.129 s, 26.8 ms after the sync and hints
state stack #1804: push 2 pop 2 conditional 1 unmatched 0; restored 1842 regs (+1874 dwords); tables 13, unreadable 0
submit #1805 dcb 851 dwords at 0x505a02500: pass 47 rewrite 55 drop 45 unmapped 0 cc 0 mappings 301 ... OK rc 0 22.81 ms
timing: #1805 done at t 99.165 s, 24.4 ms after the sync and hints
submit #1806 acb 2 dwords at 0xfe003a200: pass 1 rewrite 0 drop 0 unmapped 0 cc 0 mappings 301 ... OK rc 0 22.91 ms
timing: #1806 done at t 99.200 s, 24.0 ms after the sync and hints
submit #1807 acb 463 dwords at 0x4004867c0: pass 43 rewrite 11 drop 27 unmapped 0 cc 0 mappings 301 ... OK rc 0 28.39 ms
timing: #1807 done at t 99.243 s, 30.1 ms after the sync and hints
submit #1808 dcb 798 dwords at 0x506802500: pass 103 rewrite 35 drop 22 unmapped 0 cc 6 mappings 301 ... acb head: 3413 of 3462 dwords go ahead of the wait at 3413 on 0x400202f80
OK rc 0 24.76 ms
timing: #1808 done at t 99.286 s, 30.2 ms after the sync and hints
state stack #1808: push 3 pop 3 conditional 1 unmatched 0; restored 2763 regs (+2811 dwords); tables 17, unreadable 0
  indirect op 16 at 1640: args 0x74063c0 not mapped, DROPPED
  indirect op 16 at 1738: args 0x74063e0 not mapped, DROPPED
  indirect op 16 at 1833: args 0x74063e0 not mapped, DROPPED
submit #1809 acb 3413 dwords at 0x4002a55c0: pass 331 rewrite 70 drop 165 unmapped 0 cc 0 mappings 301 ... OK rc 0 24.82 ms
timing: #1809 done at t 99.323 s, 26.3 ms after the sync and hints
submit #1810 dcb 1248 dwords at 0x504e02500: pass 151 rewrite 46 drop 45 unmapped 0 cc 6 mappings 301 ... OK rc 0 23.00 ms
timing: #1810 done at t 99.360 s, 25.7 ms after the sync and hints
state stack #1810: push 3 pop 3 conditional 1 unmatched 0; restored 2763 regs (+2811 dwords); tables 11, unreadable 0
flip 1/0 buffer 0x507410000 +0x1fe0000: sum 0x17fb17d5f47d nonzero 8100/8160 pattern 0
  target CB0 0x5093f0000: distinct 53 min 0xc0000000 max 0xc340d034,   target CB0 0x5093f0000: nonzero 1024/1024
  target CB0 0x563800000: distinct 1 min 0x00000000 max 0x00000000,   target CB0 0x563800000: nonzero 0/1024
  target CB0 0x55c00d000: distinct 4 min 0x00000000 max 0xffffffff,   target CB0 0x55c00d000: nonzero 339/1024
  target CB0 0x5637f0000: distinct 1 min 0x00000000 max 0x00000000,   target CB0 0x5637f0000: nonzero 0/1024
  target CB0 0x526bf0000: distinct 1 min 0x38003800 max 0x38003800,   target CB0 0x526bf0000: nonzero 1024/1024
  target CB0 0x5719a8000: distinct 18 min 0x00000000 max 0xffffffff,   target CB0 0x5719a8000: nonzero 246/1024
  target DB_HTILE 0x5203a0000: distinct 2 min 0x00000000 max 0xfffffff0,   target DB_HTILE 0x5203a0000: nonzero 160/1024
  target DB_Z_READ 0x51db50000: distinct 1 min 0x3f800000 max 0x3f800000,   target DB_Z_READ 0x51db50000: nonzero 1024/1024
  target DB_STENCIL_READ 0x51fb30000: distinct 1 min 0x80800000 max 0x80800000,   target DB_STENCIL_READ 0x51fb30000: nonzero 1024/1024
  target CB0 0x513bf0000: distinct 1 min 0x00000000 max 0x00000000,   target CB0 0x513bf0000: nonzero 0/1024
  target CB0 0x571867000: distinct 20 min 0x00000000 max 0xffffffff,   target CB0 0x571867000: nonzero 359/1024
  target CB0 0x57187b000: distinct 20 min 0x00000000 max 0xffffffff,   target CB0 0x57187b000: nonzero 339/1024
  target CB0 0x519b90000: distinct 1 min 0x00d88333 max 0x00d88333,   target CB0 0x519b90000: nonzero 1024/1024
  target CB0 0x5718eb000: distinct 19 min 0x00000000 max 0xffffffff,   target CB0 0x5718eb000: nonzero 267/1024
  target DB_HTILE 0x55c0e0000: distinct 2 min 0x00000000 max 0xffffffff,   target DB_HTILE 0x55c0e0000: nonzero 192/1024
  target DB_Z_READ 0x527430000: distinct 1 min 0xffffffff max 0xffffffff,   target DB_Z_READ 0x527430000: nonzero 1024/1024
timing: t 99.361 s flip 1/0, VideoOutSubmitFlip took 0.0 ms
  indirect op 16 at 1246: base 0x5074063c0 +0x0 -> 1 1 1 0 0
  indirect op 16 at 1278: base 0x5074063e0 +0x0 -> 1 1 1 0 0
  indirect op 16 at 1310: base 0x50740a520 +0x0 -> 1 1 1 0 0
  indirect op 16 at 1342: base 0x50740a540 +0x0 -> 1 1 1 0 0
  indirect op 25 at 4825: base 0x56ddaffa0 +0x0 -> 1 0 0 0 0
submit #1811 dcb 10440 dwords at 0x502702500: pass 691 rewrite 518 drop 462 unmapped 1 cc 12 mappings 301 ... OK rc 0 29.08 ms
timing: #1811 done at t 99.411 s, 38.2 ms after the sync and hints
state stack #1811: push 6 pop 6 conditional 1 unmatched 0; restored 5526 regs (+5622 dwords); tables 38, unreadable 0
submit #1812 acb 2 dwords at 0xfe003a200: pass 1 rewrite 0 drop 0 unmapped 0 cc 0 mappings 301 ... OK rc 0 22.92 ms
timing: #1812 done at t 99.447 s, 24.1 ms after the sync and hints
swapped pages taken as resident so far: 0
vmas 115 total 13079.0 MiB resident 5030.9 MiB mapped 5031.0 MiB
submit #1813 acb 49 dwords at 0x4002a8b14: pass 2 rewrite 3 drop 3 unmapped 0 cc 0 mappings 302 ... OK rc 0 22.86 ms
timing: #1813 done at t 99.483 s, 24.0 ms after the sync and hints
submit #1814 cc 3 dwords at 0x313b17cf4: pass 0 rewrite 1 drop 0 unmapped 0 cc 1 mappings 302 ... OK rc 0 22.87 ms
timing: #1814 done at t 99.518 s, 24.1 ms after the sync and hints
submit #1815 hib 150 dwords at 0xfe0000000: pass 12 rewrite 2 drop 2 unmapped 0 cc 2 mappings 302 ... OK rc 0 22.99 ms
timing: #1815 done at t 99.554 s, 24.6 ms after the sync and hints
submit #1816 hib 2 dwords at 0xfe003a200: pass 1 rewrite 0 drop 0 unmapped 0 cc 0 mappings 302 ... OK rc 0 22.85 ms
timing: #1816 done at t 99.589 s, 24.1 ms after the sync and hints
submit #1817 dcb 96 dwords at 0xfe0042920: pass 20 rewrite 2 drop 2 unmapped 0 cc 0 mappings 302 ... OK rc 0 23.04 ms
timing: #1817 done at t 99.625 s, 24.5 ms after the sync and hints
submit #1818 dcb 2647 dwords at 0x504302500: pass 236 rewrite 123 drop 120 unmapped 0 cc 4 mappings 302 ... OK rc 0 23.56 ms
timing: #1818 done at t 99.664 s, 27.1 ms after the sync and hints
state stack #1818: push 2 pop 2 conditional 1 unmatched 0; restored 1842 regs (+1874 dwords); tables 13, unreadable 0
submit #1819 dcb 851 dwords at 0x505e02500: pass 47 rewrite 55 drop 45 unmapped 0 cc 0 mappings 302 ... OK rc 0 23.23 ms
timing: #1819 done at t 99.701 s, 24.9 ms after the sync and hints
submit #1820 acb 2 dwords at 0xfe003a200: pass 1 rewrite 0 drop 0 unmapped 0 cc 0 mappings 302 ... OK rc 0 22.96 ms
timing: #1820 done at t 99.737 s, 24.2 ms after the sync and hints
submit #1821 acb 463 dwords at 0x400526840: pass 43 rewrite 11 drop 27 unmapped 0 cc 0 mappings 302 ... OK rc 0 23.19 ms
timing: #1821 done at t 99.772 s, 24.4 ms after the sync and hints
submit #1822 dcb 798 dwords at 0x506e02500: pass 103 rewrite 35 drop 22 unmapped 0 cc 6 mappings 302 ... acb head: 3413 of 3462 dwords go ahead of the wait at 3413 on 0x400203b80
OK rc 0 23.77 ms
timing: #1822 done at t 99.811 s, 27.6 ms after the sync and hints
state stack #1822: push 3 pop 3 conditional 1 unmatched 0; restored 2763 regs (+2811 dwords); tables 17, unreadable 0
  indirect op 16 at 1640: args 0x74063c0 not mapped, DROPPED
  indirect op 16 at 1738: args 0x74063e0 not mapped, DROPPED
  indirect op 16 at 1833: args 0x74063e0 not mapped, DROPPED
submit #1823 acb 3413 dwords at 0x400345640: pass 331 rewrite 70 drop 165 unmapped 0 cc 0 mappings 302 ... OK rc 0 24.38 ms
timing: #1823 done at t 99.848 s, 25.7 ms after the sync and hints
submit #1824 dcb 1248 dwords at 0x505202500: pass 151 rewrite 46 drop 45 unmapped 0 cc 6 mappings 302 ... OK rc 0 23.13 ms
timing: #1824 done at t 99.887 s, 26.1 ms after the sync and hints
state stack #1824: push 3 pop 3 conditional 1 unmatched 0; restored 2763 regs (+2811 dwords); tables 11, unreadable 0
flip 1/1 buffer 0x5093f0000 +0x1fe0000: sum 0x17fb17d5f47d nonzero 8100/8160 pattern 0
  target CB0 0x507410000: distinct 53 min 0xc0000000 max 0xc340d034,   target CB0 0x507410000: nonzero 1024/1024
  target CB0 0x563800000: distinct 1 min 0x00000000 max 0x00000000,   target CB0 0x563800000: nonzero 0/1024
  target CB0 0x55c00d000: distinct 4 min 0x00000000 max 0xffffffff,   target CB0 0x55c00d000: nonzero 339/1024
  target CB0 0x5637f0000: distinct 1 min 0x00000000 max 0x00000000,   target CB0 0x5637f0000: nonzero 0/1024
  target CB0 0x526bf0000: distinct 1 min 0x38003800 max 0x38003800,   target CB0 0x526bf0000: nonzero 1024/1024
  target CB0 0x5719a8000: distinct 18 min 0x00000000 max 0xffffffff,   target CB0 0x5719a8000: nonzero 246/1024
  target DB_HTILE 0x5203a0000: distinct 2 min 0x00000000 max 0xfffffff0,   target DB_HTILE 0x5203a0000: nonzero 160/1024
  target DB_Z_READ 0x51db50000: distinct 1 min 0x3f800000 max 0x3f800000,   target DB_Z_READ 0x51db50000: nonzero 1024/1024
  target DB_STENCIL_READ 0x51fb30000: distinct 1 min 0x80800000 max 0x80800000,   target DB_STENCIL_READ 0x51fb30000: nonzero 1024/1024
  target CB0 0x513bf0000: distinct 1 min 0x00000000 max 0x00000000,   target CB0 0x513bf0000: nonzero 0/1024
  target CB0 0x571867000: distinct 20 min 0x00000000 max 0xffffffff,   target CB0 0x571867000: nonzero 359/1024
  target CB0 0x57187b000: distinct 20 min 0x00000000 max 0xffffffff,   target CB0 0x57187b000: nonzero 339/1024
  target CB0 0x519b90000: distinct 1 min 0x84370111 max 0x84370111,   target CB0 0x519b90000: nonzero 1024/1024
  target CB0 0x5718eb000: distinct 19 min 0x00000000 max 0xffffffff,   target CB0 0x5718eb000: nonzero 267/1024
  target DB_HTILE 0x55c0e0000: distinct 2 min 0x00000000 max 0xffffffff,   target DB_HTILE 0x55c0e0000: nonzero 192/1024
  target DB_Z_READ 0x527430000: distinct 1 min 0xffffffff max 0xffffffff,   target DB_Z_READ 0x527430000: nonzero 1024/1024
timing: t 99.888 s flip 1/1, VideoOutSubmitFlip took 0.0 ms
  indirect op 16 at 1246: base 0x5074063c0 +0x0 -> 1 1 1 0 0
  indirect op 16 at 1278: base 0x5074063e0 +0x0 -> 1 1 1 0 0
  indirect op 16 at 1310: base 0x50740a520 +0x0 -> 1 1 1 0 0
  indirect op 16 at 1342: base 0x50740a540 +0x0 -> 1 1 1 0 0
  indirect op 25 at 4825: base 0x56ddaffa0 +0x0 -> 1 0 0 0 0
submit #1825 dcb 10440 dwords at 0x502e02500: pass 691 rewrite 518 drop 462 unmapped 1 cc 12 mappings 302 ... OK rc 0 29.35 ms
timing: #1825 done at t 99.938 s, 38.3 ms after the sync and hints
state stack #1825: push 6 pop 6 conditional 1 unmatched 0; restored 5526 regs (+5622 dwords); tables 38, unreadable 0
submit #1826 acb 2 dwords at 0xfe003a200: pass 1 rewrite 0 drop 0 unmapped 0 cc 0 mappings 302 ... OK rc 0 23.07 ms
timing: #1826 done at t 99.974 s, 24.3 ms after the sync and hints
swapped pages taken as resident so far: 0
vmas 115 total 13079.0 MiB resident 5031.0 MiB mapped 5031.1 MiB
submit #1827 acb 49 dwords at 0x400348b94: pass 2 rewrite 3 drop 3 unmapped 0 cc 0 mappings 303 ... OK rc 0 23.04 ms
timing: #1827 done at t 100.009 s, 24.2 ms after the sync and hints
submit #1828 cc 3 dwords at 0x313b17cf4: pass 0 rewrite 1 drop 0 unmapped 0 cc 1 mappings 303 ... OK rc 0 22.96 ms
timing: #1828 done at t 100.046 s, 24.2 ms after the sync and hints
submit #1829 hib 150 dwords at 0xfe0000000: pass 12 rewrite 2 drop 2 unmapped 0 cc 2 mappings 303 ... OK rc 0 22.92 ms
timing: #1829 done at t 100.081 s, 24.5 ms after the sync and hints
submit #1830 hib 2 dwords at 0xfe003a200: pass 1 rewrite 0 drop 0 unmapped 0 cc 0 mappings 303 ... OK rc 0 22.95 ms
timing: #1830 done at t 100.117 s, 24.2 ms after the sync and hints
submit #1831 dcb 96 dwords at 0xfe0042920: pass 20 rewrite 2 drop 2 unmapped 0 cc 0 mappings 303 ... OK rc 0 23.13 ms
timing: #1831 done at t 100.153 s, 24.6 ms after the sync and hints
submit #1832 dcb 2647 dwords at 0x503502500: pass 236 rewrite 123 drop 120 unmapped 0 cc 4 mappings 303 ... OK rc 0 23.55 ms
timing: #1832 done at t 100.192 s, 27.3 ms after the sync and hints
state stack #1832: push 2 pop 2 conditional 1 unmatched 0; restored 1842 regs (+1874 dwords); tables 13, unreadable 0
submit #1833 dcb 851 dwords at 0x505602500: pass 47 rewrite 55 drop 45 unmapped 0 cc 0 mappings 303 ... OK rc 0 22.89 ms
timing: #1833 done at t 100.228 s, 24.5 ms after the sync and hints
submit #1834 acb 2 dwords at 0xfe003a200: pass 1 rewrite 0 drop 0 unmapped 0 cc 0 mappings 303 ... OK rc 0 22.89 ms
timing: #1834 done at t 100.264 s, 24.1 ms after the sync and hints
submit #1835 acb 463 dwords at 0x4003e6740: pass 43 rewrite 11 drop 27 unmapped 0 cc 0 mappings 303 ... OK rc 0 23.14 ms
timing: #1835 done at t 100.300 s, 24.4 ms after the sync and hints
submit #1836 dcb 798 dwords at 0x506202500: pass 103 rewrite 35 drop 22 unmapped 0 cc 6 mappings 303 ... acb head: 3413 of 3462 dwords go ahead of the wait at 3413 on 0x400202380
OK rc 0 23.76 ms
timing: #1836 done at t 100.339 s, 27.6 ms after the sync and hints
state stack #1836: push 3 pop 3 conditional 1 unmatched 0; restored 2763 regs (+2811 dwords); tables 17, unreadable 0
  indirect op 16 at 1640: args 0x74063c0 not mapped, DROPPED
  indirect op 16 at 1738: args 0x74063e0 not mapped, DROPPED
  indirect op 16 at 1833: args 0x74063e0 not mapped, DROPPED
submit #1837 acb 3413 dwords at 0x400205540: pass 331 rewrite 70 drop 165 unmapped 0 cc 0 mappings 303 ... OK rc 0 24.40 ms
timing: #1837 done at t 100.376 s, 25.8 ms after the sync and hints
submit #1838 dcb 1248 dwords at 0x504a02500: pass 151 rewrite 46 drop 45 unmapped 0 cc 6 mappings 303 ... OK rc 0 23.15 ms
timing: #1838 done at t 100.414 s, 26.2 ms after the sync and hints
state stack #1838: push 3 pop 3 conditional 1 unmatched 0; restored 2763 regs (+2811 dwords); tables 11, unreadable 0
flip 1/0 buffer 0x507410000 +0x1fe0000: sum 0x17fb17d5f47d nonzero 8100/8160 pattern 0
  target CB0 0x5093f0000: distinct 53 min 0xc0000000 max 0xc340d034,   target CB0 0x5093f0000: nonzero 1024/1024
  target CB0 0x563800000: distinct 1 min 0x00000000 max 0x00000000,   target CB0 0x563800000: nonzero 0/1024
  target CB0 0x55c00d000: distinct 4 min 0x00000000 max 0xffffffff,   target CB0 0x55c00d000: nonzero 339/1024
  target CB0 0x5637f0000: distinct 1 min 0x00000000 max 0x00000000,   target CB0 0x5637f0000: nonzero 0/1024
  target CB0 0x526bf0000: distinct 1 min 0x38003800 max 0x38003800,   target CB0 0x526bf0000: nonzero 1024/1024
  target CB0 0x5719a8000: distinct 18 min 0x00000000 max 0xffffffff,   target CB0 0x5719a8000: nonzero 246/1024
  target DB_HTILE 0x5203a0000: distinct 2 min 0x00000000 max 0xfffffff0,   target DB_HTILE 0x5203a0000: nonzero 160/1024
  target DB_Z_READ 0x51db50000: distinct 1 min 0x3f800000 max 0x3f800000,   target DB_Z_READ 0x51db50000: nonzero 1024/1024
  target DB_STENCIL_READ 0x51fb30000: distinct 1 min 0x80800000 max 0x80800000,   target DB_STENCIL_READ 0x51fb30000: nonzero 1024/1024
  target CB0 0x513bf0000: distinct 1 min 0x00000000 max 0x00000000,   target CB0 0x513bf0000: nonzero 0/1024
  target CB0 0x571867000: distinct 20 min 0x00000000 max 0xffffffff,   target CB0 0x571867000: nonzero 359/1024
  target CB0 0x57187b000: distinct 20 min 0x00000000 max 0xffffffff,   target CB0 0x57187b000: nonzero 339/1024
  target CB0 0x519b90000: distinct 1 min 0x04378111 max 0x04378111,   target CB0 0x519b90000: nonzero 1024/1024
  target CB0 0x5718eb000: distinct 19 min 0x00000000 max 0xffffffff,   target CB0 0x5718eb000: nonzero 267/1024
  target DB_HTILE 0x55c0e0000: distinct 2 min 0x00000000 max 0xffffffff,   target DB_HTILE 0x55c0e0000: nonzero 192/1024
  target DB_Z_READ 0x527430000: distinct 1 min 0xffffffff max 0xffffffff,   target DB_Z_READ 0x527430000: nonzero 1024/1024
timing: t 100.415 s flip 1/0, VideoOutSubmitFlip took 0.0 ms
  indirect op 16 at 1246: base 0x5074063c0 +0x0 -> 1 1 1 0 0
  indirect op 16 at 1278: base 0x5074063e0 +0x0 -> 1 1 1 0 0
  indirect op 16 at 1310: base 0x50740a520 +0x0 -> 1 1 1 0 0
  indirect op 16 at 1342: base 0x50740a540 +0x0 -> 1 1 1 0 0
  indirect op 25 at 4825: base 0x56ddaffa0 +0x0 -> 1 0 0 0 0
submit #1839 dcb 10440 dwords at 0x502002500: pass 691 rewrite 518 drop 462 unmapped 1 cc 12 mappings 303 ... OK rc 0 29.14 ms
timing: #1839 done at t 100.468 s, 38.2 ms after the sync and hints
state stack #1839: push 6 pop 6 conditional 1 unmatched 0; restored 5526 regs (+5622 dwords); tables 38, unreadable 0
submit #1840 acb 2 dwords at 0xfe003a200: pass 1 rewrite 0 drop 0 unmapped 0 cc 0 mappings 303 ... OK rc 0 23.12 ms
timing: #1840 done at t 100.504 s, 24.3 ms after the sync and hints
swapped pages taken as resident so far: 0
vmas 115 total 13079.0 MiB resident 5031.1 MiB mapped 5031.1 MiB
submit #1841 acb 49 dwords at 0x400208a94: pass 2 rewrite 3 drop 3 unmapped 0 cc 0 mappings 304 ... OK rc 0 22.89 ms
timing: #1841 done at t 100.540 s, 24.0 ms after the sync and hints
submit #1842 cc 3 dwords at 0x313b17cf4: pass 0 rewrite 1 drop 0 unmapped 0 cc 1 mappings 304 ... OK rc 0 23.00 ms
timing: #1842 done at t 100.576 s, 24.2 ms after the sync and hints
submit #1843 hib 150 dwords at 0xfe0000000: pass 12 rewrite 2 drop 2 unmapped 0 cc 2 mappings 304 ... OK rc 0 22.98 ms
timing: #1843 done at t 100.612 s, 24.5 ms after the sync and hints
submit #1844 hib 2 dwords at 0xfe003a200: pass 1 rewrite 0 drop 0 unmapped 0 cc 0 mappings 304 ... OK rc 0 23.13 ms
timing: #1844 done at t 100.647 s, 24.4 ms after the sync and hints
submit #1845 dcb 96 dwords at 0xfe0042920: pass 20 rewrite 2 drop 2 unmapped 0 cc 0 mappings 304 ... OK rc 0 22.99 ms
timing: #1845 done at t 100.683 s, 24.6 ms after the sync and hints
submit #1846 dcb 2647 dwords at 0x503c02500: pass 236 rewrite 123 drop 120 unmapped 0 cc 4 mappings 304 ... OK rc 0 23.53 ms
timing: #1846 done at t 100.722 s, 27.0 ms after the sync and hints
state stack #1846: push 2 pop 2 conditional 1 unmatched 0; restored 1842 regs (+1874 dwords); tables 13, unreadable 0
submit #1847 dcb 851 dwords at 0x505a02500: pass 47 rewrite 55 drop 45 unmapped 0 cc 0 mappings 304 ... OK rc 0 22.95 ms
timing: #1847 done at t 100.758 s, 24.6 ms after the sync and hints
submit #1848 acb 2 dwords at 0xfe003a200: pass 1 rewrite 0 drop 0 unmapped 0 cc 0 mappings 304 ... OK rc 0 22.82 ms
timing: #1848 done at t 100.793 s, 24.1 ms after the sync and hints
submit #1849 acb 463 dwords at 0x4004867c0: pass 43 rewrite 11 drop 27 unmapped 0 cc 0 mappings 304 ... OK rc 0 23.29 ms
timing: #1849 done at t 100.829 s, 24.5 ms after the sync and hints
submit #1850 dcb 798 dwords at 0x506802500: pass 103 rewrite 35 drop 22 unmapped 0 cc 6 mappings 304 ... acb head: 3413 of 3462 dwords go ahead of the wait at 3413 on 0x400202f80
OK rc 0 23.76 ms
timing: #1850 done at t 100.868 s, 27.7 ms after the sync and hints
state stack #1850: push 3 pop 3 conditional 1 unmatched 0; restored 2763 regs (+2811 dwords); tables 17, unreadable 0
  indirect op 16 at 1640: args 0x74063c0 not mapped, DROPPED
  indirect op 16 at 1738: args 0x74063e0 not mapped, DROPPED
  indirect op 16 at 1833: args 0x74063e0 not mapped, DROPPED
submit #1851 acb 3413 dwords at 0x4002a55c0: pass 331 rewrite 70 drop 165 unmapped 0 cc 0 mappings 304 ... OK rc 0 24.29 ms
timing: #1851 done at t 100.905 s, 25.7 ms after the sync and hints
submit #1852 dcb 1248 dwords at 0x504e02500: pass 151 rewrite 46 drop 45 unmapped 0 cc 6 mappings 304 ... OK rc 0 24.21 ms
timing: #1852 done at t 100.944 s, 27.2 ms after the sync and hints
state stack #1852: push 3 pop 3 conditional 1 unmatched 0; restored 2763 regs (+2811 dwords); tables 11, unreadable 0
flip 1/1 buffer 0x5093f0000 +0x1fe0000: sum 0x17fb17d5f47d nonzero 8100/8160 pattern 0
  target CB0 0x507410000: distinct 53 min 0xc0000000 max 0xc340d034,   target CB0 0x507410000: nonzero 1024/1024
  target CB0 0x563800000: distinct 1 min 0x00000000 max 0x00000000,   target CB0 0x563800000: nonzero 0/1024
  target CB0 0x55c00d000: distinct 4 min 0x00000000 max 0xffffffff,   target CB0 0x55c00d000: nonzero 339/1024
  target CB0 0x5637f0000: distinct 1 min 0x00000000 max 0x00000000,   target CB0 0x5637f0000: nonzero 0/1024
  target CB0 0x526bf0000: distinct 1 min 0x38003800 max 0x38003800,   target CB0 0x526bf0000: nonzero 1024/1024
  target CB0 0x5719a8000: distinct 18 min 0x00000000 max 0xffffffff,   target CB0 0x5719a8000: nonzero 246/1024
  target DB_HTILE 0x5203a0000: distinct 2 min 0x00000000 max 0xfffffff0,   target DB_HTILE 0x5203a0000: nonzero 160/1024
  target DB_Z_READ 0x51db50000: distinct 1 min 0x3f800000 max 0x3f800000,   target DB_Z_READ 0x51db50000: nonzero 1024/1024
  target DB_STENCIL_READ 0x51fb30000: distinct 1 min 0x80800000 max 0x80800000,   target DB_STENCIL_READ 0x51fb30000: nonzero 1024/1024
  target CB0 0x513bf0000: distinct 1 min 0x00000000 max 0x00000000,   target CB0 0x513bf0000: nonzero 0/1024
  target CB0 0x571867000: distinct 20 min 0x00000000 max 0xffffffff,   target CB0 0x571867000: nonzero 359/1024
  target CB0 0x57187b000: distinct 20 min 0x00000000 max 0xffffffff,   target CB0 0x57187b000: nonzero 339/1024
  target CB0 0x519b90000: distinct 1 min 0x80d80333 max 0x80d80333,   target CB0 0x519b90000: nonzero 1024/1024
  target CB0 0x5718eb000: distinct 19 min 0x00000000 max 0xffffffff,   target CB0 0x5718eb000: nonzero 267/1024
  target DB_HTILE 0x55c0e0000: distinct 2 min 0x00000000 max 0xffffffff,   target DB_HTILE 0x55c0e0000: nonzero 192/1024
  target DB_Z_READ 0x527430000: distinct 1 min 0xffffffff max 0xffffffff,   target DB_Z_READ 0x527430000: nonzero 1024/1024
timing: t 100.945 s flip 1/1, VideoOutSubmitFlip took 0.0 ms
  indirect op 16 at 1246: base 0x5074063c0 +0x0 -> 1 1 1 0 0
  indirect op 16 at 1278: base 0x5074063e0 +0x0 -> 1 1 1 0 0
  indirect op 16 at 1310: base 0x50740a520 +0x0 -> 1 1 1 0 0
  indirect op 16 at 1342: base 0x50740a540 +0x0 -> 1 1 1 0 0
  indirect op 25 at 4825: base 0x56ddaffa0 +0x0 -> 1 0 0 0 0
submit #1853 dcb 10440 dwords at 0x502702500: pass 691 rewrite 518 drop 462 unmapped 1 cc 12 mappings 304 ... OK rc 0 29.53 ms
timing: #1853 done at t 100.996 s, 38.9 ms after the sync and hints
state stack #1853: push 6 pop 6 conditional 1 unmatched 0; restored 5526 regs (+5622 dwords); tables 38, unreadable 0
submit #1854 acb 2 dwords at 0xfe003a200: pass 1 rewrite 0 drop 0 unmapped 0 cc 0 mappings 304 ... OK rc 0 22.90 ms
timing: #1854 done at t 101.032 s, 24.1 ms after the sync and hints
submit #1855 acb 49 dwords at 0x4002a8b14: pass 2 rewrite 3 drop 3 unmapped 0 cc 0 mappings 304 ... OK rc 0 22.83 ms
timing: #1855 done at t 101.067 s, 24.1 ms after the sync and hints
submit #1856 cc 3 dwords at 0x313b17cf4: pass 0 rewrite 1 drop 0 unmapped 0 cc 1 mappings 304 ... OK rc 0 22.93 ms
timing: #1856 done at t 101.103 s, 24.1 ms after the sync and hints
submit #1857 hib 150 dwords at 0xfe0000000: pass 12 rewrite 2 drop 2 unmapped 0 cc 2 mappings 304 ... OK rc 0 23.18 ms
timing: #1857 done at t 101.139 s, 24.7 ms after the sync and hints
submit #1858 hib 2 dwords at 0xfe003a200: pass 1 rewrite 0 drop 0 unmapped 0 cc 0 mappings 304 ... OK rc 0 23.14 ms
timing: #1858 done at t 101.175 s, 24.4 ms after the sync and hints
submit #1859 dcb 96 dwords at 0xfe0042920: pass 20 rewrite 2 drop 2 unmapped 0 cc 0 mappings 304 ... OK rc 0 23.15 ms
timing: #1859 done at t 101.211 s, 24.7 ms after the sync and hints
submit #1860 dcb 2647 dwords at 0x504302500: pass 236 rewrite 123 drop 120 unmapped 0 cc 4 mappings 304 ... OK rc 0 23.57 ms
timing: #1860 done at t 101.250 s, 27.0 ms after the sync and hints
state stack #1860: push 2 pop 2 conditional 1 unmatched 0; restored 1842 regs (+1874 dwords); tables 13, unreadable 0
submit #1861 acb 2 dwords at 0xfe003a200: pass 1 rewrite 0 drop 0 unmapped 0 cc 0 mappings 304 ... OK rc 0 23.25 ms
timing: #1861 done at t 101.286 s, 24.5 ms after the sync and hints
submit #1862 dcb 851 dwords at 0x505e02500: pass 47 rewrite 55 drop 45 unmapped 0 cc 0 mappings 304 ... OK rc 0 23.22 ms
timing: #1862 done at t 101.322 s, 24.9 ms after the sync and hints
submit #1863 acb 463 dwords at 0x400526840: pass 43 rewrite 11 drop 27 unmapped 0 cc 0 mappings 304 ... OK rc 0 23.28 ms
timing: #1863 done at t 101.358 s, 24.5 ms after the sync and hints
submit #1864 dcb 798 dwords at 0x506e02500: pass 103 rewrite 35 drop 22 unmapped 0 cc 6 mappings 304 ... acb head: 3413 of 3462 dwords go ahead of the wait at 3413 on 0x400203b80
OK rc 0 24.44 ms
timing: #1864 done at t 101.398 s, 28.4 ms after the sync and hints
state stack #1864: push 3 pop 3 conditional 1 unmatched 0; restored 2763 regs (+2811 dwords); tables 17, unreadable 0
  indirect op 16 at 1640: args 0x74063c0 not mapped, DROPPED
  indirect op 16 at 1738: args 0x74063e0 not mapped, DROPPED
  indirect op 16 at 1833: args 0x74063e0 not mapped, DROPPED
submit #1865 acb 3413 dwords at 0x400345640: pass 331 rewrite 70 drop 165 unmapped 0 cc 0 mappings 304 ... OK rc 0 24.37 ms
timing: #1865 done at t 101.435 s, 25.7 ms after the sync and hints
submit #1866 dcb 1248 dwords at 0x505202500: pass 151 rewrite 46 drop 45 unmapped 0 cc 6 mappings 304 ... OK rc 0 23.25 ms
timing: #1866 done at t 101.473 s, 26.2 ms after the sync and hints
state stack #1866: push 3 pop 3 conditional 1 unmatched 0; restored 2763 regs (+2811 dwords); tables 11, unreadable 0
flip 1/0 buffer 0x507410000 +0x1fe0000: sum 0x17fb17d5f47d nonzero 8100/8160 pattern 0
  target CB0 0x5093f0000: distinct 53 min 0xc0000000 max 0xc340d034,   target CB0 0x5093f0000: nonzero 1024/1024
  target CB0 0x563800000: distinct 1 min 0x00000000 max 0x00000000,   target CB0 0x563800000: nonzero 0/1024
  target CB0 0x55c00d000: distinct 4 min 0x00000000 max 0xffffffff,   target CB0 0x55c00d000: nonzero 339/1024
  target CB0 0x5637f0000: distinct 1 min 0x00000000 max 0x00000000,   target CB0 0x5637f0000: nonzero 0/1024
  target CB0 0x526bf0000: distinct 1 min 0x38003800 max 0x38003800,   target CB0 0x526bf0000: nonzero 1024/1024
  target CB0 0x5719a8000: distinct 18 min 0x00000000 max 0xffffffff,   target CB0 0x5719a8000: nonzero 246/1024
  target DB_HTILE 0x5203a0000: distinct 2 min 0x00000000 max 0xfffffff0,   target DB_HTILE 0x5203a0000: nonzero 160/1024
  target DB_Z_READ 0x51db50000: distinct 1 min 0x3f800000 max 0x3f800000,   target DB_Z_READ 0x51db50000: nonzero 1024/1024
  target DB_STENCIL_READ 0x51fb30000: distinct 1 min 0x80800000 max 0x80800000,   target DB_STENCIL_READ 0x51fb30000: nonzero 1024/1024
  target CB0 0x513bf0000: distinct 1 min 0x00000000 max 0x00000000,   target CB0 0x513bf0000: nonzero 0/1024
  target CB0 0x571867000: distinct 20 min 0x00000000 max 0xffffffff,   target CB0 0x571867000: nonzero 359/1024
  target CB0 0x57187b000: distinct 20 min 0x00000000 max 0xffffffff,   target CB0 0x57187b000: nonzero 339/1024
  target CB0 0x519b90000: distinct 1 min 0x85e683bc max 0x85e683bc,   target CB0 0x519b90000: nonzero 1024/1024
  target CB0 0x5718eb000: distinct 19 min 0x00000000 max 0xffffffff,   target CB0 0x5718eb000: nonzero 267/1024
  target DB_HTILE 0x55c0e0000: distinct 2 min 0x00000000 max 0xffffffff,   target DB_HTILE 0x55c0e0000: nonzero 192/1024
  target DB_Z_READ 0x527430000: distinct 1 min 0xffffffff max 0xffffffff,   target DB_Z_READ 0x527430000: nonzero 1024/1024
timing: t 101.474 s flip 1/0, VideoOutSubmitFlip took 0.0 ms
  indirect op 16 at 1246: base 0x5074063c0 +0x0 -> 1 1 1 0 0
  indirect op 16 at 1278: base 0x5074063e0 +0x0 -> 1 1 1 0 0
  indirect op 16 at 1310: base 0x50740a520 +0x0 -> 1 1 1 0 0
  indirect op 16 at 1342: base 0x50740a540 +0x0 -> 1 1 1 0 0
  indirect op 25 at 4825: base 0x56ddaffa0 +0x0 -> 1 0 0 0 0
submit #1867 dcb 10440 dwords at 0x502e02500: pass 691 rewrite 518 drop 462 unmapped 1 cc 12 mappings 304 ... OK rc 0 29.54 ms
timing: #1867 done at t 101.525 s, 38.6 ms after the sync and hints
state stack #1867: push 6 pop 6 conditional 1 unmatched 0; restored 5526 regs (+5622 dwords); tables 38, unreadable 0
submit #1868 acb 2 dwords at 0xfe003a200: pass 1 rewrite 0 drop 0 unmapped 0 cc 0 mappings 304 ... OK rc 0 22.94 ms
timing: #1868 done at t 101.561 s, 24.2 ms after the sync and hints
submit #1869 acb 49 dwords at 0x400348b94: pass 2 rewrite 3 drop 3 unmapped 0 cc 0 mappings 304 ... OK rc 0 22.87 ms
timing: #1869 done at t 101.596 s, 24.1 ms after the sync and hints
submit #1870 cc 3 dwords at 0x313b17cf4: pass 0 rewrite 1 drop 0 unmapped 0 cc 1 mappings 304 ... OK rc 0 23.05 ms
timing: #1870 done at t 101.632 s, 24.3 ms after the sync and hints
submit #1871 hib 150 dwords at 0xfe0000000: pass 12 rewrite 2 drop 2 unmapped 0 cc 2 mappings 304 ... OK rc 0 23.23 ms
timing: #1871 done at t 101.668 s, 24.8 ms after the sync and hints
submit #1872 hib 2 dwords at 0xfe003a200: pass 1 rewrite 0 drop 0 unmapped 0 cc 0 mappings 304 ... OK rc 0 22.91 ms
timing: #1872 done at t 101.704 s, 24.5 ms after the sync and hints
submit #1873 dcb 96 dwords at 0xfe0042920: pass 20 rewrite 2 drop 2 unmapped 0 cc 0 mappings 304 ... OK rc 0 22.96 ms
timing: #1873 done at t 101.740 s, 24.5 ms after the sync and hints
submit #1874 dcb 2647 dwords at 0x503502500: pass 236 rewrite 123 drop 120 unmapped 0 cc 4 mappings 304 ... OK rc 0 23.43 ms
timing: #1874 done at t 101.779 s, 26.9 ms after the sync and hints
state stack #1874: push 2 pop 2 conditional 1 unmatched 0; restored 1842 regs (+1874 dwords); tables 13, unreadable 0
submit #1875 dcb 851 dwords at 0x505602500: pass 47 rewrite 55 drop 45 unmapped 0 cc 0 mappings 304 ... OK rc 0 23.06 ms
timing: #1875 done at t 101.815 s, 24.7 ms after the sync and hints
submit #1876 acb 2 dwords at 0xfe003a200: pass 1 rewrite 0 drop 0 unmapped 0 cc 0 mappings 304 ... OK rc 0 22.93 ms
timing: #1876 done at t 101.851 s, 24.1 ms after the sync and hints
submit #1877 acb 463 dwords at 0x4003e6740: pass 43 rewrite 11 drop 27 unmapped 0 cc 0 mappings 304 ... OK rc 0 23.22 ms
timing: #1877 done at t 101.886 s, 24.4 ms after the sync and hints
submit #1878 dcb 798 dwords at 0x506202500: pass 103 rewrite 35 drop 22 unmapped 0 cc 6 mappings 304 ... acb head: 3413 of 3462 dwords go ahead of the wait at 3413 on 0x400202380
OK rc 0 23.90 ms
timing: #1878 done at t 101.926 s, 27.7 ms after the sync and hints
state stack #1878: push 3 pop 3 conditional 1 unmatched 0; restored 2763 regs (+2811 dwords); tables 17, unreadable 0
  indirect op 16 at 1640: args 0x74063c0 not mapped, DROPPED
  indirect op 16 at 1738: args 0x74063e0 not mapped, DROPPED
  indirect op 16 at 1833: args 0x74063e0 not mapped, DROPPED
submit #1879 acb 3413 dwords at 0x400205540: pass 331 rewrite 70 drop 165 unmapped 0 cc 0 mappings 304 ... OK rc 0 24.28 ms
timing: #1879 done at t 101.963 s, 25.6 ms after the sync and hints
submit #1880 dcb 1248 dwords at 0x504a02500: pass 151 rewrite 46 drop 45 unmapped 0 cc 6 mappings 304 ... OK rc 0 23.37 ms
timing: #1880 done at t 102.000 s, 26.3 ms after the sync and hints
state stack #1880: push 3 pop 3 conditional 1 unmatched 0; restored 2763 regs (+2811 dwords); tables 11, unreadable 0
flip 1/1 buffer 0x5093f0000 +0x1fe0000: sum 0x17fb17d5f47d nonzero 8100/8160 pattern 0
  target CB0 0x507410000: distinct 53 min 0xc0000000 max 0xc340d034,   target CB0 0x507410000: nonzero 1024/1024
  target CB0 0x563800000: distinct 1 min 0x00000000 max 0x00000000,   target CB0 0x563800000: nonzero 0/1024
  target CB0 0x55c00d000: distinct 4 min 0x00000000 max 0xffffffff,   target CB0 0x55c00d000: nonzero 339/1024
  target CB0 0x5637f0000: distinct 1 min 0x00000000 max 0x00000000,   target CB0 0x5637f0000: nonzero 0/1024
  target CB0 0x526bf0000: distinct 1 min 0x38003800 max 0x38003800,   target CB0 0x526bf0000: nonzero 1024/1024
  target CB0 0x5719a8000: distinct 18 min 0x00000000 max 0xffffffff,   target CB0 0x5719a8000: nonzero 246/1024
  target DB_HTILE 0x5203a0000: distinct 2 min 0x00000000 max 0xfffffff0,   target DB_HTILE 0x5203a0000: nonzero 160/1024
  target DB_Z_READ 0x51db50000: distinct 1 min 0x3f800000 max 0x3f800000,   target DB_Z_READ 0x51db50000: nonzero 1024/1024
  target DB_STENCIL_READ 0x51fb30000: distinct 1 min 0x80800000 max 0x80800000,   target DB_STENCIL_READ 0x51fb30000: nonzero 1024/1024
  target CB0 0x513bf0000: distinct 1 min 0x00000000 max 0x00000000,   target CB0 0x513bf0000: nonzero 0/1024
  target CB0 0x571867000: distinct 20 min 0x00000000 max 0xffffffff,   target CB0 0x571867000: nonzero 359/1024
  target CB0 0x57187b000: distinct 20 min 0x00000000 max 0xffffffff,   target CB0 0x57187b000: nonzero 339/1024
  target CB0 0x519b90000: distinct 1 min 0x07060089 max 0x07060089,   target CB0 0x519b90000: nonzero 1024/1024
  target CB0 0x5718eb000: distinct 19 min 0x00000000 max 0xffffffff,   target CB0 0x5718eb000: nonzero 267/1024
  target DB_HTILE 0x55c0e0000: distinct 2 min 0x00000000 max 0xffffffff,   target DB_HTILE 0x55c0e0000: nonzero 192/1024
  target DB_Z_READ 0x527430000: distinct 1 min 0xffffffff max 0xffffffff,   target DB_Z_READ 0x527430000: nonzero 1024/1024
timing: t 102.001 s flip 1/1, VideoOutSubmitFlip took 0.0 ms
  indirect op 16 at 1246: base 0x5074063c0 +0x0 -> 1 1 1 0 0
  indirect op 16 at 1278: base 0x5074063e0 +0x0 -> 1 1 1 0 0
  indirect op 16 at 1310: base 0x50740a520 +0x0 -> 1 1 1 0 0
  indirect op 16 at 1342: base 0x50740a540 +0x0 -> 1 1 1 0 0
  indirect op 25 at 4825: base 0x56ddaffa0 +0x0 -> 1 0 0 0 0
submit #1881 dcb 10440 dwords at 0x502002500: pass 691 rewrite 518 drop 462 unmapped 1 cc 12 mappings 304 ... OK rc 0 29.16 ms
timing: #1881 done at t 102.052 s, 38.5 ms after the sync and hints
state stack #1881: push 6 pop 6 conditional 1 unmatched 0; restored 5526 regs (+5622 dwords); tables 38, unreadable 0
submit #1882 acb 2 dwords at 0xfe003a200: pass 1 rewrite 0 drop 0 unmapped 0 cc 0 mappings 304 ... OK rc 0 23.23 ms
timing: #1882 done at t 102.088 s, 24.4 ms after the sync and hints
submit #1883 acb 49 dwords at 0x400208a94: pass 2 rewrite 3 drop 3 unmapped 0 cc 0 mappings 304 ... OK rc 0 23.04 ms
timing: #1883 done at t 102.124 s, 24.3 ms after the sync and hints
submit #1884 cc 3 dwords at 0x313b17cf4: pass 0 rewrite 1 drop 0 unmapped 0 cc 1 mappings 304 ... OK rc 0 23.18 ms
timing: #1884 done at t 102.160 s, 24.4 ms after the sync and hints
submit #1885 hib 150 dwords at 0xfe0000000: pass 12 rewrite 2 drop 2 unmapped 0 cc 2 mappings 304 ... OK rc 0 22.80 ms
timing: #1885 done at t 102.195 s, 24.4 ms after the sync and hints
submit #1886 hib 2 dwords at 0xfe003a200: pass 1 rewrite 0 drop 0 unmapped 0 cc 0 mappings 304 ... OK rc 0 22.89 ms
timing: #1886 done at t 102.231 s, 24.1 ms after the sync and hints
submit #1887 dcb 96 dwords at 0xfe0042920: pass 20 rewrite 2 drop 2 unmapped 0 cc 0 mappings 304 ... OK rc 0 22.94 ms
timing: #1887 done at t 102.267 s, 24.5 ms after the sync and hints
submit #1888 dcb 2647 dwords at 0x503c02500: pass 236 rewrite 123 drop 120 unmapped 0 cc 4 mappings 304 ... OK rc 0 23.54 ms
timing: #1888 done at t 102.305 s, 27.0 ms after the sync and hints
state stack #1888: push 2 pop 2 conditional 1 unmatched 0; restored 1842 regs (+1874 dwords); tables 13, unreadable 0
submit #1889 dcb 851 dwords at 0x505a02500: pass 47 rewrite 55 drop 45 unmapped 0 cc 0 mappings 304 ... OK rc 0 22.98 ms
timing: #1889 done at t 102.342 s, 24.7 ms after the sync and hints
submit #1890 acb 2 dwords at 0xfe003a200: pass 1 rewrite 0 drop 0 unmapped 0 cc 0 mappings 304 ... OK rc 0 22.83 ms
timing: #1890 done at t 102.377 s, 24.1 ms after the sync and hints
submit #1891 acb 463 dwords at 0x4004867c0: pass 43 rewrite 11 drop 27 unmapped 0 cc 0 mappings 304 ... OK rc 0 23.62 ms
timing: #1891 done at t 102.413 s, 24.9 ms after the sync and hints
submit #1892 dcb 798 dwords at 0x506802500: pass 103 rewrite 35 drop 22 unmapped 0 cc 6 mappings 304 ... acb head: 3413 of 3462 dwords go ahead of the wait at 3413 on 0x400202f80
OK rc 0 23.66 ms
timing: #1892 done at t 102.452 s, 27.5 ms after the sync and hints
state stack #1892: push 3 pop 3 conditional 1 unmatched 0; restored 2763 regs (+2811 dwords); tables 17, unreadable 0
  indirect op 16 at 1640: args 0x74063c0 not mapped, DROPPED
  indirect op 16 at 1738: args 0x74063e0 not mapped, DROPPED
  indirect op 16 at 1833: args 0x74063e0 not mapped, DROPPED
submit #1893 acb 3413 dwords at 0x4002a55c0: pass 331 rewrite 70 drop 165 unmapped 0 cc 0 mappings 304 ... OK rc 0 24.39 ms
timing: #1893 done at t 102.490 s, 25.8 ms after the sync and hints
submit #1894 dcb 1248 dwords at 0x504e02500: pass 151 rewrite 46 drop 45 unmapped 0 cc 6 mappings 304 ... OK rc 0 23.20 ms
timing: #1894 done at t 102.528 s, 26.2 ms after the sync and hints
state stack #1894: push 3 pop 3 conditional 1 unmatched 0; restored 2763 regs (+2811 dwords); tables 11, unreadable 0
flip 1/0 buffer 0x507410000 +0x1fe0000: sum 0x17fb17d5f47d nonzero 8100/8160 pattern 0
  target CB0 0x5093f0000: distinct 53 min 0xc0000000 max 0xc340d034,   target CB0 0x5093f0000: nonzero 1024/1024
  target CB0 0x563800000: distinct 1 min 0x00000000 max 0x00000000,   target CB0 0x563800000: nonzero 0/1024
  target CB0 0x55c00d000: distinct 4 min 0x00000000 max 0xffffffff,   target CB0 0x55c00d000: nonzero 339/1024
  target CB0 0x5637f0000: distinct 1 min 0x00000000 max 0x00000000,   target CB0 0x5637f0000: nonzero 0/1024
  target CB0 0x526bf0000: distinct 1 min 0x38003800 max 0x38003800,   target CB0 0x526bf0000: nonzero 1024/1024
  target CB0 0x5719a8000: distinct 18 min 0x00000000 max 0xffffffff,   target CB0 0x5719a8000: nonzero 246/1024
  target DB_HTILE 0x5203a0000: distinct 2 min 0x00000000 max 0xfffffff0,   target DB_HTILE 0x5203a0000: nonzero 160/1024
  target DB_Z_READ 0x51db50000: distinct 1 min 0x3f800000 max 0x3f800000,   target DB_Z_READ 0x51db50000: nonzero 1024/1024
  target DB_STENCIL_READ 0x51fb30000: distinct 1 min 0x80800000 max 0x80800000,   target DB_STENCIL_READ 0x51fb30000: nonzero 1024/1024
  target CB0 0x513bf0000: distinct 1 min 0x00000000 max 0x00000000,   target CB0 0x513bf0000: nonzero 0/1024
  target CB0 0x571867000: distinct 20 min 0x00000000 max 0xffffffff,   target CB0 0x571867000: nonzero 359/1024
  target CB0 0x57187b000: distinct 20 min 0x00000000 max 0xffffffff,   target CB0 0x57187b000: nonzero 339/1024
  target CB0 0x519b90000: distinct 1 min 0x01f7819a max 0x01f7819a,   target CB0 0x519b90000: nonzero 1024/1024
  target CB0 0x5718eb000: distinct 19 min 0x00000000 max 0xffffffff,   target CB0 0x5718eb000: nonzero 267/1024
  target DB_HTILE 0x55c0e0000: distinct 2 min 0x00000000 max 0xffffffff,   target DB_HTILE 0x55c0e0000: nonzero 192/1024
  target DB_Z_READ 0x527430000: distinct 1 min 0xffffffff max 0xffffffff,   target DB_Z_READ 0x527430000: nonzero 1024/1024
timing: t 102.529 s flip 1/0, VideoOutSubmitFlip took 0.0 ms
  indirect op 16 at 1246: base 0x5074063c0 +0x0 -> 1 1 1 0 0
  indirect op 16 at 1278: base 0x5074063e0 +0x0 -> 1 1 1 0 0
  indirect op 16 at 1310: base 0x50740a520 +0x0 -> 1 1 1 0 0
  indirect op 16 at 1342: base 0x50740a540 +0x0 -> 1 1 1 0 0
  indirect op 25 at 4825: base 0x56ddaffa0 +0x0 -> 1 0 0 0 0
submit #1895 dcb 10440 dwords at 0x502702500: pass 691 rewrite 518 drop 462 unmapped 1 cc 12 mappings 304 ... OK rc 0 29.17 ms
timing: #1895 done at t 102.579 s, 38.4 ms after the sync and hints
state stack #1895: push 6 pop 6 conditional 1 unmatched 0; restored 5526 regs (+5622 dwords); tables 38, unreadable 0
submit #1896 acb 2 dwords at 0xfe003a200: pass 1 rewrite 0 drop 0 unmapped 0 cc 0 mappings 304 ... OK rc 0 22.98 ms
timing: #1896 done at t 102.615 s, 24.3 ms after the sync and hints
submit #1897 acb 49 dwords at 0x4002a8b14: pass 2 rewrite 3 drop 3 unmapped 0 cc 0 mappings 304 ... OK rc 0 23.23 ms
timing: #1897 done at t 102.651 s, 24.4 ms after the sync and hints
submit #1898 cc 3 dwords at 0x313b17cf4: pass 0 rewrite 1 drop 0 unmapped 0 cc 1 mappings 304 ... OK rc 0 22.98 ms
timing: #1898 done at t 102.686 s, 24.2 ms after the sync and hints
submit #1899 hib 150 dwords at 0xfe0000000: pass 12 rewrite 2 drop 2 unmapped 0 cc 2 mappings 304 ... OK rc 0 23.07 ms
timing: #1899 done at t 102.722 s, 24.8 ms after the sync and hints
submit #1900 hib 2 dwords at 0xfe003a200: pass 1 rewrite 0 drop 0 unmapped 0 cc 0 mappings 304 ... OK rc 0 22.90 ms
timing: #1900 done at t 102.758 s, 24.1 ms after the sync and hints
submit #1901 dcb 96 dwords at 0xfe0042920: pass 20 rewrite 2 drop 2 unmapped 0 cc 0 mappings 304 ... OK rc 0 22.87 ms
timing: #1901 done at t 102.794 s, 24.4 ms after the sync and hints
submit #1902 dcb 2647 dwords at 0x504302500: pass 236 rewrite 123 drop 120 unmapped 0 cc 4 mappings 304 ... OK rc 0 23.38 ms
timing: #1902 done at t 102.832 s, 26.9 ms after the sync and hints
state stack #1902: push 2 pop 2 conditional 1 unmatched 0; restored 1842 regs (+1874 dwords); tables 13, unreadable 0
submit #1903 dcb 851 dwords at 0x505e02500: pass 47 rewrite 55 drop 45 unmapped 0 cc 0 mappings 304 ... OK rc 0 22.89 ms
timing: #1903 done at t 102.868 s, 24.5 ms after the sync and hints
submit #1904 acb 2 dwords at 0xfe003a200: pass 1 rewrite 0 drop 0 unmapped 0 cc 0 mappings 304 ... OK rc 0 22.89 ms
timing: #1904 done at t 102.904 s, 24.1 ms after the sync and hints
submit #1905 acb 463 dwords at 0x400526840: pass 43 rewrite 11 drop 27 unmapped 0 cc 0 mappings 304 ... OK rc 0 23.34 ms
timing: #1905 done at t 102.940 s, 24.6 ms after the sync and hints
submit #1906 dcb 798 dwords at 0x506e02500: pass 103 rewrite 35 drop 22 unmapped 0 cc 6 mappings 304 ... acb head: 3413 of 3462 dwords go ahead of the wait at 3413 on 0x400203b80
OK rc 0 23.72 ms
timing: #1906 done at t 102.980 s, 27.6 ms after the sync and hints
state stack #1906: push 3 pop 3 conditional 1 unmatched 0; restored 2763 regs (+2811 dwords); tables 17, unreadable 0
  indirect op 16 at 1640: args 0x74063c0 not mapped, DROPPED
  indirect op 16 at 1738: args 0x74063e0 not mapped, DROPPED
  indirect op 16 at 1833: args 0x74063e0 not mapped, DROPPED
submit #1907 acb 3413 dwords at 0x400345640: pass 331 rewrite 70 drop 165 unmapped 0 cc 0 mappings 304 ... OK rc 0 25.06 ms
timing: #1907 done at t 103.036 s, 43.1 ms after the sync and hints
submit #1908 dcb 1248 dwords at 0x505202500: pass 151 rewrite 46 drop 45 unmapped 0 cc 6 mappings 304 ... OK rc 0 24.89 ms
timing: #1908 done at t 103.075 s, 27.9 ms after the sync and hints
state stack #1908: push 3 pop 3 conditional 1 unmatched 0; restored 2763 regs (+2811 dwords); tables 11, unreadable 0
flip 1/1 buffer 0x5093f0000 +0x1fe0000: sum 0x17fb17d5f47d nonzero 8100/8160 pattern 0
  target CB0 0x507410000: distinct 53 min 0xc0000000 max 0xc340d034,   target CB0 0x507410000: nonzero 1024/1024
  target CB0 0x563800000: distinct 1 min 0x00000000 max 0x00000000,   target CB0 0x563800000: nonzero 0/1024
  target CB0 0x55c00d000: distinct 4 min 0x00000000 max 0xffffffff,   target CB0 0x55c00d000: nonzero 339/1024
  target CB0 0x5637f0000: distinct 1 min 0x00000000 max 0x00000000,   target CB0 0x5637f0000: nonzero 0/1024
  target CB0 0x526bf0000: distinct 1 min 0x38003800 max 0x38003800,   target CB0 0x526bf0000: nonzero 1024/1024
  target CB0 0x5719a8000: distinct 18 min 0x00000000 max 0xffffffff,   target CB0 0x5719a8000: nonzero 246/1024
  target DB_HTILE 0x5203a0000: distinct 2 min 0x00000000 max 0xfffffff0,   target DB_HTILE 0x5203a0000: nonzero 160/1024
  target DB_Z_READ 0x51db50000: distinct 1 min 0x3f800000 max 0x3f800000,   target DB_Z_READ 0x51db50000: nonzero 1024/1024
  target DB_STENCIL_READ 0x51fb30000: distinct 1 min 0x80800000 max 0x80800000,   target DB_STENCIL_READ 0x51fb30000: nonzero 1024/1024
  target CB0 0x513bf0000: distinct 1 min 0x00000000 max 0x00000000,   target CB0 0x513bf0000: nonzero 0/1024
  target CB0 0x571867000: distinct 20 min 0x00000000 max 0xffffffff,   target CB0 0x571867000: nonzero 359/1024
  target CB0 0x57187b000: distinct 20 min 0x00000000 max 0xffffffff,   target CB0 0x57187b000: nonzero 339/1024
  target CB0 0x519b90000: distinct 1 min 0x831702ab max 0x831702ab,   target CB0 0x519b90000: nonzero 1024/1024
  target CB0 0x5718eb000: distinct 19 min 0x00000000 max 0xffffffff,   target CB0 0x5718eb000: nonzero 267/1024
  target DB_HTILE 0x55c0e0000: distinct 2 min 0x00000000 max 0xffffffff,   target DB_HTILE 0x55c0e0000: nonzero 192/1024
  target DB_Z_READ 0x527430000: distinct 1 min 0xffffffff max 0xffffffff,   target DB_Z_READ 0x527430000: nonzero 1024/1024
timing: t 103.076 s flip 1/1, VideoOutSubmitFlip took 0.0 ms
  indirect op 16 at 1246: base 0x5074063c0 +0x0 -> 1 1 1 0 0
  indirect op 16 at 1278: base 0x5074063e0 +0x0 -> 1 1 1 0 0
  indirect op 16 at 1310: base 0x50740a520 +0x0 -> 1 1 1 0 0
  indirect op 16 at 1342: base 0x50740a540 +0x0 -> 1 1 1 0 0
  indirect op 25 at 4825: base 0x56ddaffa0 +0x0 -> 1 0 0 0 0
submit #1909 dcb 10440 dwords at 0x502e02500: pass 691 rewrite 518 drop 462 unmapped 1 cc 12 mappings 304 ... OK rc 0 29.96 ms
timing: #1909 done at t 103.127 s, 39.3 ms after the sync and hints
state stack #1909: push 6 pop 6 conditional 1 unmatched 0; restored 5526 regs (+5622 dwords); tables 38, unreadable 0
submit #1910 acb 2 dwords at 0xfe003a200: pass 1 rewrite 0 drop 0 unmapped 0 cc 0 mappings 304 ... OK rc 0 22.77 ms
timing: #1910 done at t 103.163 s, 24.0 ms after the sync and hints
swapped pages taken as resident so far: 0
vmas 115 total 13079.0 MiB resident 5031.1 MiB mapped 5031.2 MiB
submit #1911 acb 49 dwords at 0x400348b94: pass 2 rewrite 3 drop 3 unmapped 0 cc 0 mappings 305 ... OK rc 0 22.73 ms
timing: #1911 done at t 103.198 s, 23.8 ms after the sync and hints
submit #1912 cc 3 dwords at 0x313b17cf4: pass 0 rewrite 1 drop 0 unmapped 0 cc 1 mappings 305 ... OK rc 0 22.79 ms
timing: #1912 done at t 103.234 s, 24.2 ms after the sync and hints
submit #1913 hib 150 dwords at 0xfe0000000: pass 12 rewrite 2 drop 2 unmapped 0 cc 2 mappings 305 ... OK rc 0 22.81 ms
timing: #1913 done at t 103.269 s, 24.3 ms after the sync and hints
submit #1914 hib 2 dwords at 0xfe003a200: pass 1 rewrite 0 drop 0 unmapped 0 cc 0 mappings 305 ... OK rc 0 22.83 ms
timing: #1914 done at t 103.304 s, 24.0 ms after the sync and hints
submit #1915 dcb 96 dwords at 0xfe0042920: pass 20 rewrite 2 drop 2 unmapped 0 cc 0 mappings 305 ... OK rc 0 22.83 ms
timing: #1915 done at t 103.340 s, 24.3 ms after the sync and hints
submit #1916 dcb 2647 dwords at 0x503502500: pass 236 rewrite 123 drop 120 unmapped 0 cc 4 mappings 305 ... OK rc 0 23.54 ms
timing: #1916 done at t 103.379 s, 27.0 ms after the sync and hints
state stack #1916: push 2 pop 2 conditional 1 unmatched 0; restored 1842 regs (+1874 dwords); tables 13, unreadable 0
submit #1917 dcb 851 dwords at 0x505602500: pass 47 rewrite 55 drop 45 unmapped 0 cc 0 mappings 305 ... OK rc 0 22.83 ms
timing: #1917 done at t 103.415 s, 24.5 ms after the sync and hints
submit #1918 acb 2 dwords at 0xfe003a200: pass 1 rewrite 0 drop 0 unmapped 0 cc 0 mappings 305 ... OK rc 0 22.81 ms
timing: #1918 done at t 103.450 s, 24.0 ms after the sync and hints
submit #1919 acb 463 dwords at 0x4003e6740: pass 43 rewrite 11 drop 27 unmapped 0 cc 0 mappings 305 ... OK rc 0 23.12 ms
timing: #1919 done at t 103.486 s, 24.3 ms after the sync and hints
submit #1920 dcb 798 dwords at 0x506202500: pass 103 rewrite 35 drop 22 unmapped 0 cc 6 mappings 305 ... acb head: 3413 of 3462 dwords go ahead of the wait at 3413 on 0x400202380
OK rc 0 23.73 ms
timing: #1920 done at t 103.525 s, 27.6 ms after the sync and hints
state stack #1920: push 3 pop 3 conditional 1 unmatched 0; restored 2763 regs (+2811 dwords); tables 17, unreadable 0
  indirect op 16 at 1640: args 0x74063c0 not mapped, DROPPED
  indirect op 16 at 1738: args 0x74063e0 not mapped, DROPPED
  indirect op 16 at 1833: args 0x74063e0 not mapped, DROPPED
submit #1921 acb 3413 dwords at 0x400205540: pass 331 rewrite 70 drop 165 unmapped 0 cc 0 mappings 305 ... OK rc 0 24.34 ms
timing: #1921 done at t 103.562 s, 25.6 ms after the sync and hints
submit #1922 dcb 1248 dwords at 0x504a02500: pass 151 rewrite 46 drop 45 unmapped 0 cc 6 mappings 305 ... OK rc 0 23.00 ms
timing: #1922 done at t 103.600 s, 26.1 ms after the sync and hints
state stack #1922: push 3 pop 3 conditional 1 unmatched 0; restored 2763 regs (+2811 dwords); tables 11, unreadable 0
flip 1/0 buffer 0x507410000 +0x1fe0000: sum 0x17fb17d5f47d nonzero 8100/8160 pattern 0
  target CB0 0x5093f0000: distinct 53 min 0xc0000000 max 0xc340d034,   target CB0 0x5093f0000: nonzero 1024/1024
  target CB0 0x563800000: distinct 1 min 0x00000000 max 0x00000000,   target CB0 0x563800000: nonzero 0/1024
  target CB0 0x55c00d000: distinct 4 min 0x00000000 max 0xffffffff,   target CB0 0x55c00d000: nonzero 339/1024
  target CB0 0x5637f0000: distinct 1 min 0x00000000 max 0x00000000,   target CB0 0x5637f0000: nonzero 0/1024
  target CB0 0x526bf0000: distinct 1 min 0x38003800 max 0x38003800,   target CB0 0x526bf0000: nonzero 1024/1024
  target CB0 0x5719a8000: distinct 18 min 0x00000000 max 0xffffffff,   target CB0 0x5719a8000: nonzero 246/1024
  target DB_HTILE 0x5203a0000: distinct 2 min 0x00000000 max 0xfffffff0,   target DB_HTILE 0x5203a0000: nonzero 160/1024
  target DB_Z_READ 0x51db50000: distinct 1 min 0x3f800000 max 0x3f800000,   target DB_Z_READ 0x51db50000: nonzero 1024/1024
  target DB_STENCIL_READ 0x51fb30000: distinct 1 min 0x80800000 max 0x80800000,   target DB_STENCIL_READ 0x51fb30000: nonzero 1024/1024
  target CB0 0x513bf0000: distinct 1 min 0x00000000 max 0x00000000,   target CB0 0x513bf0000: nonzero 0/1024
  target CB0 0x571867000: distinct 20 min 0x00000000 max 0xffffffff,   target CB0 0x571867000: nonzero 359/1024
  target CB0 0x57187b000: distinct 20 min 0x00000000 max 0xffffffff,   target CB0 0x57187b000: nonzero 339/1024
  target CB0 0x519b90000: distinct 1 min 0x055682ab max 0x055682ab,   target CB0 0x519b90000: nonzero 1024/1024
  target CB0 0x5718eb000: distinct 19 min 0x00000000 max 0xffffffff,   target CB0 0x5718eb000: nonzero 267/1024
  target DB_HTILE 0x55c0e0000: distinct 2 min 0x00000000 max 0xffffffff,   target DB_HTILE 0x55c0e0000: nonzero 192/1024
  target DB_Z_READ 0x527430000: distinct 1 min 0xffffffff max 0xffffffff,   target DB_Z_READ 0x527430000: nonzero 1024/1024
timing: t 103.601 s flip 1/0, VideoOutSubmitFlip took 0.0 ms
  indirect op 16 at 1246: base 0x5074063c0 +0x0 -> 1 1 1 0 0
  indirect op 16 at 1278: base 0x5074063e0 +0x0 -> 1 1 1 0 0
  indirect op 16 at 1310: base 0x50740a520 +0x0 -> 1 1 1 0 0
  indirect op 16 at 1342: base 0x50740a540 +0x0 -> 1 1 1 0 0
  indirect op 25 at 4825: base 0x56ddaffa0 +0x0 -> 1 0 0 0 0
submit #1923 dcb 10440 dwords at 0x502002500: pass 691 rewrite 518 drop 462 unmapped 1 cc 12 mappings 305 ... OK rc 0 29.13 ms
timing: #1923 done at t 103.651 s, 38.2 ms after the sync and hints
state stack #1923: push 6 pop 6 conditional 1 unmatched 0; restored 5526 regs (+5622 dwords); tables 38, unreadable 0
submit #1924 acb 2 dwords at 0xfe003a200: pass 1 rewrite 0 drop 0 unmapped 0 cc 0 mappings 305 ... OK rc 0 22.88 ms
timing: #1924 done at t 103.687 s, 24.1 ms after the sync and hints
submit #1925 acb 49 dwords at 0x400208a94: pass 2 rewrite 3 drop 3 unmapped 0 cc 0 mappings 305 ... OK rc 0 22.79 ms
timing: #1925 done at t 103.722 s, 24.0 ms after the sync and hints
submit #1926 cc 3 dwords at 0x313b17cf4: pass 0 rewrite 1 drop 0 unmapped 0 cc 1 mappings 305 ... OK rc 0 22.96 ms
timing: #1926 done at t 103.758 s, 24.2 ms after the sync and hints
submit #1927 hib 150 dwords at 0xfe0000000: pass 12 rewrite 2 drop 2 unmapped 0 cc 2 mappings 305 ... OK rc 0 23.08 ms
timing: #1927 done at t 103.794 s, 24.6 ms after the sync and hints
submit #1928 hib 2 dwords at 0xfe003a200: pass 1 rewrite 0 drop 0 unmapped 0 cc 0 mappings 305 ... OK rc 0 22.80 ms
timing: #1928 done at t 103.829 s, 24.0 ms after the sync and hints
submit #1929 dcb 96 dwords at 0xfe0042920: pass 20 rewrite 2 drop 2 unmapped 0 cc 0 mappings 305 ... OK rc 0 22.81 ms
timing: #1929 done at t 103.865 s, 24.3 ms after the sync and hints
submit #1930 dcb 2647 dwords at 0x503c02500: pass 236 rewrite 123 drop 120 unmapped 0 cc 4 mappings 305 ... OK rc 0 23.19 ms
timing: #1930 done at t 103.903 s, 26.6 ms after the sync and hints
state stack #1930: push 2 pop 2 conditional 1 unmatched 0; restored 1842 regs (+1874 dwords); tables 13, unreadable 0
submit #1931 acb 2 dwords at 0xfe003a200: pass 1 rewrite 0 drop 0 unmapped 0 cc 0 mappings 305 ... OK rc 0 22.97 ms
timing: #1931 done at t 103.939 s, 24.1 ms after the sync and hints
submit #1932 dcb 851 dwords at 0x505a02500: pass 47 rewrite 55 drop 45 unmapped 0 cc 0 mappings 305 ... OK rc 0 23.22 ms
timing: #1932 done at t 103.975 s, 24.9 ms after the sync and hints
submit #1933 acb 463 dwords at 0x4004867c0: pass 43 rewrite 11 drop 27 unmapped 0 cc 0 mappings 305 ... OK rc 0 23.30 ms
timing: #1933 done at t 104.011 s, 24.5 ms after the sync and hints
submit #1934 dcb 798 dwords at 0x506802500: pass 103 rewrite 35 drop 22 unmapped 0 cc 6 mappings 305 ... acb head: 3413 of 3462 dwords go ahead of the wait at 3413 on 0x400202f80
OK rc 0 23.63 ms
timing: #1934 done at t 104.050 s, 27.3 ms after the sync and hints
state stack #1934: push 3 pop 3 conditional 1 unmatched 0; restored 2763 regs (+2811 dwords); tables 17, unreadable 0
  indirect op 16 at 1640: args 0x74063c0 not mapped, DROPPED
  indirect op 16 at 1738: args 0x74063e0 not mapped, DROPPED
  indirect op 16 at 1833: args 0x74063e0 not mapped, DROPPED
submit #1935 acb 3413 dwords at 0x4002a55c0: pass 331 rewrite 70 drop 165 unmapped 0 cc 0 mappings 305 ... OK rc 0 24.46 ms
timing: #1935 done at t 104.087 s, 25.8 ms after the sync and hints
submit #1936 dcb 1248 dwords at 0x504e02500: pass 151 rewrite 46 drop 45 unmapped 0 cc 6 mappings 305 ... OK rc 0 22.94 ms
timing: #1936 done at t 104.124 s, 25.9 ms after the sync and hints
state stack #1936: push 3 pop 3 conditional 1 unmatched 0; restored 2763 regs (+2811 dwords); tables 11, unreadable 0
flip 1/1 buffer 0x5093f0000 +0x1fe0000: sum 0x17fb17d5f47d nonzero 8100/8160 pattern 0
  target CB0 0x507410000: distinct 53 min 0xc0000000 max 0xc340d034,   target CB0 0x507410000: nonzero 1024/1024
  target CB0 0x563800000: distinct 1 min 0x00000000 max 0x00000000,   target CB0 0x563800000: nonzero 0/1024
  target CB0 0x55c00d000: distinct 4 min 0x00000000 max 0xffffffff,   target CB0 0x55c00d000: nonzero 339/1024
  target CB0 0x5637f0000: distinct 1 min 0x00000000 max 0x00000000,   target CB0 0x5637f0000: nonzero 0/1024
  target CB0 0x526bf0000: distinct 1 min 0x38003800 max 0x38003800,   target CB0 0x526bf0000: nonzero 1024/1024
  target CB0 0x5719a8000: distinct 18 min 0x00000000 max 0xffffffff,   target CB0 0x5719a8000: nonzero 246/1024
  target DB_HTILE 0x5203a0000: distinct 2 min 0x00000000 max 0xfffffff0,   target DB_HTILE 0x5203a0000: nonzero 160/1024
  target DB_Z_READ 0x51db50000: distinct 1 min 0x3f800000 max 0x3f800000,   target DB_Z_READ 0x51db50000: nonzero 1024/1024
  target DB_STENCIL_READ 0x51fb30000: distinct 1 min 0x80800000 max 0x80800000,   target DB_STENCIL_READ 0x51fb30000: nonzero 1024/1024
  target CB0 0x513bf0000: distinct 1 min 0x00000000 max 0x00000000,   target CB0 0x513bf0000: nonzero 0/1024
  target CB0 0x571867000: distinct 20 min 0x00000000 max 0xffffffff,   target CB0 0x571867000: nonzero 359/1024
  target CB0 0x57187b000: distinct 20 min 0x00000000 max 0xffffffff,   target CB0 0x57187b000: nonzero 339/1024
  target CB0 0x519b90000: distinct 1 min 0x0048019a max 0x0048019a,   target CB0 0x519b90000: nonzero 1024/1024
  target CB0 0x5718eb000: distinct 19 min 0x00000000 max 0xffffffff,   target CB0 0x5718eb000: nonzero 267/1024
  target DB_HTILE 0x55c0e0000: distinct 2 min 0x00000000 max 0xffffffff,   target DB_HTILE 0x55c0e0000: nonzero 192/1024
  target DB_Z_READ 0x527430000: distinct 1 min 0xffffffff max 0xffffffff,   target DB_Z_READ 0x527430000: nonzero 1024/1024
timing: t 104.125 s flip 1/1, VideoOutSubmitFlip took 0.0 ms
  indirect op 16 at 1246: base 0x5074063c0 +0x0 -> 1 1 1 0 0
  indirect op 16 at 1278: base 0x5074063e0 +0x0 -> 1 1 1 0 0
  indirect op 16 at 1310: base 0x50740a520 +0x0 -> 1 1 1 0 0
  indirect op 16 at 1342: base 0x50740a540 +0x0 -> 1 1 1 0 0
  indirect op 25 at 4825: base 0x56ddaffa0 +0x0 -> 1 0 0 0 0
submit #1937 dcb 10440 dwords at 0x502702500: pass 691 rewrite 518 drop 462 unmapped 1 cc 12 mappings 305 ... OK rc 0 28.97 ms
timing: #1937 done at t 104.175 s, 38.0 ms after the sync and hints
state stack #1937: push 6 pop 6 conditional 1 unmatched 0; restored 5526 regs (+5622 dwords); tables 38, unreadable 0
submit #1938 acb 2 dwords at 0xfe003a200: pass 1 rewrite 0 drop 0 unmapped 0 cc 0 mappings 305 ... OK rc 0 22.85 ms
timing: #1938 done at t 104.211 s, 24.0 ms after the sync and hints
submit #1939 acb 49 dwords at 0x4002a8b14: pass 2 rewrite 3 drop 3 unmapped 0 cc 0 mappings 305 ... OK rc 0 22.74 ms
timing: #1939 done at t 104.246 s, 23.9 ms after the sync and hints
submit #1940 cc 3 dwords at 0x313b17cf4: pass 0 rewrite 1 drop 0 unmapped 0 cc 1 mappings 305 ... OK rc 0 22.81 ms
timing: #1940 done at t 104.281 s, 24.0 ms after the sync and hints
submit #1941 hib 150 dwords at 0xfe0000000: pass 12 rewrite 2 drop 2 unmapped 0 cc 2 mappings 305 ... OK rc 0 22.97 ms
timing: #1941 done at t 104.317 s, 24.6 ms after the sync and hints
submit #1942 hib 2 dwords at 0xfe003a200: pass 1 rewrite 0 drop 0 unmapped 0 cc 0 mappings 305 ... OK rc 0 22.97 ms
timing: #1942 done at t 104.353 s, 24.1 ms after the sync and hints
submit #1943 dcb 96 dwords at 0xfe0042920: pass 20 rewrite 2 drop 2 unmapped 0 cc 0 mappings 305 ... OK rc 0 23.03 ms
timing: #1943 done at t 104.388 s, 24.5 ms after the sync and hints
submit #1944 dcb 2647 dwords at 0x504302500: pass 236 rewrite 123 drop 120 unmapped 0 cc 4 mappings 305 ... OK rc 0 23.36 ms
timing: #1944 done at t 104.427 s, 26.9 ms after the sync and hints
state stack #1944: push 2 pop 2 conditional 1 unmatched 0; restored 1842 regs (+1874 dwords); tables 13, unreadable 0
submit #1945 dcb 851 dwords at 0x505e02500: pass 47 rewrite 55 drop 45 unmapped 0 cc 0 mappings 305 ... OK rc 0 23.11 ms
timing: #1945 done at t 104.464 s, 24.7 ms after the sync and hints
submit #1946 acb 2 dwords at 0xfe003a200: pass 1 rewrite 0 drop 0 unmapped 0 cc 0 mappings 305 ... OK rc 0 23.15 ms
timing: #1946 done at t 104.500 s, 24.3 ms after the sync and hints
submit #1947 acb 463 dwords at 0x400526840: pass 43 rewrite 11 drop 27 unmapped 0 cc 0 mappings 305 ... OK rc 0 23.68 ms
timing: #1947 done at t 104.536 s, 24.9 ms after the sync and hints
submit #1948 dcb 798 dwords at 0x506e02500: pass 103 rewrite 35 drop 22 unmapped 0 cc 6 mappings 305 ... acb head: 3413 of 3462 dwords go ahead of the wait at 3413 on 0x400203b80
OK rc 0 23.64 ms
timing: #1948 done at t 104.576 s, 27.7 ms after the sync and hints
state stack #1948: push 3 pop 3 conditional 1 unmatched 0; restored 2763 regs (+2811 dwords); tables 17, unreadable 0
  indirect op 16 at 1640: args 0x74063c0 not mapped, DROPPED
  indirect op 16 at 1738: args 0x74063e0 not mapped, DROPPED
  indirect op 16 at 1833: args 0x74063e0 not mapped, DROPPED
submit #1949 acb 3413 dwords at 0x400345640: pass 331 rewrite 70 drop 165 unmapped 0 cc 0 mappings 305 ... OK rc 0 24.45 ms
timing: #1949 done at t 104.613 s, 25.8 ms after the sync and hints
submit #1950 dcb 1248 dwords at 0x505202500: pass 151 rewrite 46 drop 45 unmapped 0 cc 6 mappings 305 ... OK rc 0 23.08 ms
timing: #1950 done at t 104.651 s, 26.0 ms after the sync and hints
state stack #1950: push 3 pop 3 conditional 1 unmatched 0; restored 2763 regs (+2811 dwords); tables 11, unreadable 0
flip 1/0 buffer 0x507410000 +0x1fe0000: sum 0x17fb17d5f47d nonzero 8100/8160 pattern 0
  target CB0 0x5093f0000: distinct 53 min 0xc0000000 max 0xc340d034,   target CB0 0x5093f0000: nonzero 1024/1024
  target CB0 0x563800000: distinct 1 min 0x00000000 max 0x00000000,   target CB0 0x563800000: nonzero 0/1024
  target CB0 0x55c00d000: distinct 4 min 0x00000000 max 0xffffffff,   target CB0 0x55c00d000: nonzero 339/1024
  target CB0 0x5637f0000: distinct 1 min 0x00000000 max 0x00000000,   target CB0 0x5637f0000: nonzero 0/1024
  target CB0 0x526bf0000: distinct 1 min 0x38003800 max 0x38003800,   target CB0 0x526bf0000: nonzero 1024/1024
  target CB0 0x5719a8000: distinct 18 min 0x00000000 max 0xffffffff,   target CB0 0x5719a8000: nonzero 246/1024
  target DB_HTILE 0x5203a0000: distinct 2 min 0x00000000 max 0xfffffff0,   target DB_HTILE 0x5203a0000: nonzero 160/1024
  target DB_Z_READ 0x51db50000: distinct 1 min 0x3f800000 max 0x3f800000,   target DB_Z_READ 0x51db50000: nonzero 1024/1024
  target DB_STENCIL_READ 0x51fb30000: distinct 1 min 0x80800000 max 0x80800000,   target DB_STENCIL_READ 0x51fb30000: nonzero 1024/1024
  target CB0 0x513bf0000: distinct 1 min 0x00000000 max 0x00000000,   target CB0 0x513bf0000: nonzero 0/1024
  target CB0 0x571867000: distinct 20 min 0x00000000 max 0xffffffff,   target CB0 0x571867000: nonzero 359/1024
  target CB0 0x57187b000: distinct 20 min 0x00000000 max 0xffffffff,   target CB0 0x57187b000: nonzero 339/1024
  target CB0 0x519b90000: distinct 1 min 0x84c78089 max 0x84c78089,   target CB0 0x519b90000: nonzero 1024/1024
  target CB0 0x5718eb000: distinct 19 min 0x00000000 max 0xffffffff,   target CB0 0x5718eb000: nonzero 267/1024
  target DB_HTILE 0x55c0e0000: distinct 2 min 0x00000000 max 0xffffffff,   target DB_HTILE 0x55c0e0000: nonzero 192/1024
  target DB_Z_READ 0x527430000: distinct 1 min 0xffffffff max 0xffffffff,   target DB_Z_READ 0x527430000: nonzero 1024/1024
timing: t 104.652 s flip 1/0, VideoOutSubmitFlip took 0.0 ms
  indirect op 16 at 1246: base 0x5074063c0 +0x0 -> 1 1 1 0 0
  indirect op 16 at 1278: base 0x5074063e0 +0x0 -> 1 1 1 0 0
  indirect op 16 at 1310: base 0x50740a520 +0x0 -> 1 1 1 0 0
  indirect op 16 at 1342: base 0x50740a540 +0x0 -> 1 1 1 0 0
  indirect op 25 at 4825: base 0x56ddaffa0 +0x0 -> 1 0 0 0 0
submit #1951 dcb 10440 dwords at 0x502e02500: pass 691 rewrite 518 drop 462 unmapped 1 cc 12 mappings 305 ... OK rc 0 29.07 ms
timing: #1951 done at t 104.703 s, 38.4 ms after the sync and hints
state stack #1951: push 6 pop 6 conditional 1 unmatched 0; restored 5526 regs (+5622 dwords); tables 38, unreadable 0
submit #1952 acb 2 dwords at 0xfe003a200: pass 1 rewrite 0 drop 0 unmapped 0 cc 0 mappings 305 ... OK rc 0 23.20 ms
timing: #1952 done at t 104.739 s, 24.4 ms after the sync and hints
submit #1953 acb 49 dwords at 0x400348b94: pass 2 rewrite 3 drop 3 unmapped 0 cc 0 mappings 305 ... OK rc 0 23.08 ms
timing: #1953 done at t 104.775 s, 24.3 ms after the sync and hints
submit #1954 cc 3 dwords at 0x313b17cf4: pass 0 rewrite 1 drop 0 unmapped 0 cc 1 mappings 305 ... OK rc 0 23.01 ms
timing: #1954 done at t 104.811 s, 24.2 ms after the sync and hints
submit #1955 hib 150 dwords at 0xfe0000000: pass 12 rewrite 2 drop 2 unmapped 0 cc 2 mappings 305 ... OK rc 0 22.80 ms
timing: #1955 done at t 104.846 s, 24.3 ms after the sync and hints
submit #1956 hib 2 dwords at 0xfe003a200: pass 1 rewrite 0 drop 0 unmapped 0 cc 0 mappings 305 ... OK rc 0 22.95 ms
timing: #1956 done at t 104.882 s, 24.1 ms after the sync and hints
submit #1957 dcb 96 dwords at 0xfe0042920: pass 20 rewrite 2 drop 2 unmapped 0 cc 0 mappings 305 ... OK rc 0 22.86 ms
timing: #1957 done at t 104.917 s, 24.3 ms after the sync and hints
submit #1958 dcb 2647 dwords at 0x503502500: pass 236 rewrite 123 drop 120 unmapped 0 cc 4 mappings 305 ... OK rc 0 23.55 ms
timing: #1958 done at t 104.956 s, 27.0 ms after the sync and hints
state stack #1958: push 2 pop 2 conditional 1 unmatched 0; restored 1842 regs (+1874 dwords); tables 13, unreadable 0
submit #1959 acb 2 dwords at 0xfe003a200: pass 1 rewrite 0 drop 0 unmapped 0 cc 0 mappings 305 ... OK rc 0 23.04 ms
timing: #1959 done at t 104.992 s, 24.2 ms after the sync and hints
submit #1960 dcb 851 dwords at 0x505602500: pass 47 rewrite 55 drop 45 unmapped 0 cc 0 mappings 305 ... OK rc 0 22.96 ms
timing: #1960 done at t 105.028 s, 24.6 ms after the sync and hints
submit #1961 acb 463 dwords at 0x4003e6740: pass 43 rewrite 11 drop 27 unmapped 0 cc 0 mappings 305 ... OK rc 0 23.41 ms
timing: #1961 done at t 105.064 s, 24.6 ms after the sync and hints
submit #1962 dcb 798 dwords at 0x506202500: pass 103 rewrite 35 drop 22 unmapped 0 cc 6 mappings 305 ... acb head: 3413 of 3462 dwords go ahead of the wait at 3413 on 0x400202380
OK rc 0 23.77 ms
timing: #1962 done at t 105.104 s, 27.6 ms after the sync and hints
state stack #1962: push 3 pop 3 conditional 1 unmatched 0; restored 2763 regs (+2811 dwords); tables 17, unreadable 0
  indirect op 16 at 1640: args 0x74063c0 not mapped, DROPPED
  indirect op 16 at 1738: args 0x74063e0 not mapped, DROPPED
  indirect op 16 at 1833: args 0x74063e0 not mapped, DROPPED
submit #1963 acb 3413 dwords at 0x400205540: pass 331 rewrite 70 drop 165 unmapped 0 cc 0 mappings 305 ... OK rc 0 24.52 ms
timing: #1963 done at t 105.141 s, 25.9 ms after the sync and hints
submit #1964 dcb 1248 dwords at 0x504a02500: pass 151 rewrite 46 drop 45 unmapped 0 cc 6 mappings 305 ... OK rc 0 23.24 ms
timing: #1964 done at t 105.179 s, 26.1 ms after the sync and hints
state stack #1964: push 3 pop 3 conditional 1 unmatched 0; restored 2763 regs (+2811 dwords); tables 11, unreadable 0
flip 1/1 buffer 0x5093f0000 +0x1fe0000: sum 0x17fb17d5f47d nonzero 8100/8160 pattern 0
  target CB0 0x507410000: distinct 53 min 0xc0000000 max 0xc340d034,   target CB0 0x507410000: nonzero 1024/1024
  target CB0 0x563800000: distinct 1 min 0x00000000 max 0x00000000,   target CB0 0x563800000: nonzero 0/1024
  target CB0 0x55c00d000: distinct 4 min 0x00000000 max 0xffffffff,   target CB0 0x55c00d000: nonzero 339/1024
  target CB0 0x5637f0000: distinct 1 min 0x00000000 max 0x00000000,   target CB0 0x5637f0000: nonzero 0/1024
  target CB0 0x526bf0000: distinct 1 min 0x38003800 max 0x38003800,   target CB0 0x526bf0000: nonzero 1024/1024
  target CB0 0x5719a8000: distinct 18 min 0x00000000 max 0xffffffff,   target CB0 0x5719a8000: nonzero 246/1024
  target DB_HTILE 0x5203a0000: distinct 2 min 0x00000000 max 0xfffffff0,   target DB_HTILE 0x5203a0000: nonzero 160/1024
  target DB_Z_READ 0x51db50000: distinct 1 min 0x3f800000 max 0x3f800000,   target DB_Z_READ 0x51db50000: nonzero 1024/1024
  target DB_STENCIL_READ 0x51fb30000: distinct 1 min 0x80800000 max 0x80800000,   target DB_STENCIL_READ 0x51fb30000: nonzero 1024/1024
  target CB0 0x513bf0000: distinct 1 min 0x00000000 max 0x00000000,   target CB0 0x513bf0000: nonzero 0/1024
  target CB0 0x571867000: distinct 20 min 0x00000000 max 0xffffffff,   target CB0 0x571867000: nonzero 359/1024
  target CB0 0x57187b000: distinct 20 min 0x00000000 max 0xffffffff,   target CB0 0x57187b000: nonzero 339/1024
  target CB0 0x519b90000: distinct 1 min 0x07968444 max 0x07968444,   target CB0 0x519b90000: nonzero 1024/1024
  target CB0 0x5718eb000: distinct 19 min 0x00000000 max 0xffffffff,   target CB0 0x5718eb000: nonzero 267/1024
  target DB_HTILE 0x55c0e0000: distinct 2 min 0x00000000 max 0xffffffff,   target DB_HTILE 0x55c0e0000: nonzero 192/1024
  target DB_Z_READ 0x527430000: distinct 1 min 0xffffffff max 0xffffffff,   target DB_Z_READ 0x527430000: nonzero 1024/1024
timing: t 105.180 s flip 1/1, VideoOutSubmitFlip took 0.0 ms
  indirect op 16 at 1246: base 0x5074063c0 +0x0 -> 1 1 1 0 0
  indirect op 16 at 1278: base 0x5074063e0 +0x0 -> 1 1 1 0 0
  indirect op 16 at 1310: base 0x50740a520 +0x0 -> 1 1 1 0 0
  indirect op 16 at 1342: base 0x50740a540 +0x0 -> 1 1 1 0 0
  indirect op 25 at 4825: base 0x56ddaffa0 +0x0 -> 1 0 0 0 0
submit #1965 dcb 10440 dwords at 0x502002500: pass 691 rewrite 518 drop 462 unmapped 1 cc 12 mappings 305 ... OK rc 0 29.20 ms
timing: #1965 done at t 105.230 s, 38.4 ms after the sync and hints
state stack #1965: push 6 pop 6 conditional 1 unmatched 0; restored 5526 regs (+5622 dwords); tables 38, unreadable 0
submit #1966 acb 2 dwords at 0xfe003a200: pass 1 rewrite 0 drop 0 unmapped 0 cc 0 mappings 305 ... OK rc 0 23.30 ms
timing: #1966 done at t 105.267 s, 24.5 ms after the sync and hints
swapped pages taken as resident so far: 0
vmas 115 total 13079.0 MiB resident 5031.2 MiB mapped 5031.2 MiB
submit #1967 acb 49 dwords at 0x400208a94: pass 2 rewrite 3 drop 3 unmapped 0 cc 0 mappings 306 ... OK rc 0 23.44 ms
timing: #1967 done at t 105.303 s, 24.7 ms after the sync and hints
submit #1968 cc 3 dwords at 0x313b17cf4: pass 0 rewrite 1 drop 0 unmapped 0 cc 1 mappings 306 ... OK rc 0 22.91 ms
timing: #1968 done at t 105.340 s, 24.1 ms after the sync and hints
submit #1969 hib 150 dwords at 0xfe0000000: pass 12 rewrite 2 drop 2 unmapped 0 cc 2 mappings 306 ... OK rc 0 22.80 ms
timing: #1969 done at t 105.376 s, 24.3 ms after the sync and hints
submit #1970 hib 2 dwords at 0xfe003a200: pass 1 rewrite 0 drop 0 unmapped 0 cc 0 mappings 306 ... OK rc 0 23.00 ms
timing: #1970 done at t 105.411 s, 24.2 ms after the sync and hints
submit #1971 dcb 96 dwords at 0xfe0042920: pass 20 rewrite 2 drop 2 unmapped 0 cc 0 mappings 306 ... OK rc 0 22.79 ms
timing: #1971 done at t 105.447 s, 24.3 ms after the sync and hints
submit #1972 dcb 2647 dwords at 0x503c02500: pass 236 rewrite 123 drop 120 unmapped 0 cc 4 mappings 306 ... OK rc 0 23.22 ms
timing: #1972 done at t 105.485 s, 26.7 ms after the sync and hints
state stack #1972: push 2 pop 2 conditional 1 unmatched 0; restored 1842 regs (+1874 dwords); tables 13, unreadable 0
submit #1973 dcb 851 dwords at 0x505a02500: pass 47 rewrite 55 drop 45 unmapped 0 cc 0 mappings 306 ... OK rc 0 22.82 ms
timing: #1973 done at t 105.521 s, 24.5 ms after the sync and hints
submit #1974 acb 2 dwords at 0xfe003a200: pass 1 rewrite 0 drop 0 unmapped 0 cc 0 mappings 306 ... OK rc 0 22.87 ms
timing: #1974 done at t 105.556 s, 24.1 ms after the sync and hints
submit #1975 acb 463 dwords at 0x4004867c0: pass 43 rewrite 11 drop 27 unmapped 0 cc 0 mappings 306 ... OK rc 0 23.20 ms
timing: #1975 done at t 105.592 s, 24.4 ms after the sync and hints
submit #1976 dcb 798 dwords at 0x506802500: pass 103 rewrite 35 drop 22 unmapped 0 cc 6 mappings 306 ... acb head: 3413 of 3462 dwords go ahead of the wait at 3413 on 0x400202f80
OK rc 0 23.71 ms
timing: #1976 done at t 105.631 s, 27.5 ms after the sync and hints
state stack #1976: push 3 pop 3 conditional 1 unmatched 0; restored 2763 regs (+2811 dwords); tables 17, unreadable 0
  indirect op 16 at 1640: args 0x74063c0 not mapped, DROPPED
  indirect op 16 at 1738: args 0x74063e0 not mapped, DROPPED
  indirect op 16 at 1833: args 0x74063e0 not mapped, DROPPED
submit #1977 acb 3413 dwords at 0x4002a55c0: pass 331 rewrite 70 drop 165 unmapped 0 cc 0 mappings 306 ... OK rc 0 24.64 ms
timing: #1977 done at t 105.668 s, 26.1 ms after the sync and hints
submit #1978 dcb 1248 dwords at 0x504e02500: pass 151 rewrite 46 drop 45 unmapped 0 cc 6 mappings 306 ... OK rc 0 22.98 ms
timing: #1978 done at t 105.706 s, 25.9 ms after the sync and hints
state stack #1978: push 3 pop 3 conditional 1 unmatched 0; restored 2763 regs (+2811 dwords); tables 11, unreadable 0
flip 1/0 buffer 0x507410000 +0x1fe0000: sum 0x17fb17d5f47d nonzero 8100/8160 pattern 0
  target CB0 0x5093f0000: distinct 53 min 0xc0000000 max 0xc340d034,   target CB0 0x5093f0000: nonzero 1024/1024
  target CB0 0x563800000: distinct 1 min 0x00000000 max 0x00000000,   target CB0 0x563800000: nonzero 0/1024
  target CB0 0x55c00d000: distinct 4 min 0x00000000 max 0xffffffff,   target CB0 0x55c00d000: nonzero 339/1024
  target CB0 0x5637f0000: distinct 1 min 0x00000000 max 0x00000000,   target CB0 0x5637f0000: nonzero 0/1024
  target CB0 0x526bf0000: distinct 1 min 0x38003800 max 0x38003800,   target CB0 0x526bf0000: nonzero 1024/1024
  target CB0 0x5719a8000: distinct 18 min 0x00000000 max 0xffffffff,   target CB0 0x5719a8000: nonzero 246/1024
  target DB_HTILE 0x5203a0000: distinct 2 min 0x00000000 max 0xfffffff0,   target DB_HTILE 0x5203a0000: nonzero 160/1024
  target DB_Z_READ 0x51db50000: distinct 1 min 0x3f800000 max 0x3f800000,   target DB_Z_READ 0x51db50000: nonzero 1024/1024
  target DB_STENCIL_READ 0x51fb30000: distinct 1 min 0x80800000 max 0x80800000,   target DB_STENCIL_READ 0x51fb30000: nonzero 1024/1024
  target CB0 0x513bf0000: distinct 1 min 0x00000000 max 0x00000000,   target CB0 0x513bf0000: nonzero 0/1024
  target CB0 0x571867000: distinct 20 min 0x00000000 max 0xffffffff,   target CB0 0x571867000: nonzero 359/1024
  target CB0 0x57187b000: distinct 20 min 0x00000000 max 0xffffffff,   target CB0 0x57187b000: nonzero 339/1024
  target CB0 0x519b90000: distinct 1 min 0x07968444 max 0x07968444,   target CB0 0x519b90000: nonzero 1024/1024
  target CB0 0x5718eb000: distinct 19 min 0x00000000 max 0xffffffff,   target CB0 0x5718eb000: nonzero 267/1024
  target DB_HTILE 0x55c0e0000: distinct 2 min 0x00000000 max 0xffffffff,   target DB_HTILE 0x55c0e0000: nonzero 192/1024
  target DB_Z_READ 0x527430000: distinct 1 min 0xffffffff max 0xffffffff,   target DB_Z_READ 0x527430000: nonzero 1024/1024
timing: t 105.707 s flip 1/0, VideoOutSubmitFlip took 0.0 ms
  indirect op 16 at 1246: base 0x5074063c0 +0x0 -> 1 1 1 0 0
  indirect op 16 at 1278: base 0x5074063e0 +0x0 -> 1 1 1 0 0
  indirect op 16 at 1310: base 0x50740a520 +0x0 -> 1 1 1 0 0
  indirect op 16 at 1342: base 0x50740a540 +0x0 -> 1 1 1 0 0
  indirect op 25 at 4825: base 0x56ddaffa0 +0x0 -> 1 0 0 0 0
submit #1979 dcb 10440 dwords at 0x502702500: pass 691 rewrite 518 drop 462 unmapped 1 cc 12 mappings 306 ... OK rc 0 29.12 ms
timing: #1979 done at t 105.758 s, 39.3 ms after the sync and hints
state stack #1979: push 6 pop 6 conditional 1 unmatched 0; restored 5526 regs (+5622 dwords); tables 38, unreadable 0
submit #1980 acb 2 dwords at 0xfe003a200: pass 1 rewrite 0 drop 0 unmapped 0 cc 0 mappings 306 ... OK rc 0 22.93 ms
timing: #1980 done at t 105.794 s, 24.2 ms after the sync and hints
swapped pages taken as resident so far: 0
vmas 115 total 13079.0 MiB resident 5031.3 MiB mapped 5031.3 MiB
submit #1981 acb 49 dwords at 0x4002a8b14: pass 2 rewrite 3 drop 3 unmapped 0 cc 0 mappings 307 ... OK rc 0 23.07 ms
timing: #1981 done at t 105.830 s, 24.2 ms after the sync and hints
submit #1982 cc 3 dwords at 0x313b17cf4: pass 0 rewrite 1 drop 0 unmapped 0 cc 1 mappings 307 ... OK rc 0 22.96 ms
timing: #1982 done at t 105.865 s, 24.1 ms after the sync and hints
submit #1983 hib 150 dwords at 0xfe0000000: pass 12 rewrite 2 drop 2 unmapped 0 cc 2 mappings 307 ... OK rc 0 22.87 ms
timing: #1983 done at t 105.901 s, 24.4 ms after the sync and hints
submit #1984 hib 2 dwords at 0xfe003a200: pass 1 rewrite 0 drop 0 unmapped 0 cc 0 mappings 307 ... OK rc 0 22.96 ms
timing: #1984 done at t 105.936 s, 24.1 ms after the sync and hints
submit #1985 dcb 96 dwords at 0xfe0042920: pass 20 rewrite 2 drop 2 unmapped 0 cc 0 mappings 307 ... OK rc 0 22.89 ms
timing: #1985 done at t 105.972 s, 24.4 ms after the sync and hints
submit #1986 dcb 2647 dwords at 0x504302500: pass 236 rewrite 123 drop 120 unmapped 0 cc 4 mappings 307 ... OK rc 0 23.45 ms
timing: #1986 done at t 106.011 s, 26.9 ms after the sync and hints
state stack #1986: push 2 pop 2 conditional 1 unmatched 0; restored 1842 regs (+1874 dwords); tables 13, unreadable 0
submit #1987 dcb 851 dwords at 0x505e02500: pass 47 rewrite 55 drop 45 unmapped 0 cc 0 mappings 307 ... OK rc 0 23.08 ms
timing: #1987 done at t 106.048 s, 24.7 ms after the sync and hints
submit #1988 acb 2 dwords at 0xfe003a200: pass 1 rewrite 0 drop 0 unmapped 0 cc 0 mappings 307 ... OK rc 0 23.02 ms
timing: #1988 done at t 106.084 s, 24.2 ms after the sync and hints
submit #1989 acb 463 dwords at 0x400526840: pass 43 rewrite 11 drop 27 unmapped 0 cc 0 mappings 307 ... OK rc 0 23.47 ms
timing: #1989 done at t 106.120 s, 24.7 ms after the sync and hints
submit #1990 dcb 798 dwords at 0x506e02500: pass 103 rewrite 35 drop 22 unmapped 0 cc 6 mappings 307 ... acb head: 3413 of 3462 dwords go ahead of the wait at 3413 on 0x400203b80
OK rc 0 23.72 ms
timing: #1990 done at t 106.158 s, 27.5 ms after the sync and hints
state stack #1990: push 3 pop 3 conditional 1 unmatched 0; restored 2763 regs (+2811 dwords); tables 17, unreadable 0
  indirect op 16 at 1640: args 0x74063c0 not mapped, DROPPED
  indirect op 16 at 1738: args 0x74063e0 not mapped, DROPPED
  indirect op 16 at 1833: args 0x74063e0 not mapped, DROPPED
submit #1991 acb 3413 dwords at 0x400345640: pass 331 rewrite 70 drop 165 unmapped 0 cc 0 mappings 307 ... OK rc 0 24.31 ms
timing: #1991 done at t 106.195 s, 25.6 ms after the sync and hints
submit #1992 dcb 1248 dwords at 0x505202500: pass 151 rewrite 46 drop 45 unmapped 0 cc 6 mappings 307 ... OK rc 0 22.94 ms
timing: #1992 done at t 106.233 s, 26.0 ms after the sync and hints
state stack #1992: push 3 pop 3 conditional 1 unmatched 0; restored 2763 regs (+2811 dwords); tables 11, unreadable 0
flip 1/1 buffer 0x5093f0000 +0x1fe0000: sum 0x17fb17d5f47d nonzero 8100/8160 pattern 0
  target CB0 0x507410000: distinct 53 min 0xc0000000 max 0xc340d034,   target CB0 0x507410000: nonzero 1024/1024
  target CB0 0x563800000: distinct 1 min 0x00000000 max 0x00000000,   target CB0 0x563800000: nonzero 0/1024
  target CB0 0x55c00d000: distinct 4 min 0x00000000 max 0xffffffff,   target CB0 0x55c00d000: nonzero 339/1024
  target CB0 0x5637f0000: distinct 1 min 0x00000000 max 0x00000000,   target CB0 0x5637f0000: nonzero 0/1024
  target CB0 0x526bf0000: distinct 1 min 0x38003800 max 0x38003800,   target CB0 0x526bf0000: nonzero 1024/1024
  target CB0 0x5719a8000: distinct 18 min 0x00000000 max 0xffffffff,   target CB0 0x5719a8000: nonzero 246/1024
  target DB_HTILE 0x5203a0000: distinct 2 min 0x00000000 max 0xfffffff0,   target DB_HTILE 0x5203a0000: nonzero 160/1024
  target DB_Z_READ 0x51db50000: distinct 1 min 0x3f800000 max 0x3f800000,   target DB_Z_READ 0x51db50000: nonzero 1024/1024
  target DB_STENCIL_READ 0x51fb30000: distinct 1 min 0x80800000 max 0x80800000,   target DB_STENCIL_READ 0x51fb30000: nonzero 1024/1024
  target CB0 0x513bf0000: distinct 1 min 0x00000000 max 0x00000000,   target CB0 0x513bf0000: nonzero 0/1024
  target CB0 0x571867000: distinct 20 min 0x00000000 max 0xffffffff,   target CB0 0x571867000: nonzero 359/1024
  target CB0 0x57187b000: distinct 20 min 0x00000000 max 0xffffffff,   target CB0 0x57187b000: nonzero 339/1024
  target CB0 0x519b90000: distinct 1 min 0x02870000 max 0x02870000,   target CB0 0x519b90000: nonzero 1024/1024
  target CB0 0x5718eb000: distinct 19 min 0x00000000 max 0xffffffff,   target CB0 0x5718eb000: nonzero 267/1024
  target DB_HTILE 0x55c0e0000: distinct 2 min 0x00000000 max 0xffffffff,   target DB_HTILE 0x55c0e0000: nonzero 192/1024
  target DB_Z_READ 0x527430000: distinct 1 min 0xffffffff max 0xffffffff,   target DB_Z_READ 0x527430000: nonzero 1024/1024
timing: t 106.234 s flip 1/1, VideoOutSubmitFlip took 0.0 ms
  indirect op 16 at 1246: base 0x5074063c0 +0x0 -> 1 1 1 0 0
  indirect op 16 at 1278: base 0x5074063e0 +0x0 -> 1 1 1 0 0
  indirect op 16 at 1310: base 0x50740a520 +0x0 -> 1 1 1 0 0
  indirect op 16 at 1342: base 0x50740a540 +0x0 -> 1 1 1 0 0
  indirect op 25 at 4825: base 0x56ddaffa0 +0x0 -> 1 0 0 0 0
submit #1993 dcb 10440 dwords at 0x502e02500: pass 691 rewrite 518 drop 462 unmapped 1 cc 12 mappings 307 ... OK rc 0 29.19 ms
timing: #1993 done at t 106.284 s, 38.2 ms after the sync and hints
state stack #1993: push 6 pop 6 conditional 1 unmatched 0; restored 5526 regs (+5622 dwords); tables 38, unreadable 0
submit #1994 acb 2 dwords at 0xfe003a200: pass 1 rewrite 0 drop 0 unmapped 0 cc 0 mappings 307 ... OK rc 0 22.99 ms
timing: #1994 done at t 106.320 s, 24.2 ms after the sync and hints
swapped pages taken as resident so far: 0
vmas 115 total 13079.0 MiB resident 5031.3 MiB mapped 5031.4 MiB
submit #1995 acb 49 dwords at 0x400348b94: pass 2 rewrite 3 drop 3 unmapped 0 cc 0 mappings 308 ... OK rc 0 22.85 ms
timing: #1995 done at t 106.356 s, 24.0 ms after the sync and hints
submit #1996 cc 3 dwords at 0x313b17cf4: pass 0 rewrite 1 drop 0 unmapped 0 cc 1 mappings 308 ... OK rc 0 22.86 ms
timing: #1996 done at t 106.393 s, 24.1 ms after the sync and hints
submit #1997 hib 150 dwords at 0xfe0000000: pass 12 rewrite 2 drop 2 unmapped 0 cc 2 mappings 308 ... OK rc 0 22.87 ms
timing: #1997 done at t 106.428 s, 24.4 ms after the sync and hints
submit #1998 hib 2 dwords at 0xfe003a200: pass 1 rewrite 0 drop 0 unmapped 0 cc 0 mappings 308 ... OK rc 0 22.82 ms
timing: #1998 done at t 106.464 s, 24.0 ms after the sync and hints
submit #1999 dcb 96 dwords at 0xfe0042920: pass 20 rewrite 2 drop 2 unmapped 0 cc 0 mappings 308 ... OK rc 0 22.95 ms
timing: #1999 done at t 106.500 s, 24.4 ms after the sync and hints
submit #2000 dcb 2647 dwords at 0x503502500: pass 236 rewrite 123 drop 120 unmapped 0 cc 4 mappings 308 ... OK rc 0 23.50 ms
timing: #2000 done at t 106.538 s, 27.0 ms after the sync and hints
state stack #2000: push 2 pop 2 conditional 1 unmatched 0; restored 1842 regs (+1874 dwords); tables 13, unreadable 0
submit #2001 acb 2 dwords at 0xfe003a200: pass 1 rewrite 0 drop 0 unmapped 0 cc 0 mappings 308 ... OK rc 0 22.88 ms
timing: #2001 done at t 106.574 s, 24.1 ms after the sync and hints
submit #2002 dcb 851 dwords at 0x505602500: pass 47 rewrite 55 drop 45 unmapped 0 cc 0 mappings 308 ... OK rc 0 22.90 ms
timing: #2002 done at t 106.610 s, 24.6 ms after the sync and hints
submit #2003 acb 463 dwords at 0x4003e6740: pass 43 rewrite 11 drop 27 unmapped 0 cc 0 mappings 308 ... OK rc 0 23.30 ms
timing: #2003 done at t 106.646 s, 24.5 ms after the sync and hints
submit #2004 dcb 798 dwords at 0x506202500: pass 103 rewrite 35 drop 22 unmapped 0 cc 6 mappings 308 ... acb head: 3413 of 3462 dwords go ahead of the wait at 3413 on 0x400202380
OK rc 0 23.66 ms
timing: #2004 done at t 106.685 s, 27.3 ms after the sync and hints
state stack #2004: push 3 pop 3 conditional 1 unmatched 0; restored 2763 regs (+2811 dwords); tables 17, unreadable 0
  indirect op 16 at 1640: args 0x74063c0 not mapped, DROPPED
  indirect op 16 at 1738: args 0x74063e0 not mapped, DROPPED
  indirect op 16 at 1833: args 0x74063e0 not mapped, DROPPED
submit #2005 acb 3413 dwords at 0x400205540: pass 331 rewrite 70 drop 165 unmapped 0 cc 0 mappings 308 ... OK rc 0 24.33 ms
timing: #2005 done at t 106.722 s, 25.7 ms after the sync and hints
submit #2006 dcb 1248 dwords at 0x504a02500: pass 151 rewrite 46 drop 45 unmapped 0 cc 6 mappings 308 ... OK rc 0 23.24 ms
timing: #2006 done at t 106.760 s, 26.2 ms after the sync and hints
state stack #2006: push 3 pop 3 conditional 1 unmatched 0; restored 2763 regs (+2811 dwords); tables 11, unreadable 0
flip 1/0 buffer 0x507410000 +0x1fe0000: sum 0x17fb17d5f47d nonzero 8100/8160 pattern 0
  target CB0 0x5093f0000: distinct 53 min 0xc0000000 max 0xc340d034,   target CB0 0x5093f0000: nonzero 1024/1024
  target CB0 0x563800000: distinct 1 min 0x00000000 max 0x00000000,   target CB0 0x563800000: nonzero 0/1024
  target CB0 0x55c00d000: distinct 4 min 0x00000000 max 0xffffffff,   target CB0 0x55c00d000: nonzero 339/1024
  target CB0 0x5637f0000: distinct 1 min 0x00000000 max 0x00000000,   target CB0 0x5637f0000: nonzero 0/1024
  target CB0 0x526bf0000: distinct 1 min 0x38003800 max 0x38003800,   target CB0 0x526bf0000: nonzero 1024/1024
  target CB0 0x5719a8000: distinct 18 min 0x00000000 max 0xffffffff,   target CB0 0x5719a8000: nonzero 246/1024
  target DB_HTILE 0x5203a0000: distinct 2 min 0x00000000 max 0xfffffff0,   target DB_HTILE 0x5203a0000: nonzero 160/1024
  target DB_Z_READ 0x51db50000: distinct 1 min 0x3f800000 max 0x3f800000,   target DB_Z_READ 0x51db50000: nonzero 1024/1024
  target DB_STENCIL_READ 0x51fb30000: distinct 1 min 0x80800000 max 0x80800000,   target DB_STENCIL_READ 0x51fb30000: nonzero 1024/1024
  target CB0 0x513bf0000: distinct 1 min 0x00000000 max 0x00000000,   target CB0 0x513bf0000: nonzero 0/1024
  target CB0 0x571867000: distinct 20 min 0x00000000 max 0xffffffff,   target CB0 0x571867000: nonzero 359/1024
  target CB0 0x57187b000: distinct 20 min 0x00000000 max 0xffffffff,   target CB0 0x57187b000: nonzero 339/1024
  target CB0 0x519b90000: distinct 1 min 0x82878222 max 0x82878222,   target CB0 0x519b90000: nonzero 1024/1024
  target CB0 0x5718eb000: distinct 19 min 0x00000000 max 0xffffffff,   target CB0 0x5718eb000: nonzero 267/1024
  target DB_HTILE 0x55c0e0000: distinct 2 min 0x00000000 max 0xffffffff,   target DB_HTILE 0x55c0e0000: nonzero 192/1024
  target DB_Z_READ 0x527430000: distinct 1 min 0xffffffff max 0xffffffff,   target DB_Z_READ 0x527430000: nonzero 1024/1024
timing: t 106.761 s flip 1/0, VideoOutSubmitFlip took 0.0 ms
  indirect op 16 at 1246: base 0x5074063c0 +0x0 -> 1 1 1 0 0
  indirect op 16 at 1278: base 0x5074063e0 +0x0 -> 1 1 1 0 0
  indirect op 16 at 1310: base 0x50740a520 +0x0 -> 1 1 1 0 0
  indirect op 16 at 1342: base 0x50740a540 +0x0 -> 1 1 1 0 0
  indirect op 25 at 4825: base 0x56ddaffa0 +0x0 -> 1 0 0 0 0
submit #2007 dcb 10440 dwords at 0x502002500: pass 691 rewrite 518 drop 462 unmapped 1 cc 12 mappings 308 ... OK rc 0 29.18 ms
timing: #2007 done at t 106.811 s, 38.4 ms after the sync and hints
state stack #2007: push 6 pop 6 conditional 1 unmatched 0; restored 5526 regs (+5622 dwords); tables 38, unreadable 0
submit #2008 acb 2 dwords at 0xfe003a200: pass 1 rewrite 0 drop 0 unmapped 0 cc 0 mappings 308 ... OK rc 0 23.12 ms
timing: #2008 done at t 106.847 s, 24.3 ms after the sync and hints
submit #2009 acb 49 dwords at 0x400208a94: pass 2 rewrite 3 drop 3 unmapped 0 cc 0 mappings 308 ... OK rc 0 23.04 ms
timing: #2009 done at t 106.882 s, 24.2 ms after the sync and hints
submit #2010 cc 3 dwords at 0x313b17cf4: pass 0 rewrite 1 drop 0 unmapped 0 cc 1 mappings 308 ... OK rc 0 23.11 ms
timing: #2010 done at t 106.918 s, 24.3 ms after the sync and hints
submit #2011 hib 150 dwords at 0xfe0000000: pass 12 rewrite 2 drop 2 unmapped 0 cc 2 mappings 308 ... OK rc 0 22.89 ms
timing: #2011 done at t 106.954 s, 24.4 ms after the sync and hints
submit #2012 hib 2 dwords at 0xfe003a200: pass 1 rewrite 0 drop 0 unmapped 0 cc 0 mappings 308 ... OK rc 0 22.98 ms
timing: #2012 done at t 106.990 s, 24.2 ms after the sync and hints
submit #2013 dcb 96 dwords at 0xfe0042920: pass 20 rewrite 2 drop 2 unmapped 0 cc 0 mappings 308 ... OK rc 0 22.92 ms
timing: #2013 done at t 107.025 s, 24.4 ms after the sync and hints
submit #2014 dcb 2647 dwords at 0x503c02500: pass 236 rewrite 123 drop 120 unmapped 0 cc 4 mappings 308 ... OK rc 0 23.56 ms
timing: #2014 done at t 107.064 s, 27.1 ms after the sync and hints
state stack #2014: push 2 pop 2 conditional 1 unmatched 0; restored 1842 regs (+1874 dwords); tables 13, unreadable 0
submit #2015 dcb 851 dwords at 0x505a02500: pass 47 rewrite 55 drop 45 unmapped 0 cc 0 mappings 308 ... OK rc 0 22.94 ms
timing: #2015 done at t 107.100 s, 24.6 ms after the sync and hints
submit #2016 acb 2 dwords at 0xfe003a200: pass 1 rewrite 0 drop 0 unmapped 0 cc 0 mappings 308 ... OK rc 0 22.88 ms
timing: #2016 done at t 107.136 s, 24.1 ms after the sync and hints
submit #2017 acb 463 dwords at 0x4004867c0: pass 43 rewrite 11 drop 27 unmapped 0 cc 0 mappings 308 ... OK rc 0 23.34 ms
timing: #2017 done at t 107.171 s, 24.5 ms after the sync and hints
submit #2018 dcb 798 dwords at 0x506802500: pass 103 rewrite 35 drop 22 unmapped 0 cc 6 mappings 308 ... acb head: 3413 of 3462 dwords go ahead of the wait at 3413 on 0x400202f80
OK rc 0 23.78 ms
timing: #2018 done at t 107.211 s, 27.6 ms after the sync and hints
state stack #2018: push 3 pop 3 conditional 1 unmatched 0; restored 2763 regs (+2811 dwords); tables 17, unreadable 0
  indirect op 16 at 1640: args 0x74063c0 not mapped, DROPPED
  indirect op 16 at 1738: args 0x74063e0 not mapped, DROPPED
  indirect op 16 at 1833: args 0x74063e0 not mapped, DROPPED
submit #2019 acb 3413 dwords at 0x4002a55c0: pass 331 rewrite 70 drop 165 unmapped 0 cc 0 mappings 308 ... OK rc 0 24.26 ms
timing: #2019 done at t 107.247 s, 25.6 ms after the sync and hints
submit #2020 dcb 1248 dwords at 0x504e02500: pass 151 rewrite 46 drop 45 unmapped 0 cc 6 mappings 308 ... OK rc 0 23.10 ms
timing: #2020 done at t 107.285 s, 26.1 ms after the sync and hints
state stack #2020: push 3 pop 3 conditional 1 unmatched 0; restored 2763 regs (+2811 dwords); tables 11, unreadable 0
flip 1/1 buffer 0x5093f0000 +0x1fe0000: sum 0x17fb17d5f47d nonzero 8100/8160 pattern 0
  target CB0 0x507410000: distinct 53 min 0xc0000000 max 0xc340d034,   target CB0 0x507410000: nonzero 1024/1024
  target CB0 0x563800000: distinct 1 min 0x00000000 max 0x00000000,   target CB0 0x563800000: nonzero 0/1024
  target CB0 0x55c00d000: distinct 4 min 0x00000000 max 0xffffffff,   target CB0 0x55c00d000: nonzero 339/1024
  target CB0 0x5637f0000: distinct 1 min 0x00000000 max 0x00000000,   target CB0 0x5637f0000: nonzero 0/1024
  target CB0 0x526bf0000: distinct 1 min 0x38003800 max 0x38003800,   target CB0 0x526bf0000: nonzero 1024/1024
  target CB0 0x5719a8000: distinct 18 min 0x00000000 max 0xffffffff,   target CB0 0x5719a8000: nonzero 246/1024
  target DB_HTILE 0x5203a0000: distinct 2 min 0x00000000 max 0xfffffff0,   target DB_HTILE 0x5203a0000: nonzero 160/1024
  target DB_Z_READ 0x51db50000: distinct 1 min 0x3f800000 max 0x3f800000,   target DB_Z_READ 0x51db50000: nonzero 1024/1024
  target DB_STENCIL_READ 0x51fb30000: distinct 1 min 0x80800000 max 0x80800000,   target DB_STENCIL_READ 0x51fb30000: nonzero 1024/1024
  target CB0 0x513bf0000: distinct 1 min 0x00000000 max 0x00000000,   target CB0 0x513bf0000: nonzero 0/1024
  target CB0 0x571867000: distinct 20 min 0x00000000 max 0xffffffff,   target CB0 0x571867000: nonzero 359/1024
  target CB0 0x57187b000: distinct 20 min 0x00000000 max 0xffffffff,   target CB0 0x57187b000: nonzero 339/1024
  target CB0 0x519b90000: distinct 1 min 0x05e60222 max 0x05e60222,   target CB0 0x519b90000: nonzero 1024/1024
  target CB0 0x5718eb000: distinct 19 min 0x00000000 max 0xffffffff,   target CB0 0x5718eb000: nonzero 267/1024
  target DB_HTILE 0x55c0e0000: distinct 2 min 0x00000000 max 0xffffffff,   target DB_HTILE 0x55c0e0000: nonzero 192/1024
  target DB_Z_READ 0x527430000: distinct 1 min 0xffffffff max 0xffffffff,   target DB_Z_READ 0x527430000: nonzero 1024/1024
timing: t 107.286 s flip 1/1, VideoOutSubmitFlip took 0.0 ms
  indirect op 16 at 1246: base 0x5074063c0 +0x0 -> 1 1 1 0 0
  indirect op 16 at 1278: base 0x5074063e0 +0x0 -> 1 1 1 0 0
  indirect op 16 at 1310: base 0x50740a520 +0x0 -> 1 1 1 0 0
  indirect op 16 at 1342: base 0x50740a540 +0x0 -> 1 1 1 0 0
  indirect op 25 at 4825: base 0x56ddaffa0 +0x0 -> 1 0 0 0 0
submit #2021 dcb 10440 dwords at 0x502702500: pass 691 rewrite 518 drop 462 unmapped 1 cc 12 mappings 308 ... OK rc 0 29.04 ms
timing: #2021 done at t 107.336 s, 38.1 ms after the sync and hints
state stack #2021: push 6 pop 6 conditional 1 unmatched 0; restored 5526 regs (+5622 dwords); tables 38, unreadable 0
submit #2022 acb 2 dwords at 0xfe003a200: pass 1 rewrite 0 drop 0 unmapped 0 cc 0 mappings 308 ... OK rc 0 23.17 ms
timing: #2022 done at t 107.372 s, 24.4 ms after the sync and hints
submit #2023 acb 49 dwords at 0x4002a8b14: pass 2 rewrite 3 drop 3 unmapped 0 cc 0 mappings 308 ... OK rc 0 23.04 ms
timing: #2023 done at t 107.408 s, 24.2 ms after the sync and hints
submit #2024 cc 3 dwords at 0x313b17cf4: pass 0 rewrite 1 drop 0 unmapped 0 cc 1 mappings 308 ... OK rc 0 22.87 ms
timing: #2024 done at t 107.443 s, 24.1 ms after the sync and hints
submit #2025 hib 150 dwords at 0xfe0000000: pass 12 rewrite 2 drop 2 unmapped 0 cc 2 mappings 308 ... OK rc 0 22.87 ms
timing: #2025 done at t 107.479 s, 24.4 ms after the sync and hints
submit #2026 hib 2 dwords at 0xfe003a200: pass 1 rewrite 0 drop 0 unmapped 0 cc 0 mappings 308 ... OK rc 0 22.90 ms
timing: #2026 done at t 107.514 s, 24.1 ms after the sync and hints
submit #2027 dcb 96 dwords at 0xfe0042920: pass 20 rewrite 2 drop 2 unmapped 0 cc 0 mappings 308 ... OK rc 0 22.88 ms
timing: #2027 done at t 107.550 s, 24.4 ms after the sync and hints
submit #2028 dcb 2647 dwords at 0x504302500: pass 236 rewrite 123 drop 120 unmapped 0 cc 4 mappings 308 ... OK rc 0 23.42 ms
timing: #2028 done at t 107.588 s, 27.0 ms after the sync and hints
state stack #2028: push 2 pop 2 conditional 1 unmatched 0; restored 1842 regs (+1874 dwords); tables 13, unreadable 0
submit #2029 acb 2 dwords at 0xfe003a200: pass 1 rewrite 0 drop 0 unmapped 0 cc 0 mappings 308 ... OK rc 0 23.15 ms
timing: #2029 done at t 107.625 s, 24.4 ms after the sync and hints
submit #2030 dcb 851 dwords at 0x505e02500: pass 47 rewrite 55 drop 45 unmapped 0 cc 0 mappings 308 ... OK rc 0 23.00 ms
timing: #2030 done at t 107.661 s, 24.8 ms after the sync and hints
submit #2031 acb 463 dwords at 0x400526840: pass 43 rewrite 11 drop 27 unmapped 0 cc 0 mappings 308 ... OK rc 0 23.43 ms
timing: #2031 done at t 107.697 s, 24.7 ms after the sync and hints
submit #2032 dcb 798 dwords at 0x506e02500: pass 103 rewrite 35 drop 22 unmapped 0 cc 6 mappings 308 ... acb head: 3413 of 3462 dwords go ahead of the wait at 3413 on 0x400203b80
OK rc 0 23.77 ms
timing: #2032 done at t 107.736 s, 27.5 ms after the sync and hints
state stack #2032: push 3 pop 3 conditional 1 unmatched 0; restored 2763 regs (+2811 dwords); tables 17, unreadable 0
  indirect op 16 at 1640: args 0x74063c0 not mapped, DROPPED
  indirect op 16 at 1738: args 0x74063e0 not mapped, DROPPED
  indirect op 16 at 1833: args 0x74063e0 not mapped, DROPPED
submit #2033 acb 3413 dwords at 0x400345640: pass 331 rewrite 70 drop 165 unmapped 0 cc 0 mappings 308 ... OK rc 0 24.68 ms
timing: #2033 done at t 107.773 s, 26.1 ms after the sync and hints
submit #2034 dcb 1248 dwords at 0x505202500: pass 151 rewrite 46 drop 45 unmapped 0 cc 6 mappings 308 ... OK rc 0 23.23 ms
timing: #2034 done at t 107.811 s, 26.2 ms after the sync and hints
state stack #2034: push 3 pop 3 conditional 1 unmatched 0; restored 2763 regs (+2811 dwords); tables 11, unreadable 0
flip 1/0 buffer 0x507410000 +0x1fe0000: sum 0x17fb17d5f47d nonzero 8100/8160 pattern 0
  target CB0 0x5093f0000: distinct 53 min 0xc0000000 max 0xc340d034,   target CB0 0x5093f0000: nonzero 1024/1024
  target CB0 0x563800000: distinct 1 min 0x00000000 max 0x00000000,   target CB0 0x563800000: nonzero 0/1024
  target CB0 0x55c00d000: distinct 4 min 0x00000000 max 0xffffffff,   target CB0 0x55c00d000: nonzero 339/1024
  target CB0 0x5637f0000: distinct 1 min 0x00000000 max 0x00000000,   target CB0 0x5637f0000: nonzero 0/1024
  target CB0 0x526bf0000: distinct 1 min 0x38003800 max 0x38003800,   target CB0 0x526bf0000: nonzero 1024/1024
  target CB0 0x5719a8000: distinct 18 min 0x00000000 max 0xffffffff,   target CB0 0x5719a8000: nonzero 246/1024
  target DB_HTILE 0x5203a0000: distinct 2 min 0x00000000 max 0xfffffff0,   target DB_HTILE 0x5203a0000: nonzero 160/1024
  target DB_Z_READ 0x51db50000: distinct 1 min 0x3f800000 max 0x3f800000,   target DB_Z_READ 0x51db50000: nonzero 1024/1024
  target DB_STENCIL_READ 0x51fb30000: distinct 1 min 0x80800000 max 0x80800000,   target DB_STENCIL_READ 0x51fb30000: nonzero 1024/1024
  target CB0 0x513bf0000: distinct 1 min 0x00000000 max 0x00000000,   target CB0 0x513bf0000: nonzero 0/1024
  target CB0 0x571867000: distinct 20 min 0x00000000 max 0xffffffff,   target CB0 0x571867000: nonzero 359/1024
  target CB0 0x57187b000: distinct 20 min 0x00000000 max 0xffffffff,   target CB0 0x57187b000: nonzero 339/1024
  target CB0 0x519b90000: distinct 1 min 0x00d88333 max 0x00d88333,   target CB0 0x519b90000: nonzero 1024/1024
  target CB0 0x5718eb000: distinct 19 min 0x00000000 max 0xffffffff,   target CB0 0x5718eb000: nonzero 267/1024
  target DB_HTILE 0x55c0e0000: distinct 2 min 0x00000000 max 0xffffffff,   target DB_HTILE 0x55c0e0000: nonzero 192/1024
  target DB_Z_READ 0x527430000: distinct 1 min 0xffffffff max 0xffffffff,   target DB_Z_READ 0x527430000: nonzero 1024/1024
timing: t 107.812 s flip 1/0, VideoOutSubmitFlip took 0.0 ms
  indirect op 16 at 1246: base 0x5074063c0 +0x0 -> 1 1 1 0 0
  indirect op 16 at 1278: base 0x5074063e0 +0x0 -> 1 1 1 0 0
  indirect op 16 at 1310: base 0x50740a520 +0x0 -> 1 1 1 0 0
  indirect op 16 at 1342: base 0x50740a540 +0x0 -> 1 1 1 0 0
  indirect op 25 at 4825: base 0x56ddaffa0 +0x0 -> 1 0 0 0 0
submit #2035 dcb 10440 dwords at 0x502e02500: pass 691 rewrite 518 drop 462 unmapped 1 cc 12 mappings 308 ... OK rc 0 29.22 ms
timing: #2035 done at t 107.864 s, 38.4 ms after the sync and hints
state stack #2035: push 6 pop 6 conditional 1 unmatched 0; restored 5526 regs (+5622 dwords); tables 38, unreadable 0
submit #2036 acb 2 dwords at 0xfe003a200: pass 1 rewrite 0 drop 0 unmapped 0 cc 0 mappings 308 ... OK rc 0 23.11 ms
timing: #2036 done at t 107.901 s, 24.4 ms after the sync and hints
submit #2037 acb 49 dwords at 0x400348b94: pass 2 rewrite 3 drop 3 unmapped 0 cc 0 mappings 308 ... OK rc 0 22.81 ms
timing: #2037 done at t 107.936 s, 24.0 ms after the sync and hints
submit #2038 cc 3 dwords at 0x313b17cf4: pass 0 rewrite 1 drop 0 unmapped 0 cc 1 mappings 308 ... OK rc 0 23.14 ms
timing: #2038 done at t 107.972 s, 24.3 ms after the sync and hints
submit #2039 hib 150 dwords at 0xfe0000000: pass 12 rewrite 2 drop 2 unmapped 0 cc 2 mappings 308 ... OK rc 0 23.27 ms
timing: #2039 done at t 108.009 s, 24.8 ms after the sync and hints
submit #2040 hib 2 dwords at 0xfe003a200: pass 1 rewrite 0 drop 0 unmapped 0 cc 0 mappings 308 ... OK rc 0 23.03 ms
timing: #2040 done at t 108.044 s, 24.2 ms after the sync and hints
submit #2041 dcb 96 dwords at 0xfe0042920: pass 20 rewrite 2 drop 2 unmapped 0 cc 0 mappings 308 ... OK rc 0 22.98 ms
timing: #2041 done at t 108.080 s, 24.5 ms after the sync and hints
submit #2042 dcb 2647 dwords at 0x503502500: pass 236 rewrite 123 drop 120 unmapped 0 cc 4 mappings 308 ... OK rc 0 23.34 ms
timing: #2042 done at t 108.118 s, 26.8 ms after the sync and hints
state stack #2042: push 2 pop 2 conditional 1 unmatched 0; restored 1842 regs (+1874 dwords); tables 13, unreadable 0
submit #2043 dcb 851 dwords at 0x505602500: pass 47 rewrite 55 drop 45 unmapped 0 cc 0 mappings 308 ... OK rc 0 23.20 ms
timing: #2043 done at t 108.155 s, 24.8 ms after the sync and hints
submit #2044 acb 2 dwords at 0xfe003a200: pass 1 rewrite 0 drop 0 unmapped 0 cc 0 mappings 308 ... OK rc 0 22.92 ms
timing: #2044 done at t 108.190 s, 24.1 ms after the sync and hints
submit #2045 acb 463 dwords at 0x4003e6740: pass 43 rewrite 11 drop 27 unmapped 0 cc 0 mappings 308 ... OK rc 0 23.25 ms
timing: #2045 done at t 108.226 s, 24.5 ms after the sync and hints
submit #2046 dcb 798 dwords at 0x506202500: pass 103 rewrite 35 drop 22 unmapped 0 cc 6 mappings 308 ... acb head: 3413 of 3462 dwords go ahead of the wait at 3413 on 0x400202380
OK rc 0 23.92 ms
timing: #2046 done at t 108.265 s, 28.0 ms after the sync and hints
state stack #2046: push 3 pop 3 conditional 1 unmatched 0; restored 2763 regs (+2811 dwords); tables 17, unreadable 0
  indirect op 16 at 1640: args 0x74063c0 not mapped, DROPPED
  indirect op 16 at 1738: args 0x74063e0 not mapped, DROPPED
  indirect op 16 at 1833: args 0x74063e0 not mapped, DROPPED
submit #2047 acb 3413 dwords at 0x400205540: pass 331 rewrite 70 drop 165 unmapped 0 cc 0 mappings 308 ... OK rc 0 24.91 ms
timing: #2047 done at t 108.303 s, 26.3 ms after the sync and hints
submit #2048 dcb 1248 dwords at 0x504a02500: pass 151 rewrite 46 drop 45 unmapped 0 cc 6 mappings 308 ... OK rc 0 23.18 ms
timing: #2048 done at t 108.341 s, 26.1 ms after the sync and hints
state stack #2048: push 3 pop 3 conditional 1 unmatched 0; restored 2763 regs (+2811 dwords); tables 11, unreadable 0
flip 1/1 buffer 0x5093f0000 +0x1fe0000: sum 0x17fb17d5f47d nonzero 8100/8160 pattern 0
  target CB0 0x507410000: distinct 53 min 0xc0000000 max 0xc340d034,   target CB0 0x507410000: nonzero 1024/1024
  target CB0 0x563800000: distinct 1 min 0x00000000 max 0x00000000,   target CB0 0x563800000: nonzero 0/1024
  target CB0 0x55c00d000: distinct 4 min 0x00000000 max 0xffffffff,   target CB0 0x55c00d000: nonzero 339/1024
  target CB0 0x5637f0000: distinct 1 min 0x00000000 max 0x00000000,   target CB0 0x5637f0000: nonzero 0/1024
  target CB0 0x526bf0000: distinct 1 min 0x38003800 max 0x38003800,   target CB0 0x526bf0000: nonzero 1024/1024
  target CB0 0x5719a8000: distinct 18 min 0x00000000 max 0xffffffff,   target CB0 0x5719a8000: nonzero 246/1024
  target DB_HTILE 0x5203a0000: distinct 2 min 0x00000000 max 0xfffffff0,   target DB_HTILE 0x5203a0000: nonzero 160/1024
  target DB_Z_READ 0x51db50000: distinct 1 min 0x3f800000 max 0x3f800000,   target DB_Z_READ 0x51db50000: nonzero 1024/1024
  target DB_STENCIL_READ 0x51fb30000: distinct 1 min 0x80800000 max 0x80800000,   target DB_STENCIL_READ 0x51fb30000: nonzero 1024/1024
  target CB0 0x513bf0000: distinct 1 min 0x00000000 max 0x00000000,   target CB0 0x513bf0000: nonzero 0/1024
  target CB0 0x571867000: distinct 20 min 0x00000000 max 0xffffffff,   target CB0 0x571867000: nonzero 359/1024
  target CB0 0x57187b000: distinct 20 min 0x00000000 max 0xffffffff,   target CB0 0x57187b000: nonzero 339/1024
  target CB0 0x519b90000: distinct 1 min 0x84370111 max 0x84370111,   target CB0 0x519b90000: nonzero 1024/1024
  target CB0 0x5718eb000: distinct 19 min 0x00000000 max 0xffffffff,   target CB0 0x5718eb000: nonzero 267/1024
  target DB_HTILE 0x55c0e0000: distinct 2 min 0x00000000 max 0xffffffff,   target DB_HTILE 0x55c0e0000: nonzero 192/1024
  target DB_Z_READ 0x527430000: distinct 1 min 0xffffffff max 0xffffffff,   target DB_Z_READ 0x527430000: nonzero 1024/1024
timing: t 108.342 s flip 1/1, VideoOutSubmitFlip took 0.0 ms
  indirect op 16 at 1246: base 0x5074063c0 +0x0 -> 1 1 1 0 0
  indirect op 16 at 1278: base 0x5074063e0 +0x0 -> 1 1 1 0 0
  indirect op 16 at 1310: base 0x50740a520 +0x0 -> 1 1 1 0 0
  indirect op 16 at 1342: base 0x50740a540 +0x0 -> 1 1 1 0 0
  indirect op 25 at 4825: base 0x56ddaffa0 +0x0 -> 1 0 0 0 0
submit #2049 dcb 10440 dwords at 0x502002500: pass 691 rewrite 518 drop 462 unmapped 1 cc 12 mappings 308 ... OK rc 0 29.21 ms
timing: #2049 done at t 108.393 s, 38.5 ms after the sync and hints
state stack #2049: push 6 pop 6 conditional 1 unmatched 0; restored 5526 regs (+5622 dwords); tables 38, unreadable 0
submit #2050 acb 2 dwords at 0xfe003a200: pass 1 rewrite 0 drop 0 unmapped 0 cc 0 mappings 308 ... OK rc 0 22.87 ms
timing: #2050 done at t 108.428 s, 24.2 ms after the sync and hints
submit #2051 acb 49 dwords at 0x400208a94: pass 2 rewrite 3 drop 3 unmapped 0 cc 0 mappings 308 ... OK rc 0 22.84 ms
timing: #2051 done at t 108.464 s, 24.0 ms after the sync and hints
submit #2052 cc 3 dwords at 0x313b17cf4: pass 0 rewrite 1 drop 0 unmapped 0 cc 1 mappings 308 ... OK rc 0 23.16 ms
timing: #2052 done at t 108.500 s, 24.4 ms after the sync and hints
submit #2053 hib 150 dwords at 0xfe0000000: pass 12 rewrite 2 drop 2 unmapped 0 cc 2 mappings 308 ... OK rc 0 23.17 ms
timing: #2053 done at t 108.536 s, 24.8 ms after the sync and hints
submit #2054 hib 2 dwords at 0xfe003a200: pass 1 rewrite 0 drop 0 unmapped 0 cc 0 mappings 308 ... OK rc 0 23.31 ms
timing: #2054 done at t 108.572 s, 24.5 ms after the sync and hints
submit #2055 dcb 96 dwords at 0xfe0042920: pass 20 rewrite 2 drop 2 unmapped 0 cc 0 mappings 308 ... OK rc 0 22.80 ms
timing: #2055 done at t 108.607 s, 24.3 ms after the sync and hints
submit #2056 dcb 2647 dwords at 0x503c02500: pass 236 rewrite 123 drop 120 unmapped 0 cc 4 mappings 308 ... OK rc 0 23.39 ms
timing: #2056 done at t 108.646 s, 26.8 ms after the sync and hints
state stack #2056: push 2 pop 2 conditional 1 unmatched 0; restored 1842 regs (+1874 dwords); tables 13, unreadable 0
submit #2057 acb 2 dwords at 0xfe003a200: pass 1 rewrite 0 drop 0 unmapped 0 cc 0 mappings 308 ... OK rc 0 22.84 ms
timing: #2057 done at t 108.681 s, 24.1 ms after the sync and hints
submit #2058 dcb 851 dwords at 0x505a02500: pass 47 rewrite 55 drop 45 unmapped 0 cc 0 mappings 308 ... OK rc 0 22.92 ms
timing: #2058 done at t 108.718 s, 24.6 ms after the sync and hints
submit #2059 acb 463 dwords at 0x4004867c0: pass 43 rewrite 11 drop 27 unmapped 0 cc 0 mappings 308 ... OK rc 0 23.17 ms
timing: #2059 done at t 108.754 s, 24.4 ms after the sync and hints
submit #2060 dcb 798 dwords at 0x506802500: pass 103 rewrite 35 drop 22 unmapped 0 cc 6 mappings 308 ... acb head: 3413 of 3462 dwords go ahead of the wait at 3413 on 0x400202f80
OK rc 0 23.90 ms
timing: #2060 done at t 108.793 s, 27.8 ms after the sync and hints
state stack #2060: push 3 pop 3 conditional 1 unmatched 0; restored 2763 regs (+2811 dwords); tables 17, unreadable 0
  indirect op 16 at 1640: args 0x74063c0 not mapped, DROPPED
  indirect op 16 at 1738: args 0x74063e0 not mapped, DROPPED
  indirect op 16 at 1833: args 0x74063e0 not mapped, DROPPED
submit #2061 acb 3413 dwords at 0x4002a55c0: pass 331 rewrite 70 drop 165 unmapped 0 cc 0 mappings 308 ... OK rc 0 24.24 ms
timing: #2061 done at t 108.830 s, 25.6 ms after the sync and hints
submit #2062 dcb 1248 dwords at 0x504e02500: pass 151 rewrite 46 drop 45 unmapped 0 cc 6 mappings 308 ... OK rc 0 23.39 ms
timing: #2062 done at t 108.868 s, 26.5 ms after the sync and hints
state stack #2062: push 3 pop 3 conditional 1 unmatched 0; restored 2763 regs (+2811 dwords); tables 11, unreadable 0
flip 1/0 buffer 0x507410000 +0x1fe0000: sum 0x17fb17d5f47d nonzero 8100/8160 pattern 0
  target CB0 0x5093f0000: distinct 53 min 0xc0000000 max 0xc340d034,   target CB0 0x5093f0000: nonzero 1024/1024
  target CB0 0x563800000: distinct 1 min 0x00000000 max 0x00000000,   target CB0 0x563800000: nonzero 0/1024
  target CB0 0x55c00d000: distinct 4 min 0x00000000 max 0xffffffff,   target CB0 0x55c00d000: nonzero 339/1024
  target CB0 0x5637f0000: distinct 1 min 0x00000000 max 0x00000000,   target CB0 0x5637f0000: nonzero 0/1024
  target CB0 0x526bf0000: distinct 1 min 0x38003800 max 0x38003800,   target CB0 0x526bf0000: nonzero 1024/1024
  target CB0 0x5719a8000: distinct 18 min 0x00000000 max 0xffffffff,   target CB0 0x5719a8000: nonzero 246/1024
  target DB_HTILE 0x5203a0000: distinct 2 min 0x00000000 max 0xfffffff0,   target DB_HTILE 0x5203a0000: nonzero 160/1024
  target DB_Z_READ 0x51db50000: distinct 1 min 0x3f800000 max 0x3f800000,   target DB_Z_READ 0x51db50000: nonzero 1024/1024
  target DB_STENCIL_READ 0x51fb30000: distinct 1 min 0x80800000 max 0x80800000,   target DB_STENCIL_READ 0x51fb30000: nonzero 1024/1024
  target CB0 0x513bf0000: distinct 1 min 0x00000000 max 0x00000000,   target CB0 0x513bf0000: nonzero 0/1024
  target CB0 0x571867000: distinct 20 min 0x00000000 max 0xffffffff,   target CB0 0x571867000: nonzero 359/1024
  target CB0 0x57187b000: distinct 20 min 0x00000000 max 0xffffffff,   target CB0 0x57187b000: nonzero 339/1024
  target CB0 0x519b90000: distinct 1 min 0x04378111 max 0x04378111,   target CB0 0x519b90000: nonzero 1024/1024
  target CB0 0x5718eb000: distinct 19 min 0x00000000 max 0xffffffff,   target CB0 0x5718eb000: nonzero 267/1024
  target DB_HTILE 0x55c0e0000: distinct 2 min 0x00000000 max 0xffffffff,   target DB_HTILE 0x55c0e0000: nonzero 192/1024
  target DB_Z_READ 0x527430000: distinct 1 min 0xffffffff max 0xffffffff,   target DB_Z_READ 0x527430000: nonzero 1024/1024
timing: t 108.869 s flip 1/0, VideoOutSubmitFlip took 0.0 ms
  indirect op 16 at 1246: base 0x5074063c0 +0x0 -> 1 1 1 0 0
  indirect op 16 at 1278: base 0x5074063e0 +0x0 -> 1 1 1 0 0
  indirect op 16 at 1310: base 0x50740a520 +0x0 -> 1 1 1 0 0
  indirect op 16 at 1342: base 0x50740a540 +0x0 -> 1 1 1 0 0
  indirect op 25 at 4825: base 0x56ddaffa0 +0x0 -> 1 0 0 0 0
submit #2063 dcb 10440 dwords at 0x502702500: pass 691 rewrite 518 drop 462 unmapped 1 cc 12 mappings 308 ... OK rc 0 29.33 ms
timing: #2063 done at t 108.920 s, 39.2 ms after the sync and hints
state stack #2063: push 6 pop 6 conditional 1 unmatched 0; restored 5526 regs (+5622 dwords); tables 38, unreadable 0
submit #2064 acb 2 dwords at 0xfe003a200: pass 1 rewrite 0 drop 0 unmapped 0 cc 0 mappings 308 ... OK rc 0 22.95 ms
timing: #2064 done at t 108.957 s, 24.3 ms after the sync and hints
swapped pages taken as resident so far: 0
vmas 115 total 13079.0 MiB resident 5031.4 MiB mapped 5031.4 MiB
submit #2065 acb 49 dwords at 0x4002a8b14: pass 2 rewrite 3 drop 3 unmapped 0 cc 0 mappings 309 ... OK rc 0 22.81 ms
timing: #2065 done at t 108.992 s, 23.9 ms after the sync and hints
submit #2066 cc 3 dwords at 0x313b17cf4: pass 0 rewrite 1 drop 0 unmapped 0 cc 1 mappings 309 ... OK rc 0 22.79 ms
timing: #2066 done at t 109.027 s, 24.0 ms after the sync and hints
submit #2067 hib 150 dwords at 0xfe0000000: pass 12 rewrite 2 drop 2 unmapped 0 cc 2 mappings 309 ... OK rc 0 23.06 ms
timing: #2067 done at t 109.063 s, 24.6 ms after the sync and hints
submit #2068 hib 2 dwords at 0xfe003a200: pass 1 rewrite 0 drop 0 unmapped 0 cc 0 mappings 309 ... OK rc 0 23.47 ms
timing: #2068 done at t 109.099 s, 24.6 ms after the sync and hints
submit #2069 dcb 96 dwords at 0xfe0042920: pass 20 rewrite 2 drop 2 unmapped 0 cc 0 mappings 309 ... OK rc 0 23.36 ms
timing: #2069 done at t 109.135 s, 24.8 ms after the sync and hints
submit #2070 dcb 2647 dwords at 0x504302500: pass 236 rewrite 123 drop 120 unmapped 0 cc 4 mappings 309 ... OK rc 0 23.87 ms
timing: #2070 done at t 109.175 s, 27.3 ms after the sync and hints
state stack #2070: push 2 pop 2 conditional 1 unmatched 0; restored 1842 regs (+1874 dwords); tables 13, unreadable 0
submit #2071 dcb 851 dwords at 0x505e02500: pass 47 rewrite 55 drop 45 unmapped 0 cc 0 mappings 309 ... OK rc 0 23.35 ms
timing: #2071 done at t 109.212 s, 25.0 ms after the sync and hints
submit #2072 acb 2 dwords at 0xfe003a200: pass 1 rewrite 0 drop 0 unmapped 0 cc 0 mappings 309 ... OK rc 0 22.77 ms
timing: #2072 done at t 109.247 s, 24.0 ms after the sync and hints
submit #2073 acb 463 dwords at 0x400526840: pass 43 rewrite 11 drop 27 unmapped 0 cc 0 mappings 309 ... OK rc 0 23.21 ms
timing: #2073 done at t 109.283 s, 24.4 ms after the sync and hints
submit #2074 dcb 798 dwords at 0x506e02500: pass 103 rewrite 35 drop 22 unmapped 0 cc 6 mappings 309 ... acb head: 3413 of 3462 dwords go ahead of the wait at 3413 on 0x400203b80
OK rc 0 24.04 ms
timing: #2074 done at t 109.322 s, 28.1 ms after the sync and hints
state stack #2074: push 3 pop 3 conditional 1 unmatched 0; restored 2763 regs (+2811 dwords); tables 17, unreadable 0
  indirect op 16 at 1640: args 0x74063c0 not mapped, DROPPED
  indirect op 16 at 1738: args 0x74063e0 not mapped, DROPPED
  indirect op 16 at 1833: args 0x74063e0 not mapped, DROPPED
submit #2075 acb 3413 dwords at 0x400345640: pass 331 rewrite 70 drop 165 unmapped 0 cc 0 mappings 309 ... OK rc 0 24.28 ms
timing: #2075 done at t 109.359 s, 25.7 ms after the sync and hints
submit #2076 dcb 1248 dwords at 0x505202500: pass 151 rewrite 46 drop 45 unmapped 0 cc 6 mappings 309 ... OK rc 0 23.39 ms
timing: #2076 done at t 109.398 s, 26.3 ms after the sync and hints
state stack #2076: push 3 pop 3 conditional 1 unmatched 0; restored 2763 regs (+2811 dwords); tables 11, unreadable 0
flip 1/1 buffer 0x5093f0000 +0x1fe0000: sum 0x17fb17d5f47d nonzero 8100/8160 pattern 0
  target CB0 0x507410000: distinct 53 min 0xc0000000 max 0xc340d034,   target CB0 0x507410000: nonzero 1024/1024
  target CB0 0x563800000: distinct 1 min 0x00000000 max 0x00000000,   target CB0 0x563800000: nonzero 0/1024
  target CB0 0x55c00d000: distinct 4 min 0x00000000 max 0xffffffff,   target CB0 0x55c00d000: nonzero 339/1024
  target CB0 0x5637f0000: distinct 1 min 0x00000000 max 0x00000000,   target CB0 0x5637f0000: nonzero 0/1024
  target CB0 0x526bf0000: distinct 1 min 0x38003800 max 0x38003800,   target CB0 0x526bf0000: nonzero 1024/1024
  target CB0 0x5719a8000: distinct 18 min 0x00000000 max 0xffffffff,   target CB0 0x5719a8000: nonzero 246/1024
  target DB_HTILE 0x5203a0000: distinct 2 min 0x00000000 max 0xfffffff0,   target DB_HTILE 0x5203a0000: nonzero 160/1024
  target DB_Z_READ 0x51db50000: distinct 1 min 0x3f800000 max 0x3f800000,   target DB_Z_READ 0x51db50000: nonzero 1024/1024
  target DB_STENCIL_READ 0x51fb30000: distinct 1 min 0x80800000 max 0x80800000,   target DB_STENCIL_READ 0x51fb30000: nonzero 1024/1024
  target CB0 0x513bf0000: distinct 1 min 0x00000000 max 0x00000000,   target CB0 0x513bf0000: nonzero 0/1024
  target CB0 0x571867000: distinct 20 min 0x00000000 max 0xffffffff,   target CB0 0x571867000: nonzero 359/1024
  target CB0 0x57187b000: distinct 20 min 0x00000000 max 0xffffffff,   target CB0 0x57187b000: nonzero 339/1024
  target CB0 0x519b90000: distinct 1 min 0x80d80333 max 0x80d80333,   target CB0 0x519b90000: nonzero 1024/1024
  target CB0 0x5718eb000: distinct 19 min 0x00000000 max 0xffffffff,   target CB0 0x5718eb000: nonzero 267/1024
  target DB_HTILE 0x55c0e0000: distinct 2 min 0x00000000 max 0xffffffff,   target DB_HTILE 0x55c0e0000: nonzero 192/1024
  target DB_Z_READ 0x527430000: distinct 1 min 0xffffffff max 0xffffffff,   target DB_Z_READ 0x527430000: nonzero 1024/1024
timing: t 109.398 s flip 1/1, VideoOutSubmitFlip took 0.0 ms
  indirect op 16 at 1246: base 0x5074063c0 +0x0 -> 1 1 1 0 0
  indirect op 16 at 1278: base 0x5074063e0 +0x0 -> 1 1 1 0 0
  indirect op 16 at 1310: base 0x50740a520 +0x0 -> 1 1 1 0 0
  indirect op 16 at 1342: base 0x50740a540 +0x0 -> 1 1 1 0 0
  indirect op 25 at 4825: base 0x56ddaffa0 +0x0 -> 1 0 0 0 0
submit #2077 dcb 10440 dwords at 0x502e02500: pass 691 rewrite 518 drop 462 unmapped 1 cc 12 mappings 309 ... OK rc 0 29.18 ms
timing: #2077 done at t 109.449 s, 38.4 ms after the sync and hints
state stack #2077: push 6 pop 6 conditional 1 unmatched 0; restored 5526 regs (+5622 dwords); tables 38, unreadable 0
submit #2078 acb 2 dwords at 0xfe003a200: pass 1 rewrite 0 drop 0 unmapped 0 cc 0 mappings 309 ... OK rc 0 22.79 ms
timing: #2078 done at t 109.485 s, 24.0 ms after the sync and hints
submit #2079 acb 49 dwords at 0x400348b94: pass 2 rewrite 3 drop 3 unmapped 0 cc 0 mappings 309 ... OK rc 0 23.04 ms
timing: #2079 done at t 109.521 s, 24.3 ms after the sync and hints
submit #2080 cc 3 dwords at 0x313b17cf4: pass 0 rewrite 1 drop 0 unmapped 0 cc 1 mappings 309 ... OK rc 0 22.98 ms
timing: #2080 done at t 109.557 s, 24.2 ms after the sync and hints
submit #2081 hib 150 dwords at 0xfe0000000: pass 12 rewrite 2 drop 2 unmapped 0 cc 2 mappings 309 ... OK rc 0 22.79 ms
timing: #2081 done at t 109.593 s, 24.4 ms after the sync and hints
submit #2082 hib 2 dwords at 0xfe003a200: pass 1 rewrite 0 drop 0 unmapped 0 cc 0 mappings 309 ... OK rc 0 23.00 ms
timing: #2082 done at t 109.629 s, 24.3 ms after the sync and hints
submit #2083 dcb 96 dwords at 0xfe0042920: pass 20 rewrite 2 drop 2 unmapped 0 cc 0 mappings 309 ... OK rc 0 23.00 ms
timing: #2083 done at t 109.664 s, 24.5 ms after the sync and hints
submit #2084 dcb 2647 dwords at 0x503502500: pass 236 rewrite 123 drop 120 unmapped 0 cc 4 mappings 309 ... OK rc 0 23.46 ms
timing: #2084 done at t 109.703 s, 27.0 ms after the sync and hints
state stack #2084: push 2 pop 2 conditional 1 unmatched 0; restored 1842 regs (+1874 dwords); tables 13, unreadable 0
submit #2085 dcb 851 dwords at 0x505602500: pass 47 rewrite 55 drop 45 unmapped 0 cc 0 mappings 309 ... OK rc 0 23.21 ms
timing: #2085 done at t 109.740 s, 25.0 ms after the sync and hints
submit #2086 acb 2 dwords at 0xfe003a200: pass 1 rewrite 0 drop 0 unmapped 0 cc 0 mappings 309 ... OK rc 0 22.81 ms
timing: #2086 done at t 109.775 s, 24.0 ms after the sync and hints
submit #2087 acb 463 dwords at 0x4003e6740: pass 43 rewrite 11 drop 27 unmapped 0 cc 0 mappings 309 ... OK rc 0 23.50 ms
timing: #2087 done at t 109.811 s, 25.0 ms after the sync and hints
submit #2088 dcb 798 dwords at 0x506202500: pass 103 rewrite 35 drop 22 unmapped 0 cc 6 mappings 309 ... acb head: 3413 of 3462 dwords go ahead of the wait at 3413 on 0x400202380
OK rc 0 23.66 ms
timing: #2088 done at t 109.850 s, 27.6 ms after the sync and hints
state stack #2088: push 3 pop 3 conditional 1 unmatched 0; restored 2763 regs (+2811 dwords); tables 17, unreadable 0
  indirect op 16 at 1640: args 0x74063c0 not mapped, DROPPED
  indirect op 16 at 1738: args 0x74063e0 not mapped, DROPPED
  indirect op 16 at 1833: args 0x74063e0 not mapped, DROPPED
submit #2089 acb 3413 dwords at 0x400205540: pass 331 rewrite 70 drop 165 unmapped 0 cc 0 mappings 309 ... OK rc 0 24.35 ms
timing: #2089 done at t 109.887 s, 25.7 ms after the sync and hints
submit #2090 dcb 1248 dwords at 0x504a02500: pass 151 rewrite 46 drop 45 unmapped 0 cc 6 mappings 309 ... OK rc 0 23.07 ms
timing: #2090 done at t 109.925 s, 26.1 ms after the sync and hints
state stack #2090: push 3 pop 3 conditional 1 unmatched 0; restored 2763 regs (+2811 dwords); tables 11, unreadable 0
flip 1/0 buffer 0x507410000 +0x1fe0000: sum 0x17fb17d5f47d nonzero 8100/8160 pattern 0
  target CB0 0x5093f0000: distinct 53 min 0xc0000000 max 0xc340d034,   target CB0 0x5093f0000: nonzero 1024/1024
  target CB0 0x563800000: distinct 1 min 0x00000000 max 0x00000000,   target CB0 0x563800000: nonzero 0/1024
  target CB0 0x55c00d000: distinct 4 min 0x00000000 max 0xffffffff,   target CB0 0x55c00d000: nonzero 339/1024
  target CB0 0x5637f0000: distinct 1 min 0x00000000 max 0x00000000,   target CB0 0x5637f0000: nonzero 0/1024
  target CB0 0x526bf0000: distinct 1 min 0x38003800 max 0x38003800,   target CB0 0x526bf0000: nonzero 1024/1024
  target CB0 0x5719a8000: distinct 18 min 0x00000000 max 0xffffffff,   target CB0 0x5719a8000: nonzero 246/1024
  target DB_HTILE 0x5203a0000: distinct 2 min 0x00000000 max 0xfffffff0,   target DB_HTILE 0x5203a0000: nonzero 160/1024
  target DB_Z_READ 0x51db50000: distinct 1 min 0x3f800000 max 0x3f800000,   target DB_Z_READ 0x51db50000: nonzero 1024/1024
  target DB_STENCIL_READ 0x51fb30000: distinct 1 min 0x80800000 max 0x80800000,   target DB_STENCIL_READ 0x51fb30000: nonzero 1024/1024
  target CB0 0x513bf0000: distinct 1 min 0x00000000 max 0x00000000,   target CB0 0x513bf0000: nonzero 0/1024
  target CB0 0x571867000: distinct 20 min 0x00000000 max 0xffffffff,   target CB0 0x571867000: nonzero 359/1024
  target CB0 0x57187b000: distinct 20 min 0x00000000 max 0xffffffff,   target CB0 0x57187b000: nonzero 339/1024
  target CB0 0x519b90000: distinct 1 min 0x85e683bc max 0x85e683bc,   target CB0 0x519b90000: nonzero 1024/1024
  target CB0 0x5718eb000: distinct 19 min 0x00000000 max 0xffffffff,   target CB0 0x5718eb000: nonzero 267/1024
  target DB_HTILE 0x55c0e0000: distinct 2 min 0x00000000 max 0xffffffff,   target DB_HTILE 0x55c0e0000: nonzero 192/1024
  target DB_Z_READ 0x527430000: distinct 1 min 0xffffffff max 0xffffffff,   target DB_Z_READ 0x527430000: nonzero 1024/1024
timing: t 109.926 s flip 1/0, VideoOutSubmitFlip took 0.0 ms
  indirect op 16 at 1246: base 0x5074063c0 +0x0 -> 1 1 1 0 0
  indirect op 16 at 1278: base 0x5074063e0 +0x0 -> 1 1 1 0 0
  indirect op 16 at 1310: base 0x50740a520 +0x0 -> 1 1 1 0 0
  indirect op 16 at 1342: base 0x50740a540 +0x0 -> 1 1 1 0 0
  indirect op 25 at 4825: base 0x56ddaffa0 +0x0 -> 1 0 0 0 0
submit #2091 dcb 10440 dwords at 0x502002500: pass 691 rewrite 518 drop 462 unmapped 1 cc 12 mappings 309 ... OK rc 0 29.10 ms
timing: #2091 done at t 109.976 s, 38.2 ms after the sync and hints
state stack #2091: push 6 pop 6 conditional 1 unmatched 0; restored 5526 regs (+5622 dwords); tables 38, unreadable 0
submit #2092 acb 2 dwords at 0xfe003a200: pass 1 rewrite 0 drop 0 unmapped 0 cc 0 mappings 309 ... OK rc 0 22.83 ms
timing: #2092 done at t 110.012 s, 24.1 ms after the sync and hints
submit #2093 acb 49 dwords at 0x400208a94: pass 2 rewrite 3 drop 3 unmapped 0 cc 0 mappings 309 ... OK rc 0 22.83 ms
timing: #2093 done at t 110.047 s, 24.1 ms after the sync and hints
submit #2094 cc 3 dwords at 0x313b17cf4: pass 0 rewrite 1 drop 0 unmapped 0 cc 1 mappings 309 ... OK rc 0 22.86 ms
timing: #2094 done at t 110.083 s, 24.1 ms after the sync and hints
submit #2095 hib 150 dwords at 0xfe0000000: pass 12 rewrite 2 drop 2 unmapped 0 cc 2 mappings 309 ... OK rc 0 22.82 ms
timing: #2095 done at t 110.118 s, 24.4 ms after the sync and hints
submit #2096 hib 2 dwords at 0xfe003a200: pass 1 rewrite 0 drop 0 unmapped 0 cc 0 mappings 309 ... OK rc 0 22.89 ms
timing: #2096 done at t 110.154 s, 24.1 ms after the sync and hints
submit #2097 dcb 96 dwords at 0xfe0042920: pass 20 rewrite 2 drop 2 unmapped 0 cc 0 mappings 309 ... OK rc 0 22.78 ms
timing: #2097 done at t 110.189 s, 24.4 ms after the sync and hints
submit #2098 dcb 2647 dwords at 0x503c02500: pass 236 rewrite 123 drop 120 unmapped 0 cc 4 mappings 309 ... OK rc 0 23.26 ms
timing: #2098 done at t 110.228 s, 26.8 ms after the sync and hints
state stack #2098: push 2 pop 2 conditional 1 unmatched 0; restored 1842 regs (+1874 dwords); tables 13, unreadable 0
submit #2099 dcb 851 dwords at 0x505a02500: pass 47 rewrite 55 drop 45 unmapped 0 cc 0 mappings 309 ... OK rc 0 22.94 ms
timing: #2099 done at t 110.264 s, 24.7 ms after the sync and hints
submit #2100 acb 2 dwords at 0xfe003a200: pass 1 rewrite 0 drop 0 unmapped 0 cc 0 mappings 309 ... OK rc 0 22.88 ms
timing: #2100 done at t 110.300 s, 24.1 ms after the sync and hints
submit #2101 acb 463 dwords at 0x4004867c0: pass 43 rewrite 11 drop 27 unmapped 0 cc 0 mappings 309 ... OK rc 0 23.16 ms
timing: #2101 done at t 110.335 s, 24.6 ms after the sync and hints
submit #2102 dcb 798 dwords at 0x506802500: pass 103 rewrite 35 drop 22 unmapped 0 cc 6 mappings 309 ... acb head: 3413 of 3462 dwords go ahead of the wait at 3413 on 0x400202f80
OK rc 0 23.60 ms
timing: #2102 done at t 110.374 s, 27.4 ms after the sync and hints
state stack #2102: push 3 pop 3 conditional 1 unmatched 0; restored 2763 regs (+2811 dwords); tables 17, unreadable 0
  indirect op 16 at 1640: args 0x74063c0 not mapped, DROPPED
  indirect op 16 at 1738: args 0x74063e0 not mapped, DROPPED
  indirect op 16 at 1833: args 0x74063e0 not mapped, DROPPED
submit #2103 acb 3413 dwords at 0x4002a55c0: pass 331 rewrite 70 drop 165 unmapped 0 cc 0 mappings 309 ... OK rc 0 24.39 ms
timing: #2103 done at t 110.411 s, 25.8 ms after the sync and hints
submit #2104 dcb 1248 dwords at 0x504e02500: pass 151 rewrite 46 drop 45 unmapped 0 cc 6 mappings 309 ... OK rc 0 23.02 ms
timing: #2104 done at t 110.449 s, 26.0 ms after the sync and hints
state stack #2104: push 3 pop 3 conditional 1 unmatched 0; restored 2763 regs (+2811 dwords); tables 11, unreadable 0
flip 1/1 buffer 0x5093f0000 +0x1fe0000: sum 0x17fb17d5f47d nonzero 8100/8160 pattern 0
  target CB0 0x507410000: distinct 53 min 0xc0000000 max 0xc340d034,   target CB0 0x507410000: nonzero 1024/1024
  target CB0 0x563800000: distinct 1 min 0x00000000 max 0x00000000,   target CB0 0x563800000: nonzero 0/1024
  target CB0 0x55c00d000: distinct 4 min 0x00000000 max 0xffffffff,   target CB0 0x55c00d000: nonzero 339/1024
  target CB0 0x5637f0000: distinct 1 min 0x00000000 max 0x00000000,   target CB0 0x5637f0000: nonzero 0/1024
  target CB0 0x526bf0000: distinct 1 min 0x38003800 max 0x38003800,   target CB0 0x526bf0000: nonzero 1024/1024
  target CB0 0x5719a8000: distinct 18 min 0x00000000 max 0xffffffff,   target CB0 0x5719a8000: nonzero 246/1024
  target DB_HTILE 0x5203a0000: distinct 2 min 0x00000000 max 0xfffffff0,   target DB_HTILE 0x5203a0000: nonzero 160/1024
  target DB_Z_READ 0x51db50000: distinct 1 min 0x3f800000 max 0x3f800000,   target DB_Z_READ 0x51db50000: nonzero 1024/1024
  target DB_STENCIL_READ 0x51fb30000: distinct 1 min 0x80800000 max 0x80800000,   target DB_STENCIL_READ 0x51fb30000: nonzero 1024/1024
  target CB0 0x513bf0000: distinct 1 min 0x00000000 max 0x00000000,   target CB0 0x513bf0000: nonzero 0/1024
  target CB0 0x571867000: distinct 20 min 0x00000000 max 0xffffffff,   target CB0 0x571867000: nonzero 359/1024
  target CB0 0x57187b000: distinct 20 min 0x00000000 max 0xffffffff,   target CB0 0x57187b000: nonzero 339/1024
  target CB0 0x519b90000: distinct 1 min 0x07060089 max 0x07060089,   target CB0 0x519b90000: nonzero 1024/1024
  target CB0 0x5718eb000: distinct 19 min 0x00000000 max 0xffffffff,   target CB0 0x5718eb000: nonzero 267/1024
  target DB_HTILE 0x55c0e0000: distinct 2 min 0x00000000 max 0xffffffff,   target DB_HTILE 0x55c0e0000: nonzero 192/1024
  target DB_Z_READ 0x527430000: distinct 1 min 0xffffffff max 0xffffffff,   target DB_Z_READ 0x527430000: nonzero 1024/1024
timing: t 110.450 s flip 1/1, VideoOutSubmitFlip took 0.0 ms
  indirect op 16 at 1246: base 0x5074063c0 +0x0 -> 1 1 1 0 0
  indirect op 16 at 1278: base 0x5074063e0 +0x0 -> 1 1 1 0 0
  indirect op 16 at 1310: base 0x50740a520 +0x0 -> 1 1 1 0 0
  indirect op 16 at 1342: base 0x50740a540 +0x0 -> 1 1 1 0 0
  indirect op 25 at 4825: base 0x56ddaffa0 +0x0 -> 1 0 0 0 0
submit #2105 dcb 10440 dwords at 0x502702500: pass 691 rewrite 518 drop 462 unmapped 1 cc 12 mappings 309 ... OK rc 0 28.96 ms
timing: #2105 done at t 110.499 s, 38.1 ms after the sync and hints
state stack #2105: push 6 pop 6 conditional 1 unmatched 0; restored 5526 regs (+5622 dwords); tables 38, unreadable 0
submit #2106 acb 2 dwords at 0xfe003a200: pass 1 rewrite 0 drop 0 unmapped 0 cc 0 mappings 309 ... OK rc 0 22.85 ms
timing: #2106 done at t 110.535 s, 24.1 ms after the sync and hints
swapped pages taken as resident so far: 0
vmas 115 total 13079.0 MiB resident 5031.4 MiB mapped 5031.6 MiB
submit #2107 acb 49 dwords at 0x4002a8b14: pass 2 rewrite 3 drop 3 unmapped 0 cc 0 mappings 311 ... OK rc 0 22.88 ms
timing: #2107 done at t 110.571 s, 24.1 ms after the sync and hints
submit #2108 cc 3 dwords at 0x313b17cf4: pass 0 rewrite 1 drop 0 unmapped 0 cc 1 mappings 311 ... OK rc 0 22.98 ms
timing: #2108 done at t 110.606 s, 24.2 ms after the sync and hints
submit #2109 hib 150 dwords at 0xfe0000000: pass 12 rewrite 2 drop 2 unmapped 0 cc 2 mappings 311 ... OK rc 0 22.79 ms
timing: #2109 done at t 110.642 s, 24.4 ms after the sync and hints
submit #2110 hib 2 dwords at 0xfe003a200: pass 1 rewrite 0 drop 0 unmapped 0 cc 0 mappings 311 ... OK rc 0 22.79 ms
timing: #2110 done at t 110.677 s, 24.0 ms after the sync and hints
submit #2111 dcb 96 dwords at 0xfe0042920: pass 20 rewrite 2 drop 2 unmapped 0 cc 0 mappings 311 ... OK rc 0 22.84 ms
timing: #2111 done at t 110.713 s, 24.4 ms after the sync and hints
submit #2112 dcb 2647 dwords at 0x504302500: pass 236 rewrite 123 drop 120 unmapped 0 cc 4 mappings 311 ... OK rc 0 23.34 ms
timing: #2112 done at t 110.751 s, 26.9 ms after the sync and hints
state stack #2112: push 2 pop 2 conditional 1 unmatched 0; restored 1842 regs (+1874 dwords); tables 13, unreadable 0
submit #2113 dcb 851 dwords at 0x505e02500: pass 47 rewrite 55 drop 45 unmapped 0 cc 0 mappings 311 ... OK rc 0 22.94 ms
timing: #2113 done at t 110.788 s, 24.6 ms after the sync and hints
submit #2114 acb 2 dwords at 0xfe003a200: pass 1 rewrite 0 drop 0 unmapped 0 cc 0 mappings 311 ... OK rc 0 23.11 ms
timing: #2114 done at t 110.824 s, 24.6 ms after the sync and hints
submit #2115 acb 463 dwords at 0x400526840: pass 43 rewrite 11 drop 27 unmapped 0 cc 0 mappings 311 ... OK rc 0 23.29 ms
timing: #2115 done at t 110.861 s, 24.7 ms after the sync and hints
submit #2116 dcb 798 dwords at 0x506e02500: pass 103 rewrite 35 drop 22 unmapped 0 cc 6 mappings 311 ... acb head: 3413 of 3462 dwords go ahead of the wait at 3413 on 0x400203b80
OK rc 0 23.68 ms
timing: #2116 done at t 110.900 s, 27.6 ms after the sync and hints
state stack #2116: push 3 pop 3 conditional 1 unmatched 0; restored 2763 regs (+2811 dwords); tables 17, unreadable 0
  indirect op 16 at 1640: args 0x74063c0 not mapped, DROPPED
  indirect op 16 at 1738: args 0x74063e0 not mapped, DROPPED
  indirect op 16 at 1833: args 0x74063e0 not mapped, DROPPED
submit #2117 acb 3413 dwords at 0x400345640: pass 331 rewrite 70 drop 165 unmapped 0 cc 0 mappings 311 ... OK rc 0 24.82 ms
timing: #2117 done at t 110.937 s, 26.3 ms after the sync and hints
submit #2118 dcb 1248 dwords at 0x505202500: pass 151 rewrite 46 drop 45 unmapped 0 cc 6 mappings 311 ... OK rc 0 23.02 ms
timing: #2118 done at t 110.975 s, 26.0 ms after the sync and hints
state stack #2118: push 3 pop 3 conditional 1 unmatched 0; restored 2763 regs (+2811 dwords); tables 11, unreadable 0
flip 1/0 buffer 0x507410000 +0x1fe0000: sum 0x17fb17d5f47d nonzero 8100/8160 pattern 0
  target CB0 0x5093f0000: distinct 53 min 0xc0000000 max 0xc340d034,   target CB0 0x5093f0000: nonzero 1024/1024
  target CB0 0x563800000: distinct 1 min 0x00000000 max 0x00000000,   target CB0 0x563800000: nonzero 0/1024
  target CB0 0x55c00d000: distinct 4 min 0x00000000 max 0xffffffff,   target CB0 0x55c00d000: nonzero 339/1024
  target CB0 0x5637f0000: distinct 1 min 0x00000000 max 0x00000000,   target CB0 0x5637f0000: nonzero 0/1024
  target CB0 0x526bf0000: distinct 1 min 0x38003800 max 0x38003800,   target CB0 0x526bf0000: nonzero 1024/1024
  target CB0 0x5719a8000: distinct 18 min 0x00000000 max 0xffffffff,   target CB0 0x5719a8000: nonzero 246/1024
  target DB_HTILE 0x5203a0000: distinct 2 min 0x00000000 max 0xfffffff0,   target DB_HTILE 0x5203a0000: nonzero 160/1024
  target DB_Z_READ 0x51db50000: distinct 1 min 0x3f800000 max 0x3f800000,   target DB_Z_READ 0x51db50000: nonzero 1024/1024
  target DB_STENCIL_READ 0x51fb30000: distinct 1 min 0x80800000 max 0x80800000,   target DB_STENCIL_READ 0x51fb30000: nonzero 1024/1024
  target CB0 0x513bf0000: distinct 1 min 0x00000000 max 0x00000000,   target CB0 0x513bf0000: nonzero 0/1024
  target CB0 0x571867000: distinct 20 min 0x00000000 max 0xffffffff,   target CB0 0x571867000: nonzero 359/1024
  target CB0 0x57187b000: distinct 20 min 0x00000000 max 0xffffffff,   target CB0 0x57187b000: nonzero 339/1024
  target CB0 0x519b90000: distinct 1 min 0x831702ab max 0x831702ab,   target CB0 0x519b90000: nonzero 1024/1024
  target CB0 0x5718eb000: distinct 19 min 0x00000000 max 0xffffffff,   target CB0 0x5718eb000: nonzero 267/1024
  target DB_HTILE 0x55c0e0000: distinct 2 min 0x00000000 max 0xffffffff,   target DB_HTILE 0x55c0e0000: nonzero 192/1024
  target DB_Z_READ 0x527430000: distinct 1 min 0xffffffff max 0xffffffff,   target DB_Z_READ 0x527430000: nonzero 1024/1024
timing: t 110.976 s flip 1/0, VideoOutSubmitFlip took 0.0 ms
  indirect op 16 at 1246: base 0x5074063c0 +0x0 -> 1 1 1 0 0
  indirect op 16 at 1278: base 0x5074063e0 +0x0 -> 1 1 1 0 0
  indirect op 16 at 1310: base 0x50740a520 +0x0 -> 1 1 1 0 0
  indirect op 16 at 1342: base 0x50740a540 +0x0 -> 1 1 1 0 0
  indirect op 25 at 4825: base 0x56ddaffa0 +0x0 -> 1 0 0 0 0
submit #2119 dcb 10440 dwords at 0x502e02500: pass 691 rewrite 518 drop 462 unmapped 1 cc 12 mappings 311 ... OK rc 0 28.89 ms
timing: #2119 done at t 111.026 s, 37.9 ms after the sync and hints
state stack #2119: push 6 pop 6 conditional 1 unmatched 0; restored 5526 regs (+5622 dwords); tables 38, unreadable 0
submit #2120 acb 2 dwords at 0xfe003a200: pass 1 rewrite 0 drop 0 unmapped 0 cc 0 mappings 311 ... OK rc 0 22.97 ms
timing: #2120 done at t 111.061 s, 24.2 ms after the sync and hints
submit #2121 acb 49 dwords at 0x400348b94: pass 2 rewrite 3 drop 3 unmapped 0 cc 0 mappings 311 ... OK rc 0 23.25 ms
timing: #2121 done at t 111.097 s, 24.5 ms after the sync and hints
submit #2122 cc 3 dwords at 0x313b17cf4: pass 0 rewrite 1 drop 0 unmapped 0 cc 1 mappings 311 ... OK rc 0 23.18 ms
timing: #2122 done at t 111.134 s, 24.5 ms after the sync and hints
submit #2123 hib 150 dwords at 0xfe0000000: pass 12 rewrite 2 drop 2 unmapped 0 cc 2 mappings 311 ... OK rc 0 22.99 ms
timing: #2123 done at t 111.170 s, 24.7 ms after the sync and hints
submit #2124 hib 2 dwords at 0xfe003a200: pass 1 rewrite 0 drop 0 unmapped 0 cc 0 mappings 311 ... OK rc 0 23.11 ms
timing: #2124 done at t 111.205 s, 24.4 ms after the sync and hints
submit #2125 dcb 96 dwords at 0xfe0042920: pass 20 rewrite 2 drop 2 unmapped 0 cc 0 mappings 311 ... OK rc 0 22.86 ms
timing: #2125 done at t 111.241 s, 24.4 ms after the sync and hints
submit #2126 dcb 2647 dwords at 0x503502500: pass 236 rewrite 123 drop 120 unmapped 0 cc 4 mappings 311 ... OK rc 0 23.39 ms
timing: #2126 done at t 111.280 s, 27.0 ms after the sync and hints
state stack #2126: push 2 pop 2 conditional 1 unmatched 0; restored 1842 regs (+1874 dwords); tables 13, unreadable 0
submit #2127 dcb 851 dwords at 0x505602500: pass 47 rewrite 55 drop 45 unmapped 0 cc 0 mappings 311 ... OK rc 0 22.94 ms
timing: #2127 done at t 111.316 s, 24.6 ms after the sync and hints
submit #2128 acb 2 dwords at 0xfe003a200: pass 1 rewrite 0 drop 0 unmapped 0 cc 0 mappings 311 ... OK rc 0 22.89 ms
timing: #2128 done at t 111.352 s, 24.3 ms after the sync and hints
submit #2129 acb 463 dwords at 0x4003e6740: pass 43 rewrite 11 drop 27 unmapped 0 cc 0 mappings 311 ... OK rc 0 23.19 ms
timing: #2129 done at t 111.388 s, 24.4 ms after the sync and hints
submit #2130 dcb 798 dwords at 0x506202500: pass 103 rewrite 35 drop 22 unmapped 0 cc 6 mappings 311 ... acb head: 3413 of 3462 dwords go ahead of the wait at 3413 on 0x400202380
OK rc 0 23.79 ms
timing: #2130 done at t 111.427 s, 27.6 ms after the sync and hints
state stack #2130: push 3 pop 3 conditional 1 unmatched 0; restored 2763 regs (+2811 dwords); tables 17, unreadable 0
  indirect op 16 at 1640: args 0x74063c0 not mapped, DROPPED
  indirect op 16 at 1738: args 0x74063e0 not mapped, DROPPED
  indirect op 16 at 1833: args 0x74063e0 not mapped, DROPPED
submit #2131 acb 3413 dwords at 0x400205540: pass 331 rewrite 70 drop 165 unmapped 0 cc 0 mappings 311 ... OK rc 0 24.62 ms
timing: #2131 done at t 111.465 s, 26.1 ms after the sync and hints
submit #2132 dcb 1248 dwords at 0x504a02500: pass 151 rewrite 46 drop 45 unmapped 0 cc 6 mappings 311 ... OK rc 0 23.10 ms
timing: #2132 done at t 111.503 s, 26.1 ms after the sync and hints
state stack #2132: push 3 pop 3 conditional 1 unmatched 0; restored 2763 regs (+2811 dwords); tables 11, unreadable 0
flip 1/1 buffer 0x5093f0000 +0x1fe0000: sum 0x17fb17d5f47d nonzero 8100/8160 pattern 0
  target CB0 0x507410000: distinct 53 min 0xc0000000 max 0xc340d034,   target CB0 0x507410000: nonzero 1024/1024
  target CB0 0x563800000: distinct 1 min 0x00000000 max 0x00000000,   target CB0 0x563800000: nonzero 0/1024
  target CB0 0x55c00d000: distinct 4 min 0x00000000 max 0xffffffff,   target CB0 0x55c00d000: nonzero 339/1024
  target CB0 0x5637f0000: distinct 1 min 0x00000000 max 0x00000000,   target CB0 0x5637f0000: nonzero 0/1024
  target CB0 0x526bf0000: distinct 1 min 0x38003800 max 0x38003800,   target CB0 0x526bf0000: nonzero 1024/1024
  target CB0 0x5719a8000: distinct 18 min 0x00000000 max 0xffffffff,   target CB0 0x5719a8000: nonzero 246/1024
  target DB_HTILE 0x5203a0000: distinct 2 min 0x00000000 max 0xfffffff0,   target DB_HTILE 0x5203a0000: nonzero 160/1024
  target DB_Z_READ 0x51db50000: distinct 1 min 0x3f800000 max 0x3f800000,   target DB_Z_READ 0x51db50000: nonzero 1024/1024
  target DB_STENCIL_READ 0x51fb30000: distinct 1 min 0x80800000 max 0x80800000,   target DB_STENCIL_READ 0x51fb30000: nonzero 1024/1024
  target CB0 0x513bf0000: distinct 1 min 0x00000000 max 0x00000000,   target CB0 0x513bf0000: nonzero 0/1024
  target CB0 0x571867000: distinct 20 min 0x00000000 max 0xffffffff,   target CB0 0x571867000: nonzero 359/1024
  target CB0 0x57187b000: distinct 20 min 0x00000000 max 0xffffffff,   target CB0 0x57187b000: nonzero 339/1024
  target CB0 0x519b90000: distinct 1 min 0x831702ab max 0x831702ab,   target CB0 0x519b90000: nonzero 1024/1024
  target CB0 0x5718eb000: distinct 19 min 0x00000000 max 0xffffffff,   target CB0 0x5718eb000: nonzero 267/1024
  target DB_HTILE 0x55c0e0000: distinct 2 min 0x00000000 max 0xffffffff,   target DB_HTILE 0x55c0e0000: nonzero 192/1024
  target DB_Z_READ 0x527430000: distinct 1 min 0xffffffff max 0xffffffff,   target DB_Z_READ 0x527430000: nonzero 1024/1024
timing: t 111.504 s flip 1/1, VideoOutSubmitFlip took 0.0 ms
  indirect op 16 at 1246: base 0x5074063c0 +0x0 -> 1 1 1 0 0
  indirect op 16 at 1278: base 0x5074063e0 +0x0 -> 1 1 1 0 0
  indirect op 16 at 1310: base 0x50740a520 +0x0 -> 1 1 1 0 0
  indirect op 16 at 1342: base 0x50740a540 +0x0 -> 1 1 1 0 0
  indirect op 25 at 4825: base 0x56ddaffa0 +0x0 -> 1 0 0 0 0
submit #2133 dcb 10440 dwords at 0x502002500: pass 691 rewrite 518 drop 462 unmapped 1 cc 12 mappings 311 ... OK rc 0 29.06 ms
timing: #2133 done at t 111.554 s, 38.1 ms after the sync and hints
state stack #2133: push 6 pop 6 conditional 1 unmatched 0; restored 5526 regs (+5622 dwords); tables 38, unreadable 0
submit #2134 acb 2 dwords at 0xfe003a200: pass 1 rewrite 0 drop 0 unmapped 0 cc 0 mappings 311 ... OK rc 0 22.93 ms
timing: #2134 done at t 111.590 s, 24.2 ms after the sync and hints
submit #2135 acb 49 dwords at 0x400208a94: pass 2 rewrite 3 drop 3 unmapped 0 cc 0 mappings 311 ... OK rc 0 22.92 ms
timing: #2135 done at t 111.626 s, 24.2 ms after the sync and hints
submit #2136 cc 3 dwords at 0x313b17cf4: pass 0 rewrite 1 drop 0 unmapped 0 cc 1 mappings 311 ... OK rc 0 22.95 ms
timing: #2136 done at t 111.661 s, 24.2 ms after the sync and hints
submit #2137 hib 150 dwords at 0xfe0000000: pass 12 rewrite 2 drop 2 unmapped 0 cc 2 mappings 311 ... OK rc 0 22.88 ms
timing: #2137 done at t 111.697 s, 24.5 ms after the sync and hints
submit #2138 hib 2 dwords at 0xfe003a200: pass 1 rewrite 0 drop 0 unmapped 0 cc 0 mappings 311 ... OK rc 0 22.94 ms
timing: #2138 done at t 111.733 s, 24.2 ms after the sync and hints
submit #2139 dcb 96 dwords at 0xfe0042920: pass 20 rewrite 2 drop 2 unmapped 0 cc 0 mappings 311 ... OK rc 0 22.90 ms
timing: #2139 done at t 111.769 s, 24.4 ms after the sync and hints
submit #2140 dcb 2647 dwords at 0x503c02500: pass 236 rewrite 123 drop 120 unmapped 0 cc 4 mappings 311 ... OK rc 0 23.74 ms
timing: #2140 done at t 111.808 s, 27.6 ms after the sync and hints
state stack #2140: push 2 pop 2 conditional 1 unmatched 0; restored 1842 regs (+1874 dwords); tables 13, unreadable 0
submit #2141 acb 2 dwords at 0xfe003a200: pass 1 rewrite 0 drop 0 unmapped 0 cc 0 mappings 311 ... OK rc 0 23.10 ms
timing: #2141 done at t 111.844 s, 24.3 ms after the sync and hints
submit #2142 dcb 851 dwords at 0x505a02500: pass 47 rewrite 55 drop 45 unmapped 0 cc 0 mappings 311 ... OK rc 0 22.94 ms
timing: #2142 done at t 111.880 s, 24.7 ms after the sync and hints
submit #2143 acb 463 dwords at 0x4004867c0: pass 43 rewrite 11 drop 27 unmapped 0 cc 0 mappings 311 ... OK rc 0 23.25 ms
timing: #2143 done at t 111.916 s, 24.6 ms after the sync and hints
submit #2144 dcb 798 dwords at 0x506802500: pass 103 rewrite 35 drop 22 unmapped 0 cc 6 mappings 311 ... acb head: 3413 of 3462 dwords go ahead of the wait at 3413 on 0x400202f80
OK rc 0 23.70 ms
timing: #2144 done at t 111.955 s, 27.6 ms after the sync and hints
state stack #2144: push 3 pop 3 conditional 1 unmatched 0; restored 2763 regs (+2811 dwords); tables 17, unreadable 0
  indirect op 16 at 1640: args 0x74063c0 not mapped, DROPPED
  indirect op 16 at 1738: args 0x74063e0 not mapped, DROPPED
  indirect op 16 at 1833: args 0x74063e0 not mapped, DROPPED
submit #2145 acb 3413 dwords at 0x4002a55c0: pass 331 rewrite 70 drop 165 unmapped 0 cc 0 mappings 311 ... OK rc 0 24.48 ms
timing: #2145 done at t 111.992 s, 25.9 ms after the sync and hints
submit #2146 dcb 1248 dwords at 0x504e02500: pass 151 rewrite 46 drop 45 unmapped 0 cc 6 mappings 311 ... OK rc 0 23.12 ms
timing: #2146 done at t 112.030 s, 26.1 ms after the sync and hints
state stack #2146: push 3 pop 3 conditional 1 unmatched 0; restored 2763 regs (+2811 dwords); tables 11, unreadable 0
flip 1/0 buffer 0x507410000 +0x1fe0000: sum 0x17fb17d5f47d nonzero 8100/8160 pattern 0
  target CB0 0x5093f0000: distinct 53 min 0xc0000000 max 0xc340d034,   target CB0 0x5093f0000: nonzero 1024/1024
  target CB0 0x563800000: distinct 1 min 0x00000000 max 0x00000000,   target CB0 0x563800000: nonzero 0/1024
  target CB0 0x55c00d000: distinct 4 min 0x00000000 max 0xffffffff,   target CB0 0x55c00d000: nonzero 339/1024
  target CB0 0x5637f0000: distinct 1 min 0x00000000 max 0x00000000,   target CB0 0x5637f0000: nonzero 0/1024
  target CB0 0x526bf0000: distinct 1 min 0x38003800 max 0x38003800,   target CB0 0x526bf0000: nonzero 1024/1024
  target CB0 0x5719a8000: distinct 18 min 0x00000000 max 0xffffffff,   target CB0 0x5719a8000: nonzero 246/1024
  target DB_HTILE 0x5203a0000: distinct 2 min 0x00000000 max 0xfffffff0,   target DB_HTILE 0x5203a0000: nonzero 160/1024
  target DB_Z_READ 0x51db50000: distinct 1 min 0x3f800000 max 0x3f800000,   target DB_Z_READ 0x51db50000: nonzero 1024/1024
  target DB_STENCIL_READ 0x51fb30000: distinct 1 min 0x80800000 max 0x80800000,   target DB_STENCIL_READ 0x51fb30000: nonzero 1024/1024
  target CB0 0x513bf0000: distinct 1 min 0x00000000 max 0x00000000,   target CB0 0x513bf0000: nonzero 0/1024
  target CB0 0x571867000: distinct 20 min 0x00000000 max 0xffffffff,   target CB0 0x571867000: nonzero 359/1024
  target CB0 0x57187b000: distinct 20 min 0x00000000 max 0xffffffff,   target CB0 0x57187b000: nonzero 339/1024
  target CB0 0x519b90000: distinct 1 min 0x055682ab max 0x055682ab,   target CB0 0x519b90000: nonzero 1024/1024
  target CB0 0x5718eb000: distinct 19 min 0x00000000 max 0xffffffff,   target CB0 0x5718eb000: nonzero 267/1024
  target DB_HTILE 0x55c0e0000: distinct 2 min 0x00000000 max 0xffffffff,   target DB_HTILE 0x55c0e0000: nonzero 192/1024
  target DB_Z_READ 0x527430000: distinct 1 min 0xffffffff max 0xffffffff,   target DB_Z_READ 0x527430000: nonzero 1024/1024
timing: t 112.031 s flip 1/0, VideoOutSubmitFlip took 0.0 ms
  indirect op 16 at 1246: base 0x5074063c0 +0x0 -> 1 1 1 0 0
  indirect op 16 at 1278: base 0x5074063e0 +0x0 -> 1 1 1 0 0
  indirect op 16 at 1310: base 0x50740a520 +0x0 -> 1 1 1 0 0
  indirect op 16 at 1342: base 0x50740a540 +0x0 -> 1 1 1 0 0
  indirect op 25 at 4825: base 0x56ddaffa0 +0x0 -> 1 0 0 0 0
submit #2147 dcb 10440 dwords at 0x502702500: pass 691 rewrite 518 drop 462 unmapped 1 cc 12 mappings 311 ... OK rc 0 29.03 ms
timing: #2147 done at t 112.081 s, 38.0 ms after the sync and hints
state stack #2147: push 6 pop 6 conditional 1 unmatched 0; restored 5526 regs (+5622 dwords); tables 38, unreadable 0
submit #2148 acb 2 dwords at 0xfe003a200: pass 1 rewrite 0 drop 0 unmapped 0 cc 0 mappings 311 ... OK rc 0 23.58 ms
timing: #2148 done at t 112.118 s, 24.9 ms after the sync and hints
submit #2149 acb 49 dwords at 0x4002a8b14: pass 2 rewrite 3 drop 3 unmapped 0 cc 0 mappings 311 ... OK rc 0 23.06 ms
timing: #2149 done at t 112.153 s, 24.3 ms after the sync and hints
submit #2150 cc 3 dwords at 0x313b17cf4: pass 0 rewrite 1 drop 0 unmapped 0 cc 1 mappings 311 ... OK rc 0 23.00 ms
timing: #2150 done at t 112.189 s, 24.3 ms after the sync and hints
submit #2151 hib 150 dwords at 0xfe0000000: pass 12 rewrite 2 drop 2 unmapped 0 cc 2 mappings 311 ... OK rc 0 23.03 ms
timing: #2151 done at t 112.226 s, 24.7 ms after the sync and hints
submit #2152 hib 2 dwords at 0xfe003a200: pass 1 rewrite 0 drop 0 unmapped 0 cc 0 mappings 311 ... OK rc 0 23.13 ms
timing: #2152 done at t 112.261 s, 24.4 ms after the sync and hints
submit #2153 dcb 96 dwords at 0xfe0042920: pass 20 rewrite 2 drop 2 unmapped 0 cc 0 mappings 311 ... OK rc 0 23.03 ms
timing: #2153 done at t 112.297 s, 24.6 ms after the sync and hints
submit #2154 dcb 2647 dwords at 0x504302500: pass 236 rewrite 123 drop 120 unmapped 0 cc 4 mappings 311 ... OK rc 0 23.46 ms
timing: #2154 done at t 112.336 s, 27.0 ms after the sync and hints
state stack #2154: push 2 pop 2 conditional 1 unmatched 0; restored 1842 regs (+1874 dwords); tables 13, unreadable 0
submit #2155 acb 2 dwords at 0xfe003a200: pass 1 rewrite 0 drop 0 unmapped 0 cc 0 mappings 311 ... OK rc 0 22.82 ms
timing: #2155 done at t 112.371 s, 24.1 ms after the sync and hints
submit #2156 dcb 851 dwords at 0x505e02500: pass 47 rewrite 55 drop 45 unmapped 0 cc 0 mappings 311 ... OK rc 0 22.91 ms
timing: #2156 done at t 112.407 s, 24.6 ms after the sync and hints
submit #2157 acb 463 dwords at 0x400526840: pass 43 rewrite 11 drop 27 unmapped 0 cc 0 mappings 311 ... OK rc 0 23.45 ms
timing: #2157 done at t 112.443 s, 24.8 ms after the sync and hints
submit #2158 dcb 798 dwords at 0x506e02500: pass 103 rewrite 35 drop 22 unmapped 0 cc 6 mappings 311 ... acb head: 3413 of 3462 dwords go ahead of the wait at 3413 on 0x400203b80
OK rc 0 23.70 ms
timing: #2158 done at t 112.482 s, 27.5 ms after the sync and hints
state stack #2158: push 3 pop 3 conditional 1 unmatched 0; restored 2763 regs (+2811 dwords); tables 17, unreadable 0
  indirect op 16 at 1640: args 0x74063c0 not mapped, DROPPED
  indirect op 16 at 1738: args 0x74063e0 not mapped, DROPPED
  indirect op 16 at 1833: args 0x74063e0 not mapped, DROPPED
submit #2159 acb 3413 dwords at 0x400345640: pass 331 rewrite 70 drop 165 unmapped 0 cc 0 mappings 311 ... OK rc 0 26.19 ms
timing: #2159 done at t 112.521 s, 27.8 ms after the sync and hints
submit #2160 dcb 1248 dwords at 0x505202500: pass 151 rewrite 46 drop 45 unmapped 0 cc 6 mappings 311 ... OK rc 0 23.13 ms
timing: #2160 done at t 112.559 s, 26.4 ms after the sync and hints
state stack #2160: push 3 pop 3 conditional 1 unmatched 0; restored 2763 regs (+2811 dwords); tables 11, unreadable 0
flip 1/1 buffer 0x5093f0000 +0x1fe0000: sum 0x17fb17d5f47d nonzero 8100/8160 pattern 0
  target CB0 0x507410000: distinct 53 min 0xc0000000 max 0xc340d034,   target CB0 0x507410000: nonzero 1024/1024
  target CB0 0x563800000: distinct 1 min 0x00000000 max 0x00000000,   target CB0 0x563800000: nonzero 0/1024
  target CB0 0x55c00d000: distinct 4 min 0x00000000 max 0xffffffff,   target CB0 0x55c00d000: nonzero 339/1024
  target CB0 0x5637f0000: distinct 1 min 0x00000000 max 0x00000000,   target CB0 0x5637f0000: nonzero 0/1024
  target CB0 0x526bf0000: distinct 1 min 0x38003800 max 0x38003800,   target CB0 0x526bf0000: nonzero 1024/1024
  target CB0 0x5719a8000: distinct 18 min 0x00000000 max 0xffffffff,   target CB0 0x5719a8000: nonzero 246/1024
  target DB_HTILE 0x5203a0000: distinct 2 min 0x00000000 max 0xfffffff0,   target DB_HTILE 0x5203a0000: nonzero 160/1024
  target DB_Z_READ 0x51db50000: distinct 1 min 0x3f800000 max 0x3f800000,   target DB_Z_READ 0x51db50000: nonzero 1024/1024
  target DB_STENCIL_READ 0x51fb30000: distinct 1 min 0x80800000 max 0x80800000,   target DB_STENCIL_READ 0x51fb30000: nonzero 1024/1024
  target CB0 0x513bf0000: distinct 1 min 0x00000000 max 0x00000000,   target CB0 0x513bf0000: nonzero 0/1024
  target CB0 0x571867000: distinct 20 min 0x00000000 max 0xffffffff,   target CB0 0x571867000: nonzero 359/1024
  target CB0 0x57187b000: distinct 20 min 0x00000000 max 0xffffffff,   target CB0 0x57187b000: nonzero 339/1024
  target CB0 0x519b90000: distinct 1 min 0x0048019a max 0x0048019a,   target CB0 0x519b90000: nonzero 1024/1024
  target CB0 0x5718eb000: distinct 19 min 0x00000000 max 0xffffffff,   target CB0 0x5718eb000: nonzero 267/1024
  target DB_HTILE 0x55c0e0000: distinct 2 min 0x00000000 max 0xffffffff,   target DB_HTILE 0x55c0e0000: nonzero 192/1024
  target DB_Z_READ 0x527430000: distinct 1 min 0xffffffff max 0xffffffff,   target DB_Z_READ 0x527430000: nonzero 1024/1024
timing: t 112.560 s flip 1/1, VideoOutSubmitFlip took 0.0 ms
  indirect op 16 at 1246: base 0x5074063c0 +0x0 -> 1 1 1 0 0
  indirect op 16 at 1278: base 0x5074063e0 +0x0 -> 1 1 1 0 0
  indirect op 16 at 1310: base 0x50740a520 +0x0 -> 1 1 1 0 0
  indirect op 16 at 1342: base 0x50740a540 +0x0 -> 1 1 1 0 0
  indirect op 25 at 4825: base 0x56ddaffa0 +0x0 -> 1 0 0 0 0
submit #2161 dcb 10440 dwords at 0x502e02500: pass 691 rewrite 518 drop 462 unmapped 1 cc 12 mappings 311 ... OK rc 0 30.51 ms
timing: #2161 done at t 112.612 s, 39.6 ms after the sync and hints
state stack #2161: push 6 pop 6 conditional 1 unmatched 0; restored 5526 regs (+5622 dwords); tables 38, unreadable 0
submit #2162 acb 2 dwords at 0xfe003a200: pass 1 rewrite 0 drop 0 unmapped 0 cc 0 mappings 311 ... OK rc 0 22.77 ms
timing: #2162 done at t 112.647 s, 24.0 ms after the sync and hints
submit #2163 acb 49 dwords at 0x400348b94: pass 2 rewrite 3 drop 3 unmapped 0 cc 0 mappings 311 ... OK rc 0 22.84 ms
timing: #2163 done at t 112.682 s, 24.1 ms after the sync and hints
submit #2164 cc 3 dwords at 0x313b17cf4: pass 0 rewrite 1 drop 0 unmapped 0 cc 1 mappings 311 ... OK rc 0 22.97 ms
timing: #2164 done at t 112.718 s, 24.2 ms after the sync and hints
submit #2165 hib 150 dwords at 0xfe0000000: pass 12 rewrite 2 drop 2 unmapped 0 cc 2 mappings 311 ... OK rc 0 22.87 ms
timing: #2165 done at t 112.754 s, 24.5 ms after the sync and hints
submit #2166 hib 2 dwords at 0xfe003a200: pass 1 rewrite 0 drop 0 unmapped 0 cc 0 mappings 311 ... OK rc 0 22.96 ms
timing: #2166 done at t 112.789 s, 24.2 ms after the sync and hints
submit #2167 dcb 96 dwords at 0xfe0042920: pass 20 rewrite 2 drop 2 unmapped 0 cc 0 mappings 311 ... OK rc 0 22.78 ms
timing: #2167 done at t 112.825 s, 24.4 ms after the sync and hints
submit #2168 dcb 2647 dwords at 0x503502500: pass 236 rewrite 123 drop 120 unmapped 0 cc 4 mappings 311 ... OK rc 0 23.25 ms
timing: #2168 done at t 112.863 s, 26.8 ms after the sync and hints
state stack #2168: push 2 pop 2 conditional 1 unmatched 0; restored 1842 regs (+1874 dwords); tables 13, unreadable 0
submit #2169 dcb 851 dwords at 0x505602500: pass 47 rewrite 55 drop 45 unmapped 0 cc 0 mappings 311 ... OK rc 0 23.05 ms
timing: #2169 done at t 112.900 s, 24.8 ms after the sync and hints
submit #2170 acb 2 dwords at 0xfe003a200: pass 1 rewrite 0 drop 0 unmapped 0 cc 0 mappings 311 ... OK rc 0 23.08 ms
timing: #2170 done at t 112.936 s, 24.4 ms after the sync and hints
submit #2171 acb 463 dwords at 0x4003e6740: pass 43 rewrite 11 drop 27 unmapped 0 cc 0 mappings 311 ... OK rc 0 23.25 ms
timing: #2171 done at t 112.972 s, 24.6 ms after the sync and hints
submit #2172 dcb 798 dwords at 0x506202500: pass 103 rewrite 35 drop 22 unmapped 0 cc 6 mappings 311 ... acb head: 3413 of 3462 dwords go ahead of the wait at 3413 on 0x400202380
OK rc 0 23.67 ms
timing: #2172 done at t 113.012 s, 27.6 ms after the sync and hints
state stack #2172: push 3 pop 3 conditional 1 unmatched 0; restored 2763 regs (+2811 dwords); tables 17, unreadable 0
  indirect op 16 at 1640: args 0x74063c0 not mapped, DROPPED
  indirect op 16 at 1738: args 0x74063e0 not mapped, DROPPED
  indirect op 16 at 1833: args 0x74063e0 not mapped, DROPPED
submit #2173 acb 3413 dwords at 0x400205540: pass 331 rewrite 70 drop 165 unmapped 0 cc 0 mappings 311 ... OK rc 0 24.39 ms
timing: #2173 done at t 113.049 s, 25.8 ms after the sync and hints
submit #2174 dcb 1248 dwords at 0x504a02500: pass 151 rewrite 46 drop 45 unmapped 0 cc 6 mappings 311 ... OK rc 0 23.02 ms
timing: #2174 done at t 113.086 s, 26.0 ms after the sync and hints
state stack #2174: push 3 pop 3 conditional 1 unmatched 0; restored 2763 regs (+2811 dwords); tables 11, unreadable 0
flip 1/0 buffer 0x507410000 +0x1fe0000: sum 0x17fb17d5f47d nonzero 8100/8160 pattern 0
  target CB0 0x5093f0000: distinct 53 min 0xc0000000 max 0xc340d034,   target CB0 0x5093f0000: nonzero 1024/1024
  target CB0 0x563800000: distinct 1 min 0x00000000 max 0x00000000,   target CB0 0x563800000: nonzero 0/1024
  target CB0 0x55c00d000: distinct 4 min 0x00000000 max 0xffffffff,   target CB0 0x55c00d000: nonzero 339/1024
  target CB0 0x5637f0000: distinct 1 min 0x00000000 max 0x00000000,   target CB0 0x5637f0000: nonzero 0/1024
  target CB0 0x526bf0000: distinct 1 min 0x38003800 max 0x38003800,   target CB0 0x526bf0000: nonzero 1024/1024
  target CB0 0x5719a8000: distinct 18 min 0x00000000 max 0xffffffff,   target CB0 0x5719a8000: nonzero 246/1024
  target DB_HTILE 0x5203a0000: distinct 2 min 0x00000000 max 0xfffffff0,   target DB_HTILE 0x5203a0000: nonzero 160/1024
  target DB_Z_READ 0x51db50000: distinct 1 min 0x3f800000 max 0x3f800000,   target DB_Z_READ 0x51db50000: nonzero 1024/1024
  target DB_STENCIL_READ 0x51fb30000: distinct 1 min 0x80800000 max 0x80800000,   target DB_STENCIL_READ 0x51fb30000: nonzero 1024/1024
  target CB0 0x513bf0000: distinct 1 min 0x00000000 max 0x00000000,   target CB0 0x513bf0000: nonzero 0/1024
  target CB0 0x571867000: distinct 20 min 0x00000000 max 0xffffffff,   target CB0 0x571867000: nonzero 359/1024
  target CB0 0x57187b000: distinct 20 min 0x00000000 max 0xffffffff,   target CB0 0x57187b000: nonzero 339/1024
  target CB0 0x519b90000: distinct 1 min 0x84c78089 max 0x84c78089,   target CB0 0x519b90000: nonzero 1024/1024
  target CB0 0x5718eb000: distinct 19 min 0x00000000 max 0xffffffff,   target CB0 0x5718eb000: nonzero 267/1024
  target DB_HTILE 0x55c0e0000: distinct 2 min 0x00000000 max 0xffffffff,   target DB_HTILE 0x55c0e0000: nonzero 192/1024
  target DB_Z_READ 0x527430000: distinct 1 min 0xffffffff max 0xffffffff,   target DB_Z_READ 0x527430000: nonzero 1024/1024
timing: t 113.087 s flip 1/0, VideoOutSubmitFlip took 0.0 ms
  indirect op 16 at 1246: base 0x5074063c0 +0x0 -> 1 1 1 0 0
  indirect op 16 at 1278: base 0x5074063e0 +0x0 -> 1 1 1 0 0
  indirect op 16 at 1310: base 0x50740a520 +0x0 -> 1 1 1 0 0
  indirect op 16 at 1342: base 0x50740a540 +0x0 -> 1 1 1 0 0
  indirect op 25 at 4825: base 0x56ddaffa0 +0x0 -> 1 0 0 0 0
submit #2175 dcb 10440 dwords at 0x502002500: pass 691 rewrite 518 drop 462 unmapped 1 cc 12 mappings 311 ... OK rc 0 28.97 ms
timing: #2175 done at t 113.137 s, 37.9 ms after the sync and hints
state stack #2175: push 6 pop 6 conditional 1 unmatched 0; restored 5526 regs (+5622 dwords); tables 38, unreadable 0
submit #2176 acb 2 dwords at 0xfe003a200: pass 1 rewrite 0 drop 0 unmapped 0 cc 0 mappings 311 ... OK rc 0 23.06 ms
timing: #2176 done at t 113.173 s, 24.4 ms after the sync and hints
swapped pages taken as resident so far: 0
vmas 115 total 13079.0 MiB resident 5031.6 MiB mapped 5031.6 MiB
submit #2177 acb 49 dwords at 0x400208a94: pass 2 rewrite 3 drop 3 unmapped 0 cc 0 mappings 312 ... OK rc 0 22.87 ms
timing: #2177 done at t 113.208 s, 24.1 ms after the sync and hints
submit #2178 cc 3 dwords at 0x313b17cf4: pass 0 rewrite 1 drop 0 unmapped 0 cc 1 mappings 312 ... OK rc 0 22.79 ms
timing: #2178 done at t 113.244 s, 24.2 ms after the sync and hints
submit #2179 hib 150 dwords at 0xfe0000000: pass 12 rewrite 2 drop 2 unmapped 0 cc 2 mappings 312 ... OK rc 0 22.90 ms
timing: #2179 done at t 113.280 s, 24.6 ms after the sync and hints
submit #2180 hib 2 dwords at 0xfe003a200: pass 1 rewrite 0 drop 0 unmapped 0 cc 0 mappings 312 ... OK rc 0 22.88 ms
timing: #2180 done at t 113.315 s, 24.1 ms after the sync and hints
submit #2181 dcb 96 dwords at 0xfe0042920: pass 20 rewrite 2 drop 2 unmapped 0 cc 0 mappings 312 ... OK rc 0 22.99 ms
timing: #2181 done at t 113.351 s, 24.5 ms after the sync and hints
submit #2182 dcb 2647 dwords at 0x503c02500: pass 236 rewrite 123 drop 120 unmapped 0 cc 4 mappings 312 ... OK rc 0 23.56 ms
timing: #2182 done at t 113.389 s, 27.1 ms after the sync and hints
state stack #2182: push 2 pop 2 conditional 1 unmatched 0; restored 1842 regs (+1874 dwords); tables 13, unreadable 0
submit #2183 acb 2 dwords at 0xfe003a200: pass 1 rewrite 0 drop 0 unmapped 0 cc 0 mappings 312 ... OK rc 0 23.02 ms
timing: #2183 done at t 113.426 s, 24.3 ms after the sync and hints
submit #2184 dcb 851 dwords at 0x505a02500: pass 47 rewrite 55 drop 45 unmapped 0 cc 0 mappings 312 ... OK rc 0 23.25 ms
timing: #2184 done at t 113.463 s, 25.0 ms after the sync and hints
submit #2185 acb 463 dwords at 0x4004867c0: pass 43 rewrite 11 drop 27 unmapped 0 cc 0 mappings 312 ... OK rc 0 23.75 ms
timing: #2185 done at t 113.499 s, 25.0 ms after the sync and hints
submit #2186 dcb 798 dwords at 0x506802500: pass 103 rewrite 35 drop 22 unmapped 0 cc 6 mappings 312 ... acb head: 3413 of 3462 dwords go ahead of the wait at 3413 on 0x400202f80
OK rc 0 23.88 ms
timing: #2186 done at t 113.539 s, 27.7 ms after the sync and hints
state stack #2186: push 3 pop 3 conditional 1 unmatched 0; restored 2763 regs (+2811 dwords); tables 17, unreadable 0
  indirect op 16 at 1640: args 0x74063c0 not mapped, DROPPED
  indirect op 16 at 1738: args 0x74063e0 not mapped, DROPPED
  indirect op 16 at 1833: args 0x74063e0 not mapped, DROPPED
submit #2187 acb 3413 dwords at 0x4002a55c0: pass 331 rewrite 70 drop 165 unmapped 0 cc 0 mappings 312 ... OK rc 0 24.55 ms
timing: #2187 done at t 113.577 s, 26.1 ms after the sync and hints
submit #2188 dcb 1248 dwords at 0x504e02500: pass 151 rewrite 46 drop 45 unmapped 0 cc 6 mappings 312 ... OK rc 0 23.17 ms
timing: #2188 done at t 113.615 s, 26.3 ms after the sync and hints
state stack #2188: push 3 pop 3 conditional 1 unmatched 0; restored 2763 regs (+2811 dwords); tables 11, unreadable 0
flip 1/1 buffer 0x5093f0000 +0x1fe0000: sum 0x17fb17d5f47d nonzero 8100/8160 pattern 0
  target CB0 0x507410000: distinct 53 min 0xc0000000 max 0xc340d034,   target CB0 0x507410000: nonzero 1024/1024
  target CB0 0x563800000: distinct 1 min 0x00000000 max 0x00000000,   target CB0 0x563800000: nonzero 0/1024
  target CB0 0x55c00d000: distinct 4 min 0x00000000 max 0xffffffff,   target CB0 0x55c00d000: nonzero 339/1024
  target CB0 0x5637f0000: distinct 1 min 0x00000000 max 0x00000000,   target CB0 0x5637f0000: nonzero 0/1024
  target CB0 0x526bf0000: distinct 1 min 0x38003800 max 0x38003800,   target CB0 0x526bf0000: nonzero 1024/1024
  target CB0 0x5719a8000: distinct 18 min 0x00000000 max 0xffffffff,   target CB0 0x5719a8000: nonzero 246/1024
  target DB_HTILE 0x5203a0000: distinct 2 min 0x00000000 max 0xfffffff0,   target DB_HTILE 0x5203a0000: nonzero 160/1024
  target DB_Z_READ 0x51db50000: distinct 1 min 0x3f800000 max 0x3f800000,   target DB_Z_READ 0x51db50000: nonzero 1024/1024
  target DB_STENCIL_READ 0x51fb30000: distinct 1 min 0x80800000 max 0x80800000,   target DB_STENCIL_READ 0x51fb30000: nonzero 1024/1024
  target CB0 0x513bf0000: distinct 1 min 0x00000000 max 0x00000000,   target CB0 0x513bf0000: nonzero 0/1024
  target CB0 0x571867000: distinct 20 min 0x00000000 max 0xffffffff,   target CB0 0x571867000: nonzero 359/1024
  target CB0 0x57187b000: distinct 20 min 0x00000000 max 0xffffffff,   target CB0 0x57187b000: nonzero 339/1024
  target CB0 0x519b90000: distinct 1 min 0x03a703bc max 0x03a703bc,   target CB0 0x519b90000: nonzero 1024/1024
  target CB0 0x5718eb000: distinct 19 min 0x00000000 max 0xffffffff,   target CB0 0x5718eb000: nonzero 267/1024
  target DB_HTILE 0x55c0e0000: distinct 2 min 0x00000000 max 0xffffffff,   target DB_HTILE 0x55c0e0000: nonzero 192/1024
  target DB_Z_READ 0x527430000: distinct 1 min 0xffffffff max 0xffffffff,   target DB_Z_READ 0x527430000: nonzero 1024/1024
timing: t 113.616 s flip 1/1, VideoOutSubmitFlip took 0.0 ms
  indirect op 16 at 1246: base 0x5074063c0 +0x0 -> 1 1 1 0 0
  indirect op 16 at 1278: base 0x5074063e0 +0x0 -> 1 1 1 0 0
  indirect op 16 at 1310: base 0x50740a520 +0x0 -> 1 1 1 0 0
  indirect op 16 at 1342: base 0x50740a540 +0x0 -> 1 1 1 0 0
  indirect op 25 at 4825: base 0x56ddaffa0 +0x0 -> 1 0 0 0 0
submit #2189 dcb 10440 dwords at 0x502702500: pass 691 rewrite 518 drop 462 unmapped 1 cc 12 mappings 312 ... OK rc 0 29.35 ms
timing: #2189 done at t 113.666 s, 38.5 ms after the sync and hints
state stack #2189: push 6 pop 6 conditional 1 unmatched 0; restored 5526 regs (+5622 dwords); tables 38, unreadable 0
submit #2190 acb 2 dwords at 0xfe003a200: pass 1 rewrite 0 drop 0 unmapped 0 cc 0 mappings 312 ... OK rc 0 23.06 ms
timing: #2190 done at t 113.703 s, 24.3 ms after the sync and hints
submit #2191 acb 49 dwords at 0x4002a8b14: pass 2 rewrite 3 drop 3 unmapped 0 cc 0 mappings 312 ... OK rc 0 23.06 ms
timing: #2191 done at t 113.738 s, 24.3 ms after the sync and hints
submit #2192 cc 3 dwords at 0x313b17cf4: pass 0 rewrite 1 drop 0 unmapped 0 cc 1 mappings 312 ... OK rc 0 23.49 ms
timing: #2192 done at t 113.775 s, 24.8 ms after the sync and hints
submit #2193 hib 150 dwords at 0xfe0000000: pass 12 rewrite 2 drop 2 unmapped 0 cc 2 mappings 312 ... OK rc 0 23.33 ms
timing: #2193 done at t 113.812 s, 25.1 ms after the sync and hints
submit #2194 hib 2 dwords at 0xfe003a200: pass 1 rewrite 0 drop 0 unmapped 0 cc 0 mappings 312 ... OK rc 0 23.28 ms
timing: #2194 done at t 113.848 s, 24.7 ms after the sync and hints
submit #2195 dcb 96 dwords at 0xfe0042920: pass 20 rewrite 2 drop 2 unmapped 0 cc 0 mappings 312 ... OK rc 0 22.80 ms
timing: #2195 done at t 113.884 s, 24.3 ms after the sync and hints
submit #2196 dcb 2647 dwords at 0x504302500: pass 236 rewrite 123 drop 120 unmapped 0 cc 4 mappings 312 ... OK rc 0 23.41 ms
timing: #2196 done at t 113.922 s, 26.9 ms after the sync and hints
state stack #2196: push 2 pop 2 conditional 1 unmatched 0; restored 1842 regs (+1874 dwords); tables 13, unreadable 0
submit #2197 dcb 851 dwords at 0x505e02500: pass 47 rewrite 55 drop 45 unmapped 0 cc 0 mappings 312 ... OK rc 0 23.11 ms
timing: #2197 done at t 113.959 s, 24.9 ms after the sync and hints
submit #2198 acb 2 dwords at 0xfe003a200: pass 1 rewrite 0 drop 0 unmapped 0 cc 0 mappings 312 ... OK rc 0 22.98 ms
timing: #2198 done at t 113.994 s, 24.3 ms after the sync and hints
submit #2199 acb 463 dwords at 0x400526840: pass 43 rewrite 11 drop 27 unmapped 0 cc 0 mappings 312 ... OK rc 0 23.28 ms
timing: #2199 done at t 114.030 s, 24.6 ms after the sync and hints
submit #2200 dcb 798 dwords at 0x506e02500: pass 103 rewrite 35 drop 22 unmapped 0 cc 6 mappings 312 ... acb head: 3413 of 3462 dwords go ahead of the wait at 3413 on 0x400203b80
OK rc 0 24.00 ms
timing: #2200 done at t 114.070 s, 28.0 ms after the sync and hints
state stack #2200: push 3 pop 3 conditional 1 unmatched 0; restored 2763 regs (+2811 dwords); tables 17, unreadable 0
  indirect op 16 at 1640: args 0x74063c0 not mapped, DROPPED
  indirect op 16 at 1738: args 0x74063e0 not mapped, DROPPED
  indirect op 16 at 1833: args 0x74063e0 not mapped, DROPPED
submit #2201 acb 3413 dwords at 0x400345640: pass 331 rewrite 70 drop 165 unmapped 0 cc 0 mappings 312 ... OK rc 0 24.33 ms
timing: #2201 done at t 114.107 s, 25.8 ms after the sync and hints
submit #2202 dcb 1248 dwords at 0x505202500: pass 151 rewrite 46 drop 45 unmapped 0 cc 6 mappings 312 ... OK rc 0 23.43 ms
timing: #2202 done at t 114.145 s, 26.4 ms after the sync and hints
state stack #2202: push 3 pop 3 conditional 1 unmatched 0; restored 2763 regs (+2811 dwords); tables 11, unreadable 0
flip 1/0 buffer 0x507410000 +0x1fe0000: sum 0x17fb17d5f47d nonzero 8100/8160 pattern 0
  target CB0 0x5093f0000: distinct 53 min 0xc0000000 max 0xc340d034,   target CB0 0x5093f0000: nonzero 1024/1024
  target CB0 0x563800000: distinct 1 min 0x00000000 max 0x00000000,   target CB0 0x563800000: nonzero 0/1024
  target CB0 0x55c00d000: distinct 4 min 0x00000000 max 0xffffffff,   target CB0 0x55c00d000: nonzero 339/1024
  target CB0 0x5637f0000: distinct 1 min 0x00000000 max 0x00000000,   target CB0 0x5637f0000: nonzero 0/1024
  target CB0 0x526bf0000: distinct 1 min 0x38003800 max 0x38003800,   target CB0 0x526bf0000: nonzero 1024/1024
  target CB0 0x5719a8000: distinct 18 min 0x00000000 max 0xffffffff,   target CB0 0x5719a8000: nonzero 246/1024
  target DB_HTILE 0x5203a0000: distinct 2 min 0x00000000 max 0xfffffff0,   target DB_HTILE 0x5203a0000: nonzero 160/1024
  target DB_Z_READ 0x51db50000: distinct 1 min 0x3f800000 max 0x3f800000,   target DB_Z_READ 0x51db50000: nonzero 1024/1024
  target DB_STENCIL_READ 0x51fb30000: distinct 1 min 0x80800000 max 0x80800000,   target DB_STENCIL_READ 0x51fb30000: nonzero 1024/1024
  target CB0 0x513bf0000: distinct 1 min 0x00000000 max 0x00000000,   target CB0 0x513bf0000: nonzero 0/1024
  target CB0 0x571867000: distinct 20 min 0x00000000 max 0xffffffff,   target CB0 0x571867000: nonzero 359/1024
  target CB0 0x57187b000: distinct 20 min 0x00000000 max 0xffffffff,   target CB0 0x57187b000: nonzero 339/1024
  target CB0 0x519b90000: distinct 1 min 0x07968444 max 0x07968444,   target CB0 0x519b90000: nonzero 1024/1024
  target CB0 0x5718eb000: distinct 19 min 0x00000000 max 0xffffffff,   target CB0 0x5718eb000: nonzero 267/1024
  target DB_HTILE 0x55c0e0000: distinct 2 min 0x00000000 max 0xffffffff,   target DB_HTILE 0x55c0e0000: nonzero 192/1024
  target DB_Z_READ 0x527430000: distinct 1 min 0xffffffff max 0xffffffff,   target DB_Z_READ 0x527430000: nonzero 1024/1024
timing: t 114.146 s flip 1/0, VideoOutSubmitFlip took 0.0 ms
  indirect op 16 at 1246: base 0x5074063c0 +0x0 -> 1 1 1 0 0
  indirect op 16 at 1278: base 0x5074063e0 +0x0 -> 1 1 1 0 0
  indirect op 16 at 1310: base 0x50740a520 +0x0 -> 1 1 1 0 0
  indirect op 16 at 1342: base 0x50740a540 +0x0 -> 1 1 1 0 0
  indirect op 25 at 4825: base 0x56ddaffa0 +0x0 -> 1 0 0 0 0
submit #2203 dcb 10440 dwords at 0x502e02500: pass 691 rewrite 518 drop 462 unmapped 1 cc 12 mappings 312 ... OK rc 0 29.26 ms
timing: #2203 done at t 114.197 s, 38.6 ms after the sync and hints
state stack #2203: push 6 pop 6 conditional 1 unmatched 0; restored 5526 regs (+5622 dwords); tables 38, unreadable 0
submit #2204 acb 2 dwords at 0xfe003a200: pass 1 rewrite 0 drop 0 unmapped 0 cc 0 mappings 312 ... OK rc 0 22.94 ms
timing: #2204 done at t 114.233 s, 24.2 ms after the sync and hints
swapped pages taken as resident so far: 0
vmas 115 total 13079.0 MiB resident 5031.6 MiB mapped 5031.7 MiB
submit #2205 acb 49 dwords at 0x400348b94: pass 2 rewrite 3 drop 3 unmapped 0 cc 0 mappings 313 ... OK rc 0 23.05 ms
timing: #2205 done at t 114.269 s, 24.3 ms after the sync and hints
submit #2206 cc 3 dwords at 0x313b17cf4: pass 0 rewrite 1 drop 0 unmapped 0 cc 1 mappings 313 ... OK rc 0 23.03 ms
timing: #2206 done at t 114.305 s, 24.3 ms after the sync and hints
submit #2207 hib 150 dwords at 0xfe0000000: pass 12 rewrite 2 drop 2 unmapped 0 cc 2 mappings 313 ... OK rc 0 22.76 ms
timing: #2207 done at t 114.340 s, 24.3 ms after the sync and hints
submit #2208 hib 2 dwords at 0xfe003a200: pass 1 rewrite 0 drop 0 unmapped 0 cc 0 mappings 313 ... OK rc 0 22.94 ms
timing: #2208 done at t 114.375 s, 24.2 ms after the sync and hints
submit #2209 dcb 96 dwords at 0xfe0042920: pass 20 rewrite 2 drop 2 unmapped 0 cc 0 mappings 313 ... OK rc 0 22.84 ms
timing: #2209 done at t 114.411 s, 24.4 ms after the sync and hints
submit #2210 dcb 2647 dwords at 0x503502500: pass 236 rewrite 123 drop 120 unmapped 0 cc 4 mappings 313 ... OK rc 0 23.79 ms
timing: #2210 done at t 114.450 s, 27.3 ms after the sync and hints
state stack #2210: push 2 pop 2 conditional 1 unmatched 0; restored 1842 regs (+1874 dwords); tables 13, unreadable 0
submit #2211 dcb 851 dwords at 0x505602500: pass 47 rewrite 55 drop 45 unmapped 0 cc 0 mappings 313 ... OK rc 0 23.07 ms
timing: #2211 done at t 114.487 s, 24.8 ms after the sync and hints
submit #2212 acb 2 dwords at 0xfe003a200: pass 1 rewrite 0 drop 0 unmapped 0 cc 0 mappings 313 ... OK rc 0 23.09 ms
timing: #2212 done at t 114.522 s, 24.3 ms after the sync and hints
submit #2213 acb 463 dwords at 0x4003e6740: pass 43 rewrite 11 drop 27 unmapped 0 cc 0 mappings 313 ... OK rc 0 23.21 ms
timing: #2213 done at t 114.558 s, 24.5 ms after the sync and hints
submit #2214 dcb 798 dwords at 0x506202500: pass 103 rewrite 35 drop 22 unmapped 0 cc 6 mappings 313 ... acb head: 3413 of 3462 dwords go ahead of the wait at 3413 on 0x400202380
OK rc 0 24.02 ms
timing: #2214 done at t 114.598 s, 28.1 ms after the sync and hints
state stack #2214: push 3 pop 3 conditional 1 unmatched 0; restored 2763 regs (+2811 dwords); tables 17, unreadable 0
  indirect op 16 at 1640: args 0x74063c0 not mapped, DROPPED
  indirect op 16 at 1738: args 0x74063e0 not mapped, DROPPED
  indirect op 16 at 1833: args 0x74063e0 not mapped, DROPPED
submit #2215 acb 3413 dwords at 0x400205540: pass 331 rewrite 70 drop 165 unmapped 0 cc 0 mappings 313 ... OK rc 0 24.31 ms
timing: #2215 done at t 114.634 s, 25.7 ms after the sync and hints
submit #2216 dcb 1248 dwords at 0x504a02500: pass 151 rewrite 46 drop 45 unmapped 0 cc 6 mappings 313 ... OK rc 0 23.18 ms
timing: #2216 done at t 114.673 s, 26.2 ms after the sync and hints
state stack #2216: push 3 pop 3 conditional 1 unmatched 0; restored 2763 regs (+2811 dwords); tables 11, unreadable 0
flip 1/1 buffer 0x5093f0000 +0x1fe0000: sum 0x17fb17d5f47d nonzero 8100/8160 pattern 0
  target CB0 0x507410000: distinct 53 min 0xc0000000 max 0xc340d034,   target CB0 0x507410000: nonzero 1024/1024
  target CB0 0x563800000: distinct 1 min 0x00000000 max 0x00000000,   target CB0 0x563800000: nonzero 0/1024
  target CB0 0x55c00d000: distinct 4 min 0x00000000 max 0xffffffff,   target CB0 0x55c00d000: nonzero 339/1024
  target CB0 0x5637f0000: distinct 1 min 0x00000000 max 0x00000000,   target CB0 0x5637f0000: nonzero 0/1024
  target CB0 0x526bf0000: distinct 1 min 0x38003800 max 0x38003800,   target CB0 0x526bf0000: nonzero 1024/1024
  target CB0 0x5719a8000: distinct 18 min 0x00000000 max 0xffffffff,   target CB0 0x5719a8000: nonzero 246/1024
  target DB_HTILE 0x5203a0000: distinct 2 min 0x00000000 max 0xfffffff0,   target DB_HTILE 0x5203a0000: nonzero 160/1024
  target DB_Z_READ 0x51db50000: distinct 1 min 0x3f800000 max 0x3f800000,   target DB_Z_READ 0x51db50000: nonzero 1024/1024
  target DB_STENCIL_READ 0x51fb30000: distinct 1 min 0x80800000 max 0x80800000,   target DB_STENCIL_READ 0x51fb30000: nonzero 1024/1024
  target CB0 0x513bf0000: distinct 1 min 0x00000000 max 0x00000000,   target CB0 0x513bf0000: nonzero 0/1024
  target CB0 0x571867000: distinct 20 min 0x00000000 max 0xffffffff,   target CB0 0x571867000: nonzero 359/1024
  target CB0 0x57187b000: distinct 20 min 0x00000000 max 0xffffffff,   target CB0 0x57187b000: nonzero 339/1024
  target CB0 0x519b90000: distinct 1 min 0x02870000 max 0x02870000,   target CB0 0x519b90000: nonzero 1024/1024
  target CB0 0x5718eb000: distinct 19 min 0x00000000 max 0xffffffff,   target CB0 0x5718eb000: nonzero 267/1024
  target DB_HTILE 0x55c0e0000: distinct 2 min 0x00000000 max 0xffffffff,   target DB_HTILE 0x55c0e0000: nonzero 192/1024
  target DB_Z_READ 0x527430000: distinct 1 min 0xffffffff max 0xffffffff,   target DB_Z_READ 0x527430000: nonzero 1024/1024
timing: t 114.674 s flip 1/1, VideoOutSubmitFlip took 0.0 ms
  indirect op 16 at 1246: base 0x5074063c0 +0x0 -> 1 1 1 0 0
  indirect op 16 at 1278: base 0x5074063e0 +0x0 -> 1 1 1 0 0
  indirect op 16 at 1310: base 0x50740a520 +0x0 -> 1 1 1 0 0
  indirect op 16 at 1342: base 0x50740a540 +0x0 -> 1 1 1 0 0
  indirect op 25 at 4825: base 0x56ddaffa0 +0x0 -> 1 0 0 0 0
submit #2217 dcb 10440 dwords at 0x502002500: pass 691 rewrite 518 drop 462 unmapped 1 cc 12 mappings 313 ... OK rc 0 29.08 ms
timing: #2217 done at t 114.725 s, 38.4 ms after the sync and hints
state stack #2217: push 6 pop 6 conditional 1 unmatched 0; restored 5526 regs (+5622 dwords); tables 38, unreadable 0
submit #2218 acb 2 dwords at 0xfe003a200: pass 1 rewrite 0 drop 0 unmapped 0 cc 0 mappings 313 ... OK rc 0 22.92 ms
timing: #2218 done at t 114.761 s, 24.2 ms after the sync and hints
submit #2219 acb 49 dwords at 0x400208a94: pass 2 rewrite 3 drop 3 unmapped 0 cc 0 mappings 313 ... OK rc 0 23.20 ms
timing: #2219 done at t 114.797 s, 24.5 ms after the sync and hints
submit #2220 cc 3 dwords at 0x313b17cf4: pass 0 rewrite 1 drop 0 unmapped 0 cc 1 mappings 313 ... OK rc 0 23.08 ms
timing: #2220 done at t 114.833 s, 24.4 ms after the sync and hints
submit #2221 hib 150 dwords at 0xfe0000000: pass 12 rewrite 2 drop 2 unmapped 0 cc 2 mappings 313 ... OK rc 0 22.94 ms
timing: #2221 done at t 114.869 s, 24.6 ms after the sync and hints
submit #2222 hib 2 dwords at 0xfe003a200: pass 1 rewrite 0 drop 0 unmapped 0 cc 0 mappings 313 ... OK rc 0 23.10 ms
timing: #2222 done at t 114.904 s, 24.4 ms after the sync and hints
submit #2223 dcb 96 dwords at 0xfe0042920: pass 20 rewrite 2 drop 2 unmapped 0 cc 0 mappings 313 ... OK rc 0 23.08 ms
timing: #2223 done at t 114.940 s, 24.7 ms after the sync and hints
submit #2224 dcb 2647 dwords at 0x503c02500: pass 236 rewrite 123 drop 120 unmapped 0 cc 4 mappings 313 ... OK rc 0 23.55 ms
timing: #2224 done at t 114.979 s, 27.2 ms after the sync and hints
state stack #2224: push 2 pop 2 conditional 1 unmatched 0; restored 1842 regs (+1874 dwords); tables 13, unreadable 0
submit #2225 dcb 851 dwords at 0x505a02500: pass 47 rewrite 55 drop 45 unmapped 0 cc 0 mappings 313 ... OK rc 0 23.04 ms
timing: #2225 done at t 115.016 s, 24.8 ms after the sync and hints
submit #2226 acb 2 dwords at 0xfe003a200: pass 1 rewrite 0 drop 0 unmapped 0 cc 0 mappings 313 ... OK rc 0 22.90 ms
timing: #2226 done at t 115.051 s, 24.2 ms after the sync and hints
submit #2227 acb 463 dwords at 0x4004867c0: pass 43 rewrite 11 drop 27 unmapped 0 cc 0 mappings 313 ... OK rc 0 23.36 ms
timing: #2227 done at t 115.087 s, 24.6 ms after the sync and hints
submit #2228 dcb 798 dwords at 0x506802500: pass 103 rewrite 35 drop 22 unmapped 0 cc 6 mappings 313 ... acb head: 3413 of 3462 dwords go ahead of the wait at 3413 on 0x400202f80
OK rc 0 23.85 ms
timing: #2228 done at t 115.126 s, 27.7 ms after the sync and hints
state stack #2228: push 3 pop 3 conditional 1 unmatched 0; restored 2763 regs (+2811 dwords); tables 17, unreadable 0
  indirect op 16 at 1640: args 0x74063c0 not mapped, DROPPED
  indirect op 16 at 1738: args 0x74063e0 not mapped, DROPPED
  indirect op 16 at 1833: args 0x74063e0 not mapped, DROPPED
submit #2229 acb 3413 dwords at 0x4002a55c0: pass 331 rewrite 70 drop 165 unmapped 0 cc 0 mappings 313 ... OK rc 0 24.24 ms
timing: #2229 done at t 115.163 s, 25.8 ms after the sync and hints
submit #2230 dcb 1248 dwords at 0x504e02500: pass 151 rewrite 46 drop 45 unmapped 0 cc 6 mappings 313 ... OK rc 0 22.90 ms
timing: #2230 done at t 115.201 s, 26.0 ms after the sync and hints
state stack #2230: push 3 pop 3 conditional 1 unmatched 0; restored 2763 regs (+2811 dwords); tables 11, unreadable 0
flip 1/0 buffer 0x507410000 +0x1fe0000: sum 0x17fb17d5f47d nonzero 8100/8160 pattern 0
  target CB0 0x5093f0000: distinct 53 min 0xc0000000 max 0xc340d034,   target CB0 0x5093f0000: nonzero 1024/1024
  target CB0 0x563800000: distinct 1 min 0x00000000 max 0x00000000,   target CB0 0x563800000: nonzero 0/1024
  target CB0 0x55c00d000: distinct 4 min 0x00000000 max 0xffffffff,   target CB0 0x55c00d000: nonzero 339/1024
  target CB0 0x5637f0000: distinct 1 min 0x00000000 max 0x00000000,   target CB0 0x5637f0000: nonzero 0/1024
  target CB0 0x526bf0000: distinct 1 min 0x38003800 max 0x38003800,   target CB0 0x526bf0000: nonzero 1024/1024
  target CB0 0x5719a8000: distinct 18 min 0x00000000 max 0xffffffff,   target CB0 0x5719a8000: nonzero 246/1024
  target DB_HTILE 0x5203a0000: distinct 2 min 0x00000000 max 0xfffffff0,   target DB_HTILE 0x5203a0000: nonzero 160/1024
  target DB_Z_READ 0x51db50000: distinct 1 min 0x3f800000 max 0x3f800000,   target DB_Z_READ 0x51db50000: nonzero 1024/1024
  target DB_STENCIL_READ 0x51fb30000: distinct 1 min 0x80800000 max 0x80800000,   target DB_STENCIL_READ 0x51fb30000: nonzero 1024/1024
  target CB0 0x513bf0000: distinct 1 min 0x00000000 max 0x00000000,   target CB0 0x513bf0000: nonzero 0/1024
  target CB0 0x571867000: distinct 20 min 0x00000000 max 0xffffffff,   target CB0 0x571867000: nonzero 359/1024
  target CB0 0x57187b000: distinct 20 min 0x00000000 max 0xffffffff,   target CB0 0x57187b000: nonzero 339/1024
  target CB0 0x519b90000: distinct 1 min 0x82878222 max 0x82878222,   target CB0 0x519b90000: nonzero 1024/1024
  target CB0 0x5718eb000: distinct 19 min 0x00000000 max 0xffffffff,   target CB0 0x5718eb000: nonzero 267/1024
  target DB_HTILE 0x55c0e0000: distinct 2 min 0x00000000 max 0xffffffff,   target DB_HTILE 0x55c0e0000: nonzero 192/1024
  target DB_Z_READ 0x527430000: distinct 1 min 0xffffffff max 0xffffffff,   target DB_Z_READ 0x527430000: nonzero 1024/1024
timing: t 115.202 s flip 1/0, VideoOutSubmitFlip took 0.0 ms
  indirect op 16 at 1246: base 0x5074063c0 +0x0 -> 1 1 1 0 0
  indirect op 16 at 1278: base 0x5074063e0 +0x0 -> 1 1 1 0 0
  indirect op 16 at 1310: base 0x50740a520 +0x0 -> 1 1 1 0 0
  indirect op 16 at 1342: base 0x50740a540 +0x0 -> 1 1 1 0 0
  indirect op 25 at 4825: base 0x56ddaffa0 +0x0 -> 1 0 0 0 0
submit #2231 dcb 10440 dwords at 0x502702500: pass 691 rewrite 518 drop 462 unmapped 1 cc 12 mappings 313 ... OK rc 0 29.12 ms
timing: #2231 done at t 115.253 s, 38.4 ms after the sync and hints
state stack #2231: push 6 pop 6 conditional 1 unmatched 0; restored 5526 regs (+5622 dwords); tables 38, unreadable 0
submit #2232 acb 2 dwords at 0xfe003a200: pass 1 rewrite 0 drop 0 unmapped 0 cc 0 mappings 313 ... OK rc 0 23.02 ms
timing: #2232 done at t 115.289 s, 24.3 ms after the sync and hints
submit #2233 acb 49 dwords at 0x4002a8b14: pass 2 rewrite 3 drop 3 unmapped 0 cc 0 mappings 313 ... OK rc 0 22.98 ms
timing: #2233 done at t 115.324 s, 24.3 ms after the sync and hints
submit #2234 cc 3 dwords at 0x313b17cf4: pass 0 rewrite 1 drop 0 unmapped 0 cc 1 mappings 313 ... OK rc 0 22.90 ms
timing: #2234 done at t 115.360 s, 24.2 ms after the sync and hints
submit #2235 hib 150 dwords at 0xfe0000000: pass 12 rewrite 2 drop 2 unmapped 0 cc 2 mappings 313 ... OK rc 0 22.99 ms
timing: #2235 done at t 115.396 s, 24.6 ms after the sync and hints
submit #2236 hib 2 dwords at 0xfe003a200: pass 1 rewrite 0 drop 0 unmapped 0 cc 0 mappings 313 ... OK rc 0 22.87 ms
timing: #2236 done at t 115.431 s, 24.2 ms after the sync and hints
submit #2237 dcb 96 dwords at 0xfe0042920: pass 20 rewrite 2 drop 2 unmapped 0 cc 0 mappings 313 ... OK rc 0 22.83 ms
timing: #2237 done at t 115.468 s, 24.4 ms after the sync and hints
submit #2238 dcb 2647 dwords at 0x504302500: pass 236 rewrite 123 drop 120 unmapped 0 cc 4 mappings 313 ... OK rc 0 23.30 ms
timing: #2238 done at t 115.507 s, 26.9 ms after the sync and hints
state stack #2238: push 2 pop 2 conditional 1 unmatched 0; restored 1842 regs (+1874 dwords); tables 13, unreadable 0
submit #2239 dcb 851 dwords at 0x505e02500: pass 47 rewrite 55 drop 45 unmapped 0 cc 0 mappings 313 ... OK rc 0 22.88 ms
timing: #2239 done at t 115.544 s, 24.6 ms after the sync and hints
submit #2240 acb 2 dwords at 0xfe003a200: pass 1 rewrite 0 drop 0 unmapped 0 cc 0 mappings 313 ... OK rc 0 22.97 ms
timing: #2240 done at t 115.579 s, 24.2 ms after the sync and hints
submit #2241 acb 463 dwords at 0x400526840: pass 43 rewrite 11 drop 27 unmapped 0 cc 0 mappings 313 ... OK rc 0 23.29 ms
timing: #2241 done at t 115.615 s, 24.5 ms after the sync and hints
submit #2242 dcb 798 dwords at 0x506e02500: pass 103 rewrite 35 drop 22 unmapped 0 cc 6 mappings 313 ... acb head: 3413 of 3462 dwords go ahead of the wait at 3413 on 0x400203b80
OK rc 0 23.81 ms
timing: #2242 done at t 115.655 s, 27.6 ms after the sync and hints
state stack #2242: push 3 pop 3 conditional 1 unmatched 0; restored 2763 regs (+2811 dwords); tables 17, unreadable 0
  indirect op 16 at 1640: args 0x74063c0 not mapped, DROPPED
  indirect op 16 at 1738: args 0x74063e0 not mapped, DROPPED
  indirect op 16 at 1833: args 0x74063e0 not mapped, DROPPED
submit #2243 acb 3413 dwords at 0x400345640: pass 331 rewrite 70 drop 165 unmapped 0 cc 0 mappings 313 ... OK rc 0 24.38 ms
timing: #2243 done at t 115.692 s, 25.8 ms after the sync and hints
submit #2244 dcb 1248 dwords at 0x505202500: pass 151 rewrite 46 drop 45 unmapped 0 cc 6 mappings 313 ... OK rc 0 23.21 ms
timing: #2244 done at t 115.729 s, 26.2 ms after the sync and hints
state stack #2244: push 3 pop 3 conditional 1 unmatched 0; restored 2763 regs (+2811 dwords); tables 11, unreadable 0
flip 1/1 buffer 0x5093f0000 +0x1fe0000: sum 0x17fb17d5f47d nonzero 8100/8160 pattern 0
  target CB0 0x507410000: distinct 53 min 0xc0000000 max 0xc340d034,   target CB0 0x507410000: nonzero 1024/1024
  target CB0 0x563800000: distinct 1 min 0x00000000 max 0x00000000,   target CB0 0x563800000: nonzero 0/1024
  target CB0 0x55c00d000: distinct 4 min 0x00000000 max 0xffffffff,   target CB0 0x55c00d000: nonzero 339/1024
  target CB0 0x5637f0000: distinct 1 min 0x00000000 max 0x00000000,   target CB0 0x5637f0000: nonzero 0/1024
  target CB0 0x526bf0000: distinct 1 min 0x38003800 max 0x38003800,   target CB0 0x526bf0000: nonzero 1024/1024
  target CB0 0x5719a8000: distinct 18 min 0x00000000 max 0xffffffff,   target CB0 0x5719a8000: nonzero 246/1024
  target DB_HTILE 0x5203a0000: distinct 2 min 0x00000000 max 0xfffffff0,   target DB_HTILE 0x5203a0000: nonzero 160/1024
  target DB_Z_READ 0x51db50000: distinct 1 min 0x3f800000 max 0x3f800000,   target DB_Z_READ 0x51db50000: nonzero 1024/1024
  target DB_STENCIL_READ 0x51fb30000: distinct 1 min 0x80800000 max 0x80800000,   target DB_STENCIL_READ 0x51fb30000: nonzero 1024/1024
  target CB0 0x513bf0000: distinct 1 min 0x00000000 max 0x00000000,   target CB0 0x513bf0000: nonzero 0/1024
  target CB0 0x571867000: distinct 20 min 0x00000000 max 0xffffffff,   target CB0 0x571867000: nonzero 359/1024
  target CB0 0x57187b000: distinct 20 min 0x00000000 max 0xffffffff,   target CB0 0x57187b000: nonzero 339/1024
  target CB0 0x519b90000: distinct 1 min 0x05e60222 max 0x05e60222,   target CB0 0x519b90000: nonzero 1024/1024
  target CB0 0x5718eb000: distinct 19 min 0x00000000 max 0xffffffff,   target CB0 0x5718eb000: nonzero 267/1024
  target DB_HTILE 0x55c0e0000: distinct 2 min 0x00000000 max 0xffffffff,   target DB_HTILE 0x55c0e0000: nonzero 192/1024
  target DB_Z_READ 0x527430000: distinct 1 min 0xffffffff max 0xffffffff,   target DB_Z_READ 0x527430000: nonzero 1024/1024
timing: t 115.730 s flip 1/1, VideoOutSubmitFlip took 0.0 ms
  indirect op 16 at 1246: base 0x5074063c0 +0x0 -> 1 1 1 0 0
  indirect op 16 at 1278: base 0x5074063e0 +0x0 -> 1 1 1 0 0
  indirect op 16 at 1310: base 0x50740a520 +0x0 -> 1 1 1 0 0
  indirect op 16 at 1342: base 0x50740a540 +0x0 -> 1 1 1 0 0
  indirect op 25 at 4825: base 0x56ddaffa0 +0x0 -> 1 0 0 0 0
submit #2245 dcb 10440 dwords at 0x502e02500: pass 691 rewrite 518 drop 462 unmapped 1 cc 12 mappings 313 ... OK rc 0 29.08 ms
timing: #2245 done at t 115.781 s, 38.4 ms after the sync and hints
state stack #2245: push 6 pop 6 conditional 1 unmatched 0; restored 5526 regs (+5622 dwords); tables 38, unreadable 0
submit #2246 acb 2 dwords at 0xfe003a200: pass 1 rewrite 0 drop 0 unmapped 0 cc 0 mappings 313 ... OK rc 0 22.87 ms
timing: #2246 done at t 115.817 s, 24.1 ms after the sync and hints
submit #2247 acb 49 dwords at 0x400348b94: pass 2 rewrite 3 drop 3 unmapped 0 cc 0 mappings 313 ... OK rc 0 22.81 ms
timing: #2247 done at t 115.852 s, 24.1 ms after the sync and hints
submit #2248 cc 3 dwords at 0x313b17cf4: pass 0 rewrite 1 drop 0 unmapped 0 cc 1 mappings 313 ... OK rc 0 22.98 ms
timing: #2248 done at t 115.888 s, 24.3 ms after the sync and hints
submit #2249 hib 150 dwords at 0xfe0000000: pass 12 rewrite 2 drop 2 unmapped 0 cc 2 mappings 313 ... OK rc 0 22.88 ms
timing: #2249 done at t 115.924 s, 24.5 ms after the sync and hints
submit #2250 hib 2 dwords at 0xfe003a200: pass 1 rewrite 0 drop 0 unmapped 0 cc 0 mappings 313 ... OK rc 0 22.90 ms
timing: #2250 done at t 115.960 s, 24.2 ms after the sync and hints
submit #2251 dcb 96 dwords at 0xfe0042920: pass 20 rewrite 2 drop 2 unmapped 0 cc 0 mappings 313 ... OK rc 0 22.93 ms
timing: #2251 done at t 115.996 s, 24.5 ms after the sync and hints
submit #2252 dcb 2647 dwords at 0x503502500: pass 236 rewrite 123 drop 120 unmapped 0 cc 4 mappings 313 ... OK rc 0 23.52 ms
timing: #2252 done at t 116.034 s, 27.1 ms after the sync and hints
state stack #2252: push 2 pop 2 conditional 1 unmatched 0; restored 1842 regs (+1874 dwords); tables 13, unreadable 0
submit #2253 acb 2 dwords at 0xfe003a200: pass 1 rewrite 0 drop 0 unmapped 0 cc 0 mappings 313 ... OK rc 0 22.99 ms
timing: #2253 done at t 116.070 s, 24.3 ms after the sync and hints
submit #2254 dcb 851 dwords at 0x505602500: pass 47 rewrite 55 drop 45 unmapped 0 cc 0 mappings 313 ... OK rc 0 22.90 ms
timing: #2254 done at t 116.106 s, 24.6 ms after the sync and hints
submit #2255 acb 463 dwords at 0x4003e6740: pass 43 rewrite 11 drop 27 unmapped 0 cc 0 mappings 313 ... OK rc 0 23.36 ms
timing: #2255 done at t 116.142 s, 24.6 ms after the sync and hints
submit #2256 dcb 798 dwords at 0x506202500: pass 103 rewrite 35 drop 22 unmapped 0 cc 6 mappings 313 ... acb head: 3413 of 3462 dwords go ahead of the wait at 3413 on 0x400202380
OK rc 0 23.77 ms
timing: #2256 done at t 116.181 s, 27.7 ms after the sync and hints
state stack #2256: push 3 pop 3 conditional 1 unmatched 0; restored 2763 regs (+2811 dwords); tables 17, unreadable 0
  indirect op 16 at 1640: args 0x74063c0 not mapped, DROPPED
  indirect op 16 at 1738: args 0x74063e0 not mapped, DROPPED
  indirect op 16 at 1833: args 0x74063e0 not mapped, DROPPED
submit #2257 acb 3413 dwords at 0x400205540: pass 331 rewrite 70 drop 165 unmapped 0 cc 0 mappings 313 ... OK rc 0 24.41 ms
timing: #2257 done at t 116.218 s, 25.8 ms after the sync and hints
submit #2258 dcb 1248 dwords at 0x504a02500: pass 151 rewrite 46 drop 45 unmapped 0 cc 6 mappings 313 ... OK rc 0 23.30 ms
timing: #2258 done at t 116.257 s, 26.3 ms after the sync and hints
state stack #2258: push 3 pop 3 conditional 1 unmatched 0; restored 2763 regs (+2811 dwords); tables 11, unreadable 0
flip 1/0 buffer 0x507410000 +0x1fe0000: sum 0x17fb17d5f47d nonzero 8100/8160 pattern 0
  target CB0 0x5093f0000: distinct 53 min 0xc0000000 max 0xc340d034,   target CB0 0x5093f0000: nonzero 1024/1024
  target CB0 0x563800000: distinct 1 min 0x00000000 max 0x00000000,   target CB0 0x563800000: nonzero 0/1024
  target CB0 0x55c00d000: distinct 4 min 0x00000000 max 0xffffffff,   target CB0 0x55c00d000: nonzero 339/1024
  target CB0 0x5637f0000: distinct 1 min 0x00000000 max 0x00000000,   target CB0 0x5637f0000: nonzero 0/1024
  target CB0 0x526bf0000: distinct 1 min 0x38003800 max 0x38003800,   target CB0 0x526bf0000: nonzero 1024/1024
  target CB0 0x5719a8000: distinct 18 min 0x00000000 max 0xffffffff,   target CB0 0x5719a8000: nonzero 246/1024
  target DB_HTILE 0x5203a0000: distinct 2 min 0x00000000 max 0xfffffff0,   target DB_HTILE 0x5203a0000: nonzero 160/1024
  target DB_Z_READ 0x51db50000: distinct 1 min 0x3f800000 max 0x3f800000,   target DB_Z_READ 0x51db50000: nonzero 1024/1024
  target DB_STENCIL_READ 0x51fb30000: distinct 1 min 0x80800000 max 0x80800000,   target DB_STENCIL_READ 0x51fb30000: nonzero 1024/1024
  target CB0 0x513bf0000: distinct 1 min 0x00000000 max 0x00000000,   target CB0 0x513bf0000: nonzero 0/1024
  target CB0 0x571867000: distinct 20 min 0x00000000 max 0xffffffff,   target CB0 0x571867000: nonzero 359/1024
  target CB0 0x57187b000: distinct 20 min 0x00000000 max 0xffffffff,   target CB0 0x57187b000: nonzero 339/1024
  target CB0 0x519b90000: distinct 1 min 0x00d88333 max 0x00d88333,   target CB0 0x519b90000: nonzero 1024/1024
  target CB0 0x5718eb000: distinct 19 min 0x00000000 max 0xffffffff,   target CB0 0x5718eb000: nonzero 267/1024
  target DB_HTILE 0x55c0e0000: distinct 2 min 0x00000000 max 0xffffffff,   target DB_HTILE 0x55c0e0000: nonzero 192/1024
  target DB_Z_READ 0x527430000: distinct 1 min 0xffffffff max 0xffffffff,   target DB_Z_READ 0x527430000: nonzero 1024/1024
timing: t 116.258 s flip 1/0, VideoOutSubmitFlip took 0.0 ms
  indirect op 16 at 1246: base 0x5074063c0 +0x0 -> 1 1 1 0 0
  indirect op 16 at 1278: base 0x5074063e0 +0x0 -> 1 1 1 0 0
  indirect op 16 at 1310: base 0x50740a520 +0x0 -> 1 1 1 0 0
  indirect op 16 at 1342: base 0x50740a540 +0x0 -> 1 1 1 0 0
  indirect op 25 at 4825: base 0x56ddaffa0 +0x0 -> 1 0 0 0 0
submit #2259 dcb 10440 dwords at 0x502002500: pass 691 rewrite 518 drop 462 unmapped 1 cc 12 mappings 313 ... OK rc 0 29.00 ms
timing: #2259 done at t 116.308 s, 38.2 ms after the sync and hints
state stack #2259: push 6 pop 6 conditional 1 unmatched 0; restored 5526 regs (+5622 dwords); tables 38, unreadable 0
submit #2260 acb 2 dwords at 0xfe003a200: pass 1 rewrite 0 drop 0 unmapped 0 cc 0 mappings 313 ... OK rc 0 22.89 ms
timing: #2260 done at t 116.343 s, 24.2 ms after the sync and hints
submit #2261 acb 49 dwords at 0x400208a94: pass 2 rewrite 3 drop 3 unmapped 0 cc 0 mappings 313 ... OK rc 0 22.99 ms
timing: #2261 done at t 116.379 s, 24.2 ms after the sync and hints
submit #2262 cc 3 dwords at 0x313b17cf4: pass 0 rewrite 1 drop 0 unmapped 0 cc 1 mappings 313 ... OK rc 0 23.02 ms
timing: #2262 done at t 116.414 s, 24.3 ms after the sync and hints
submit #2263 hib 150 dwords at 0xfe0000000: pass 12 rewrite 2 drop 2 unmapped 0 cc 2 mappings 313 ... OK rc 0 22.98 ms
timing: #2263 done at t 116.450 s, 24.6 ms after the sync and hints
submit #2264 hib 2 dwords at 0xfe003a200: pass 1 rewrite 0 drop 0 unmapped 0 cc 0 mappings 313 ... OK rc 0 22.93 ms
timing: #2264 done at t 116.486 s, 24.2 ms after the sync and hints
submit #2265 dcb 96 dwords at 0xfe0042920: pass 20 rewrite 2 drop 2 unmapped 0 cc 0 mappings 313 ... OK rc 0 22.92 ms
timing: #2265 done at t 116.522 s, 24.5 ms after the sync and hints
submit #2266 dcb 2647 dwords at 0x503c02500: pass 236 rewrite 123 drop 120 unmapped 0 cc 4 mappings 313 ... OK rc 0 23.56 ms
timing: #2266 done at t 116.561 s, 27.3 ms after the sync and hints
state stack #2266: push 2 pop 2 conditional 1 unmatched 0; restored 1842 regs (+1874 dwords); tables 13, unreadable 0
submit #2267 dcb 851 dwords at 0x505a02500: pass 47 rewrite 55 drop 45 unmapped 0 cc 0 mappings 313 ... OK rc 0 23.02 ms
timing: #2267 done at t 116.597 s, 24.7 ms after the sync and hints
submit #2268 acb 2 dwords at 0xfe003a200: pass 1 rewrite 0 drop 0 unmapped 0 cc 0 mappings 313 ... OK rc 0 22.87 ms
timing: #2268 done at t 116.633 s, 24.1 ms after the sync and hints
submit #2269 acb 463 dwords at 0x4004867c0: pass 43 rewrite 11 drop 27 unmapped 0 cc 0 mappings 313 ... OK rc 0 23.19 ms
timing: #2269 done at t 116.668 s, 24.5 ms after the sync and hints
submit #2270 dcb 798 dwords at 0x506802500: pass 103 rewrite 35 drop 22 unmapped 0 cc 6 mappings 313 ... acb head: 3413 of 3462 dwords go ahead of the wait at 3413 on 0x400202f80
OK rc 0 23.65 ms
timing: #2270 done at t 116.708 s, 27.6 ms after the sync and hints
state stack #2270: push 3 pop 3 conditional 1 unmatched 0; restored 2763 regs (+2811 dwords); tables 17, unreadable 0
  indirect op 16 at 1640: args 0x74063c0 not mapped, DROPPED
  indirect op 16 at 1738: args 0x74063e0 not mapped, DROPPED
  indirect op 16 at 1833: args 0x74063e0 not mapped, DROPPED
submit #2271 acb 3413 dwords at 0x4002a55c0: pass 331 rewrite 70 drop 165 unmapped 0 cc 0 mappings 313 ... OK rc 0 24.36 ms
timing: #2271 done at t 116.745 s, 26.0 ms after the sync and hints
submit #2272 dcb 1248 dwords at 0x504e02500: pass 151 rewrite 46 drop 45 unmapped 0 cc 6 mappings 313 ... OK rc 0 23.05 ms
timing: #2272 done at t 116.783 s, 26.1 ms after the sync and hints
state stack #2272: push 3 pop 3 conditional 1 unmatched 0; restored 2763 regs (+2811 dwords); tables 11, unreadable 0
flip 1/1 buffer 0x5093f0000 +0x1fe0000: sum 0x17fb17d5f47d nonzero 8100/8160 pattern 0
  target CB0 0x507410000: distinct 53 min 0xc0000000 max 0xc340d034,   target CB0 0x507410000: nonzero 1024/1024
  target CB0 0x563800000: distinct 1 min 0x00000000 max 0x00000000,   target CB0 0x563800000: nonzero 0/1024
  target CB0 0x55c00d000: distinct 4 min 0x00000000 max 0xffffffff,   target CB0 0x55c00d000: nonzero 339/1024
  target CB0 0x5637f0000: distinct 1 min 0x00000000 max 0x00000000,   target CB0 0x5637f0000: nonzero 0/1024
  target CB0 0x526bf0000: distinct 1 min 0x38003800 max 0x38003800,   target CB0 0x526bf0000: nonzero 1024/1024
  target CB0 0x5719a8000: distinct 18 min 0x00000000 max 0xffffffff,   target CB0 0x5719a8000: nonzero 246/1024
  target DB_HTILE 0x5203a0000: distinct 2 min 0x00000000 max 0xfffffff0,   target DB_HTILE 0x5203a0000: nonzero 160/1024
  target DB_Z_READ 0x51db50000: distinct 1 min 0x3f800000 max 0x3f800000,   target DB_Z_READ 0x51db50000: nonzero 1024/1024
  target DB_STENCIL_READ 0x51fb30000: distinct 1 min 0x80800000 max 0x80800000,   target DB_STENCIL_READ 0x51fb30000: nonzero 1024/1024
  target CB0 0x513bf0000: distinct 1 min 0x00000000 max 0x00000000,   target CB0 0x513bf0000: nonzero 0/1024
  target CB0 0x571867000: distinct 20 min 0x00000000 max 0xffffffff,   target CB0 0x571867000: nonzero 359/1024
  target CB0 0x57187b000: distinct 20 min 0x00000000 max 0xffffffff,   target CB0 0x57187b000: nonzero 339/1024
  target CB0 0x519b90000: distinct 1 min 0x84370111 max 0x84370111,   target CB0 0x519b90000: nonzero 1024/1024
  target CB0 0x5718eb000: distinct 19 min 0x00000000 max 0xffffffff,   target CB0 0x5718eb000: nonzero 267/1024
  target DB_HTILE 0x55c0e0000: distinct 2 min 0x00000000 max 0xffffffff,   target DB_HTILE 0x55c0e0000: nonzero 192/1024
  target DB_Z_READ 0x527430000: distinct 1 min 0xffffffff max 0xffffffff,   target DB_Z_READ 0x527430000: nonzero 1024/1024
timing: t 116.784 s flip 1/1, VideoOutSubmitFlip took 0.0 ms
  indirect op 16 at 1246: base 0x5074063c0 +0x0 -> 1 1 1 0 0
  indirect op 16 at 1278: base 0x5074063e0 +0x0 -> 1 1 1 0 0
  indirect op 16 at 1310: base 0x50740a520 +0x0 -> 1 1 1 0 0
  indirect op 16 at 1342: base 0x50740a540 +0x0 -> 1 1 1 0 0
  indirect op 25 at 4825: base 0x56ddaffa0 +0x0 -> 1 0 0 0 0
submit #2273 dcb 10440 dwords at 0x502702500: pass 691 rewrite 518 drop 462 unmapped 1 cc 12 mappings 313 ... OK rc 0 29.38 ms
timing: #2273 done at t 116.836 s, 38.5 ms after the sync and hints
state stack #2273: push 6 pop 6 conditional 1 unmatched 0; restored 5526 regs (+5622 dwords); tables 38, unreadable 0
submit #2274 acb 2 dwords at 0xfe003a200: pass 1 rewrite 0 drop 0 unmapped 0 cc 0 mappings 313 ... OK rc 0 22.97 ms
timing: #2274 done at t 116.872 s, 24.2 ms after the sync and hints
submit #2275 acb 49 dwords at 0x4002a8b14: pass 2 rewrite 3 drop 3 unmapped 0 cc 0 mappings 313 ... OK rc 0 22.87 ms
timing: #2275 done at t 116.907 s, 24.2 ms after the sync and hints
submit #2276 cc 3 dwords at 0x313b17cf4: pass 0 rewrite 1 drop 0 unmapped 0 cc 1 mappings 313 ... OK rc 0 22.96 ms
timing: #2276 done at t 116.944 s, 24.3 ms after the sync and hints
submit #2277 hib 150 dwords at 0xfe0000000: pass 12 rewrite 2 drop 2 unmapped 0 cc 2 mappings 313 ... OK rc 0 22.84 ms
timing: #2277 done at t 116.980 s, 24.5 ms after the sync and hints
submit #2278 hib 2 dwords at 0xfe003a200: pass 1 rewrite 0 drop 0 unmapped 0 cc 0 mappings 313 ... OK rc 0 23.23 ms
timing: #2278 done at t 117.016 s, 24.6 ms after the sync and hints
submit #2279 dcb 96 dwords at 0xfe0042920: pass 20 rewrite 2 drop 2 unmapped 0 cc 0 mappings 313 ... OK rc 0 23.32 ms
timing: #2279 done at t 117.052 s, 24.9 ms after the sync and hints
submit #2280 dcb 2647 dwords at 0x504302500: pass 236 rewrite 123 drop 120 unmapped 0 cc 4 mappings 313 ... OK rc 0 23.38 ms
timing: #2280 done at t 117.091 s, 26.9 ms after the sync and hints
state stack #2280: push 2 pop 2 conditional 1 unmatched 0; restored 1842 regs (+1874 dwords); tables 13, unreadable 0
submit #2281 dcb 851 dwords at 0x505e02500: pass 47 rewrite 55 drop 45 unmapped 0 cc 0 mappings 313 ... OK rc 0 22.87 ms
timing: #2281 done at t 117.127 s, 24.6 ms after the sync and hints
submit #2282 acb 2 dwords at 0xfe003a200: pass 1 rewrite 0 drop 0 unmapped 0 cc 0 mappings 313 ... OK rc 0 22.87 ms
timing: #2282 done at t 117.163 s, 24.1 ms after the sync and hints
submit #2283 acb 463 dwords at 0x400526840: pass 43 rewrite 11 drop 27 unmapped 0 cc 0 mappings 313 ... OK rc 0 23.13 ms
timing: #2283 done at t 117.199 s, 24.4 ms after the sync and hints
submit #2284 dcb 798 dwords at 0x506e02500: pass 103 rewrite 35 drop 22 unmapped 0 cc 6 mappings 313 ... acb head: 3413 of 3462 dwords go ahead of the wait at 3413 on 0x400203b80
OK rc 0 23.61 ms
timing: #2284 done at t 117.238 s, 27.5 ms after the sync and hints
state stack #2284: push 3 pop 3 conditional 1 unmatched 0; restored 2763 regs (+2811 dwords); tables 17, unreadable 0
  indirect op 16 at 1640: args 0x74063c0 not mapped, DROPPED
  indirect op 16 at 1738: args 0x74063e0 not mapped, DROPPED
  indirect op 16 at 1833: args 0x74063e0 not mapped, DROPPED
submit #2285 acb 3413 dwords at 0x400345640: pass 331 rewrite 70 drop 165 unmapped 0 cc 0 mappings 313 ... OK rc 0 24.35 ms
timing: #2285 done at t 117.275 s, 25.8 ms after the sync and hints
submit #2286 dcb 1248 dwords at 0x505202500: pass 151 rewrite 46 drop 45 unmapped 0 cc 6 mappings 313 ... OK rc 0 23.47 ms
timing: #2286 done at t 117.313 s, 26.5 ms after the sync and hints
state stack #2286: push 3 pop 3 conditional 1 unmatched 0; restored 2763 regs (+2811 dwords); tables 11, unreadable 0
flip 1/0 buffer 0x507410000 +0x1fe0000: sum 0x17fb17d5f47d nonzero 8100/8160 pattern 0
  target CB0 0x5093f0000: distinct 53 min 0xc0000000 max 0xc340d034,   target CB0 0x5093f0000: nonzero 1024/1024
  target CB0 0x563800000: distinct 1 min 0x00000000 max 0x00000000,   target CB0 0x563800000: nonzero 0/1024
  target CB0 0x55c00d000: distinct 4 min 0x00000000 max 0xffffffff,   target CB0 0x55c00d000: nonzero 339/1024
  target CB0 0x5637f0000: distinct 1 min 0x00000000 max 0x00000000,   target CB0 0x5637f0000: nonzero 0/1024
  target CB0 0x526bf0000: distinct 1 min 0x38003800 max 0x38003800,   target CB0 0x526bf0000: nonzero 1024/1024
  target CB0 0x5719a8000: distinct 18 min 0x00000000 max 0xffffffff,   target CB0 0x5719a8000: nonzero 246/1024
  target DB_HTILE 0x5203a0000: distinct 2 min 0x00000000 max 0xfffffff0,   target DB_HTILE 0x5203a0000: nonzero 160/1024
  target DB_Z_READ 0x51db50000: distinct 1 min 0x3f800000 max 0x3f800000,   target DB_Z_READ 0x51db50000: nonzero 1024/1024
  target DB_STENCIL_READ 0x51fb30000: distinct 1 min 0x80800000 max 0x80800000,   target DB_STENCIL_READ 0x51fb30000: nonzero 1024/1024
  target CB0 0x513bf0000: distinct 1 min 0x00000000 max 0x00000000,   target CB0 0x513bf0000: nonzero 0/1024
  target CB0 0x571867000: distinct 20 min 0x00000000 max 0xffffffff,   target CB0 0x571867000: nonzero 359/1024
  target CB0 0x57187b000: distinct 20 min 0x00000000 max 0xffffffff,   target CB0 0x57187b000: nonzero 339/1024
  target CB0 0x519b90000: distinct 1 min 0x04378111 max 0x04378111,   target CB0 0x519b90000: nonzero 1024/1024
  target CB0 0x5718eb000: distinct 19 min 0x00000000 max 0xffffffff,   target CB0 0x5718eb000: nonzero 267/1024
  target DB_HTILE 0x55c0e0000: distinct 2 min 0x00000000 max 0xffffffff,   target DB_HTILE 0x55c0e0000: nonzero 192/1024
  target DB_Z_READ 0x527430000: distinct 1 min 0xffffffff max 0xffffffff,   target DB_Z_READ 0x527430000: nonzero 1024/1024
timing: t 117.314 s flip 1/0, VideoOutSubmitFlip took 0.0 ms
  indirect op 16 at 1246: base 0x5074063c0 +0x0 -> 1 1 1 0 0
  indirect op 16 at 1278: base 0x5074063e0 +0x0 -> 1 1 1 0 0
  indirect op 16 at 1310: base 0x50740a520 +0x0 -> 1 1 1 0 0
  indirect op 16 at 1342: base 0x50740a540 +0x0 -> 1 1 1 0 0
  indirect op 25 at 4825: base 0x56ddaffa0 +0x0 -> 1 0 0 0 0
submit #2287 dcb 10440 dwords at 0x502e02500: pass 691 rewrite 518 drop 462 unmapped 1 cc 12 mappings 313 ... OK rc 0 29.49 ms
timing: #2287 done at t 117.365 s, 38.9 ms after the sync and hints
state stack #2287: push 6 pop 6 conditional 1 unmatched 0; restored 5526 regs (+5622 dwords); tables 38, unreadable 0
submit #2288 acb 2 dwords at 0xfe003a200: pass 1 rewrite 0 drop 0 unmapped 0 cc 0 mappings 313 ... OK rc 0 22.86 ms
timing: #2288 done at t 117.401 s, 24.1 ms after the sync and hints
submit #2289 acb 49 dwords at 0x400348b94: pass 2 rewrite 3 drop 3 unmapped 0 cc 0 mappings 313 ... OK rc 0 22.79 ms
timing: #2289 done at t 117.436 s, 24.1 ms after the sync and hints
submit #2290 cc 3 dwords at 0x313b17cf4: pass 0 rewrite 1 drop 0 unmapped 0 cc 1 mappings 313 ... OK rc 0 23.33 ms
timing: #2290 done at t 117.472 s, 24.6 ms after the sync and hints
submit #2291 hib 150 dwords at 0xfe0000000: pass 12 rewrite 2 drop 2 unmapped 0 cc 2 mappings 313 ... OK rc 0 23.22 ms
timing: #2291 done at t 117.508 s, 24.8 ms after the sync and hints
submit #2292 hib 2 dwords at 0xfe003a200: pass 1 rewrite 0 drop 0 unmapped 0 cc 0 mappings 313 ... OK rc 0 23.13 ms
timing: #2292 done at t 117.544 s, 24.4 ms after the sync and hints
submit #2293 dcb 96 dwords at 0xfe0042920: pass 20 rewrite 2 drop 2 unmapped 0 cc 0 mappings 313 ... OK rc 0 23.07 ms
timing: #2293 done at t 117.580 s, 24.7 ms after the sync and hints
submit #2294 dcb 2647 dwords at 0x503502500: pass 236 rewrite 123 drop 120 unmapped 0 cc 4 mappings 313 ... OK rc 0 23.69 ms
timing: #2294 done at t 117.619 s, 27.4 ms after the sync and hints
state stack #2294: push 2 pop 2 conditional 1 unmatched 0; restored 1842 regs (+1874 dwords); tables 13, unreadable 0
submit #2295 dcb 851 dwords at 0x505602500: pass 47 rewrite 55 drop 45 unmapped 0 cc 0 mappings 313 ... OK rc 0 23.23 ms
timing: #2295 done at t 117.656 s, 25.1 ms after the sync and hints
submit #2296 acb 2 dwords at 0xfe003a200: pass 1 rewrite 0 drop 0 unmapped 0 cc 0 mappings 313 ... OK rc 0 22.88 ms
timing: #2296 done at t 117.692 s, 24.1 ms after the sync and hints
submit #2297 acb 463 dwords at 0x4003e6740: pass 43 rewrite 11 drop 27 unmapped 0 cc 0 mappings 313 ... OK rc 0 23.29 ms
timing: #2297 done at t 117.728 s, 24.6 ms after the sync and hints
submit #2298 dcb 798 dwords at 0x506202500: pass 103 rewrite 35 drop 22 unmapped 0 cc 6 mappings 313 ... acb head: 3413 of 3462 dwords go ahead of the wait at 3413 on 0x400202380
OK rc 0 23.96 ms
timing: #2298 done at t 117.768 s, 27.9 ms after the sync and hints
state stack #2298: push 3 pop 3 conditional 1 unmatched 0; restored 2763 regs (+2811 dwords); tables 17, unreadable 0
  indirect op 16 at 1640: args 0x74063c0 not mapped, DROPPED
  indirect op 16 at 1738: args 0x74063e0 not mapped, DROPPED
  indirect op 16 at 1833: args 0x74063e0 not mapped, DROPPED
submit #2299 acb 3413 dwords at 0x400205540: pass 331 rewrite 70 drop 165 unmapped 0 cc 0 mappings 313 ... OK rc 0 24.32 ms
timing: #2299 done at t 117.805 s, 25.8 ms after the sync and hints
submit #2300 dcb 1248 dwords at 0x504a02500: pass 151 rewrite 46 drop 45 unmapped 0 cc 6 mappings 313 ... OK rc 0 23.42 ms
timing: #2300 done at t 117.843 s, 26.5 ms after the sync and hints
state stack #2300: push 3 pop 3 conditional 1 unmatched 0; restored 2763 regs (+2811 dwords); tables 11, unreadable 0
flip 1/1 buffer 0x5093f0000 +0x1fe0000: sum 0x17fb17d5f47d nonzero 8100/8160 pattern 0
  target CB0 0x507410000: distinct 53 min 0xc0000000 max 0xc340d034,   target CB0 0x507410000: nonzero 1024/1024
  target CB0 0x563800000: distinct 1 min 0x00000000 max 0x00000000,   target CB0 0x563800000: nonzero 0/1024
  target CB0 0x55c00d000: distinct 4 min 0x00000000 max 0xffffffff,   target CB0 0x55c00d000: nonzero 339/1024
  target CB0 0x5637f0000: distinct 1 min 0x00000000 max 0x00000000,   target CB0 0x5637f0000: nonzero 0/1024
  target CB0 0x526bf0000: distinct 1 min 0x38003800 max 0x38003800,   target CB0 0x526bf0000: nonzero 1024/1024
  target CB0 0x5719a8000: distinct 18 min 0x00000000 max 0xffffffff,   target CB0 0x5719a8000: nonzero 246/1024
  target DB_HTILE 0x5203a0000: distinct 2 min 0x00000000 max 0xfffffff0,   target DB_HTILE 0x5203a0000: nonzero 160/1024
  target DB_Z_READ 0x51db50000: distinct 1 min 0x3f800000 max 0x3f800000,   target DB_Z_READ 0x51db50000: nonzero 1024/1024
  target DB_STENCIL_READ 0x51fb30000: distinct 1 min 0x80800000 max 0x80800000,   target DB_STENCIL_READ 0x51fb30000: nonzero 1024/1024
  target CB0 0x513bf0000: distinct 1 min 0x00000000 max 0x00000000,   target CB0 0x513bf0000: nonzero 0/1024
  target CB0 0x571867000: distinct 20 min 0x00000000 max 0xffffffff,   target CB0 0x571867000: nonzero 359/1024
  target CB0 0x57187b000: distinct 20 min 0x00000000 max 0xffffffff,   target CB0 0x57187b000: nonzero 339/1024
  target CB0 0x519b90000: distinct 1 min 0x80d80333 max 0x80d80333,   target CB0 0x519b90000: nonzero 1024/1024
  target CB0 0x5718eb000: distinct 19 min 0x00000000 max 0xffffffff,   target CB0 0x5718eb000: nonzero 267/1024
  target DB_HTILE 0x55c0e0000: distinct 2 min 0x00000000 max 0xffffffff,   target DB_HTILE 0x55c0e0000: nonzero 192/1024
  target DB_Z_READ 0x527430000: distinct 1 min 0xffffffff max 0xffffffff,   target DB_Z_READ 0x527430000: nonzero 1024/1024
timing: t 117.844 s flip 1/1, VideoOutSubmitFlip took 0.0 ms
  indirect op 16 at 1246: base 0x5074063c0 +0x0 -> 1 1 1 0 0
  indirect op 16 at 1278: base 0x5074063e0 +0x0 -> 1 1 1 0 0
  indirect op 16 at 1310: base 0x50740a520 +0x0 -> 1 1 1 0 0
  indirect op 16 at 1342: base 0x50740a540 +0x0 -> 1 1 1 0 0
  indirect op 25 at 4825: base 0x56ddaffa0 +0x0 -> 1 0 0 0 0
submit #2301 dcb 10440 dwords at 0x502002500: pass 691 rewrite 518 drop 462 unmapped 1 cc 12 mappings 313 ... OK rc 0 29.59 ms
timing: #2301 done at t 117.895 s, 38.9 ms after the sync and hints
state stack #2301: push 6 pop 6 conditional 1 unmatched 0; restored 5526 regs (+5622 dwords); tables 38, unreadable 0
submit #2302 acb 2 dwords at 0xfe003a200: pass 1 rewrite 0 drop 0 unmapped 0 cc 0 mappings 313 ... OK rc 0 22.90 ms
timing: #2302 done at t 117.931 s, 24.2 ms after the sync and hints
submit #2303 acb 49 dwords at 0x400208a94: pass 2 rewrite 3 drop 3 unmapped 0 cc 0 mappings 313 ... OK rc 0 22.89 ms
timing: #2303 done at t 117.967 s, 24.2 ms after the sync and hints
submit #2304 cc 3 dwords at 0x313b17cf4: pass 0 rewrite 1 drop 0 unmapped 0 cc 1 mappings 313 ... OK rc 0 23.15 ms
timing: #2304 done at t 118.003 s, 24.4 ms after the sync and hints
submit #2305 hib 150 dwords at 0xfe0000000: pass 12 rewrite 2 drop 2 unmapped 0 cc 2 mappings 313 ... OK rc 0 23.17 ms
timing: #2305 done at t 118.039 s, 24.8 ms after the sync and hints
submit #2306 hib 2 dwords at 0xfe003a200: pass 1 rewrite 0 drop 0 unmapped 0 cc 0 mappings 313 ... OK rc 0 23.30 ms
timing: #2306 done at t 118.075 s, 24.6 ms after the sync and hints
submit #2307 dcb 96 dwords at 0xfe0042920: pass 20 rewrite 2 drop 2 unmapped 0 cc 0 mappings 313 ... OK rc 0 22.84 ms
timing: #2307 done at t 118.111 s, 24.4 ms after the sync and hints
submit #2308 dcb 2647 dwords at 0x503c02500: pass 236 rewrite 123 drop 120 unmapped 0 cc 4 mappings 313 ... OK rc 0 23.72 ms
timing: #2308 done at t 118.150 s, 27.2 ms after the sync and hints
state stack #2308: push 2 pop 2 conditional 1 unmatched 0; restored 1842 regs (+1874 dwords); tables 13, unreadable 0
submit #2309 dcb 851 dwords at 0x505a02500: pass 47 rewrite 55 drop 45 unmapped 0 cc 0 mappings 313 ... OK rc 0 23.32 ms
timing: #2309 done at t 118.187 s, 25.0 ms after the sync and hints
submit #2310 acb 2 dwords at 0xfe003a200: pass 1 rewrite 0 drop 0 unmapped 0 cc 0 mappings 313 ... OK rc 0 22.92 ms
timing: #2310 done at t 118.222 s, 24.2 ms after the sync and hints
submit #2311 acb 463 dwords at 0x4004867c0: pass 43 rewrite 11 drop 27 unmapped 0 cc 0 mappings 313 ... OK rc 0 23.13 ms
timing: #2311 done at t 118.258 s, 24.4 ms after the sync and hints
submit #2312 dcb 798 dwords at 0x506802500: pass 103 rewrite 35 drop 22 unmapped 0 cc 6 mappings 313 ... acb head: 3413 of 3462 dwords go ahead of the wait at 3413 on 0x400202f80
OK rc 0 23.68 ms
timing: #2312 done at t 118.297 s, 27.6 ms after the sync and hints
state stack #2312: push 3 pop 3 conditional 1 unmatched 0; restored 2763 regs (+2811 dwords); tables 17, unreadable 0
  indirect op 16 at 1640: args 0x74063c0 not mapped, DROPPED
  indirect op 16 at 1738: args 0x74063e0 not mapped, DROPPED
  indirect op 16 at 1833: args 0x74063e0 not mapped, DROPPED
submit #2313 acb 3413 dwords at 0x4002a55c0: pass 331 rewrite 70 drop 165 unmapped 0 cc 0 mappings 313 ... OK rc 0 24.63 ms
timing: #2313 done at t 118.335 s, 26.3 ms after the sync and hints
submit #2314 dcb 1248 dwords at 0x504e02500: pass 151 rewrite 46 drop 45 unmapped 0 cc 6 mappings 313 ... OK rc 0 23.21 ms
timing: #2314 done at t 118.373 s, 26.2 ms after the sync and hints
state stack #2314: push 3 pop 3 conditional 1 unmatched 0; restored 2763 regs (+2811 dwords); tables 11, unreadable 0
flip 1/0 buffer 0x507410000 +0x1fe0000: sum 0x17fb17d5f47d nonzero 8100/8160 pattern 0
  target CB0 0x5093f0000: distinct 53 min 0xc0000000 max 0xc340d034,   target CB0 0x5093f0000: nonzero 1024/1024
  target CB0 0x563800000: distinct 1 min 0x00000000 max 0x00000000,   target CB0 0x563800000: nonzero 0/1024
  target CB0 0x55c00d000: distinct 4 min 0x00000000 max 0xffffffff,   target CB0 0x55c00d000: nonzero 339/1024
  target CB0 0x5637f0000: distinct 1 min 0x00000000 max 0x00000000,   target CB0 0x5637f0000: nonzero 0/1024
  target CB0 0x526bf0000: distinct 1 min 0x38003800 max 0x38003800,   target CB0 0x526bf0000: nonzero 1024/1024
  target CB0 0x5719a8000: distinct 18 min 0x00000000 max 0xffffffff,   target CB0 0x5719a8000: nonzero 246/1024
  target DB_HTILE 0x5203a0000: distinct 2 min 0x00000000 max 0xfffffff0,   target DB_HTILE 0x5203a0000: nonzero 160/1024
  target DB_Z_READ 0x51db50000: distinct 1 min 0x3f800000 max 0x3f800000,   target DB_Z_READ 0x51db50000: nonzero 1024/1024
  target DB_STENCIL_READ 0x51fb30000: distinct 1 min 0x80800000 max 0x80800000,   target DB_STENCIL_READ 0x51fb30000: nonzero 1024/1024
  target CB0 0x513bf0000: distinct 1 min 0x00000000 max 0x00000000,   target CB0 0x513bf0000: nonzero 0/1024
  target CB0 0x571867000: distinct 20 min 0x00000000 max 0xffffffff,   target CB0 0x571867000: nonzero 359/1024
  target CB0 0x57187b000: distinct 20 min 0x00000000 max 0xffffffff,   target CB0 0x57187b000: nonzero 339/1024
  target CB0 0x519b90000: distinct 1 min 0x85e683bc max 0x85e683bc,   target CB0 0x519b90000: nonzero 1024/1024
  target CB0 0x5718eb000: distinct 19 min 0x00000000 max 0xffffffff,   target CB0 0x5718eb000: nonzero 267/1024
  target DB_HTILE 0x55c0e0000: distinct 2 min 0x00000000 max 0xffffffff,   target DB_HTILE 0x55c0e0000: nonzero 192/1024
  target DB_Z_READ 0x527430000: distinct 1 min 0xffffffff max 0xffffffff,   target DB_Z_READ 0x527430000: nonzero 1024/1024
timing: t 118.374 s flip 1/0, VideoOutSubmitFlip took 0.0 ms
  indirect op 16 at 1246: base 0x5074063c0 +0x0 -> 1 1 1 0 0
  indirect op 16 at 1278: base 0x5074063e0 +0x0 -> 1 1 1 0 0
  indirect op 16 at 1310: base 0x50740a520 +0x0 -> 1 1 1 0 0
  indirect op 16 at 1342: base 0x50740a540 +0x0 -> 1 1 1 0 0
  indirect op 25 at 4825: base 0x56ddaffa0 +0x0 -> 1 0 0 0 0
submit #2315 dcb 10440 dwords at 0x502702500: pass 691 rewrite 518 drop 462 unmapped 1 cc 12 mappings 313 ... OK rc 0 29.25 ms
timing: #2315 done at t 118.425 s, 39.1 ms after the sync and hints
state stack #2315: push 6 pop 6 conditional 1 unmatched 0; restored 5526 regs (+5622 dwords); tables 38, unreadable 0
submit #2316 acb 2 dwords at 0xfe003a200: pass 1 rewrite 0 drop 0 unmapped 0 cc 0 mappings 313 ... OK rc 0 23.10 ms
timing: #2316 done at t 118.461 s, 24.6 ms after the sync and hints
submit #2317 acb 49 dwords at 0x4002a8b14: pass 2 rewrite 3 drop 3 unmapped 0 cc 0 mappings 313 ... 
