direct: enabled, stage all, cu mask 0xffffffff, bo list with mappings
learned 0x52e000000: window 0x52e000000+0x6000000, mapped +96.0 MiB
learned 0x53e000000: window 0x53e000000+0x6000000, mapped +96.0 MiB
learned 0x536000000: window 0x536000000+0x6000000, mapped +96.0 MiB
learned 0x55a000000: window 0x55a000000+0x6000000, mapped +96.0 MiB
learned 0x54e000000: window 0x54e000000+0x6000000, mapped +96.0 MiB
learned 0x51a000000: window 0x51a000000+0x6000000, mapped +96.0 MiB
learned 0x522000000: window 0x522000000+0x6000000, mapped +96.0 MiB
learned 0x562000000: window 0x562000000+0x6000000, mapped +96.0 MiB
learned 0x532000000: window 0x532000000+0x6000000, mapped +32.0 MiB
learned 0x566000000: window 0x566000000+0x6000000, mapped +64.0 MiB
learned 0x55e000000: window 0x55e000000+0x6000000, mapped +32.0 MiB
learned 0x402000000: window 0x402000000+0x6000000, mapped +96.0 MiB
timing: #0 done at t 0.357 s, 39.7 ms after the sync and hints; device: prepare 0.15 list 0.01 cs 0.04 fence 0.04 ms, 5 BOs (short list)
timing: #1 done at t 0.392 s, 12.5 ms after the sync and hints; device: prepare 0.01 list 0.02 cs 0.04 fence 9.97 ms, 5 BOs (short list)
timing: #2 done at t 0.401 s, 0.9 ms after the sync and hints; device: prepare 0.00 list 0.02 cs 0.03 fence 0.02 ms, 5 BOs (short list)
timing: #3 done at t 0.409 s, 0.8 ms after the sync and hints; device: prepare 0.00 list 0.01 cs 0.04 fence 0.02 ms, 5 BOs (short list)
timing: #4 done at t 0.417 s, 0.9 ms after the sync and hints; device: prepare 0.01 list 0.02 cs 0.04 fence 0.02 ms, 5 BOs (short list)
timing: #5 done at t 0.425 s, 1.2 ms after the sync and hints; device: prepare 0.01 list 0.02 cs 0.05 fence 0.02 ms, 6 BOs (short list)
timing: #6 done at t 0.433 s, 0.8 ms after the sync and hints; device: prepare 0.00 list 0.01 cs 0.03 fence 0.02 ms, 5 BOs (short list)
timing: #7 done at t 0.441 s, 0.9 ms after the sync and hints; device: prepare 0.01 list 0.01 cs 0.03 fence 0.02 ms, 5 BOs (short list)
timing: #8 done at t 0.449 s, 0.8 ms after the sync and hints; device: prepare 0.00 list 0.01 cs 0.03 fence 0.02 ms, 5 BOs (short list)
timing: #9 done at t 0.457 s, 0.9 ms after the sync and hints; device: prepare 0.00 list 0.02 cs 0.03 fence 0.02 ms, 5 BOs (short list)
timing: #10 done at t 0.465 s, 0.9 ms after the sync and hints; device: prepare 0.01 list 0.02 cs 0.03 fence 0.02 ms, 5 BOs (short list)
timing: #11 done at t 0.474 s, 1.2 ms after the sync and hints; device: prepare 0.01 list 0.02 cs 0.05 fence 0.03 ms, 6 BOs (short list)
timing: #12 done at t 0.482 s, 0.8 ms after the sync and hints; device: prepare 0.00 list 0.01 cs 0.03 fence 0.02 ms, 5 BOs (short list)
timing: #13 done at t 0.490 s, 0.8 ms after the sync and hints; device: prepare 0.01 list 0.01 cs 0.03 fence 0.02 ms, 5 BOs (short list)
timing: #14 done at t 0.498 s, 0.9 ms after the sync and hints; device: prepare 0.00 list 0.02 cs 0.03 fence 0.02 ms, 5 BOs (short list)
timing: #15 done at t 0.509 s, 0.9 ms after the sync and hints; device: prepare 0.01 list 0.02 cs 0.04 fence 0.02 ms, 5 BOs (short list)
timing: #16 done at t 0.520 s, 0.9 ms after the sync and hints; device: prepare 0.00 list 0.01 cs 0.03 fence 0.02 ms, 5 BOs (short list)
timing: #17 done at t 0.531 s, 0.9 ms after the sync and hints; device: prepare 0.01 list 0.01 cs 0.04 fence 0.02 ms, 5 BOs (short list)
timing: #18 done at t 0.542 s, 0.9 ms after the sync and hints; device: prepare 0.00 list 0.01 cs 0.04 fence 0.03 ms, 5 BOs (short list)
timing: #19 done at t 0.553 s, 0.9 ms after the sync and hints; device: prepare 0.01 list 0.01 cs 0.04 fence 0.02 ms, 5 BOs (short list)
timing: #20 done at t 0.562 s, 0.9 ms after the sync and hints; device: prepare 0.00 list 0.02 cs 0.04 fence 0.02 ms, 5 BOs (short list)
timing: #21 done at t 0.571 s, 0.8 ms after the sync and hints; device: prepare 0.01 list 0.01 cs 0.03 fence 0.02 ms, 5 BOs (short list)
timing: #22 done at t 0.580 s, 0.8 ms after the sync and hints; device: prepare 0.00 list 0.02 cs 0.03 fence 0.03 ms, 5 BOs (short list)
timing: #23 done at t 0.589 s, 0.8 ms after the sync and hints; device: prepare 0.01 list 0.01 cs 0.03 fence 0.03 ms, 5 BOs (short list)
timing: #24 done at t 0.599 s, 0.8 ms after the sync and hints; device: prepare 0.00 list 0.02 cs 0.03 fence 0.03 ms, 5 BOs (short list)
timing: #25 done at t 0.609 s, 0.8 ms after the sync and hints; device: prepare 0.01 list 0.02 cs 0.04 fence 0.03 ms, 5 BOs (short list)
timing: #26 done at t 0.620 s, 0.9 ms after the sync and hints; device: prepare 0.00 list 0.02 cs 0.08 fence 0.09 ms, 5 BOs (short list)
timing: #27 done at t 0.629 s, 0.8 ms after the sync and hints; device: prepare 0.01 list 0.01 cs 0.03 fence 0.03 ms, 5 BOs (short list)
timing: #28 done at t 0.639 s, 0.8 ms after the sync and hints; device: prepare 0.00 list 0.01 cs 0.03 fence 0.02 ms, 5 BOs (short list)
timing: #29 done at t 0.649 s, 0.9 ms after the sync and hints; device: prepare 0.01 list 0.01 cs 0.03 fence 0.02 ms, 5 BOs (short list)
timing: #30 done at t 0.658 s, 0.8 ms after the sync and hints; device: prepare 0.00 list 0.02 cs 0.03 fence 0.02 ms, 5 BOs (short list)
timing: #31 done at t 0.668 s, 0.8 ms after the sync and hints; device: prepare 0.01 list 0.02 cs 0.04 fence 0.03 ms, 5 BOs (short list)
timing: #32 done at t 0.678 s, 1.0 ms after the sync and hints; device: prepare 0.00 list 0.02 cs 0.04 fence 0.02 ms, 5 BOs (short list)
timing: #33 done at t 0.688 s, 1.2 ms after the sync and hints; device: prepare 0.01 list 0.01 cs 0.04 fence 0.05 ms, 5 BOs (short list)
timing: #34 done at t 0.697 s, 0.9 ms after the sync and hints; device: prepare 0.00 list 0.01 cs 0.03 fence 0.03 ms, 5 BOs (short list)
timing: #35 done at t 0.706 s, 1.0 ms after the sync and hints; device: prepare 0.01 list 0.01 cs 0.03 fence 0.04 ms, 5 BOs (short list)
timing: #36 done at t 0.715 s, 0.9 ms after the sync and hints; device: prepare 0.00 list 0.01 cs 0.04 fence 0.04 ms, 5 BOs (short list)
timing: #37 done at t 0.724 s, 1.0 ms after the sync and hints; device: prepare 0.01 list 0.02 cs 0.04 fence 0.04 ms, 5 BOs (short list)
timing: #38 done at t 0.733 s, 0.9 ms after the sync and hints; device: prepare 0.01 list 0.02 cs 0.04 fence 0.02 ms, 5 BOs (short list)
timing: #39 done at t 0.743 s, 1.0 ms after the sync and hints; device: prepare 0.01 list 0.01 cs 0.04 fence 0.04 ms, 5 BOs (short list)
timing: #40 done at t 0.752 s, 0.9 ms after the sync and hints; device: prepare 0.01 list 0.01 cs 0.04 fence 0.04 ms, 5 BOs (short list)
timing: #41 done at t 0.761 s, 1.0 ms after the sync and hints; device: prepare 0.01 list 0.02 cs 0.04 fence 0.03 ms, 5 BOs (short list)
timing: #42 done at t 0.771 s, 0.8 ms after the sync and hints; device: prepare 0.00 list 0.01 cs 0.06 fence 0.04 ms, 5 BOs (short list)
timing: #43 done at t 0.783 s, 2.6 ms after the sync and hints; device: prepare 0.01 list 0.01 cs 0.06 fence 1.78 ms, 5 BOs (short list)
timing: #44 done at t 0.793 s, 0.8 ms after the sync and hints; device: prepare 0.00 list 0.01 cs 0.03 fence 0.03 ms, 5 BOs (short list)
timing: #45 done at t 0.802 s, 0.8 ms after the sync and hints; device: prepare 0.01 list 0.01 cs 0.03 fence 0.03 ms, 5 BOs (short list)
timing: #46 done at t 0.811 s, 0.8 ms after the sync and hints; device: prepare 0.00 list 0.01 cs 0.04 fence 0.04 ms, 5 BOs (short list)
timing: #47 done at t 0.820 s, 0.9 ms after the sync and hints; device: prepare 0.01 list 0.01 cs 0.03 fence 0.04 ms, 5 BOs (short list)
timing: #48 done at t 0.829 s, 0.8 ms after the sync and hints; device: prepare 0.00 list 0.01 cs 0.04 fence 0.04 ms, 5 BOs (short list)
timing: #49 done at t 0.838 s, 0.8 ms after the sync and hints; device: prepare 0.01 list 0.01 cs 0.03 fence 0.04 ms, 5 BOs (short list)
timing: #50 done at t 0.847 s, 0.8 ms after the sync and hints; device: prepare 0.00 list 0.01 cs 0.04 fence 0.04 ms, 5 BOs (short list)
timing: #51 done at t 0.856 s, 0.9 ms after the sync and hints; device: prepare 0.01 list 0.02 cs 0.04 fence 0.03 ms, 5 BOs (short list)
timing: #52 done at t 0.865 s, 0.8 ms after the sync and hints; device: prepare 0.00 list 0.01 cs 0.04 fence 0.03 ms, 5 BOs (short list)
timing: #53 done at t 0.874 s, 0.8 ms after the sync and hints; device: prepare 0.01 list 0.01 cs 0.03 fence 0.03 ms, 5 BOs (short list)
timing: #54 done at t 0.884 s, 0.8 ms after the sync and hints; device: prepare 0.00 list 0.01 cs 0.04 fence 0.03 ms, 5 BOs (short list)
timing: #55 done at t 0.893 s, 0.8 ms after the sync and hints; device: prepare 0.01 list 0.01 cs 0.04 fence 0.04 ms, 5 BOs (short list)
timing: #56 done at t 0.902 s, 0.8 ms after the sync and hints; device: prepare 0.00 list 0.01 cs 0.04 fence 0.04 ms, 5 BOs (short list)
timing: #57 done at t 0.911 s, 0.9 ms after the sync and hints; device: prepare 0.01 list 0.01 cs 0.04 fence 0.03 ms, 5 BOs (short list)
timing: #58 done at t 0.920 s, 0.9 ms after the sync and hints; device: prepare 0.00 list 0.01 cs 0.03 fence 0.04 ms, 5 BOs (short list)
timing: #59 done at t 0.929 s, 0.8 ms after the sync and hints; device: prepare 0.01 list 0.01 cs 0.03 fence 0.05 ms, 5 BOs (short list)
timing: #60 done at t 0.938 s, 0.9 ms after the sync and hints; device: prepare 0.00 list 0.02 cs 0.04 fence 0.04 ms, 5 BOs (short list)
timing: #61 done at t 0.947 s, 0.8 ms after the sync and hints; device: prepare 0.01 list 0.01 cs 0.04 fence 0.04 ms, 5 BOs (short list)
timing: #62 done at t 0.956 s, 0.8 ms after the sync and hints; device: prepare 0.00 list 0.01 cs 0.03 fence 0.04 ms, 5 BOs (short list)
timing: #63 done at t 0.965 s, 0.9 ms after the sync and hints; device: prepare 0.01 list 0.01 cs 0.04 fence 0.03 ms, 5 BOs (short list)
timing: #64 done at t 0.974 s, 0.8 ms after the sync and hints; device: prepare 0.00 list 0.01 cs 0.03 fence 0.04 ms, 5 BOs (short list)
timing: #65 done at t 0.983 s, 0.8 ms after the sync and hints; device: prepare 0.01 list 0.01 cs 0.04 fence 0.04 ms, 5 BOs (short list)
timing: #66 done at t 0.992 s, 0.9 ms after the sync and hints; device: prepare 0.00 list 0.01 cs 0.04 fence 0.03 ms, 5 BOs (short list)
timing: #67 done at t 1.001 s, 0.9 ms after the sync and hints; device: prepare 0.01 list 0.01 cs 0.04 fence 0.04 ms, 5 BOs (short list)
timing: #68 done at t 1.011 s, 0.8 ms after the sync and hints; device: prepare 0.00 list 0.01 cs 0.04 fence 0.03 ms, 5 BOs (short list)
timing: #69 done at t 1.020 s, 0.9 ms after the sync and hints; device: prepare 0.01 list 0.01 cs 0.06 fence 0.07 ms, 5 BOs (short list)
timing: #70 done at t 1.029 s, 0.9 ms after the sync and hints; device: prepare 0.00 list 0.01 cs 0.05 fence 0.05 ms, 5 BOs (short list)
timing: #71 done at t 1.041 s, 0.9 ms after the sync and hints; device: prepare 0.01 list 0.02 cs 0.04 fence 0.04 ms, 5 BOs (short list)
timing: #72 done at t 1.054 s, 0.8 ms after the sync and hints; device: prepare 0.00 list 0.01 cs 0.03 fence 0.02 ms, 5 BOs (short list)
timing: #73 done at t 1.064 s, 0.9 ms after the sync and hints; device: prepare 0.01 list 0.02 cs 0.04 fence 0.03 ms, 5 BOs (short list)
timing: #74 done at t 1.074 s, 0.8 ms after the sync and hints; device: prepare 0.00 list 0.01 cs 0.03 fence 0.02 ms, 5 BOs (short list)
timing: #75 done at t 1.083 s, 0.9 ms after the sync and hints; device: prepare 0.00 list 0.02 cs 0.04 fence 0.04 ms, 5 BOs (short list)
timing: #76 done at t 1.092 s, 0.8 ms after the sync and hints; device: prepare 0.01 list 0.01 cs 0.03 fence 0.02 ms, 5 BOs (short list)
timing: #77 done at t 1.102 s, 1.2 ms after the sync and hints; device: prepare 0.01 list 0.01 cs 0.05 fence 0.04 ms, 6 BOs (short list)
timing: #78 done at t 1.112 s, 0.8 ms after the sync and hints; device: prepare 0.00 list 0.01 cs 0.03 fence 0.02 ms, 5 BOs (short list)
timing: #79 done at t 1.121 s, 0.8 ms after the sync and hints; device: prepare 0.01 list 0.02 cs 0.04 fence 0.03 ms, 5 BOs (short list)
timing: #80 done at t 1.130 s, 0.9 ms after the sync and hints; device: prepare 0.00 list 0.01 cs 0.04 fence 0.03 ms, 5 BOs (short list)
timing: #81 done at t 1.139 s, 0.9 ms after the sync and hints; device: prepare 0.00 list 0.01 cs 0.04 fence 0.03 ms, 5 BOs (short list)
timing: #82 done at t 1.149 s, 0.9 ms after the sync and hints; device: prepare 0.01 list 0.01 cs 0.03 fence 0.02 ms, 5 BOs (short list)
timing: #83 done at t 1.158 s, 1.2 ms after the sync and hints; device: prepare 0.01 list 0.02 cs 0.05 fence 0.04 ms, 6 BOs (short list)
timing: #84 done at t 1.167 s, 0.9 ms after the sync and hints; device: prepare 0.00 list 0.02 cs 0.04 fence 0.02 ms, 5 BOs (short list)
timing: #85 done at t 1.176 s, 0.9 ms after the sync and hints; device: prepare 0.01 list 0.02 cs 0.04 fence 0.03 ms, 5 BOs (short list)
timing: #86 done at t 1.186 s, 0.9 ms after the sync and hints; device: prepare 0.00 list 0.01 cs 0.04 fence 0.03 ms, 5 BOs (short list)
timing: #87 done at t 1.195 s, 0.9 ms after the sync and hints; device: prepare 0.00 list 0.01 cs 0.04 fence 0.03 ms, 5 BOs (short list)
timing: #88 done at t 1.204 s, 0.9 ms after the sync and hints; device: prepare 0.01 list 0.02 cs 0.04 fence 0.02 ms, 5 BOs (short list)
timing: #89 done at t 1.214 s, 1.3 ms after the sync and hints; device: prepare 0.01 list 0.02 cs 0.05 fence 0.02 ms, 6 BOs (short list)
timing: #90 done at t 1.223 s, 0.9 ms after the sync and hints; device: prepare 0.00 list 0.01 cs 0.05 fence 0.03 ms, 5 BOs (short list)
timing: #91 done at t 1.232 s, 0.9 ms after the sync and hints; device: prepare 0.01 list 0.01 cs 0.04 fence 0.03 ms, 5 BOs (short list)
timing: #92 done at t 1.241 s, 1.0 ms after the sync and hints; device: prepare 0.01 list 0.02 cs 0.05 fence 0.03 ms, 5 BOs (short list)
timing: #93 done at t 1.250 s, 0.9 ms after the sync and hints; device: prepare 0.00 list 0.02 cs 0.04 fence 0.04 ms, 5 BOs (short list)
timing: #94 done at t 1.259 s, 0.9 ms after the sync and hints; device: prepare 0.01 list 0.01 cs 0.04 fence 0.03 ms, 5 BOs (short list)
timing: #95 done at t 1.269 s, 1.3 ms after the sync and hints; device: prepare 0.03 list 0.02 cs 0.07 fence 0.04 ms, 6 BOs (short list)
timing: #96 done at t 1.278 s, 0.9 ms after the sync and hints; device: prepare 0.00 list 0.01 cs 0.04 fence 0.03 ms, 5 BOs (short list)
timing: #97 done at t 1.287 s, 0.9 ms after the sync and hints; device: prepare 0.01 list 0.01 cs 0.04 fence 0.02 ms, 5 BOs (short list)
timing: #98 done at t 1.348 s, 16.7 ms after the sync and hints; device: prepare 0.22 list 0.15 cs 10.43 fence 2.13 ms, 502 BOs
timing: #99 done at t 1.358 s, 0.9 ms after the sync and hints; device: prepare 0.00 list 0.02 cs 0.04 fence 0.03 ms, 5 BOs (short list)
timing: #100 done at t 1.368 s, 0.9 ms after the sync and hints; device: prepare 0.01 list 0.02 cs 0.04 fence 0.03 ms, 5 BOs (short list)
timing: #101 done at t 1.388 s, 11.6 ms after the sync and hints; device: prepare 0.03 list 0.17 cs 10.01 fence 0.05 ms, 502 BOs
timing: #102 done at t 1.397 s, 0.9 ms after the sync and hints; device: prepare 0.00 list 0.01 cs 0.04 fence 0.03 ms, 5 BOs (short list)
timing: #103 done at t 1.406 s, 0.9 ms after the sync and hints; device: prepare 0.01 list 0.01 cs 0.04 fence 0.03 ms, 5 BOs (short list)
timing: #104 done at t 1.442 s, 14.0 ms after the sync and hints; device: prepare 0.05 list 0.16 cs 10.21 fence 0.28 ms, 509 BOs
timing: #105 done at t 1.451 s, 0.9 ms after the sync and hints; device: prepare 0.00 list 0.01 cs 0.04 fence 0.03 ms, 5 BOs (short list)
timing: #106 done at t 1.461 s, 0.9 ms after the sync and hints; device: prepare 0.01 list 0.01 cs 0.04 fence 0.03 ms, 5 BOs (short list)
timing: #107 done at t 1.487 s, 13.1 ms after the sync and hints; device: prepare 0.05 list 0.16 cs 10.28 fence 0.16 ms, 510 BOs
flip 1/0 buffer 0x507410000 +0x1fe0000: sum 0x0 nonzero 0/8160 pattern 0
timing: t 1.492 s flip 1/0, VideoOutSubmitFlip took 0.0 ms
timing: #108 done at t 1.509 s, 0.8 ms after the sync and hints; device: prepare 0.00 list 0.02 cs 0.04 fence 0.02 ms, 5 BOs (short list)
timing: #109 done at t 1.521 s, 0.8 ms after the sync and hints; device: prepare 0.01 list 0.01 cs 0.04 fence 0.03 ms, 5 BOs (short list)
timing: #110 done at t 1.530 s, 0.9 ms after the sync and hints; device: prepare 0.00 list 0.02 cs 0.04 fence 0.02 ms, 5 BOs (short list)
timing: #111 done at t 1.540 s, 0.9 ms after the sync and hints; device: prepare 0.01 list 0.02 cs 0.04 fence 0.03 ms, 5 BOs (short list)
timing: #112 done at t 1.549 s, 0.9 ms after the sync and hints; device: prepare 0.01 list 0.01 cs 0.04 fence 0.03 ms, 5 BOs (short list)
timing: #113 done at t 1.559 s, 0.9 ms after the sync and hints; device: prepare 0.01 list 0.02 cs 0.04 fence 0.03 ms, 5 BOs (short list)
timing: #114 done at t 1.568 s, 0.9 ms after the sync and hints; device: prepare 0.00 list 0.01 cs 0.04 fence 0.02 ms, 5 BOs (short list)
timing: #115 done at t 1.578 s, 0.9 ms after the sync and hints; device: prepare 0.01 list 0.02 cs 0.04 fence 0.03 ms, 5 BOs (short list)
timing: #116 done at t 1.587 s, 0.9 ms after the sync and hints; device: prepare 0.00 list 0.01 cs 0.04 fence 0.03 ms, 5 BOs (short list)
timing: #117 done at t 1.597 s, 0.9 ms after the sync and hints; device: prepare 0.01 list 0.02 cs 0.04 fence 0.02 ms, 5 BOs (short list)
timing: #118 done at t 1.606 s, 0.9 ms after the sync and hints; device: prepare 0.00 list 0.01 cs 0.03 fence 0.02 ms, 5 BOs (short list)
timing: #119 done at t 1.616 s, 0.9 ms after the sync and hints; device: prepare 0.01 list 0.01 cs 0.04 fence 0.02 ms, 5 BOs (short list)
timing: #120 done at t 1.625 s, 0.9 ms after the sync and hints; device: prepare 0.00 list 0.01 cs 0.04 fence 0.02 ms, 5 BOs (short list)
timing: #121 done at t 1.635 s, 0.9 ms after the sync and hints; device: prepare 0.01 list 0.01 cs 0.04 fence 0.02 ms, 5 BOs (short list)
timing: #122 done at t 1.644 s, 0.9 ms after the sync and hints; device: prepare 0.00 list 0.01 cs 0.04 fence 0.03 ms, 5 BOs (short list)
timing: #123 done at t 1.654 s, 0.9 ms after the sync and hints; device: prepare 0.01 list 0.01 cs 0.04 fence 0.03 ms, 5 BOs (short list)
timing: #124 done at t 1.664 s, 0.9 ms after the sync and hints; device: prepare 0.00 list 0.01 cs 0.04 fence 0.03 ms, 5 BOs (short list)
timing: #125 done at t 1.673 s, 0.9 ms after the sync and hints; device: prepare 0.01 list 0.02 cs 0.03 fence 0.03 ms, 5 BOs (short list)
timing: #126 done at t 1.683 s, 0.9 ms after the sync and hints; device: prepare 0.00 list 0.02 cs 0.04 fence 0.03 ms, 5 BOs (short list)
timing: #127 done at t 1.692 s, 0.9 ms after the sync and hints; device: prepare 0.01 list 0.01 cs 0.04 fence 0.03 ms, 5 BOs (short list)
timing: #128 done at t 1.714 s, 12.3 ms after the sync and hints; device: prepare 0.03 list 0.17 cs 10.68 fence 0.48 ms, 512 BOs
timing: #129 done at t 1.723 s, 0.9 ms after the sync and hints; device: prepare 0.00 list 0.01 cs 0.04 fence 0.03 ms, 5 BOs (short list)
timing: #130 done at t 1.744 s, 12.0 ms after the sync and hints; device: prepare 0.02 list 0.17 cs 10.63 fence 0.33 ms, 512 BOs
timing: #131 done at t 1.800 s, 22.9 ms after the sync and hints; device: prepare 0.37 list 0.16 cs 11.10 fence 2.47 ms, 537 BOs
timing: #132 done at t 1.811 s, 0.9 ms after the sync and hints; device: prepare 0.00 list 0.01 cs 0.04 fence 0.04 ms, 5 BOs (short list)
timing: #133 done at t 1.821 s, 0.9 ms after the sync and hints; device: prepare 0.01 list 0.02 cs 0.10 fence 0.04 ms, 9 BOs (short list)
timing: #134 done at t 1.831 s, 0.9 ms after the sync and hints; device: prepare 0.00 list 0.02 cs 0.04 fence 0.04 ms, 5 BOs (short list)
timing: #135 done at t 1.841 s, 1.3 ms after the sync and hints; device: prepare 0.01 list 0.02 cs 0.05 fence 0.04 ms, 6 BOs (short list)
timing: #136 done at t 1.852 s, 0.9 ms after the sync and hints; device: prepare 0.00 list 0.02 cs 0.04 fence 0.04 ms, 5 BOs (short list)
timing: #137 done at t 1.862 s, 1.2 ms after the sync and hints; device: prepare 0.02 list 0.01 cs 0.05 fence 0.05 ms, 6 BOs (short list)
timing: #138 done at t 1.886 s, 14.8 ms after the sync and hints; device: prepare 0.08 list 0.17 cs 11.15 fence 0.30 ms, 544 BOs
timing: #139 done at t 1.909 s, 12.8 ms after the sync and hints; device: prepare 0.03 list 0.18 cs 11.14 fence 0.07 ms, 544 BOs
timing: #140 done at t 1.919 s, 1.1 ms after the sync and hints; device: prepare 0.01 list 0.02 cs 0.05 fence 0.03 ms, 5 BOs (short list)
timing: #141 done at t 1.940 s, 12.6 ms after the sync and hints; device: prepare 0.02 list 0.16 cs 11.17 fence 0.33 ms, 544 BOs
timing: #142 done at t 1.965 s, 15.3 ms after the sync and hints; device: prepare 0.04 list 0.16 cs 11.31 fence 0.28 ms, 544 BOs
timing: #143 done at t 1.986 s, 12.7 ms after the sync and hints; device: prepare 0.04 list 0.16 cs 11.15 fence 0.47 ms, 544 BOs
timing: #144 done at t 2.010 s, 14.1 ms after the sync and hints; device: prepare 0.05 list 0.17 cs 11.19 fence 0.16 ms, 544 BOs
flip 1/1 buffer 0x5093f0000 +0x1fe0000: sum 0x0 nonzero 0/8160 pattern 0
timing: t 2.013 s flip 1/1, VideoOutSubmitFlip took 0.0 ms
timing: #145 done at t 2.068 s, 22.9 ms after the sync and hints; device: prepare 0.27 list 0.18 cs 11.33 fence 2.45 ms, 546 BOs
timing: #146 done at t 2.079 s, 0.9 ms after the sync and hints; device: prepare 0.01 list 0.02 cs 0.04 fence 0.03 ms, 5 BOs (short list)
timing: #147 done at t 2.092 s, 1.0 ms after the sync and hints; device: prepare 0.01 list 0.02 cs 0.10 fence 0.03 ms, 9 BOs (short list)
timing: #148 done at t 2.107 s, 0.9 ms after the sync and hints; device: prepare 0.00 list 0.01 cs 0.04 fence 0.03 ms, 5 BOs (short list)
timing: #149 done at t 2.122 s, 1.2 ms after the sync and hints; device: prepare 0.02 list 0.01 cs 0.06 fence 0.04 ms, 6 BOs (short list)
timing: #150 done at t 2.137 s, 0.9 ms after the sync and hints; device: prepare 0.00 list 0.02 cs 0.04 fence 0.04 ms, 5 BOs (short list)
timing: #151 done at t 2.153 s, 1.2 ms after the sync and hints; device: prepare 0.02 list 0.01 cs 0.05 fence 0.04 ms, 6 BOs (short list)
timing: #152 done at t 2.180 s, 16.6 ms after the sync and hints; device: prepare 0.08 list 0.26 cs 12.83 fence 0.30 ms, 918 BOs
timing: #153 done at t 2.206 s, 14.7 ms after the sync and hints; device: prepare 0.03 list 0.28 cs 12.94 fence 0.05 ms, 923 BOs
timing: #154 done at t 2.217 s, 0.9 ms after the sync and hints; device: prepare 0.01 list 0.02 cs 0.04 fence 0.03 ms, 5 BOs (short list)
timing: #155 done at t 2.242 s, 15.1 ms after the sync and hints; device: prepare 0.02 list 0.27 cs 13.63 fence 0.33 ms, 927 BOs
timing: #156 done at t 2.269 s, 16.7 ms after the sync and hints; device: prepare 0.05 list 0.28 cs 12.91 fence 0.28 ms, 928 BOs
timing: #157 done at t 2.294 s, 14.8 ms after the sync and hints; device: prepare 0.03 list 0.27 cs 13.07 fence 0.46 ms, 930 BOs
timing: #158 done at t 2.320 s, 16.2 ms after the sync and hints; device: prepare 0.06 list 0.28 cs 13.00 fence 0.15 ms, 932 BOs
flip 1/0 buffer 0x507410000 +0x1fe0000: sum 0x17ea65194594 nonzero 8100/8160 pattern 0
timing: t 2.321 s flip 1/0, VideoOutSubmitFlip took 0.0 ms
timing: #159 done at t 2.357 s, 25.1 ms after the sync and hints; device: prepare 0.25 list 0.28 cs 12.92 fence 2.48 ms, 933 BOs
timing: #160 done at t 2.369 s, 0.9 ms after the sync and hints; device: prepare 0.00 list 0.01 cs 0.03 fence 0.03 ms, 5 BOs (short list)
timing: #161 done at t 2.381 s, 0.9 ms after the sync and hints; device: prepare 0.01 list 0.02 cs 0.10 fence 0.03 ms, 9 BOs (short list)
timing: #162 done at t 2.392 s, 0.8 ms after the sync and hints; device: prepare 0.00 list 0.01 cs 0.04 fence 0.02 ms, 5 BOs (short list)
timing: #163 done at t 2.404 s, 1.2 ms after the sync and hints; device: prepare 0.02 list 0.01 cs 0.05 fence 0.02 ms, 6 BOs (short list)
timing: #164 done at t 2.415 s, 0.8 ms after the sync and hints; device: prepare 0.00 list 0.01 cs 0.03 fence 0.02 ms, 5 BOs (short list)
timing: #165 done at t 2.426 s, 1.2 ms after the sync and hints; device: prepare 0.02 list 0.02 cs 0.06 fence 0.04 ms, 6 BOs (short list)
timing: #166 done at t 2.453 s, 17.1 ms after the sync and hints; device: prepare 0.08 list 0.29 cs 13.29 fence 0.29 ms, 960 BOs
timing: #167 done at t 2.479 s, 15.1 ms after the sync and hints; device: prepare 0.03 list 0.28 cs 13.42 fence 0.05 ms, 961 BOs
timing: #168 done at t 2.490 s, 0.9 ms after the sync and hints; device: prepare 0.00 list 0.01 cs 0.04 fence 0.03 ms, 5 BOs (short list)
timing: #169 done at t 2.515 s, 15.5 ms after the sync and hints; device: prepare 0.02 list 0.29 cs 13.93 fence 0.33 ms, 963 BOs
timing: #170 done at t 2.544 s, 17.8 ms after the sync and hints; device: prepare 0.05 list 0.28 cs 13.80 fence 0.26 ms, 965 BOs
timing: #171 done at t 2.570 s, 15.3 ms after the sync and hints; device: prepare 0.03 list 0.29 cs 13.60 fence 0.47 ms, 968 BOs
timing: #172 done at t 2.597 s, 16.7 ms after the sync and hints; device: prepare 0.05 list 0.28 cs 13.57 fence 0.16 ms, 970 BOs
flip 1/1 buffer 0x5093f0000 +0x1fe0000: sum 0x17ea65194594 nonzero 8100/8160 pattern 0
timing: t 2.598 s flip 1/1, VideoOutSubmitFlip took 0.0 ms
timing: #173 done at t 2.634 s, 26.1 ms after the sync and hints; device: prepare 0.31 list 0.43 cs 13.86 fence 2.38 ms, 972 BOs
timing: #174 done at t 2.649 s, 0.8 ms after the sync and hints; device: prepare 0.00 list 0.01 cs 0.03 fence 0.02 ms, 5 BOs (short list)
timing: #175 done at t 2.662 s, 0.9 ms after the sync and hints; device: prepare 0.01 list 0.02 cs 0.10 fence 0.03 ms, 9 BOs (short list)
timing: #176 done at t 2.673 s, 0.8 ms after the sync and hints; device: prepare 0.00 list 0.02 cs 0.03 fence 0.02 ms, 5 BOs (short list)
timing: #177 done at t 2.685 s, 1.3 ms after the sync and hints; device: prepare 0.02 list 0.01 cs 0.05 fence 0.02 ms, 6 BOs (short list)
timing: #178 done at t 2.696 s, 0.8 ms after the sync and hints; device: prepare 0.00 list 0.01 cs 0.03 fence 0.03 ms, 5 BOs (short list)
timing: #179 done at t 2.708 s, 1.2 ms after the sync and hints; device: prepare 0.02 list 0.01 cs 0.05 fence 0.03 ms, 6 BOs (short list)
timing: #180 done at t 2.743 s, 19.2 ms after the sync and hints; device: prepare 0.10 list 0.31 cs 14.36 fence 0.37 ms, 1090 BOs
timing: #181 done at t 2.770 s, 15.9 ms after the sync and hints; device: prepare 0.03 list 0.32 cs 14.28 fence 0.04 ms, 1093 BOs
timing: #182 done at t 2.782 s, 0.8 ms after the sync and hints; device: prepare 0.00 list 0.01 cs 0.03 fence 0.02 ms, 5 BOs (short list)
timing: #183 done at t 2.807 s, 15.9 ms after the sync and hints; device: prepare 0.02 list 0.31 cs 14.31 fence 0.33 ms, 1094 BOs
timing: #184 done at t 2.836 s, 18.5 ms after the sync and hints; device: prepare 0.05 list 0.31 cs 14.34 fence 0.37 ms, 1095 BOs
timing: #185 done at t 2.862 s, 16.1 ms after the sync and hints; device: prepare 0.03 list 0.32 cs 14.17 fence 0.70 ms, 1096 BOs
timing: #186 done at t 2.891 s, 17.7 ms after the sync and hints; device: prepare 0.06 list 0.31 cs 14.51 fence 0.14 ms, 1097 BOs
flip 1/0 buffer 0x507410000 +0x1fe0000: sum 0x17ea65194594 nonzero 8100/8160 pattern 0
timing: t 2.892 s flip 1/0, VideoOutSubmitFlip took 0.0 ms
timing: #187 done at t 2.930 s, 26.8 ms after the sync and hints; device: prepare 0.26 list 0.32 cs 14.53 fence 2.61 ms, 1102 BOs
timing: #188 done at t 2.941 s, 0.8 ms after the sync and hints; device: prepare 0.00 list 0.01 cs 0.04 fence 0.03 ms, 5 BOs (short list)
timing: #189 done at t 2.953 s, 0.9 ms after the sync and hints; device: prepare 0.01 list 0.01 cs 0.10 fence 0.03 ms, 9 BOs (short list)
timing: #190 done at t 2.964 s, 0.8 ms after the sync and hints; device: prepare 0.00 list 0.01 cs 0.03 fence 0.02 ms, 5 BOs (short list)
timing: #191 done at t 2.975 s, 1.4 ms after the sync and hints; device: prepare 0.02 list 0.02 cs 0.06 fence 0.03 ms, 6 BOs (short list)
timing: #192 done at t 2.985 s, 0.8 ms after the sync and hints; device: prepare 0.00 list 0.01 cs 0.03 fence 0.02 ms, 5 BOs (short list)
timing: #193 done at t 2.997 s, 1.2 ms after the sync and hints; device: prepare 0.02 list 0.02 cs 0.06 fence 0.06 ms, 6 BOs (short list)
timing: #194 done at t 3.025 s, 18.1 ms after the sync and hints; device: prepare 0.08 list 0.31 cs 14.08 fence 0.32 ms, 1108 BOs
timing: #195 done at t 3.051 s, 15.7 ms after the sync and hints; device: prepare 0.03 list 0.32 cs 14.05 fence 0.04 ms, 1110 BOs
timing: #196 done at t 3.062 s, 0.8 ms after the sync and hints; device: prepare 0.00 list 0.01 cs 0.03 fence 0.03 ms, 5 BOs (short list)
timing: #197 done at t 3.087 s, 15.7 ms after the sync and hints; device: prepare 0.02 list 0.33 cs 14.18 fence 0.33 ms, 1112 BOs
timing: #198 done at t 3.116 s, 18.5 ms after the sync and hints; device: prepare 0.05 list 0.31 cs 14.15 fence 0.38 ms, 1113 BOs
timing: #199 done at t 3.142 s, 16.1 ms after the sync and hints; device: prepare 0.03 list 0.31 cs 14.18 fence 0.68 ms, 1114 BOs
timing: #200 done at t 3.169 s, 17.2 ms after the sync and hints; device: prepare 0.06 list 0.31 cs 14.12 fence 0.15 ms, 1116 BOs
flip 1/1 buffer 0x5093f0000 +0x1fe0000: sum 0x17ea65194594 nonzero 8100/8160 pattern 0
timing: t 3.170 s flip 1/1, VideoOutSubmitFlip took 0.0 ms
timing: #201 done at t 3.210 s, 29.2 ms after the sync and hints; device: prepare 0.25 list 0.31 cs 15.85 fence 2.59 ms, 1117 BOs
timing: #202 done at t 3.222 s, 0.9 ms after the sync and hints; device: prepare 0.00 list 0.01 cs 0.04 fence 0.03 ms, 5 BOs (short list)
timing: #203 done at t 3.232 s, 1.0 ms after the sync and hints; device: prepare 0.01 list 0.02 cs 0.10 fence 0.03 ms, 9 BOs (short list)
timing: #204 done at t 3.244 s, 0.8 ms after the sync and hints; device: prepare 0.00 list 0.01 cs 0.03 fence 0.02 ms, 5 BOs (short list)
timing: #205 done at t 3.255 s, 1.3 ms after the sync and hints; device: prepare 0.02 list 0.02 cs 0.06 fence 0.03 ms, 6 BOs (short list)
timing: #206 done at t 3.266 s, 0.8 ms after the sync and hints; device: prepare 0.00 list 0.02 cs 0.03 fence 0.02 ms, 5 BOs (short list)
timing: #207 done at t 3.279 s, 1.4 ms after the sync and hints; device: prepare 0.03 list 0.02 cs 0.06 fence 0.04 ms, 6 BOs (short list)
timing: #208 done at t 3.314 s, 21.4 ms after the sync and hints; device: prepare 0.11 list 0.36 cs 16.57 fence 0.30 ms, 1123 BOs
timing: #209 done at t 3.343 s, 17.9 ms after the sync and hints; device: prepare 0.03 list 0.34 cs 16.24 fence 0.01 ms, 1124 BOs
timing: #210 done at t 3.354 s, 0.9 ms after the sync and hints; device: prepare 0.01 list 0.02 cs 0.04 fence 0.03 ms, 5 BOs (short list)
timing: #211 done at t 3.380 s, 16.1 ms after the sync and hints; device: prepare 0.02 list 0.34 cs 14.60 fence 0.32 ms, 1127 BOs
timing: #212 done at t 3.411 s, 18.4 ms after the sync and hints; device: prepare 0.06 list 0.31 cs 14.30 fence 0.36 ms, 1128 BOs
timing: #213 done at t 3.437 s, 16.2 ms after the sync and hints; device: prepare 0.03 list 0.31 cs 14.26 fence 0.69 ms, 1129 BOs
timing: #214 done at t 3.467 s, 19.1 ms after the sync and hints; device: prepare 0.06 list 0.29 cs 16.04 fence 0.11 ms, 1131 BOs
flip 1/0 buffer 0x507410000 +0x1fe0000: sum 0x17ea65194594 nonzero 8100/8160 pattern 0
timing: t 3.468 s flip 1/0, VideoOutSubmitFlip took 0.0 ms
timing: #215 done at t 3.508 s, 28.0 ms after the sync and hints; device: prepare 0.32 list 0.35 cs 16.10 fence 2.57 ms, 1132 BOs
timing: #216 done at t 3.519 s, 0.9 ms after the sync and hints; device: prepare 0.00 list 0.01 cs 0.03 fence 0.03 ms, 5 BOs (short list)
timing: #217 done at t 3.530 s, 1.0 ms after the sync and hints; device: prepare 0.01 list 0.02 cs 0.09 fence 0.04 ms, 9 BOs (short list)
timing: #218 done at t 3.542 s, 0.9 ms after the sync and hints; device: prepare 0.00 list 0.01 cs 0.04 fence 0.03 ms, 5 BOs (short list)
timing: #219 done at t 3.554 s, 1.2 ms after the sync and hints; device: prepare 0.02 list 0.01 cs 0.05 fence 0.03 ms, 6 BOs (short list)
timing: #220 done at t 3.565 s, 1.0 ms after the sync and hints; device: prepare 0.00 list 0.02 cs 0.03 fence 0.03 ms, 5 BOs (short list)
timing: #221 done at t 3.577 s, 1.2 ms after the sync and hints; device: prepare 0.02 list 0.02 cs 0.05 fence 0.04 ms, 6 BOs (short list)
timing: #222 done at t 3.607 s, 19.1 ms after the sync and hints; device: prepare 0.08 list 0.31 cs 15.04 fence 0.31 ms, 1137 BOs
timing: #223 done at t 3.635 s, 17.4 ms after the sync and hints; device: prepare 0.03 list 0.32 cs 15.76 fence 0.03 ms, 1137 BOs
timing: #224 done at t 3.646 s, 0.8 ms after the sync and hints; device: prepare 0.00 list 0.01 cs 0.04 fence 0.03 ms, 5 BOs (short list)
timing: #225 done at t 3.672 s, 15.9 ms after the sync and hints; device: prepare 0.02 list 0.32 cs 14.34 fence 0.32 ms, 1139 BOs
timing: #226 done at t 3.701 s, 18.7 ms after the sync and hints; device: prepare 0.06 list 0.36 cs 14.51 fence 0.34 ms, 1141 BOs
timing: #227 done at t 3.728 s, 16.4 ms after the sync and hints; device: prepare 0.03 list 0.32 cs 14.40 fence 0.69 ms, 1142 BOs
timing: #228 done at t 3.758 s, 19.8 ms after the sync and hints; device: prepare 0.07 list 0.35 cs 16.14 fence 0.13 ms, 1143 BOs
flip 1/1 buffer 0x5093f0000 +0x1fe0000: sum 0x17ea65194594 nonzero 8100/8160 pattern 0
timing: t 3.759 s flip 1/1, VideoOutSubmitFlip took 0.0 ms
timing: #229 done at t 3.800 s, 28.4 ms after the sync and hints; device: prepare 0.27 list 0.32 cs 14.47 fence 2.57 ms, 1144 BOs
timing: #230 done at t 3.812 s, 1.0 ms after the sync and hints; device: prepare 0.01 list 0.02 cs 0.05 fence 0.03 ms, 5 BOs (short list)
timing: #231 done at t 3.824 s, 1.0 ms after the sync and hints; device: prepare 0.01 list 0.02 cs 0.11 fence 0.03 ms, 9 BOs (short list)
timing: #232 done at t 3.835 s, 0.9 ms after the sync and hints; device: prepare 0.00 list 0.01 cs 0.04 fence 0.03 ms, 5 BOs (short list)
timing: #233 done at t 3.846 s, 1.3 ms after the sync and hints; device: prepare 0.02 list 0.01 cs 0.05 fence 0.04 ms, 6 BOs (short list)
timing: #234 done at t 3.856 s, 0.9 ms after the sync and hints; device: prepare 0.00 list 0.02 cs 0.03 fence 0.03 ms, 5 BOs (short list)
timing: #235 done at t 3.868 s, 1.2 ms after the sync and hints; device: prepare 0.02 list 0.01 cs 0.05 fence 0.04 ms, 6 BOs (short list)
timing: #236 done at t 3.896 s, 18.1 ms after the sync and hints; device: prepare 0.08 list 0.31 cs 14.42 fence 0.31 ms, 1160 BOs
timing: #237 done at t 3.922 s, 16.0 ms after the sync and hints; device: prepare 0.03 list 0.32 cs 14.36 fence 0.03 ms, 1160 BOs
timing: #238 done at t 3.934 s, 0.9 ms after the sync and hints; device: prepare 0.00 list 0.01 cs 0.03 fence 0.03 ms, 5 BOs (short list)
timing: #239 done at t 3.960 s, 15.9 ms after the sync and hints; device: prepare 0.02 list 0.32 cs 14.38 fence 0.32 ms, 1162 BOs
timing: #240 done at t 3.992 s, 21.7 ms after the sync and hints; device: prepare 0.05 list 0.33 cs 16.75 fence 0.34 ms, 1163 BOs
timing: #241 done at t 4.019 s, 16.4 ms after the sync and hints; device: prepare 0.03 list 0.33 cs 14.53 fence 0.69 ms, 1164 BOs
timing: #242 done at t 4.047 s, 17.7 ms after the sync and hints; device: prepare 0.06 list 0.36 cs 14.66 fence 0.13 ms, 1165 BOs
flip 1/0 buffer 0x507410000 +0x1fe0000: sum 0x17ea65194594 nonzero 8100/8160 pattern 0
timing: t 4.048 s flip 1/0, VideoOutSubmitFlip took 0.0 ms
timing: #243 done at t 4.088 s, 28.1 ms after the sync and hints; device: prepare 0.26 list 0.33 cs 16.09 fence 2.56 ms, 1167 BOs
timing: #244 done at t 4.099 s, 0.9 ms after the sync and hints; device: prepare 0.00 list 0.01 cs 0.03 fence 0.02 ms, 5 BOs (short list)
timing: #245 done at t 4.110 s, 0.9 ms after the sync and hints; device: prepare 0.01 list 0.01 cs 0.09 fence 0.03 ms, 9 BOs (short list)
timing: #246 done at t 4.121 s, 0.9 ms after the sync and hints; device: prepare 0.00 list 0.02 cs 0.04 fence 0.03 ms, 5 BOs (short list)
timing: #247 done at t 4.132 s, 1.3 ms after the sync and hints; device: prepare 0.02 list 0.01 cs 0.06 fence 0.03 ms, 6 BOs (short list)
timing: #248 done at t 4.145 s, 0.9 ms after the sync and hints; device: prepare 0.01 list 0.01 cs 0.04 fence 0.03 ms, 5 BOs (short list)
timing: #249 done at t 4.160 s, 1.5 ms after the sync and hints; device: prepare 0.02 list 0.02 cs 0.05 fence 0.04 ms, 6 BOs (short list)
timing: #250 done at t 4.189 s, 18.7 ms after the sync and hints; device: prepare 0.08 list 0.32 cs 14.97 fence 0.30 ms, 1180 BOs
timing: #251 done at t 4.218 s, 17.7 ms after the sync and hints; device: prepare 0.04 list 0.34 cs 15.91 fence 0.01 ms, 1182 BOs
timing: #252 done at t 4.230 s, 0.9 ms after the sync and hints; device: prepare 0.01 list 0.01 cs 0.04 fence 0.03 ms, 5 BOs (short list)
timing: #253 done at t 4.261 s, 18.8 ms after the sync and hints; device: prepare 0.02 list 0.35 cs 17.26 fence 0.27 ms, 1193 BOs
timing: #254 done at t 4.294 s, 20.3 ms after the sync and hints; device: prepare 0.06 list 0.36 cs 15.91 fence 0.34 ms, 1198 BOs
timing: #255 done at t 4.326 s, 18.7 ms after the sync and hints; device: prepare 0.04 list 0.37 cs 16.68 fence 0.63 ms, 1199 BOs
timing: #256 done at t 4.357 s, 18.5 ms after the sync and hints; device: prepare 0.07 list 0.34 cs 14.75 fence 0.15 ms, 1204 BOs
flip 1/1 buffer 0x5093f0000 +0x1fe0000: sum 0x17ea65194594 nonzero 8100/8160 pattern 0
timing: t 4.358 s flip 1/1, VideoOutSubmitFlip took 0.0 ms
timing: #257 done at t 4.397 s, 28.7 ms after the sync and hints; device: prepare 0.26 list 0.34 cs 16.74 fence 2.58 ms, 1206 BOs
timing: #258 done at t 4.412 s, 1.0 ms after the sync and hints; device: prepare 0.01 list 0.02 cs 0.04 fence 0.02 ms, 5 BOs (short list)
timing: #259 done at t 4.426 s, 1.0 ms after the sync and hints; device: prepare 0.01 list 0.02 cs 0.11 fence 0.03 ms, 9 BOs (short list)
timing: #260 done at t 4.438 s, 0.9 ms after the sync and hints; device: prepare 0.00 list 0.01 cs 0.04 fence 0.03 ms, 5 BOs (short list)
timing: #261 done at t 4.450 s, 1.3 ms after the sync and hints; device: prepare 0.02 list 0.01 cs 0.06 fence 0.03 ms, 6 BOs (short list)
timing: #262 done at t 4.461 s, 0.9 ms after the sync and hints; device: prepare 0.00 list 0.02 cs 0.04 fence 0.03 ms, 5 BOs (short list)
timing: #263 done at t 4.473 s, 1.3 ms after the sync and hints; device: prepare 0.02 list 0.02 cs 0.05 fence 0.04 ms, 6 BOs (short list)
timing: #264 done at t 4.505 s, 20.9 ms after the sync and hints; device: prepare 0.14 list 0.37 cs 16.21 fence 0.34 ms, 1218 BOs
timing: #265 done at t 4.534 s, 17.6 ms after the sync and hints; device: prepare 0.04 list 0.35 cs 15.82 fence 0.01 ms, 1220 BOs
timing: #266 done at t 4.545 s, 0.8 ms after the sync and hints; device: prepare 0.00 list 0.01 cs 0.03 fence 0.02 ms, 5 BOs (short list)
timing: #267 done at t 4.573 s, 17.1 ms after the sync and hints; device: prepare 0.02 list 0.34 cs 15.65 fence 0.29 ms, 1226 BOs
timing: #268 done at t 4.604 s, 19.5 ms after the sync and hints; device: prepare 0.05 list 0.34 cs 15.38 fence 0.35 ms, 1231 BOs
timing: #269 done at t 4.632 s, 17.4 ms after the sync and hints; device: prepare 0.03 list 0.34 cs 15.46 fence 0.67 ms, 1234 BOs
timing: #270 done at t 4.663 s, 19.6 ms after the sync and hints; device: prepare 0.08 list 0.43 cs 16.04 fence 0.18 ms, 1235 BOs
flip 1/0 buffer 0x507410000 +0x1fe0000: sum 0x17ea65194594 nonzero 8100/8160 pattern 0
timing: t 4.664 s flip 1/0, VideoOutSubmitFlip took 0.0 ms
timing: #271 done at t 4.706 s, 29.2 ms after the sync and hints; device: prepare 0.27 list 0.33 cs 16.08 fence 3.42 ms, 1241 BOs
timing: #272 done at t 4.718 s, 0.9 ms after the sync and hints; device: prepare 0.00 list 0.02 cs 0.04 fence 0.02 ms, 5 BOs (short list)
timing: #273 done at t 4.730 s, 0.9 ms after the sync and hints; device: prepare 0.01 list 0.02 cs 0.10 fence 0.03 ms, 9 BOs (short list)
timing: #274 done at t 4.742 s, 0.9 ms after the sync and hints; device: prepare 0.00 list 0.01 cs 0.04 fence 0.02 ms, 5 BOs (short list)
timing: #275 done at t 4.753 s, 1.2 ms after the sync and hints; device: prepare 0.02 list 0.01 cs 0.05 fence 0.03 ms, 6 BOs (short list)
timing: #276 done at t 4.764 s, 0.9 ms after the sync and hints; device: prepare 0.00 list 0.02 cs 0.03 fence 0.03 ms, 5 BOs (short list)
timing: #277 done at t 4.776 s, 1.2 ms after the sync and hints; device: prepare 0.02 list 0.01 cs 0.05 fence 0.04 ms, 6 BOs (short list)
timing: #278 done at t 4.806 s, 19.5 ms after the sync and hints; device: prepare 0.08 list 0.34 cs 15.39 fence 0.29 ms, 1258 BOs
timing: #279 done at t 4.835 s, 17.3 ms after the sync and hints; device: prepare 0.03 list 0.35 cs 15.52 fence 0.03 ms, 1260 BOs
timing: #280 done at t 4.846 s, 0.8 ms after the sync and hints; device: prepare 0.00 list 0.01 cs 0.03 fence 0.02 ms, 5 BOs (short list)
timing: #281 done at t 4.873 s, 16.9 ms after the sync and hints; device: prepare 0.02 list 0.34 cs 15.31 fence 0.33 ms, 1263 BOs
timing: #282 done at t 4.904 s, 19.9 ms after the sync and hints; device: prepare 0.05 list 0.35 cs 15.67 fence 0.36 ms, 1266 BOs
timing: #283 done at t 4.932 s, 17.4 ms after the sync and hints; device: prepare 0.03 list 0.34 cs 15.48 fence 0.69 ms, 1267 BOs
timing: #284 done at t 4.961 s, 18.6 ms after the sync and hints; device: prepare 0.06 list 0.36 cs 15.39 fence 0.15 ms, 1269 BOs
flip 1/1 buffer 0x5093f0000 +0x1fe0000: sum 0x17ea65194594 nonzero 8100/8160 pattern 0
timing: t 4.962 s flip 1/1, VideoOutSubmitFlip took 0.0 ms
timing: #285 done at t 5.001 s, 28.3 ms after the sync and hints; device: prepare 0.24 list 0.35 cs 15.49 fence 3.42 ms, 1271 BOs
timing: #286 done at t 5.014 s, 0.9 ms after the sync and hints; device: prepare 0.00 list 0.01 cs 0.03 fence 0.02 ms, 5 BOs (short list)
timing: #287 done at t 5.026 s, 0.9 ms after the sync and hints; device: prepare 0.01 list 0.02 cs 0.09 fence 0.03 ms, 9 BOs (short list)
timing: #288 done at t 5.038 s, 0.9 ms after the sync and hints; device: prepare 0.00 list 0.01 cs 0.03 fence 0.03 ms, 5 BOs (short list)
timing: #289 done at t 5.049 s, 1.2 ms after the sync and hints; device: prepare 0.02 list 0.01 cs 0.05 fence 0.03 ms, 6 BOs (short list)
timing: #290 done at t 5.061 s, 0.9 ms after the sync and hints; device: prepare 0.00 list 0.01 cs 0.03 fence 0.03 ms, 5 BOs (short list)
timing: #291 done at t 5.072 s, 1.2 ms after the sync and hints; device: prepare 0.02 list 0.01 cs 0.05 fence 0.05 ms, 6 BOs (short list)
timing: #292 done at t 5.102 s, 19.5 ms after the sync and hints; device: prepare 0.08 list 0.35 cs 15.61 fence 0.34 ms, 1283 BOs
timing: #293 done at t 5.118 s, 1.8 ms after the sync and hints; device: prepare 0.01 list 0.02 cs 0.04 fence 0.02 ms, 5 BOs (short list)
timing: #294 done at t 5.146 s, 17.6 ms after the sync and hints; device: prepare 0.03 list 0.36 cs 15.86 fence 0.03 ms, 1288 BOs
timing: #295 done at t 5.177 s, 18.4 ms after the sync and hints; device: prepare 0.02 list 0.36 cs 16.82 fence 0.27 ms, 1291 BOs
timing: #296 done at t 5.208 s, 20.0 ms after the sync and hints; device: prepare 0.05 list 0.35 cs 15.75 fence 0.38 ms, 1297 BOs
timing: #297 done at t 5.240 s, 19.3 ms after the sync and hints; device: prepare 0.04 list 0.35 cs 17.36 fence 0.65 ms, 1301 BOs
timing: #298 done at t 5.270 s, 19.1 ms after the sync and hints; device: prepare 0.06 list 0.37 cs 16.00 fence 0.14 ms, 1305 BOs
flip 1/0 buffer 0x507410000 +0x1fe0000: sum 0x17ea65194594 nonzero 8100/8160 pattern 0
timing: t 5.271 s flip 1/0, VideoOutSubmitFlip took 0.0 ms
timing: #299 done at t 5.311 s, 28.8 ms after the sync and hints; device: prepare 0.26 list 0.36 cs 15.87 fence 3.41 ms, 1306 BOs
timing: #300 done at t 5.324 s, 0.9 ms after the sync and hints; device: prepare 0.00 list 0.02 cs 0.03 fence 0.02 ms, 5 BOs (short list)
timing: #301 done at t 5.336 s, 1.0 ms after the sync and hints; device: prepare 0.01 list 0.02 cs 0.11 fence 0.02 ms, 9 BOs (short list)
timing: #302 done at t 5.348 s, 0.9 ms after the sync and hints; device: prepare 0.00 list 0.01 cs 0.03 fence 0.02 ms, 5 BOs (short list)
timing: #303 done at t 5.360 s, 1.5 ms after the sync and hints; device: prepare 0.05 list 0.02 cs 0.08 fence 0.04 ms, 6 BOs (short list)
timing: #304 done at t 5.372 s, 0.9 ms after the sync and hints; device: prepare 0.00 list 0.01 cs 0.03 fence 0.03 ms, 5 BOs (short list)
timing: #305 done at t 5.383 s, 1.2 ms after the sync and hints; device: prepare 0.02 list 0.01 cs 0.05 fence 0.04 ms, 6 BOs (short list)
timing: #306 done at t 5.414 s, 20.0 ms after the sync and hints; device: prepare 0.08 list 0.36 cs 16.06 fence 0.30 ms, 1319 BOs
timing: #307 done at t 5.443 s, 17.6 ms after the sync and hints; device: prepare 0.03 list 0.37 cs 15.89 fence 0.04 ms, 1322 BOs
timing: #308 done at t 5.455 s, 0.9 ms after the sync and hints; device: prepare 0.01 list 0.02 cs 0.04 fence 0.03 ms, 5 BOs (short list)
timing: #309 done at t 5.484 s, 18.0 ms after the sync and hints; device: prepare 0.02 list 0.36 cs 16.43 fence 0.28 ms, 1326 BOs
timing: #310 done at t 5.515 s, 20.3 ms after the sync and hints; device: prepare 0.04 list 0.39 cs 16.16 fence 0.34 ms, 1329 BOs
timing: #311 done at t 5.545 s, 18.5 ms after the sync and hints; device: prepare 0.03 list 0.36 cs 16.54 fence 0.66 ms, 1331 BOs
timing: #312 done at t 5.576 s, 19.7 ms after the sync and hints; device: prepare 0.06 list 0.37 cs 16.49 fence 0.12 ms, 1332 BOs
flip 1/1 buffer 0x5093f0000 +0x1fe0000: sum 0x17ea65194594 nonzero 8100/8160 pattern 0
timing: t 5.576 s flip 1/1, VideoOutSubmitFlip took 0.0 ms
timing: #313 done at t 5.617 s, 29.1 ms after the sync and hints; device: prepare 0.27 list 0.37 cs 16.08 fence 3.38 ms, 1336 BOs
timing: #314 done at t 5.630 s, 0.9 ms after the sync and hints; device: prepare 0.00 list 0.01 cs 0.04 fence 0.02 ms, 5 BOs (short list)
timing: #315 done at t 5.641 s, 1.0 ms after the sync and hints; device: prepare 0.01 list 0.01 cs 0.10 fence 0.03 ms, 9 BOs (short list)
timing: #316 done at t 5.654 s, 0.9 ms after the sync and hints; device: prepare 0.00 list 0.01 cs 0.04 fence 0.03 ms, 5 BOs (short list)
timing: #317 done at t 5.665 s, 1.2 ms after the sync and hints; device: prepare 0.02 list 0.01 cs 0.05 fence 0.03 ms, 6 BOs (short list)
timing: #318 done at t 5.677 s, 0.8 ms after the sync and hints; device: prepare 0.00 list 0.01 cs 0.03 fence 0.02 ms, 5 BOs (short list)
timing: #319 done at t 5.688 s, 1.2 ms after the sync and hints; device: prepare 0.02 list 0.01 cs 0.05 fence 0.04 ms, 6 BOs (short list)
timing: #320 done at t 5.719 s, 20.1 ms after the sync and hints; device: prepare 0.08 list 0.37 cs 16.18 fence 0.32 ms, 1351 BOs
timing: #321 done at t 5.731 s, 0.9 ms after the sync and hints; device: prepare 0.00 list 0.01 cs 0.03 fence 0.02 ms, 5 BOs (short list)
timing: #322 done at t 5.761 s, 18.0 ms after the sync and hints; device: prepare 0.03 list 0.37 cs 16.29 fence 0.03 ms, 1359 BOs
timing: #323 done at t 5.792 s, 20.4 ms after the sync and hints; device: prepare 0.02 list 0.37 cs 18.38 fence 0.29 ms, 1362 BOs
timing: #324 done at t 5.824 s, 20.7 ms after the sync and hints; device: prepare 0.06 list 0.37 cs 16.33 fence 0.35 ms, 1363 BOs
timing: #325 done at t 5.853 s, 18.6 ms after the sync and hints; device: prepare 0.03 list 0.36 cs 16.66 fence 0.65 ms, 1366 BOs
timing: #326 done at t 5.885 s, 19.9 ms after the sync and hints; device: prepare 0.06 list 0.41 cs 16.63 fence 0.13 ms, 1368 BOs
flip 1/0 buffer 0x507410000 +0x1fe0000: sum 0x17ea65194594 nonzero 8100/8160 pattern 0
timing: t 5.885 s flip 1/0, VideoOutSubmitFlip took 0.0 ms
timing: #327 done at t 5.926 s, 29.6 ms after the sync and hints; device: prepare 0.24 list 0.39 cs 16.57 fence 3.41 ms, 1369 BOs
timing: #328 done at t 5.938 s, 0.9 ms after the sync and hints; device: prepare 0.00 list 0.01 cs 0.03 fence 0.02 ms, 5 BOs (short list)
timing: #329 done at t 5.950 s, 1.1 ms after the sync and hints; device: prepare 0.01 list 0.02 cs 0.11 fence 0.03 ms, 9 BOs (short list)
timing: #330 done at t 5.962 s, 0.9 ms after the sync and hints; device: prepare 0.00 list 0.01 cs 0.04 fence 0.02 ms, 5 BOs (short list)
timing: #331 done at t 5.974 s, 1.3 ms after the sync and hints; device: prepare 0.02 list 0.02 cs 0.06 fence 0.03 ms, 6 BOs (short list)
timing: #332 done at t 5.985 s, 0.9 ms after the sync and hints; device: prepare 0.00 list 0.02 cs 0.04 fence 0.03 ms, 5 BOs (short list)
timing: #333 done at t 5.997 s, 1.2 ms after the sync and hints; device: prepare 0.02 list 0.01 cs 0.05 fence 0.03 ms, 6 BOs (short list)
timing: #334 done at t 6.029 s, 21.0 ms after the sync and hints; device: prepare 0.11 list 0.45 cs 16.81 fence 0.30 ms, 1378 BOs
timing: #335 done at t 6.059 s, 18.7 ms after the sync and hints; device: prepare 0.03 list 0.39 cs 16.98 fence 0.01 ms, 1379 BOs
timing: #336 done at t 6.071 s, 0.9 ms after the sync and hints; device: prepare 0.01 list 0.02 cs 0.04 fence 0.03 ms, 5 BOs (short list)
timing: #337 done at t 6.101 s, 18.9 ms after the sync and hints; device: prepare 0.02 list 0.39 cs 17.22 fence 0.35 ms, 1383 BOs
timing: #338 done at t 6.136 s, 24.1 ms after the sync and hints; device: prepare 0.07 list 0.44 cs 19.70 fence 0.33 ms, 1384 BOs
timing: #339 done at t 6.166 s, 19.0 ms after the sync and hints; device: prepare 0.03 list 0.37 cs 17.01 fence 0.63 ms, 1385 BOs
timing: #340 done at t 6.201 s, 21.4 ms after the sync and hints; device: prepare 0.06 list 0.38 cs 17.42 fence 0.12 ms, 1386 BOs
flip 1/1 buffer 0x5093f0000 +0x1fe0000: sum 0x17ea65194594 nonzero 8100/8160 pattern 0
timing: t 6.202 s flip 1/1, VideoOutSubmitFlip took 0.0 ms
timing: #341 done at t 6.246 s, 31.4 ms after the sync and hints; device: prepare 0.39 list 0.39 cs 18.10 fence 3.35 ms, 1388 BOs
timing: #342 done at t 6.258 s, 1.0 ms after the sync and hints; device: prepare 0.00 list 0.01 cs 0.03 fence 0.02 ms, 5 BOs (short list)
timing: #343 done at t 6.270 s, 1.1 ms after the sync and hints; device: prepare 0.01 list 0.02 cs 0.10 fence 0.03 ms, 9 BOs (short list)
timing: #344 done at t 6.282 s, 1.1 ms after the sync and hints; device: prepare 0.00 list 0.02 cs 0.04 fence 0.03 ms, 5 BOs (short list)
timing: #345 done at t 6.295 s, 1.5 ms after the sync and hints; device: prepare 0.02 list 0.02 cs 0.06 fence 0.03 ms, 6 BOs (short list)
timing: #346 done at t 6.307 s, 1.0 ms after the sync and hints; device: prepare 0.00 list 0.01 cs 0.03 fence 0.02 ms, 5 BOs (short list)
timing: #347 done at t 6.319 s, 1.4 ms after the sync and hints; device: prepare 0.02 list 0.02 cs 0.06 fence 0.04 ms, 6 BOs (short list)
timing: #348 done at t 6.360 s, 22.4 ms after the sync and hints; device: prepare 0.12 list 0.39 cs 17.40 fence 0.44 ms, 1397 BOs
timing: #349 done at t 6.391 s, 19.4 ms after the sync and hints; device: prepare 0.03 list 0.37 cs 17.40 fence 0.01 ms, 1399 BOs
timing: #350 done at t 6.404 s, 1.2 ms after the sync and hints; device: prepare 0.01 list 0.02 cs 0.04 fence 0.03 ms, 5 BOs (short list)
timing: #351 done at t 6.441 s, 22.8 ms after the sync and hints; device: prepare 0.03 list 0.43 cs 20.81 fence 0.26 ms, 1403 BOs
timing: #352 done at t 6.474 s, 22.5 ms after the sync and hints; device: prepare 0.05 list 0.38 cs 17.69 fence 0.59 ms, 1405 BOs
timing: #353 done at t 6.509 s, 21.7 ms after the sync and hints; device: prepare 0.04 list 0.39 cs 18.54 fence 1.31 ms, 1406 BOs
timing: #354 done at t 6.541 s, 20.8 ms after the sync and hints; device: prepare 0.07 list 0.38 cs 17.39 fence 0.12 ms, 1408 BOs
flip 1/0 buffer 0x507410000 +0x1fe0000: sum 0x17ea65194594 nonzero 8100/8160 pattern 0
timing: t 6.542 s flip 1/0, VideoOutSubmitFlip took 0.0 ms
timing: #355 done at t 6.596 s, 30.5 ms after the sync and hints; device: prepare 0.24 list 0.38 cs 18.01 fence 3.52 ms, 1417 BOs
timing: #356 done at t 6.611 s, 1.5 ms after the sync and hints; device: prepare 0.00 list 0.02 cs 0.03 fence 0.02 ms, 5 BOs (short list)
timing: #357 done at t 6.623 s, 1.4 ms after the sync and hints; device: prepare 0.01 list 0.02 cs 0.21 fence 0.03 ms, 9 BOs (short list)
timing: #358 done at t 6.636 s, 1.2 ms after the sync and hints; device: prepare 0.01 list 0.01 cs 0.04 fence 0.03 ms, 5 BOs (short list)
timing: #359 done at t 6.648 s, 1.5 ms after the sync and hints; device: prepare 0.03 list 0.01 cs 0.06 fence 0.03 ms, 6 BOs (short list)
timing: #360 done at t 6.660 s, 1.2 ms after the sync and hints; device: prepare 0.00 list 0.02 cs 0.04 fence 0.03 ms, 5 BOs (short list)
timing: #361 done at t 6.675 s, 1.6 ms after the sync and hints; device: prepare 0.03 list 0.02 cs 0.05 fence 0.04 ms, 6 BOs (short list)
timing: #362 done at t 6.710 s, 24.3 ms after the sync and hints; device: prepare 0.10 list 0.40 cs 19.96 fence 0.38 ms, 1429 BOs
timing: #363 done at t 6.724 s, 1.2 ms after the sync and hints; device: prepare 0.01 list 0.02 cs 0.04 fence 0.02 ms, 5 BOs (short list)
timing: #364 done at t 6.757 s, 20.9 ms after the sync and hints; device: prepare 0.03 list 0.40 cs 18.62 fence 0.01 ms, 1439 BOs
timing: #365 done at t 6.791 s, 21.4 ms after the sync and hints; device: prepare 0.02 list 0.42 cs 19.49 fence 0.25 ms, 1446 BOs
timing: #366 done at t 6.829 s, 26.2 ms after the sync and hints; device: prepare 0.08 list 0.44 cs 21.47 fence 0.57 ms, 1448 BOs
timing: #367 done at t 6.863 s, 22.4 ms after the sync and hints; device: prepare 0.04 list 0.40 cs 19.60 fence 1.15 ms, 1450 BOs
timing: #368 done at t 6.899 s, 22.9 ms after the sync and hints; device: prepare 0.07 list 0.40 cs 18.71 fence 0.12 ms, 1451 BOs
flip 1/1 buffer 0x5093f0000 +0x1fe0000: sum 0x17ea65194594 nonzero 8100/8160 pattern 0
timing: t 6.900 s flip 1/1, VideoOutSubmitFlip took 0.0 ms
timing: #369 done at t 6.945 s, 32.2 ms after the sync and hints; device: prepare 0.22 list 0.39 cs 20.07 fence 3.48 ms, 1452 BOs
timing: #370 done at t 6.960 s, 1.2 ms after the sync and hints; device: prepare 0.00 list 0.02 cs 0.04 fence 0.03 ms, 5 BOs (short list)
timing: #371 done at t 6.973 s, 1.3 ms after the sync and hints; device: prepare 0.01 list 0.02 cs 0.10 fence 0.03 ms, 9 BOs (short list)
timing: #372 done at t 6.988 s, 1.5 ms after the sync and hints; device: prepare 0.01 list 0.02 cs 0.04 fence 0.02 ms, 5 BOs (short list)
timing: #373 done at t 7.005 s, 1.9 ms after the sync and hints; device: prepare 0.04 list 0.02 cs 0.06 fence 0.02 ms, 6 BOs (short list)
timing: #374 done at t 7.020 s, 1.2 ms after the sync and hints; device: prepare 0.00 list 0.02 cs 0.04 fence 0.03 ms, 5 BOs (short list)
timing: #375 done at t 7.033 s, 1.5 ms after the sync and hints; device: prepare 0.03 list 0.01 cs 0.06 fence 0.04 ms, 6 BOs (short list)
timing: #376 done at t 7.068 s, 23.7 ms after the sync and hints; device: prepare 0.08 list 0.39 cs 18.95 fence 0.38 ms, 1462 BOs
timing: #377 done at t 7.081 s, 1.1 ms after the sync and hints; device: prepare 0.00 list 0.01 cs 0.04 fence 0.02 ms, 5 BOs (short list)
timing: #378 done at t 7.113 s, 20.6 ms after the sync and hints; device: prepare 0.04 list 0.39 cs 18.24 fence 0.01 ms, 1463 BOs
timing: #379 done at t 7.145 s, 21.4 ms after the sync and hints; device: prepare 0.02 list 0.44 cs 19.50 fence 0.29 ms, 1464 BOs
timing: #380 done at t 7.180 s, 23.2 ms after the sync and hints; device: prepare 0.05 list 0.39 cs 18.40 fence 0.59 ms, 1467 BOs
timing: #381 done at t 7.213 s, 21.2 ms after the sync and hints; device: prepare 0.03 list 0.39 cs 18.43 fence 1.18 ms, 1468 BOs
timing: #382 done at t 7.246 s, 21.7 ms after the sync and hints; device: prepare 0.07 list 0.45 cs 18.16 fence 0.13 ms, 1468 BOs
flip 1/0 buffer 0x507410000 +0x1fe0000: sum 0x17ea65194594 nonzero 8100/8160 pattern 0
timing: t 7.247 s flip 1/0, VideoOutSubmitFlip took 0.0 ms
timing: #383 done at t 7.290 s, 31.3 ms after the sync and hints; device: prepare 0.24 list 0.39 cs 18.64 fence 3.51 ms, 1469 BOs
timing: #384 done at t 7.304 s, 1.3 ms after the sync and hints; device: prepare 0.00 list 0.02 cs 0.04 fence 0.03 ms, 5 BOs (short list)
timing: #385 done at t 7.316 s, 1.2 ms after the sync and hints; device: prepare 0.01 list 0.02 cs 0.10 fence 0.03 ms, 9 BOs (short list)
timing: #386 done at t 7.328 s, 1.2 ms after the sync and hints; device: prepare 0.00 list 0.02 cs 0.04 fence 0.03 ms, 5 BOs (short list)
timing: #387 done at t 7.342 s, 1.7 ms after the sync and hints; device: prepare 0.06 list 0.02 cs 0.09 fence 0.03 ms, 6 BOs (short list)
timing: #388 done at t 7.354 s, 1.2 ms after the sync and hints; device: prepare 0.00 list 0.01 cs 0.04 fence 0.02 ms, 5 BOs (short list)
timing: #389 done at t 7.366 s, 1.6 ms after the sync and hints; device: prepare 0.03 list 0.02 cs 0.06 fence 0.04 ms, 6 BOs (short list)
timing: #390 done at t 7.400 s, 22.5 ms after the sync and hints; device: prepare 0.09 list 0.40 cs 18.26 fence 0.40 ms, 1474 BOs
timing: #391 done at t 7.432 s, 20.0 ms after the sync and hints; device: prepare 0.03 list 0.41 cs 17.94 fence 0.02 ms, 1476 BOs
timing: #392 done at t 7.444 s, 1.2 ms after the sync and hints; device: prepare 0.00 list 0.01 cs 0.03 fence 0.02 ms, 5 BOs (short list)
timing: #393 done at t 7.475 s, 19.9 ms after the sync and hints; device: prepare 0.02 list 0.41 cs 18.00 fence 0.30 ms, 1481 BOs
timing: #394 done at t 7.510 s, 23.5 ms after the sync and hints; device: prepare 0.10 list 0.46 cs 18.65 fence 0.59 ms, 1482 BOs
timing: #395 done at t 7.542 s, 21.5 ms after the sync and hints; device: prepare 0.03 list 0.39 cs 18.64 fence 1.18 ms, 1483 BOs
timing: #396 done at t 7.575 s, 21.7 ms after the sync and hints; device: prepare 0.06 list 0.41 cs 18.24 fence 0.13 ms, 1484 BOs
flip 1/1 buffer 0x5093f0000 +0x1fe0000: sum 0x17ea65194594 nonzero 8100/8160 pattern 0
timing: t 7.576 s flip 1/1, VideoOutSubmitFlip took 0.0 ms
timing: #397 done at t 7.618 s, 30.5 ms after the sync and hints; device: prepare 0.25 list 0.39 cs 18.18 fence 3.52 ms, 1486 BOs
timing: #398 done at t 7.632 s, 1.2 ms after the sync and hints; device: prepare 0.00 list 0.01 cs 0.04 fence 0.03 ms, 5 BOs (short list)
timing: #399 done at t 7.644 s, 1.3 ms after the sync and hints; device: prepare 0.01 list 0.01 cs 0.10 fence 0.03 ms, 9 BOs (short list)
timing: #400 done at t 7.657 s, 1.3 ms after the sync and hints; device: prepare 0.00 list 0.02 cs 0.04 fence 0.04 ms, 5 BOs (short list)
timing: #401 done at t 7.670 s, 1.7 ms after the sync and hints; device: prepare 0.03 list 0.01 cs 0.05 fence 0.04 ms, 6 BOs (short list)
timing: #402 done at t 7.682 s, 1.1 ms after the sync and hints; device: prepare 0.00 list 0.01 cs 0.03 fence 0.02 ms, 5 BOs (short list)
timing: #403 done at t 7.695 s, 1.5 ms after the sync and hints; device: prepare 0.02 list 0.02 cs 0.05 fence 0.04 ms, 6 BOs (short list)
timing: #404 done at t 7.729 s, 23.2 ms after the sync and hints; device: prepare 0.08 list 0.40 cs 18.82 fence 0.39 ms, 1496 BOs
timing: #405 done at t 7.762 s, 20.8 ms after the sync and hints; device: prepare 0.03 list 0.41 cs 18.74 fence 0.01 ms, 1497 BOs
timing: #406 done at t 7.774 s, 1.2 ms after the sync and hints; device: prepare 0.00 list 0.01 cs 0.04 fence 0.02 ms, 5 BOs (short list)
timing: #407 done at t 7.805 s, 20.2 ms after the sync and hints; device: prepare 0.02 list 0.41 cs 18.24 fence 0.29 ms, 1498 BOs
timing: #408 done at t 7.840 s, 23.1 ms after the sync and hints; device: prepare 0.06 list 0.40 cs 18.35 fence 0.62 ms, 1499 BOs
timing: #409 done at t 7.872 s, 21.2 ms after the sync and hints; device: prepare 0.03 list 0.40 cs 18.40 fence 1.19 ms, 1504 BOs
timing: #410 done at t 7.905 s, 21.8 ms after the sync and hints; device: prepare 0.06 list 0.40 cs 18.39 fence 0.13 ms, 1505 BOs
flip 1/0 buffer 0x507410000 +0x1fe0000: sum 0x17ea65194594 nonzero 8100/8160 pattern 0
timing: t 7.906 s flip 1/0, VideoOutSubmitFlip took 0.0 ms
timing: #411 done at t 7.948 s, 30.9 ms after the sync and hints; device: prepare 0.23 list 0.41 cs 18.38 fence 3.52 ms, 1505 BOs
timing: #412 done at t 7.961 s, 1.3 ms after the sync and hints; device: prepare 0.00 list 0.02 cs 0.04 fence 0.03 ms, 5 BOs (short list)
timing: #413 done at t 7.973 s, 1.4 ms after the sync and hints; device: prepare 0.01 list 0.02 cs 0.10 fence 0.03 ms, 9 BOs (short list)
timing: #414 done at t 7.986 s, 1.3 ms after the sync and hints; device: prepare 0.00 list 0.02 cs 0.04 fence 0.03 ms, 5 BOs (short list)
timing: #415 done at t 7.998 s, 1.5 ms after the sync and hints; device: prepare 0.03 list 0.01 cs 0.05 fence 0.03 ms, 6 BOs (short list)
timing: #416 done at t 8.011 s, 1.2 ms after the sync and hints; device: prepare 0.00 list 0.02 cs 0.04 fence 0.03 ms, 5 BOs (short list)
timing: #417 done at t 8.023 s, 1.5 ms after the sync and hints; device: prepare 0.02 list 0.01 cs 0.05 fence 0.04 ms, 6 BOs (short list)
timing: #418 done at t 8.058 s, 23.1 ms after the sync and hints; device: prepare 0.09 list 0.40 cs 18.54 fence 0.41 ms, 1510 BOs
timing: #419 done at t 8.090 s, 20.3 ms after the sync and hints; device: prepare 0.03 list 0.40 cs 18.23 fence 0.04 ms, 1511 BOs
timing: #420 done at t 8.102 s, 1.2 ms after the sync and hints; device: prepare 0.01 list 0.02 cs 0.03 fence 0.03 ms, 5 BOs (short list)
timing: #421 done at t 8.133 s, 20.3 ms after the sync and hints; device: prepare 0.02 list 0.40 cs 18.31 fence 0.31 ms, 1512 BOs
timing: #422 done at t 8.168 s, 23.7 ms after the sync and hints; device: prepare 0.05 list 0.40 cs 18.99 fence 0.59 ms, 1516 BOs
timing: #423 done at t 8.201 s, 21.4 ms after the sync and hints; device: prepare 0.03 list 0.41 cs 18.57 fence 1.19 ms, 1517 BOs
timing: #424 done at t 8.235 s, 22.3 ms after the sync and hints; device: prepare 0.06 list 0.40 cs 18.74 fence 0.12 ms, 1518 BOs
flip 1/1 buffer 0x5093f0000 +0x1fe0000: sum 0x17ea65194594 nonzero 8100/8160 pattern 0
timing: t 8.235 s flip 1/1, VideoOutSubmitFlip took 0.0 ms
timing: #425 done at t 8.279 s, 31.5 ms after the sync and hints; device: prepare 0.24 list 0.41 cs 18.74 fence 3.51 ms, 1522 BOs
timing: #426 done at t 8.292 s, 1.2 ms after the sync and hints; device: prepare 0.00 list 0.02 cs 0.04 fence 0.03 ms, 5 BOs (short list)
timing: #427 done at t 8.304 s, 1.5 ms after the sync and hints; device: prepare 0.02 list 0.02 cs 0.11 fence 0.03 ms, 9 BOs (short list)
timing: #428 done at t 8.316 s, 1.3 ms after the sync and hints; device: prepare 0.00 list 0.02 cs 0.04 fence 0.03 ms, 5 BOs (short list)
timing: #429 done at t 8.329 s, 1.6 ms after the sync and hints; device: prepare 0.03 list 0.02 cs 0.05 fence 0.03 ms, 6 BOs (short list)
timing: #430 done at t 8.341 s, 1.3 ms after the sync and hints; device: prepare 0.00 list 0.01 cs 0.04 fence 0.04 ms, 5 BOs (short list)
timing: #431 done at t 8.353 s, 1.6 ms after the sync and hints; device: prepare 0.02 list 0.01 cs 0.06 fence 0.05 ms, 6 BOs (short list)
timing: #432 done at t 8.390 s, 24.1 ms after the sync and hints; device: prepare 0.11 list 0.41 cs 18.81 fence 0.59 ms, 1526 BOs
timing: #433 done at t 8.422 s, 21.0 ms after the sync and hints; device: prepare 0.03 list 0.40 cs 18.84 fence 0.01 ms, 1526 BOs
timing: #434 done at t 8.435 s, 1.3 ms after the sync and hints; device: prepare 0.00 list 0.01 cs 0.05 fence 0.02 ms, 5 BOs (short list)
timing: #435 done at t 8.466 s, 20.8 ms after the sync and hints; device: prepare 0.02 list 0.39 cs 18.89 fence 0.28 ms, 1526 BOs
timing: #436 done at t 8.501 s, 23.8 ms after the sync and hints; device: prepare 0.05 list 0.42 cs 18.57 fence 0.77 ms, 1526 BOs
timing: #437 done at t 8.536 s, 23.4 ms after the sync and hints; device: prepare 0.07 list 0.47 cs 19.78 fence 1.82 ms, 1528 BOs
timing: #438 done at t 8.572 s, 23.2 ms after the sync and hints; device: prepare 0.07 list 0.43 cs 19.34 fence 0.11 ms, 1535 BOs
flip 1/0 buffer 0x507410000 +0x1fe0000: sum 0x17ea65194594 nonzero 8100/8160 pattern 0
timing: t 8.572 s flip 1/0, VideoOutSubmitFlip took 0.0 ms
timing: #439 done at t 8.618 s, 31.5 ms after the sync and hints; device: prepare 0.25 list 0.42 cs 19.19 fence 3.51 ms, 1542 BOs
timing: #440 done at t 8.631 s, 1.2 ms after the sync and hints; device: prepare 0.00 list 0.02 cs 0.04 fence 0.03 ms, 5 BOs (short list)
timing: #441 done at t 8.643 s, 1.3 ms after the sync and hints; device: prepare 0.01 list 0.02 cs 0.10 fence 0.03 ms, 9 BOs (short list)
timing: #442 done at t 8.657 s, 1.3 ms after the sync and hints; device: prepare 0.01 list 0.02 cs 0.05 fence 0.03 ms, 5 BOs (short list)
timing: #443 done at t 8.671 s, 1.6 ms after the sync and hints; device: prepare 0.03 list 0.02 cs 0.06 fence 0.03 ms, 6 BOs (short list)
timing: #444 done at t 8.684 s, 1.2 ms after the sync and hints; device: prepare 0.00 list 0.02 cs 0.04 fence 0.03 ms, 5 BOs (short list)
timing: #445 done at t 8.697 s, 1.5 ms after the sync and hints; device: prepare 0.02 list 0.01 cs 0.05 fence 0.04 ms, 6 BOs (short list)
timing: #446 done at t 8.733 s, 24.3 ms after the sync and hints; device: prepare 0.09 list 0.43 cs 19.91 fence 0.45 ms, 1553 BOs
timing: #447 done at t 8.767 s, 21.6 ms after the sync and hints; device: prepare 0.03 list 0.41 cs 19.54 fence 0.01 ms, 1555 BOs
timing: #448 done at t 8.782 s, 1.2 ms after the sync and hints; device: prepare 0.00 list 0.02 cs 0.03 fence 0.02 ms, 5 BOs (short list)
timing: #449 done at t 8.816 s, 21.5 ms after the sync and hints; device: prepare 0.02 list 0.42 cs 19.50 fence 0.27 ms, 1564 BOs
timing: #450 done at t 8.854 s, 26.3 ms after the sync and hints; device: prepare 0.07 list 0.44 cs 21.16 fence 0.76 ms, 1567 BOs
timing: #451 done at t 8.889 s, 23.0 ms after the sync and hints; device: prepare 0.03 list 0.41 cs 19.75 fence 1.56 ms, 1568 BOs
timing: #452 done at t 8.925 s, 24.0 ms after the sync and hints; device: prepare 0.08 list 0.47 cs 20.38 fence 0.11 ms, 1571 BOs
flip 1/1 buffer 0x5093f0000 +0x1fe0000: sum 0x17ea65194594 nonzero 8100/8160 pattern 0
timing: t 8.926 s flip 1/1, VideoOutSubmitFlip took 0.0 ms
timing: #453 done at t 8.972 s, 33.6 ms after the sync and hints; device: prepare 0.22 list 0.43 cs 21.29 fence 3.21 ms, 1575 BOs
timing: #454 done at t 8.987 s, 1.5 ms after the sync and hints; device: prepare 0.01 list 0.02 cs 0.10 fence 0.11 ms, 5 BOs (short list)
timing: #455 done at t 9.003 s, 1.3 ms after the sync and hints; device: prepare 0.01 list 0.02 cs 0.10 fence 0.03 ms, 9 BOs (short list)
timing: #456 done at t 9.015 s, 1.2 ms after the sync and hints; device: prepare 0.00 list 0.01 cs 0.03 fence 0.02 ms, 5 BOs (short list)
timing: #457 done at t 9.028 s, 1.6 ms after the sync and hints; device: prepare 0.03 list 0.02 cs 0.05 fence 0.04 ms, 6 BOs (short list)
timing: #458 done at t 9.041 s, 1.2 ms after the sync and hints; device: prepare 0.00 list 0.01 cs 0.04 fence 0.03 ms, 5 BOs (short list)
timing: #459 done at t 9.054 s, 1.6 ms after the sync and hints; device: prepare 0.03 list 0.01 cs 0.05 fence 0.03 ms, 6 BOs (short list)
timing: #460 done at t 9.089 s, 23.9 ms after the sync and hints; device: prepare 0.08 list 0.41 cs 19.55 fence 0.44 ms, 1593 BOs
timing: #461 done at t 9.123 s, 21.5 ms after the sync and hints; device: prepare 0.03 list 0.42 cs 19.37 fence 0.03 ms, 1595 BOs
timing: #462 done at t 9.136 s, 1.2 ms after the sync and hints; device: prepare 0.00 list 0.01 cs 0.04 fence 0.03 ms, 5 BOs (short list)
timing: #463 done at t 9.168 s, 21.4 ms after the sync and hints; device: prepare 0.02 list 0.42 cs 19.49 fence 0.27 ms, 1599 BOs
timing: #464 done at t 9.204 s, 24.4 ms after the sync and hints; device: prepare 0.06 list 0.43 cs 19.45 fence 0.77 ms, 1602 BOs
timing: #465 done at t 9.239 s, 22.9 ms after the sync and hints; device: prepare 0.03 list 0.43 cs 19.65 fence 1.56 ms, 1605 BOs
timing: #466 done at t 9.274 s, 23.1 ms after the sync and hints; device: prepare 0.06 list 0.43 cs 19.48 fence 0.12 ms, 1607 BOs
flip 1/0 buffer 0x507410000 +0x1fe0000: sum 0x17ea65194594 nonzero 8100/8160 pattern 0
timing: t 9.275 s flip 1/0, VideoOutSubmitFlip took 0.0 ms
timing: #467 done at t 9.320 s, 31.8 ms after the sync and hints; device: prepare 0.25 list 0.42 cs 19.82 fence 3.23 ms, 1614 BOs
timing: #468 done at t 9.333 s, 1.2 ms after the sync and hints; device: prepare 0.00 list 0.01 cs 0.03 fence 0.02 ms, 5 BOs (short list)
timing: #469 done at t 9.346 s, 1.3 ms after the sync and hints; device: prepare 0.01 list 0.01 cs 0.09 fence 0.02 ms, 9 BOs (short list)
timing: #470 done at t 9.359 s, 1.2 ms after the sync and hints; device: prepare 0.00 list 0.01 cs 0.03 fence 0.02 ms, 5 BOs (short list)
timing: #471 done at t 9.373 s, 1.8 ms after the sync and hints; device: prepare 0.03 list 0.02 cs 0.05 fence 0.03 ms, 6 BOs (short list)
timing: #472 done at t 9.386 s, 1.2 ms after the sync and hints; device: prepare 0.00 list 0.01 cs 0.03 fence 0.02 ms, 5 BOs (short list)
timing: #473 done at t 9.399 s, 1.5 ms after the sync and hints; device: prepare 0.03 list 0.02 cs 0.05 fence 0.04 ms, 6 BOs (short list)
timing: #474 done at t 9.435 s, 24.6 ms after the sync and hints; device: prepare 0.09 list 0.44 cs 20.04 fence 0.43 ms, 1627 BOs
timing: #475 done at t 9.472 s, 23.9 ms after the sync and hints; device: prepare 0.03 list 0.44 cs 21.79 fence 0.01 ms, 1629 BOs
timing: #476 done at t 9.487 s, 3.3 ms after the sync and hints; device: prepare 0.01 list 0.02 cs 0.04 fence 0.03 ms, 5 BOs (short list)
timing: #477 done at t 9.522 s, 23.2 ms after the sync and hints; device: prepare 0.02 list 0.44 cs 20.57 fence 0.27 ms, 1633 BOs
timing: #478 done at t 9.563 s, 28.6 ms after the sync and hints; device: prepare 0.07 list 0.48 cs 21.22 fence 0.76 ms, 1633 BOs
timing: #479 done at t 9.602 s, 28.5 ms after the sync and hints; device: prepare 0.04 list 0.44 cs 20.72 fence 1.53 ms, 1633 BOs
timing: #480 done at t 9.641 s, 26.7 ms after the sync and hints; device: prepare 0.07 list 0.43 cs 20.71 fence 0.11 ms, 1636 BOs
flip 1/1 buffer 0x5093f0000 +0x1fe0000: sum 0x17ea65194594 nonzero 8100/8160 pattern 0
timing: t 9.642 s flip 1/1, VideoOutSubmitFlip took 0.0 ms
timing: #481 done at t 9.693 s, 37.8 ms after the sync and hints; device: prepare 0.32 list 0.49 cs 24.51 fence 3.18 ms, 1636 BOs
timing: #482 done at t 9.709 s, 3.4 ms after the sync and hints; device: prepare 0.00 list 0.02 cs 0.04 fence 0.04 ms, 5 BOs (short list)
timing: #483 done at t 9.723 s, 2.2 ms after the sync and hints; device: prepare 0.01 list 0.02 cs 0.10 fence 0.03 ms, 9 BOs (short list)
timing: #484 done at t 9.736 s, 1.2 ms after the sync and hints; device: prepare 0.00 list 0.01 cs 0.03 fence 0.03 ms, 5 BOs (short list)
timing: #485 done at t 9.751 s, 1.5 ms after the sync and hints; device: prepare 0.03 list 0.01 cs 0.06 fence 0.03 ms, 6 BOs (short list)
timing: #486 done at t 9.775 s, 10.0 ms after the sync and hints; device: prepare 0.01 list 0.02 cs 0.04 fence 0.03 ms, 5 BOs (short list)
timing: #487 done at t 9.788 s, 1.6 ms after the sync and hints; device: prepare 0.03 list 0.02 cs 0.06 fence 0.04 ms, 6 BOs (short list)
timing: #488 done at t 9.828 s, 26.6 ms after the sync and hints; device: prepare 0.09 list 0.45 cs 20.81 fence 0.45 ms, 1665 BOs
timing: #489 done at t 9.845 s, 2.8 ms after the sync and hints; device: prepare 0.00 list 0.01 cs 0.04 fence 0.04 ms, 5 BOs (short list)
timing: #490 done at t 9.886 s, 26.9 ms after the sync and hints; device: prepare 0.06 list 0.53 cs 20.34 fence 0.02 ms, 1672 BOs
timing: #491 done at t 9.927 s, 28.5 ms after the sync and hints; device: prepare 0.02 list 0.57 cs 23.33 fence 0.26 ms, 1674 BOs
timing: #492 done at t 9.965 s, 25.7 ms after the sync and hints; device: prepare 0.05 list 0.45 cs 20.57 fence 0.76 ms, 1676 BOs
timing: #493 done at t 10.010 s, 32.5 ms after the sync and hints; device: prepare 0.04 list 0.56 cs 24.53 fence 1.52 ms, 1678 BOs
timing: #494 done at t 10.048 s, 25.9 ms after the sync and hints; device: prepare 0.06 list 0.46 cs 20.40 fence 0.09 ms, 1683 BOs
flip 1/0 buffer 0x507410000 +0x1fe0000: sum 0x17ea65194594 nonzero 8100/8160 pattern 0
timing: t 10.049 s flip 1/0, VideoOutSubmitFlip took 0.0 ms
timing: #495 done at t 10.098 s, 36.9 ms after the sync and hints; device: prepare 0.36 list 0.46 cs 20.15 fence 3.20 ms, 1683 BOs
timing: #496 done at t 10.113 s, 3.6 ms after the sync and hints; device: prepare 0.00 list 0.02 cs 0.04 fence 0.04 ms, 5 BOs (short list)
timing: #497 done at t 10.126 s, 1.3 ms after the sync and hints; device: prepare 0.01 list 0.02 cs 0.10 fence 0.03 ms, 9 BOs (short list)
timing: #498 done at t 10.143 s, 5.6 ms after the sync and hints; device: prepare 0.01 list 0.02 cs 0.05 fence 0.05 ms, 5 BOs (short list)
timing: #499 done at t 10.158 s, 3.5 ms after the sync and hints; device: prepare 0.03 list 0.02 cs 0.06 fence 0.04 ms, 6 BOs (short list)
timing: #500 done at t 10.171 s, 1.4 ms after the sync and hints; device: prepare 0.00 list 0.01 cs 0.04 fence 0.03 ms, 5 BOs (short list)
timing: #501 done at t 10.184 s, 1.6 ms after the sync and hints; device: prepare 0.03 list 0.02 cs 0.05 fence 0.04 ms, 6 BOs (short list)
timing: #502 done at t 10.221 s, 25.3 ms after the sync and hints; device: prepare 0.08 list 0.46 cs 20.68 fence 0.47 ms, 1683 BOs
timing: #503 done at t 10.258 s, 25.1 ms after the sync and hints; device: prepare 0.06 list 0.53 cs 20.20 fence 0.02 ms, 1683 BOs
timing: #504 done at t 10.271 s, 1.7 ms after the sync and hints; device: prepare 0.00 list 0.02 cs 0.04 fence 0.02 ms, 5 BOs (short list)
timing: #505 done at t 10.305 s, 22.2 ms after the sync and hints; device: prepare 0.02 list 0.44 cs 20.16 fence 0.27 ms, 1683 BOs
timing: #506 done at t 10.343 s, 27.3 ms after the sync and hints; device: prepare 0.05 list 0.46 cs 20.76 fence 0.76 ms, 1683 BOs
timing: #507 done at t 10.381 s, 27.2 ms after the sync and hints; device: prepare 0.07 list 0.54 cs 20.22 fence 1.56 ms, 1683 BOs
timing: #508 done at t 10.419 s, 26.2 ms after the sync and hints; device: prepare 0.12 list 0.51 cs 20.31 fence 0.13 ms, 1683 BOs
flip 1/1 buffer 0x5093f0000 +0x1fe0000: sum 0x17ea65194594 nonzero 8100/8160 pattern 0
timing: t 10.420 s flip 1/1, VideoOutSubmitFlip took 0.0 ms
timing: #509 done at t 10.468 s, 35.6 ms after the sync and hints; device: prepare 0.24 list 0.46 cs 20.49 fence 3.18 ms, 1683 BOs
timing: #510 done at t 10.481 s, 1.3 ms after the sync and hints; device: prepare 0.01 list 0.02 cs 0.04 fence 0.03 ms, 5 BOs (short list)
timing: #511 done at t 10.495 s, 1.4 ms after the sync and hints; device: prepare 0.02 list 0.02 cs 0.10 fence 0.03 ms, 9 BOs (short list)
timing: #512 done at t 10.508 s, 1.3 ms after the sync and hints; device: prepare 0.00 list 0.02 cs 0.04 fence 0.03 ms, 5 BOs (short list)
timing: #513 done at t 10.521 s, 1.7 ms after the sync and hints; device: prepare 0.03 list 0.02 cs 0.05 fence 0.03 ms, 6 BOs (short list)
timing: #514 done at t 10.534 s, 1.3 ms after the sync and hints; device: prepare 0.01 list 0.01 cs 0.04 fence 0.04 ms, 5 BOs (short list)
timing: #515 done at t 10.551 s, 5.9 ms after the sync and hints; device: prepare 0.03 list 0.01 cs 0.05 fence 0.04 ms, 6 BOs (short list)
timing: #516 done at t 10.592 s, 29.6 ms after the sync and hints; device: prepare 0.25 list 0.54 cs 20.42 fence 0.43 ms, 1686 BOs
timing: #517 done at t 10.626 s, 22.6 ms after the sync and hints; device: prepare 0.06 list 0.49 cs 20.31 fence 0.01 ms, 1686 BOs
timing: #518 done at t 10.642 s, 4.2 ms after the sync and hints; device: prepare 0.01 list 0.02 cs 0.04 fence 0.04 ms, 5 BOs (short list)
timing: #519 done at t 10.682 s, 26.8 ms after the sync and hints; device: prepare 0.03 list 0.48 cs 20.26 fence 0.28 ms, 1686 BOs
timing: #520 done at t 10.725 s, 32.1 ms after the sync and hints; device: prepare 0.06 list 0.48 cs 22.76 fence 0.76 ms, 1686 BOs
timing: #521 done at t 10.765 s, 27.4 ms after the sync and hints; device: prepare 0.04 list 0.49 cs 21.08 fence 1.54 ms, 1691 BOs
timing: #522 done at t 10.809 s, 31.0 ms after the sync and hints; device: prepare 0.07 list 0.58 cs 22.16 fence 0.05 ms, 1696 BOs
flip 1/0 buffer 0x507410000 +0x1fe0000: sum 0x17ea65194594 nonzero 8100/8160 pattern 0
timing: t 10.810 s flip 1/0, VideoOutSubmitFlip took 0.0 ms
timing: #523 done at t 10.861 s, 37.3 ms after the sync and hints; device: prepare 0.26 list 0.56 cs 22.96 fence 3.22 ms, 1700 BOs
timing: #524 done at t 10.880 s, 5.8 ms after the sync and hints; device: prepare 0.01 list 0.02 cs 0.04 fence 0.04 ms, 5 BOs (short list)
timing: #525 done at t 10.893 s, 1.4 ms after the sync and hints; device: prepare 0.01 list 0.02 cs 0.09 fence 0.02 ms, 9 BOs (short list)
timing: #526 done at t 10.914 s, 4.8 ms after the sync and hints; device: prepare 0.01 list 0.02 cs 0.04 fence 0.02 ms, 5 BOs (short list)
timing: #527 done at t 10.928 s, 1.7 ms after the sync and hints; device: prepare 0.04 list 0.02 cs 0.07 fence 0.03 ms, 6 BOs (short list)
timing: #528 done at t 10.941 s, 1.2 ms after the sync and hints; device: prepare 0.00 list 0.01 cs 0.03 fence 0.03 ms, 5 BOs (short list)
timing: #529 done at t 10.959 s, 6.1 ms after the sync and hints; device: prepare 0.03 list 0.01 cs 0.06 fence 0.05 ms, 6 BOs (short list)
timing: #530 done at t 11.000 s, 29.0 ms after the sync and hints; device: prepare 0.08 list 0.46 cs 21.02 fence 0.46 ms, 1719 BOs
timing: #531 done at t 11.017 s, 4.8 ms after the sync and hints; device: prepare 0.00 list 0.02 cs 0.04 fence 0.03 ms, 5 BOs (short list)
timing: #532 done at t 11.052 s, 23.2 ms after the sync and hints; device: prepare 0.03 list 0.47 cs 21.00 fence 0.01 ms, 1719 BOs
timing: #533 done at t 11.091 s, 27.5 ms after the sync and hints; device: prepare 0.04 list 0.56 cs 20.94 fence 0.29 ms, 1719 BOs
timing: #534 done at t 11.133 s, 29.5 ms after the sync and hints; device: prepare 0.14 list 0.57 cs 21.74 fence 0.74 ms, 1719 BOs
timing: #535 done at t 11.170 s, 26.4 ms after the sync and hints; device: prepare 0.04 list 0.47 cs 21.10 fence 1.54 ms, 1719 BOs
timing: #536 done at t 11.211 s, 28.1 ms after the sync and hints; device: prepare 0.12 list 0.49 cs 20.80 fence 0.10 ms, 1719 BOs
flip 1/1 buffer 0x5093f0000 +0x1fe0000: sum 0x17ea65194594 nonzero 8100/8160 pattern 0
timing: t 11.212 s flip 1/1, VideoOutSubmitFlip took 0.0 ms
timing: #537 done at t 11.259 s, 35.2 ms after the sync and hints; device: prepare 0.23 list 0.48 cs 20.82 fence 3.17 ms, 1719 BOs
timing: #538 done at t 11.272 s, 1.5 ms after the sync and hints; device: prepare 0.00 list 0.02 cs 0.04 fence 0.04 ms, 5 BOs (short list)
timing: #539 done at t 11.285 s, 1.8 ms after the sync and hints; device: prepare 0.01 list 0.02 cs 0.10 fence 0.04 ms, 9 BOs (short list)
timing: #540 done at t 11.298 s, 1.3 ms after the sync and hints; device: prepare 0.00 list 0.02 cs 0.04 fence 0.03 ms, 5 BOs (short list)
timing: #541 done at t 11.311 s, 1.7 ms after the sync and hints; device: prepare 0.03 list 0.02 cs 0.05 fence 0.03 ms, 6 BOs (short list)
timing: #542 done at t 11.325 s, 2.3 ms after the sync and hints; device: prepare 0.01 list 0.02 cs 0.04 fence 0.03 ms, 5 BOs (short list)
timing: #543 done at t 11.338 s, 1.7 ms after the sync and hints; device: prepare 0.03 list 0.02 cs 0.06 fence 0.04 ms, 6 BOs (short list)
timing: #544 done at t 11.375 s, 25.5 ms after the sync and hints; device: prepare 0.17 list 0.50 cs 20.82 fence 0.46 ms, 1719 BOs
timing: #545 done at t 11.391 s, 3.9 ms after the sync and hints; device: prepare 0.01 list 0.02 cs 0.04 fence 0.04 ms, 5 BOs (short list)
timing: #546 done at t 11.431 s, 27.7 ms after the sync and hints; device: prepare 0.04 list 0.47 cs 21.13 fence 0.01 ms, 1719 BOs
timing: #547 done at t 11.470 s, 27.8 ms after the sync and hints; device: prepare 0.04 list 0.56 cs 21.22 fence 0.23 ms, 1719 BOs
timing: #548 done at t 11.508 s, 25.9 ms after the sync and hints; device: prepare 0.05 list 0.47 cs 20.70 fence 0.76 ms, 1719 BOs
timing: #549 done at t 11.546 s, 26.5 ms after the sync and hints; device: prepare 0.03 list 0.43 cs 20.87 fence 1.58 ms, 1719 BOs
timing: #550 done at t 11.585 s, 27.4 ms after the sync and hints; device: prepare 0.06 list 0.46 cs 20.76 fence 0.11 ms, 1719 BOs
flip 1/0 buffer 0x507410000 +0x1fe0000: sum 0x17ea65194594 nonzero 8100/8160 pattern 0
timing: t 11.586 s flip 1/0, VideoOutSubmitFlip took 0.0 ms
timing: #551 done at t 11.631 s, 33.0 ms after the sync and hints; device: prepare 0.23 list 0.47 cs 20.73 fence 3.22 ms, 1719 BOs
timing: #552 done at t 11.645 s, 1.6 ms after the sync and hints; device: prepare 0.00 list 0.01 cs 0.04 fence 0.04 ms, 5 BOs (short list)
timing: #553 done at t 11.658 s, 1.4 ms after the sync and hints; device: prepare 0.02 list 0.02 cs 0.10 fence 0.03 ms, 9 BOs (short list)
timing: #554 done at t 11.677 s, 5.7 ms after the sync and hints; device: prepare 0.01 list 0.02 cs 0.04 fence 0.04 ms, 5 BOs (short list)
timing: #555 done at t 11.691 s, 1.7 ms after the sync and hints; device: prepare 0.05 list 0.02 cs 0.06 fence 0.03 ms, 6 BOs (short list)
timing: #556 done at t 11.711 s, 5.1 ms after the sync and hints; device: prepare 0.01 list 0.02 cs 0.04 fence 0.04 ms, 5 BOs (short list)
timing: #557 done at t 11.740 s, 16.9 ms after the sync and hints; device: prepare 0.03 list 0.02 cs 0.06 fence 0.04 ms, 6 BOs (short list)
timing: #558 done at t 11.785 s, 33.5 ms after the sync and hints; device: prepare 0.12 list 0.55 cs 25.07 fence 0.45 ms, 1722 BOs
timing: #559 done at t 11.822 s, 24.1 ms after the sync and hints; device: prepare 0.04 list 0.55 cs 21.80 fence 0.02 ms, 1722 BOs
timing: #560 done at t 11.839 s, 5.9 ms after the sync and hints; device: prepare 0.01 list 0.02 cs 0.04 fence 0.04 ms, 5 BOs (short list)
timing: #561 done at t 11.874 s, 23.2 ms after the sync and hints; device: prepare 0.04 list 0.51 cs 21.03 fence 0.28 ms, 1722 BOs
timing: #562 done at t 11.912 s, 26.1 ms after the sync and hints; device: prepare 0.05 list 0.46 cs 20.97 fence 0.76 ms, 1723 BOs
timing: #563 done at t 11.952 s, 28.8 ms after the sync and hints; device: prepare 0.07 list 0.52 cs 20.88 fence 1.55 ms, 1723 BOs
timing: #564 done at t 11.988 s, 24.4 ms after the sync and hints; device: prepare 0.06 list 0.46 cs 20.77 fence 0.12 ms, 1723 BOs
flip 1/1 buffer 0x5093f0000 +0x1fe0000: sum 0x17ea65194594 nonzero 8100/8160 pattern 0
timing: t 11.989 s flip 1/1, VideoOutSubmitFlip took 0.0 ms
timing: #565 done at t 12.038 s, 36.9 ms after the sync and hints; device: prepare 0.24 list 0.46 cs 20.72 fence 3.21 ms, 1723 BOs
timing: #566 done at t 12.050 s, 1.3 ms after the sync and hints; device: prepare 0.00 list 0.01 cs 0.04 fence 0.03 ms, 5 BOs (short list)
timing: #567 done at t 12.063 s, 1.3 ms after the sync and hints; device: prepare 0.01 list 0.02 cs 0.10 fence 0.03 ms, 9 BOs (short list)
timing: #568 done at t 12.076 s, 1.3 ms after the sync and hints; device: prepare 0.00 list 0.02 cs 0.04 fence 0.03 ms, 5 BOs (short list)
timing: #569 done at t 12.089 s, 1.7 ms after the sync and hints; device: prepare 0.03 list 0.02 cs 0.05 fence 0.03 ms, 6 BOs (short list)
timing: #570 done at t 12.102 s, 1.5 ms after the sync and hints; device: prepare 0.00 list 0.02 cs 0.04 fence 0.03 ms, 5 BOs (short list)
timing: #571 done at t 12.116 s, 2.7 ms after the sync and hints; device: prepare 0.03 list 0.02 cs 0.05 fence 0.04 ms, 6 BOs (short list)
timing: #572 done at t 12.157 s, 29.3 ms after the sync and hints; device: prepare 0.18 list 0.53 cs 20.74 fence 0.46 ms, 1724 BOs
timing: #573 done at t 12.195 s, 25.8 ms after the sync and hints; device: prepare 0.03 list 0.46 cs 21.03 fence 0.01 ms, 1724 BOs
timing: #574 done at t 12.211 s, 4.7 ms after the sync and hints; device: prepare 0.01 list 0.02 cs 0.04 fence 0.03 ms, 5 BOs (short list)
timing: #575 done at t 12.250 s, 27.7 ms after the sync and hints; device: prepare 0.04 list 0.57 cs 21.05 fence 0.26 ms, 1724 BOs
timing: #576 done at t 12.292 s, 29.5 ms after the sync and hints; device: prepare 0.11 list 0.51 cs 20.82 fence 0.75 ms, 1724 BOs
timing: #577 done at t 12.332 s, 28.9 ms after the sync and hints; device: prepare 0.08 list 0.52 cs 20.90 fence 1.53 ms, 1724 BOs
timing: #578 done at t 12.376 s, 33.0 ms after the sync and hints; device: prepare 0.07 list 0.45 cs 20.76 fence 0.12 ms, 1724 BOs
flip 1/0 buffer 0x507410000 +0x1fe0000: sum 0x17ea65194594 nonzero 8100/8160 pattern 0
timing: t 12.377 s flip 1/0, VideoOutSubmitFlip took 0.0 ms
timing: #579 done at t 12.426 s, 36.8 ms after the sync and hints; device: prepare 0.22 list 0.46 cs 21.01 fence 3.18 ms, 1724 BOs
timing: #580 done at t 12.441 s, 3.3 ms after the sync and hints; device: prepare 0.01 list 0.02 cs 0.05 fence 0.03 ms, 5 BOs (short list)
timing: #581 done at t 12.455 s, 1.5 ms after the sync and hints; device: prepare 0.01 list 0.02 cs 0.10 fence 0.03 ms, 9 BOs (short list)
timing: #582 done at t 12.473 s, 5.9 ms after the sync and hints; device: prepare 0.01 list 0.02 cs 0.04 fence 0.03 ms, 5 BOs (short list)
timing: #583 done at t 12.493 s, 5.8 ms after the sync and hints; device: prepare 0.06 list 0.02 cs 0.08 fence 0.04 ms, 6 BOs (short list)
timing: #584 done at t 12.506 s, 1.3 ms after the sync and hints; device: prepare 0.01 list 0.02 cs 0.04 fence 0.03 ms, 5 BOs (short list)
timing: #585 done at t 12.525 s, 5.9 ms after the sync and hints; device: prepare 0.04 list 0.02 cs 0.06 fence 0.04 ms, 6 BOs (short list)
timing: #586 done at t 12.571 s, 30.3 ms after the sync and hints; device: prepare 0.09 list 0.46 cs 24.77 fence 0.46 ms, 1725 BOs
timing: #587 done at t 12.613 s, 28.6 ms after the sync and hints; device: prepare 0.05 list 0.48 cs 22.43 fence 0.01 ms, 1725 BOs
timing: #588 done at t 12.629 s, 4.8 ms after the sync and hints; device: prepare 0.01 list 0.02 cs 0.04 fence 0.03 ms, 5 BOs (short list)
timing: #589 done at t 12.665 s, 23.9 ms after the sync and hints; device: prepare 0.02 list 0.46 cs 20.76 fence 0.30 ms, 1725 BOs
timing: #590 done at t 12.703 s, 26.8 ms after the sync and hints; device: prepare 0.11 list 0.52 cs 20.66 fence 0.77 ms, 1726 BOs
timing: #591 done at t 12.742 s, 26.8 ms after the sync and hints; device: prepare 0.07 list 0.54 cs 20.99 fence 1.54 ms, 1726 BOs
timing: #592 done at t 12.780 s, 26.6 ms after the sync and hints; device: prepare 0.06 list 0.46 cs 20.81 fence 0.10 ms, 1726 BOs
flip 1/1 buffer 0x5093f0000 +0x1fe0000: sum 0x17ea65194594 nonzero 8100/8160 pattern 0
timing: t 12.781 s flip 1/1, VideoOutSubmitFlip took 0.0 ms
timing: #593 done at t 12.828 s, 34.1 ms after the sync and hints; device: prepare 0.23 list 0.46 cs 20.60 fence 3.19 ms, 1726 BOs
timing: #594 done at t 12.843 s, 3.6 ms after the sync and hints; device: prepare 0.01 list 0.01 cs 0.04 fence 0.03 ms, 5 BOs (short list)
timing: #595 done at t 12.856 s, 1.3 ms after the sync and hints; device: prepare 0.01 list 0.02 cs 0.10 fence 0.03 ms, 9 BOs (short list)
timing: #596 done at t 12.869 s, 1.5 ms after the sync and hints; device: prepare 0.01 list 0.02 cs 0.04 fence 0.03 ms, 5 BOs (short list)
timing: #597 done at t 12.882 s, 1.8 ms after the sync and hints; device: prepare 0.03 list 0.02 cs 0.06 fence 0.03 ms, 6 BOs (short list)
timing: #598 done at t 12.895 s, 1.5 ms after the sync and hints; device: prepare 0.01 list 0.02 cs 0.04 fence 0.03 ms, 5 BOs (short list)
timing: #599 done at t 12.913 s, 6.3 ms after the sync and hints; device: prepare 0.03 list 0.02 cs 0.06 fence 0.03 ms, 6 BOs (short list)
timing: #600 done at t 12.955 s, 30.2 ms after the sync and hints; device: prepare 0.17 list 0.47 cs 20.85 fence 0.45 ms, 1727 BOs
timing: #601 done at t 12.993 s, 26.6 ms after the sync and hints; device: prepare 0.03 list 0.45 cs 20.70 fence 0.01 ms, 1727 BOs
timing: #602 done at t 13.009 s, 4.2 ms after the sync and hints; device: prepare 0.01 list 0.02 cs 0.04 fence 0.03 ms, 5 BOs (short list)
timing: #603 done at t 13.048 s, 27.5 ms after the sync and hints; device: prepare 0.04 list 0.57 cs 20.78 fence 0.29 ms, 1727 BOs
timing: #604 done at t 13.086 s, 26.3 ms after the sync and hints; device: prepare 0.05 list 0.48 cs 20.73 fence 0.76 ms, 1727 BOs
timing: #605 done at t 13.124 s, 26.7 ms after the sync and hints; device: prepare 0.04 list 0.46 cs 20.88 fence 1.58 ms, 1727 BOs
timing: #606 done at t 13.163 s, 26.7 ms after the sync and hints; device: prepare 0.06 list 0.46 cs 20.88 fence 0.10 ms, 1727 BOs
flip 1/0 buffer 0x507410000 +0x1fe0000: sum 0x17ea65194594 nonzero 8100/8160 pattern 0
timing: t 13.164 s flip 1/0, VideoOutSubmitFlip took 0.0 ms
timing: #607 done at t 13.211 s, 35.4 ms after the sync and hints; device: prepare 0.51 list 0.46 cs 20.64 fence 3.19 ms, 1727 BOs
timing: #608 done at t 13.225 s, 2.7 ms after the sync and hints; device: prepare 0.01 list 0.02 cs 0.04 fence 0.03 ms, 5 BOs (short list)
timing: #609 done at t 13.238 s, 1.5 ms after the sync and hints; device: prepare 0.01 list 0.02 cs 0.10 fence 0.04 ms, 9 BOs (short list)
timing: #610 done at t 13.256 s, 4.8 ms after the sync and hints; device: prepare 0.01 list 0.02 cs 0.04 fence 0.03 ms, 5 BOs (short list)
timing: #611 done at t 13.275 s, 6.4 ms after the sync and hints; device: prepare 0.03 list 0.02 cs 0.06 fence 0.03 ms, 6 BOs (short list)
timing: #612 done at t 13.288 s, 2.1 ms after the sync and hints; device: prepare 0.01 list 0.02 cs 0.04 fence 0.02 ms, 5 BOs (short list)
timing: #613 done at t 13.306 s, 6.3 ms after the sync and hints; device: prepare 0.06 list 0.02 cs 0.08 fence 0.04 ms, 6 BOs (short list)
timing: #614 done at t 13.351 s, 32.8 ms after the sync and hints; device: prepare 0.09 list 0.46 cs 23.51 fence 0.45 ms, 1727 BOs
timing: #615 done at t 13.392 s, 27.7 ms after the sync and hints; device: prepare 0.04 list 0.46 cs 21.38 fence 0.01 ms, 1727 BOs
timing: #616 done at t 13.410 s, 6.0 ms after the sync and hints; device: prepare 0.00 list 0.02 cs 0.06 fence 0.04 ms, 5 BOs (short list)
timing: #617 done at t 13.450 s, 27.9 ms after the sync and hints; device: prepare 0.04 list 0.49 cs 21.12 fence 0.28 ms, 1727 BOs
timing: #618 done at t 13.489 s, 28.2 ms after the sync and hints; device: prepare 0.05 list 0.46 cs 20.70 fence 0.75 ms, 1727 BOs
timing: #619 done at t 13.526 s, 24.8 ms after the sync and hints; device: prepare 0.03 list 0.47 cs 21.24 fence 1.56 ms, 1727 BOs
timing: #620 done at t 13.564 s, 26.6 ms after the sync and hints; device: prepare 0.06 list 0.46 cs 20.76 fence 0.11 ms, 1727 BOs
flip 1/1 buffer 0x5093f0000 +0x1fe0000: sum 0x17ea65194594 nonzero 8100/8160 pattern 0
timing: t 13.565 s flip 1/1, VideoOutSubmitFlip took 0.0 ms
timing: #621 done at t 13.613 s, 36.4 ms after the sync and hints; device: prepare 0.22 list 0.47 cs 20.63 fence 3.17 ms, 1727 BOs
timing: #622 done at t 13.632 s, 6.1 ms after the sync and hints; device: prepare 0.01 list 0.02 cs 0.05 fence 0.03 ms, 5 BOs (short list)
timing: #623 done at t 13.644 s, 1.5 ms after the sync and hints; device: prepare 0.01 list 0.02 cs 0.10 fence 0.03 ms, 9 BOs (short list)
timing: #624 done at t 13.657 s, 1.4 ms after the sync and hints; device: prepare 0.00 list 0.01 cs 0.04 fence 0.03 ms, 5 BOs (short list)
timing: #625 done at t 13.671 s, 1.8 ms after the sync and hints; device: prepare 0.03 list 0.02 cs 0.06 fence 0.04 ms, 6 BOs (short list)
timing: #626 done at t 13.683 s, 1.4 ms after the sync and hints; device: prepare 0.00 list 0.02 cs 0.04 fence 0.02 ms, 5 BOs (short list)
timing: #627 done at t 13.701 s, 6.3 ms after the sync and hints; device: prepare 0.03 list 0.02 cs 0.06 fence 0.04 ms, 6 BOs (short list)
timing: #628 done at t 13.742 s, 29.7 ms after the sync and hints; device: prepare 0.17 list 0.50 cs 20.76 fence 0.45 ms, 1728 BOs
timing: #629 done at t 13.782 s, 27.5 ms after the sync and hints; device: prepare 0.03 list 0.46 cs 20.92 fence 0.01 ms, 1728 BOs
timing: #630 done at t 13.799 s, 5.9 ms after the sync and hints; device: prepare 0.00 list 0.02 cs 0.04 fence 0.04 ms, 5 BOs (short list)
timing: #631 done at t 13.839 s, 27.9 ms after the sync and hints; device: prepare 0.04 list 0.57 cs 21.09 fence 0.27 ms, 1728 BOs
timing: #632 done at t 13.879 s, 28.7 ms after the sync and hints; device: prepare 0.06 list 0.46 cs 21.18 fence 0.76 ms, 1728 BOs
timing: #633 done at t 13.918 s, 28.1 ms after the sync and hints; device: prepare 0.04 list 0.48 cs 21.11 fence 1.54 ms, 1728 BOs
timing: #634 done at t 13.955 s, 24.4 ms after the sync and hints; device: prepare 0.06 list 0.46 cs 20.66 fence 0.13 ms, 1728 BOs
flip 1/0 buffer 0x507410000 +0x1fe0000: sum 0x17ea65194594 nonzero 8100/8160 pattern 0
timing: t 13.956 s flip 1/0, VideoOutSubmitFlip took 0.0 ms
timing: #635 done at t 14.002 s, 34.3 ms after the sync and hints; device: prepare 0.24 list 0.46 cs 20.72 fence 3.20 ms, 1728 BOs
timing: #636 done at t 14.015 s, 1.4 ms after the sync and hints; device: prepare 0.01 list 0.02 cs 0.04 fence 0.03 ms, 5 BOs (short list)
timing: #637 done at t 14.033 s, 6.0 ms after the sync and hints; device: prepare 0.02 list 0.03 cs 0.10 fence 0.03 ms, 9 BOs (short list)
timing: #638 done at t 14.047 s, 2.8 ms after the sync and hints; device: prepare 0.00 list 0.02 cs 0.04 fence 0.03 ms, 5 BOs (short list)
timing: #639 done at t 14.062 s, 3.6 ms after the sync and hints; device: prepare 0.03 list 0.02 cs 0.06 fence 0.03 ms, 6 BOs (short list)
timing: #640 done at t 14.075 s, 1.4 ms after the sync and hints; device: prepare 0.01 list 0.02 cs 0.04 fence 0.03 ms, 5 BOs (short list)
timing: #641 done at t 14.089 s, 1.7 ms after the sync and hints; device: prepare 0.03 list 0.02 cs 0.06 fence 0.04 ms, 6 BOs (short list)
timing: #642 done at t 14.131 s, 30.2 ms after the sync and hints; device: prepare 0.09 list 0.48 cs 21.28 fence 0.47 ms, 1728 BOs
timing: #643 done at t 14.168 s, 25.3 ms after the sync and hints; device: prepare 0.03 list 0.49 cs 21.11 fence 0.02 ms, 1728 BOs
timing: #644 done at t 14.181 s, 1.4 ms after the sync and hints; device: prepare 0.01 list 0.02 cs 0.05 fence 0.04 ms, 5 BOs (short list)
timing: #645 done at t 14.220 s, 27.6 ms after the sync and hints; device: prepare 0.02 list 0.47 cs 20.90 fence 0.27 ms, 1728 BOs
timing: #646 done at t 14.261 s, 29.1 ms after the sync and hints; device: prepare 0.06 list 0.48 cs 20.89 fence 0.77 ms, 1728 BOs
timing: #647 done at t 14.298 s, 26.2 ms after the sync and hints; device: prepare 0.03 list 0.49 cs 20.86 fence 1.55 ms, 1728 BOs
timing: #648 done at t 14.335 s, 24.7 ms after the sync and hints; device: prepare 0.06 list 0.48 cs 20.75 fence 0.11 ms, 1728 BOs
flip 1/1 buffer 0x5093f0000 +0x1fe0000: sum 0x17ea65194594 nonzero 8100/8160 pattern 0
timing: t 14.336 s flip 1/1, VideoOutSubmitFlip took 0.0 ms
timing: #649 done at t 14.385 s, 36.7 ms after the sync and hints; device: prepare 0.49 list 0.47 cs 20.91 fence 3.18 ms, 1728 BOs
timing: #650 done at t 14.398 s, 2.0 ms after the sync and hints; device: prepare 0.01 list 0.02 cs 0.04 fence 0.03 ms, 5 BOs (short list)
timing: #651 done at t 14.416 s, 6.1 ms after the sync and hints; device: prepare 0.01 list 0.02 cs 0.10 fence 0.02 ms, 9 BOs (short list)
timing: #652 done at t 14.430 s, 2.3 ms after the sync and hints; device: prepare 0.00 list 0.02 cs 0.05 fence 0.03 ms, 5 BOs (short list)
timing: #653 done at t 14.449 s, 6.6 ms after the sync and hints; device: prepare 0.03 list 0.02 cs 0.06 fence 0.03 ms, 6 BOs (short list)
timing: #654 done at t 14.466 s, 5.9 ms after the sync and hints; device: prepare 0.01 list 0.02 cs 0.05 fence 0.06 ms, 5 BOs (short list)
timing: #655 done at t 14.484 s, 6.2 ms after the sync and hints; device: prepare 0.06 list 0.02 cs 0.09 fence 0.05 ms, 6 BOs (short list)
timing: #656 done at t 14.526 s, 29.9 ms after the sync and hints; device: prepare 0.09 list 0.48 cs 20.82 fence 0.46 ms, 1729 BOs
timing: #657 done at t 14.564 s, 25.6 ms after the sync and hints; device: prepare 0.03 list 0.48 cs 20.99 fence 0.01 ms, 1729 BOs
timing: #658 done at t 14.581 s, 4.6 ms after the sync and hints; device: prepare 0.01 list 0.02 cs 0.04 fence 0.03 ms, 5 BOs (short list)
timing: #659 done at t 14.616 s, 24.3 ms after the sync and hints; device: prepare 0.04 list 0.54 cs 21.22 fence 0.28 ms, 1729 BOs
timing: #660 done at t 14.655 s, 26.8 ms after the sync and hints; device: prepare 0.11 list 0.54 cs 21.02 fence 0.77 ms, 1729 BOs
timing: #661 done at t 14.692 s, 25.8 ms after the sync and hints; device: prepare 0.07 list 0.54 cs 20.73 fence 1.57 ms, 1729 BOs
timing: #662 done at t 14.730 s, 25.1 ms after the sync and hints; device: prepare 0.06 list 0.48 cs 20.77 fence 0.11 ms, 1729 BOs
flip 1/0 buffer 0x507410000 +0x1fe0000: sum 0x17ea65194594 nonzero 8100/8160 pattern 0
timing: t 14.731 s flip 1/0, VideoOutSubmitFlip took 0.0 ms
timing: #663 done at t 14.779 s, 36.0 ms after the sync and hints; device: prepare 0.47 list 0.53 cs 20.89 fence 3.21 ms, 1729 BOs
timing: #664 done at t 14.792 s, 1.4 ms after the sync and hints; device: prepare 0.01 list 0.02 cs 0.04 fence 0.04 ms, 5 BOs (short list)
timing: #665 done at t 14.805 s, 1.6 ms after the sync and hints; device: prepare 0.02 list 0.02 cs 0.11 fence 0.03 ms, 9 BOs (short list)
timing: #666 done at t 14.826 s, 6.3 ms after the sync and hints; device: prepare 0.01 list 0.02 cs 0.04 fence 0.02 ms, 5 BOs (short list)
timing: #667 done at t 14.840 s, 2.3 ms after the sync and hints; device: prepare 0.04 list 0.02 cs 0.07 fence 0.03 ms, 6 BOs (short list)
timing: #668 done at t 14.859 s, 4.6 ms after the sync and hints; device: prepare 0.01 list 0.03 cs 0.04 fence 0.03 ms, 5 BOs (short list)
timing: #669 done at t 14.877 s, 6.4 ms after the sync and hints; device: prepare 0.05 list 0.02 cs 0.06 fence 0.05 ms, 6 BOs (short list)
timing: #670 done at t 14.924 s, 31.8 ms after the sync and hints; device: prepare 0.09 list 0.47 cs 21.71 fence 0.44 ms, 1729 BOs
timing: #671 done at t 14.966 s, 29.7 ms after the sync and hints; device: prepare 0.04 list 0.50 cs 25.20 fence 0.01 ms, 1729 BOs
timing: #672 done at t 14.981 s, 3.1 ms after the sync and hints; device: prepare 0.01 list 0.02 cs 0.05 fence 0.02 ms, 5 BOs (short list)
timing: #673 done at t 15.021 s, 28.2 ms after the sync and hints; device: prepare 0.02 list 0.48 cs 21.49 fence 0.25 ms, 1729 BOs
timing: #674 done at t 15.060 s, 26.7 ms after the sync and hints; device: prepare 0.05 list 0.48 cs 20.85 fence 0.75 ms, 1731 BOs
timing: #675 done at t 15.101 s, 29.0 ms after the sync and hints; device: prepare 0.04 list 0.48 cs 21.13 fence 1.54 ms, 1731 BOs
timing: #676 done at t 15.142 s, 29.3 ms after the sync and hints; device: prepare 0.07 list 0.48 cs 21.17 fence 0.09 ms, 1731 BOs
flip 1/1 buffer 0x5093f0000 +0x1fe0000: sum 0x17ea65194594 nonzero 8100/8160 pattern 0
timing: t 15.143 s flip 1/1, VideoOutSubmitFlip took 0.0 ms
timing: #677 done at t 15.191 s, 36.1 ms after the sync and hints; device: prepare 0.24 list 0.48 cs 21.92 fence 3.17 ms, 1731 BOs
timing: #678 done at t 15.210 s, 6.0 ms after the sync and hints; device: prepare 0.01 list 0.02 cs 0.05 fence 0.04 ms, 5 BOs (short list)
timing: #679 done at t 15.223 s, 1.5 ms after the sync and hints; device: prepare 0.01 list 0.02 cs 0.10 fence 0.03 ms, 9 BOs (short list)
timing: #680 done at t 15.236 s, 1.4 ms after the sync and hints; device: prepare 0.00 list 0.02 cs 0.04 fence 0.03 ms, 5 BOs (short list)
timing: #681 done at t 15.255 s, 7.4 ms after the sync and hints; device: prepare 0.03 list 0.02 cs 0.06 fence 0.03 ms, 6 BOs (short list)
timing: #682 done at t 15.268 s, 1.9 ms after the sync and hints; device: prepare 0.01 list 0.02 cs 0.04 fence 0.03 ms, 5 BOs (short list)
timing: #683 done at t 15.282 s, 2.4 ms after the sync and hints; device: prepare 0.03 list 0.02 cs 0.05 fence 0.04 ms, 6 BOs (short list)
timing: #684 done at t 15.324 s, 29.3 ms after the sync and hints; device: prepare 0.09 list 0.49 cs 21.14 fence 0.44 ms, 1732 BOs
timing: #685 done at t 15.363 s, 27.2 ms after the sync and hints; device: prepare 0.06 list 0.54 cs 20.90 fence 0.02 ms, 1732 BOs
timing: #686 done at t 15.380 s, 4.7 ms after the sync and hints; device: prepare 0.01 list 0.02 cs 0.04 fence 0.04 ms, 5 BOs (short list)
timing: #687 done at t 15.418 s, 27.6 ms after the sync and hints; device: prepare 0.04 list 0.54 cs 20.75 fence 0.27 ms, 1732 BOs
timing: #688 done at t 15.458 s, 27.5 ms after the sync and hints; device: prepare 0.05 list 0.47 cs 21.13 fence 0.75 ms, 1732 BOs
timing: #689 done at t 15.497 s, 28.2 ms after the sync and hints; device: prepare 0.04 list 0.47 cs 20.79 fence 1.55 ms, 1732 BOs
timing: #690 done at t 15.534 s, 24.5 ms after the sync and hints; device: prepare 0.06 list 0.48 cs 20.75 fence 0.12 ms, 1732 BOs
flip 1/0 buffer 0x507410000 +0x1fe0000: sum 0x17ea65194594 nonzero 8100/8160 pattern 0
timing: t 15.535 s flip 1/0, VideoOutSubmitFlip took 0.0 ms
timing: #691 done at t 15.581 s, 34.1 ms after the sync and hints; device: prepare 0.23 list 0.49 cs 20.72 fence 3.20 ms, 1732 BOs
timing: #692 done at t 15.596 s, 3.1 ms after the sync and hints; device: prepare 0.01 list 0.02 cs 0.04 fence 0.04 ms, 5 BOs (short list)
timing: #693 done at t 15.609 s, 1.5 ms after the sync and hints; device: prepare 0.01 list 0.02 cs 0.10 fence 0.02 ms, 9 BOs (short list)
timing: #694 done at t 15.622 s, 1.4 ms after the sync and hints; device: prepare 0.00 list 0.02 cs 0.04 fence 0.03 ms, 5 BOs (short list)
timing: #695 done at t 15.636 s, 1.8 ms after the sync and hints; device: prepare 0.03 list 0.02 cs 0.06 fence 0.05 ms, 6 BOs (short list)
timing: #696 done at t 15.649 s, 1.5 ms after the sync and hints; device: prepare 0.00 list 0.01 cs 0.04 fence 0.03 ms, 5 BOs (short list)
timing: #697 done at t 15.662 s, 2.2 ms after the sync and hints; device: prepare 0.03 list 0.02 cs 0.05 fence 0.04 ms, 6 BOs (short list)
timing: #698 done at t 15.703 s, 29.2 ms after the sync and hints; device: prepare 0.09 list 0.47 cs 20.81 fence 0.46 ms, 1732 BOs
timing: #699 done at t 15.742 s, 26.4 ms after the sync and hints; device: prepare 0.06 list 0.53 cs 20.69 fence 0.01 ms, 1732 BOs
timing: #700 done at t 15.760 s, 5.9 ms after the sync and hints; device: prepare 0.01 list 0.02 cs 0.05 fence 0.03 ms, 5 BOs (short list)
timing: #701 done at t 15.794 s, 22.9 ms after the sync and hints; device: prepare 0.02 list 0.46 cs 20.75 fence 0.26 ms, 1732 BOs
timing: #702 done at t 15.835 s, 29.1 ms after the sync and hints; device: prepare 0.11 list 0.54 cs 21.06 fence 0.75 ms, 1732 BOs
timing: #703 done at t 15.875 s, 29.0 ms after the sync and hints; device: prepare 0.07 list 0.51 cs 21.12 fence 1.53 ms, 1732 BOs
timing: #704 done at t 15.916 s, 28.9 ms after the sync and hints; device: prepare 0.06 list 0.49 cs 20.89 fence 0.11 ms, 1732 BOs
flip 1/1 buffer 0x5093f0000 +0x1fe0000: sum 0x17ea65194594 nonzero 8100/8160 pattern 0
timing: t 15.917 s flip 1/1, VideoOutSubmitFlip took 0.0 ms
timing: #705 done at t 15.963 s, 34.5 ms after the sync and hints; device: prepare 0.22 list 0.47 cs 21.05 fence 3.18 ms, 1732 BOs
timing: #706 done at t 15.984 s, 8.7 ms after the sync and hints; device: prepare 0.01 list 0.02 cs 0.06 fence 0.04 ms, 5 BOs (short list)
timing: #707 done at t 16.003 s, 7.2 ms after the sync and hints; device: prepare 0.03 list 0.02 cs 0.16 fence 0.03 ms, 9 BOs (short list)
timing: #708 done at t 16.022 s, 6.9 ms after the sync and hints; device: prepare 0.01 list 0.02 cs 0.04 fence 0.03 ms, 5 BOs (short list)
timing: #709 done at t 16.041 s, 7.2 ms after the sync and hints; device: prepare 0.04 list 0.02 cs 0.06 fence 0.03 ms, 6 BOs (short list)
timing: #710 done at t 16.055 s, 2.4 ms after the sync and hints; device: prepare 0.01 list 0.02 cs 0.04 fence 0.03 ms, 5 BOs (short list)
timing: #711 done at t 16.074 s, 6.8 ms after the sync and hints; device: prepare 0.06 list 0.02 cs 0.09 fence 0.05 ms, 6 BOs (short list)
timing: #712 done at t 16.117 s, 31.8 ms after the sync and hints; device: prepare 0.09 list 0.50 cs 21.75 fence 0.42 ms, 1732 BOs
timing: #713 done at t 16.156 s, 27.0 ms after the sync and hints; device: prepare 0.04 list 0.49 cs 21.88 fence 0.01 ms, 1732 BOs
timing: #714 done at t 16.173 s, 5.4 ms after the sync and hints; device: prepare 0.01 list 0.02 cs 0.05 fence 0.03 ms, 5 BOs (short list)
timing: #715 done at t 16.209 s, 24.3 ms after the sync and hints; device: prepare 0.02 list 0.47 cs 21.56 fence 0.25 ms, 1732 BOs
timing: #716 done at t 16.251 s, 29.1 ms after the sync and hints; device: prepare 0.05 list 0.49 cs 21.10 fence 0.74 ms, 1735 BOs
timing: #717 done at t 16.291 s, 28.5 ms after the sync and hints; device: prepare 0.04 list 0.46 cs 20.96 fence 1.55 ms, 1735 BOs
timing: #718 done at t 16.328 s, 25.0 ms after the sync and hints; device: prepare 0.06 list 0.49 cs 21.01 fence 0.10 ms, 1735 BOs
flip 1/0 buffer 0x507410000 +0x1fe0000: sum 0x17ea65194594 nonzero 8100/8160 pattern 0
timing: t 16.329 s flip 1/0, VideoOutSubmitFlip took 0.0 ms
timing: #719 done at t 16.376 s, 35.5 ms after the sync and hints; device: prepare 0.26 list 0.47 cs 21.00 fence 3.15 ms, 1735 BOs
timing: #720 done at t 16.394 s, 5.3 ms after the sync and hints; device: prepare 0.01 list 0.02 cs 0.05 fence 0.04 ms, 5 BOs (short list)
timing: #721 done at t 16.407 s, 1.5 ms after the sync and hints; device: prepare 0.02 list 0.02 cs 0.10 fence 0.03 ms, 9 BOs (short list)
timing: #722 done at t 16.425 s, 6.2 ms after the sync and hints; device: prepare 0.01 list 0.02 cs 0.04 fence 0.03 ms, 5 BOs (short list)
timing: #723 done at t 16.439 s, 2.3 ms after the sync and hints; device: prepare 0.03 list 0.02 cs 0.06 fence 0.03 ms, 6 BOs (short list)
timing: #724 done at t 16.452 s, 1.5 ms after the sync and hints; device: prepare 0.00 list 0.02 cs 0.04 fence 0.03 ms, 5 BOs (short list)
timing: #725 done at t 16.466 s, 2.3 ms after the sync and hints; device: prepare 0.03 list 0.02 cs 0.05 fence 0.04 ms, 6 BOs (short list)
timing: #726 done at t 16.503 s, 25.6 ms after the sync and hints; device: prepare 0.18 list 0.51 cs 20.77 fence 0.46 ms, 1735 BOs
timing: #727 done at t 16.542 s, 26.4 ms after the sync and hints; device: prepare 0.04 list 0.49 cs 20.80 fence 0.01 ms, 1735 BOs
timing: #728 done at t 16.555 s, 1.7 ms after the sync and hints; device: prepare 0.01 list 0.01 cs 0.03 fence 0.03 ms, 5 BOs (short list)
timing: #729 done at t 16.591 s, 24.3 ms after the sync and hints; device: prepare 0.04 list 0.55 cs 20.89 fence 0.27 ms, 1735 BOs
timing: #730 done at t 16.632 s, 28.9 ms after the sync and hints; device: prepare 0.05 list 0.48 cs 21.14 fence 0.75 ms, 1735 BOs
timing: #731 done at t 16.670 s, 27.0 ms after the sync and hints; device: prepare 0.04 list 0.48 cs 21.00 fence 1.55 ms, 1735 BOs
timing: #732 done at t 16.708 s, 25.7 ms after the sync and hints; device: prepare 0.06 list 0.48 cs 20.85 fence 0.12 ms, 1735 BOs
flip 1/1 buffer 0x5093f0000 +0x1fe0000: sum 0x17ea65194594 nonzero 8100/8160 pattern 0
timing: t 16.709 s flip 1/1, VideoOutSubmitFlip took 0.0 ms
timing: #733 done at t 16.754 s, 33.3 ms after the sync and hints; device: prepare 0.25 list 0.50 cs 20.85 fence 3.19 ms, 1735 BOs
timing: #734 done at t 16.768 s, 1.4 ms after the sync and hints; device: prepare 0.00 list 0.02 cs 0.06 fence 0.03 ms, 5 BOs (short list)
timing: #735 done at t 16.785 s, 6.1 ms after the sync and hints; device: prepare 0.02 list 0.02 cs 0.10 fence 0.04 ms, 9 BOs (short list)
timing: #736 done at t 16.804 s, 6.3 ms after the sync and hints; device: prepare 0.01 list 0.02 cs 0.04 fence 0.03 ms, 5 BOs (short list)
timing: #737 done at t 16.818 s, 1.9 ms after the sync and hints; device: prepare 0.03 list 0.02 cs 0.06 fence 0.03 ms, 6 BOs (short list)
timing: #738 done at t 16.836 s, 4.9 ms after the sync and hints; device: prepare 0.00 list 0.02 cs 0.04 fence 0.03 ms, 5 BOs (short list)
timing: #739 done at t 16.855 s, 5.8 ms after the sync and hints; device: prepare 0.03 list 0.02 cs 0.07 fence 0.05 ms, 6 BOs (short list)
timing: #740 done at t 16.899 s, 29.8 ms after the sync and hints; device: prepare 0.09 list 0.50 cs 24.12 fence 0.42 ms, 1737 BOs
timing: #741 done at t 16.940 s, 25.7 ms after the sync and hints; device: prepare 0.04 list 0.49 cs 21.55 fence 0.01 ms, 1737 BOs
timing: #742 done at t 16.958 s, 5.7 ms after the sync and hints; device: prepare 0.00 list 0.02 cs 0.04 fence 0.03 ms, 5 BOs (short list)
timing: #743 done at t 16.998 s, 26.8 ms after the sync and hints; device: prepare 0.02 list 0.48 cs 24.55 fence 0.27 ms, 1739 BOs
timing: #744 done at t 17.039 s, 28.0 ms after the sync and hints; device: prepare 0.06 list 0.49 cs 22.54 fence 0.75 ms, 1740 BOs
timing: #745 done at t 17.082 s, 29.4 ms after the sync and hints; device: prepare 0.04 list 0.49 cs 21.89 fence 1.56 ms, 1749 BOs
timing: #746 done at t 17.129 s, 33.2 ms after the sync and hints; device: prepare 0.07 list 0.55 cs 24.81 fence 0.10 ms, 1751 BOs
flip 1/0 buffer 0x507410000 +0x1fe0000: sum 0x17ea65194594 nonzero 8100/8160 pattern 0
timing: t 17.130 s flip 1/0, VideoOutSubmitFlip took 0.0 ms
timing: #747 done at t 17.183 s, 38.5 ms after the sync and hints; device: prepare 0.23 list 0.52 cs 22.59 fence 3.17 ms, 1755 BOs
timing: #748 done at t 17.198 s, 1.3 ms after the sync and hints; device: prepare 0.00 list 0.02 cs 0.04 fence 0.03 ms, 5 BOs (short list)
timing: #749 done at t 17.216 s, 5.7 ms after the sync and hints; device: prepare 0.02 list 0.02 cs 0.10 fence 0.02 ms, 9 BOs (short list)
timing: #750 done at t 17.236 s, 4.6 ms after the sync and hints; device: prepare 0.01 list 0.02 cs 0.04 fence 0.03 ms, 5 BOs (short list)
timing: #751 done at t 17.255 s, 6.4 ms after the sync and hints; device: prepare 0.03 list 0.02 cs 0.06 fence 0.02 ms, 6 BOs (short list)
timing: #752 done at t 17.280 s, 11.6 ms after the sync and hints; device: prepare 0.01 list 0.02 cs 0.05 fence 0.03 ms, 5 BOs (short list)
timing: #753 done at t 17.294 s, 2.4 ms after the sync and hints; device: prepare 0.03 list 0.01 cs 0.04 fence 0.03 ms, 6 BOs (short list)
timing: #754 done at t 17.337 s, 30.6 ms after the sync and hints; device: prepare 0.12 list 0.47 cs 21.45 fence 0.52 ms, 1781 BOs
timing: #755 done at t 17.374 s, 24.5 ms after the sync and hints; device: prepare 0.03 list 0.48 cs 21.45 fence 0.01 ms, 1783 BOs
timing: #756 done at t 17.389 s, 2.2 ms after the sync and hints; device: prepare 0.00 list 0.02 cs 0.04 fence 0.03 ms, 5 BOs (short list)
timing: #757 done at t 17.446 s, 44.9 ms after the sync and hints; device: prepare 0.02 list 0.56 cs 22.33 fence 0.25 ms, 1785 BOs
timing: #758 done at t 17.486 s, 26.9 ms after the sync and hints; device: prepare 0.05 list 0.48 cs 21.68 fence 0.76 ms, 1786 BOs
timing: #759 done at t 17.543 s, 41.6 ms after the sync and hints; device: prepare 0.04 list 0.61 cs 27.55 fence 1.51 ms, 1787 BOs
timing: #760 done at t 17.584 s, 28.0 ms after the sync and hints; device: prepare 0.06 list 0.48 cs 22.23 fence 0.10 ms, 1789 BOs
flip 1/1 buffer 0x5093f0000 +0x1fe0000: sum 0x17ea65194594 nonzero 8100/8160 pattern 0
timing: t 17.585 s flip 1/1, VideoOutSubmitFlip took 0.0 ms
timing: #761 done at t 17.634 s, 34.4 ms after the sync and hints; device: prepare 0.25 list 0.48 cs 22.27 fence 3.21 ms, 1791 BOs
timing: #762 done at t 17.655 s, 4.4 ms after the sync and hints; device: prepare 0.01 list 0.02 cs 0.05 fence 2.97 ms, 5 BOs (short list)
timing: #763 done at t 17.670 s, 2.9 ms after the sync and hints; device: prepare 0.02 list 0.02 cs 0.10 fence 0.03 ms, 9 BOs (short list)
timing: #764 done at t 17.689 s, 6.1 ms after the sync and hints; device: prepare 0.01 list 0.02 cs 0.03 fence 0.02 ms, 5 BOs (short list)
timing: #765 done at t 17.704 s, 1.8 ms after the sync and hints; device: prepare 0.04 list 0.02 cs 0.07 fence 0.03 ms, 6 BOs (short list)
timing: #766 done at t 17.728 s, 6.1 ms after the sync and hints; device: prepare 0.01 list 0.02 cs 0.04 fence 0.03 ms, 5 BOs (short list)
timing: #767 done at t 17.743 s, 1.7 ms after the sync and hints; device: prepare 0.03 list 0.01 cs 0.05 fence 0.03 ms, 6 BOs (short list)
timing: #768 done at t 17.785 s, 29.8 ms after the sync and hints; device: prepare 0.09 list 0.50 cs 22.82 fence 0.45 ms, 1805 BOs
timing: #769 done at t 17.800 s, 2.1 ms after the sync and hints; device: prepare 0.00 list 0.01 cs 0.03 fence 0.02 ms, 5 BOs (short list)
timing: #770 done at t 17.844 s, 30.4 ms after the sync and hints; device: prepare 0.04 list 0.50 cs 23.70 fence 0.01 ms, 1807 BOs
timing: #771 done at t 17.886 s, 26.6 ms after the sync and hints; device: prepare 0.02 list 0.48 cs 22.41 fence 0.27 ms, 1808 BOs
timing: #772 done at t 17.933 s, 32.8 ms after the sync and hints; device: prepare 0.13 list 0.54 cs 22.71 fence 0.75 ms, 1809 BOs
timing: #773 done at t 17.976 s, 31.0 ms after the sync and hints; device: prepare 0.07 list 0.53 cs 24.10 fence 0.95 ms, 1810 BOs
timing: #774 done at t 18.020 s, 30.7 ms after the sync and hints; device: prepare 0.07 list 0.49 cs 23.52 fence 0.10 ms, 1811 BOs
flip 1/0 buffer 0x507410000 +0x1fe0000: sum 0x17ea65194594 nonzero 8100/8160 pattern 0
timing: t 18.021 s flip 1/0, VideoOutSubmitFlip took 0.0 ms
timing: #775 done at t 18.074 s, 38.7 ms after the sync and hints; device: prepare 0.25 list 0.48 cs 23.40 fence 3.20 ms, 1812 BOs
timing: #776 done at t 18.091 s, 4.0 ms after the sync and hints; device: prepare 0.01 list 0.02 cs 0.04 fence 0.03 ms, 5 BOs (short list)
timing: #777 done at t 18.111 s, 5.8 ms after the sync and hints; device: prepare 0.02 list 0.02 cs 0.10 fence 0.03 ms, 9 BOs (short list)
timing: #778 done at t 18.129 s, 5.8 ms after the sync and hints; device: prepare 0.01 list 0.02 cs 0.04 fence 0.03 ms, 5 BOs (short list)
timing: #779 done at t 18.144 s, 2.2 ms after the sync and hints; device: prepare 0.03 list 0.01 cs 0.05 fence 0.03 ms, 6 BOs (short list)
timing: #780 done at t 18.161 s, 4.2 ms after the sync and hints; device: prepare 0.01 list 0.02 cs 0.04 fence 0.03 ms, 5 BOs (short list)
timing: #781 done at t 18.180 s, 6.3 ms after the sync and hints; device: prepare 0.03 list 0.02 cs 0.06 fence 0.04 ms, 6 BOs (short list)
timing: #782 done at t 18.236 s, 43.0 ms after the sync and hints; device: prepare 0.22 list 0.75 cs 33.13 fence 0.48 ms, 1828 BOs
timing: #783 done at t 18.263 s, 12.3 ms after the sync and hints; device: prepare 0.01 list 0.01 cs 0.04 fence 0.02 ms, 5 BOs (short list)
timing: #784 done at t 18.301 s, 25.9 ms after the sync and hints; device: prepare 0.04 list 0.48 cs 23.59 fence 0.01 ms, 1832 BOs
timing: #785 done at t 18.340 s, 26.3 ms after the sync and hints; device: prepare 0.02 list 0.48 cs 24.07 fence 0.27 ms, 1833 BOs
timing: #786 done at t 18.385 s, 32.1 ms after the sync and hints; device: prepare 0.12 list 0.57 cs 24.65 fence 0.73 ms, 1834 BOs
timing: #787 done at t 18.430 s, 31.5 ms after the sync and hints; device: prepare 0.07 list 0.62 cs 24.23 fence 0.94 ms, 1835 BOs
timing: #788 done at t 18.475 s, 30.9 ms after the sync and hints; device: prepare 0.06 list 0.52 cs 24.66 fence 0.09 ms, 1836 BOs
flip 1/1 buffer 0x5093f0000 +0x1fe0000: sum 0x17ea65194594 nonzero 8100/8160 pattern 0
timing: t 18.475 s flip 1/1, VideoOutSubmitFlip took 0.0 ms
timing: #789 done at t 18.531 s, 40.9 ms after the sync and hints; device: prepare 0.22 list 0.48 cs 24.90 fence 3.22 ms, 1837 BOs
timing: #790 done at t 18.549 s, 3.9 ms after the sync and hints; device: prepare 0.00 list 0.01 cs 0.03 fence 1.32 ms, 5 BOs (short list)
timing: #791 done at t 18.568 s, 5.6 ms after the sync and hints; device: prepare 0.02 list 0.02 cs 0.11 fence 0.03 ms, 9 BOs (short list)
timing: #792 done at t 18.587 s, 3.6 ms after the sync and hints; device: prepare 0.01 list 0.02 cs 0.04 fence 0.03 ms, 5 BOs (short list)
timing: #793 done at t 18.607 s, 6.4 ms after the sync and hints; device: prepare 0.07 list 0.02 cs 0.08 fence 0.03 ms, 6 BOs (short list)
timing: #794 done at t 18.626 s, 5.9 ms after the sync and hints; device: prepare 0.01 list 0.02 cs 0.04 fence 0.03 ms, 5 BOs (short list)
timing: #795 done at t 18.647 s, 4.6 ms after the sync and hints; device: prepare 0.03 list 0.01 cs 0.05 fence 0.04 ms, 6 BOs (short list)
timing: #796 done at t 18.694 s, 33.1 ms after the sync and hints; device: prepare 0.09 list 0.49 cs 24.58 fence 0.44 ms, 1854 BOs
timing: #797 done at t 18.736 s, 27.8 ms after the sync and hints; device: prepare 0.03 list 0.51 cs 25.47 fence 0.01 ms, 1856 BOs
timing: #798 done at t 18.756 s, 6.0 ms after the sync and hints; device: prepare 0.01 list 0.01 cs 0.03 fence 0.03 ms, 5 BOs (short list)
timing: #799 done at t 18.803 s, 34.3 ms after the sync and hints; device: prepare 0.02 list 0.49 cs 25.18 fence 0.20 ms, 1858 BOs
timing: #800 done at t 18.849 s, 31.5 ms after the sync and hints; device: prepare 0.06 list 0.51 cs 25.03 fence 0.75 ms, 1860 BOs
timing: #801 done at t 18.897 s, 35.0 ms after the sync and hints; device: prepare 0.04 list 0.49 cs 28.48 fence 0.94 ms, 1862 BOs
timing: #802 done at t 18.941 s, 29.3 ms after the sync and hints; device: prepare 0.06 list 0.51 cs 25.39 fence 0.10 ms, 1863 BOs
flip 1/0 buffer 0x507410000 +0x1fe0000: sum 0x17ea65194594 nonzero 8100/8160 pattern 0
timing: t 18.941 s flip 1/0, VideoOutSubmitFlip took 0.0 ms
timing: #803 done at t 18.996 s, 40.2 ms after the sync and hints; device: prepare 0.24 list 0.49 cs 25.79 fence 3.21 ms, 1864 BOs
timing: #804 done at t 19.079 s, 69.4 ms after the sync and hints; device: prepare 0.01 list 0.02 cs 0.04 fence 0.03 ms, 5 BOs (short list)
timing: #805 done at t 19.128 s, 34.6 ms after the sync and hints; device: prepare 0.02 list 0.02 cs 0.12 fence 0.03 ms, 9 BOs (short list)
timing: #806 done at t 19.165 s, 23.0 ms after the sync and hints; device: prepare 0.01 list 0.02 cs 0.05 fence 0.04 ms, 5 BOs (short list)
timing: #807 done at t 19.185 s, 6.0 ms after the sync and hints; device: prepare 0.03 list 0.02 cs 0.06 fence 0.03 ms, 6 BOs (short list)
timing: #808 done at t 19.205 s, 5.9 ms after the sync and hints; device: prepare 0.00 list 0.01 cs 0.04 fence 0.04 ms, 5 BOs (short list)
timing: #809 done at t 19.219 s, 1.5 ms after the sync and hints; device: prepare 0.03 list 0.02 cs 0.06 fence 0.04 ms, 6 BOs (short list)
timing: #810 done at t 19.266 s, 32.9 ms after the sync and hints; device: prepare 0.09 list 0.51 cs 25.82 fence 0.44 ms, 1879 BOs
timing: #811 done at t 19.312 s, 32.6 ms after the sync and hints; device: prepare 0.04 list 0.51 cs 25.65 fence 0.01 ms, 1879 BOs
timing: #812 done at t 19.325 s, 1.2 ms after the sync and hints; device: prepare 0.00 list 0.02 cs 0.04 fence 0.02 ms, 5 BOs (short list)
timing: #813 done at t 19.370 s, 31.9 ms after the sync and hints; device: prepare 0.04 list 0.63 cs 25.13 fence 0.25 ms, 1879 BOs
timing: #814 done at t 19.418 s, 33.9 ms after the sync and hints; device: prepare 0.06 list 0.57 cs 25.70 fence 0.75 ms, 1879 BOs
timing: #815 done at t 19.463 s, 32.6 ms after the sync and hints; device: prepare 0.04 list 0.48 cs 25.57 fence 0.99 ms, 1879 BOs
timing: #816 done at t 19.512 s, 34.9 ms after the sync and hints; device: prepare 0.07 list 0.56 cs 27.43 fence 0.14 ms, 1879 BOs
flip 1/1 buffer 0x5093f0000 +0x1fe0000: sum 0x17ea65194594 nonzero 8100/8160 pattern 0
timing: t 19.512 s flip 1/1, VideoOutSubmitFlip took 0.0 ms
timing: #817 done at t 19.724 s, 198.0 ms after the sync and hints; device: prepare 0.47 list 0.50 cs 129.33 fence 56.29 ms, 1879 BOs
timing: #818 done at t 19.744 s, 6.4 ms after the sync and hints; device: prepare 0.01 list 0.01 cs 0.04 fence 0.03 ms, 5 BOs (short list)
timing: #819 done at t 19.770 s, 12.7 ms after the sync and hints; device: prepare 0.03 list 0.02 cs 0.19 fence 0.04 ms, 9 BOs (short list)
timing: #820 done at t 19.794 s, 8.5 ms after the sync and hints; device: prepare 0.01 list 0.02 cs 0.05 fence 0.03 ms, 5 BOs (short list)
timing: #821 done at t 19.809 s, 1.6 ms after the sync and hints; device: prepare 0.03 list 0.02 cs 0.06 fence 0.02 ms, 6 BOs (short list)
timing: #822 done at t 19.826 s, 3.4 ms after the sync and hints; device: prepare 0.01 list 0.02 cs 0.04 fence 0.03 ms, 5 BOs (short list)
timing: #823 done at t 19.852 s, 12.4 ms after the sync and hints; device: prepare 0.06 list 0.02 cs 0.07 fence 0.05 ms, 6 BOs (short list)
timing: #824 done at t 19.897 s, 30.7 ms after the sync and hints; device: prepare 0.09 list 0.54 cs 25.95 fence 0.46 ms, 1900 BOs
timing: #825 done at t 19.944 s, 33.6 ms after the sync and hints; device: prepare 0.04 list 0.52 cs 28.22 fence 0.01 ms, 1902 BOs
timing: #826 done at t 19.969 s, 10.5 ms after the sync and hints; device: prepare 0.01 list 0.01 cs 0.03 fence 0.02 ms, 5 BOs (short list)
timing: #827 done at t 20.018 s, 36.1 ms after the sync and hints; device: prepare 0.04 list 0.49 cs 25.95 fence 0.28 ms, 1907 BOs
timing: #828 done at t 20.070 s, 37.3 ms after the sync and hints; device: prepare 0.06 list 0.53 cs 28.18 fence 0.75 ms, 1911 BOs
timing: #829 done at t 20.117 s, 34.0 ms after the sync and hints; device: prepare 0.17 list 0.50 cs 25.70 fence 1.44 ms, 1913 BOs
timing: #830 done at t 20.165 s, 35.0 ms after the sync and hints; device: prepare 0.09 list 0.63 cs 31.15 fence 0.13 ms, 1915 BOs
flip 1/0 buffer 0x507410000 +0x1fe0000: sum 0x17ea65194594 nonzero 8100/8160 pattern 0
timing: t 20.166 s flip 1/0, VideoOutSubmitFlip took 0.0 ms
timing: #831 done at t 20.235 s, 53.5 ms after the sync and hints; device: prepare 0.27 list 0.54 cs 27.26 fence 6.13 ms, 1918 BOs
timing: #832 done at t 20.258 s, 9.2 ms after the sync and hints; device: prepare 0.01 list 0.01 cs 0.04 fence 0.02 ms, 5 BOs (short list)
timing: #833 done at t 20.273 s, 1.2 ms after the sync and hints; device: prepare 0.01 list 0.01 cs 0.10 fence 0.02 ms, 9 BOs (short list)
timing: #834 done at t 20.291 s, 3.9 ms after the sync and hints; device: prepare 0.01 list 0.02 cs 0.04 fence 0.02 ms, 5 BOs (short list)
timing: #835 done at t 20.316 s, 11.4 ms after the sync and hints; device: prepare 0.08 list 0.02 cs 0.09 fence 0.04 ms, 6 BOs (short list)
timing: #836 done at t 20.338 s, 7.4 ms after the sync and hints; device: prepare 0.01 list 0.02 cs 0.04 fence 0.03 ms, 5 BOs (short list)
timing: #837 done at t 20.359 s, 6.1 ms after the sync and hints; device: prepare 0.03 list 0.02 cs 0.06 fence 0.04 ms, 6 BOs (short list)
timing: #838 done at t 20.407 s, 34.3 ms after the sync and hints; device: prepare 0.09 list 0.53 cs 26.67 fence 0.45 ms, 1947 BOs
timing: #839 done at t 20.458 s, 35.1 ms after the sync and hints; device: prepare 0.04 list 0.57 cs 29.52 fence 0.01 ms, 1951 BOs
timing: #840 done at t 20.479 s, 8.0 ms after the sync and hints; device: prepare 0.01 list 0.02 cs 0.05 fence 0.03 ms, 5 BOs (short list)
timing: #841 done at t 20.620 s, 127.6 ms after the sync and hints; device: prepare 0.04 list 0.58 cs 105.34 fence 15.72 ms, 1956 BOs
timing: #842 done at t 20.675 s, 35.3 ms after the sync and hints; device: prepare 0.06 list 0.54 cs 27.52 fence 0.74 ms, 1962 BOs
timing: #843 done at t 20.721 s, 31.3 ms after the sync and hints; device: prepare 0.06 list 0.51 cs 26.39 fence 1.46 ms, 1965 BOs
timing: #844 done at t 20.773 s, 39.0 ms after the sync and hints; device: prepare 0.14 list 0.57 cs 27.60 fence 0.13 ms, 1969 BOs
flip 1/1 buffer 0x5093f0000 +0x1fe0000: sum 0x17ea65194594 nonzero 8100/8160 pattern 0
timing: t 20.774 s flip 1/1, VideoOutSubmitFlip took 0.0 ms
timing: #845 done at t 20.836 s, 48.2 ms after the sync and hints; device: prepare 0.29 list 0.60 cs 29.09 fence 6.11 ms, 1970 BOs
timing: #846 done at t 20.852 s, 1.2 ms after the sync and hints; device: prepare 0.00 list 0.01 cs 0.03 fence 0.02 ms, 5 BOs (short list)
timing: #847 done at t 20.867 s, 1.1 ms after the sync and hints; device: prepare 0.01 list 0.01 cs 0.09 fence 0.02 ms, 9 BOs (short list)
timing: #848 done at t 20.887 s, 5.4 ms after the sync and hints; device: prepare 0.01 list 0.02 cs 0.04 fence 0.02 ms, 5 BOs (short list)
timing: #849 done at t 20.908 s, 4.4 ms after the sync and hints; device: prepare 0.03 list 0.02 cs 0.06 fence 0.02 ms, 6 BOs (short list)
timing: #850 done at t 20.926 s, 4.3 ms after the sync and hints; device: prepare 0.01 list 0.02 cs 0.03 fence 0.02 ms, 5 BOs (short list)
timing: #851 done at t 20.945 s, 5.8 ms after the sync and hints; device: prepare 0.03 list 0.01 cs 0.06 fence 0.04 ms, 6 BOs (short list)
timing: #852 done at t 20.992 s, 33.7 ms after the sync and hints; device: prepare 0.08 list 0.53 cs 26.54 fence 0.44 ms, 1991 BOs
timing: #853 done at t 21.038 s, 33.0 ms after the sync and hints; device: prepare 0.04 list 0.53 cs 26.44 fence 0.01 ms, 1991 BOs
timing: #854 done at t 21.056 s, 5.0 ms after the sync and hints; device: prepare 0.00 list 0.01 cs 0.04 fence 0.03 ms, 5 BOs (short list)
timing: #855 done at t 21.102 s, 32.7 ms after the sync and hints; device: prepare 0.02 list 0.53 cs 26.74 fence 0.28 ms, 1991 BOs
timing: #856 done at t 21.148 s, 33.7 ms after the sync and hints; device: prepare 0.05 list 0.54 cs 26.82 fence 0.74 ms, 1991 BOs
timing: #857 done at t 21.196 s, 34.8 ms after the sync and hints; device: prepare 0.11 list 0.53 cs 26.83 fence 1.42 ms, 1991 BOs
timing: #858 done at t 21.240 s, 30.7 ms after the sync and hints; device: prepare 0.06 list 0.52 cs 26.53 fence 0.14 ms, 1991 BOs
flip 1/0 buffer 0x507410000 +0x1fe0000: sum 0x17ea65194594 nonzero 8100/8160 pattern 0
timing: t 21.241 s flip 1/0, VideoOutSubmitFlip took 0.0 ms
timing: #859 done at t 21.302 s, 47.0 ms after the sync and hints; device: prepare 0.30 list 0.57 cs 27.01 fence 6.14 ms, 1991 BOs
timing: #860 done at t 21.319 s, 3.8 ms after the sync and hints; device: prepare 0.01 list 0.02 cs 0.03 fence 0.03 ms, 5 BOs (short list)
timing: #861 done at t 21.338 s, 6.1 ms after the sync and hints; device: prepare 0.03 list 0.02 cs 0.16 fence 0.03 ms, 9 BOs (short list)
timing: #862 done at t 21.358 s, 6.0 ms after the sync and hints; device: prepare 0.01 list 0.02 cs 0.04 fence 0.04 ms, 5 BOs (short list)
timing: #863 done at t 21.373 s, 2.1 ms after the sync and hints; device: prepare 0.03 list 0.01 cs 0.05 fence 0.02 ms, 6 BOs (short list)
timing: #864 done at t 21.392 s, 5.8 ms after the sync and hints; device: prepare 0.01 list 0.02 cs 0.05 fence 0.03 ms, 5 BOs (short list)
timing: #865 done at t 21.411 s, 6.1 ms after the sync and hints; device: prepare 0.07 list 0.02 cs 0.08 fence 0.04 ms, 6 BOs (short list)
timing: #866 done at t 21.459 s, 34.3 ms after the sync and hints; device: prepare 0.09 list 0.53 cs 27.02 fence 0.44 ms, 2001 BOs
timing: #867 done at t 21.477 s, 3.2 ms after the sync and hints; device: prepare 0.01 list 0.02 cs 0.04 fence 0.02 ms, 5 BOs (short list)
timing: #868 done at t 21.524 s, 33.9 ms after the sync and hints; device: prepare 0.03 list 0.52 cs 27.29 fence 0.01 ms, 2010 BOs
timing: #869 done at t 21.570 s, 29.9 ms after the sync and hints; device: prepare 0.03 list 0.54 cs 27.86 fence 0.33 ms, 2013 BOs
timing: #870 done at t 21.618 s, 32.9 ms after the sync and hints; device: prepare 0.06 list 0.52 cs 28.04 fence 0.73 ms, 2016 BOs
timing: #871 done at t 21.665 s, 32.9 ms after the sync and hints; device: prepare 0.07 list 0.53 cs 28.00 fence 1.42 ms, 2017 BOs
timing: #872 done at t 21.728 s, 48.9 ms after the sync and hints; device: prepare 0.07 list 0.52 cs 40.67 fence 0.14 ms, 2018 BOs
flip 1/1 buffer 0x5093f0000 +0x1fe0000: sum 0x17ea65194594 nonzero 8100/8160 pattern 0
timing: t 21.729 s flip 1/1, VideoOutSubmitFlip took 0.0 ms
timing: #873 done at t 21.801 s, 56.3 ms after the sync and hints; device: prepare 0.27 list 0.53 cs 35.28 fence 6.16 ms, 2020 BOs
timing: #874 done at t 21.820 s, 3.9 ms after the sync and hints; device: prepare 0.00 list 0.01 cs 0.03 fence 2.82 ms, 5 BOs (short list)
timing: #875 done at t 21.838 s, 3.5 ms after the sync and hints; device: prepare 0.02 list 0.02 cs 0.11 fence 0.03 ms, 9 BOs (short list)
timing: #876 done at t 21.857 s, 5.6 ms after the sync and hints; device: prepare 0.01 list 0.01 cs 0.03 fence 0.02 ms, 5 BOs (short list)
timing: #877 done at t 21.875 s, 5.0 ms after the sync and hints; device: prepare 0.04 list 0.02 cs 0.05 fence 0.03 ms, 6 BOs (short list)
timing: #878 done at t 21.890 s, 1.2 ms after the sync and hints; device: prepare 0.00 list 0.02 cs 0.04 fence 0.03 ms, 5 BOs (short list)
timing: #879 done at t 21.907 s, 4.7 ms after the sync and hints; device: prepare 0.03 list 0.02 cs 0.05 fence 0.04 ms, 6 BOs (short list)
timing: #880 done at t 21.956 s, 34.8 ms after the sync and hints; device: prepare 0.09 list 0.54 cs 28.35 fence 0.46 ms, 2023 BOs
timing: #881 done at t 22.002 s, 31.9 ms after the sync and hints; device: prepare 0.03 list 0.52 cs 28.91 fence 0.01 ms, 2024 BOs
timing: #882 done at t 22.027 s, 10.5 ms after the sync and hints; device: prepare 0.01 list 0.02 cs 0.04 fence 0.04 ms, 5 BOs (short list)
timing: #883 done at t 22.075 s, 35.3 ms after the sync and hints; device: prepare 0.03 list 0.57 cs 30.04 fence 0.27 ms, 2024 BOs
timing: #884 done at t 22.127 s, 37.9 ms after the sync and hints; device: prepare 0.06 list 0.54 cs 28.37 fence 0.73 ms, 2024 BOs
timing: #885 done at t 22.190 s, 50.2 ms after the sync and hints; device: prepare 0.10 list 0.66 cs 32.34 fence 1.44 ms, 2025 BOs
timing: #886 done at t 22.240 s, 36.3 ms after the sync and hints; device: prepare 0.06 list 0.52 cs 28.45 fence 0.14 ms, 2025 BOs
flip 1/0 buffer 0x507410000 +0x1fe0000: sum 0x17ea65194594 nonzero 8100/8160 pattern 0
timing: t 22.241 s flip 1/0, VideoOutSubmitFlip took 0.0 ms
timing: #887 done at t 22.306 s, 50.7 ms after the sync and hints; device: prepare 0.30 list 0.52 cs 28.74 fence 6.12 ms, 2026 BOs
timing: #888 done at t 22.326 s, 5.3 ms after the sync and hints; device: prepare 0.00 list 0.02 cs 0.04 fence 0.03 ms, 5 BOs (short list)
timing: #889 done at t 22.344 s, 5.7 ms after the sync and hints; device: prepare 0.02 list 0.02 cs 0.10 fence 0.04 ms, 9 BOs (short list)
timing: #890 done at t 22.364 s, 5.8 ms after the sync and hints; device: prepare 0.01 list 0.02 cs 0.04 fence 0.03 ms, 5 BOs (short list)
timing: #891 done at t 22.384 s, 6.8 ms after the sync and hints; device: prepare 0.09 list 0.03 cs 0.09 fence 0.04 ms, 6 BOs (short list)
timing: #892 done at t 22.403 s, 5.8 ms after the sync and hints; device: prepare 0.01 list 0.02 cs 0.05 fence 0.04 ms, 5 BOs (short list)
timing: #893 done at t 22.421 s, 4.9 ms after the sync and hints; device: prepare 0.03 list 0.02 cs 0.06 fence 0.04 ms, 6 BOs (short list)
timing: #894 done at t 22.469 s, 34.3 ms after the sync and hints; device: prepare 0.08 list 0.55 cs 28.50 fence 0.46 ms, 2026 BOs
timing: #895 done at t 22.513 s, 30.7 ms after the sync and hints; device: prepare 0.03 list 0.55 cs 28.41 fence 0.01 ms, 2026 BOs
timing: #896 done at t 22.531 s, 4.6 ms after the sync and hints; device: prepare 0.01 list 0.02 cs 0.04 fence 0.03 ms, 5 BOs (short list)
timing: #897 done at t 22.580 s, 35.1 ms after the sync and hints; device: prepare 0.02 list 0.55 cs 28.67 fence 0.31 ms, 2026 BOs
timing: #898 done at t 22.631 s, 38.0 ms after the sync and hints; device: prepare 0.05 list 0.55 cs 28.42 fence 0.74 ms, 2026 BOs
timing: #899 done at t 22.679 s, 34.8 ms after the sync and hints; device: prepare 0.07 list 0.54 cs 28.50 fence 1.43 ms, 2026 BOs
timing: #900 done at t 22.728 s, 35.4 ms after the sync and hints; device: prepare 0.06 list 0.54 cs 28.45 fence 0.14 ms, 2026 BOs
flip 1/1 buffer 0x5093f0000 +0x1fe0000: sum 0x17ea65194594 nonzero 8100/8160 pattern 0
timing: t 22.728 s flip 1/1, VideoOutSubmitFlip took 0.0 ms
timing: #901 done at t 22.791 s, 48.7 ms after the sync and hints; device: prepare 0.29 list 0.54 cs 28.39 fence 6.10 ms, 2026 BOs
timing: #902 done at t 22.807 s, 2.9 ms after the sync and hints; device: prepare 0.00 list 0.02 cs 0.04 fence 0.04 ms, 5 BOs (short list)
timing: #903 done at t 22.826 s, 6.0 ms after the sync and hints; device: prepare 0.02 list 0.02 cs 0.10 fence 0.05 ms, 9 BOs (short list)
timing: #904 done at t 22.845 s, 5.8 ms after the sync and hints; device: prepare 0.01 list 0.02 cs 0.05 fence 0.04 ms, 5 BOs (short list)
timing: #905 done at t 22.865 s, 6.2 ms after the sync and hints; device: prepare 0.03 list 0.02 cs 0.06 fence 0.03 ms, 6 BOs (short list)
timing: #906 done at t 22.884 s, 6.1 ms after the sync and hints; device: prepare 0.00 list 0.01 cs 0.03 fence 0.03 ms, 5 BOs (short list)
timing: #907 done at t 22.904 s, 6.2 ms after the sync and hints; device: prepare 0.06 list 0.02 cs 0.09 fence 0.06 ms, 6 BOs (short list)
timing: #908 done at t 22.952 s, 34.4 ms after the sync and hints; device: prepare 0.09 list 0.57 cs 28.22 fence 0.46 ms, 2026 BOs
timing: #909 done at t 22.969 s, 3.4 ms after the sync and hints; device: prepare 0.00 list 0.02 cs 0.04 fence 0.03 ms, 5 BOs (short list)
timing: #910 done at t 23.013 s, 30.5 ms after the sync and hints; device: prepare 0.04 list 0.54 cs 28.30 fence 0.01 ms, 2026 BOs
timing: #911 done at t 23.059 s, 32.7 ms after the sync and hints; device: prepare 0.02 list 0.49 cs 29.01 fence 0.32 ms, 2026 BOs
timing: #912 done at t 23.107 s, 33.4 ms after the sync and hints; device: prepare 0.06 list 0.56 cs 28.34 fence 0.73 ms, 2026 BOs
timing: #913 done at t 23.152 s, 32.1 ms after the sync and hints; device: prepare 0.07 list 0.53 cs 28.69 fence 1.42 ms, 2026 BOs
timing: #914 done at t 23.200 s, 34.9 ms after the sync and hints; device: prepare 0.06 list 0.55 cs 28.32 fence 0.14 ms, 2026 BOs
flip 1/0 buffer 0x507410000 +0x1fe0000: sum 0x17ea65194594 nonzero 8100/8160 pattern 0
timing: t 23.201 s flip 1/0, VideoOutSubmitFlip took 0.0 ms
timing: #915 done at t 23.259 s, 44.1 ms after the sync and hints; device: prepare 0.26 list 0.54 cs 28.32 fence 6.13 ms, 2026 BOs
timing: #916 done at t 23.279 s, 5.9 ms after the sync and hints; device: prepare 0.01 list 0.02 cs 0.05 fence 0.04 ms, 5 BOs (short list)
timing: #917 done at t 23.294 s, 1.3 ms after the sync and hints; device: prepare 0.01 list 0.02 cs 0.10 fence 0.03 ms, 9 BOs (short list)
timing: #918 done at t 23.313 s, 5.9 ms after the sync and hints; device: prepare 0.01 list 0.02 cs 0.04 fence 0.03 ms, 5 BOs (short list)
timing: #919 done at t 23.332 s, 6.3 ms after the sync and hints; device: prepare 0.08 list 0.02 cs 0.08 fence 0.04 ms, 6 BOs (short list)
timing: #920 done at t 23.347 s, 1.2 ms after the sync and hints; device: prepare 0.00 list 0.02 cs 0.04 fence 0.03 ms, 5 BOs (short list)
timing: #921 done at t 23.366 s, 5.7 ms after the sync and hints; device: prepare 0.03 list 0.02 cs 0.05 fence 0.04 ms, 6 BOs (short list)
timing: #922 done at t 23.414 s, 35.1 ms after the sync and hints; device: prepare 0.08 list 0.55 cs 28.69 fence 0.45 ms, 2026 BOs
timing: #923 done at t 23.459 s, 31.2 ms after the sync and hints; device: prepare 0.03 list 0.55 cs 28.26 fence 0.01 ms, 2026 BOs
timing: #924 done at t 23.474 s, 1.5 ms after the sync and hints; device: prepare 0.00 list 0.02 cs 0.04 fence 0.03 ms, 5 BOs (short list)
timing: #925 done at t 23.522 s, 35.1 ms after the sync and hints; device: prepare 0.04 list 0.64 cs 28.31 fence 0.32 ms, 2026 BOs
timing: #926 done at t 23.570 s, 34.1 ms after the sync and hints; device: prepare 0.05 list 0.55 cs 28.57 fence 0.73 ms, 2026 BOs
timing: #927 done at t 23.618 s, 34.7 ms after the sync and hints; device: prepare 0.07 list 0.53 cs 28.39 fence 1.42 ms, 2026 BOs
timing: #928 done at t 23.664 s, 33.1 ms after the sync and hints; device: prepare 0.06 list 0.55 cs 28.48 fence 0.13 ms, 2026 BOs
flip 1/1 buffer 0x5093f0000 +0x1fe0000: sum 0x17ea65194594 nonzero 8100/8160 pattern 0
timing: t 23.665 s flip 1/1, VideoOutSubmitFlip took 0.0 ms
timing: #929 done at t 23.724 s, 44.7 ms after the sync and hints; device: prepare 0.28 list 0.55 cs 28.39 fence 6.11 ms, 2026 BOs
timing: #930 done at t 23.741 s, 4.6 ms after the sync and hints; device: prepare 0.01 list 0.02 cs 0.04 fence 0.03 ms, 5 BOs (short list)
timing: #931 done at t 23.756 s, 1.3 ms after the sync and hints; device: prepare 0.01 list 0.01 cs 0.11 fence 0.03 ms, 9 BOs (short list)
timing: #932 done at t 23.775 s, 5.9 ms after the sync and hints; device: prepare 0.01 list 0.02 cs 0.05 fence 0.04 ms, 5 BOs (short list)
timing: #933 done at t 23.794 s, 6.1 ms after the sync and hints; device: prepare 0.03 list 0.01 cs 0.05 fence 0.04 ms, 6 BOs (short list)
timing: #934 done at t 23.813 s, 5.6 ms after the sync and hints; device: prepare 0.01 list 0.02 cs 0.04 fence 0.03 ms, 5 BOs (short list)
timing: #935 done at t 23.828 s, 1.6 ms after the sync and hints; device: prepare 0.03 list 0.02 cs 0.05 fence 0.05 ms, 6 BOs (short list)
timing: #936 done at t 23.877 s, 34.9 ms after the sync and hints; device: prepare 0.08 list 0.55 cs 28.29 fence 0.47 ms, 2026 BOs
timing: #937 done at t 23.926 s, 35.5 ms after the sync and hints; device: prepare 0.07 list 0.71 cs 28.57 fence 0.01 ms, 2026 BOs
timing: #938 done at t 23.943 s, 4.4 ms after the sync and hints; device: prepare 0.00 list 0.01 cs 0.04 fence 0.02 ms, 5 BOs (short list)
timing: #939 done at t 23.992 s, 35.0 ms after the sync and hints; device: prepare 0.02 list 0.53 cs 28.32 fence 0.31 ms, 2026 BOs
timing: #940 done at t 24.039 s, 34.0 ms after the sync and hints; device: prepare 0.05 list 0.55 cs 28.77 fence 0.75 ms, 2026 BOs
timing: #941 done at t 24.089 s, 36.0 ms after the sync and hints; device: prepare 0.07 list 0.53 cs 28.22 fence 1.41 ms, 2026 BOs
timing: #942 done at t 24.137 s, 35.0 ms after the sync and hints; device: prepare 0.06 list 0.55 cs 28.30 fence 0.15 ms, 2026 BOs
flip 1/0 buffer 0x507410000 +0x1fe0000: sum 0x17ea65194594 nonzero 8100/8160 pattern 0
timing: t 24.138 s flip 1/0, VideoOutSubmitFlip took 0.0 ms
timing: #943 done at t 24.198 s, 45.7 ms after the sync and hints; device: prepare 0.28 list 0.54 cs 28.41 fence 6.10 ms, 2026 BOs
timing: #944 done at t 24.214 s, 2.8 ms after the sync and hints; device: prepare 0.00 list 0.02 cs 0.03 fence 0.03 ms, 5 BOs (short list)
timing: #945 done at t 24.229 s, 1.4 ms after the sync and hints; device: prepare 0.01 list 0.02 cs 0.10 fence 0.03 ms, 9 BOs (short list)
timing: #946 done at t 24.248 s, 6.0 ms after the sync and hints; device: prepare 0.01 list 0.02 cs 0.05 fence 0.04 ms, 5 BOs (short list)
timing: #947 done at t 24.268 s, 6.2 ms after the sync and hints; device: prepare 0.03 list 0.02 cs 0.05 fence 0.03 ms, 6 BOs (short list)
timing: #948 done at t 24.282 s, 1.2 ms after the sync and hints; device: prepare 0.00 list 0.02 cs 0.04 fence 0.03 ms, 5 BOs (short list)
timing: #949 done at t 24.300 s, 5.2 ms after the sync and hints; device: prepare 0.03 list 0.01 cs 0.05 fence 0.04 ms, 6 BOs (short list)
timing: #950 done at t 24.349 s, 35.6 ms after the sync and hints; device: prepare 0.09 list 0.57 cs 28.46 fence 0.46 ms, 2026 BOs
timing: #951 done at t 24.396 s, 32.9 ms after the sync and hints; device: prepare 0.03 list 0.54 cs 28.84 fence 0.01 ms, 2026 BOs
timing: #952 done at t 24.410 s, 1.2 ms after the sync and hints; device: prepare 0.01 list 0.02 cs 0.04 fence 0.03 ms, 5 BOs (short list)
timing: #953 done at t 24.453 s, 30.2 ms after the sync and hints; device: prepare 0.02 list 0.52 cs 28.21 fence 0.30 ms, 2026 BOs
timing: #954 done at t 24.500 s, 33.4 ms after the sync and hints; device: prepare 0.05 list 0.54 cs 28.29 fence 0.75 ms, 2026 BOs
timing: #955 done at t 24.545 s, 31.7 ms after the sync and hints; device: prepare 0.06 list 0.53 cs 28.47 fence 1.43 ms, 2026 BOs
timing: #956 done at t 24.590 s, 31.9 ms after the sync and hints; device: prepare 0.06 list 0.54 cs 28.25 fence 0.15 ms, 2026 BOs
flip 1/1 buffer 0x5093f0000 +0x1fe0000: sum 0x17ea65194594 nonzero 8100/8160 pattern 0
timing: t 24.591 s flip 1/1, VideoOutSubmitFlip took 0.0 ms
timing: #957 done at t 24.649 s, 44.0 ms after the sync and hints; device: prepare 0.26 list 0.55 cs 28.29 fence 6.11 ms, 2026 BOs
timing: #958 done at t 24.664 s, 1.2 ms after the sync and hints; device: prepare 0.00 list 0.01 cs 0.04 fence 0.03 ms, 5 BOs (short list)
timing: #959 done at t 24.679 s, 1.3 ms after the sync and hints; device: prepare 0.02 list 0.02 cs 0.10 fence 0.03 ms, 9 BOs (short list)
timing: #960 done at t 24.693 s, 1.2 ms after the sync and hints; device: prepare 0.00 list 0.02 cs 0.04 fence 0.04 ms, 5 BOs (short list)
timing: #961 done at t 24.708 s, 1.6 ms after the sync and hints; device: prepare 0.03 list 0.02 cs 0.05 fence 0.04 ms, 6 BOs (short list)
timing: #962 done at t 24.723 s, 1.2 ms after the sync and hints; device: prepare 0.00 list 0.02 cs 0.04 fence 0.04 ms, 5 BOs (short list)
timing: #963 done at t 24.737 s, 1.5 ms after the sync and hints; device: prepare 0.03 list 0.02 cs 0.05 fence 0.06 ms, 6 BOs (short list)
timing: #964 done at t 24.784 s, 33.5 ms after the sync and hints; device: prepare 0.08 list 0.55 cs 28.88 fence 0.45 ms, 2026 BOs
timing: #965 done at t 24.829 s, 31.0 ms after the sync and hints; device: prepare 0.03 list 0.58 cs 28.77 fence 0.01 ms, 2026 BOs
timing: #966 done at t 24.844 s, 1.2 ms after the sync and hints; device: prepare 0.00 list 0.01 cs 0.04 fence 0.03 ms, 5 BOs (short list)
timing: #967 done at t 24.888 s, 30.7 ms after the sync and hints; device: prepare 0.02 list 0.52 cs 28.62 fence 0.31 ms, 2026 BOs
timing: #968 done at t 24.935 s, 33.5 ms after the sync and hints; device: prepare 0.06 list 0.57 cs 28.39 fence 0.75 ms, 2026 BOs
timing: #969 done at t 24.980 s, 31.9 ms after the sync and hints; device: prepare 0.07 list 0.50 cs 28.59 fence 1.44 ms, 2026 BOs
timing: #970 done at t 25.027 s, 32.3 ms after the sync and hints; device: prepare 0.06 list 0.55 cs 28.63 fence 0.16 ms, 2026 BOs
flip 1/0 buffer 0x507410000 +0x1fe0000: sum 0x17ed8c6317fc nonzero 8100/8160 pattern 0
timing: t 25.027 s flip 1/0, VideoOutSubmitFlip took 0.0 ms
timing: #971 done at t 25.086 s, 44.6 ms after the sync and hints; device: prepare 0.29 list 0.57 cs 28.29 fence 6.16 ms, 2026 BOs
timing: #972 done at t 25.101 s, 1.2 ms after the sync and hints; device: prepare 0.00 list 0.02 cs 0.04 fence 0.03 ms, 5 BOs (short list)
timing: #973 done at t 25.115 s, 1.4 ms after the sync and hints; device: prepare 0.02 list 0.02 cs 0.11 fence 0.03 ms, 9 BOs (short list)
timing: #974 done at t 25.130 s, 1.2 ms after the sync and hints; device: prepare 0.00 list 0.02 cs 0.04 fence 0.04 ms, 5 BOs (short list)
timing: #975 done at t 25.145 s, 1.6 ms after the sync and hints; device: prepare 0.03 list 0.02 cs 0.05 fence 0.04 ms, 6 BOs (short list)
timing: #976 done at t 25.159 s, 1.2 ms after the sync and hints; device: prepare 0.00 list 0.02 cs 0.04 fence 0.04 ms, 5 BOs (short list)
timing: #977 done at t 25.174 s, 1.6 ms after the sync and hints; device: prepare 0.03 list 0.02 cs 0.06 fence 0.05 ms, 6 BOs (short list)
timing: #978 done at t 25.220 s, 32.9 ms after the sync and hints; device: prepare 0.09 list 0.53 cs 28.28 fence 0.46 ms, 2026 BOs
timing: #979 done at t 25.264 s, 30.5 ms after the sync and hints; device: prepare 0.03 list 0.54 cs 28.35 fence 0.01 ms, 2026 BOs
timing: #980 done at t 25.279 s, 1.1 ms after the sync and hints; device: prepare 0.00 list 0.02 cs 0.04 fence 0.02 ms, 5 BOs (short list)
timing: #981 done at t 25.323 s, 31.0 ms after the sync and hints; device: prepare 0.02 list 0.52 cs 28.99 fence 0.31 ms, 2026 BOs
timing: #982 done at t 25.370 s, 33.4 ms after the sync and hints; device: prepare 0.05 list 0.55 cs 28.28 fence 0.75 ms, 2026 BOs
timing: #983 done at t 25.415 s, 32.4 ms after the sync and hints; device: prepare 0.07 list 0.53 cs 29.06 fence 1.42 ms, 2026 BOs
timing: #984 done at t 25.461 s, 31.9 ms after the sync and hints; device: prepare 0.06 list 0.54 cs 28.35 fence 0.12 ms, 2026 BOs
flip 1/1 buffer 0x5093f0000 +0x1fe0000: sum 0x17ef0df37c0f nonzero 8100/8160 pattern 0
timing: t 25.462 s flip 1/1, VideoOutSubmitFlip took 0.0 ms
timing: #985 done at t 25.520 s, 44.2 ms after the sync and hints; device: prepare 0.29 list 0.57 cs 28.28 fence 6.15 ms, 2026 BOs
timing: #986 done at t 25.535 s, 1.2 ms after the sync and hints; device: prepare 0.00 list 0.02 cs 0.04 fence 0.03 ms, 5 BOs (short list)
timing: #987 done at t 25.549 s, 1.2 ms after the sync and hints; device: prepare 0.01 list 0.01 cs 0.10 fence 0.03 ms, 9 BOs (short list)
timing: #988 done at t 25.564 s, 1.2 ms after the sync and hints; device: prepare 0.00 list 0.02 cs 0.04 fence 0.03 ms, 5 BOs (short list)
timing: #989 done at t 25.579 s, 1.6 ms after the sync and hints; device: prepare 0.03 list 0.02 cs 0.05 fence 0.03 ms, 6 BOs (short list)
timing: #990 done at t 25.593 s, 1.2 ms after the sync and hints; device: prepare 0.00 list 0.02 cs 0.04 fence 0.04 ms, 5 BOs (short list)
timing: #991 done at t 25.608 s, 1.5 ms after the sync and hints; device: prepare 0.03 list 0.02 cs 0.05 fence 0.06 ms, 6 BOs (short list)
timing: #992 done at t 25.655 s, 33.5 ms after the sync and hints; device: prepare 0.08 list 0.55 cs 28.97 fence 0.45 ms, 2027 BOs
timing: #993 done at t 25.700 s, 30.8 ms after the sync and hints; device: prepare 0.03 list 0.54 cs 28.57 fence 0.01 ms, 2027 BOs
timing: #994 done at t 25.715 s, 1.2 ms after the sync and hints; device: prepare 0.00 list 0.02 cs 0.04 fence 0.03 ms, 5 BOs (short list)
timing: #995 done at t 25.758 s, 30.3 ms after the sync and hints; device: prepare 0.02 list 0.53 cs 28.24 fence 0.33 ms, 2027 BOs
timing: #996 done at t 25.806 s, 33.8 ms after the sync and hints; device: prepare 0.05 list 0.54 cs 28.60 fence 0.75 ms, 2027 BOs
timing: #997 done at t 25.851 s, 31.6 ms after the sync and hints; device: prepare 0.07 list 0.53 cs 28.26 fence 1.43 ms, 2027 BOs
timing: #998 done at t 25.897 s, 32.4 ms after the sync and hints; device: prepare 0.06 list 0.55 cs 28.62 fence 0.15 ms, 2027 BOs
flip 1/0 buffer 0x507410000 +0x1fe0000: sum 0x17f0361d868d nonzero 8100/8160 pattern 0
timing: t 25.897 s flip 1/0, VideoOutSubmitFlip took 0.0 ms
timing: #999 done at t 25.956 s, 45.2 ms after the sync and hints; device: prepare 0.27 list 0.54 cs 28.58 fence 6.13 ms, 2027 BOs
timing: #1000 done at t 25.971 s, 1.2 ms after the sync and hints; device: prepare 0.00 list 0.02 cs 0.04 fence 0.03 ms, 5 BOs (short list)
timing: #1001 done at t 25.986 s, 1.3 ms after the sync and hints; device: prepare 0.01 list 0.02 cs 0.11 fence 0.02 ms, 9 BOs (short list)
timing: #1002 done at t 26.001 s, 1.2 ms after the sync and hints; device: prepare 0.00 list 0.02 cs 0.04 fence 0.04 ms, 5 BOs (short list)
timing: #1003 done at t 26.016 s, 1.6 ms after the sync and hints; device: prepare 0.03 list 0.02 cs 0.06 fence 0.04 ms, 6 BOs (short list)
timing: #1004 done at t 26.030 s, 1.2 ms after the sync and hints; device: prepare 0.00 list 0.02 cs 0.04 fence 0.03 ms, 5 BOs (short list)
timing: #1005 done at t 26.045 s, 1.5 ms after the sync and hints; device: prepare 0.03 list 0.02 cs 0.05 fence 0.04 ms, 6 BOs (short list)
timing: #1006 done at t 26.091 s, 33.0 ms after the sync and hints; device: prepare 0.08 list 0.55 cs 28.38 fence 0.44 ms, 2027 BOs
timing: #1007 done at t 26.135 s, 30.5 ms after the sync and hints; device: prepare 0.03 list 0.56 cs 28.19 fence 0.01 ms, 2027 BOs
timing: #1008 done at t 26.151 s, 1.3 ms after the sync and hints; device: prepare 0.00 list 0.02 cs 0.04 fence 0.03 ms, 5 BOs (short list)
timing: #1009 done at t 26.194 s, 30.7 ms after the sync and hints; device: prepare 0.02 list 0.54 cs 28.68 fence 0.31 ms, 2027 BOs
timing: #1010 done at t 26.242 s, 33.5 ms after the sync and hints; device: prepare 0.05 list 0.54 cs 28.37 fence 0.74 ms, 2027 BOs
timing: #1011 done at t 26.287 s, 32.1 ms after the sync and hints; device: prepare 0.07 list 0.54 cs 28.58 fence 1.44 ms, 2027 BOs
timing: #1012 done at t 26.332 s, 32.0 ms after the sync and hints; device: prepare 0.06 list 0.56 cs 28.33 fence 0.14 ms, 2027 BOs
flip 1/1 buffer 0x5093f0000 +0x1fe0000: sum 0x17f1312c4a3a nonzero 8100/8160 pattern 0
timing: t 26.333 s flip 1/1, VideoOutSubmitFlip took 0.0 ms
timing: #1013 done at t 26.393 s, 45.4 ms after the sync and hints; device: prepare 0.29 list 0.52 cs 28.69 fence 6.12 ms, 2027 BOs
timing: #1014 done at t 26.407 s, 1.2 ms after the sync and hints; device: prepare 0.01 list 0.02 cs 0.04 fence 0.03 ms, 5 BOs (short list)
timing: #1015 done at t 26.422 s, 1.3 ms after the sync and hints; device: prepare 0.01 list 0.02 cs 0.10 fence 0.03 ms, 9 BOs (short list)
timing: #1016 done at t 26.437 s, 1.2 ms after the sync and hints; device: prepare 0.00 list 0.02 cs 0.04 fence 0.03 ms, 5 BOs (short list)
timing: #1017 done at t 26.452 s, 1.6 ms after the sync and hints; device: prepare 0.03 list 0.01 cs 0.05 fence 0.03 ms, 6 BOs (short list)
timing: #1018 done at t 26.466 s, 1.2 ms after the sync and hints; device: prepare 0.00 list 0.01 cs 0.04 fence 0.03 ms, 5 BOs (short list)
timing: #1019 done at t 26.481 s, 1.6 ms after the sync and hints; device: prepare 0.04 list 0.02 cs 0.06 fence 0.04 ms, 6 BOs (short list)
timing: #1020 done at t 26.527 s, 33.3 ms after the sync and hints; device: prepare 0.09 list 0.53 cs 28.66 fence 0.46 ms, 2027 BOs
timing: #1021 done at t 26.572 s, 30.8 ms after the sync and hints; device: prepare 0.04 list 0.52 cs 28.63 fence 0.01 ms, 2027 BOs
timing: #1022 done at t 26.586 s, 1.3 ms after the sync and hints; device: prepare 0.01 list 0.02 cs 0.05 fence 0.03 ms, 5 BOs (short list)
timing: #1023 done at t 26.630 s, 30.6 ms after the sync and hints; device: prepare 0.02 list 0.53 cs 28.58 fence 0.26 ms, 2027 BOs
timing: #1024 done at t 26.677 s, 33.9 ms after the sync and hints; device: prepare 0.05 list 0.54 cs 28.71 fence 0.74 ms, 2027 BOs
timing: #1025 done at t 26.722 s, 32.1 ms after the sync and hints; device: prepare 0.07 list 0.52 cs 28.77 fence 1.43 ms, 2027 BOs
timing: #1026 done at t 26.769 s, 32.9 ms after the sync and hints; device: prepare 0.06 list 0.53 cs 29.27 fence 0.13 ms, 2027 BOs
flip 1/0 buffer 0x507410000 +0x1fe0000: sum 0x17f20ef3bc13 nonzero 8100/8160 pattern 0
timing: t 26.770 s flip 1/0, VideoOutSubmitFlip took 0.0 ms
timing: #1027 done at t 26.830 s, 45.3 ms after the sync and hints; device: prepare 0.29 list 0.61 cs 29.31 fence 6.14 ms, 2027 BOs
timing: #1028 done at t 26.844 s, 1.2 ms after the sync and hints; device: prepare 0.00 list 0.01 cs 0.04 fence 0.03 ms, 5 BOs (short list)
timing: #1029 done at t 26.859 s, 1.3 ms after the sync and hints; device: prepare 0.02 list 0.02 cs 0.10 fence 0.03 ms, 9 BOs (short list)
timing: #1030 done at t 26.873 s, 1.2 ms after the sync and hints; device: prepare 0.00 list 0.02 cs 0.04 fence 0.04 ms, 5 BOs (short list)
timing: #1031 done at t 26.888 s, 1.6 ms after the sync and hints; device: prepare 0.04 list 0.02 cs 0.06 fence 0.03 ms, 6 BOs (short list)
timing: #1032 done at t 26.902 s, 1.2 ms after the sync and hints; device: prepare 0.00 list 0.02 cs 0.04 fence 0.03 ms, 5 BOs (short list)
timing: #1033 done at t 26.917 s, 1.6 ms after the sync and hints; device: prepare 0.03 list 0.02 cs 0.06 fence 0.05 ms, 6 BOs (short list)
timing: #1034 done at t 26.963 s, 33.0 ms after the sync and hints; device: prepare 0.09 list 0.55 cs 28.38 fence 0.47 ms, 2027 BOs
timing: #1035 done at t 26.978 s, 1.2 ms after the sync and hints; device: prepare 0.00 list 0.02 cs 0.04 fence 0.04 ms, 5 BOs (short list)
timing: #1036 done at t 27.022 s, 30.5 ms after the sync and hints; device: prepare 0.03 list 0.55 cs 28.20 fence 0.01 ms, 2027 BOs
timing: #1037 done at t 27.065 s, 30.3 ms after the sync and hints; device: prepare 0.02 list 0.54 cs 28.28 fence 0.29 ms, 2027 BOs
timing: #1038 done at t 27.113 s, 33.4 ms after the sync and hints; device: prepare 0.05 list 0.55 cs 28.36 fence 0.75 ms, 2027 BOs
timing: #1039 done at t 27.157 s, 31.4 ms after the sync and hints; device: prepare 0.06 list 0.54 cs 28.15 fence 1.44 ms, 2027 BOs
timing: #1040 done at t 27.203 s, 32.0 ms after the sync and hints; device: prepare 0.06 list 0.55 cs 28.26 fence 0.15 ms, 2027 BOs
flip 1/1 buffer 0x5093f0000 +0x1fe0000: sum 0x17f2d6559486 nonzero 8100/8160 pattern 0
timing: t 27.204 s flip 1/1, VideoOutSubmitFlip took 0.0 ms
timing: #1041 done at t 27.262 s, 44.2 ms after the sync and hints; device: prepare 0.26 list 0.54 cs 28.28 fence 6.13 ms, 2027 BOs
timing: #1042 done at t 27.278 s, 1.3 ms after the sync and hints; device: prepare 0.01 list 0.02 cs 0.04 fence 0.05 ms, 5 BOs (short list)
timing: #1043 done at t 27.293 s, 1.3 ms after the sync and hints; device: prepare 0.01 list 0.02 cs 0.10 fence 0.04 ms, 9 BOs (short list)
timing: #1044 done at t 27.308 s, 1.2 ms after the sync and hints; device: prepare 0.00 list 0.02 cs 0.04 fence 0.03 ms, 5 BOs (short list)
timing: #1045 done at t 27.322 s, 1.6 ms after the sync and hints; device: prepare 0.03 list 0.02 cs 0.05 fence 0.04 ms, 6 BOs (short list)
timing: #1046 done at t 27.337 s, 1.2 ms after the sync and hints; device: prepare 0.00 list 0.02 cs 0.04 fence 0.03 ms, 5 BOs (short list)
timing: #1047 done at t 27.351 s, 1.7 ms after the sync and hints; device: prepare 0.03 list 0.02 cs 0.05 fence 0.05 ms, 6 BOs (short list)
timing: #1048 done at t 27.398 s, 33.3 ms after the sync and hints; device: prepare 0.08 list 0.54 cs 28.70 fence 0.45 ms, 2027 BOs
timing: #1049 done at t 27.443 s, 30.8 ms after the sync and hints; device: prepare 0.03 list 0.54 cs 28.60 fence 0.01 ms, 2027 BOs
timing: #1050 done at t 27.458 s, 1.2 ms after the sync and hints; device: prepare 0.00 list 0.02 cs 0.04 fence 0.02 ms, 5 BOs (short list)
timing: #1051 done at t 27.501 s, 30.5 ms after the sync and hints; device: prepare 0.02 list 0.55 cs 28.39 fence 0.35 ms, 2027 BOs
timing: #1052 done at t 27.548 s, 33.8 ms after the sync and hints; device: prepare 0.05 list 0.56 cs 28.79 fence 0.74 ms, 2027 BOs
timing: #1053 done at t 27.594 s, 32.1 ms after the sync and hints; device: prepare 0.07 list 0.55 cs 28.52 fence 1.43 ms, 2027 BOs
timing: #1054 done at t 27.640 s, 32.2 ms after the sync and hints; device: prepare 0.06 list 0.55 cs 28.53 fence 0.14 ms, 2027 BOs
flip 1/0 buffer 0x507410000 +0x1fe0000: sum 0x17f38e83a006 nonzero 8100/8160 pattern 0
timing: t 27.641 s flip 1/0, VideoOutSubmitFlip took 0.0 ms
timing: #1055 done at t 27.699 s, 44.5 ms after the sync and hints; device: prepare 0.30 list 0.58 cs 28.56 fence 6.14 ms, 2027 BOs
timing: #1056 done at t 27.714 s, 1.2 ms after the sync and hints; device: prepare 0.00 list 0.02 cs 0.04 fence 0.04 ms, 5 BOs (short list)
timing: #1057 done at t 27.728 s, 1.2 ms after the sync and hints; device: prepare 0.02 list 0.02 cs 0.10 fence 0.02 ms, 9 BOs (short list)
timing: #1058 done at t 27.743 s, 1.2 ms after the sync and hints; device: prepare 0.00 list 0.02 cs 0.04 fence 0.02 ms, 5 BOs (short list)
timing: #1059 done at t 27.758 s, 1.6 ms after the sync and hints; device: prepare 0.03 list 0.02 cs 0.05 fence 0.03 ms, 6 BOs (short list)
timing: #1060 done at t 27.772 s, 1.2 ms after the sync and hints; device: prepare 0.01 list 0.02 cs 0.04 fence 0.02 ms, 5 BOs (short list)
timing: #1061 done at t 27.787 s, 1.5 ms after the sync and hints; device: prepare 0.03 list 0.01 cs 0.05 fence 0.03 ms, 6 BOs (short list)
timing: #1062 done at t 27.833 s, 33.1 ms after the sync and hints; device: prepare 0.09 list 0.55 cs 28.53 fence 0.44 ms, 2028 BOs
timing: #1063 done at t 27.848 s, 1.2 ms after the sync and hints; device: prepare 0.00 list 0.02 cs 0.04 fence 0.03 ms, 5 BOs (short list)
timing: #1064 done at t 27.892 s, 30.3 ms after the sync and hints; device: prepare 0.03 list 0.54 cs 28.12 fence 0.01 ms, 2028 BOs
timing: #1065 done at t 27.935 s, 30.5 ms after the sync and hints; device: prepare 0.02 list 0.54 cs 28.46 fence 0.32 ms, 2028 BOs
timing: #1066 done at t 27.983 s, 33.6 ms after the sync and hints; device: prepare 0.05 list 0.55 cs 28.44 fence 0.74 ms, 2028 BOs
timing: #1067 done at t 28.028 s, 32.0 ms after the sync and hints; device: prepare 0.07 list 0.54 cs 28.56 fence 1.42 ms, 2028 BOs
timing: #1068 done at t 28.075 s, 32.2 ms after the sync and hints; device: prepare 0.06 list 0.54 cs 28.62 fence 0.11 ms, 2028 BOs
flip 1/1 buffer 0x5093f0000 +0x1fe0000: sum 0x17f4398e62b4 nonzero 8100/8160 pattern 0
timing: t 28.075 s flip 1/1, VideoOutSubmitFlip took 0.0 ms
timing: #1069 done at t 28.134 s, 45.1 ms after the sync and hints; device: prepare 0.31 list 0.54 cs 28.84 fence 6.10 ms, 2028 BOs
timing: #1070 done at t 28.149 s, 1.2 ms after the sync and hints; device: prepare 0.01 list 0.02 cs 0.04 fence 0.04 ms, 5 BOs (short list)
timing: #1071 done at t 28.164 s, 1.3 ms after the sync and hints; device: prepare 0.01 list 0.02 cs 0.11 fence 0.04 ms, 9 BOs (short list)
timing: #1072 done at t 28.178 s, 1.2 ms after the sync and hints; device: prepare 0.00 list 0.02 cs 0.04 fence 0.03 ms, 5 BOs (short list)
timing: #1073 done at t 28.193 s, 1.5 ms after the sync and hints; device: prepare 0.03 list 0.02 cs 0.05 fence 0.03 ms, 6 BOs (short list)
timing: #1074 done at t 28.208 s, 1.2 ms after the sync and hints; device: prepare 0.01 list 0.02 cs 0.04 fence 0.04 ms, 5 BOs (short list)
timing: #1075 done at t 28.223 s, 1.5 ms after the sync and hints; device: prepare 0.03 list 0.02 cs 0.05 fence 0.05 ms, 6 BOs (short list)
timing: #1076 done at t 28.269 s, 33.3 ms after the sync and hints; device: prepare 0.09 list 0.57 cs 28.78 fence 0.45 ms, 2028 BOs
timing: #1077 done at t 28.314 s, 30.4 ms after the sync and hints; device: prepare 0.03 list 0.54 cs 28.22 fence 0.01 ms, 2028 BOs
timing: #1078 done at t 28.329 s, 1.2 ms after the sync and hints; device: prepare 0.00 list 0.02 cs 0.04 fence 0.03 ms, 5 BOs (short list)
timing: #1079 done at t 28.372 s, 30.7 ms after the sync and hints; device: prepare 0.02 list 0.54 cs 28.63 fence 0.28 ms, 2028 BOs
timing: #1080 done at t 28.419 s, 33.5 ms after the sync and hints; device: prepare 0.06 list 0.53 cs 28.34 fence 0.72 ms, 2028 BOs
timing: #1081 done at t 28.464 s, 31.6 ms after the sync and hints; device: prepare 0.07 list 0.54 cs 28.25 fence 1.42 ms, 2028 BOs
timing: #1082 done at t 28.510 s, 32.0 ms after the sync and hints; device: prepare 0.06 list 0.54 cs 28.30 fence 0.13 ms, 2028 BOs
flip 1/0 buffer 0x507410000 +0x1fe0000: sum 0x17f4d9364cac nonzero 8100/8160 pattern 0
timing: t 28.510 s flip 1/0, VideoOutSubmitFlip took 0.0 ms
timing: #1083 done at t 28.569 s, 44.8 ms after the sync and hints; device: prepare 0.39 list 0.58 cs 28.51 fence 6.14 ms, 2028 BOs
timing: #1084 done at t 28.584 s, 1.2 ms after the sync and hints; device: prepare 0.00 list 0.02 cs 0.04 fence 0.03 ms, 5 BOs (short list)
timing: #1085 done at t 28.599 s, 1.3 ms after the sync and hints; device: prepare 0.01 list 0.02 cs 0.10 fence 0.04 ms, 9 BOs (short list)
timing: #1086 done at t 28.618 s, 1.3 ms after the sync and hints; device: prepare 0.01 list 0.02 cs 0.04 fence 0.06 ms, 5 BOs (short list)
timing: #1087 done at t 28.633 s, 1.7 ms after the sync and hints; device: prepare 0.05 list 0.02 cs 0.06 fence 0.02 ms, 6 BOs (short list)
timing: #1088 done at t 28.651 s, 1.3 ms after the sync and hints; device: prepare 0.01 list 0.01 cs 0.04 fence 0.02 ms, 5 BOs (short list)
timing: #1089 done at t 28.666 s, 1.6 ms after the sync and hints; device: prepare 0.03 list 0.02 cs 0.06 fence 0.05 ms, 6 BOs (short list)
timing: #1090 done at t 28.713 s, 33.7 ms after the sync and hints; device: prepare 0.09 list 0.54 cs 29.09 fence 0.45 ms, 2028 BOs
timing: #1091 done at t 28.763 s, 35.8 ms after the sync and hints; device: prepare 0.05 list 0.76 cs 33.31 fence 0.01 ms, 2028 BOs
timing: #1092 done at t 28.777 s, 1.2 ms after the sync and hints; device: prepare 0.00 list 0.02 cs 0.04 fence 0.03 ms, 5 BOs (short list)
timing: #1093 done at t 28.822 s, 30.9 ms after the sync and hints; device: prepare 0.02 list 0.54 cs 28.79 fence 0.29 ms, 2028 BOs
timing: #1094 done at t 28.871 s, 35.6 ms after the sync and hints; device: prepare 0.06 list 0.53 cs 30.27 fence 0.75 ms, 2028 BOs
timing: #1095 done at t 28.918 s, 34.1 ms after the sync and hints; device: prepare 0.07 list 0.55 cs 30.74 fence 1.39 ms, 2028 BOs
timing: #1096 done at t 28.965 s, 32.7 ms after the sync and hints; device: prepare 0.06 list 0.52 cs 29.08 fence 0.15 ms, 2028 BOs
flip 1/1 buffer 0x5093f0000 +0x1fe0000: sum 0x17f56f1bc608 nonzero 8100/8160 pattern 0
timing: t 28.966 s flip 1/1, VideoOutSubmitFlip took 0.0 ms
timing: #1097 done at t 29.029 s, 49.2 ms after the sync and hints; device: prepare 0.31 list 0.55 cs 33.06 fence 6.14 ms, 2028 BOs
timing: #1098 done at t 29.044 s, 0.9 ms after the sync and hints; device: prepare 0.00 list 0.02 cs 0.05 fence 0.03 ms, 5 BOs (short list)
timing: #1099 done at t 29.058 s, 1.0 ms after the sync and hints; device: prepare 0.01 list 0.02 cs 0.10 fence 0.03 ms, 9 BOs (short list)
timing: #1100 done at t 29.073 s, 1.0 ms after the sync and hints; device: prepare 0.00 list 0.02 cs 0.04 fence 0.02 ms, 5 BOs (short list)
timing: #1101 done at t 29.088 s, 1.3 ms after the sync and hints; device: prepare 0.03 list 0.02 cs 0.06 fence 0.03 ms, 6 BOs (short list)
timing: #1102 done at t 29.102 s, 0.9 ms after the sync and hints; device: prepare 0.00 list 0.02 cs 0.04 fence 0.02 ms, 5 BOs (short list)
timing: #1103 done at t 29.116 s, 1.2 ms after the sync and hints; device: prepare 0.03 list 0.02 cs 0.05 fence 0.04 ms, 6 BOs (short list)
timing: #1104 done at t 29.163 s, 33.4 ms after the sync and hints; device: prepare 0.09 list 0.54 cs 29.01 fence 0.45 ms, 2029 BOs
timing: #1105 done at t 29.178 s, 0.9 ms after the sync and hints; device: prepare 0.00 list 0.02 cs 0.06 fence 0.03 ms, 5 BOs (short list)
timing: #1106 done at t 29.221 s, 30.2 ms after the sync and hints; device: prepare 0.03 list 0.53 cs 28.33 fence 0.01 ms, 2029 BOs
timing: #1107 done at t 29.265 s, 30.5 ms after the sync and hints; device: prepare 0.02 list 0.55 cs 28.73 fence 0.30 ms, 2029 BOs
timing: #1108 done at t 29.312 s, 33.1 ms after the sync and hints; device: prepare 0.05 list 0.54 cs 28.22 fence 0.75 ms, 2029 BOs
timing: #1109 done at t 29.357 s, 31.8 ms after the sync and hints; device: prepare 0.06 list 0.56 cs 28.77 fence 1.43 ms, 2029 BOs
timing: #1110 done at t 29.403 s, 31.8 ms after the sync and hints; device: prepare 0.06 list 0.53 cs 28.40 fence 0.15 ms, 2029 BOs
flip 1/0 buffer 0x507410000 +0x1fe0000: sum 0x17f5fbbeeed0 nonzero 8100/8160 pattern 0
timing: t 29.404 s flip 1/0, VideoOutSubmitFlip took 0.0 ms
timing: #1111 done at t 29.461 s, 44.0 ms after the sync and hints; device: prepare 0.28 list 0.53 cs 28.28 fence 6.15 ms, 2029 BOs
timing: #1112 done at t 29.476 s, 1.0 ms after the sync and hints; device: prepare 0.00 list 0.02 cs 0.04 fence 0.04 ms, 5 BOs (short list)
timing: #1113 done at t 29.491 s, 1.0 ms after the sync and hints; device: prepare 0.01 list 0.02 cs 0.10 fence 0.03 ms, 9 BOs (short list)
timing: #1114 done at t 29.506 s, 0.9 ms after the sync and hints; device: prepare 0.00 list 0.02 cs 0.04 fence 0.03 ms, 5 BOs (short list)
timing: #1115 done at t 29.520 s, 1.4 ms after the sync and hints; device: prepare 0.03 list 0.02 cs 0.05 fence 0.03 ms, 6 BOs (short list)
timing: #1116 done at t 29.534 s, 0.9 ms after the sync and hints; device: prepare 0.00 list 0.02 cs 0.03 fence 0.03 ms, 5 BOs (short list)
timing: #1117 done at t 29.549 s, 1.3 ms after the sync and hints; device: prepare 0.03 list 0.01 cs 0.05 fence 0.04 ms, 6 BOs (short list)
timing: #1118 done at t 29.595 s, 33.0 ms after the sync and hints; device: prepare 0.08 list 0.53 cs 28.70 fence 0.45 ms, 2031 BOs
timing: #1119 done at t 29.610 s, 1.0 ms after the sync and hints; device: prepare 0.00 list 0.02 cs 0.04 fence 0.03 ms, 5 BOs (short list)
timing: #1120 done at t 29.654 s, 30.7 ms after the sync and hints; device: prepare 0.03 list 0.54 cs 28.70 fence 0.01 ms, 2031 BOs
timing: #1121 done at t 29.698 s, 30.2 ms after the sync and hints; device: prepare 0.02 list 0.55 cs 28.36 fence 0.30 ms, 2031 BOs
timing: #1122 done at t 29.745 s, 33.0 ms after the sync and hints; device: prepare 0.05 list 0.53 cs 28.28 fence 0.73 ms, 2031 BOs
timing: #1123 done at t 29.791 s, 32.0 ms after the sync and hints; device: prepare 0.08 list 0.55 cs 28.78 fence 1.42 ms, 2031 BOs
timing: #1124 done at t 29.836 s, 31.6 ms after the sync and hints; device: prepare 0.06 list 0.55 cs 28.20 fence 0.14 ms, 2031 BOs
flip 1/1 buffer 0x5093f0000 +0x1fe0000: sum 0x17f67effbf02 nonzero 8100/8160 pattern 0
timing: t 29.837 s flip 1/1, VideoOutSubmitFlip took 0.0 ms
timing: #1125 done at t 29.894 s, 43.6 ms after the sync and hints; device: prepare 0.26 list 0.52 cs 28.23 fence 6.12 ms, 2031 BOs
timing: #1126 done at t 29.909 s, 1.0 ms after the sync and hints; device: prepare 0.01 list 0.02 cs 0.04 fence 0.04 ms, 5 BOs (short list)
timing: #1127 done at t 29.923 s, 1.2 ms after the sync and hints; device: prepare 0.03 list 0.02 cs 0.16 fence 0.05 ms, 9 BOs (short list)
timing: #1128 done at t 29.938 s, 0.9 ms after the sync and hints; device: prepare 0.00 list 0.02 cs 0.04 fence 0.03 ms, 5 BOs (short list)
timing: #1129 done at t 29.953 s, 1.3 ms after the sync and hints; device: prepare 0.03 list 0.01 cs 0.06 fence 0.03 ms, 6 BOs (short list)
timing: #1130 done at t 29.967 s, 0.9 ms after the sync and hints; device: prepare 0.00 list 0.01 cs 0.04 fence 0.03 ms, 5 BOs (short list)
timing: #1131 done at t 29.981 s, 1.2 ms after the sync and hints; device: prepare 0.03 list 0.02 cs 0.05 fence 0.04 ms, 6 BOs (short list)
timing: #1132 done at t 30.027 s, 32.3 ms after the sync and hints; device: prepare 0.08 list 0.53 cs 28.06 fence 0.45 ms, 2031 BOs
timing: #1133 done at t 30.041 s, 1.0 ms after the sync and hints; device: prepare 0.00 list 0.02 cs 0.04 fence 0.04 ms, 5 BOs (short list)
timing: #1134 done at t 30.085 s, 30.1 ms after the sync and hints; device: prepare 0.03 list 0.53 cs 28.22 fence 0.01 ms, 2031 BOs
timing: #1135 done at t 30.129 s, 30.5 ms after the sync and hints; device: prepare 0.02 list 0.53 cs 28.76 fence 0.28 ms, 2031 BOs
timing: #1136 done at t 30.176 s, 33.1 ms after the sync and hints; device: prepare 0.05 list 0.53 cs 28.22 fence 0.75 ms, 2031 BOs
timing: #1137 done at t 30.221 s, 32.0 ms after the sync and hints; device: prepare 0.07 list 0.55 cs 28.97 fence 1.41 ms, 2031 BOs
timing: #1138 done at t 30.267 s, 31.8 ms after the sync and hints; device: prepare 0.06 list 0.52 cs 28.43 fence 0.14 ms, 2031 BOs
flip 1/0 buffer 0x507410000 +0x1fe0000: sum 0x17f6fb4ed2c5 nonzero 8100/8160 pattern 0
timing: t 30.268 s flip 1/0, VideoOutSubmitFlip took 0.0 ms
timing: #1139 done at t 30.327 s, 44.7 ms after the sync and hints; device: prepare 0.28 list 0.53 cs 28.80 fence 6.14 ms, 2031 BOs
timing: #1140 done at t 30.342 s, 1.0 ms after the sync and hints; device: prepare 0.01 list 0.02 cs 0.04 fence 0.04 ms, 5 BOs (short list)
timing: #1141 done at t 30.356 s, 1.2 ms after the sync and hints; device: prepare 0.03 list 0.02 cs 0.16 fence 0.03 ms, 9 BOs (short list)
timing: #1142 done at t 30.371 s, 0.9 ms after the sync and hints; device: prepare 0.00 list 0.02 cs 0.04 fence 0.02 ms, 5 BOs (short list)
timing: #1143 done at t 30.386 s, 1.3 ms after the sync and hints; device: prepare 0.03 list 0.02 cs 0.05 fence 0.03 ms, 6 BOs (short list)
timing: #1144 done at t 30.400 s, 1.0 ms after the sync and hints; device: prepare 0.00 list 0.02 cs 0.04 fence 0.03 ms, 5 BOs (short list)
timing: #1145 done at t 30.415 s, 1.3 ms after the sync and hints; device: prepare 0.03 list 0.02 cs 0.05 fence 0.04 ms, 6 BOs (short list)
timing: #1146 done at t 30.461 s, 32.5 ms after the sync and hints; device: prepare 0.09 list 0.53 cs 28.30 fence 0.45 ms, 2031 BOs
timing: #1147 done at t 30.476 s, 0.9 ms after the sync and hints; device: prepare 0.00 list 0.02 cs 0.04 fence 0.03 ms, 5 BOs (short list)
timing: #1148 done at t 30.520 s, 31.1 ms after the sync and hints; device: prepare 0.03 list 0.56 cs 29.11 fence 0.01 ms, 2031 BOs
timing: #1149 done at t 30.564 s, 30.4 ms after the sync and hints; device: prepare 0.02 list 0.56 cs 28.52 fence 0.31 ms, 2031 BOs
timing: #1150 done at t 30.611 s, 33.2 ms after the sync and hints; device: prepare 0.09 list 0.53 cs 28.25 fence 0.74 ms, 2031 BOs
timing: #1151 done at t 30.657 s, 31.3 ms after the sync and hints; device: prepare 0.07 list 0.54 cs 28.24 fence 1.43 ms, 2031 BOs
timing: #1152 done at t 30.702 s, 31.6 ms after the sync and hints; device: prepare 0.06 list 0.53 cs 28.15 fence 0.13 ms, 2031 BOs
flip 1/1 buffer 0x5093f0000 +0x1fe0000: sum 0x17f76fabea09 nonzero 8100/8160 pattern 0
timing: t 30.703 s flip 1/1, VideoOutSubmitFlip took 0.0 ms
timing: #1153 done at t 30.762 s, 44.0 ms after the sync and hints; device: prepare 0.30 list 0.52 cs 28.24 fence 6.14 ms, 2031 BOs
timing: #1154 done at t 30.777 s, 0.9 ms after the sync and hints; device: prepare 0.00 list 0.02 cs 0.04 fence 0.04 ms, 5 BOs (short list)
timing: #1155 done at t 30.792 s, 0.9 ms after the sync and hints; device: prepare 0.01 list 0.02 cs 0.10 fence 0.03 ms, 9 BOs (short list)
timing: #1156 done at t 30.807 s, 0.9 ms after the sync and hints; device: prepare 0.00 list 0.02 cs 0.04 fence 0.04 ms, 5 BOs (short list)
timing: #1157 done at t 30.821 s, 1.4 ms after the sync and hints; device: prepare 0.03 list 0.02 cs 0.06 fence 0.03 ms, 6 BOs (short list)
timing: #1158 done at t 30.835 s, 0.9 ms after the sync and hints; device: prepare 0.00 list 0.02 cs 0.04 fence 0.03 ms, 5 BOs (short list)
timing: #1159 done at t 30.850 s, 1.3 ms after the sync and hints; device: prepare 0.03 list 0.02 cs 0.06 fence 0.04 ms, 6 BOs (short list)
timing: #1160 done at t 30.896 s, 32.5 ms after the sync and hints; device: prepare 0.08 list 0.53 cs 28.18 fence 0.45 ms, 2034 BOs
timing: #1161 done at t 30.940 s, 30.4 ms after the sync and hints; device: prepare 0.03 list 0.53 cs 28.42 fence 0.01 ms, 2034 BOs
timing: #1162 done at t 30.954 s, 1.0 ms after the sync and hints; device: prepare 0.00 list 0.02 cs 0.04 fence 0.03 ms, 5 BOs (short list)
timing: #1163 done at t 30.998 s, 30.4 ms after the sync and hints; device: prepare 0.02 list 0.56 cs 28.67 fence 0.27 ms, 2034 BOs
timing: #1164 done at t 31.045 s, 33.1 ms after the sync and hints; device: prepare 0.05 list 0.53 cs 28.24 fence 0.75 ms, 2034 BOs
timing: #1165 done at t 31.090 s, 31.8 ms after the sync and hints; device: prepare 0.06 list 0.54 cs 28.76 fence 1.37 ms, 2034 BOs
timing: #1166 done at t 31.135 s, 31.5 ms after the sync and hints; device: prepare 0.06 list 0.54 cs 28.10 fence 0.15 ms, 2034 BOs
flip 1/0 buffer 0x507410000 +0x1fe0000: sum 0x17f7ddd774ea nonzero 8100/8160 pattern 0
timing: t 31.136 s flip 1/0, VideoOutSubmitFlip took 0.0 ms
timing: #1167 done at t 31.194 s, 44.1 ms after the sync and hints; device: prepare 0.27 list 0.52 cs 28.39 fence 6.14 ms, 2034 BOs
timing: #1168 done at t 31.209 s, 1.0 ms after the sync and hints; device: prepare 0.00 list 0.02 cs 0.04 fence 0.05 ms, 5 BOs (short list)
timing: #1169 done at t 31.223 s, 0.9 ms after the sync and hints; device: prepare 0.02 list 0.02 cs 0.10 fence 0.03 ms, 9 BOs (short list)
timing: #1170 done at t 31.238 s, 0.9 ms after the sync and hints; device: prepare 0.00 list 0.02 cs 0.04 fence 0.03 ms, 5 BOs (short list)
timing: #1171 done at t 31.253 s, 1.4 ms after the sync and hints; device: prepare 0.03 list 0.01 cs 0.06 fence 0.03 ms, 6 BOs (short list)
timing: #1172 done at t 31.268 s, 1.0 ms after the sync and hints; device: prepare 0.01 list 0.02 cs 0.05 fence 0.03 ms, 5 BOs (short list)
timing: #1173 done at t 31.282 s, 1.3 ms after the sync and hints; device: prepare 0.03 list 0.02 cs 0.06 fence 0.04 ms, 6 BOs (short list)
timing: #1174 done at t 31.328 s, 32.4 ms after the sync and hints; device: prepare 0.08 list 0.52 cs 28.21 fence 0.46 ms, 2035 BOs
timing: #1175 done at t 31.373 s, 30.8 ms after the sync and hints; device: prepare 0.03 list 0.57 cs 28.78 fence 0.01 ms, 2035 BOs
timing: #1176 done at t 31.387 s, 1.0 ms after the sync and hints; device: prepare 0.00 list 0.02 cs 0.04 fence 0.03 ms, 5 BOs (short list)
timing: #1177 done at t 31.431 s, 30.4 ms after the sync and hints; device: prepare 0.02 list 0.56 cs 28.51 fence 0.32 ms, 2035 BOs
timing: #1178 done at t 31.478 s, 33.3 ms after the sync and hints; device: prepare 0.06 list 0.54 cs 28.44 fence 0.73 ms, 2035 BOs
timing: #1179 done at t 31.523 s, 31.6 ms after the sync and hints; device: prepare 0.06 list 0.56 cs 28.46 fence 1.43 ms, 2035 BOs
timing: #1180 done at t 31.569 s, 32.2 ms after the sync and hints; device: prepare 0.06 list 0.53 cs 28.83 fence 0.13 ms, 2035 BOs
flip 1/1 buffer 0x5093f0000 +0x1fe0000: sum 0x17f84400ff4b nonzero 8100/8160 pattern 0
timing: t 31.570 s flip 1/1, VideoOutSubmitFlip took 0.0 ms
timing: #1181 done at t 31.628 s, 44.0 ms after the sync and hints; device: prepare 0.30 list 0.52 cs 28.45 fence 6.11 ms, 2035 BOs
timing: #1182 done at t 31.643 s, 1.0 ms after the sync and hints; device: prepare 0.00 list 0.02 cs 0.04 fence 0.04 ms, 5 BOs (short list)
timing: #1183 done at t 31.657 s, 1.0 ms after the sync and hints; device: prepare 0.01 list 0.02 cs 0.10 fence 0.03 ms, 9 BOs (short list)
timing: #1184 done at t 31.672 s, 0.9 ms after the sync and hints; device: prepare 0.00 list 0.01 cs 0.04 fence 0.03 ms, 5 BOs (short list)
timing: #1185 done at t 31.686 s, 1.3 ms after the sync and hints; device: prepare 0.03 list 0.02 cs 0.06 fence 0.03 ms, 6 BOs (short list)
timing: #1186 done at t 31.701 s, 0.9 ms after the sync and hints; device: prepare 0.00 list 0.02 cs 0.04 fence 0.03 ms, 5 BOs (short list)
timing: #1187 done at t 31.715 s, 1.3 ms after the sync and hints; device: prepare 0.03 list 0.02 cs 0.05 fence 0.04 ms, 6 BOs (short list)
timing: #1188 done at t 31.762 s, 33.1 ms after the sync and hints; device: prepare 0.09 list 0.53 cs 28.78 fence 0.46 ms, 2035 BOs
timing: #1189 done at t 31.806 s, 30.2 ms after the sync and hints; device: prepare 0.03 list 0.52 cs 28.16 fence 0.01 ms, 2035 BOs
timing: #1190 done at t 31.822 s, 0.9 ms after the sync and hints; device: prepare 0.01 list 0.02 cs 0.04 fence 0.03 ms, 5 BOs (short list)
timing: #1191 done at t 31.866 s, 30.5 ms after the sync and hints; device: prepare 0.02 list 0.55 cs 28.71 fence 0.26 ms, 2035 BOs
timing: #1192 done at t 31.913 s, 33.4 ms after the sync and hints; device: prepare 0.05 list 0.55 cs 28.59 fence 0.73 ms, 2035 BOs
timing: #1193 done at t 31.958 s, 31.3 ms after the sync and hints; device: prepare 0.07 list 0.56 cs 28.23 fence 1.41 ms, 2035 BOs
timing: #1194 done at t 32.004 s, 32.7 ms after the sync and hints; device: prepare 0.06 list 0.55 cs 29.34 fence 0.11 ms, 2035 BOs
flip 1/0 buffer 0x507410000 +0x1fe0000: sum 0x17f8a328c93c nonzero 8100/8160 pattern 0
timing: t 32.005 s flip 1/0, VideoOutSubmitFlip took 0.0 ms
timing: #1195 done at t 32.063 s, 44.0 ms after the sync and hints; device: prepare 0.31 list 0.52 cs 28.21 fence 6.15 ms, 2035 BOs
timing: #1196 done at t 32.078 s, 1.0 ms after the sync and hints; device: prepare 0.00 list 0.02 cs 0.04 fence 0.04 ms, 5 BOs (short list)
timing: #1197 done at t 32.092 s, 1.0 ms after the sync and hints; device: prepare 0.02 list 0.02 cs 0.10 fence 0.03 ms, 9 BOs (short list)
timing: #1198 done at t 32.106 s, 1.0 ms after the sync and hints; device: prepare 0.00 list 0.02 cs 0.04 fence 0.03 ms, 5 BOs (short list)
timing: #1199 done at t 32.121 s, 1.3 ms after the sync and hints; device: prepare 0.03 list 0.02 cs 0.06 fence 0.03 ms, 6 BOs (short list)
timing: #1200 done at t 32.135 s, 0.9 ms after the sync and hints; device: prepare 0.00 list 0.02 cs 0.04 fence 0.03 ms, 5 BOs (short list)
timing: #1201 done at t 32.149 s, 1.3 ms after the sync and hints; device: prepare 0.04 list 0.01 cs 0.06 fence 0.04 ms, 6 BOs (short list)
timing: #1202 done at t 32.195 s, 32.5 ms after the sync and hints; device: prepare 0.09 list 0.54 cs 28.18 fence 0.46 ms, 2035 BOs
timing: #1203 done at t 32.211 s, 0.9 ms after the sync and hints; device: prepare 0.01 list 0.03 cs 0.04 fence 0.05 ms, 5 BOs (short list)
timing: #1204 done at t 32.255 s, 30.3 ms after the sync and hints; device: prepare 0.03 list 0.53 cs 28.33 fence 0.01 ms, 2035 BOs
timing: #1205 done at t 32.299 s, 30.7 ms after the sync and hints; device: prepare 0.03 list 0.54 cs 28.91 fence 0.31 ms, 2035 BOs
timing: #1206 done at t 32.347 s, 33.4 ms after the sync and hints; device: prepare 0.05 list 0.55 cs 28.39 fence 0.74 ms, 2035 BOs
timing: #1207 done at t 32.392 s, 31.7 ms after the sync and hints; device: prepare 0.07 list 0.55 cs 28.58 fence 1.43 ms, 2035 BOs
timing: #1208 done at t 32.438 s, 32.2 ms after the sync and hints; device: prepare 0.06 list 0.53 cs 28.77 fence 0.13 ms, 2035 BOs
flip 1/1 buffer 0x5093f0000 +0x1fe0000: sum 0x17f8fd2f4adb nonzero 8100/8160 pattern 0
timing: t 32.439 s flip 1/1, VideoOutSubmitFlip took 0.0 ms
timing: #1209 done at t 32.497 s, 44.6 ms after the sync and hints; device: prepare 0.27 list 0.52 cs 28.74 fence 6.13 ms, 2035 BOs
timing: #1210 done at t 32.513 s, 0.9 ms after the sync and hints; device: prepare 0.00 list 0.02 cs 0.04 fence 0.03 ms, 5 BOs (short list)
timing: #1211 done at t 32.527 s, 1.0 ms after the sync and hints; device: prepare 0.01 list 0.02 cs 0.10 fence 0.04 ms, 9 BOs (short list)
timing: #1212 done at t 32.542 s, 1.0 ms after the sync and hints; device: prepare 0.00 list 0.02 cs 0.04 fence 0.03 ms, 5 BOs (short list)
timing: #1213 done at t 32.557 s, 1.3 ms after the sync and hints; device: prepare 0.03 list 0.01 cs 0.05 fence 0.03 ms, 6 BOs (short list)
timing: #1214 done at t 32.572 s, 0.9 ms after the sync and hints; device: prepare 0.00 list 0.02 cs 0.03 fence 0.03 ms, 5 BOs (short list)
timing: #1215 done at t 32.587 s, 1.5 ms after the sync and hints; device: prepare 0.03 list 0.02 cs 0.06 fence 0.04 ms, 6 BOs (short list)
timing: #1216 done at t 32.633 s, 32.7 ms after the sync and hints; device: prepare 0.08 list 0.54 cs 28.38 fence 0.46 ms, 2037 BOs
timing: #1217 done at t 32.678 s, 30.4 ms after the sync and hints; device: prepare 0.03 list 0.52 cs 28.48 fence 0.01 ms, 2037 BOs
timing: #1218 done at t 32.692 s, 1.0 ms after the sync and hints; device: prepare 0.00 list 0.02 cs 0.04 fence 0.04 ms, 5 BOs (short list)
timing: #1219 done at t 32.736 s, 30.3 ms after the sync and hints; device: prepare 0.02 list 0.56 cs 28.40 fence 0.34 ms, 2037 BOs
timing: #1220 done at t 32.783 s, 33.3 ms after the sync and hints; device: prepare 0.07 list 0.53 cs 28.39 fence 0.74 ms, 2037 BOs
timing: #1221 done at t 32.827 s, 31.4 ms after the sync and hints; device: prepare 0.06 list 0.54 cs 28.35 fence 1.44 ms, 2037 BOs
timing: #1222 done at t 32.873 s, 32.2 ms after the sync and hints; device: prepare 0.06 list 0.53 cs 28.57 fence 0.14 ms, 2037 BOs
flip 1/0 buffer 0x507410000 +0x1fe0000: sum 0x17f94f13c3f8 nonzero 8100/8160 pattern 0
timing: t 32.874 s flip 1/0, VideoOutSubmitFlip took 0.0 ms
timing: #1223 done at t 32.933 s, 44.2 ms after the sync and hints; device: prepare 0.29 list 0.53 cs 28.52 fence 6.14 ms, 2037 BOs
timing: #1224 done at t 32.947 s, 1.0 ms after the sync and hints; device: prepare 0.00 list 0.02 cs 0.04 fence 0.05 ms, 5 BOs (short list)
timing: #1225 done at t 32.961 s, 1.0 ms after the sync and hints; device: prepare 0.01 list 0.02 cs 0.10 fence 0.03 ms, 9 BOs (short list)
timing: #1226 done at t 32.977 s, 1.0 ms after the sync and hints; device: prepare 0.01 list 0.02 cs 0.04 fence 0.03 ms, 5 BOs (short list)
timing: #1227 done at t 32.991 s, 1.4 ms after the sync and hints; device: prepare 0.03 list 0.02 cs 0.06 fence 0.03 ms, 6 BOs (short list)
timing: #1228 done at t 33.006 s, 1.0 ms after the sync and hints; device: prepare 0.01 list 0.02 cs 0.05 fence 0.03 ms, 5 BOs (short list)
timing: #1229 done at t 33.020 s, 1.3 ms after the sync and hints; device: prepare 0.03 list 0.02 cs 0.06 fence 0.04 ms, 6 BOs (short list)
timing: #1230 done at t 33.067 s, 32.8 ms after the sync and hints; device: prepare 0.09 list 0.54 cs 28.36 fence 0.46 ms, 2037 BOs
timing: #1231 done at t 33.111 s, 30.5 ms after the sync and hints; device: prepare 0.03 list 0.54 cs 28.58 fence 0.01 ms, 2037 BOs
timing: #1232 done at t 33.126 s, 1.0 ms after the sync and hints; device: prepare 0.00 list 0.02 cs 0.04 fence 0.03 ms, 5 BOs (short list)
timing: #1233 done at t 33.170 s, 30.5 ms after the sync and hints; device: prepare 0.02 list 0.54 cs 28.72 fence 0.31 ms, 2037 BOs
timing: #1234 done at t 33.217 s, 33.2 ms after the sync and hints; device: prepare 0.05 list 0.52 cs 28.31 fence 0.73 ms, 2037 BOs
timing: #1235 done at t 33.262 s, 31.9 ms after the sync and hints; device: prepare 0.07 list 0.56 cs 28.73 fence 1.44 ms, 2037 BOs
timing: #1236 done at t 33.308 s, 32.2 ms after the sync and hints; device: prepare 0.06 list 0.53 cs 28.78 fence 0.11 ms, 2037 BOs
flip 1/1 buffer 0x5093f0000 +0x1fe0000: sum 0x17f99ca728d0 nonzero 8100/8160 pattern 0
timing: t 33.309 s flip 1/1, VideoOutSubmitFlip took 0.0 ms
timing: #1237 done at t 33.367 s, 44.5 ms after the sync and hints; device: prepare 0.30 list 0.54 cs 28.80 fence 6.11 ms, 2037 BOs
timing: #1238 done at t 33.382 s, 1.0 ms after the sync and hints; device: prepare 0.00 list 0.02 cs 0.04 fence 0.04 ms, 5 BOs (short list)
timing: #1239 done at t 33.397 s, 1.1 ms after the sync and hints; device: prepare 0.01 list 0.02 cs 0.16 fence 0.04 ms, 9 BOs (short list)
timing: #1240 done at t 33.411 s, 0.9 ms after the sync and hints; device: prepare 0.00 list 0.02 cs 0.04 fence 0.03 ms, 5 BOs (short list)
timing: #1241 done at t 33.426 s, 1.3 ms after the sync and hints; device: prepare 0.03 list 0.02 cs 0.05 fence 0.03 ms, 6 BOs (short list)
timing: #1242 done at t 33.440 s, 1.0 ms after the sync and hints; device: prepare 0.00 list 0.02 cs 0.03 fence 0.03 ms, 5 BOs (short list)
timing: #1243 done at t 33.455 s, 1.3 ms after the sync and hints; device: prepare 0.03 list 0.01 cs 0.05 fence 0.04 ms, 6 BOs (short list)
timing: #1244 done at t 33.501 s, 32.9 ms after the sync and hints; device: prepare 0.08 list 0.52 cs 28.61 fence 0.45 ms, 2037 BOs
timing: #1245 done at t 33.545 s, 30.1 ms after the sync and hints; device: prepare 0.03 list 0.52 cs 28.18 fence 0.01 ms, 2037 BOs
timing: #1246 done at t 33.560 s, 1.1 ms after the sync and hints; device: prepare 0.01 list 0.02 cs 0.04 fence 0.04 ms, 5 BOs (short list)
timing: #1247 done at t 33.604 s, 30.4 ms after the sync and hints; device: prepare 0.02 list 0.54 cs 28.61 fence 0.33 ms, 2037 BOs
timing: #1248 done at t 33.652 s, 34.1 ms after the sync and hints; device: prepare 0.12 list 0.56 cs 29.04 fence 0.75 ms, 2037 BOs
timing: #1249 done at t 33.697 s, 31.9 ms after the sync and hints; device: prepare 0.07 list 0.56 cs 28.83 fence 1.41 ms, 2037 BOs
timing: #1250 done at t 33.743 s, 32.4 ms after the sync and hints; device: prepare 0.06 list 0.53 cs 28.82 fence 0.14 ms, 2037 BOs
flip 1/0 buffer 0x507410000 +0x1fe0000: sum 0x17f9e1785d1c nonzero 8100/8160 pattern 0
timing: t 33.744 s flip 1/0, VideoOutSubmitFlip took 0.0 ms
timing: #1251 done at t 33.803 s, 44.3 ms after the sync and hints; device: prepare 0.26 list 0.53 cs 28.29 fence 6.15 ms, 2037 BOs
timing: #1252 done at t 33.817 s, 1.1 ms after the sync and hints; device: prepare 0.01 list 0.02 cs 0.05 fence 0.05 ms, 5 BOs (short list)
timing: #1253 done at t 33.832 s, 1.1 ms after the sync and hints; device: prepare 0.02 list 0.02 cs 0.10 fence 0.04 ms, 9 BOs (short list)
timing: #1254 done at t 33.846 s, 1.0 ms after the sync and hints; device: prepare 0.00 list 0.02 cs 0.04 fence 0.03 ms, 5 BOs (short list)
timing: #1255 done at t 33.861 s, 1.3 ms after the sync and hints; device: prepare 0.04 list 0.01 cs 0.06 fence 0.03 ms, 6 BOs (short list)
timing: #1256 done at t 33.875 s, 0.9 ms after the sync and hints; device: prepare 0.00 list 0.02 cs 0.04 fence 0.03 ms, 5 BOs (short list)
timing: #1257 done at t 33.890 s, 1.3 ms after the sync and hints; device: prepare 0.03 list 0.02 cs 0.06 fence 0.04 ms, 6 BOs (short list)
timing: #1258 done at t 33.936 s, 32.7 ms after the sync and hints; device: prepare 0.09 list 0.52 cs 28.33 fence 0.46 ms, 2037 BOs
timing: #1259 done at t 33.981 s, 30.7 ms after the sync and hints; device: prepare 0.03 list 0.58 cs 28.66 fence 0.01 ms, 2037 BOs
timing: #1260 done at t 33.995 s, 1.0 ms after the sync and hints; device: prepare 0.00 list 0.02 cs 0.04 fence 0.03 ms, 5 BOs (short list)
timing: #1261 done at t 34.039 s, 30.3 ms after the sync and hints; device: prepare 0.02 list 0.56 cs 28.44 fence 0.29 ms, 2037 BOs
timing: #1262 done at t 34.086 s, 33.5 ms after the sync and hints; device: prepare 0.05 list 0.55 cs 28.55 fence 0.73 ms, 2037 BOs
timing: #1263 done at t 34.131 s, 31.5 ms after the sync and hints; device: prepare 0.07 list 0.57 cs 28.35 fence 1.44 ms, 2037 BOs
timing: #1264 done at t 34.177 s, 32.3 ms after the sync and hints; device: prepare 0.12 list 0.52 cs 28.78 fence 0.14 ms, 2037 BOs
flip 1/1 buffer 0x5093f0000 +0x1fe0000: sum 0x17fa1e5794e9 nonzero 8100/8160 pattern 0
timing: t 34.178 s flip 1/1, VideoOutSubmitFlip took 0.0 ms
timing: #1265 done at t 34.237 s, 44.2 ms after the sync and hints; device: prepare 0.29 list 0.54 cs 28.54 fence 6.12 ms, 2037 BOs
timing: #1266 done at t 34.253 s, 0.9 ms after the sync and hints; device: prepare 0.00 list 0.02 cs 0.04 fence 0.04 ms, 5 BOs (short list)
timing: #1267 done at t 34.267 s, 1.0 ms after the sync and hints; device: prepare 0.01 list 0.02 cs 0.10 fence 0.02 ms, 9 BOs (short list)
timing: #1268 done at t 34.282 s, 0.9 ms after the sync and hints; device: prepare 0.00 list 0.02 cs 0.04 fence 0.02 ms, 5 BOs (short list)
timing: #1269 done at t 34.296 s, 1.3 ms after the sync and hints; device: prepare 0.03 list 0.02 cs 0.05 fence 0.03 ms, 6 BOs (short list)
timing: #1270 done at t 34.311 s, 1.0 ms after the sync and hints; device: prepare 0.00 list 0.02 cs 0.04 fence 0.02 ms, 5 BOs (short list)
timing: #1271 done at t 34.325 s, 1.3 ms after the sync and hints; device: prepare 0.03 list 0.02 cs 0.06 fence 0.04 ms, 6 BOs (short list)
timing: #1272 done at t 34.371 s, 32.6 ms after the sync and hints; device: prepare 0.09 list 0.53 cs 28.25 fence 0.45 ms, 2038 BOs
timing: #1273 done at t 34.415 s, 30.1 ms after the sync and hints; device: prepare 0.03 list 0.53 cs 28.16 fence 0.01 ms, 2038 BOs
timing: #1274 done at t 34.430 s, 1.1 ms after the sync and hints; device: prepare 0.00 list 0.02 cs 0.04 fence 0.04 ms, 5 BOs (short list)
timing: #1275 done at t 34.474 s, 30.6 ms after the sync and hints; device: prepare 0.02 list 0.56 cs 28.69 fence 0.33 ms, 2038 BOs
timing: #1276 done at t 34.521 s, 33.1 ms after the sync and hints; device: prepare 0.05 list 0.55 cs 28.26 fence 0.75 ms, 2038 BOs
timing: #1277 done at t 34.566 s, 31.4 ms after the sync and hints; device: prepare 0.07 list 0.55 cs 28.28 fence 1.45 ms, 2038 BOs
timing: #1278 done at t 34.611 s, 32.2 ms after the sync and hints; device: prepare 0.06 list 0.53 cs 28.78 fence 0.14 ms, 2038 BOs
flip 1/0 buffer 0x507410000 +0x1fe0000: sum 0x17fa59064093 nonzero 8100/8160 pattern 0
timing: t 34.612 s flip 1/0, VideoOutSubmitFlip took 0.0 ms
timing: #1279 done at t 34.670 s, 44.5 ms after the sync and hints; device: prepare 0.30 list 0.52 cs 28.77 fence 6.13 ms, 2038 BOs
timing: #1280 done at t 34.686 s, 1.0 ms after the sync and hints; device: prepare 0.00 list 0.02 cs 0.04 fence 0.05 ms, 5 BOs (short list)
timing: #1281 done at t 34.700 s, 1.0 ms after the sync and hints; device: prepare 0.01 list 0.02 cs 0.10 fence 0.04 ms, 9 BOs (short list)
timing: #1282 done at t 34.715 s, 1.0 ms after the sync and hints; device: prepare 0.01 list 0.02 cs 0.04 fence 0.03 ms, 5 BOs (short list)
timing: #1283 done at t 34.729 s, 1.3 ms after the sync and hints; device: prepare 0.03 list 0.02 cs 0.05 fence 0.03 ms, 6 BOs (short list)
timing: #1284 done at t 34.743 s, 0.9 ms after the sync and hints; device: prepare 0.00 list 0.02 cs 0.04 fence 0.03 ms, 5 BOs (short list)
timing: #1285 done at t 34.758 s, 1.3 ms after the sync and hints; device: prepare 0.03 list 0.01 cs 0.05 fence 0.04 ms, 6 BOs (short list)
timing: #1286 done at t 34.804 s, 32.7 ms after the sync and hints; device: prepare 0.08 list 0.53 cs 28.38 fence 0.46 ms, 2038 BOs
timing: #1287 done at t 34.848 s, 30.6 ms after the sync and hints; device: prepare 0.03 list 0.53 cs 28.62 fence 0.01 ms, 2038 BOs
timing: #1288 done at t 34.863 s, 0.9 ms after the sync and hints; device: prepare 0.00 list 0.02 cs 0.04 fence 0.04 ms, 5 BOs (short list)
timing: #1289 done at t 34.907 s, 30.9 ms after the sync and hints; device: prepare 0.02 list 0.55 cs 29.06 fence 0.31 ms, 2038 BOs
timing: #1290 done at t 34.954 s, 33.0 ms after the sync and hints; device: prepare 0.05 list 0.54 cs 28.17 fence 0.74 ms, 2038 BOs
timing: #1291 done at t 34.999 s, 31.8 ms after the sync and hints; device: prepare 0.07 list 0.54 cs 28.68 fence 1.42 ms, 2038 BOs
timing: #1292 done at t 35.045 s, 31.8 ms after the sync and hints; device: prepare 0.06 list 0.54 cs 28.31 fence 0.14 ms, 2038 BOs
flip 1/1 buffer 0x5093f0000 +0x1fe0000: sum 0x17fa89825f9a nonzero 8100/8160 pattern 0
timing: t 35.045 s flip 1/1, VideoOutSubmitFlip took 0.0 ms
timing: #1293 done at t 35.104 s, 43.8 ms after the sync and hints; device: prepare 0.26 list 0.53 cs 28.20 fence 6.10 ms, 2038 BOs
timing: #1294 done at t 35.119 s, 1.0 ms after the sync and hints; device: prepare 0.00 list 0.02 cs 0.04 fence 0.05 ms, 5 BOs (short list)
timing: #1295 done at t 35.133 s, 1.0 ms after the sync and hints; device: prepare 0.01 list 0.02 cs 0.10 fence 0.04 ms, 9 BOs (short list)
timing: #1296 done at t 35.148 s, 1.0 ms after the sync and hints; device: prepare 0.00 list 0.02 cs 0.04 fence 0.03 ms, 5 BOs (short list)
timing: #1297 done at t 35.162 s, 1.4 ms after the sync and hints; device: prepare 0.04 list 0.01 cs 0.05 fence 0.03 ms, 6 BOs (short list)
timing: #1298 done at t 35.177 s, 0.9 ms after the sync and hints; device: prepare 0.00 list 0.02 cs 0.04 fence 0.03 ms, 5 BOs (short list)
timing: #1299 done at t 35.191 s, 1.3 ms after the sync and hints; device: prepare 0.03 list 0.02 cs 0.05 fence 0.04 ms, 6 BOs (short list)
timing: #1300 done at t 35.238 s, 32.8 ms after the sync and hints; device: prepare 0.08 list 0.53 cs 28.44 fence 0.45 ms, 2038 BOs
timing: #1301 done at t 35.282 s, 30.7 ms after the sync and hints; device: prepare 0.04 list 0.57 cs 28.68 fence 0.01 ms, 2038 BOs
timing: #1302 done at t 35.297 s, 0.9 ms after the sync and hints; device: prepare 0.00 list 0.02 cs 0.04 fence 0.03 ms, 5 BOs (short list)
timing: #1303 done at t 35.340 s, 30.4 ms after the sync and hints; device: prepare 0.02 list 0.56 cs 28.55 fence 0.29 ms, 2038 BOs
timing: #1304 done at t 35.388 s, 33.6 ms after the sync and hints; device: prepare 0.06 list 0.53 cs 28.66 fence 0.74 ms, 2038 BOs
timing: #1305 done at t 35.433 s, 31.5 ms after the sync and hints; device: prepare 0.07 list 0.56 cs 28.38 fence 1.44 ms, 2038 BOs
timing: #1306 done at t 35.479 s, 31.8 ms after the sync and hints; device: prepare 0.06 list 0.54 cs 28.44 fence 0.14 ms, 2038 BOs
flip 1/0 buffer 0x507410000 +0x1fe0000: sum 0x17fab48d224a nonzero 8100/8160 pattern 0
timing: t 35.480 s flip 1/0, VideoOutSubmitFlip took 0.0 ms
timing: #1307 done at t 35.538 s, 44.5 ms after the sync and hints; device: prepare 0.27 list 0.53 cs 28.84 fence 6.13 ms, 2038 BOs
timing: #1308 done at t 35.553 s, 1.0 ms after the sync and hints; device: prepare 0.00 list 0.02 cs 0.04 fence 0.04 ms, 5 BOs (short list)
timing: #1309 done at t 35.568 s, 1.2 ms after the sync and hints; device: prepare 0.03 list 0.02 cs 0.17 fence 0.05 ms, 9 BOs (short list)
timing: #1310 done at t 35.582 s, 1.0 ms after the sync and hints; device: prepare 0.00 list 0.02 cs 0.04 fence 0.03 ms, 5 BOs (short list)
timing: #1311 done at t 35.597 s, 1.3 ms after the sync and hints; device: prepare 0.03 list 0.02 cs 0.06 fence 0.03 ms, 6 BOs (short list)
timing: #1312 done at t 35.611 s, 1.0 ms after the sync and hints; device: prepare 0.00 list 0.04 cs 0.04 fence 0.03 ms, 5 BOs (short list)
timing: #1313 done at t 35.626 s, 1.3 ms after the sync and hints; device: prepare 0.03 list 0.02 cs 0.06 fence 0.04 ms, 6 BOs (short list)
timing: #1314 done at t 35.672 s, 33.0 ms after the sync and hints; device: prepare 0.09 list 0.54 cs 28.70 fence 0.45 ms, 2038 BOs
timing: #1315 done at t 35.716 s, 30.2 ms after the sync and hints; device: prepare 0.03 list 0.53 cs 28.16 fence 0.02 ms, 2038 BOs
timing: #1316 done at t 35.731 s, 1.0 ms after the sync and hints; device: prepare 0.00 list 0.02 cs 0.04 fence 0.07 ms, 5 BOs (short list)
timing: #1317 done at t 35.775 s, 30.6 ms after the sync and hints; device: prepare 0.02 list 0.55 cs 28.69 fence 0.33 ms, 2038 BOs
timing: #1318 done at t 35.822 s, 33.3 ms after the sync and hints; device: prepare 0.05 list 0.55 cs 28.34 fence 0.74 ms, 2038 BOs
timing: #1319 done at t 35.867 s, 31.6 ms after the sync and hints; device: prepare 0.06 list 0.55 cs 28.38 fence 1.46 ms, 2038 BOs
timing: #1320 done at t 35.912 s, 31.9 ms after the sync and hints; device: prepare 0.06 list 0.53 cs 28.53 fence 0.14 ms, 2038 BOs
flip 1/1 buffer 0x5093f0000 +0x1fe0000: sum 0x17fad755d476 nonzero 8100/8160 pattern 0
timing: t 35.913 s flip 1/1, VideoOutSubmitFlip took 0.0 ms
timing: #1321 done at t 35.971 s, 44.3 ms after the sync and hints; device: prepare 0.29 list 0.52 cs 28.68 fence 6.13 ms, 2038 BOs
timing: #1322 done at t 35.987 s, 0.9 ms after the sync and hints; device: prepare 0.00 list 0.02 cs 0.04 fence 0.04 ms, 5 BOs (short list)
timing: #1323 done at t 36.001 s, 1.1 ms after the sync and hints; device: prepare 0.01 list 0.02 cs 0.10 fence 0.03 ms, 9 BOs (short list)
timing: #1324 done at t 36.016 s, 1.0 ms after the sync and hints; device: prepare 0.01 list 0.02 cs 0.04 fence 0.03 ms, 5 BOs (short list)
timing: #1325 done at t 36.031 s, 1.4 ms after the sync and hints; device: prepare 0.03 list 0.02 cs 0.06 fence 0.03 ms, 6 BOs (short list)
timing: #1326 done at t 36.045 s, 1.0 ms after the sync and hints; device: prepare 0.00 list 0.02 cs 0.04 fence 0.03 ms, 5 BOs (short list)
timing: #1327 done at t 36.060 s, 1.4 ms after the sync and hints; device: prepare 0.03 list 0.01 cs 0.06 fence 0.04 ms, 6 BOs (short list)
timing: #1328 done at t 36.106 s, 32.6 ms after the sync and hints; device: prepare 0.08 list 0.52 cs 28.17 fence 0.45 ms, 2039 BOs
timing: #1329 done at t 36.150 s, 30.4 ms after the sync and hints; device: prepare 0.03 list 0.53 cs 28.46 fence 0.00 ms, 2039 BOs
timing: #1330 done at t 36.165 s, 1.0 ms after the sync and hints; device: prepare 0.00 list 0.02 cs 0.04 fence 0.04 ms, 5 BOs (short list)
timing: #1331 done at t 36.208 s, 30.5 ms after the sync and hints; device: prepare 0.02 list 0.54 cs 28.64 fence 0.31 ms, 2039 BOs
timing: #1332 done at t 36.255 s, 33.2 ms after the sync and hints; device: prepare 0.05 list 0.55 cs 28.27 fence 0.74 ms, 2039 BOs
timing: #1333 done at t 36.301 s, 32.2 ms after the sync and hints; device: prepare 0.07 list 0.54 cs 28.99 fence 1.42 ms, 2039 BOs
timing: #1334 done at t 36.347 s, 32.2 ms after the sync and hints; device: prepare 0.06 list 0.53 cs 28.56 fence 0.14 ms, 2039 BOs
flip 1/0 buffer 0x507410000 +0x1fe0000: sum 0x17faf13c4e14 nonzero 8100/8160 pattern 0
timing: t 36.348 s flip 1/0, VideoOutSubmitFlip took 0.0 ms
timing: #1335 done at t 36.406 s, 44.0 ms after the sync and hints; device: prepare 0.27 list 0.52 cs 28.21 fence 6.13 ms, 2039 BOs
timing: #1336 done at t 36.421 s, 1.3 ms after the sync and hints; device: prepare 0.01 list 0.02 cs 0.05 fence 0.04 ms, 5 BOs (short list)
timing: #1337 done at t 36.435 s, 1.3 ms after the sync and hints; device: prepare 0.01 list 0.02 cs 0.10 fence 0.03 ms, 9 BOs (short list)
timing: #1338 done at t 36.450 s, 1.3 ms after the sync and hints; device: prepare 0.00 list 0.01 cs 0.04 fence 0.03 ms, 5 BOs (short list)
timing: #1339 done at t 36.465 s, 1.6 ms after the sync and hints; device: prepare 0.03 list 0.02 cs 0.06 fence 0.03 ms, 6 BOs (short list)
timing: #1340 done at t 36.480 s, 1.3 ms after the sync and hints; device: prepare 0.00 list 0.02 cs 0.04 fence 0.02 ms, 5 BOs (short list)
timing: #1341 done at t 36.495 s, 1.6 ms after the sync and hints; device: prepare 0.03 list 0.02 cs 0.06 fence 0.04 ms, 6 BOs (short list)
timing: #1342 done at t 36.541 s, 33.4 ms after the sync and hints; device: prepare 0.08 list 0.55 cs 28.87 fence 0.46 ms, 2040 BOs
timing: #1343 done at t 36.586 s, 30.6 ms after the sync and hints; device: prepare 0.03 list 0.52 cs 28.36 fence 0.01 ms, 2040 BOs
timing: #1344 done at t 36.601 s, 1.2 ms after the sync and hints; device: prepare 0.00 list 0.02 cs 0.04 fence 0.04 ms, 5 BOs (short list)
timing: #1345 done at t 36.645 s, 30.5 ms after the sync and hints; device: prepare 0.02 list 0.54 cs 28.36 fence 0.31 ms, 2040 BOs
timing: #1346 done at t 36.692 s, 33.4 ms after the sync and hints; device: prepare 0.05 list 0.53 cs 28.18 fence 0.74 ms, 2040 BOs
timing: #1347 done at t 36.737 s, 32.1 ms after the sync and hints; device: prepare 0.06 list 0.55 cs 28.72 fence 1.40 ms, 2040 BOs
timing: #1348 done at t 36.783 s, 32.1 ms after the sync and hints; device: prepare 0.06 list 0.53 cs 28.31 fence 0.15 ms, 2040 BOs
flip 1/1 buffer 0x5093f0000 +0x1fe0000: sum 0x17fb06d1b36d nonzero 8100/8160 pattern 0
timing: t 36.784 s flip 1/1, VideoOutSubmitFlip took 0.0 ms
timing: #1349 done at t 36.842 s, 44.8 ms after the sync and hints; device: prepare 0.28 list 0.53 cs 28.43 fence 6.13 ms, 2040 BOs
timing: #1350 done at t 36.857 s, 1.3 ms after the sync and hints; device: prepare 0.00 list 0.02 cs 0.04 fence 0.04 ms, 5 BOs (short list)
timing: #1351 done at t 36.872 s, 1.3 ms after the sync and hints; device: prepare 0.01 list 0.02 cs 0.10 fence 0.03 ms, 9 BOs (short list)
timing: #1352 done at t 36.887 s, 1.3 ms after the sync and hints; device: prepare 0.00 list 0.02 cs 0.04 fence 0.03 ms, 5 BOs (short list)
timing: #1353 done at t 36.903 s, 1.8 ms after the sync and hints; device: prepare 0.03 list 0.02 cs 0.06 fence 0.02 ms, 6 BOs (short list)
timing: #1354 done at t 36.917 s, 1.2 ms after the sync and hints; device: prepare 0.00 list 0.02 cs 0.04 fence 0.03 ms, 5 BOs (short list)
timing: #1355 done at t 36.932 s, 1.6 ms after the sync and hints; device: prepare 0.03 list 0.02 cs 0.06 fence 0.04 ms, 6 BOs (short list)
timing: #1356 done at t 36.979 s, 33.2 ms after the sync and hints; device: prepare 0.10 list 0.54 cs 28.62 fence 0.46 ms, 2040 BOs
timing: #1357 done at t 37.023 s, 30.5 ms after the sync and hints; device: prepare 0.03 list 0.54 cs 28.23 fence 0.01 ms, 2040 BOs
timing: #1358 done at t 37.038 s, 1.3 ms after the sync and hints; device: prepare 0.00 list 0.02 cs 0.04 fence 0.04 ms, 5 BOs (short list)
timing: #1359 done at t 37.082 s, 30.9 ms after the sync and hints; device: prepare 0.02 list 0.54 cs 28.70 fence 0.34 ms, 2040 BOs
timing: #1360 done at t 37.130 s, 34.2 ms after the sync and hints; device: prepare 0.10 list 0.63 cs 28.80 fence 0.75 ms, 2040 BOs
timing: #1361 done at t 37.176 s, 32.0 ms after the sync and hints; device: prepare 0.07 list 0.54 cs 28.65 fence 1.43 ms, 2040 BOs
timing: #1362 done at t 37.223 s, 32.3 ms after the sync and hints; device: prepare 0.06 list 0.55 cs 28.53 fence 0.13 ms, 2040 BOs
flip 1/0 buffer 0x507410000 +0x1fe0000: sum 0x17fb1384e038 nonzero 8100/8160 pattern 0
timing: t 37.224 s flip 1/0, VideoOutSubmitFlip took 0.0 ms
timing: #1363 done at t 37.283 s, 45.1 ms after the sync and hints; device: prepare 0.29 list 0.62 cs 28.75 fence 6.15 ms, 2040 BOs
timing: #1364 done at t 37.298 s, 1.3 ms after the sync and hints; device: prepare 0.00 list 0.02 cs 0.04 fence 0.05 ms, 5 BOs (short list)
timing: #1365 done at t 37.313 s, 1.3 ms after the sync and hints; device: prepare 0.01 list 0.02 cs 0.10 fence 0.03 ms, 9 BOs (short list)
timing: #1366 done at t 37.329 s, 1.3 ms after the sync and hints; device: prepare 0.00 list 0.02 cs 0.04 fence 0.03 ms, 5 BOs (short list)
timing: #1367 done at t 37.344 s, 1.7 ms after the sync and hints; device: prepare 0.04 list 0.01 cs 0.06 fence 0.05 ms, 6 BOs (short list)
timing: #1368 done at t 37.358 s, 1.2 ms after the sync and hints; device: prepare 0.00 list 0.02 cs 0.04 fence 0.04 ms, 5 BOs (short list)
timing: #1369 done at t 37.374 s, 1.6 ms after the sync and hints; device: prepare 0.03 list 0.02 cs 0.05 fence 0.05 ms, 6 BOs (short list)
timing: #1370 done at t 37.421 s, 33.4 ms after the sync and hints; device: prepare 0.08 list 0.55 cs 28.85 fence 0.46 ms, 2040 BOs
timing: #1371 done at t 37.466 s, 30.9 ms after the sync and hints; device: prepare 0.03 list 0.55 cs 28.62 fence 0.01 ms, 2040 BOs
timing: #1372 done at t 37.480 s, 1.3 ms after the sync and hints; device: prepare 0.00 list 0.02 cs 0.03 fence 0.04 ms, 5 BOs (short list)
timing: #1373 done at t 37.524 s, 30.4 ms after the sync and hints; device: prepare 0.02 list 0.54 cs 28.37 fence 0.30 ms, 2040 BOs
timing: #1374 done at t 37.572 s, 33.8 ms after the sync and hints; device: prepare 0.05 list 0.55 cs 28.65 fence 0.74 ms, 2040 BOs
timing: #1375 done at t 37.617 s, 31.6 ms after the sync and hints; device: prepare 0.07 list 0.57 cs 28.16 fence 1.43 ms, 2040 BOs
timing: #1376 done at t 37.663 s, 32.5 ms after the sync and hints; device: prepare 0.06 list 0.55 cs 28.67 fence 0.14 ms, 2040 BOs
flip 1/1 buffer 0x5093f0000 +0x1fe0000: sum 0x17fb17d5f47d nonzero 8100/8160 pattern 0
timing: t 37.664 s flip 1/1, VideoOutSubmitFlip took 0.0 ms
timing: #1377 done at t 37.724 s, 45.7 ms after the sync and hints; device: prepare 0.26 list 0.55 cs 29.00 fence 6.10 ms, 2040 BOs
timing: #1378 done at t 37.740 s, 1.3 ms after the sync and hints; device: prepare 0.00 list 0.01 cs 0.04 fence 0.03 ms, 5 BOs (short list)
timing: #1379 done at t 37.754 s, 1.3 ms after the sync and hints; device: prepare 0.02 list 0.02 cs 0.10 fence 0.03 ms, 9 BOs (short list)
timing: #1380 done at t 37.769 s, 1.2 ms after the sync and hints; device: prepare 0.00 list 0.02 cs 0.04 fence 0.04 ms, 5 BOs (short list)
timing: #1381 done at t 37.784 s, 1.6 ms after the sync and hints; device: prepare 0.03 list 0.02 cs 0.05 fence 0.04 ms, 6 BOs (short list)
timing: #1382 done at t 37.799 s, 1.2 ms after the sync and hints; device: prepare 0.00 list 0.02 cs 0.04 fence 0.04 ms, 5 BOs (short list)
timing: #1383 done at t 37.814 s, 1.7 ms after the sync and hints; device: prepare 0.03 list 0.02 cs 0.06 fence 0.04 ms, 6 BOs (short list)
timing: #1384 done at t 37.861 s, 33.5 ms after the sync and hints; device: prepare 0.08 list 0.55 cs 28.80 fence 0.43 ms, 2042 BOs
timing: #1385 done at t 37.907 s, 31.1 ms after the sync and hints; device: prepare 0.03 list 0.57 cs 28.71 fence 0.01 ms, 2042 BOs
timing: #1386 done at t 37.921 s, 1.3 ms after the sync and hints; device: prepare 0.00 list 0.02 cs 0.04 fence 0.02 ms, 5 BOs (short list)
timing: #1387 done at t 37.965 s, 30.5 ms after the sync and hints; device: prepare 0.02 list 0.55 cs 28.32 fence 0.31 ms, 2042 BOs
timing: #1388 done at t 38.013 s, 34.1 ms after the sync and hints; device: prepare 0.05 list 0.54 cs 28.92 fence 0.73 ms, 2042 BOs
timing: #1389 done at t 38.059 s, 32.1 ms after the sync and hints; device: prepare 0.07 list 0.56 cs 28.70 fence 1.42 ms, 2042 BOs
timing: #1390 done at t 38.104 s, 32.2 ms after the sync and hints; device: prepare 0.06 list 0.57 cs 28.37 fence 0.14 ms, 2042 BOs
flip 1/0 buffer 0x507410000 +0x1fe0000: sum 0x17fb17d5f47d nonzero 8100/8160 pattern 0
timing: t 38.105 s flip 1/0, VideoOutSubmitFlip took 0.0 ms
timing: #1391 done at t 38.164 s, 44.8 ms after the sync and hints; device: prepare 0.30 list 0.55 cs 28.59 fence 6.13 ms, 2042 BOs
timing: #1392 done at t 38.180 s, 1.2 ms after the sync and hints; device: prepare 0.00 list 0.02 cs 0.04 fence 0.03 ms, 5 BOs (short list)
timing: #1393 done at t 38.195 s, 1.3 ms after the sync and hints; device: prepare 0.01 list 0.02 cs 0.10 fence 0.03 ms, 9 BOs (short list)
timing: #1394 done at t 38.210 s, 1.3 ms after the sync and hints; device: prepare 0.00 list 0.02 cs 0.04 fence 0.03 ms, 5 BOs (short list)
timing: #1395 done at t 38.225 s, 1.7 ms after the sync and hints; device: prepare 0.03 list 0.02 cs 0.06 fence 0.03 ms, 6 BOs (short list)
timing: #1396 done at t 38.240 s, 1.3 ms after the sync and hints; device: prepare 0.00 list 0.02 cs 0.03 fence 0.02 ms, 5 BOs (short list)
timing: #1397 done at t 38.255 s, 1.6 ms after the sync and hints; device: prepare 0.03 list 0.02 cs 0.11 fence 0.05 ms, 6 BOs (short list)
timing: #1398 done at t 38.303 s, 33.4 ms after the sync and hints; device: prepare 0.09 list 0.55 cs 28.75 fence 0.46 ms, 2043 BOs
timing: #1399 done at t 38.347 s, 30.8 ms after the sync and hints; device: prepare 0.03 list 0.55 cs 28.49 fence 0.01 ms, 2043 BOs
timing: #1400 done at t 38.362 s, 1.3 ms after the sync and hints; device: prepare 0.00 list 0.02 cs 0.04 fence 0.03 ms, 5 BOs (short list)
timing: #1401 done at t 38.406 s, 30.4 ms after the sync and hints; device: prepare 0.02 list 0.55 cs 28.22 fence 0.34 ms, 2043 BOs
timing: #1402 done at t 38.454 s, 33.9 ms after the sync and hints; device: prepare 0.10 list 0.60 cs 28.71 fence 0.72 ms, 2043 BOs
timing: #1403 done at t 38.499 s, 31.7 ms after the sync and hints; device: prepare 0.06 list 0.56 cs 28.30 fence 1.43 ms, 2043 BOs
timing: #1404 done at t 38.545 s, 32.2 ms after the sync and hints; device: prepare 0.06 list 0.55 cs 28.59 fence 0.11 ms, 2043 BOs
flip 1/1 buffer 0x5093f0000 +0x1fe0000: sum 0x17fb17d5f47d nonzero 8100/8160 pattern 0
timing: t 38.545 s flip 1/1, VideoOutSubmitFlip took 0.0 ms
timing: #1405 done at t 38.604 s, 45.0 ms after the sync and hints; device: prepare 0.30 list 0.55 cs 28.87 fence 6.12 ms, 2043 BOs
timing: #1406 done at t 38.620 s, 1.2 ms after the sync and hints; device: prepare 0.00 list 0.02 cs 0.04 fence 0.04 ms, 5 BOs (short list)
timing: #1407 done at t 38.635 s, 1.4 ms after the sync and hints; device: prepare 0.02 list 0.02 cs 0.10 fence 0.05 ms, 9 BOs (short list)
timing: #1408 done at t 38.650 s, 1.2 ms after the sync and hints; device: prepare 0.00 list 0.02 cs 0.04 fence 0.03 ms, 5 BOs (short list)
timing: #1409 done at t 38.665 s, 1.6 ms after the sync and hints; device: prepare 0.03 list 0.02 cs 0.06 fence 0.03 ms, 6 BOs (short list)
timing: #1410 done at t 38.680 s, 1.3 ms after the sync and hints; device: prepare 0.01 list 0.02 cs 0.04 fence 0.04 ms, 5 BOs (short list)
timing: #1411 done at t 38.696 s, 1.6 ms after the sync and hints; device: prepare 0.03 list 0.02 cs 0.06 fence 0.04 ms, 6 BOs (short list)
timing: #1412 done at t 38.743 s, 33.6 ms after the sync and hints; device: prepare 0.08 list 0.55 cs 29.04 fence 0.45 ms, 2044 BOs
timing: #1413 done at t 38.789 s, 30.7 ms after the sync and hints; device: prepare 0.03 list 0.54 cs 28.32 fence 0.01 ms, 2044 BOs
timing: #1414 done at t 38.803 s, 1.3 ms after the sync and hints; device: prepare 0.00 list 0.02 cs 0.04 fence 0.03 ms, 5 BOs (short list)
timing: #1415 done at t 38.848 s, 30.6 ms after the sync and hints; device: prepare 0.02 list 0.56 cs 28.49 fence 0.32 ms, 2044 BOs
timing: #1416 done at t 38.895 s, 33.8 ms after the sync and hints; device: prepare 0.06 list 0.56 cs 28.53 fence 0.75 ms, 2044 BOs
timing: #1417 done at t 38.940 s, 31.8 ms after the sync and hints; device: prepare 0.07 list 0.54 cs 28.39 fence 1.42 ms, 2044 BOs
timing: #1418 done at t 38.986 s, 31.9 ms after the sync and hints; device: prepare 0.06 list 0.54 cs 28.14 fence 0.15 ms, 2044 BOs
flip 1/0 buffer 0x507410000 +0x1fe0000: sum 0x17fb17d5f47d nonzero 8100/8160 pattern 0
timing: t 38.987 s flip 1/0, VideoOutSubmitFlip took 0.0 ms
timing: #1419 done at t 39.045 s, 44.3 ms after the sync and hints; device: prepare 0.32 list 0.55 cs 28.19 fence 6.15 ms, 2044 BOs
timing: #1420 done at t 39.061 s, 1.3 ms after the sync and hints; device: prepare 0.01 list 0.02 cs 0.04 fence 0.04 ms, 5 BOs (short list)
timing: #1421 done at t 39.076 s, 1.4 ms after the sync and hints; device: prepare 0.02 list 0.02 cs 0.10 fence 0.04 ms, 9 BOs (short list)
timing: #1422 done at t 39.091 s, 1.3 ms after the sync and hints; device: prepare 0.00 list 0.02 cs 0.04 fence 0.04 ms, 5 BOs (short list)
timing: #1423 done at t 39.106 s, 1.7 ms after the sync and hints; device: prepare 0.03 list 0.02 cs 0.05 fence 0.04 ms, 6 BOs (short list)
timing: #1424 done at t 39.121 s, 1.3 ms after the sync and hints; device: prepare 0.00 list 0.02 cs 0.04 fence 0.04 ms, 5 BOs (short list)
timing: #1425 done at t 39.136 s, 1.7 ms after the sync and hints; device: prepare 0.03 list 0.02 cs 0.06 fence 0.05 ms, 6 BOs (short list)
timing: #1426 done at t 39.183 s, 33.5 ms after the sync and hints; device: prepare 0.08 list 0.55 cs 28.78 fence 0.46 ms, 2044 BOs
timing: #1427 done at t 39.228 s, 30.7 ms after the sync and hints; device: prepare 0.03 list 0.58 cs 28.42 fence 0.01 ms, 2044 BOs
timing: #1428 done at t 39.243 s, 1.3 ms after the sync and hints; device: prepare 0.00 list 0.02 cs 0.04 fence 0.02 ms, 5 BOs (short list)
timing: #1429 done at t 39.287 s, 30.6 ms after the sync and hints; device: prepare 0.02 list 0.56 cs 28.51 fence 0.31 ms, 2044 BOs
timing: #1430 done at t 39.336 s, 33.9 ms after the sync and hints; device: prepare 0.05 list 0.56 cs 28.74 fence 0.72 ms, 2044 BOs
timing: #1431 done at t 39.381 s, 31.9 ms after the sync and hints; device: prepare 0.07 list 0.54 cs 28.46 fence 1.42 ms, 2044 BOs
timing: #1432 done at t 39.427 s, 32.2 ms after the sync and hints; device: prepare 0.07 list 0.55 cs 28.38 fence 0.15 ms, 2044 BOs
flip 1/1 buffer 0x5093f0000 +0x1fe0000: sum 0x17fb17d5f47d nonzero 8100/8160 pattern 0
timing: t 39.428 s flip 1/1, VideoOutSubmitFlip took 0.0 ms
timing: #1433 done at t 39.487 s, 44.6 ms after the sync and hints; device: prepare 0.28 list 0.55 cs 28.38 fence 6.13 ms, 2044 BOs
timing: #1434 done at t 39.503 s, 1.2 ms after the sync and hints; device: prepare 0.00 list 0.02 cs 0.04 fence 0.04 ms, 5 BOs (short list)
timing: #1435 done at t 39.518 s, 1.4 ms after the sync and hints; device: prepare 0.01 list 0.02 cs 0.10 fence 0.04 ms, 9 BOs (short list)
timing: #1436 done at t 39.533 s, 1.3 ms after the sync and hints; device: prepare 0.00 list 0.02 cs 0.04 fence 0.04 ms, 5 BOs (short list)
timing: #1437 done at t 39.548 s, 1.7 ms after the sync and hints; device: prepare 0.03 list 0.02 cs 0.06 fence 0.04 ms, 6 BOs (short list)
timing: #1438 done at t 39.563 s, 1.4 ms after the sync and hints; device: prepare 0.01 list 0.02 cs 0.04 fence 0.04 ms, 5 BOs (short list)
timing: #1439 done at t 39.578 s, 1.6 ms after the sync and hints; device: prepare 0.03 list 0.02 cs 0.06 fence 0.05 ms, 6 BOs (short list)
timing: #1440 done at t 39.625 s, 32.9 ms after the sync and hints; device: prepare 0.08 list 0.55 cs 28.25 fence 0.47 ms, 2045 BOs
timing: #1441 done at t 39.640 s, 1.3 ms after the sync and hints; device: prepare 0.00 list 0.02 cs 0.04 fence 0.04 ms, 5 BOs (short list)
timing: #1442 done at t 39.684 s, 30.5 ms after the sync and hints; device: prepare 0.03 list 0.54 cs 28.20 fence 0.01 ms, 2045 BOs
timing: #1443 done at t 39.729 s, 30.5 ms after the sync and hints; device: prepare 0.02 list 0.55 cs 28.37 fence 0.33 ms, 2045 BOs
timing: #1444 done at t 39.776 s, 33.7 ms after the sync and hints; device: prepare 0.10 list 0.64 cs 28.36 fence 0.75 ms, 2045 BOs
timing: #1445 done at t 39.821 s, 31.9 ms after the sync and hints; device: prepare 0.15 list 0.59 cs 28.25 fence 1.44 ms, 2045 BOs
timing: #1446 done at t 39.867 s, 32.1 ms after the sync and hints; device: prepare 0.06 list 0.55 cs 28.38 fence 0.14 ms, 2045 BOs
flip 1/0 buffer 0x507410000 +0x1fe0000: sum 0x17fb17d5f47d nonzero 8100/8160 pattern 0
timing: t 39.868 s flip 1/0, VideoOutSubmitFlip took 0.0 ms
timing: #1447 done at t 39.927 s, 44.4 ms after the sync and hints; device: prepare 0.28 list 0.56 cs 28.44 fence 6.13 ms, 2045 BOs
timing: #1448 done at t 39.942 s, 1.3 ms after the sync and hints; device: prepare 0.00 list 0.02 cs 0.04 fence 0.04 ms, 5 BOs (short list)
timing: #1449 done at t 39.957 s, 1.5 ms after the sync and hints; device: prepare 0.02 list 0.02 cs 0.11 fence 0.04 ms, 9 BOs (short list)
timing: #1450 done at t 39.972 s, 1.3 ms after the sync and hints; device: prepare 0.00 list 0.02 cs 0.04 fence 0.04 ms, 5 BOs (short list)
timing: #1451 done at t 39.987 s, 1.7 ms after the sync and hints; device: prepare 0.03 list 0.02 cs 0.06 fence 0.04 ms, 6 BOs (short list)
timing: #1452 done at t 40.002 s, 1.3 ms after the sync and hints; device: prepare 0.00 list 0.02 cs 0.03 fence 0.04 ms, 5 BOs (short list)
timing: #1453 done at t 40.017 s, 1.6 ms after the sync and hints; device: prepare 0.03 list 0.02 cs 0.05 fence 0.05 ms, 6 BOs (short list)
timing: #1454 done at t 40.064 s, 33.6 ms after the sync and hints; device: prepare 0.18 list 0.61 cs 28.77 fence 0.46 ms, 2045 BOs
timing: #1455 done at t 40.109 s, 30.7 ms after the sync and hints; device: prepare 0.03 list 0.56 cs 28.32 fence 0.01 ms, 2045 BOs
timing: #1456 done at t 40.124 s, 1.3 ms after the sync and hints; device: prepare 0.00 list 0.01 cs 0.04 fence 0.04 ms, 5 BOs (short list)
timing: #1457 done at t 40.168 s, 30.5 ms after the sync and hints; device: prepare 0.02 list 0.55 cs 28.21 fence 0.32 ms, 2045 BOs
timing: #1458 done at t 40.216 s, 33.6 ms after the sync and hints; device: prepare 0.07 list 0.56 cs 28.36 fence 0.75 ms, 2045 BOs
timing: #1459 done at t 40.261 s, 31.7 ms after the sync and hints; device: prepare 0.07 list 0.57 cs 28.25 fence 1.44 ms, 2045 BOs
timing: #1460 done at t 40.307 s, 32.4 ms after the sync and hints; device: prepare 0.06 list 0.54 cs 28.66 fence 0.15 ms, 2045 BOs
flip 1/1 buffer 0x5093f0000 +0x1fe0000: sum 0x17fb17d5f47d nonzero 8100/8160 pattern 0
timing: t 40.308 s flip 1/1, VideoOutSubmitFlip took 0.0 ms
timing: #1461 done at t 40.366 s, 44.5 ms after the sync and hints; device: prepare 0.26 list 0.54 cs 28.51 fence 6.12 ms, 2045 BOs
timing: #1462 done at t 40.382 s, 1.3 ms after the sync and hints; device: prepare 0.00 list 0.02 cs 0.04 fence 0.04 ms, 5 BOs (short list)
timing: #1463 done at t 40.397 s, 1.4 ms after the sync and hints; device: prepare 0.01 list 0.02 cs 0.11 fence 0.03 ms, 9 BOs (short list)
timing: #1464 done at t 40.412 s, 1.3 ms after the sync and hints; device: prepare 0.01 list 0.02 cs 0.04 fence 0.02 ms, 5 BOs (short list)
timing: #1465 done at t 40.427 s, 1.7 ms after the sync and hints; device: prepare 0.03 list 0.02 cs 0.07 fence 0.03 ms, 6 BOs (short list)
timing: #1466 done at t 40.441 s, 1.3 ms after the sync and hints; device: prepare 0.00 list 0.02 cs 0.04 fence 0.02 ms, 5 BOs (short list)
timing: #1467 done at t 40.457 s, 1.6 ms after the sync and hints; device: prepare 0.03 list 0.02 cs 0.05 fence 0.04 ms, 6 BOs (short list)
timing: #1468 done at t 40.504 s, 33.2 ms after the sync and hints; device: prepare 0.08 list 0.58 cs 28.54 fence 0.44 ms, 2045 BOs
timing: #1469 done at t 40.519 s, 1.3 ms after the sync and hints; device: prepare 0.00 list 0.02 cs 0.04 fence 0.03 ms, 5 BOs (short list)
timing: #1470 done at t 40.564 s, 30.9 ms after the sync and hints; device: prepare 0.03 list 0.55 cs 28.53 fence 0.01 ms, 2045 BOs
timing: #1471 done at t 40.608 s, 30.6 ms after the sync and hints; device: prepare 0.02 list 0.55 cs 28.49 fence 0.32 ms, 2045 BOs
timing: #1472 done at t 40.655 s, 33.5 ms after the sync and hints; device: prepare 0.06 list 0.55 cs 28.32 fence 0.75 ms, 2045 BOs
timing: #1473 done at t 40.700 s, 31.9 ms after the sync and hints; device: prepare 0.06 list 0.54 cs 28.46 fence 1.44 ms, 2045 BOs
timing: #1474 done at t 40.747 s, 32.2 ms after the sync and hints; device: prepare 0.06 list 0.55 cs 28.39 fence 0.15 ms, 2045 BOs
flip 1/0 buffer 0x507410000 +0x1fe0000: sum 0x17fb17d5f47d nonzero 8100/8160 pattern 0
timing: t 40.748 s flip 1/0, VideoOutSubmitFlip took 0.0 ms
timing: #1475 done at t 40.806 s, 44.6 ms after the sync and hints; device: prepare 0.28 list 0.54 cs 28.52 fence 6.14 ms, 2045 BOs
timing: #1476 done at t 40.821 s, 1.3 ms after the sync and hints; device: prepare 0.00 list 0.01 cs 0.04 fence 0.05 ms, 5 BOs (short list)
timing: #1477 done at t 40.836 s, 1.5 ms after the sync and hints; device: prepare 0.03 list 0.02 cs 0.15 fence 0.04 ms, 9 BOs (short list)
timing: #1478 done at t 40.851 s, 1.3 ms after the sync and hints; device: prepare 0.00 list 0.02 cs 0.04 fence 0.04 ms, 5 BOs (short list)
timing: #1479 done at t 40.867 s, 1.7 ms after the sync and hints; device: prepare 0.03 list 0.02 cs 0.06 fence 0.05 ms, 6 BOs (short list)
timing: #1480 done at t 40.881 s, 1.3 ms after the sync and hints; device: prepare 0.00 list 0.02 cs 0.04 fence 0.03 ms, 5 BOs (short list)
timing: #1481 done at t 40.897 s, 1.7 ms after the sync and hints; device: prepare 0.03 list 0.01 cs 0.05 fence 0.04 ms, 6 BOs (short list)
timing: #1482 done at t 40.944 s, 33.3 ms after the sync and hints; device: prepare 0.09 list 0.57 cs 28.66 fence 0.46 ms, 2045 BOs
timing: #1483 done at t 40.989 s, 30.7 ms after the sync and hints; device: prepare 0.08 list 0.55 cs 28.22 fence 0.01 ms, 2045 BOs
timing: #1484 done at t 41.004 s, 1.3 ms after the sync and hints; device: prepare 0.00 list 0.02 cs 0.04 fence 0.04 ms, 5 BOs (short list)
timing: #1485 done at t 41.049 s, 30.8 ms after the sync and hints; device: prepare 0.02 list 0.57 cs 28.64 fence 0.30 ms, 2045 BOs
timing: #1486 done at t 41.096 s, 33.4 ms after the sync and hints; device: prepare 0.05 list 0.55 cs 28.35 fence 0.74 ms, 2045 BOs
timing: #1487 done at t 41.142 s, 32.0 ms after the sync and hints; device: prepare 0.07 list 0.54 cs 28.60 fence 1.44 ms, 2045 BOs
timing: #1488 done at t 41.188 s, 32.3 ms after the sync and hints; device: prepare 0.06 list 0.55 cs 28.42 fence 0.15 ms, 2045 BOs
flip 1/1 buffer 0x5093f0000 +0x1fe0000: sum 0x17fb17d5f47d nonzero 8100/8160 pattern 0
timing: t 41.189 s flip 1/1, VideoOutSubmitFlip took 0.0 ms
timing: #1489 done at t 41.247 s, 44.5 ms after the sync and hints; device: prepare 0.29 list 0.54 cs 28.45 fence 6.13 ms, 2045 BOs
timing: #1490 done at t 41.263 s, 1.5 ms after the sync and hints; device: prepare 0.01 list 0.02 cs 0.04 fence 0.05 ms, 5 BOs (short list)
timing: #1491 done at t 41.278 s, 1.4 ms after the sync and hints; device: prepare 0.01 list 0.02 cs 0.10 fence 0.04 ms, 9 BOs (short list)
timing: #1492 done at t 41.295 s, 1.6 ms after the sync and hints; device: prepare 0.01 list 0.02 cs 0.04 fence 0.03 ms, 5 BOs (short list)
timing: #1493 done at t 41.314 s, 2.6 ms after the sync and hints; device: prepare 0.04 list 0.02 cs 0.06 fence 0.04 ms, 6 BOs (short list)
timing: #1494 done at t 41.330 s, 2.6 ms after the sync and hints; device: prepare 0.01 list 0.02 cs 0.04 fence 0.03 ms, 5 BOs (short list)
timing: #1495 done at t 41.349 s, 2.7 ms after the sync and hints; device: prepare 0.03 list 0.02 cs 0.06 fence 0.05 ms, 6 BOs (short list)
timing: #1496 done at t 41.397 s, 34.4 ms after the sync and hints; device: prepare 0.10 list 0.57 cs 28.72 fence 0.47 ms, 2045 BOs
timing: #1497 done at t 41.442 s, 30.8 ms after the sync and hints; device: prepare 0.03 list 0.51 cs 28.51 fence 0.01 ms, 2045 BOs
timing: #1498 done at t 41.457 s, 1.4 ms after the sync and hints; device: prepare 0.00 list 0.02 cs 0.04 fence 0.04 ms, 5 BOs (short list)
timing: #1499 done at t 41.501 s, 30.9 ms after the sync and hints; device: prepare 0.02 list 0.62 cs 28.72 fence 0.31 ms, 2045 BOs
timing: #1500 done at t 41.549 s, 33.8 ms after the sync and hints; device: prepare 0.05 list 0.54 cs 28.64 fence 0.73 ms, 2045 BOs
timing: #1501 done at t 41.594 s, 32.3 ms after the sync and hints; device: prepare 0.07 list 0.54 cs 28.66 fence 1.43 ms, 2045 BOs
timing: #1502 done at t 41.641 s, 32.3 ms after the sync and hints; device: prepare 0.06 list 0.52 cs 28.63 fence 0.14 ms, 2045 BOs
flip 1/0 buffer 0x507410000 +0x1fe0000: sum 0x17fb17d5f47d nonzero 8100/8160 pattern 0
timing: t 41.641 s flip 1/0, VideoOutSubmitFlip took 0.0 ms
timing: #1503 done at t 41.700 s, 44.2 ms after the sync and hints; device: prepare 0.27 list 0.52 cs 28.35 fence 6.14 ms, 2045 BOs
timing: #1504 done at t 41.715 s, 1.3 ms after the sync and hints; device: prepare 0.00 list 0.02 cs 0.04 fence 0.03 ms, 5 BOs (short list)
timing: #1505 done at t 41.730 s, 1.4 ms after the sync and hints; device: prepare 0.01 list 0.02 cs 0.10 fence 0.03 ms, 9 BOs (short list)
timing: #1506 done at t 41.745 s, 1.3 ms after the sync and hints; device: prepare 0.00 list 0.02 cs 0.04 fence 0.03 ms, 5 BOs (short list)
timing: #1507 done at t 41.760 s, 1.7 ms after the sync and hints; device: prepare 0.03 list 0.01 cs 0.06 fence 0.02 ms, 6 BOs (short list)
timing: #1508 done at t 41.775 s, 1.3 ms after the sync and hints; device: prepare 0.00 list 0.01 cs 0.04 fence 0.03 ms, 5 BOs (short list)
timing: #1509 done at t 41.790 s, 1.7 ms after the sync and hints; device: prepare 0.03 list 0.02 cs 0.05 fence 0.04 ms, 6 BOs (short list)
timing: #1510 done at t 41.837 s, 32.9 ms after the sync and hints; device: prepare 0.08 list 0.56 cs 28.41 fence 0.46 ms, 2045 BOs
timing: #1511 done at t 41.853 s, 1.3 ms after the sync and hints; device: prepare 0.00 list 0.02 cs 0.04 fence 0.03 ms, 5 BOs (short list)
timing: #1512 done at t 41.897 s, 30.6 ms after the sync and hints; device: prepare 0.03 list 0.53 cs 28.22 fence 0.01 ms, 2045 BOs
timing: #1513 done at t 41.941 s, 30.8 ms after the sync and hints; device: prepare 0.04 list 0.57 cs 28.55 fence 0.30 ms, 2045 BOs
timing: #1514 done at t 41.988 s, 33.4 ms after the sync and hints; device: prepare 0.06 list 0.52 cs 28.18 fence 0.75 ms, 2045 BOs
timing: #1515 done at t 42.034 s, 32.2 ms after the sync and hints; device: prepare 0.07 list 0.55 cs 28.74 fence 1.42 ms, 2045 BOs
timing: #1516 done at t 42.081 s, 32.5 ms after the sync and hints; device: prepare 0.12 list 0.62 cs 28.63 fence 0.14 ms, 2045 BOs
flip 1/1 buffer 0x5093f0000 +0x1fe0000: sum 0x17fb17d5f47d nonzero 8100/8160 pattern 0
timing: t 42.082 s flip 1/1, VideoOutSubmitFlip took 0.0 ms
timing: #1517 done at t 42.140 s, 44.3 ms after the sync and hints; device: prepare 0.28 list 0.54 cs 28.37 fence 6.10 ms, 2045 BOs
timing: #1518 done at t 42.156 s, 1.3 ms after the sync and hints; device: prepare 0.01 list 0.02 cs 0.04 fence 0.04 ms, 5 BOs (short list)
timing: #1519 done at t 42.171 s, 1.6 ms after the sync and hints; device: prepare 0.02 list 0.02 cs 0.10 fence 0.02 ms, 9 BOs (short list)
timing: #1520 done at t 42.186 s, 1.4 ms after the sync and hints; device: prepare 0.01 list 0.02 cs 0.05 fence 0.03 ms, 5 BOs (short list)
timing: #1521 done at t 42.201 s, 1.7 ms after the sync and hints; device: prepare 0.05 list 0.02 cs 0.06 fence 0.03 ms, 6 BOs (short list)
timing: #1522 done at t 42.216 s, 1.3 ms after the sync and hints; device: prepare 0.00 list 0.02 cs 0.04 fence 0.03 ms, 5 BOs (short list)
timing: #1523 done at t 42.231 s, 1.6 ms after the sync and hints; device: prepare 0.03 list 0.02 cs 0.05 fence 0.04 ms, 6 BOs (short list)
timing: #1524 done at t 42.277 s, 32.9 ms after the sync and hints; device: prepare 0.09 list 0.53 cs 28.22 fence 0.44 ms, 2045 BOs
timing: #1525 done at t 42.293 s, 1.3 ms after the sync and hints; device: prepare 0.00 list 0.02 cs 0.04 fence 0.03 ms, 5 BOs (short list)
timing: #1526 done at t 42.337 s, 30.6 ms after the sync and hints; device: prepare 0.03 list 0.52 cs 28.33 fence 0.01 ms, 2045 BOs
timing: #1527 done at t 42.382 s, 30.7 ms after the sync and hints; device: prepare 0.02 list 0.55 cs 28.55 fence 0.28 ms, 2045 BOs
timing: #1528 done at t 42.430 s, 33.6 ms after the sync and hints; device: prepare 0.05 list 0.54 cs 28.49 fence 0.73 ms, 2045 BOs
timing: #1529 done at t 42.475 s, 32.2 ms after the sync and hints; device: prepare 0.15 list 0.59 cs 28.60 fence 1.43 ms, 2045 BOs
timing: #1530 done at t 42.521 s, 32.2 ms after the sync and hints; device: prepare 0.07 list 0.54 cs 28.36 fence 0.15 ms, 2045 BOs
flip 1/0 buffer 0x507410000 +0x1fe0000: sum 0x17fb17d5f47d nonzero 8100/8160 pattern 0
timing: t 42.522 s flip 1/0, VideoOutSubmitFlip took 0.0 ms
timing: #1531 done at t 42.581 s, 44.6 ms after the sync and hints; device: prepare 0.31 list 0.52 cs 28.44 fence 6.14 ms, 2045 BOs
timing: #1532 done at t 42.597 s, 1.4 ms after the sync and hints; device: prepare 0.00 list 0.01 cs 0.07 fence 0.05 ms, 5 BOs (short list)
timing: #1533 done at t 42.612 s, 1.4 ms after the sync and hints; device: prepare 0.01 list 0.02 cs 0.10 fence 0.04 ms, 9 BOs (short list)
timing: #1534 done at t 42.627 s, 1.3 ms after the sync and hints; device: prepare 0.00 list 0.02 cs 0.04 fence 0.03 ms, 5 BOs (short list)
timing: #1535 done at t 42.643 s, 1.7 ms after the sync and hints; device: prepare 0.03 list 0.02 cs 0.06 fence 0.03 ms, 6 BOs (short list)
timing: #1536 done at t 42.657 s, 1.2 ms after the sync and hints; device: prepare 0.00 list 0.01 cs 0.03 fence 0.03 ms, 5 BOs (short list)
timing: #1537 done at t 42.672 s, 1.7 ms after the sync and hints; device: prepare 0.03 list 0.01 cs 0.05 fence 0.04 ms, 6 BOs (short list)
timing: #1538 done at t 42.719 s, 33.1 ms after the sync and hints; device: prepare 0.09 list 0.53 cs 28.50 fence 0.46 ms, 2045 BOs
timing: #1539 done at t 42.764 s, 31.3 ms after the sync and hints; device: prepare 0.04 list 0.55 cs 28.87 fence 0.01 ms, 2045 BOs
timing: #1540 done at t 42.779 s, 1.3 ms after the sync and hints; device: prepare 0.01 list 0.02 cs 0.03 fence 0.03 ms, 5 BOs (short list)
timing: #1541 done at t 42.824 s, 31.0 ms after the sync and hints; device: prepare 0.02 list 0.61 cs 28.73 fence 0.32 ms, 2045 BOs
timing: #1542 done at t 42.871 s, 33.6 ms after the sync and hints; device: prepare 0.05 list 0.54 cs 28.40 fence 0.74 ms, 2045 BOs
timing: #1543 done at t 42.917 s, 32.0 ms after the sync and hints; device: prepare 0.07 list 0.55 cs 28.52 fence 1.44 ms, 2045 BOs
timing: #1544 done at t 42.963 s, 32.6 ms after the sync and hints; device: prepare 0.06 list 0.52 cs 28.60 fence 0.14 ms, 2045 BOs
flip 1/1 buffer 0x5093f0000 +0x1fe0000: sum 0x17fb17d5f47d nonzero 8100/8160 pattern 0
timing: t 42.964 s flip 1/1, VideoOutSubmitFlip took 0.0 ms
timing: #1545 done at t 43.023 s, 44.5 ms after the sync and hints; device: prepare 0.26 list 0.53 cs 28.36 fence 6.12 ms, 2045 BOs
timing: #1546 done at t 43.039 s, 1.3 ms after the sync and hints; device: prepare 0.00 list 0.02 cs 0.04 fence 0.05 ms, 5 BOs (short list)
timing: #1547 done at t 43.054 s, 1.3 ms after the sync and hints; device: prepare 0.01 list 0.02 cs 0.10 fence 0.04 ms, 9 BOs (short list)
timing: #1548 done at t 43.069 s, 1.3 ms after the sync and hints; device: prepare 0.00 list 0.01 cs 0.04 fence 0.03 ms, 5 BOs (short list)
timing: #1549 done at t 43.084 s, 1.7 ms after the sync and hints; device: prepare 0.03 list 0.02 cs 0.06 fence 0.03 ms, 6 BOs (short list)
timing: #1550 done at t 43.098 s, 1.3 ms after the sync and hints; device: prepare 0.00 list 0.02 cs 0.04 fence 0.03 ms, 5 BOs (short list)
timing: #1551 done at t 43.114 s, 1.6 ms after the sync and hints; device: prepare 0.03 list 0.02 cs 0.05 fence 0.04 ms, 6 BOs (short list)
timing: #1552 done at t 43.160 s, 32.8 ms after the sync and hints; device: prepare 0.09 list 0.54 cs 28.16 fence 0.45 ms, 2045 BOs
timing: #1553 done at t 43.175 s, 1.3 ms after the sync and hints; device: prepare 0.00 list 0.02 cs 0.04 fence 0.04 ms, 5 BOs (short list)
timing: #1554 done at t 43.220 s, 30.6 ms after the sync and hints; device: prepare 0.03 list 0.52 cs 28.31 fence 0.01 ms, 2045 BOs
timing: #1555 done at t 43.265 s, 31.0 ms after the sync and hints; device: prepare 0.02 list 0.55 cs 28.75 fence 0.30 ms, 2045 BOs
timing: #1556 done at t 43.313 s, 33.6 ms after the sync and hints; device: prepare 0.05 list 0.53 cs 28.46 fence 0.74 ms, 2045 BOs
timing: #1557 done at t 43.358 s, 31.9 ms after the sync and hints; device: prepare 0.07 list 0.54 cs 28.34 fence 1.42 ms, 2045 BOs
timing: #1558 done at t 43.405 s, 32.3 ms after the sync and hints; device: prepare 0.06 list 0.55 cs 28.59 fence 0.14 ms, 2045 BOs
flip 1/0 buffer 0x507410000 +0x1fe0000: sum 0x17fb17d5f47d nonzero 8100/8160 pattern 0
timing: t 43.405 s flip 1/0, VideoOutSubmitFlip took 0.0 ms
timing: #1559 done at t 43.464 s, 44.6 ms after the sync and hints; device: prepare 0.30 list 0.53 cs 28.54 fence 6.15 ms, 2045 BOs
timing: #1560 done at t 43.480 s, 1.3 ms after the sync and hints; device: prepare 0.00 list 0.02 cs 0.04 fence 0.05 ms, 5 BOs (short list)
timing: #1561 done at t 43.495 s, 1.3 ms after the sync and hints; device: prepare 0.01 list 0.02 cs 0.10 fence 0.04 ms, 9 BOs (short list)
timing: #1562 done at t 43.510 s, 1.3 ms after the sync and hints; device: prepare 0.01 list 0.02 cs 0.03 fence 0.03 ms, 5 BOs (short list)
timing: #1563 done at t 43.526 s, 1.7 ms after the sync and hints; device: prepare 0.03 list 0.02 cs 0.06 fence 0.03 ms, 6 BOs (short list)
timing: #1564 done at t 43.540 s, 1.3 ms after the sync and hints; device: prepare 0.00 list 0.02 cs 0.03 fence 0.03 ms, 5 BOs (short list)
timing: #1565 done at t 43.555 s, 1.6 ms after the sync and hints; device: prepare 0.03 list 0.01 cs 0.05 fence 0.04 ms, 6 BOs (short list)
timing: #1566 done at t 43.602 s, 33.3 ms after the sync and hints; device: prepare 0.08 list 0.54 cs 28.68 fence 0.46 ms, 2046 BOs
timing: #1567 done at t 43.647 s, 30.5 ms after the sync and hints; device: prepare 0.03 list 0.55 cs 28.23 fence 0.01 ms, 2046 BOs
timing: #1568 done at t 43.662 s, 1.3 ms after the sync and hints; device: prepare 0.00 list 0.02 cs 0.04 fence 0.04 ms, 5 BOs (short list)
timing: #1569 done at t 43.707 s, 31.1 ms after the sync and hints; device: prepare 0.04 list 0.56 cs 28.82 fence 0.30 ms, 2046 BOs
timing: #1570 done at t 43.754 s, 33.7 ms after the sync and hints; device: prepare 0.10 list 0.62 cs 28.31 fence 0.75 ms, 2046 BOs
timing: #1571 done at t 43.800 s, 32.4 ms after the sync and hints; device: prepare 0.07 list 0.57 cs 28.96 fence 1.41 ms, 2046 BOs
timing: #1572 done at t 43.847 s, 33.0 ms after the sync and hints; device: prepare 0.06 list 0.53 cs 29.18 fence 0.12 ms, 2046 BOs
flip 1/1 buffer 0x5093f0000 +0x1fe0000: sum 0x17fb17d5f47d nonzero 8100/8160 pattern 0
timing: t 43.848 s flip 1/1, VideoOutSubmitFlip took 0.0 ms
timing: #1573 done at t 43.907 s, 44.7 ms after the sync and hints; device: prepare 0.29 list 0.55 cs 28.76 fence 6.12 ms, 2046 BOs
timing: #1574 done at t 43.922 s, 1.2 ms after the sync and hints; device: prepare 0.00 list 0.02 cs 0.04 fence 0.04 ms, 5 BOs (short list)
timing: #1575 done at t 43.937 s, 1.3 ms after the sync and hints; device: prepare 0.01 list 0.02 cs 0.09 fence 0.04 ms, 9 BOs (short list)
timing: #1576 done at t 43.953 s, 1.4 ms after the sync and hints; device: prepare 0.00 list 0.02 cs 0.04 fence 0.03 ms, 5 BOs (short list)
timing: #1577 done at t 43.968 s, 1.8 ms after the sync and hints; device: prepare 0.03 list 0.01 cs 0.05 fence 0.03 ms, 6 BOs (short list)
timing: #1578 done at t 43.983 s, 1.3 ms after the sync and hints; device: prepare 0.00 list 0.02 cs 0.04 fence 0.03 ms, 5 BOs (short list)
timing: #1579 done at t 43.998 s, 1.6 ms after the sync and hints; device: prepare 0.03 list 0.02 cs 0.05 fence 0.04 ms, 6 BOs (short list)
timing: #1580 done at t 44.044 s, 33.1 ms after the sync and hints; device: prepare 0.09 list 0.52 cs 28.52 fence 0.44 ms, 2047 BOs
timing: #1581 done at t 44.089 s, 30.6 ms after the sync and hints; device: prepare 0.04 list 0.55 cs 28.17 fence 0.01 ms, 2047 BOs
timing: #1582 done at t 44.104 s, 1.3 ms after the sync and hints; device: prepare 0.00 list 0.02 cs 0.04 fence 0.03 ms, 5 BOs (short list)
timing: #1583 done at t 44.148 s, 30.5 ms after the sync and hints; device: prepare 0.02 list 0.52 cs 28.35 fence 0.31 ms, 2047 BOs
timing: #1584 done at t 44.195 s, 33.5 ms after the sync and hints; device: prepare 0.06 list 0.60 cs 28.21 fence 0.75 ms, 2047 BOs
timing: #1585 done at t 44.240 s, 31.6 ms after the sync and hints; device: prepare 0.07 list 0.54 cs 28.13 fence 1.44 ms, 2047 BOs
timing: #1586 done at t 44.286 s, 32.2 ms after the sync and hints; device: prepare 0.06 list 0.52 cs 28.44 fence 0.14 ms, 2047 BOs
flip 1/0 buffer 0x507410000 +0x1fe0000: sum 0x17fb17d5f47d nonzero 8100/8160 pattern 0
timing: t 44.287 s flip 1/0, VideoOutSubmitFlip took 0.0 ms
timing: #1587 done at t 44.346 s, 44.7 ms after the sync and hints; device: prepare 0.26 list 0.54 cs 28.77 fence 6.10 ms, 2047 BOs
timing: #1588 done at t 44.361 s, 1.2 ms after the sync and hints; device: prepare 0.00 list 0.01 cs 0.04 fence 0.03 ms, 5 BOs (short list)
timing: #1589 done at t 44.376 s, 1.4 ms after the sync and hints; device: prepare 0.03 list 0.02 cs 0.14 fence 0.03 ms, 9 BOs (short list)
timing: #1590 done at t 44.392 s, 1.3 ms after the sync and hints; device: prepare 0.00 list 0.02 cs 0.04 fence 0.03 ms, 5 BOs (short list)
timing: #1591 done at t 44.407 s, 1.7 ms after the sync and hints; device: prepare 0.03 list 0.02 cs 0.05 fence 0.03 ms, 6 BOs (short list)
timing: #1592 done at t 44.422 s, 1.3 ms after the sync and hints; device: prepare 0.01 list 0.02 cs 0.04 fence 0.03 ms, 5 BOs (short list)
timing: #1593 done at t 44.437 s, 1.6 ms after the sync and hints; device: prepare 0.03 list 0.02 cs 0.05 fence 0.04 ms, 6 BOs (short list)
timing: #1594 done at t 44.484 s, 33.5 ms after the sync and hints; device: prepare 0.09 list 0.53 cs 28.26 fence 0.47 ms, 2047 BOs
timing: #1595 done at t 44.529 s, 30.8 ms after the sync and hints; device: prepare 0.03 list 0.53 cs 28.48 fence 0.01 ms, 2047 BOs
timing: #1596 done at t 44.544 s, 1.4 ms after the sync and hints; device: prepare 0.01 list 0.02 cs 0.03 fence 0.03 ms, 5 BOs (short list)
timing: #1597 done at t 44.588 s, 30.6 ms after the sync and hints; device: prepare 0.02 list 0.54 cs 28.41 fence 0.31 ms, 2047 BOs
timing: #1598 done at t 44.635 s, 33.3 ms after the sync and hints; device: prepare 0.06 list 0.54 cs 28.15 fence 0.75 ms, 2047 BOs
timing: #1599 done at t 44.680 s, 32.2 ms after the sync and hints; device: prepare 0.07 list 0.56 cs 28.73 fence 1.44 ms, 2047 BOs
timing: #1600 done at t 44.727 s, 32.2 ms after the sync and hints; device: prepare 0.06 list 0.54 cs 28.47 fence 0.14 ms, 2047 BOs
flip 1/1 buffer 0x5093f0000 +0x1fe0000: sum 0x17fb17d5f47d nonzero 8100/8160 pattern 0
timing: t 44.728 s flip 1/1, VideoOutSubmitFlip took 0.0 ms
timing: #1601 done at t 44.787 s, 44.8 ms after the sync and hints; device: prepare 0.30 list 0.55 cs 28.61 fence 6.10 ms, 2047 BOs
timing: #1602 done at t 44.802 s, 1.4 ms after the sync and hints; device: prepare 0.00 list 0.02 cs 0.04 fence 0.03 ms, 5 BOs (short list)
timing: #1603 done at t 44.817 s, 1.4 ms after the sync and hints; device: prepare 0.02 list 0.02 cs 0.10 fence 0.03 ms, 9 BOs (short list)
timing: #1604 done at t 44.832 s, 1.4 ms after the sync and hints; device: prepare 0.01 list 0.02 cs 0.04 fence 0.03 ms, 5 BOs (short list)
timing: #1605 done at t 44.848 s, 1.7 ms after the sync and hints; device: prepare 0.04 list 0.02 cs 0.06 fence 0.03 ms, 6 BOs (short list)
timing: #1606 done at t 44.863 s, 1.3 ms after the sync and hints; device: prepare 0.00 list 0.01 cs 0.04 fence 0.03 ms, 5 BOs (short list)
timing: #1607 done at t 44.878 s, 1.6 ms after the sync and hints; device: prepare 0.03 list 0.02 cs 0.05 fence 0.04 ms, 6 BOs (short list)
timing: #1608 done at t 44.926 s, 33.6 ms after the sync and hints; device: prepare 0.19 list 0.54 cs 28.85 fence 0.46 ms, 2047 BOs
timing: #1609 done at t 44.971 s, 30.7 ms after the sync and hints; device: prepare 0.03 list 0.52 cs 28.38 fence 0.00 ms, 2047 BOs
timing: #1610 done at t 44.986 s, 1.3 ms after the sync and hints; device: prepare 0.00 list 0.02 cs 0.04 fence 0.03 ms, 5 BOs (short list)
timing: #1611 done at t 45.029 s, 30.3 ms after the sync and hints; device: prepare 0.02 list 0.53 cs 28.17 fence 0.30 ms, 2047 BOs
timing: #1612 done at t 45.076 s, 33.5 ms after the sync and hints; device: prepare 0.06 list 0.53 cs 28.36 fence 0.76 ms, 2047 BOs
timing: #1613 done at t 45.122 s, 32.0 ms after the sync and hints; device: prepare 0.11 list 0.53 cs 28.48 fence 1.46 ms, 2047 BOs
timing: #1614 done at t 45.168 s, 32.2 ms after the sync and hints; device: prepare 0.06 list 0.53 cs 28.38 fence 0.13 ms, 2047 BOs
flip 1/0 buffer 0x507410000 +0x1fe0000: sum 0x17fb17d5f47d nonzero 8100/8160 pattern 0
timing: t 45.169 s flip 1/0, VideoOutSubmitFlip took 0.0 ms
timing: #1615 done at t 45.227 s, 44.6 ms after the sync and hints; device: prepare 0.30 list 0.54 cs 28.51 fence 6.13 ms, 2047 BOs
timing: #1616 done at t 45.243 s, 1.4 ms after the sync and hints; device: prepare 0.01 list 0.02 cs 0.04 fence 0.03 ms, 5 BOs (short list)
timing: #1617 done at t 45.258 s, 1.4 ms after the sync and hints; device: prepare 0.02 list 0.01 cs 0.10 fence 0.03 ms, 9 BOs (short list)
timing: #1618 done at t 45.273 s, 1.3 ms after the sync and hints; device: prepare 0.00 list 0.01 cs 0.04 fence 0.02 ms, 5 BOs (short list)
timing: #1619 done at t 45.288 s, 1.7 ms after the sync and hints; device: prepare 0.03 list 0.02 cs 0.06 fence 0.03 ms, 6 BOs (short list)
timing: #1620 done at t 45.303 s, 1.4 ms after the sync and hints; device: prepare 0.00 list 0.02 cs 0.04 fence 0.03 ms, 5 BOs (short list)
timing: #1621 done at t 45.318 s, 1.8 ms after the sync and hints; device: prepare 0.04 list 0.02 cs 0.06 fence 0.04 ms, 6 BOs (short list)
timing: #1622 done at t 45.365 s, 33.4 ms after the sync and hints; device: prepare 0.09 list 0.53 cs 28.62 fence 0.46 ms, 2047 BOs
timing: #1623 done at t 45.410 s, 30.9 ms after the sync and hints; device: prepare 0.04 list 0.57 cs 28.48 fence 0.01 ms, 2047 BOs
timing: #1624 done at t 45.425 s, 1.4 ms after the sync and hints; device: prepare 0.00 list 0.02 cs 0.04 fence 0.04 ms, 5 BOs (short list)
timing: #1625 done at t 45.469 s, 30.6 ms after the sync and hints; device: prepare 0.02 list 0.55 cs 28.32 fence 0.32 ms, 2047 BOs
timing: #1626 done at t 45.517 s, 34.2 ms after the sync and hints; device: prepare 0.05 list 0.55 cs 28.94 fence 0.74 ms, 2047 BOs
timing: #1627 done at t 45.562 s, 31.8 ms after the sync and hints; device: prepare 0.06 list 0.55 cs 28.27 fence 1.43 ms, 2047 BOs
timing: #1628 done at t 45.609 s, 32.7 ms after the sync and hints; device: prepare 0.06 list 0.55 cs 28.85 fence 0.14 ms, 2047 BOs
flip 1/1 buffer 0x5093f0000 +0x1fe0000: sum 0x17fb17d5f47d nonzero 8100/8160 pattern 0
timing: t 45.610 s flip 1/1, VideoOutSubmitFlip took 0.0 ms
timing: #1629 done at t 45.671 s, 45.8 ms after the sync and hints; device: prepare 0.33 list 0.54 cs 28.44 fence 6.11 ms, 2047 BOs
timing: #1630 done at t 45.686 s, 1.6 ms after the sync and hints; device: prepare 0.00 list 0.01 cs 0.04 fence 0.04 ms, 5 BOs (short list)
timing: #1631 done at t 45.701 s, 1.5 ms after the sync and hints; device: prepare 0.01 list 0.02 cs 0.10 fence 0.04 ms, 9 BOs (short list)
timing: #1632 done at t 45.716 s, 1.5 ms after the sync and hints; device: prepare 0.01 list 0.02 cs 0.04 fence 0.04 ms, 5 BOs (short list)
timing: #1633 done at t 45.732 s, 2.1 ms after the sync and hints; device: prepare 0.04 list 0.02 cs 0.06 fence 0.04 ms, 6 BOs (short list)
timing: #1634 done at t 45.747 s, 1.7 ms after the sync and hints; device: prepare 0.01 list 0.02 cs 0.04 fence 0.04 ms, 5 BOs (short list)
timing: #1635 done at t 45.763 s, 1.7 ms after the sync and hints; device: prepare 0.03 list 0.02 cs 0.06 fence 0.05 ms, 6 BOs (short list)
timing: #1636 done at t 45.809 s, 33.0 ms after the sync and hints; device: prepare 0.08 list 0.54 cs 28.31 fence 0.47 ms, 2047 BOs
timing: #1637 done at t 45.854 s, 30.5 ms after the sync and hints; device: prepare 0.03 list 0.55 cs 28.10 fence 0.01 ms, 2047 BOs
timing: #1638 done at t 45.869 s, 1.4 ms after the sync and hints; device: prepare 0.00 list 0.01 cs 0.04 fence 0.03 ms, 5 BOs (short list)
timing: #1639 done at t 45.914 s, 31.5 ms after the sync and hints; device: prepare 0.03 list 0.55 cs 29.23 fence 0.31 ms, 2047 BOs
timing: #1640 done at t 45.961 s, 33.3 ms after the sync and hints; device: prepare 0.05 list 0.54 cs 28.03 fence 0.75 ms, 2047 BOs
timing: #1641 done at t 46.007 s, 32.3 ms after the sync and hints; device: prepare 0.07 list 0.53 cs 28.78 fence 1.41 ms, 2047 BOs
timing: #1642 done at t 46.054 s, 32.1 ms after the sync and hints; device: prepare 0.06 list 0.55 cs 28.32 fence 0.14 ms, 2047 BOs
flip 1/0 buffer 0x507410000 +0x1fe0000: sum 0x17fb17d5f47d nonzero 8100/8160 pattern 0
timing: t 46.054 s flip 1/0, VideoOutSubmitFlip took 0.0 ms
timing: #1643 done at t 46.113 s, 44.5 ms after the sync and hints; device: prepare 0.29 list 0.55 cs 28.54 fence 6.13 ms, 2047 BOs
timing: #1644 done at t 46.128 s, 1.4 ms after the sync and hints; device: prepare 0.00 list 0.02 cs 0.04 fence 0.03 ms, 5 BOs (short list)
timing: #1645 done at t 46.143 s, 1.5 ms after the sync and hints; device: prepare 0.02 list 0.02 cs 0.10 fence 0.03 ms, 9 BOs (short list)
timing: #1646 done at t 46.158 s, 1.4 ms after the sync and hints; device: prepare 0.00 list 0.02 cs 0.03 fence 0.04 ms, 5 BOs (short list)
timing: #1647 done at t 46.173 s, 1.7 ms after the sync and hints; device: prepare 0.03 list 0.02 cs 0.05 fence 0.03 ms, 6 BOs (short list)
timing: #1648 done at t 46.188 s, 1.4 ms after the sync and hints; device: prepare 0.00 list 0.01 cs 0.03 fence 0.02 ms, 5 BOs (short list)
timing: #1649 done at t 46.203 s, 1.8 ms after the sync and hints; device: prepare 0.03 list 0.02 cs 0.06 fence 0.04 ms, 6 BOs (short list)
timing: #1650 done at t 46.249 s, 33.1 ms after the sync and hints; device: prepare 0.08 list 0.54 cs 28.40 fence 0.46 ms, 2047 BOs
timing: #1651 done at t 46.295 s, 31.1 ms after the sync and hints; device: prepare 0.03 list 0.57 cs 28.64 fence 0.01 ms, 2047 BOs
timing: #1652 done at t 46.310 s, 1.4 ms after the sync and hints; device: prepare 0.00 list 0.02 cs 0.04 fence 0.03 ms, 5 BOs (short list)
timing: #1653 done at t 46.354 s, 30.7 ms after the sync and hints; device: prepare 0.02 list 0.55 cs 28.40 fence 0.31 ms, 2047 BOs
timing: #1654 done at t 46.401 s, 33.7 ms after the sync and hints; device: prepare 0.05 list 0.55 cs 28.43 fence 0.74 ms, 2047 BOs
timing: #1655 done at t 46.446 s, 31.7 ms after the sync and hints; device: prepare 0.07 list 0.52 cs 28.21 fence 1.43 ms, 2047 BOs
timing: #1656 done at t 46.493 s, 33.0 ms after the sync and hints; device: prepare 0.06 list 0.58 cs 29.02 fence 0.14 ms, 2047 BOs
flip 1/1 buffer 0x5093f0000 +0x1fe0000: sum 0x17fb17d5f47d nonzero 8100/8160 pattern 0
timing: t 46.494 s flip 1/1, VideoOutSubmitFlip took 0.0 ms
timing: #1657 done at t 46.554 s, 45.5 ms after the sync and hints; device: prepare 0.33 list 0.55 cs 28.68 fence 6.13 ms, 2047 BOs
timing: #1658 done at t 46.569 s, 1.4 ms after the sync and hints; device: prepare 0.00 list 0.01 cs 0.04 fence 0.03 ms, 5 BOs (short list)
timing: #1659 done at t 46.584 s, 1.4 ms after the sync and hints; device: prepare 0.01 list 0.02 cs 0.09 fence 0.03 ms, 9 BOs (short list)
timing: #1660 done at t 46.600 s, 1.4 ms after the sync and hints; device: prepare 0.00 list 0.02 cs 0.04 fence 0.05 ms, 5 BOs (short list)
timing: #1661 done at t 46.615 s, 1.8 ms after the sync and hints; device: prepare 0.03 list 0.02 cs 0.06 fence 0.03 ms, 6 BOs (short list)
timing: #1662 done at t 46.630 s, 1.5 ms after the sync and hints; device: prepare 0.01 list 0.02 cs 0.04 fence 0.03 ms, 5 BOs (short list)
timing: #1663 done at t 46.645 s, 1.8 ms after the sync and hints; device: prepare 0.03 list 0.01 cs 0.05 fence 0.06 ms, 6 BOs (short list)
timing: #1664 done at t 46.691 s, 33.0 ms after the sync and hints; device: prepare 0.08 list 0.55 cs 28.21 fence 0.47 ms, 2048 BOs
timing: #1665 done at t 46.736 s, 30.7 ms after the sync and hints; device: prepare 0.03 list 0.56 cs 28.26 fence 0.01 ms, 2048 BOs
timing: #1666 done at t 46.751 s, 1.4 ms after the sync and hints; device: prepare 0.00 list 0.02 cs 0.04 fence 0.03 ms, 5 BOs (short list)
timing: #1667 done at t 46.796 s, 30.8 ms after the sync and hints; device: prepare 0.02 list 0.55 cs 28.55 fence 0.32 ms, 2048 BOs
timing: #1668 done at t 46.843 s, 33.9 ms after the sync and hints; device: prepare 0.05 list 0.56 cs 28.48 fence 0.74 ms, 2048 BOs
timing: #1669 done at t 46.889 s, 32.4 ms after the sync and hints; device: prepare 0.07 list 0.54 cs 28.72 fence 1.43 ms, 2048 BOs
timing: #1670 done at t 46.935 s, 32.3 ms after the sync and hints; device: prepare 0.06 list 0.59 cs 28.40 fence 0.14 ms, 2048 BOs
flip 1/0 buffer 0x507410000 +0x1fe0000: sum 0x17fb17d5f47d nonzero 8100/8160 pattern 0
timing: t 46.936 s flip 1/0, VideoOutSubmitFlip took 0.0 ms
timing: #1671 done at t 46.997 s, 45.6 ms after the sync and hints; device: prepare 0.27 list 0.53 cs 29.38 fence 6.16 ms, 2048 BOs
timing: #1672 done at t 47.012 s, 1.4 ms after the sync and hints; device: prepare 0.00 list 0.02 cs 0.04 fence 0.03 ms, 5 BOs (short list)
timing: #1673 done at t 47.028 s, 1.5 ms after the sync and hints; device: prepare 0.02 list 0.02 cs 0.10 fence 0.03 ms, 9 BOs (short list)
timing: #1674 done at t 47.043 s, 1.5 ms after the sync and hints; device: prepare 0.01 list 0.02 cs 0.04 fence 0.04 ms, 5 BOs (short list)
timing: #1675 done at t 47.059 s, 1.8 ms after the sync and hints; device: prepare 0.03 list 0.02 cs 0.05 fence 0.03 ms, 6 BOs (short list)
timing: #1676 done at t 47.074 s, 1.4 ms after the sync and hints; device: prepare 0.00 list 0.02 cs 0.04 fence 0.03 ms, 5 BOs (short list)
timing: #1677 done at t 47.090 s, 1.8 ms after the sync and hints; device: prepare 0.03 list 0.02 cs 0.05 fence 0.04 ms, 6 BOs (short list)
timing: #1678 done at t 47.137 s, 33.5 ms after the sync and hints; device: prepare 0.08 list 0.54 cs 28.75 fence 0.45 ms, 2048 BOs
timing: #1679 done at t 47.182 s, 31.0 ms after the sync and hints; device: prepare 0.04 list 0.55 cs 28.48 fence 0.01 ms, 2048 BOs
timing: #1680 done at t 47.197 s, 1.4 ms after the sync and hints; device: prepare 0.00 list 0.02 cs 0.04 fence 0.03 ms, 5 BOs (short list)
timing: #1681 done at t 47.241 s, 30.6 ms after the sync and hints; device: prepare 0.02 list 0.52 cs 28.27 fence 0.33 ms, 2048 BOs
timing: #1682 done at t 47.288 s, 33.6 ms after the sync and hints; device: prepare 0.05 list 0.55 cs 28.30 fence 0.74 ms, 2048 BOs
timing: #1683 done at t 47.334 s, 31.8 ms after the sync and hints; device: prepare 0.07 list 0.54 cs 28.24 fence 1.44 ms, 2048 BOs
timing: #1684 done at t 47.380 s, 32.7 ms after the sync and hints; device: prepare 0.06 list 0.56 cs 28.75 fence 0.15 ms, 2048 BOs
flip 1/1 buffer 0x5093f0000 +0x1fe0000: sum 0x17fb17d5f47d nonzero 8100/8160 pattern 0
timing: t 47.381 s flip 1/1, VideoOutSubmitFlip took 0.0 ms
timing: #1685 done at t 47.441 s, 45.7 ms after the sync and hints; device: prepare 0.27 list 0.57 cs 28.90 fence 6.09 ms, 2048 BOs
timing: #1686 done at t 47.456 s, 1.9 ms after the sync and hints; device: prepare 0.01 list 0.01 cs 0.04 fence 0.03 ms, 5 BOs (short list)
timing: #1687 done at t 47.471 s, 1.5 ms after the sync and hints; device: prepare 0.01 list 0.01 cs 0.10 fence 0.03 ms, 9 BOs (short list)
timing: #1688 done at t 47.486 s, 1.6 ms after the sync and hints; device: prepare 0.00 list 0.02 cs 0.04 fence 0.04 ms, 5 BOs (short list)
timing: #1689 done at t 47.502 s, 1.8 ms after the sync and hints; device: prepare 0.04 list 0.02 cs 0.05 fence 0.03 ms, 6 BOs (short list)
timing: #1690 done at t 47.517 s, 1.4 ms after the sync and hints; device: prepare 0.00 list 0.02 cs 0.04 fence 0.03 ms, 5 BOs (short list)
timing: #1691 done at t 47.532 s, 1.8 ms after the sync and hints; device: prepare 0.03 list 0.01 cs 0.06 fence 0.03 ms, 6 BOs (short list)
timing: #1692 done at t 47.579 s, 33.4 ms after the sync and hints; device: prepare 0.09 list 0.56 cs 28.40 fence 0.44 ms, 2048 BOs
timing: #1693 done at t 47.624 s, 31.1 ms after the sync and hints; device: prepare 0.04 list 0.55 cs 28.59 fence 0.01 ms, 2048 BOs
timing: #1694 done at t 47.639 s, 1.4 ms after the sync and hints; device: prepare 0.00 list 0.02 cs 0.04 fence 0.03 ms, 5 BOs (short list)
timing: #1695 done at t 47.683 s, 30.7 ms after the sync and hints; device: prepare 0.02 list 0.54 cs 28.43 fence 0.31 ms, 2048 BOs
timing: #1696 done at t 47.730 s, 33.8 ms after the sync and hints; device: prepare 0.05 list 0.57 cs 28.59 fence 0.72 ms, 2048 BOs
timing: #1697 done at t 47.776 s, 31.7 ms after the sync and hints; device: prepare 0.07 list 0.54 cs 28.18 fence 1.44 ms, 2048 BOs
timing: #1698 done at t 47.822 s, 32.2 ms after the sync and hints; device: prepare 0.06 list 0.56 cs 28.37 fence 0.15 ms, 2048 BOs
flip 1/0 buffer 0x507410000 +0x1fe0000: sum 0x17fb17d5f47d nonzero 8100/8160 pattern 0
timing: t 47.822 s flip 1/0, VideoOutSubmitFlip took 0.0 ms
timing: #1699 done at t 47.881 s, 44.5 ms after the sync and hints; device: prepare 0.31 list 0.55 cs 28.42 fence 6.15 ms, 2048 BOs
timing: #1700 done at t 47.897 s, 1.5 ms after the sync and hints; device: prepare 0.01 list 0.02 cs 0.04 fence 0.03 ms, 5 BOs (short list)
timing: #1701 done at t 47.912 s, 1.5 ms after the sync and hints; device: prepare 0.01 list 0.02 cs 0.10 fence 0.03 ms, 9 BOs (short list)
timing: #1702 done at t 47.928 s, 1.5 ms after the sync and hints; device: prepare 0.00 list 0.02 cs 0.04 fence 0.04 ms, 5 BOs (short list)
timing: #1703 done at t 47.943 s, 1.8 ms after the sync and hints; device: prepare 0.04 list 0.02 cs 0.05 fence 0.03 ms, 6 BOs (short list)
timing: #1704 done at t 47.958 s, 1.4 ms after the sync and hints; device: prepare 0.00 list 0.02 cs 0.04 fence 0.03 ms, 5 BOs (short list)
timing: #1705 done at t 47.973 s, 1.8 ms after the sync and hints; device: prepare 0.06 list 0.02 cs 0.06 fence 0.04 ms, 6 BOs (short list)
timing: #1706 done at t 48.020 s, 33.1 ms after the sync and hints; device: prepare 0.08 list 0.54 cs 28.27 fence 0.48 ms, 2048 BOs
timing: #1707 done at t 48.065 s, 30.9 ms after the sync and hints; device: prepare 0.03 list 0.55 cs 28.50 fence 0.01 ms, 2048 BOs
timing: #1708 done at t 48.080 s, 1.5 ms after the sync and hints; device: prepare 0.01 list 0.01 cs 0.04 fence 0.03 ms, 5 BOs (short list)
timing: #1709 done at t 48.125 s, 31.2 ms after the sync and hints; device: prepare 0.02 list 0.56 cs 29.00 fence 0.28 ms, 2048 BOs
timing: #1710 done at t 48.172 s, 33.7 ms after the sync and hints; device: prepare 0.05 list 0.55 cs 28.43 fence 0.74 ms, 2048 BOs
timing: #1711 done at t 48.218 s, 32.1 ms after the sync and hints; device: prepare 0.07 list 0.54 cs 28.51 fence 1.43 ms, 2048 BOs
timing: #1712 done at t 48.264 s, 32.5 ms after the sync and hints; device: prepare 0.06 list 0.55 cs 28.67 fence 0.14 ms, 2048 BOs
flip 1/1 buffer 0x5093f0000 +0x1fe0000: sum 0x17fb17d5f47d nonzero 8100/8160 pattern 0
timing: t 48.265 s flip 1/1, VideoOutSubmitFlip took 0.0 ms
timing: #1713 done at t 48.323 s, 44.5 ms after the sync and hints; device: prepare 0.27 list 0.55 cs 28.37 fence 6.12 ms, 2048 BOs
timing: #1714 done at t 48.339 s, 1.4 ms after the sync and hints; device: prepare 0.00 list 0.02 cs 0.04 fence 0.03 ms, 5 BOs (short list)
timing: #1715 done at t 48.354 s, 1.5 ms after the sync and hints; device: prepare 0.02 list 0.02 cs 0.10 fence 0.03 ms, 9 BOs (short list)
timing: #1716 done at t 48.369 s, 1.4 ms after the sync and hints; device: prepare 0.00 list 0.02 cs 0.04 fence 0.04 ms, 5 BOs (short list)
timing: #1717 done at t 48.384 s, 1.8 ms after the sync and hints; device: prepare 0.03 list 0.02 cs 0.06 fence 0.04 ms, 6 BOs (short list)
timing: #1718 done at t 48.399 s, 1.5 ms after the sync and hints; device: prepare 0.01 list 0.02 cs 0.04 fence 0.05 ms, 5 BOs (short list)
timing: #1719 done at t 48.415 s, 1.8 ms after the sync and hints; device: prepare 0.03 list 0.02 cs 0.05 fence 0.05 ms, 6 BOs (short list)
timing: #1720 done at t 48.465 s, 37.1 ms after the sync and hints; device: prepare 0.09 list 0.64 cs 32.17 fence 0.45 ms, 2048 BOs
timing: #1721 done at t 48.510 s, 30.9 ms after the sync and hints; device: prepare 0.03 list 0.55 cs 28.46 fence 0.01 ms, 2048 BOs
timing: #1722 done at t 48.526 s, 1.4 ms after the sync and hints; device: prepare 0.00 list 0.02 cs 0.04 fence 0.03 ms, 5 BOs (short list)
timing: #1723 done at t 48.570 s, 30.6 ms after the sync and hints; device: prepare 0.02 list 0.53 cs 28.35 fence 0.33 ms, 2048 BOs
timing: #1724 done at t 48.618 s, 33.7 ms after the sync and hints; device: prepare 0.05 list 0.55 cs 28.38 fence 0.75 ms, 2048 BOs
timing: #1725 done at t 48.663 s, 32.0 ms after the sync and hints; device: prepare 0.07 list 0.53 cs 28.44 fence 1.43 ms, 2048 BOs
timing: #1726 done at t 48.711 s, 33.0 ms after the sync and hints; device: prepare 0.12 list 0.60 cs 28.96 fence 0.14 ms, 2048 BOs
flip 1/0 buffer 0x507410000 +0x1fe0000: sum 0x17fb17d5f47d nonzero 8100/8160 pattern 0
timing: t 48.712 s flip 1/0, VideoOutSubmitFlip took 0.0 ms
timing: #1727 done at t 48.770 s, 44.7 ms after the sync and hints; device: prepare 0.30 list 0.59 cs 28.43 fence 6.13 ms, 2048 BOs
timing: #1728 done at t 48.786 s, 1.4 ms after the sync and hints; device: prepare 0.01 list 0.02 cs 0.04 fence 0.03 ms, 5 BOs (short list)
timing: #1729 done at t 48.801 s, 1.5 ms after the sync and hints; device: prepare 0.02 list 0.02 cs 0.10 fence 0.02 ms, 9 BOs (short list)
timing: #1730 done at t 48.816 s, 1.4 ms after the sync and hints; device: prepare 0.01 list 0.02 cs 0.04 fence 0.04 ms, 5 BOs (short list)
timing: #1731 done at t 48.831 s, 1.8 ms after the sync and hints; device: prepare 0.03 list 0.02 cs 0.06 fence 0.05 ms, 6 BOs (short list)
timing: #1732 done at t 48.846 s, 1.4 ms after the sync and hints; device: prepare 0.00 list 0.02 cs 0.04 fence 0.04 ms, 5 BOs (short list)
timing: #1733 done at t 48.862 s, 1.7 ms after the sync and hints; device: prepare 0.03 list 0.02 cs 0.07 fence 0.05 ms, 6 BOs (short list)
timing: #1734 done at t 48.909 s, 33.2 ms after the sync and hints; device: prepare 0.09 list 0.56 cs 28.49 fence 0.46 ms, 2048 BOs
timing: #1735 done at t 48.954 s, 30.9 ms after the sync and hints; device: prepare 0.04 list 0.56 cs 28.42 fence 0.01 ms, 2048 BOs
timing: #1736 done at t 48.969 s, 1.4 ms after the sync and hints; device: prepare 0.00 list 0.01 cs 0.03 fence 0.03 ms, 5 BOs (short list)
timing: #1737 done at t 49.013 s, 30.8 ms after the sync and hints; device: prepare 0.04 list 0.60 cs 28.45 fence 0.31 ms, 2048 BOs
timing: #1738 done at t 49.060 s, 33.7 ms after the sync and hints; device: prepare 0.05 list 0.54 cs 28.38 fence 0.74 ms, 2048 BOs
timing: #1739 done at t 49.107 s, 32.3 ms after the sync and hints; device: prepare 0.07 list 0.52 cs 28.75 fence 1.41 ms, 2048 BOs
timing: #1740 done at t 49.153 s, 32.7 ms after the sync and hints; device: prepare 0.12 list 0.61 cs 28.75 fence 0.14 ms, 2048 BOs
flip 1/1 buffer 0x5093f0000 +0x1fe0000: sum 0x17fb17d5f47d nonzero 8100/8160 pattern 0
timing: t 49.154 s flip 1/1, VideoOutSubmitFlip took 0.0 ms
timing: #1741 done at t 49.214 s, 45.1 ms after the sync and hints; device: prepare 0.29 list 0.62 cs 28.88 fence 6.09 ms, 2048 BOs
timing: #1742 done at t 49.230 s, 1.6 ms after the sync and hints; device: prepare 0.00 list 0.02 cs 0.04 fence 0.03 ms, 5 BOs (short list)
timing: #1743 done at t 49.245 s, 2.0 ms after the sync and hints; device: prepare 0.02 list 0.02 cs 0.10 fence 0.03 ms, 9 BOs (short list)
timing: #1744 done at t 49.261 s, 1.5 ms after the sync and hints; device: prepare 0.00 list 0.02 cs 0.04 fence 0.04 ms, 5 BOs (short list)
timing: #1745 done at t 49.276 s, 1.8 ms after the sync and hints; device: prepare 0.03 list 0.02 cs 0.06 fence 0.04 ms, 6 BOs (short list)
timing: #1746 done at t 49.291 s, 1.5 ms after the sync and hints; device: prepare 0.00 list 0.02 cs 0.04 fence 0.03 ms, 5 BOs (short list)
timing: #1747 done at t 49.307 s, 1.8 ms after the sync and hints; device: prepare 0.03 list 0.01 cs 0.06 fence 0.04 ms, 6 BOs (short list)
timing: #1748 done at t 49.354 s, 33.3 ms after the sync and hints; device: prepare 0.08 list 0.55 cs 28.35 fence 0.46 ms, 2048 BOs
timing: #1749 done at t 49.399 s, 31.3 ms after the sync and hints; device: prepare 0.04 list 0.63 cs 28.79 fence 0.01 ms, 2048 BOs
timing: #1750 done at t 49.416 s, 1.4 ms after the sync and hints; device: prepare 0.00 list 0.02 cs 0.04 fence 0.02 ms, 5 BOs (short list)
timing: #1751 done at t 49.460 s, 30.8 ms after the sync and hints; device: prepare 0.02 list 0.53 cs 28.64 fence 0.28 ms, 2048 BOs
timing: #1752 done at t 49.509 s, 34.2 ms after the sync and hints; device: prepare 0.06 list 0.54 cs 28.64 fence 0.74 ms, 2048 BOs
timing: #1753 done at t 49.554 s, 31.9 ms after the sync and hints; device: prepare 0.07 list 0.53 cs 28.40 fence 1.43 ms, 2048 BOs
timing: #1754 done at t 49.601 s, 32.6 ms after the sync and hints; device: prepare 0.12 list 0.58 cs 28.66 fence 0.13 ms, 2048 BOs
flip 1/0 buffer 0x507410000 +0x1fe0000: sum 0x17fb17d5f47d nonzero 8100/8160 pattern 0
timing: t 49.601 s flip 1/0, VideoOutSubmitFlip took 0.0 ms
timing: #1755 done at t 49.661 s, 45.3 ms after the sync and hints; device: prepare 0.26 list 0.55 cs 29.03 fence 6.13 ms, 2048 BOs
timing: #1756 done at t 49.676 s, 1.4 ms after the sync and hints; device: prepare 0.00 list 0.01 cs 0.04 fence 0.03 ms, 5 BOs (short list)
timing: #1757 done at t 49.691 s, 1.5 ms after the sync and hints; device: prepare 0.02 list 0.02 cs 0.11 fence 0.03 ms, 9 BOs (short list)
timing: #1758 done at t 49.706 s, 1.4 ms after the sync and hints; device: prepare 0.00 list 0.02 cs 0.04 fence 0.04 ms, 5 BOs (short list)
timing: #1759 done at t 49.722 s, 1.8 ms after the sync and hints; device: prepare 0.03 list 0.02 cs 0.06 fence 0.04 ms, 6 BOs (short list)
timing: #1760 done at t 49.737 s, 1.4 ms after the sync and hints; device: prepare 0.00 list 0.02 cs 0.04 fence 0.04 ms, 5 BOs (short list)
timing: #1761 done at t 49.752 s, 1.9 ms after the sync and hints; device: prepare 0.06 list 0.02 cs 0.07 fence 0.05 ms, 6 BOs (short list)
timing: #1762 done at t 49.799 s, 33.5 ms after the sync and hints; device: prepare 0.08 list 0.64 cs 28.71 fence 0.46 ms, 2048 BOs
timing: #1763 done at t 49.845 s, 30.9 ms after the sync and hints; device: prepare 0.03 list 0.54 cs 28.36 fence 0.01 ms, 2048 BOs
timing: #1764 done at t 49.860 s, 1.4 ms after the sync and hints; device: prepare 0.00 list 0.01 cs 0.04 fence 0.03 ms, 5 BOs (short list)
timing: #1765 done at t 49.904 s, 30.7 ms after the sync and hints; device: prepare 0.02 list 0.53 cs 28.38 fence 0.31 ms, 2048 BOs
timing: #1766 done at t 49.952 s, 33.7 ms after the sync and hints; device: prepare 0.05 list 0.54 cs 28.38 fence 0.74 ms, 2048 BOs
timing: #1767 done at t 49.997 s, 32.0 ms after the sync and hints; device: prepare 0.07 list 0.53 cs 28.48 fence 1.42 ms, 2048 BOs
timing: #1768 done at t 50.044 s, 32.6 ms after the sync and hints; device: prepare 0.06 list 0.55 cs 28.76 fence 0.12 ms, 2048 BOs
flip 1/1 buffer 0x5093f0000 +0x1fe0000: sum 0x17fb17d5f47d nonzero 8100/8160 pattern 0
timing: t 50.045 s flip 1/1, VideoOutSubmitFlip took 0.0 ms
timing: #1769 done at t 50.104 s, 45.1 ms after the sync and hints; device: prepare 0.31 list 0.57 cs 28.81 fence 6.13 ms, 2048 BOs
timing: #1770 done at t 50.120 s, 1.5 ms after the sync and hints; device: prepare 0.00 list 0.02 cs 0.04 fence 0.04 ms, 5 BOs (short list)
timing: #1771 done at t 50.135 s, 1.4 ms after the sync and hints; device: prepare 0.01 list 0.02 cs 0.10 fence 0.03 ms, 9 BOs (short list)
timing: #1772 done at t 50.151 s, 1.4 ms after the sync and hints; device: prepare 0.00 list 0.02 cs 0.04 fence 0.03 ms, 5 BOs (short list)
timing: #1773 done at t 50.167 s, 1.8 ms after the sync and hints; device: prepare 0.03 list 0.02 cs 0.06 fence 0.03 ms, 6 BOs (short list)
timing: #1774 done at t 50.182 s, 1.5 ms after the sync and hints; device: prepare 0.01 list 0.02 cs 0.04 fence 0.03 ms, 5 BOs (short list)
timing: #1775 done at t 50.197 s, 1.8 ms after the sync and hints; device: prepare 0.03 list 0.02 cs 0.05 fence 0.05 ms, 6 BOs (short list)
timing: #1776 done at t 50.244 s, 33.1 ms after the sync and hints; device: prepare 0.08 list 0.55 cs 28.31 fence 0.47 ms, 2048 BOs
timing: #1777 done at t 50.260 s, 1.4 ms after the sync and hints; device: prepare 0.00 list 0.01 cs 0.04 fence 0.03 ms, 5 BOs (short list)
timing: #1778 done at t 50.304 s, 30.9 ms after the sync and hints; device: prepare 0.03 list 0.55 cs 28.43 fence 0.01 ms, 2048 BOs
timing: #1779 done at t 50.349 s, 30.9 ms after the sync and hints; device: prepare 0.02 list 0.58 cs 28.64 fence 0.29 ms, 2048 BOs
timing: #1780 done at t 50.397 s, 34.5 ms after the sync and hints; device: prepare 0.10 list 0.70 cs 28.85 fence 0.74 ms, 2048 BOs
timing: #1781 done at t 50.443 s, 31.9 ms after the sync and hints; device: prepare 0.07 list 0.53 cs 28.40 fence 1.43 ms, 2048 BOs
timing: #1782 done at t 50.489 s, 32.3 ms after the sync and hints; device: prepare 0.06 list 0.55 cs 28.34 fence 0.15 ms, 2048 BOs
flip 1/0 buffer 0x507410000 +0x1fe0000: sum 0x17fb17d5f47d nonzero 8100/8160 pattern 0
timing: t 50.490 s flip 1/0, VideoOutSubmitFlip took 0.0 ms
timing: #1783 done at t 50.549 s, 44.8 ms after the sync and hints; device: prepare 0.28 list 0.54 cs 28.52 fence 6.14 ms, 2048 BOs
timing: #1784 done at t 50.564 s, 1.4 ms after the sync and hints; device: prepare 0.00 list 0.01 cs 0.04 fence 0.04 ms, 5 BOs (short list)
timing: #1785 done at t 50.579 s, 1.5 ms after the sync and hints; device: prepare 0.01 list 0.02 cs 0.10 fence 0.03 ms, 9 BOs (short list)
timing: #1786 done at t 50.595 s, 1.4 ms after the sync and hints; device: prepare 0.01 list 0.02 cs 0.04 fence 0.03 ms, 5 BOs (short list)
timing: #1787 done at t 50.610 s, 1.8 ms after the sync and hints; device: prepare 0.03 list 0.02 cs 0.05 fence 0.03 ms, 6 BOs (short list)
timing: #1788 done at t 50.625 s, 1.5 ms after the sync and hints; device: prepare 0.00 list 0.02 cs 0.04 fence 0.03 ms, 5 BOs (short list)
timing: #1789 done at t 50.640 s, 1.8 ms after the sync and hints; device: prepare 0.03 list 0.01 cs 0.05 fence 0.04 ms, 6 BOs (short list)
timing: #1790 done at t 50.687 s, 33.3 ms after the sync and hints; device: prepare 0.13 list 0.63 cs 28.36 fence 0.46 ms, 2048 BOs
timing: #1791 done at t 50.733 s, 32.3 ms after the sync and hints; device: prepare 0.04 list 0.57 cs 28.44 fence 0.01 ms, 2048 BOs
timing: #1792 done at t 50.748 s, 1.5 ms after the sync and hints; device: prepare 0.01 list 0.02 cs 0.04 fence 0.02 ms, 5 BOs (short list)
timing: #1793 done at t 50.792 s, 31.0 ms after the sync and hints; device: prepare 0.02 list 0.53 cs 28.71 fence 0.30 ms, 2048 BOs
timing: #1794 done at t 50.841 s, 34.4 ms after the sync and hints; device: prepare 0.06 list 0.55 cs 28.94 fence 0.73 ms, 2048 BOs
timing: #1795 done at t 50.887 s, 32.6 ms after the sync and hints; device: prepare 0.14 list 0.60 cs 28.88 fence 1.42 ms, 2048 BOs
timing: #1796 done at t 50.934 s, 32.6 ms after the sync and hints; device: prepare 0.06 list 0.55 cs 28.56 fence 0.13 ms, 2048 BOs
flip 1/1 buffer 0x5093f0000 +0x1fe0000: sum 0x17fb17d5f47d nonzero 8100/8160 pattern 0
timing: t 50.935 s flip 1/1, VideoOutSubmitFlip took 0.0 ms
timing: #1797 done at t 50.994 s, 44.7 ms after the sync and hints; device: prepare 0.25 list 0.55 cs 28.52 fence 6.12 ms, 2048 BOs
timing: #1798 done at t 51.009 s, 1.4 ms after the sync and hints; device: prepare 0.00 list 0.02 cs 0.04 fence 0.04 ms, 5 BOs (short list)
timing: #1799 done at t 51.024 s, 1.5 ms after the sync and hints; device: prepare 0.02 list 0.02 cs 0.10 fence 0.04 ms, 9 BOs (short list)
timing: #1800 done at t 51.040 s, 1.6 ms after the sync and hints; device: prepare 0.00 list 0.02 cs 0.04 fence 0.03 ms, 5 BOs (short list)
timing: #1801 done at t 51.055 s, 1.8 ms after the sync and hints; device: prepare 0.04 list 0.02 cs 0.05 fence 0.03 ms, 6 BOs (short list)
timing: #1802 done at t 51.071 s, 1.5 ms after the sync and hints; device: prepare 0.00 list 0.02 cs 0.04 fence 0.03 ms, 5 BOs (short list)
timing: #1803 done at t 51.086 s, 1.7 ms after the sync and hints; device: prepare 0.03 list 0.02 cs 0.05 fence 0.04 ms, 6 BOs (short list)
timing: #1804 done at t 51.134 s, 34.1 ms after the sync and hints; device: prepare 0.18 list 0.58 cs 29.23 fence 0.45 ms, 2049 BOs
timing: #1805 done at t 51.180 s, 31.7 ms after the sync and hints; device: prepare 0.06 list 0.59 cs 29.10 fence 0.01 ms, 2049 BOs
timing: #1806 done at t 51.195 s, 1.4 ms after the sync and hints; device: prepare 0.01 list 0.02 cs 0.04 fence 0.03 ms, 5 BOs (short list)
timing: #1807 done at t 51.239 s, 31.0 ms after the sync and hints; device: prepare 0.02 list 0.53 cs 28.60 fence 0.31 ms, 2049 BOs
timing: #1808 done at t 51.287 s, 34.3 ms after the sync and hints; device: prepare 0.12 list 0.65 cs 28.72 fence 0.73 ms, 2049 BOs
timing: #1809 done at t 51.332 s, 32.0 ms after the sync and hints; device: prepare 0.08 list 0.53 cs 28.42 fence 1.44 ms, 2049 BOs
timing: #1810 done at t 51.379 s, 32.6 ms after the sync and hints; device: prepare 0.06 list 0.54 cs 28.79 fence 0.13 ms, 2049 BOs
flip 1/0 buffer 0x507410000 +0x1fe0000: sum 0x17fb17d5f47d nonzero 8100/8160 pattern 0
timing: t 51.380 s flip 1/0, VideoOutSubmitFlip took 0.0 ms
timing: #1811 done at t 51.441 s, 46.9 ms after the sync and hints; device: prepare 0.29 list 0.55 cs 28.52 fence 6.13 ms, 2049 BOs
timing: #1812 done at t 51.457 s, 2.0 ms after the sync and hints; device: prepare 0.01 list 0.02 cs 0.04 fence 0.03 ms, 5 BOs (short list)
timing: #1813 done at t 51.472 s, 1.5 ms after the sync and hints; device: prepare 0.02 list 0.01 cs 0.10 fence 0.04 ms, 9 BOs (short list)
timing: #1814 done at t 51.488 s, 1.4 ms after the sync and hints; device: prepare 0.00 list 0.01 cs 0.04 fence 0.04 ms, 5 BOs (short list)
timing: #1815 done at t 51.503 s, 1.8 ms after the sync and hints; device: prepare 0.03 list 0.02 cs 0.05 fence 0.03 ms, 6 BOs (short list)
timing: #1816 done at t 51.518 s, 1.4 ms after the sync and hints; device: prepare 0.00 list 0.02 cs 0.04 fence 0.03 ms, 5 BOs (short list)
timing: #1817 done at t 51.534 s, 1.8 ms after the sync and hints; device: prepare 0.03 list 0.02 cs 0.05 fence 0.04 ms, 6 BOs (short list)
timing: #1818 done at t 51.580 s, 33.2 ms after the sync and hints; device: prepare 0.09 list 0.55 cs 28.51 fence 0.45 ms, 2049 BOs
timing: #1819 done at t 51.625 s, 30.7 ms after the sync and hints; device: prepare 0.03 list 0.55 cs 28.26 fence 0.01 ms, 2049 BOs
timing: #1820 done at t 51.640 s, 1.4 ms after the sync and hints; device: prepare 0.00 list 0.02 cs 0.04 fence 0.03 ms, 5 BOs (short list)
timing: #1821 done at t 51.684 s, 30.6 ms after the sync and hints; device: prepare 0.02 list 0.54 cs 28.26 fence 0.33 ms, 2049 BOs
timing: #1822 done at t 51.732 s, 33.7 ms after the sync and hints; device: prepare 0.05 list 0.55 cs 28.42 fence 0.75 ms, 2049 BOs
timing: #1823 done at t 51.778 s, 32.1 ms after the sync and hints; device: prepare 0.07 list 0.54 cs 28.52 fence 1.46 ms, 2049 BOs
timing: #1824 done at t 51.824 s, 32.3 ms after the sync and hints; device: prepare 0.06 list 0.55 cs 28.43 fence 0.13 ms, 2049 BOs
flip 1/1 buffer 0x5093f0000 +0x1fe0000: sum 0x17fb17d5f47d nonzero 8100/8160 pattern 0
timing: t 51.825 s flip 1/1, VideoOutSubmitFlip took 0.0 ms
timing: #1825 done at t 51.885 s, 45.8 ms after the sync and hints; device: prepare 0.29 list 0.56 cs 29.60 fence 6.12 ms, 2049 BOs
timing: #1826 done at t 51.900 s, 1.4 ms after the sync and hints; device: prepare 0.00 list 0.02 cs 0.04 fence 0.03 ms, 5 BOs (short list)
timing: #1827 done at t 51.915 s, 1.5 ms after the sync and hints; device: prepare 0.02 list 0.02 cs 0.09 fence 0.03 ms, 9 BOs (short list)
timing: #1828 done at t 51.930 s, 1.5 ms after the sync and hints; device: prepare 0.00 list 0.02 cs 0.04 fence 0.03 ms, 5 BOs (short list)
timing: #1829 done at t 51.945 s, 1.8 ms after the sync and hints; device: prepare 0.03 list 0.02 cs 0.05 fence 0.04 ms, 6 BOs (short list)
timing: #1830 done at t 51.960 s, 1.4 ms after the sync and hints; device: prepare 0.00 list 0.01 cs 0.04 fence 0.03 ms, 5 BOs (short list)
timing: #1831 done at t 51.976 s, 1.8 ms after the sync and hints; device: prepare 0.03 list 0.02 cs 0.06 fence 0.05 ms, 6 BOs (short list)
timing: #1832 done at t 52.022 s, 33.1 ms after the sync and hints; device: prepare 0.08 list 0.52 cs 28.42 fence 0.46 ms, 2049 BOs
timing: #1833 done at t 52.067 s, 30.8 ms after the sync and hints; device: prepare 0.03 list 0.55 cs 28.29 fence 0.01 ms, 2049 BOs
timing: #1834 done at t 52.082 s, 1.4 ms after the sync and hints; device: prepare 0.00 list 0.01 cs 0.03 fence 0.03 ms, 5 BOs (short list)
timing: #1835 done at t 52.127 s, 30.9 ms after the sync and hints; device: prepare 0.02 list 0.52 cs 28.64 fence 0.32 ms, 2049 BOs
timing: #1836 done at t 52.174 s, 34.0 ms after the sync and hints; device: prepare 0.08 list 0.52 cs 28.62 fence 0.75 ms, 2049 BOs
timing: #1837 done at t 52.220 s, 32.1 ms after the sync and hints; device: prepare 0.07 list 0.55 cs 28.32 fence 1.42 ms, 2049 BOs
timing: #1838 done at t 52.266 s, 32.6 ms after the sync and hints; device: prepare 0.13 list 0.63 cs 28.41 fence 0.15 ms, 2049 BOs
flip 1/0 buffer 0x507410000 +0x1fe0000: sum 0x17fb17d5f47d nonzero 8100/8160 pattern 0
timing: t 52.267 s flip 1/0, VideoOutSubmitFlip took 0.0 ms
timing: #1839 done at t 52.326 s, 45.0 ms after the sync and hints; device: prepare 0.26 list 0.55 cs 28.82 fence 6.13 ms, 2049 BOs
timing: #1840 done at t 52.342 s, 1.7 ms after the sync and hints; device: prepare 0.01 list 0.02 cs 0.04 fence 0.03 ms, 5 BOs (short list)
timing: #1841 done at t 52.357 s, 1.5 ms after the sync and hints; device: prepare 0.02 list 0.02 cs 0.10 fence 0.03 ms, 9 BOs (short list)
timing: #1842 done at t 52.372 s, 1.4 ms after the sync and hints; device: prepare 0.00 list 0.02 cs 0.04 fence 0.04 ms, 5 BOs (short list)
timing: #1843 done at t 52.388 s, 1.8 ms after the sync and hints; device: prepare 0.04 list 0.02 cs 0.05 fence 0.04 ms, 6 BOs (short list)
timing: #1844 done at t 52.403 s, 1.4 ms after the sync and hints; device: prepare 0.00 list 0.02 cs 0.03 fence 0.05 ms, 5 BOs (short list)
timing: #1845 done at t 52.418 s, 1.8 ms after the sync and hints; device: prepare 0.03 list 0.02 cs 0.05 fence 0.05 ms, 6 BOs (short list)
timing: #1846 done at t 52.466 s, 33.7 ms after the sync and hints; device: prepare 0.09 list 0.54 cs 29.02 fence 0.45 ms, 2050 BOs
timing: #1847 done at t 52.511 s, 31.0 ms after the sync and hints; device: prepare 0.06 list 0.61 cs 28.43 fence 0.01 ms, 2050 BOs
timing: #1848 done at t 52.526 s, 1.4 ms after the sync and hints; device: prepare 0.00 list 0.02 cs 0.04 fence 0.03 ms, 5 BOs (short list)
timing: #1849 done at t 52.570 s, 30.6 ms after the sync and hints; device: prepare 0.02 list 0.53 cs 28.27 fence 0.33 ms, 2050 BOs
timing: #1850 done at t 52.618 s, 33.8 ms after the sync and hints; device: prepare 0.06 list 0.55 cs 28.46 fence 0.76 ms, 2050 BOs
timing: #1851 done at t 52.663 s, 32.1 ms after the sync and hints; device: prepare 0.07 list 0.53 cs 28.55 fence 1.43 ms, 2050 BOs
timing: #1852 done at t 52.710 s, 32.7 ms after the sync and hints; device: prepare 0.06 list 0.58 cs 28.73 fence 0.14 ms, 2050 BOs
flip 1/1 buffer 0x5093f0000 +0x1fe0000: sum 0x17fb17d5f47d nonzero 8100/8160 pattern 0
timing: t 52.711 s flip 1/1, VideoOutSubmitFlip took 0.0 ms
timing: #1853 done at t 52.770 s, 44.9 ms after the sync and hints; device: prepare 0.34 list 0.54 cs 28.65 fence 6.12 ms, 2050 BOs
timing: #1854 done at t 52.786 s, 1.4 ms after the sync and hints; device: prepare 0.00 list 0.02 cs 0.04 fence 0.03 ms, 5 BOs (short list)
timing: #1855 done at t 52.801 s, 1.5 ms after the sync and hints; device: prepare 0.01 list 0.02 cs 0.10 fence 0.03 ms, 9 BOs (short list)
timing: #1856 done at t 52.817 s, 1.4 ms after the sync and hints; device: prepare 0.00 list 0.02 cs 0.04 fence 0.03 ms, 5 BOs (short list)
timing: #1857 done at t 52.832 s, 1.9 ms after the sync and hints; device: prepare 0.03 list 0.02 cs 0.06 fence 0.03 ms, 6 BOs (short list)
timing: #1858 done at t 52.848 s, 1.5 ms after the sync and hints; device: prepare 0.01 list 0.02 cs 0.04 fence 0.04 ms, 5 BOs (short list)
timing: #1859 done at t 52.863 s, 1.8 ms after the sync and hints; device: prepare 0.03 list 0.02 cs 0.06 fence 0.04 ms, 6 BOs (short list)
timing: #1860 done at t 52.910 s, 33.4 ms after the sync and hints; device: prepare 0.09 list 0.54 cs 28.31 fence 0.47 ms, 2050 BOs
timing: #1861 done at t 52.956 s, 31.3 ms after the sync and hints; device: prepare 0.06 list 0.58 cs 28.78 fence 0.01 ms, 2050 BOs
timing: #1862 done at t 52.970 s, 1.4 ms after the sync and hints; device: prepare 0.01 list 0.01 cs 0.04 fence 0.03 ms, 5 BOs (short list)
timing: #1863 done at t 53.015 s, 31.0 ms after the sync and hints; device: prepare 0.02 list 0.53 cs 28.68 fence 0.29 ms, 2050 BOs
timing: #1864 done at t 53.062 s, 34.1 ms after the sync and hints; device: prepare 0.10 list 0.55 cs 28.57 fence 0.73 ms, 2050 BOs
timing: #1865 done at t 53.109 s, 33.0 ms after the sync and hints; device: prepare 0.07 list 0.53 cs 29.41 fence 1.44 ms, 2050 BOs
timing: #1866 done at t 53.155 s, 32.4 ms after the sync and hints; device: prepare 0.06 list 0.55 cs 28.44 fence 0.14 ms, 2050 BOs
flip 1/0 buffer 0x507410000 +0x1fe0000: sum 0x17fb17d5f47d nonzero 8100/8160 pattern 0
timing: t 53.156 s flip 1/0, VideoOutSubmitFlip took 0.0 ms
timing: #1867 done at t 53.215 s, 44.6 ms after the sync and hints; device: prepare 0.28 list 0.54 cs 28.36 fence 6.12 ms, 2050 BOs
timing: #1868 done at t 53.230 s, 1.5 ms after the sync and hints; device: prepare 0.01 list 0.02 cs 0.04 fence 0.03 ms, 5 BOs (short list)
timing: #1869 done at t 53.246 s, 1.4 ms after the sync and hints; device: prepare 0.01 list 0.02 cs 0.10 fence 0.03 ms, 9 BOs (short list)
timing: #1870 done at t 53.261 s, 1.5 ms after the sync and hints; device: prepare 0.00 list 0.02 cs 0.04 fence 0.05 ms, 5 BOs (short list)
timing: #1871 done at t 53.276 s, 1.8 ms after the sync and hints; device: prepare 0.03 list 0.02 cs 0.05 fence 0.04 ms, 6 BOs (short list)
timing: #1872 done at t 53.291 s, 1.4 ms after the sync and hints; device: prepare 0.00 list 0.01 cs 0.04 fence 0.04 ms, 5 BOs (short list)
timing: #1873 done at t 53.307 s, 1.8 ms after the sync and hints; device: prepare 0.04 list 0.02 cs 0.05 fence 0.04 ms, 6 BOs (short list)
timing: #1874 done at t 53.353 s, 33.1 ms after the sync and hints; device: prepare 0.09 list 0.55 cs 28.27 fence 0.47 ms, 2051 BOs
timing: #1875 done at t 53.399 s, 31.3 ms after the sync and hints; device: prepare 0.03 list 0.58 cs 28.76 fence 0.01 ms, 2051 BOs
timing: #1876 done at t 53.414 s, 1.7 ms after the sync and hints; device: prepare 0.01 list 0.02 cs 0.04 fence 0.03 ms, 5 BOs (short list)
timing: #1877 done at t 53.458 s, 30.7 ms after the sync and hints; device: prepare 0.02 list 0.56 cs 28.36 fence 0.31 ms, 2051 BOs
timing: #1878 done at t 53.506 s, 34.1 ms after the sync and hints; device: prepare 0.11 list 0.59 cs 28.56 fence 0.74 ms, 2051 BOs
timing: #1879 done at t 53.552 s, 32.1 ms after the sync and hints; device: prepare 0.07 list 0.54 cs 28.36 fence 1.45 ms, 2051 BOs
timing: #1880 done at t 53.598 s, 32.2 ms after the sync and hints; device: prepare 0.06 list 0.55 cs 28.34 fence 0.14 ms, 2051 BOs
flip 1/1 buffer 0x5093f0000 +0x1fe0000: sum 0x17fb17d5f47d nonzero 8100/8160 pattern 0
timing: t 53.599 s flip 1/1, VideoOutSubmitFlip took 0.0 ms
timing: #1881 done at t 53.658 s, 44.9 ms after the sync and hints; device: prepare 0.27 list 0.54 cs 28.51 fence 6.12 ms, 2051 BOs
timing: #1882 done at t 53.674 s, 1.4 ms after the sync and hints; device: prepare 0.00 list 0.01 cs 0.04 fence 0.03 ms, 5 BOs (short list)
timing: #1883 done at t 53.688 s, 1.5 ms after the sync and hints; device: prepare 0.02 list 0.02 cs 0.10 fence 0.03 ms, 9 BOs (short list)
timing: #1884 done at t 53.704 s, 1.4 ms after the sync and hints; device: prepare 0.00 list 0.02 cs 0.04 fence 0.03 ms, 5 BOs (short list)
timing: #1885 done at t 53.720 s, 1.9 ms after the sync and hints; device: prepare 0.03 list 0.02 cs 0.05 fence 0.04 ms, 6 BOs (short list)
timing: #1886 done at t 53.735 s, 1.5 ms after the sync and hints; device: prepare 0.00 list 0.02 cs 0.04 fence 0.03 ms, 5 BOs (short list)
timing: #1887 done at t 53.750 s, 1.8 ms after the sync and hints; device: prepare 0.03 list 0.02 cs 0.05 fence 0.03 ms, 6 BOs (short list)
timing: #1888 done at t 53.797 s, 33.2 ms after the sync and hints; device: prepare 0.09 list 0.55 cs 28.34 fence 0.46 ms, 2051 BOs
timing: #1889 done at t 53.842 s, 31.2 ms after the sync and hints; device: prepare 0.04 list 0.55 cs 28.76 fence 0.01 ms, 2051 BOs
timing: #1890 done at t 53.857 s, 1.4 ms after the sync and hints; device: prepare 0.00 list 0.02 cs 0.04 fence 0.03 ms, 5 BOs (short list)
timing: #1891 done at t 53.901 s, 30.8 ms after the sync and hints; device: prepare 0.02 list 0.54 cs 28.21 fence 0.32 ms, 2051 BOs
timing: #1892 done at t 53.950 s, 34.0 ms after the sync and hints; device: prepare 0.06 list 0.56 cs 28.68 fence 0.73 ms, 2051 BOs
timing: #1893 done at t 53.995 s, 31.9 ms after the sync and hints; device: prepare 0.06 list 0.53 cs 28.35 fence 1.43 ms, 2051 BOs
timing: #1894 done at t 54.041 s, 32.6 ms after the sync and hints; device: prepare 0.06 list 0.56 cs 28.69 fence 0.14 ms, 2051 BOs
flip 1/0 buffer 0x507410000 +0x1fe0000: sum 0x17fb17d5f47d nonzero 8100/8160 pattern 0
timing: t 54.042 s flip 1/0, VideoOutSubmitFlip took 0.0 ms
timing: #1895 done at t 54.101 s, 45.0 ms after the sync and hints; device: prepare 0.28 list 0.56 cs 28.40 fence 6.15 ms, 2051 BOs
timing: #1896 done at t 54.117 s, 1.4 ms after the sync and hints; device: prepare 0.01 list 0.02 cs 0.04 fence 0.03 ms, 5 BOs (short list)
timing: #1897 done at t 54.132 s, 1.4 ms after the sync and hints; device: prepare 0.02 list 0.02 cs 0.10 fence 0.03 ms, 9 BOs (short list)
timing: #1898 done at t 54.147 s, 1.4 ms after the sync and hints; device: prepare 0.01 list 0.02 cs 0.04 fence 0.04 ms, 5 BOs (short list)
timing: #1899 done at t 54.163 s, 1.8 ms after the sync and hints; device: prepare 0.03 list 0.02 cs 0.05 fence 0.04 ms, 6 BOs (short list)
timing: #1900 done at t 54.178 s, 1.4 ms after the sync and hints; device: prepare 0.00 list 0.02 cs 0.04 fence 0.04 ms, 5 BOs (short list)
timing: #1901 done at t 54.194 s, 1.8 ms after the sync and hints; device: prepare 0.03 list 0.02 cs 0.06 fence 0.05 ms, 6 BOs (short list)
timing: #1902 done at t 54.241 s, 33.3 ms after the sync and hints; device: prepare 0.08 list 0.54 cs 28.68 fence 0.45 ms, 2052 BOs
timing: #1903 done at t 54.286 s, 31.1 ms after the sync and hints; device: prepare 0.03 list 0.55 cs 28.67 fence 0.01 ms, 2052 BOs
timing: #1904 done at t 54.301 s, 1.4 ms after the sync and hints; device: prepare 0.00 list 0.02 cs 0.04 fence 0.03 ms, 5 BOs (short list)
timing: #1905 done at t 54.346 s, 31.4 ms after the sync and hints; device: prepare 0.02 list 0.53 cs 29.13 fence 0.31 ms, 2052 BOs
timing: #1906 done at t 54.393 s, 34.0 ms after the sync and hints; device: prepare 0.05 list 0.56 cs 28.68 fence 0.74 ms, 2052 BOs
timing: #1907 done at t 54.439 s, 32.2 ms after the sync and hints; device: prepare 0.07 list 0.54 cs 28.60 fence 1.43 ms, 2052 BOs
timing: #1908 done at t 54.486 s, 32.7 ms after the sync and hints; device: prepare 0.06 list 0.56 cs 28.87 fence 0.13 ms, 2052 BOs
flip 1/1 buffer 0x5093f0000 +0x1fe0000: sum 0x17fb17d5f47d nonzero 8100/8160 pattern 0
timing: t 54.487 s flip 1/1, VideoOutSubmitFlip took 0.0 ms
timing: #1909 done at t 54.546 s, 45.1 ms after the sync and hints; device: prepare 0.30 list 0.56 cs 28.91 fence 6.12 ms, 2052 BOs
timing: #1910 done at t 54.562 s, 1.4 ms after the sync and hints; device: prepare 0.00 list 0.01 cs 0.04 fence 0.03 ms, 5 BOs (short list)
timing: #1911 done at t 54.577 s, 1.5 ms after the sync and hints; device: prepare 0.02 list 0.01 cs 0.10 fence 0.03 ms, 9 BOs (short list)
timing: #1912 done at t 54.592 s, 1.4 ms after the sync and hints; device: prepare 0.00 list 0.02 cs 0.04 fence 0.04 ms, 5 BOs (short list)
timing: #1913 done at t 54.607 s, 1.8 ms after the sync and hints; device: prepare 0.03 list 0.02 cs 0.05 fence 0.04 ms, 6 BOs (short list)
timing: #1914 done at t 54.622 s, 1.4 ms after the sync and hints; device: prepare 0.00 list 0.02 cs 0.04 fence 0.05 ms, 5 BOs (short list)
timing: #1915 done at t 54.637 s, 1.7 ms after the sync and hints; device: prepare 0.03 list 0.02 cs 0.06 fence 0.05 ms, 6 BOs (short list)
timing: #1916 done at t 54.684 s, 33.3 ms after the sync and hints; device: prepare 0.09 list 0.56 cs 28.53 fence 0.45 ms, 2052 BOs
timing: #1917 done at t 54.729 s, 30.6 ms after the sync and hints; device: prepare 0.03 list 0.55 cs 28.16 fence 0.01 ms, 2052 BOs
timing: #1918 done at t 54.744 s, 1.4 ms after the sync and hints; device: prepare 0.00 list 0.02 cs 0.03 fence 0.03 ms, 5 BOs (short list)
timing: #1919 done at t 54.789 s, 30.9 ms after the sync and hints; device: prepare 0.02 list 0.53 cs 28.65 fence 0.31 ms, 2052 BOs
timing: #1920 done at t 54.836 s, 33.7 ms after the sync and hints; device: prepare 0.05 list 0.55 cs 28.34 fence 0.74 ms, 2052 BOs
timing: #1921 done at t 54.882 s, 32.1 ms after the sync and hints; device: prepare 0.07 list 0.53 cs 28.65 fence 1.41 ms, 2052 BOs
timing: #1922 done at t 54.928 s, 32.2 ms after the sync and hints; device: prepare 0.06 list 0.55 cs 28.37 fence 0.13 ms, 2052 BOs
flip 1/0 buffer 0x507410000 +0x1fe0000: sum 0x17fb17d5f47d nonzero 8100/8160 pattern 0
timing: t 54.929 s flip 1/0, VideoOutSubmitFlip took 0.0 ms
timing: #1923 done at t 54.988 s, 45.1 ms after the sync and hints; device: prepare 0.26 list 0.55 cs 28.95 fence 6.12 ms, 2052 BOs
timing: #1924 done at t 55.003 s, 1.5 ms after the sync and hints; device: prepare 0.01 list 0.02 cs 0.04 fence 0.03 ms, 5 BOs (short list)
timing: #1925 done at t 55.018 s, 1.5 ms after the sync and hints; device: prepare 0.01 list 0.02 cs 0.10 fence 0.03 ms, 9 BOs (short list)
timing: #1926 done at t 55.034 s, 1.4 ms after the sync and hints; device: prepare 0.00 list 0.02 cs 0.04 fence 0.05 ms, 5 BOs (short list)
timing: #1927 done at t 55.049 s, 1.8 ms after the sync and hints; device: prepare 0.03 list 0.02 cs 0.05 fence 0.04 ms, 6 BOs (short list)
timing: #1928 done at t 55.064 s, 1.4 ms after the sync and hints; device: prepare 0.00 list 0.02 cs 0.03 fence 0.03 ms, 5 BOs (short list)
timing: #1929 done at t 55.079 s, 1.7 ms after the sync and hints; device: prepare 0.03 list 0.02 cs 0.06 fence 0.05 ms, 6 BOs (short list)
timing: #1930 done at t 55.127 s, 33.9 ms after the sync and hints; device: prepare 0.12 list 0.56 cs 28.96 fence 0.46 ms, 2052 BOs
timing: #1931 done at t 55.172 s, 30.8 ms after the sync and hints; device: prepare 0.03 list 0.55 cs 28.39 fence 0.01 ms, 2052 BOs
timing: #1932 done at t 55.187 s, 1.4 ms after the sync and hints; device: prepare 0.00 list 0.02 cs 0.04 fence 0.03 ms, 5 BOs (short list)
timing: #1933 done at t 55.231 s, 30.7 ms after the sync and hints; device: prepare 0.02 list 0.56 cs 28.41 fence 0.29 ms, 2052 BOs
timing: #1934 done at t 55.278 s, 33.8 ms after the sync and hints; device: prepare 0.06 list 0.55 cs 28.42 fence 0.75 ms, 2052 BOs
timing: #1935 done at t 55.324 s, 32.3 ms after the sync and hints; device: prepare 0.07 list 0.54 cs 28.77 fence 1.42 ms, 2052 BOs
timing: #1936 done at t 55.371 s, 32.8 ms after the sync and hints; device: prepare 0.12 list 0.62 cs 28.76 fence 0.14 ms, 2052 BOs
flip 1/1 buffer 0x5093f0000 +0x1fe0000: sum 0x17fb17d5f47d nonzero 8100/8160 pattern 0
timing: t 55.371 s flip 1/1, VideoOutSubmitFlip took 0.0 ms
timing: #1937 done at t 55.431 s, 45.1 ms after the sync and hints; device: prepare 0.58 list 0.55 cs 28.55 fence 6.11 ms, 2052 BOs
timing: #1938 done at t 55.447 s, 1.4 ms after the sync and hints; device: prepare 0.00 list 0.02 cs 0.04 fence 0.03 ms, 5 BOs (short list)
timing: #1939 done at t 55.462 s, 1.6 ms after the sync and hints; device: prepare 0.03 list 0.02 cs 0.11 fence 0.03 ms, 9 BOs (short list)
timing: #1940 done at t 55.477 s, 1.5 ms after the sync and hints; device: prepare 0.00 list 0.06 cs 0.04 fence 0.04 ms, 5 BOs (short list)
timing: #1941 done at t 55.492 s, 1.8 ms after the sync and hints; device: prepare 0.03 list 0.02 cs 0.06 fence 0.05 ms, 6 BOs (short list)
timing: #1942 done at t 55.507 s, 1.4 ms after the sync and hints; device: prepare 0.00 list 0.02 cs 0.04 fence 0.04 ms, 5 BOs (short list)
timing: #1943 done at t 55.522 s, 1.8 ms after the sync and hints; device: prepare 0.03 list 0.02 cs 0.05 fence 0.05 ms, 6 BOs (short list)
timing: #1944 done at t 55.570 s, 33.7 ms after the sync and hints; device: prepare 0.08 list 0.55 cs 29.00 fence 0.46 ms, 2052 BOs
timing: #1945 done at t 55.615 s, 30.8 ms after the sync and hints; device: prepare 0.03 list 0.54 cs 28.40 fence 0.01 ms, 2052 BOs
timing: #1946 done at t 55.630 s, 1.5 ms after the sync and hints; device: prepare 0.01 list 0.02 cs 0.04 fence 0.03 ms, 5 BOs (short list)
timing: #1947 done at t 55.674 s, 30.6 ms after the sync and hints; device: prepare 0.02 list 0.54 cs 28.34 fence 0.32 ms, 2052 BOs
timing: #1948 done at t 55.722 s, 33.8 ms after the sync and hints; device: prepare 0.05 list 0.56 cs 28.49 fence 0.75 ms, 2052 BOs
timing: #1949 done at t 55.767 s, 32.1 ms after the sync and hints; device: prepare 0.07 list 0.53 cs 28.59 fence 1.41 ms, 2052 BOs
timing: #1950 done at t 55.814 s, 32.3 ms after the sync and hints; device: prepare 0.06 list 0.55 cs 28.50 fence 0.14 ms, 2052 BOs
flip 1/0 buffer 0x507410000 +0x1fe0000: sum 0x17fb17d5f47d nonzero 8100/8160 pattern 0
timing: t 55.815 s flip 1/0, VideoOutSubmitFlip took 0.0 ms
timing: #1951 done at t 55.875 s, 46.1 ms after the sync and hints; device: prepare 0.29 list 0.55 cs 28.32 fence 6.15 ms, 2052 BOs
timing: #1952 done at t 55.891 s, 1.4 ms after the sync and hints; device: prepare 0.00 list 0.02 cs 0.04 fence 0.03 ms, 5 BOs (short list)
timing: #1953 done at t 55.907 s, 1.5 ms after the sync and hints; device: prepare 0.01 list 0.02 cs 0.10 fence 0.03 ms, 9 BOs (short list)
timing: #1954 done at t 55.922 s, 1.4 ms after the sync and hints; device: prepare 0.00 list 0.02 cs 0.04 fence 0.04 ms, 5 BOs (short list)
timing: #1955 done at t 55.938 s, 1.8 ms after the sync and hints; device: prepare 0.03 list 0.02 cs 0.06 fence 0.05 ms, 6 BOs (short list)
timing: #1956 done at t 55.952 s, 1.4 ms after the sync and hints; device: prepare 0.01 list 0.02 cs 0.04 fence 0.03 ms, 5 BOs (short list)
timing: #1957 done at t 55.968 s, 1.8 ms after the sync and hints; device: prepare 0.04 list 0.02 cs 0.06 fence 0.05 ms, 6 BOs (short list)
timing: #1958 done at t 56.015 s, 33.4 ms after the sync and hints; device: prepare 0.09 list 0.55 cs 28.44 fence 0.47 ms, 2052 BOs
timing: #1959 done at t 56.031 s, 1.4 ms after the sync and hints; device: prepare 0.00 list 0.02 cs 0.04 fence 0.03 ms, 5 BOs (short list)
timing: #1960 done at t 56.076 s, 31.1 ms after the sync and hints; device: prepare 0.06 list 0.55 cs 28.62 fence 0.01 ms, 2052 BOs
timing: #1961 done at t 56.120 s, 31.1 ms after the sync and hints; device: prepare 0.03 list 0.62 cs 28.56 fence 0.31 ms, 2052 BOs
timing: #1962 done at t 56.168 s, 34.1 ms after the sync and hints; device: prepare 0.13 list 0.65 cs 28.52 fence 0.75 ms, 2052 BOs
timing: #1963 done at t 56.214 s, 31.9 ms after the sync and hints; device: prepare 0.06 list 0.54 cs 28.42 fence 1.42 ms, 2052 BOs
timing: #1964 done at t 56.260 s, 32.4 ms after the sync and hints; device: prepare 0.06 list 0.54 cs 28.34 fence 0.15 ms, 2052 BOs
flip 1/1 buffer 0x5093f0000 +0x1fe0000: sum 0x17fb17d5f47d nonzero 8100/8160 pattern 0
timing: t 56.261 s flip 1/1, VideoOutSubmitFlip took 0.0 ms
timing: #1965 done at t 56.322 s, 46.8 ms after the sync and hints; device: prepare 0.26 list 0.56 cs 28.75 fence 6.10 ms, 2052 BOs
timing: #1966 done at t 56.337 s, 1.4 ms after the sync and hints; device: prepare 0.00 list 0.02 cs 0.04 fence 0.04 ms, 5 BOs (short list)
timing: #1967 done at t 56.352 s, 1.5 ms after the sync and hints; device: prepare 0.02 list 0.02 cs 0.10 fence 0.03 ms, 9 BOs (short list)
timing: #1968 done at t 56.367 s, 1.5 ms after the sync and hints; device: prepare 0.01 list 0.02 cs 0.04 fence 0.04 ms, 5 BOs (short list)
timing: #1969 done at t 56.383 s, 2.0 ms after the sync and hints; device: prepare 0.03 list 0.02 cs 0.06 fence 0.03 ms, 6 BOs (short list)
timing: #1970 done at t 56.398 s, 1.4 ms after the sync and hints; device: prepare 0.00 list 0.02 cs 0.04 fence 0.03 ms, 5 BOs (short list)
timing: #1971 done at t 56.414 s, 1.8 ms after the sync and hints; device: prepare 0.03 list 0.02 cs 0.06 fence 0.04 ms, 6 BOs (short list)
timing: #1972 done at t 56.461 s, 33.2 ms after the sync and hints; device: prepare 0.09 list 0.58 cs 28.45 fence 0.46 ms, 2053 BOs
timing: #1973 done at t 56.506 s, 31.1 ms after the sync and hints; device: prepare 0.03 list 0.55 cs 28.63 fence 0.01 ms, 2053 BOs
timing: #1974 done at t 56.521 s, 1.6 ms after the sync and hints; device: prepare 0.00 list 0.02 cs 0.03 fence 0.04 ms, 5 BOs (short list)
timing: #1975 done at t 56.565 s, 30.5 ms after the sync and hints; device: prepare 0.03 list 0.55 cs 28.24 fence 0.29 ms, 2053 BOs
timing: #1976 done at t 56.613 s, 34.0 ms after the sync and hints; device: prepare 0.10 list 0.62 cs 28.49 fence 0.75 ms, 2053 BOs
timing: #1977 done at t 56.659 s, 32.4 ms after the sync and hints; device: prepare 0.07 list 0.54 cs 28.83 fence 1.42 ms, 2053 BOs
timing: #1978 done at t 56.706 s, 32.6 ms after the sync and hints; device: prepare 0.06 list 0.56 cs 28.69 fence 0.13 ms, 2053 BOs
flip 1/0 buffer 0x507410000 +0x1fe0000: sum 0x17fb17d5f47d nonzero 8100/8160 pattern 0
timing: t 56.706 s flip 1/0, VideoOutSubmitFlip took 0.0 ms
timing: #1979 done at t 56.766 s, 45.4 ms after the sync and hints; device: prepare 0.28 list 0.55 cs 28.34 fence 6.14 ms, 2053 BOs
timing: #1980 done at t 56.782 s, 1.4 ms after the sync and hints; device: prepare 0.00 list 0.01 cs 0.04 fence 0.04 ms, 5 BOs (short list)
timing: #1981 done at t 56.797 s, 1.4 ms after the sync and hints; device: prepare 0.01 list 0.02 cs 0.10 fence 0.03 ms, 9 BOs (short list)
timing: #1982 done at t 56.813 s, 1.4 ms after the sync and hints; device: prepare 0.00 list 0.02 cs 0.04 fence 0.04 ms, 5 BOs (short list)
timing: #1983 done at t 56.829 s, 1.8 ms after the sync and hints; device: prepare 0.03 list 0.02 cs 0.05 fence 0.03 ms, 6 BOs (short list)
timing: #1984 done at t 56.844 s, 1.4 ms after the sync and hints; device: prepare 0.00 list 0.02 cs 0.04 fence 0.04 ms, 5 BOs (short list)
timing: #1985 done at t 56.859 s, 1.8 ms after the sync and hints; device: prepare 0.03 list 0.01 cs 0.06 fence 0.04 ms, 6 BOs (short list)
timing: #1986 done at t 56.906 s, 33.4 ms after the sync and hints; device: prepare 0.09 list 0.55 cs 28.54 fence 0.46 ms, 2055 BOs
timing: #1987 done at t 56.952 s, 31.3 ms after the sync and hints; device: prepare 0.03 list 0.60 cs 28.79 fence 0.01 ms, 2055 BOs
timing: #1988 done at t 56.967 s, 1.4 ms after the sync and hints; device: prepare 0.00 list 0.01 cs 0.04 fence 0.03 ms, 5 BOs (short list)
timing: #1989 done at t 57.012 s, 31.2 ms after the sync and hints; device: prepare 0.02 list 0.53 cs 28.97 fence 0.31 ms, 2055 BOs
timing: #1990 done at t 57.060 s, 33.7 ms after the sync and hints; device: prepare 0.05 list 0.56 cs 28.29 fence 0.75 ms, 2055 BOs
timing: #1991 done at t 57.106 s, 32.3 ms after the sync and hints; device: prepare 0.07 list 0.55 cs 28.63 fence 1.43 ms, 2055 BOs
timing: #1992 done at t 57.152 s, 32.6 ms after the sync and hints; device: prepare 0.12 list 0.61 cs 28.53 fence 0.14 ms, 2055 BOs
flip 1/1 buffer 0x5093f0000 +0x1fe0000: sum 0x17fb17d5f47d nonzero 8100/8160 pattern 0
timing: t 57.153 s flip 1/1, VideoOutSubmitFlip took 0.0 ms
timing: #1993 done at t 57.212 s, 44.4 ms after the sync and hints; device: prepare 0.29 list 0.55 cs 28.29 fence 6.11 ms, 2055 BOs
timing: #1994 done at t 57.227 s, 1.4 ms after the sync and hints; device: prepare 0.00 list 0.02 cs 0.04 fence 0.03 ms, 5 BOs (short list)
timing: #1995 done at t 57.242 s, 1.5 ms after the sync and hints; device: prepare 0.01 list 0.02 cs 0.11 fence 0.04 ms, 9 BOs (short list)
timing: #1996 done at t 57.257 s, 1.4 ms after the sync and hints; device: prepare 0.00 list 0.02 cs 0.04 fence 0.03 ms, 5 BOs (short list)
timing: #1997 done at t 57.273 s, 1.8 ms after the sync and hints; device: prepare 0.03 list 0.02 cs 0.05 fence 0.03 ms, 6 BOs (short list)
timing: #1998 done at t 57.288 s, 1.5 ms after the sync and hints; device: prepare 0.00 list 0.02 cs 0.04 fence 0.03 ms, 5 BOs (short list)
timing: #1999 done at t 57.303 s, 1.8 ms after the sync and hints; device: prepare 0.03 list 0.02 cs 0.05 fence 0.04 ms, 6 BOs (short list)
timing: #2000 done at t 57.351 s, 34.0 ms after the sync and hints; device: prepare 0.17 list 0.58 cs 28.91 fence 0.45 ms, 2055 BOs
timing: #2001 done at t 57.397 s, 31.0 ms after the sync and hints; device: prepare 0.03 list 0.57 cs 28.61 fence 0.01 ms, 2055 BOs
timing: #2002 done at t 57.412 s, 1.6 ms after the sync and hints; device: prepare 0.01 list 0.02 cs 0.05 fence 0.04 ms, 5 BOs (short list)
timing: #2003 done at t 57.456 s, 30.6 ms after the sync and hints; device: prepare 0.02 list 0.54 cs 28.28 fence 0.31 ms, 2055 BOs
timing: #2004 done at t 57.504 s, 34.3 ms after the sync and hints; device: prepare 0.06 list 0.55 cs 28.85 fence 0.74 ms, 2055 BOs
timing: #2005 done at t 57.550 s, 32.6 ms after the sync and hints; device: prepare 0.06 list 0.54 cs 29.06 fence 1.42 ms, 2055 BOs
timing: #2006 done at t 57.597 s, 32.8 ms after the sync and hints; device: prepare 0.06 list 0.57 cs 28.89 fence 0.12 ms, 2055 BOs
flip 1/0 buffer 0x507410000 +0x1fe0000: sum 0x17fb17d5f47d nonzero 8100/8160 pattern 0
timing: t 57.598 s flip 1/0, VideoOutSubmitFlip took 0.0 ms
timing: #2007 done at t 57.657 s, 45.1 ms after the sync and hints; device: prepare 0.27 list 0.56 cs 29.00 fence 6.14 ms, 2055 BOs
timing: #2008 done at t 57.672 s, 1.4 ms after the sync and hints; device: prepare 0.00 list 0.01 cs 0.04 fence 0.03 ms, 5 BOs (short list)
timing: #2009 done at t 57.687 s, 1.4 ms after the sync and hints; device: prepare 0.02 list 0.02 cs 0.10 fence 0.03 ms, 9 BOs (short list)
timing: #2010 done at t 57.703 s, 1.4 ms after the sync and hints; device: prepare 0.00 list 0.02 cs 0.04 fence 0.04 ms, 5 BOs (short list)
timing: #2011 done at t 57.719 s, 1.8 ms after the sync and hints; device: prepare 0.03 list 0.02 cs 0.05 fence 0.03 ms, 6 BOs (short list)
timing: #2012 done at t 57.734 s, 1.5 ms after the sync and hints; device: prepare 0.01 list 0.02 cs 0.04 fence 0.02 ms, 5 BOs (short list)
timing: #2013 done at t 57.750 s, 1.8 ms after the sync and hints; device: prepare 0.03 list 0.02 cs 0.05 fence 0.03 ms, 6 BOs (short list)
timing: #2014 done at t 57.797 s, 33.2 ms after the sync and hints; device: prepare 0.08 list 0.55 cs 28.47 fence 0.47 ms, 2056 BOs
timing: #2015 done at t 57.843 s, 31.4 ms after the sync and hints; device: prepare 0.04 list 0.56 cs 28.99 fence 0.01 ms, 2056 BOs
timing: #2016 done at t 57.858 s, 1.4 ms after the sync and hints; device: prepare 0.00 list 0.02 cs 0.04 fence 0.03 ms, 5 BOs (short list)
timing: #2017 done at t 57.903 s, 31.1 ms after the sync and hints; device: prepare 0.02 list 0.52 cs 28.86 fence 0.30 ms, 2056 BOs
timing: #2018 done at t 57.951 s, 34.1 ms after the sync and hints; device: prepare 0.06 list 0.55 cs 28.67 fence 0.75 ms, 2056 BOs
timing: #2019 done at t 57.997 s, 32.1 ms after the sync and hints; device: prepare 0.06 list 0.52 cs 28.64 fence 1.42 ms, 2056 BOs
timing: #2020 done at t 58.044 s, 32.8 ms after the sync and hints; device: prepare 0.12 list 0.62 cs 28.79 fence 0.12 ms, 2056 BOs
flip 1/1 buffer 0x5093f0000 +0x1fe0000: sum 0x17fb17d5f47d nonzero 8100/8160 pattern 0
timing: t 58.045 s flip 1/1, VideoOutSubmitFlip took 0.0 ms
timing: #2021 done at t 58.104 s, 45.0 ms after the sync and hints; device: prepare 0.30 list 0.55 cs 28.93 fence 6.12 ms, 2056 BOs
timing: #2022 done at t 58.119 s, 1.4 ms after the sync and hints; device: prepare 0.00 list 0.02 cs 0.04 fence 0.03 ms, 5 BOs (short list)
timing: #2023 done at t 58.135 s, 1.5 ms after the sync and hints; device: prepare 0.02 list 0.02 cs 0.10 fence 0.03 ms, 9 BOs (short list)
timing: #2024 done at t 58.150 s, 1.6 ms after the sync and hints; device: prepare 0.00 list 0.02 cs 0.03 fence 0.04 ms, 5 BOs (short list)
timing: #2025 done at t 58.166 s, 1.9 ms after the sync and hints; device: prepare 0.03 list 0.02 cs 0.05 fence 0.03 ms, 6 BOs (short list)
timing: #2026 done at t 58.181 s, 1.5 ms after the sync and hints; device: prepare 0.00 list 0.02 cs 0.04 fence 0.04 ms, 5 BOs (short list)
timing: #2027 done at t 58.196 s, 1.8 ms after the sync and hints; device: prepare 0.04 list 0.02 cs 0.05 fence 0.05 ms, 6 BOs (short list)
timing: #2028 done at t 58.244 s, 33.5 ms after the sync and hints; device: prepare 0.08 list 0.55 cs 28.71 fence 0.47 ms, 2056 BOs
timing: #2029 done at t 58.289 s, 31.1 ms after the sync and hints; device: prepare 0.03 list 0.55 cs 28.65 fence 0.01 ms, 2056 BOs
timing: #2030 done at t 58.304 s, 1.5 ms after the sync and hints; device: prepare 0.00 list 0.02 cs 0.04 fence 0.03 ms, 5 BOs (short list)
timing: #2031 done at t 58.348 s, 31.0 ms after the sync and hints; device: prepare 0.02 list 0.53 cs 28.64 fence 0.32 ms, 2056 BOs
timing: #2032 done at t 58.396 s, 34.3 ms after the sync and hints; device: prepare 0.10 list 0.62 cs 28.58 fence 0.73 ms, 2056 BOs
timing: #2033 done at t 58.442 s, 32.5 ms after the sync and hints; device: prepare 0.07 list 0.53 cs 28.91 fence 1.42 ms, 2056 BOs
timing: #2034 done at t 58.488 s, 32.4 ms after the sync and hints; device: prepare 0.06 list 0.55 cs 28.47 fence 0.16 ms, 2056 BOs
flip 1/0 buffer 0x507410000 +0x1fe0000: sum 0x17fb17d5f47d nonzero 8100/8160 pattern 0
timing: t 58.489 s flip 1/0, VideoOutSubmitFlip took 0.0 ms
timing: #2035 done at t 58.548 s, 44.6 ms after the sync and hints; device: prepare 0.31 list 0.54 cs 28.46 fence 6.16 ms, 2056 BOs
timing: #2036 done at t 58.563 s, 1.4 ms after the sync and hints; device: prepare 0.00 list 0.01 cs 0.04 fence 0.03 ms, 5 BOs (short list)
timing: #2037 done at t 58.578 s, 1.5 ms after the sync and hints; device: prepare 0.01 list 0.01 cs 0.10 fence 0.03 ms, 9 BOs (short list)
timing: #2038 done at t 58.594 s, 1.5 ms after the sync and hints; device: prepare 0.00 list 0.02 cs 0.04 fence 0.03 ms, 5 BOs (short list)
timing: #2039 done at t 58.609 s, 1.9 ms after the sync and hints; device: prepare 0.04 list 0.02 cs 0.06 fence 0.02 ms, 6 BOs (short list)
timing: #2040 done at t 58.624 s, 1.5 ms after the sync and hints; device: prepare 0.01 list 0.02 cs 0.04 fence 0.02 ms, 5 BOs (short list)
timing: #2041 done at t 58.640 s, 1.8 ms after the sync and hints; device: prepare 0.03 list 0.02 cs 0.06 fence 0.04 ms, 6 BOs (short list)
timing: #2042 done at t 58.687 s, 33.6 ms after the sync and hints; device: prepare 0.09 list 0.55 cs 28.81 fence 0.46 ms, 2056 BOs
timing: #2043 done at t 58.733 s, 31.2 ms after the sync and hints; device: prepare 0.03 list 0.59 cs 28.71 fence 0.01 ms, 2056 BOs
timing: #2044 done at t 58.748 s, 1.4 ms after the sync and hints; device: prepare 0.00 list 0.02 cs 0.04 fence 0.03 ms, 5 BOs (short list)
timing: #2045 done at t 58.792 s, 31.0 ms after the sync and hints; device: prepare 0.02 list 0.56 cs 28.76 fence 0.31 ms, 2056 BOs
timing: #2046 done at t 58.840 s, 33.9 ms after the sync and hints; device: prepare 0.05 list 0.57 cs 28.60 fence 0.74 ms, 2056 BOs
timing: #2047 done at t 58.886 s, 32.4 ms after the sync and hints; device: prepare 0.07 list 0.54 cs 28.82 fence 1.42 ms, 2056 BOs
timing: #2048 done at t 58.932 s, 32.4 ms after the sync and hints; device: prepare 0.06 list 0.57 cs 28.45 fence 0.15 ms, 2056 BOs
flip 1/1 buffer 0x5093f0000 +0x1fe0000: sum 0x17fb17d5f47d nonzero 8100/8160 pattern 0
timing: t 58.933 s flip 1/1, VideoOutSubmitFlip took 0.0 ms
timing: #2049 done at t 58.992 s, 44.9 ms after the sync and hints; device: prepare 0.54 list 0.57 cs 28.41 fence 6.12 ms, 2056 BOs
timing: #2050 done at t 59.007 s, 1.4 ms after the sync and hints; device: prepare 0.01 list 0.02 cs 0.04 fence 0.03 ms, 5 BOs (short list)
timing: #2051 done at t 59.022 s, 1.5 ms after the sync and hints; device: prepare 0.02 list 0.02 cs 0.10 fence 0.03 ms, 9 BOs (short list)
timing: #2052 done at t 59.037 s, 1.4 ms after the sync and hints; device: prepare 0.00 list 0.02 cs 0.04 fence 0.04 ms, 5 BOs (short list)
timing: #2053 done at t 59.052 s, 1.8 ms after the sync and hints; device: prepare 0.03 list 0.02 cs 0.05 fence 0.03 ms, 6 BOs (short list)
timing: #2054 done at t 59.067 s, 1.4 ms after the sync and hints; device: prepare 0.00 list 0.02 cs 0.04 fence 0.03 ms, 5 BOs (short list)
timing: #2055 done at t 59.083 s, 1.8 ms after the sync and hints; device: prepare 0.03 list 0.02 cs 0.05 fence 0.06 ms, 6 BOs (short list)
timing: #2056 done at t 59.216 s, 117.5 ms after the sync and hints; device: prepare 0.24 list 0.80 cs 35.80 fence 0.48 ms, 2056 BOs
timing: #2057 done at t 59.261 s, 30.5 ms after the sync and hints; device: prepare 0.06 list 0.56 cs 28.52 fence 0.01 ms, 2056 BOs
timing: #2058 done at t 59.275 s, 1.0 ms after the sync and hints; device: prepare 0.00 list 0.01 cs 0.04 fence 0.03 ms, 5 BOs (short list)
timing: #2059 done at t 59.320 s, 30.5 ms after the sync and hints; device: prepare 0.02 list 0.57 cs 28.61 fence 0.31 ms, 2056 BOs
timing: #2060 done at t 59.368 s, 33.9 ms after the sync and hints; device: prepare 0.05 list 0.56 cs 28.99 fence 0.73 ms, 2056 BOs
timing: #2061 done at t 59.413 s, 31.6 ms after the sync and hints; device: prepare 0.06 list 0.52 cs 28.53 fence 1.43 ms, 2056 BOs
timing: #2062 done at t 59.459 s, 32.2 ms after the sync and hints; device: prepare 0.06 list 0.55 cs 28.65 fence 0.15 ms, 2056 BOs
flip 1/0 buffer 0x507410000 +0x1fe0000: sum 0x17fb17d5f47d nonzero 8100/8160 pattern 0
timing: t 59.460 s flip 1/0, VideoOutSubmitFlip took 0.0 ms
timing: #2063 done at t 59.519 s, 44.3 ms after the sync and hints; device: prepare 0.28 list 0.56 cs 28.43 fence 6.15 ms, 2056 BOs
timing: #2064 done at t 59.534 s, 0.9 ms after the sync and hints; device: prepare 0.00 list 0.02 cs 0.04 fence 0.03 ms, 5 BOs (short list)
timing: #2065 done at t 59.548 s, 0.9 ms after the sync and hints; device: prepare 0.02 list 0.02 cs 0.10 fence 0.03 ms, 9 BOs (short list)
timing: #2066 done at t 59.563 s, 1.0 ms after the sync and hints; device: prepare 0.00 list 0.02 cs 0.04 fence 0.03 ms, 5 BOs (short list)
timing: #2067 done at t 59.578 s, 1.4 ms after the sync and hints; device: prepare 0.03 list 0.02 cs 0.05 fence 0.04 ms, 6 BOs (short list)
timing: #2068 done at t 59.592 s, 1.0 ms after the sync and hints; device: prepare 0.00 list 0.02 cs 0.04 fence 0.03 ms, 5 BOs (short list)
timing: #2069 done at t 59.607 s, 1.3 ms after the sync and hints; device: prepare 0.03 list 0.02 cs 0.05 fence 0.05 ms, 6 BOs (short list)
timing: #2070 done at t 59.654 s, 32.8 ms after the sync and hints; device: prepare 0.08 list 0.55 cs 28.48 fence 0.45 ms, 2057 BOs
timing: #2071 done at t 59.698 s, 30.3 ms after the sync and hints; device: prepare 0.03 list 0.54 cs 28.25 fence 0.01 ms, 2057 BOs
timing: #2072 done at t 59.713 s, 0.9 ms after the sync and hints; device: prepare 0.00 list 0.02 cs 0.04 fence 0.03 ms, 5 BOs (short list)
timing: #2073 done at t 59.756 s, 30.4 ms after the sync and hints; device: prepare 0.02 list 0.54 cs 28.53 fence 0.32 ms, 2057 BOs
timing: #2074 done at t 59.805 s, 33.7 ms after the sync and hints; device: prepare 0.05 list 0.56 cs 28.70 fence 0.70 ms, 2057 BOs
timing: #2075 done at t 59.850 s, 31.5 ms after the sync and hints; device: prepare 0.06 list 0.53 cs 28.39 fence 1.43 ms, 2057 BOs
timing: #2076 done at t 59.896 s, 32.0 ms after the sync and hints; device: prepare 0.13 list 0.57 cs 28.50 fence 0.13 ms, 2057 BOs
flip 1/1 buffer 0x5093f0000 +0x1fe0000: sum 0x17fb17d5f47d nonzero 8100/8160 pattern 0
timing: t 59.897 s flip 1/1, VideoOutSubmitFlip took 0.0 ms
timing: #2077 done at t 59.958 s, 45.9 ms after the sync and hints; device: prepare 0.48 list 0.54 cs 28.44 fence 6.11 ms, 2057 BOs
timing: #2078 done at t 59.973 s, 1.0 ms after the sync and hints; device: prepare 0.00 list 0.02 cs 0.04 fence 0.03 ms, 5 BOs (short list)
timing: #2079 done at t 59.987 s, 1.0 ms after the sync and hints; device: prepare 0.01 list 0.02 cs 0.10 fence 0.03 ms, 9 BOs (short list)
timing: #2080 done at t 60.002 s, 0.9 ms after the sync and hints; device: prepare 0.00 list 0.02 cs 0.04 fence 0.03 ms, 5 BOs (short list)
timing: #2081 done at t 60.017 s, 1.3 ms after the sync and hints; device: prepare 0.03 list 0.02 cs 0.05 fence 0.02 ms, 6 BOs (short list)
timing: #2082 done at t 60.031 s, 0.9 ms after the sync and hints; device: prepare 0.00 list 0.01 cs 0.04 fence 0.03 ms, 5 BOs (short list)
timing: #2083 done at t 60.046 s, 1.3 ms after the sync and hints; device: prepare 0.03 list 0.02 cs 0.05 fence 0.04 ms, 6 BOs (short list)
timing: #2084 done at t 60.093 s, 33.1 ms after the sync and hints; device: prepare 0.08 list 0.55 cs 28.85 fence 0.44 ms, 2057 BOs
timing: #2085 done at t 60.137 s, 30.3 ms after the sync and hints; device: prepare 0.03 list 0.56 cs 28.34 fence 0.01 ms, 2057 BOs
timing: #2086 done at t 60.152 s, 1.0 ms after the sync and hints; device: prepare 0.00 list 0.02 cs 0.04 fence 0.03 ms, 5 BOs (short list)
timing: #2087 done at t 60.196 s, 30.0 ms after the sync and hints; device: prepare 0.02 list 0.53 cs 28.21 fence 0.30 ms, 2057 BOs
timing: #2088 done at t 60.243 s, 33.6 ms after the sync and hints; device: prepare 0.05 list 0.56 cs 28.70 fence 0.71 ms, 2057 BOs
timing: #2089 done at t 60.289 s, 31.6 ms after the sync and hints; device: prepare 0.06 list 0.53 cs 28.53 fence 1.43 ms, 2057 BOs
timing: #2090 done at t 60.334 s, 31.9 ms after the sync and hints; device: prepare 0.06 list 0.55 cs 28.44 fence 0.13 ms, 2057 BOs
flip 1/0 buffer 0x507410000 +0x1fe0000: sum 0x17fb17d5f47d nonzero 8100/8160 pattern 0
timing: t 60.335 s flip 1/0, VideoOutSubmitFlip took 0.0 ms
timing: #2091 done at t 60.395 s, 44.1 ms after the sync and hints; device: prepare 0.26 list 0.55 cs 28.24 fence 6.14 ms, 2057 BOs
timing: #2092 done at t 60.409 s, 1.0 ms after the sync and hints; device: prepare 0.00 list 0.02 cs 0.04 fence 0.03 ms, 5 BOs (short list)
timing: #2093 done at t 60.424 s, 1.0 ms after the sync and hints; device: prepare 0.01 list 0.02 cs 0.11 fence 0.03 ms, 9 BOs (short list)
timing: #2094 done at t 60.439 s, 1.0 ms after the sync and hints; device: prepare 0.00 list 0.02 cs 0.04 fence 0.04 ms, 5 BOs (short list)
timing: #2095 done at t 60.455 s, 1.4 ms after the sync and hints; device: prepare 0.03 list 0.03 cs 0.05 fence 0.02 ms, 6 BOs (short list)
timing: #2096 done at t 60.470 s, 1.1 ms after the sync and hints; device: prepare 0.00 list 0.02 cs 0.03 fence 0.02 ms, 5 BOs (short list)
timing: #2097 done at t 60.484 s, 1.3 ms after the sync and hints; device: prepare 0.03 list 0.01 cs 0.05 fence 0.04 ms, 6 BOs (short list)
timing: #2098 done at t 60.531 s, 33.0 ms after the sync and hints; device: prepare 0.09 list 0.56 cs 28.60 fence 0.45 ms, 2057 BOs
timing: #2099 done at t 60.575 s, 30.3 ms after the sync and hints; device: prepare 0.03 list 0.56 cs 28.36 fence 0.01 ms, 2057 BOs
timing: #2100 done at t 60.590 s, 0.9 ms after the sync and hints; device: prepare 0.00 list 0.02 cs 0.04 fence 0.03 ms, 5 BOs (short list)
timing: #2101 done at t 60.634 s, 30.4 ms after the sync and hints; device: prepare 0.02 list 0.53 cs 28.61 fence 0.30 ms, 2057 BOs
timing: #2102 done at t 60.681 s, 33.2 ms after the sync and hints; device: prepare 0.06 list 0.55 cs 28.27 fence 0.75 ms, 2057 BOs
timing: #2103 done at t 60.727 s, 31.9 ms after the sync and hints; device: prepare 0.06 list 0.53 cs 28.75 fence 1.43 ms, 2057 BOs
timing: #2104 done at t 60.773 s, 31.5 ms after the sync and hints; device: prepare 0.06 list 0.55 cs 28.13 fence 0.15 ms, 2057 BOs
flip 1/1 buffer 0x5093f0000 +0x1fe0000: sum 0x17fb17d5f47d nonzero 8100/8160 pattern 0
timing: t 60.774 s flip 1/1, VideoOutSubmitFlip took 0.0 ms
timing: #2105 done at t 60.832 s, 43.9 ms after the sync and hints; device: prepare 0.29 list 0.54 cs 28.21 fence 6.12 ms, 2057 BOs
timing: #2106 done at t 60.847 s, 0.9 ms after the sync and hints; device: prepare 0.00 list 0.02 cs 0.04 fence 0.03 ms, 5 BOs (short list)
timing: #2107 done at t 60.861 s, 0.9 ms after the sync and hints; device: prepare 0.01 list 0.02 cs 0.10 fence 0.03 ms, 9 BOs (short list)
timing: #2108 done at t 60.877 s, 0.9 ms after the sync and hints; device: prepare 0.00 list 0.02 cs 0.04 fence 0.05 ms, 5 BOs (short list)
timing: #2109 done at t 60.892 s, 1.3 ms after the sync and hints; device: prepare 0.03 list 0.02 cs 0.05 fence 0.03 ms, 6 BOs (short list)
timing: #2110 done at t 60.907 s, 1.0 ms after the sync and hints; device: prepare 0.00 list 0.02 cs 0.04 fence 0.03 ms, 5 BOs (short list)
timing: #2111 done at t 60.921 s, 1.3 ms after the sync and hints; device: prepare 0.03 list 0.02 cs 0.05 fence 0.05 ms, 6 BOs (short list)
timing: #2112 done at t 60.968 s, 33.0 ms after the sync and hints; device: prepare 0.09 list 0.58 cs 28.55 fence 0.46 ms, 2058 BOs
timing: #2113 done at t 60.983 s, 0.9 ms after the sync and hints; device: prepare 0.00 list 0.01 cs 0.04 fence 0.03 ms, 5 BOs (short list)
timing: #2114 done at t 61.027 s, 30.4 ms after the sync and hints; device: prepare 0.03 list 0.56 cs 28.45 fence 0.01 ms, 2058 BOs
timing: #2115 done at t 61.071 s, 30.1 ms after the sync and hints; device: prepare 0.02 list 0.53 cs 28.34 fence 0.32 ms, 2058 BOs
timing: #2116 done at t 61.119 s, 33.6 ms after the sync and hints; device: prepare 0.05 list 0.55 cs 28.54 fence 0.75 ms, 2058 BOs
timing: #2117 done at t 61.163 s, 31.3 ms after the sync and hints; device: prepare 0.06 list 0.53 cs 28.25 fence 1.43 ms, 2058 BOs
timing: #2118 done at t 61.209 s, 32.4 ms after the sync and hints; device: prepare 0.06 list 0.56 cs 28.52 fence 0.15 ms, 2058 BOs
flip 1/0 buffer 0x507410000 +0x1fe0000: sum 0x17fb17d5f47d nonzero 8100/8160 pattern 0
timing: t 61.210 s flip 1/0, VideoOutSubmitFlip took 0.0 ms
timing: #2119 done at t 61.270 s, 44.2 ms after the sync and hints; device: prepare 0.30 list 0.56 cs 28.60 fence 6.14 ms, 2058 BOs
timing: #2120 done at t 61.284 s, 0.9 ms after the sync and hints; device: prepare 0.01 list 0.01 cs 0.04 fence 0.03 ms, 5 BOs (short list)
timing: #2121 done at t 61.299 s, 1.0 ms after the sync and hints; device: prepare 0.01 list 0.04 cs 0.10 fence 0.03 ms, 9 BOs (short list)
timing: #2122 done at t 61.314 s, 0.9 ms after the sync and hints; device: prepare 0.00 list 0.02 cs 0.04 fence 0.04 ms, 5 BOs (short list)
timing: #2123 done at t 61.329 s, 1.4 ms after the sync and hints; device: prepare 0.03 list 0.02 cs 0.07 fence 0.03 ms, 6 BOs (short list)
timing: #2124 done at t 61.343 s, 0.9 ms after the sync and hints; device: prepare 0.00 list 0.02 cs 0.03 fence 0.03 ms, 5 BOs (short list)
timing: #2125 done at t 61.358 s, 1.3 ms after the sync and hints; device: prepare 0.03 list 0.02 cs 0.05 fence 0.05 ms, 6 BOs (short list)
timing: #2126 done at t 61.404 s, 32.8 ms after the sync and hints; device: prepare 0.08 list 0.56 cs 28.54 fence 0.45 ms, 2058 BOs
timing: #2127 done at t 61.448 s, 30.3 ms after the sync and hints; device: prepare 0.03 list 0.55 cs 28.28 fence 0.01 ms, 2058 BOs
timing: #2128 done at t 61.463 s, 0.9 ms after the sync and hints; device: prepare 0.00 list 0.02 cs 0.04 fence 0.03 ms, 5 BOs (short list)
timing: #2129 done at t 61.507 s, 30.3 ms after the sync and hints; device: prepare 0.02 list 0.55 cs 28.44 fence 0.32 ms, 2058 BOs
timing: #2130 done at t 61.554 s, 33.3 ms after the sync and hints; device: prepare 0.05 list 0.58 cs 28.46 fence 0.75 ms, 2058 BOs
timing: #2131 done at t 61.599 s, 31.3 ms after the sync and hints; device: prepare 0.06 list 0.52 cs 28.31 fence 1.44 ms, 2058 BOs
timing: #2132 done at t 61.646 s, 32.3 ms after the sync and hints; device: prepare 0.06 list 0.55 cs 28.79 fence 0.14 ms, 2058 BOs
flip 1/1 buffer 0x5093f0000 +0x1fe0000: sum 0x17fb17d5f47d nonzero 8100/8160 pattern 0
timing: t 61.646 s flip 1/1, VideoOutSubmitFlip took 0.0 ms
timing: #2133 done at t 61.706 s, 45.0 ms after the sync and hints; device: prepare 0.27 list 0.55 cs 28.70 fence 6.13 ms, 2058 BOs
timing: #2134 done at t 61.720 s, 1.0 ms after the sync and hints; device: prepare 0.00 list 0.02 cs 0.04 fence 0.03 ms, 5 BOs (short list)
timing: #2135 done at t 61.735 s, 1.0 ms after the sync and hints; device: prepare 0.01 list 0.02 cs 0.10 fence 0.03 ms, 9 BOs (short list)
timing: #2136 done at t 61.749 s, 1.0 ms after the sync and hints; device: prepare 0.00 list 0.01 cs 0.04 fence 0.03 ms, 5 BOs (short list)
timing: #2137 done at t 61.764 s, 1.3 ms after the sync and hints; device: prepare 0.03 list 0.02 cs 0.05 fence 0.03 ms, 6 BOs (short list)
timing: #2138 done at t 61.779 s, 0.9 ms after the sync and hints; device: prepare 0.00 list 0.01 cs 0.04 fence 0.03 ms, 5 BOs (short list)
timing: #2139 done at t 61.794 s, 1.3 ms after the sync and hints; device: prepare 0.03 list 0.02 cs 0.05 fence 0.04 ms, 6 BOs (short list)
timing: #2140 done at t 61.840 s, 33.0 ms after the sync and hints; device: prepare 0.08 list 0.53 cs 28.44 fence 0.45 ms, 2058 BOs
timing: #2141 done at t 61.885 s, 30.9 ms after the sync and hints; device: prepare 0.03 list 0.54 cs 28.94 fence 0.01 ms, 2058 BOs
timing: #2142 done at t 61.900 s, 1.0 ms after the sync and hints; device: prepare 0.00 list 0.02 cs 0.04 fence 0.03 ms, 5 BOs (short list)
timing: #2143 done at t 61.944 s, 30.2 ms after the sync and hints; device: prepare 0.02 list 0.55 cs 28.35 fence 0.30 ms, 2058 BOs
timing: #2144 done at t 61.992 s, 33.7 ms after the sync and hints; device: prepare 0.05 list 0.54 cs 28.84 fence 0.72 ms, 2058 BOs
timing: #2145 done at t 62.037 s, 31.6 ms after the sync and hints; device: prepare 0.06 list 0.53 cs 28.59 fence 1.42 ms, 2058 BOs
timing: #2146 done at t 62.083 s, 31.9 ms after the sync and hints; device: prepare 0.06 list 0.54 cs 28.48 fence 0.14 ms, 2058 BOs
flip 1/0 buffer 0x507410000 +0x1fe0000: sum 0x17fb17d5f47d nonzero 8100/8160 pattern 0
timing: t 62.084 s flip 1/0, VideoOutSubmitFlip took 0.0 ms
timing: #2147 done at t 62.142 s, 44.2 ms after the sync and hints; device: prepare 0.30 list 0.54 cs 28.48 fence 6.14 ms, 2058 BOs
timing: #2148 done at t 62.156 s, 0.9 ms after the sync and hints; device: prepare 0.00 list 0.02 cs 0.04 fence 0.03 ms, 5 BOs (short list)
timing: #2149 done at t 62.171 s, 1.0 ms after the sync and hints; device: prepare 0.02 list 0.01 cs 0.10 fence 0.03 ms, 9 BOs (short list)
timing: #2150 done at t 62.186 s, 0.9 ms after the sync and hints; device: prepare 0.00 list 0.01 cs 0.04 fence 0.03 ms, 5 BOs (short list)
timing: #2151 done at t 62.200 s, 1.3 ms after the sync and hints; device: prepare 0.03 list 0.02 cs 0.05 fence 0.03 ms, 6 BOs (short list)
timing: #2152 done at t 62.215 s, 1.0 ms after the sync and hints; device: prepare 0.00 list 0.02 cs 0.04 fence 0.03 ms, 5 BOs (short list)
timing: #2153 done at t 62.229 s, 1.3 ms after the sync and hints; device: prepare 0.03 list 0.02 cs 0.05 fence 0.04 ms, 6 BOs (short list)
timing: #2154 done at t 62.276 s, 32.7 ms after the sync and hints; device: prepare 0.09 list 0.55 cs 28.37 fence 0.45 ms, 2058 BOs
timing: #2155 done at t 62.291 s, 1.0 ms after the sync and hints; device: prepare 0.00 list 0.02 cs 0.04 fence 0.03 ms, 5 BOs (short list)
timing: #2156 done at t 62.335 s, 30.3 ms after the sync and hints; device: prepare 0.03 list 0.53 cs 28.29 fence 0.01 ms, 2058 BOs
timing: #2157 done at t 62.378 s, 30.1 ms after the sync and hints; device: prepare 0.02 list 0.52 cs 28.30 fence 0.26 ms, 2058 BOs
timing: #2158 done at t 62.425 s, 33.2 ms after the sync and hints; device: prepare 0.05 list 0.55 cs 28.39 fence 0.75 ms, 2058 BOs
timing: #2159 done at t 62.470 s, 31.4 ms after the sync and hints; device: prepare 0.06 list 0.53 cs 28.29 fence 1.44 ms, 2058 BOs
timing: #2160 done at t 62.516 s, 32.2 ms after the sync and hints; device: prepare 0.06 list 0.54 cs 28.63 fence 0.12 ms, 2058 BOs
flip 1/1 buffer 0x5093f0000 +0x1fe0000: sum 0x17fb17d5f47d nonzero 8100/8160 pattern 0
timing: t 62.517 s flip 1/1, VideoOutSubmitFlip took 0.0 ms
timing: #2161 done at t 62.575 s, 44.5 ms after the sync and hints; device: prepare 0.29 list 0.54 cs 28.78 fence 6.13 ms, 2058 BOs
timing: #2162 done at t 62.591 s, 0.9 ms after the sync and hints; device: prepare 0.00 list 0.02 cs 0.04 fence 0.03 ms, 5 BOs (short list)
timing: #2163 done at t 62.605 s, 1.0 ms after the sync and hints; device: prepare 0.02 list 0.02 cs 0.10 fence 0.03 ms, 9 BOs (short list)
timing: #2164 done at t 62.620 s, 0.9 ms after the sync and hints; device: prepare 0.00 list 0.02 cs 0.04 fence 0.03 ms, 5 BOs (short list)
timing: #2165 done at t 62.635 s, 1.3 ms after the sync and hints; device: prepare 0.04 list 0.02 cs 0.05 fence 0.03 ms, 6 BOs (short list)
timing: #2166 done at t 62.649 s, 0.9 ms after the sync and hints; device: prepare 0.00 list 0.02 cs 0.04 fence 0.03 ms, 5 BOs (short list)
timing: #2167 done at t 62.664 s, 1.3 ms after the sync and hints; device: prepare 0.03 list 0.02 cs 0.05 fence 0.04 ms, 6 BOs (short list)
timing: #2168 done at t 62.711 s, 33.1 ms after the sync and hints; device: prepare 0.08 list 0.54 cs 28.80 fence 0.45 ms, 2058 BOs
timing: #2169 done at t 62.755 s, 30.2 ms after the sync and hints; device: prepare 0.03 list 0.54 cs 28.21 fence 0.02 ms, 2058 BOs
timing: #2170 done at t 62.770 s, 1.0 ms after the sync and hints; device: prepare 0.00 list 0.01 cs 0.04 fence 0.04 ms, 5 BOs (short list)
timing: #2171 done at t 62.815 s, 30.5 ms after the sync and hints; device: prepare 0.02 list 0.53 cs 28.73 fence 0.32 ms, 2058 BOs
timing: #2172 done at t 62.862 s, 33.1 ms after the sync and hints; device: prepare 0.05 list 0.54 cs 28.34 fence 0.74 ms, 2058 BOs
timing: #2173 done at t 62.907 s, 31.5 ms after the sync and hints; device: prepare 0.07 list 0.53 cs 28.41 fence 1.43 ms, 2058 BOs
timing: #2174 done at t 62.952 s, 32.0 ms after the sync and hints; device: prepare 0.06 list 0.53 cs 28.65 fence 0.14 ms, 2058 BOs
flip 1/0 buffer 0x507410000 +0x1fe0000: sum 0x17fb17d5f47d nonzero 8100/8160 pattern 0
timing: t 62.953 s flip 1/0, VideoOutSubmitFlip took 0.0 ms
timing: #2175 done at t 63.012 s, 44.4 ms after the sync and hints; device: prepare 0.27 list 0.53 cs 28.51 fence 6.14 ms, 2058 BOs
timing: #2176 done at t 63.027 s, 1.0 ms after the sync and hints; device: prepare 0.00 list 0.02 cs 0.04 fence 0.04 ms, 5 BOs (short list)
timing: #2177 done at t 63.041 s, 1.0 ms after the sync and hints; device: prepare 0.01 list 0.02 cs 0.10 fence 0.03 ms, 9 BOs (short list)
timing: #2178 done at t 63.056 s, 0.9 ms after the sync and hints; device: prepare 0.00 list 0.02 cs 0.04 fence 0.03 ms, 5 BOs (short list)
timing: #2179 done at t 63.071 s, 1.3 ms after the sync and hints; device: prepare 0.03 list 0.01 cs 0.05 fence 0.03 ms, 6 BOs (short list)
timing: #2180 done at t 63.085 s, 0.9 ms after the sync and hints; device: prepare 0.00 list 0.01 cs 0.04 fence 0.03 ms, 5 BOs (short list)
timing: #2181 done at t 63.100 s, 1.3 ms after the sync and hints; device: prepare 0.03 list 0.02 cs 0.06 fence 0.04 ms, 6 BOs (short list)
timing: #2182 done at t 63.147 s, 33.0 ms after the sync and hints; device: prepare 0.08 list 0.53 cs 28.68 fence 0.46 ms, 2058 BOs
timing: #2183 done at t 63.191 s, 30.4 ms after the sync and hints; device: prepare 0.03 list 0.56 cs 28.43 fence 0.01 ms, 2058 BOs
timing: #2184 done at t 63.206 s, 1.0 ms after the sync and hints; device: prepare 0.00 list 0.01 cs 0.03 fence 0.03 ms, 5 BOs (short list)
timing: #2185 done at t 63.250 s, 30.8 ms after the sync and hints; device: prepare 0.02 list 0.54 cs 28.94 fence 0.32 ms, 2058 BOs
timing: #2186 done at t 63.297 s, 33.3 ms after the sync and hints; device: prepare 0.05 list 0.52 cs 28.56 fence 0.72 ms, 2058 BOs
timing: #2187 done at t 63.342 s, 31.7 ms after the sync and hints; device: prepare 0.07 list 0.57 cs 28.55 fence 1.44 ms, 2058 BOs
timing: #2188 done at t 63.388 s, 32.1 ms after the sync and hints; device: prepare 0.06 list 0.53 cs 28.77 fence 0.13 ms, 2058 BOs
flip 1/1 buffer 0x5093f0000 +0x1fe0000: sum 0x17fb17d5f47d nonzero 8100/8160 pattern 0
timing: t 63.389 s flip 1/1, VideoOutSubmitFlip took 0.0 ms
timing: #2189 done at t 63.447 s, 44.2 ms after the sync and hints; device: prepare 0.27 list 0.53 cs 28.59 fence 6.09 ms, 2058 BOs
timing: #2190 done at t 63.462 s, 0.9 ms after the sync and hints; device: prepare 0.00 list 0.02 cs 0.04 fence 0.03 ms, 5 BOs (short list)
timing: #2191 done at t 63.477 s, 1.0 ms after the sync and hints; device: prepare 0.02 list 0.02 cs 0.11 fence 0.03 ms, 9 BOs (short list)
timing: #2192 done at t 63.492 s, 1.0 ms after the sync and hints; device: prepare 0.00 list 0.02 cs 0.04 fence 0.02 ms, 5 BOs (short list)
timing: #2193 done at t 63.506 s, 1.3 ms after the sync and hints; device: prepare 0.03 list 0.02 cs 0.05 fence 0.03 ms, 6 BOs (short list)
timing: #2194 done at t 63.521 s, 0.9 ms after the sync and hints; device: prepare 0.00 list 0.02 cs 0.04 fence 0.03 ms, 5 BOs (short list)
timing: #2195 done at t 63.535 s, 1.2 ms after the sync and hints; device: prepare 0.03 list 0.02 cs 0.06 fence 0.04 ms, 6 BOs (short list)
timing: #2196 done at t 63.582 s, 32.7 ms after the sync and hints; device: prepare 0.08 list 0.53 cs 28.43 fence 0.45 ms, 2058 BOs
timing: #2197 done at t 63.626 s, 30.2 ms after the sync and hints; device: prepare 0.03 list 0.53 cs 28.26 fence 0.01 ms, 2058 BOs
timing: #2198 done at t 63.641 s, 1.0 ms after the sync and hints; device: prepare 0.01 list 0.02 cs 0.04 fence 0.03 ms, 5 BOs (short list)
timing: #2199 done at t 63.684 s, 30.2 ms after the sync and hints; device: prepare 0.02 list 0.53 cs 28.42 fence 0.28 ms, 2058 BOs
timing: #2200 done at t 63.731 s, 33.1 ms after the sync and hints; device: prepare 0.05 list 0.54 cs 28.28 fence 0.74 ms, 2058 BOs
timing: #2201 done at t 63.776 s, 31.4 ms after the sync and hints; device: prepare 0.07 list 0.53 cs 28.35 fence 1.43 ms, 2058 BOs
timing: #2202 done at t 63.822 s, 31.8 ms after the sync and hints; device: prepare 0.07 list 0.52 cs 28.29 fence 0.14 ms, 2058 BOs
flip 1/0 buffer 0x507410000 +0x1fe0000: sum 0x17fb17d5f47d nonzero 8100/8160 pattern 0
timing: t 63.823 s flip 1/0, VideoOutSubmitFlip took 0.0 ms
timing: #2203 done at t 63.881 s, 44.3 ms after the sync and hints; device: prepare 0.30 list 0.54 cs 28.59 fence 6.15 ms, 2058 BOs
timing: #2204 done at t 63.896 s, 1.0 ms after the sync and hints; device: prepare 0.00 list 0.02 cs 0.04 fence 0.03 ms, 5 BOs (short list)
timing: #2205 done at t 63.911 s, 1.0 ms after the sync and hints; device: prepare 0.01 list 0.02 cs 0.11 fence 0.03 ms, 9 BOs (short list)
timing: #2206 done at t 63.925 s, 1.0 ms after the sync and hints; device: prepare 0.00 list 0.02 cs 0.04 fence 0.03 ms, 5 BOs (short list)
timing: #2207 done at t 63.940 s, 1.3 ms after the sync and hints; device: prepare 0.03 list 0.02 cs 0.05 fence 0.03 ms, 6 BOs (short list)
timing: #2208 done at t 63.955 s, 0.9 ms after the sync and hints; device: prepare 0.00 list 0.02 cs 0.04 fence 0.02 ms, 5 BOs (short list)
timing: #2209 done at t 63.970 s, 1.3 ms after the sync and hints; device: prepare 0.03 list 0.01 cs 0.06 fence 0.04 ms, 6 BOs (short list)
timing: #2210 done at t 64.017 s, 33.0 ms after the sync and hints; device: prepare 0.08 list 0.53 cs 28.65 fence 0.46 ms, 2059 BOs
timing: #2211 done at t 64.061 s, 30.5 ms after the sync and hints; device: prepare 0.03 list 0.53 cs 28.52 fence 0.01 ms, 2059 BOs
timing: #2212 done at t 64.076 s, 1.0 ms after the sync and hints; device: prepare 0.00 list 0.01 cs 0.04 fence 0.02 ms, 5 BOs (short list)
timing: #2213 done at t 64.120 s, 30.3 ms after the sync and hints; device: prepare 0.02 list 0.57 cs 28.34 fence 0.31 ms, 2059 BOs
timing: #2214 done at t 64.167 s, 33.8 ms after the sync and hints; device: prepare 0.05 list 0.54 cs 29.01 fence 0.72 ms, 2059 BOs
timing: #2215 done at t 64.212 s, 31.6 ms after the sync and hints; device: prepare 0.06 list 0.52 cs 28.46 fence 1.44 ms, 2059 BOs
timing: #2216 done at t 64.259 s, 32.2 ms after the sync and hints; device: prepare 0.06 list 0.55 cs 28.75 fence 0.16 ms, 2059 BOs
flip 1/1 buffer 0x5093f0000 +0x1fe0000: sum 0x17fb17d5f47d nonzero 8100/8160 pattern 0
timing: t 64.260 s flip 1/1, VideoOutSubmitFlip took 0.0 ms
timing: #2217 done at t 64.318 s, 44.1 ms after the sync and hints; device: prepare 0.27 list 0.55 cs 28.45 fence 6.12 ms, 2059 BOs
timing: #2218 done at t 64.333 s, 1.0 ms after the sync and hints; device: prepare 0.00 list 0.02 cs 0.04 fence 0.03 ms, 5 BOs (short list)
timing: #2219 done at t 64.348 s, 1.1 ms after the sync and hints; device: prepare 0.02 list 0.02 cs 0.11 fence 0.03 ms, 9 BOs (short list)
timing: #2220 done at t 64.363 s, 1.1 ms after the sync and hints; device: prepare 0.00 list 0.02 cs 0.04 fence 0.03 ms, 5 BOs (short list)
timing: #2221 done at t 64.378 s, 1.4 ms after the sync and hints; device: prepare 0.03 list 0.02 cs 0.05 fence 0.04 ms, 6 BOs (short list)
timing: #2222 done at t 64.393 s, 1.0 ms after the sync and hints; device: prepare 0.00 list 0.02 cs 0.04 fence 0.03 ms, 5 BOs (short list)
timing: #2223 done at t 64.407 s, 1.3 ms after the sync and hints; device: prepare 0.03 list 0.02 cs 0.06 fence 0.05 ms, 6 BOs (short list)
timing: #2224 done at t 64.455 s, 33.6 ms after the sync and hints; device: prepare 0.08 list 0.56 cs 29.28 fence 0.45 ms, 2059 BOs
timing: #2225 done at t 64.500 s, 30.7 ms after the sync and hints; device: prepare 0.03 list 0.56 cs 28.65 fence 0.01 ms, 2059 BOs
timing: #2226 done at t 64.514 s, 1.0 ms after the sync and hints; device: prepare 0.00 list 0.02 cs 0.04 fence 0.03 ms, 5 BOs (short list)
timing: #2227 done at t 64.558 s, 30.2 ms after the sync and hints; device: prepare 0.02 list 0.54 cs 28.37 fence 0.32 ms, 2059 BOs
timing: #2228 done at t 64.606 s, 33.7 ms after the sync and hints; device: prepare 0.06 list 0.59 cs 28.71 fence 0.75 ms, 2059 BOs
timing: #2229 done at t 64.651 s, 31.5 ms after the sync and hints; device: prepare 0.06 list 0.53 cs 28.42 fence 1.43 ms, 2059 BOs
timing: #2230 done at t 64.697 s, 32.1 ms after the sync and hints; device: prepare 0.06 list 0.56 cs 28.59 fence 0.15 ms, 2059 BOs
flip 1/0 buffer 0x507410000 +0x1fe0000: sum 0x17fb17d5f47d nonzero 8100/8160 pattern 0
timing: t 64.698 s flip 1/0, VideoOutSubmitFlip took 0.0 ms
timing: #2231 done at t 64.757 s, 44.9 ms after the sync and hints; device: prepare 0.29 list 0.65 cs 28.32 fence 6.15 ms, 2059 BOs
timing: #2232 done at t 64.772 s, 1.0 ms after the sync and hints; device: prepare 0.01 list 0.01 cs 0.04 fence 0.03 ms, 5 BOs (short list)
timing: #2233 done at t 64.786 s, 1.0 ms after the sync and hints; device: prepare 0.01 list 0.02 cs 0.10 fence 0.02 ms, 9 BOs (short list)
timing: #2234 done at t 64.801 s, 0.9 ms after the sync and hints; device: prepare 0.00 list 0.02 cs 0.04 fence 0.03 ms, 5 BOs (short list)
timing: #2235 done at t 64.817 s, 1.5 ms after the sync and hints; device: prepare 0.03 list 0.02 cs 0.05 fence 0.03 ms, 6 BOs (short list)
timing: #2236 done at t 64.831 s, 1.0 ms after the sync and hints; device: prepare 0.00 list 0.02 cs 0.04 fence 0.03 ms, 5 BOs (short list)
timing: #2237 done at t 64.846 s, 1.4 ms after the sync and hints; device: prepare 0.03 list 0.02 cs 0.06 fence 0.05 ms, 6 BOs (short list)
timing: #2238 done at t 64.892 s, 32.9 ms after the sync and hints; device: prepare 0.09 list 0.55 cs 28.59 fence 0.45 ms, 2059 BOs
timing: #2239 done at t 64.937 s, 30.6 ms after the sync and hints; device: prepare 0.03 list 0.55 cs 28.53 fence 0.01 ms, 2059 BOs
timing: #2240 done at t 64.952 s, 1.0 ms after the sync and hints; device: prepare 0.00 list 0.02 cs 0.04 fence 0.03 ms, 5 BOs (short list)
timing: #2241 done at t 64.996 s, 30.2 ms after the sync and hints; device: prepare 0.02 list 0.53 cs 28.29 fence 0.30 ms, 2059 BOs
timing: #2242 done at t 65.044 s, 33.4 ms after the sync and hints; device: prepare 0.05 list 0.55 cs 28.40 fence 0.72 ms, 2059 BOs
timing: #2243 done at t 65.089 s, 31.5 ms after the sync and hints; device: prepare 0.07 list 0.55 cs 28.34 fence 1.44 ms, 2059 BOs
timing: #2244 done at t 65.134 s, 31.8 ms after the sync and hints; device: prepare 0.06 list 0.55 cs 28.28 fence 0.15 ms, 2059 BOs
flip 1/1 buffer 0x5093f0000 +0x1fe0000: sum 0x17fb17d5f47d nonzero 8100/8160 pattern 0
timing: t 65.135 s flip 1/1, VideoOutSubmitFlip took 0.0 ms
timing: #2245 done at t 65.194 s, 45.0 ms after the sync and hints; device: prepare 0.29 list 0.54 cs 28.42 fence 6.14 ms, 2059 BOs
timing: #2246 done at t 65.210 s, 1.1 ms after the sync and hints; device: prepare 0.00 list 0.02 cs 0.04 fence 0.03 ms, 5 BOs (short list)
timing: #2247 done at t 65.224 s, 1.1 ms after the sync and hints; device: prepare 0.02 list 0.02 cs 0.10 fence 0.03 ms, 9 BOs (short list)
timing: #2248 done at t 65.239 s, 1.0 ms after the sync and hints; device: prepare 0.00 list 0.02 cs 0.04 fence 0.04 ms, 5 BOs (short list)
timing: #2249 done at t 65.254 s, 1.5 ms after the sync and hints; device: prepare 0.03 list 0.01 cs 0.05 fence 0.03 ms, 6 BOs (short list)
timing: #2250 done at t 65.269 s, 1.1 ms after the sync and hints; device: prepare 0.00 list 0.02 cs 0.04 fence 0.03 ms, 5 BOs (short list)
timing: #2251 done at t 65.284 s, 1.4 ms after the sync and hints; device: prepare 0.03 list 0.02 cs 0.06 fence 0.05 ms, 6 BOs (short list)
timing: #2252 done at t 65.331 s, 33.0 ms after the sync and hints; device: prepare 0.08 list 0.57 cs 28.53 fence 0.46 ms, 2059 BOs
timing: #2253 done at t 65.376 s, 31.0 ms after the sync and hints; device: prepare 0.03 list 0.56 cs 28.93 fence 0.01 ms, 2059 BOs
timing: #2254 done at t 65.390 s, 1.0 ms after the sync and hints; device: prepare 0.00 list 0.01 cs 0.04 fence 0.03 ms, 5 BOs (short list)
timing: #2255 done at t 65.434 s, 30.9 ms after the sync and hints; device: prepare 0.05 list 0.59 cs 28.88 fence 0.21 ms, 2059 BOs
timing: #2256 done at t 65.482 s, 33.9 ms after the sync and hints; device: prepare 0.11 list 0.64 cs 28.61 fence 0.76 ms, 2059 BOs
timing: #2257 done at t 65.528 s, 32.1 ms after the sync and hints; device: prepare 0.06 list 0.53 cs 28.96 fence 1.42 ms, 2059 BOs
timing: #2258 done at t 65.575 s, 32.4 ms after the sync and hints; device: prepare 0.06 list 0.55 cs 28.97 fence 0.13 ms, 2059 BOs
flip 1/0 buffer 0x507410000 +0x1fe0000: sum 0x17fb17d5f47d nonzero 8100/8160 pattern 0
timing: t 65.576 s flip 1/0, VideoOutSubmitFlip took 0.0 ms
timing: #2259 done at t 65.635 s, 44.8 ms after the sync and hints; device: prepare 0.38 list 0.55 cs 28.76 fence 6.12 ms, 2059 BOs
timing: #2260 done at t 65.650 s, 1.2 ms after the sync and hints; device: prepare 0.01 list 0.02 cs 0.04 fence 0.04 ms, 5 BOs (short list)
timing: #2261 done at t 65.665 s, 1.1 ms after the sync and hints; device: prepare 0.02 list 0.02 cs 0.10 fence 0.03 ms, 9 BOs (short list)
timing: #2262 done at t 65.679 s, 1.0 ms after the sync and hints; device: prepare 0.00 list 0.01 cs 0.04 fence 0.04 ms, 5 BOs (short list)
timing: #2263 done at t 65.694 s, 1.4 ms after the sync and hints; device: prepare 0.03 list 0.01 cs 0.05 fence 0.04 ms, 6 BOs (short list)
timing: #2264 done at t 65.709 s, 1.1 ms after the sync and hints; device: prepare 0.00 list 0.02 cs 0.04 fence 0.03 ms, 5 BOs (short list)
timing: #2265 done at t 65.724 s, 1.4 ms after the sync and hints; device: prepare 0.03 list 0.02 cs 0.05 fence 0.05 ms, 6 BOs (short list)
timing: #2266 done at t 65.772 s, 33.3 ms after the sync and hints; device: prepare 0.10 list 0.64 cs 28.74 fence 0.46 ms, 2059 BOs
timing: #2267 done at t 65.816 s, 30.5 ms after the sync and hints; device: prepare 0.03 list 0.56 cs 28.39 fence 0.01 ms, 2059 BOs
timing: #2268 done at t 65.831 s, 1.1 ms after the sync and hints; device: prepare 0.00 list 0.02 cs 0.04 fence 0.03 ms, 5 BOs (short list)
timing: #2269 done at t 65.876 s, 30.7 ms after the sync and hints; device: prepare 0.02 list 0.53 cs 28.81 fence 0.31 ms, 2059 BOs
timing: #2270 done at t 65.923 s, 33.4 ms after the sync and hints; device: prepare 0.11 list 0.58 cs 28.26 fence 0.74 ms, 2059 BOs
timing: #2271 done at t 65.969 s, 31.8 ms after the sync and hints; device: prepare 0.07 list 0.54 cs 28.61 fence 1.44 ms, 2059 BOs
timing: #2272 done at t 66.014 s, 32.0 ms after the sync and hints; device: prepare 0.06 list 0.55 cs 28.38 fence 0.14 ms, 2059 BOs
flip 1/1 buffer 0x5093f0000 +0x1fe0000: sum 0x17fb17d5f47d nonzero 8100/8160 pattern 0
timing: t 66.015 s flip 1/1, VideoOutSubmitFlip took 0.0 ms
timing: #2273 done at t 66.074 s, 44.1 ms after the sync and hints; device: prepare 0.29 list 0.56 cs 28.36 fence 6.13 ms, 2059 BOs
timing: #2274 done at t 66.089 s, 1.0 ms after the sync and hints; device: prepare 0.00 list 0.01 cs 0.04 fence 0.03 ms, 5 BOs (short list)
timing: #2275 done at t 66.103 s, 1.1 ms after the sync and hints; device: prepare 0.01 list 0.02 cs 0.10 fence 0.03 ms, 9 BOs (short list)
timing: #2276 done at t 66.119 s, 1.0 ms after the sync and hints; device: prepare 0.00 list 0.02 cs 0.04 fence 0.04 ms, 5 BOs (short list)
timing: #2277 done at t 66.134 s, 1.5 ms after the sync and hints; device: prepare 0.03 list 0.01 cs 0.05 fence 0.04 ms, 6 BOs (short list)
timing: #2278 done at t 66.148 s, 1.0 ms after the sync and hints; device: prepare 0.00 list 0.02 cs 0.04 fence 0.04 ms, 5 BOs (short list)
timing: #2279 done at t 66.163 s, 1.4 ms after the sync and hints; device: prepare 0.03 list 0.02 cs 0.06 fence 0.05 ms, 6 BOs (short list)
timing: #2280 done at t 66.210 s, 33.0 ms after the sync and hints; device: prepare 0.10 list 0.55 cs 28.59 fence 0.45 ms, 2059 BOs
timing: #2281 done at t 66.254 s, 30.4 ms after the sync and hints; device: prepare 0.03 list 0.56 cs 28.29 fence 0.01 ms, 2059 BOs
timing: #2282 done at t 66.269 s, 1.1 ms after the sync and hints; device: prepare 0.00 list 0.01 cs 0.04 fence 0.03 ms, 5 BOs (short list)
timing: #2283 done at t 66.313 s, 30.6 ms after the sync and hints; device: prepare 0.02 list 0.53 cs 28.68 fence 0.31 ms, 2059 BOs
timing: #2284 done at t 66.361 s, 33.4 ms after the sync and hints; device: prepare 0.05 list 0.55 cs 28.42 fence 0.74 ms, 2059 BOs
timing: #2285 done at t 66.406 s, 31.4 ms after the sync and hints; device: prepare 0.06 list 0.54 cs 28.27 fence 1.44 ms, 2059 BOs
timing: #2286 done at t 66.452 s, 32.0 ms after the sync and hints; device: prepare 0.06 list 0.55 cs 28.48 fence 0.14 ms, 2059 BOs
flip 1/0 buffer 0x507410000 +0x1fe0000: sum 0x17fb17d5f47d nonzero 8100/8160 pattern 0
timing: t 66.452 s flip 1/0, VideoOutSubmitFlip took 0.0 ms
timing: #2287 done at t 66.511 s, 44.3 ms after the sync and hints; device: prepare 0.29 list 0.55 cs 28.45 fence 6.14 ms, 2059 BOs
timing: #2288 done at t 66.526 s, 1.2 ms after the sync and hints; device: prepare 0.00 list 0.02 cs 0.04 fence 0.03 ms, 5 BOs (short list)
timing: #2289 done at t 66.541 s, 1.1 ms after the sync and hints; device: prepare 0.02 list 0.02 cs 0.10 fence 0.03 ms, 9 BOs (short list)
timing: #2290 done at t 66.556 s, 1.0 ms after the sync and hints; device: prepare 0.00 list 0.02 cs 0.04 fence 0.04 ms, 5 BOs (short list)
timing: #2291 done at t 66.571 s, 1.5 ms after the sync and hints; device: prepare 0.07 list 0.02 cs 0.06 fence 0.02 ms, 6 BOs (short list)
timing: #2292 done at t 66.586 s, 1.0 ms after the sync and hints; device: prepare 0.00 list 0.02 cs 0.04 fence 0.02 ms, 5 BOs (short list)
timing: #2293 done at t 66.601 s, 1.4 ms after the sync and hints; device: prepare 0.03 list 0.02 cs 0.06 fence 0.04 ms, 6 BOs (short list)
timing: #2294 done at t 66.648 s, 33.1 ms after the sync and hints; device: prepare 0.09 list 0.58 cs 28.67 fence 0.46 ms, 2059 BOs
timing: #2295 done at t 66.692 s, 30.4 ms after the sync and hints; device: prepare 0.03 list 0.56 cs 28.33 fence 0.01 ms, 2059 BOs
timing: #2296 done at t 66.707 s, 1.1 ms after the sync and hints; device: prepare 0.00 list 0.04 cs 0.04 fence 0.03 ms, 5 BOs (short list)
timing: #2297 done at t 66.750 s, 30.1 ms after the sync and hints; device: prepare 0.02 list 0.53 cs 28.19 fence 0.31 ms, 2059 BOs
timing: #2298 done at t 66.798 s, 33.5 ms after the sync and hints; device: prepare 0.06 list 0.56 cs 28.43 fence 0.75 ms, 2059 BOs
timing: #2299 done at t 66.843 s, 31.6 ms after the sync and hints; device: prepare 0.06 list 0.53 cs 28.37 fence 1.43 ms, 2059 BOs
timing: #2300 done at t 66.889 s, 32.0 ms after the sync and hints; device: prepare 0.06 list 0.55 cs 28.38 fence 0.14 ms, 2059 BOs
flip 1/1 buffer 0x5093f0000 +0x1fe0000: sum 0x17fb17d5f47d nonzero 8100/8160 pattern 0
timing: t 66.890 s flip 1/1, VideoOutSubmitFlip took 0.0 ms
timing: #2301 done at t 66.950 s, 44.8 ms after the sync and hints; device: prepare 0.27 list 0.57 cs 28.72 fence 6.12 ms, 2059 BOs
timing: #2302 done at t 66.965 s, 1.0 ms after the sync and hints; device: prepare 0.00 list 0.02 cs 0.04 fence 0.03 ms, 5 BOs (short list)
timing: #2303 done at t 66.979 s, 1.2 ms after the sync and hints; device: prepare 0.02 list 0.02 cs 0.10 fence 0.03 ms, 9 BOs (short list)
timing: #2304 done at t 66.994 s, 1.0 ms after the sync and hints; device: prepare 0.00 list 0.02 cs 0.04 fence 0.03 ms, 5 BOs (short list)
timing: #2305 done at t 67.009 s, 1.4 ms after the sync and hints; device: prepare 0.03 list 0.02 cs 0.06 fence 0.03 ms, 6 BOs (short list)
timing: #2306 done at t 67.024 s, 1.1 ms after the sync and hints; device: prepare 0.00 list 0.02 cs 0.04 fence 0.03 ms, 5 BOs (short list)
timing: #2307 done at t 67.039 s, 1.5 ms after the sync and hints; device: prepare 0.06 list 0.02 cs 0.08 fence 0.05 ms, 6 BOs (short list)
timing: #2308 done at t 67.085 s, 32.9 ms after the sync and hints; device: prepare 0.08 list 0.57 cs 28.46 fence 0.46 ms, 2059 BOs
timing: #2309 done at t 67.130 s, 30.3 ms after the sync and hints; device: prepare 0.03 list 0.55 cs 28.24 fence 0.01 ms, 2059 BOs
timing: #2310 done at t 67.144 s, 1.1 ms after the sync and hints; device: prepare 0.01 list 0.02 cs 0.04 fence 0.03 ms, 5 BOs (short list)
timing: #2311 done at t 67.188 s, 30.4 ms after the sync and hints; device: prepare 0.02 list 0.55 cs 28.31 fence 0.31 ms, 2059 BOs
timing: #2312 done at t 67.236 s, 33.6 ms after the sync and hints; device: prepare 0.05 list 0.55 cs 28.38 fence 0.73 ms, 2059 BOs
timing: #2313 done at t 67.281 s, 31.9 ms after the sync and hints; device: prepare 0.14 list 0.58 cs 28.38 fence 1.41 ms, 2059 BOs
timing: #2314 done at t 67.327 s, 32.2 ms after the sync and hints; device: prepare 0.06 list 0.55 cs 28.50 fence 0.14 ms, 2059 BOs
flip 1/0 buffer 0x507410000 +0x1fe0000: sum 0x17fb17d5f47d nonzero 8100/8160 pattern 0
timing: t 67.328 s flip 1/0, VideoOutSubmitFlip took 0.0 ms
timing: #2315 done at t 67.387 s, 44.7 ms after the sync and hints; device: prepare 0.28 list 0.54 cs 28.13 fence 6.15 ms, 2059 BOs
timing: #2316 done at t 67.403 s, 1.4 ms after the sync and hints; device: prepare 0.00 list 0.02 cs 0.04 fence 0.05 ms, 5 BOs (short list)
timing: #2317 done at t 67.417 s, 1.4 ms after the sync and hints; device: prepare 0.01 list 0.02 cs 0.10 fence 0.03 ms, 9 BOs (short list)
timing: #2318 done at t 67.433 s, 1.3 ms after the sync and hints; device: prepare 0.00 list 0.02 cs 0.04 fence 0.03 ms, 5 BOs (short list)
timing: #2319 done at t 67.448 s, 1.6 ms after the sync and hints; device: prepare 0.04 list 0.02 cs 0.06 fence 0.03 ms, 6 BOs (short list)
timing: #2320 done at t 67.463 s, 1.3 ms after the sync and hints; device: prepare 0.00 list 0.02 cs 0.04 fence 0.03 ms, 5 BOs (short list)
timing: #2321 done at t 67.479 s, 1.6 ms after the sync and hints; device: prepare 0.03 list 0.02 cs 0.05 fence 0.03 ms, 6 BOs (short list)
timing: #2322 done at t 67.526 s, 33.5 ms after the sync and hints; device: prepare 0.08 list 0.55 cs 28.78 fence 0.45 ms, 2059 BOs
timing: #2323 done at t 67.571 s, 30.8 ms after the sync and hints; device: prepare 0.03 list 0.55 cs 28.45 fence 0.01 ms, 2059 BOs
timing: #2324 done at t 67.586 s, 1.3 ms after the sync and hints; device: prepare 0.00 list 0.02 cs 0.04 fence 0.02 ms, 5 BOs (short list)
timing: #2325 done at t 67.630 s, 30.5 ms after the sync and hints; device: prepare 0.02 list 0.56 cs 28.29 fence 0.32 ms, 2059 BOs
timing: #2326 done at t 67.678 s, 34.1 ms after the sync and hints; device: prepare 0.05 list 0.59 cs 28.86 fence 0.73 ms, 2059 BOs
timing: #2327 done at t 67.724 s, 31.9 ms after the sync and hints; device: prepare 0.07 list 0.55 cs 28.32 fence 1.42 ms, 2059 BOs
timing: #2328 done at t 67.770 s, 32.2 ms after the sync and hints; device: prepare 0.06 list 0.55 cs 28.36 fence 0.14 ms, 2059 BOs
flip 1/1 buffer 0x5093f0000 +0x1fe0000: sum 0x17fb17d5f47d nonzero 8100/8160 pattern 0
timing: t 67.771 s flip 1/1, VideoOutSubmitFlip took 0.0 ms
timing: #2329 done at t 67.830 s, 45.0 ms after the sync and hints; device: prepare 0.29 list 0.55 cs 28.84 fence 6.11 ms, 2059 BOs
timing: #2330 done at t 67.845 s, 1.3 ms after the sync and hints; device: prepare 0.01 list 0.02 cs 0.04 fence 0.04 ms, 5 BOs (short list)
timing: #2331 done at t 67.860 s, 1.3 ms after the sync and hints; device: prepare 0.01 list 0.02 cs 0.10 fence 0.03 ms, 9 BOs (short list)
timing: #2332 done at t 67.875 s, 1.2 ms after the sync and hints; device: prepare 0.00 list 0.02 cs 0.03 fence 0.03 ms, 5 BOs (short list)
timing: #2333 done at t 67.890 s, 1.6 ms after the sync and hints; device: prepare 0.03 list 0.02 cs 0.05 fence 0.04 ms, 6 BOs (short list)
timing: #2334 done at t 67.905 s, 1.2 ms after the sync and hints; device: prepare 0.00 list 0.02 cs 0.03 fence 0.03 ms, 5 BOs (short list)
timing: #2335 done at t 67.920 s, 1.7 ms after the sync and hints; device: prepare 0.03 list 0.02 cs 0.06 fence 0.05 ms, 6 BOs (short list)
timing: #2336 done at t 67.966 s, 32.9 ms after the sync and hints; device: prepare 0.08 list 0.55 cs 28.30 fence 0.47 ms, 2059 BOs
timing: #2337 done at t 68.011 s, 30.7 ms after the sync and hints; device: prepare 0.03 list 0.57 cs 28.37 fence 0.01 ms, 2059 BOs
timing: #2338 done at t 68.026 s, 1.5 ms after the sync and hints; device: prepare 0.00 list 0.02 cs 0.04 fence 0.05 ms, 5 BOs (short list)
timing: #2339 done at t 68.071 s, 30.9 ms after the sync and hints; device: prepare 0.02 list 0.55 cs 28.70 fence 0.32 ms, 2059 BOs
timing: #2340 done at t 68.118 s, 33.5 ms after the sync and hints; device: prepare 0.05 list 0.55 cs 28.28 fence 0.74 ms, 2059 BOs
timing: #2341 done at t 68.164 s, 32.2 ms after the sync and hints; device: prepare 0.09 list 0.58 cs 28.66 fence 1.43 ms, 2059 BOs
timing: #2342 done at t 68.210 s, 32.4 ms after the sync and hints; device: prepare 0.06 list 0.58 cs 28.65 fence 0.14 ms, 2059 BOs
flip 1/0 buffer 0x507410000 +0x1fe0000: sum 0x17fb17d5f47d nonzero 8100/8160 pattern 0
timing: t 68.211 s flip 1/0, VideoOutSubmitFlip took 0.0 ms
timing: #2343 done at t 68.270 s, 45.0 ms after the sync and hints; device: prepare 0.43 list 0.63 cs 28.62 fence 6.13 ms, 2059 BOs
timing: #2344 done at t 68.286 s, 1.3 ms after the sync and hints; device: prepare 0.00 list 0.02 cs 0.05 fence 0.04 ms, 5 BOs (short list)
timing: #2345 done at t 68.301 s, 1.4 ms after the sync and hints; device: prepare 0.02 list 0.02 cs 0.10 fence 0.03 ms, 9 BOs (short list)
timing: #2346 done at t 68.316 s, 1.3 ms after the sync and hints; device: prepare 0.00 list 0.02 cs 0.04 fence 0.02 ms, 5 BOs (short list)
timing: #2347 done at t 68.331 s, 1.7 ms after the sync and hints; device: prepare 0.03 list 0.02 cs 0.05 fence 0.03 ms, 6 BOs (short list)
timing: #2348 done at t 68.346 s, 1.3 ms after the sync and hints; device: prepare 0.00 list 0.02 cs 0.04 fence 0.02 ms, 5 BOs (short list)
timing: #2349 done at t 68.361 s, 1.6 ms after the sync and hints; device: prepare 0.03 list 0.02 cs 0.06 fence 0.04 ms, 6 BOs (short list)
timing: #2350 done at t 68.408 s, 33.2 ms after the sync and hints; device: prepare 0.09 list 0.58 cs 28.45 fence 0.46 ms, 2059 BOs
timing: #2351 done at t 68.453 s, 30.7 ms after the sync and hints; device: prepare 0.03 list 0.54 cs 28.42 fence 0.01 ms, 2059 BOs
timing: #2352 done at t 68.468 s, 1.3 ms after the sync and hints; device: prepare 0.00 list 0.02 cs 0.04 fence 0.03 ms, 5 BOs (short list)
timing: #2353 done at t 68.512 s, 30.9 ms after the sync and hints; device: prepare 0.02 list 0.55 cs 28.75 fence 0.32 ms, 2059 BOs
timing: #2354 done at t 68.559 s, 33.4 ms after the sync and hints; device: prepare 0.05 list 0.55 cs 28.24 fence 0.74 ms, 2059 BOs
timing: #2355 done at t 68.605 s, 31.9 ms after the sync and hints; device: prepare 0.07 list 0.56 cs 28.43 fence 1.43 ms, 2059 BOs
timing: #2356 done at t 68.651 s, 32.6 ms after the sync and hints; device: prepare 0.06 list 0.55 cs 28.83 fence 0.14 ms, 2059 BOs
flip 1/1 buffer 0x5093f0000 +0x1fe0000: sum 0x17fb17d5f47d nonzero 8100/8160 pattern 0
timing: t 68.652 s flip 1/1, VideoOutSubmitFlip took 0.0 ms
timing: #2357 done at t 68.712 s, 45.5 ms after the sync and hints; device: prepare 0.29 list 0.57 cs 29.28 fence 6.12 ms, 2059 BOs
timing: #2358 done at t 68.727 s, 1.3 ms after the sync and hints; device: prepare 0.00 list 0.02 cs 0.04 fence 0.04 ms, 5 BOs (short list)
timing: #2359 done at t 68.742 s, 1.4 ms after the sync and hints; device: prepare 0.02 list 0.02 cs 0.10 fence 0.03 ms, 9 BOs (short list)
timing: #2360 done at t 68.757 s, 1.5 ms after the sync and hints; device: prepare 0.00 list 0.02 cs 0.03 fence 0.02 ms, 5 BOs (short list)
timing: #2361 done at t 68.772 s, 1.6 ms after the sync and hints; device: prepare 0.03 list 0.02 cs 0.05 fence 0.03 ms, 6 BOs (short list)
timing: #2362 done at t 68.787 s, 1.2 ms after the sync and hints; device: prepare 0.00 list 0.02 cs 0.04 fence 0.03 ms, 5 BOs (short list)
timing: #2363 done at t 68.802 s, 1.6 ms after the sync and hints; device: prepare 0.03 list 0.02 cs 0.05 fence 0.04 ms, 6 BOs (short list)
timing: #2364 done at t 68.849 s, 32.9 ms after the sync and hints; device: prepare 0.08 list 0.55 cs 28.31 fence 0.45 ms, 2059 BOs
timing: #2365 done at t 68.865 s, 1.3 ms after the sync and hints; device: prepare 0.01 list 0.02 cs 0.04 fence 0.03 ms, 5 BOs (short list)
timing: #2366 done at t 68.913 s, 33.4 ms after the sync and hints; device: prepare 0.04 list 0.56 cs 30.84 fence 0.01 ms, 2059 BOs
timing: #2367 done at t 68.958 s, 31.3 ms after the sync and hints; device: prepare 0.02 list 0.56 cs 28.91 fence 0.30 ms, 2059 BOs
timing: #2368 done at t 69.008 s, 34.0 ms after the sync and hints; device: prepare 0.05 list 0.57 cs 28.61 fence 0.73 ms, 2059 BOs
timing: #2369 done at t 69.055 s, 32.6 ms after the sync and hints; device: prepare 0.11 list 0.59 cs 29.03 fence 1.42 ms, 2059 BOs
timing: #2370 done at t 69.101 s, 32.5 ms after the sync and hints; device: prepare 0.06 list 0.57 cs 28.64 fence 0.14 ms, 2059 BOs
flip 1/0 buffer 0x507410000 +0x1fe0000: sum 0x17fb17d5f47d nonzero 8100/8160 pattern 0
timing: t 69.102 s flip 1/0, VideoOutSubmitFlip took 0.0 ms
timing: #2371 done at t 69.161 s, 44.7 ms after the sync and hints; device: prepare 0.37 list 0.62 cs 28.55 fence 6.15 ms, 2059 BOs
timing: #2372 done at t 69.176 s, 1.4 ms after the sync and hints; device: prepare 0.01 list 0.02 cs 0.04 fence 0.04 ms, 5 BOs (short list)
timing: #2373 done at t 69.191 s, 1.3 ms after the sync and hints; device: prepare 0.01 list 0.02 cs 0.10 fence 0.04 ms, 9 BOs (short list)
timing: #2374 done at t 69.206 s, 1.3 ms after the sync and hints; device: prepare 0.00 list 0.02 cs 0.04 fence 0.03 ms, 5 BOs (short list)
timing: #2375 done at t 69.221 s, 1.7 ms after the sync and hints; device: prepare 0.04 list 0.02 cs 0.05 fence 0.03 ms, 6 BOs (short list)
timing: #2376 done at t 69.236 s, 1.3 ms after the sync and hints; device: prepare 0.00 list 0.02 cs 0.04 fence 0.04 ms, 5 BOs (short list)
timing: #2377 done at t 69.252 s, 1.6 ms after the sync and hints; device: prepare 0.03 list 0.02 cs 0.05 fence 0.04 ms, 6 BOs (short list)
timing: #2378 done at t 69.299 s, 33.5 ms after the sync and hints; device: prepare 0.14 list 0.61 cs 28.81 fence 0.45 ms, 2059 BOs
timing: #2379 done at t 69.344 s, 30.9 ms after the sync and hints; device: prepare 0.03 list 0.56 cs 28.58 fence 0.01 ms, 2059 BOs
timing: #2380 done at t 69.358 s, 1.3 ms after the sync and hints; device: prepare 0.00 list 0.02 cs 0.04 fence 0.04 ms, 5 BOs (short list)
timing: #2381 done at t 69.402 s, 30.5 ms after the sync and hints; device: prepare 0.02 list 0.56 cs 28.36 fence 0.29 ms, 2059 BOs
timing: #2382 done at t 69.450 s, 33.8 ms after the sync and hints; device: prepare 0.11 list 0.62 cs 28.37 fence 0.76 ms, 2059 BOs
timing: #2383 done at t 69.495 s, 31.7 ms after the sync and hints; device: prepare 0.07 list 0.55 cs 28.24 fence 1.44 ms, 2059 BOs
timing: #2384 done at t 69.542 s, 32.8 ms after the sync and hints; device: prepare 0.06 list 0.56 cs 29.15 fence 0.12 ms, 2059 BOs
flip 1/1 buffer 0x5093f0000 +0x1fe0000: sum 0x17fb17d5f47d nonzero 8100/8160 pattern 0
timing: t 69.543 s flip 1/1, VideoOutSubmitFlip took 0.0 ms
timing: #2385 done at t 69.603 s, 45.1 ms after the sync and hints; device: prepare 0.31 list 0.76 cs 28.75 fence 6.10 ms, 2059 BOs
timing: #2386 done at t 69.618 s, 1.3 ms after the sync and hints; device: prepare 0.00 list 0.02 cs 0.04 fence 0.05 ms, 5 BOs (short list)
timing: #2387 done at t 69.633 s, 1.4 ms after the sync and hints; device: prepare 0.01 list 0.02 cs 0.10 fence 0.03 ms, 9 BOs (short list)
timing: #2388 done at t 69.648 s, 1.4 ms after the sync and hints; device: prepare 0.00 list 0.01 cs 0.04 fence 0.03 ms, 5 BOs (short list)
timing: #2389 done at t 69.664 s, 1.7 ms after the sync and hints; device: prepare 0.03 list 0.02 cs 0.06 fence 0.04 ms, 6 BOs (short list)
timing: #2390 done at t 69.678 s, 1.3 ms after the sync and hints; device: prepare 0.01 list 0.02 cs 0.04 fence 0.04 ms, 5 BOs (short list)
timing: #2391 done at t 69.694 s, 1.6 ms after the sync and hints; device: prepare 0.03 list 0.02 cs 0.05 fence 0.05 ms, 6 BOs (short list)
timing: #2392 done at t 69.741 s, 33.9 ms after the sync and hints; device: prepare 0.16 list 0.69 cs 29.03 fence 0.46 ms, 2060 BOs
timing: #2393 done at t 69.787 s, 30.9 ms after the sync and hints; device: prepare 0.03 list 0.55 cs 28.44 fence 0.01 ms, 2060 BOs
timing: #2394 done at t 69.802 s, 1.3 ms after the sync and hints; device: prepare 0.01 list 0.02 cs 0.04 fence 0.04 ms, 5 BOs (short list)
timing: #2395 done at t 69.846 s, 31.4 ms after the sync and hints; device: prepare 0.02 list 0.56 cs 29.17 fence 0.32 ms, 2060 BOs
timing: #2396 done at t 69.893 s, 33.4 ms after the sync and hints; device: prepare 0.05 list 0.54 cs 28.27 fence 0.73 ms, 2060 BOs
timing: #2397 done at t 69.939 s, 32.0 ms after the sync and hints; device: prepare 0.07 list 0.56 cs 28.59 fence 1.42 ms, 2060 BOs
timing: #2398 done at t 69.985 s, 32.0 ms after the sync and hints; device: prepare 0.06 list 0.55 cs 28.31 fence 0.13 ms, 2060 BOs
flip 1/0 buffer 0x507410000 +0x1fe0000: sum 0x17fb17d5f47d nonzero 8100/8160 pattern 0
timing: t 69.985 s flip 1/0, VideoOutSubmitFlip took 0.0 ms
timing: #2399 done at t 70.044 s, 44.6 ms after the sync and hints; device: prepare 0.28 list 0.54 cs 28.60 fence 6.13 ms, 2060 BOs
timing: #2400 done at t 70.060 s, 1.3 ms after the sync and hints; device: prepare 0.00 list 0.02 cs 0.04 fence 0.05 ms, 5 BOs (short list)
timing: #2401 done at t 70.075 s, 1.4 ms after the sync and hints; device: prepare 0.01 list 0.02 cs 0.10 fence 0.03 ms, 9 BOs (short list)
timing: #2402 done at t 70.090 s, 1.5 ms after the sync and hints; device: prepare 0.01 list 0.02 cs 0.04 fence 0.04 ms, 5 BOs (short list)
timing: #2403 done at t 70.106 s, 1.9 ms after the sync and hints; device: prepare 0.03 list 0.02 cs 0.06 fence 0.04 ms, 6 BOs (short list)
timing: #2404 done at t 70.121 s, 1.2 ms after the sync and hints; device: prepare 0.00 list 0.02 cs 0.04 fence 0.04 ms, 5 BOs (short list)
timing: #2405 done at t 70.135 s, 1.6 ms after the sync and hints; device: prepare 0.03 list 0.02 cs 0.05 fence 0.05 ms, 6 BOs (short list)
timing: #2406 done at t 70.183 s, 33.4 ms after the sync and hints; device: prepare 0.08 list 0.55 cs 28.86 fence 0.45 ms, 2061 BOs
timing: #2407 done at t 70.228 s, 30.6 ms after the sync and hints; device: prepare 0.03 list 0.54 cs 28.28 fence 0.01 ms, 2061 BOs
timing: #2408 done at t 70.243 s, 1.4 ms after the sync and hints; device: prepare 0.00 list 0.02 cs 0.04 fence 0.03 ms, 5 BOs (short list)
timing: #2409 done at t 70.287 s, 30.7 ms after the sync and hints; device: prepare 0.02 list 0.56 cs 28.50 fence 0.33 ms, 2061 BOs
timing: #2410 done at t 70.334 s, 33.9 ms after the sync and hints; device: prepare 0.05 list 0.55 cs 28.84 fence 0.75 ms, 2061 BOs
timing: #2411 done at t 70.380 s, 31.8 ms after the sync and hints; device: prepare 0.07 list 0.55 cs 28.19 fence 1.44 ms, 2061 BOs
timing: #2412 done at t 70.426 s, 32.8 ms after the sync and hints; device: prepare 0.12 list 0.63 cs 28.62 fence 0.15 ms, 2061 BOs
flip 1/1 buffer 0x5093f0000 +0x1fe0000: sum 0x17fb17d5f47d nonzero 8100/8160 pattern 0
timing: t 70.427 s flip 1/1, VideoOutSubmitFlip took 0.0 ms
timing: #2413 done at t 70.488 s, 46.2 ms after the sync and hints; device: prepare 0.29 list 0.57 cs 28.75 fence 6.11 ms, 2061 BOs
timing: #2414 done at t 70.503 s, 1.3 ms after the sync and hints; device: prepare 0.00 list 0.02 cs 0.04 fence 0.05 ms, 5 BOs (short list)
timing: #2415 done at t 70.518 s, 1.4 ms after the sync and hints; device: prepare 0.02 list 0.02 cs 0.10 fence 0.03 ms, 9 BOs (short list)
timing: #2416 done at t 70.533 s, 1.3 ms after the sync and hints; device: prepare 0.01 list 0.02 cs 0.04 fence 0.03 ms, 5 BOs (short list)
timing: #2417 done at t 70.549 s, 1.7 ms after the sync and hints; device: prepare 0.03 list 0.02 cs 0.05 fence 0.03 ms, 6 BOs (short list)
timing: #2418 done at t 70.564 s, 1.3 ms after the sync and hints; device: prepare 0.00 list 0.02 cs 0.03 fence 0.04 ms, 5 BOs (short list)
timing: #2419 done at t 70.579 s, 1.7 ms after the sync and hints; device: prepare 0.06 list 0.02 cs 0.08 fence 0.06 ms, 6 BOs (short list)
timing: #2420 done at t 70.627 s, 33.9 ms after the sync and hints; device: prepare 0.08 list 0.64 cs 29.02 fence 0.46 ms, 2061 BOs
timing: #2421 done at t 70.672 s, 30.8 ms after the sync and hints; device: prepare 0.03 list 0.55 cs 28.45 fence 0.01 ms, 2061 BOs
timing: #2422 done at t 70.686 s, 1.3 ms after the sync and hints; device: prepare 0.01 list 0.02 cs 0.04 fence 0.04 ms, 5 BOs (short list)
timing: #2423 done at t 70.731 s, 30.8 ms after the sync and hints; device: prepare 0.03 list 0.56 cs 28.62 fence 0.28 ms, 2061 BOs
timing: #2424 done at t 70.779 s, 34.2 ms after the sync and hints; device: prepare 0.06 list 0.56 cs 28.78 fence 0.75 ms, 2061 BOs
timing: #2425 done at t 70.825 s, 32.3 ms after the sync and hints; device: prepare 0.07 list 0.57 cs 28.81 fence 1.42 ms, 2061 BOs
timing: #2426 done at t 70.871 s, 32.3 ms after the sync and hints; device: prepare 0.06 list 0.57 cs 28.47 fence 0.14 ms, 2061 BOs
flip 1/0 buffer 0x507410000 +0x1fe0000: sum 0x17fb17d5f47d nonzero 8100/8160 pattern 0
timing: t 70.872 s flip 1/0, VideoOutSubmitFlip took 0.0 ms
timing: #2427 done at t 70.931 s, 44.7 ms after the sync and hints; device: prepare 0.26 list 0.59 cs 28.70 fence 6.12 ms, 2061 BOs
timing: #2428 done at t 70.946 s, 1.3 ms after the sync and hints; device: prepare 0.00 list 0.02 cs 0.04 fence 0.05 ms, 5 BOs (short list)
timing: #2429 done at t 70.961 s, 1.3 ms after the sync and hints; device: prepare 0.01 list 0.02 cs 0.09 fence 0.03 ms, 9 BOs (short list)
timing: #2430 done at t 70.976 s, 1.3 ms after the sync and hints; device: prepare 0.01 list 0.02 cs 0.04 fence 0.04 ms, 5 BOs (short list)
timing: #2431 done at t 70.991 s, 1.8 ms after the sync and hints; device: prepare 0.07 list 0.02 cs 0.08 fence 0.04 ms, 6 BOs (short list)
timing: #2432 done at t 71.006 s, 1.3 ms after the sync and hints; device: prepare 0.00 list 0.02 cs 0.04 fence 0.04 ms, 5 BOs (short list)
timing: #2433 done at t 71.021 s, 1.7 ms after the sync and hints; device: prepare 0.06 list 0.02 cs 0.06 fence 0.05 ms, 6 BOs (short list)
timing: #2434 done at t 71.068 s, 33.0 ms after the sync and hints; device: prepare 0.09 list 0.55 cs 28.39 fence 0.45 ms, 2061 BOs
timing: #2435 done at t 71.113 s, 31.0 ms after the sync and hints; device: prepare 0.03 list 0.55 cs 28.65 fence 0.01 ms, 2061 BOs
timing: #2436 done at t 71.128 s, 1.3 ms after the sync and hints; device: prepare 0.00 list 0.02 cs 0.04 fence 0.02 ms, 5 BOs (short list)
timing: #2437 done at t 71.173 s, 30.9 ms after the sync and hints; device: prepare 0.02 list 0.55 cs 28.61 fence 0.31 ms, 2061 BOs
timing: #2438 done at t 71.221 s, 33.9 ms after the sync and hints; device: prepare 0.06 list 0.55 cs 28.68 fence 0.74 ms, 2061 BOs
timing: #2439 done at t 71.266 s, 32.3 ms after the sync and hints; device: prepare 0.07 list 0.55 cs 28.91 fence 1.41 ms, 2061 BOs
timing: #2440 done at t 71.314 s, 32.9 ms after the sync and hints; device: prepare 0.06 list 0.55 cs 29.17 fence 0.12 ms, 2061 BOs
flip 1/1 buffer 0x5093f0000 +0x1fe0000: sum 0x17fb17d5f47d nonzero 8100/8160 pattern 0
timing: t 71.315 s flip 1/1, VideoOutSubmitFlip took 0.0 ms
timing: #2441 done at t 71.374 s, 45.3 ms after the sync and hints; device: prepare 0.30 list 0.58 cs 28.77 fence 6.12 ms, 2061 BOs
timing: #2442 done at t 71.390 s, 1.4 ms after the sync and hints; device: prepare 0.01 list 0.02 cs 0.04 fence 0.05 ms, 5 BOs (short list)
timing: #2443 done at t 71.405 s, 1.4 ms after the sync and hints; device: prepare 0.01 list 0.02 cs 0.10 fence 0.04 ms, 9 BOs (short list)
timing: #2444 done at t 71.420 s, 1.3 ms after the sync and hints; device: prepare 0.00 list 0.01 cs 0.03 fence 0.04 ms, 5 BOs (short list)
timing: #2445 done at t 71.436 s, 1.8 ms after the sync and hints; device: prepare 0.03 list 0.02 cs 0.05 fence 0.03 ms, 6 BOs (short list)
timing: #2446 done at t 71.451 s, 1.4 ms after the sync and hints; device: prepare 0.00 list 0.02 cs 0.04 fence 0.03 ms, 5 BOs (short list)
timing: #2447 done at t 71.466 s, 1.7 ms after the sync and hints; device: prepare 0.03 list 0.02 cs 0.13 fence 0.02 ms, 6 BOs (short list)
timing: #2448 done at t 71.513 s, 33.3 ms after the sync and hints; device: prepare 0.09 list 0.55 cs 28.44 fence 0.47 ms, 2061 BOs
timing: #2449 done at t 71.560 s, 32.0 ms after the sync and hints; device: prepare 0.03 list 0.56 cs 29.74 fence 0.01 ms, 2061 BOs
timing: #2450 done at t 71.574 s, 1.3 ms after the sync and hints; device: prepare 0.01 list 0.02 cs 0.04 fence 0.02 ms, 5 BOs (short list)
timing: #2451 done at t 71.618 s, 30.7 ms after the sync and hints; device: prepare 0.03 list 0.56 cs 28.51 fence 0.30 ms, 2061 BOs
timing: #2452 done at t 71.667 s, 34.7 ms after the sync and hints; device: prepare 0.05 list 0.56 cs 29.42 fence 0.73 ms, 2061 BOs
timing: #2453 done at t 71.712 s, 32.0 ms after the sync and hints; device: prepare 0.07 list 0.55 cs 28.53 fence 1.41 ms, 2061 BOs
timing: #2454 done at t 71.758 s, 32.3 ms after the sync and hints; device: prepare 0.07 list 0.56 cs 28.20 fence 0.14 ms, 2061 BOs
flip 1/0 buffer 0x507410000 +0x1fe0000: sum 0x17fb17d5f47d nonzero 8100/8160 pattern 0
timing: t 71.759 s flip 1/0, VideoOutSubmitFlip took 0.0 ms
timing: #2455 done at t 71.818 s, 44.9 ms after the sync and hints; device: prepare 0.30 list 0.56 cs 28.47 fence 6.13 ms, 2061 BOs
timing: #2456 done at t 71.834 s, 1.3 ms after the sync and hints; device: prepare 0.00 list 0.02 cs 0.04 fence 0.03 ms, 5 BOs (short list)
timing: #2457 done at t 71.849 s, 1.3 ms after the sync and hints; device: prepare 0.01 list 0.02 cs 0.10 fence 0.03 ms, 9 BOs (short list)
timing: #2458 done at t 71.864 s, 1.3 ms after the sync and hints; device: prepare 0.01 list 0.02 cs 0.04 fence 0.03 ms, 5 BOs (short list)
timing: #2459 done at t 71.879 s, 1.6 ms after the sync and hints; device: prepare 0.03 list 0.02 cs 0.05 fence 0.03 ms, 6 BOs (short list)
timing: #2460 done at t 71.894 s, 1.3 ms after the sync and hints; device: prepare 0.00 list 0.01 cs 0.04 fence 0.02 ms, 5 BOs (short list)
timing: #2461 done at t 71.909 s, 1.6 ms after the sync and hints; device: prepare 0.03 list 0.02 cs 0.06 fence 0.05 ms, 6 BOs (short list)
timing: #2462 done at t 71.956 s, 33.0 ms after the sync and hints; device: prepare 0.08 list 0.56 cs 28.27 fence 0.47 ms, 2061 BOs
timing: #2463 done at t 72.001 s, 30.9 ms after the sync and hints; device: prepare 0.03 list 0.57 cs 28.60 fence 0.01 ms, 2061 BOs
timing: #2464 done at t 72.016 s, 1.4 ms after the sync and hints; device: prepare 0.00 list 0.02 cs 0.04 fence 0.03 ms, 5 BOs (short list)
timing: #2465 done at t 72.060 s, 31.0 ms after the sync and hints; device: prepare 0.02 list 0.54 cs 28.71 fence 0.31 ms, 2061 BOs
timing: #2466 done at t 72.108 s, 33.6 ms after the sync and hints; device: prepare 0.05 list 0.56 cs 28.47 fence 0.74 ms, 2061 BOs
timing: #2467 done at t 72.153 s, 31.8 ms after the sync and hints; device: prepare 0.08 list 0.53 cs 28.43 fence 1.42 ms, 2061 BOs
timing: #2468 done at t 72.199 s, 32.5 ms after the sync and hints; device: prepare 0.06 list 0.57 cs 28.78 fence 0.13 ms, 2061 BOs
flip 1/1 buffer 0x5093f0000 +0x1fe0000: sum 0x17fb17d5f47d nonzero 8100/8160 pattern 0
timing: t 72.200 s flip 1/1, VideoOutSubmitFlip took 0.0 ms
timing: #2469 done at t 72.260 s, 45.4 ms after the sync and hints; device: prepare 0.26 list 0.56 cs 28.72 fence 6.12 ms, 2061 BOs
timing: #2470 done at t 72.275 s, 1.4 ms after the sync and hints; device: prepare 0.01 list 0.02 cs 0.05 fence 0.03 ms, 5 BOs (short list)
timing: #2471 done at t 72.290 s, 1.3 ms after the sync and hints; device: prepare 0.01 list 0.01 cs 0.10 fence 0.03 ms, 9 BOs (short list)
timing: #2472 done at t 72.306 s, 1.4 ms after the sync and hints; device: prepare 0.00 list 0.02 cs 0.04 fence 0.05 ms, 5 BOs (short list)
timing: #2473 done at t 72.321 s, 1.8 ms after the sync and hints; device: prepare 0.03 list 0.02 cs 0.05 fence 0.02 ms, 6 BOs (short list)
timing: #2474 done at t 72.336 s, 1.3 ms after the sync and hints; device: prepare 0.01 list 0.02 cs 0.04 fence 0.03 ms, 5 BOs (short list)
timing: #2475 done at t 72.351 s, 1.6 ms after the sync and hints; device: prepare 0.03 list 0.02 cs 0.06 fence 0.04 ms, 6 BOs (short list)
timing: #2476 done at t 72.398 s, 33.2 ms after the sync and hints; device: prepare 0.09 list 0.56 cs 28.49 fence 0.46 ms, 2061 BOs
timing: #2477 done at t 72.414 s, 1.3 ms after the sync and hints; device: prepare 0.00 list 0.02 cs 0.04 fence 0.02 ms, 5 BOs (short list)
timing: #2478 done at t 72.459 s, 31.0 ms after the sync and hints; device: prepare 0.03 list 0.55 cs 28.63 fence 0.01 ms, 2061 BOs
timing: #2479 done at t 72.503 s, 30.7 ms after the sync and hints; device: prepare 0.02 list 0.55 cs 28.54 fence 0.31 ms, 2061 BOs
timing: #2480 done at t 72.553 s, 35.1 ms after the sync and hints; device: prepare 0.12 list 0.72 cs 29.45 fence 0.73 ms, 2061 BOs
timing: #2481 done at t 72.598 s, 31.9 ms after the sync and hints; device: prepare 0.07 list 0.54 cs 28.51 fence 1.42 ms, 2061 BOs
timing: #2482 done at t 72.645 s, 33.1 ms after the sync and hints; device: prepare 0.07 list 0.55 cs 29.01 fence 0.15 ms, 2061 BOs
flip 1/0 buffer 0x507410000 +0x1fe0000: sum 0x17fb17d5f47d nonzero 8100/8160 pattern 0
timing: t 72.646 s flip 1/0, VideoOutSubmitFlip took 0.0 ms
timing: #2483 done at t 72.705 s, 44.8 ms after the sync and hints; device: prepare 0.28 list 0.55 cs 28.83 fence 6.13 ms, 2061 BOs
timing: #2484 done at t 72.720 s, 1.3 ms after the sync and hints; device: prepare 0.01 list 0.02 cs 0.04 fence 0.03 ms, 5 BOs (short list)
timing: #2485 done at t 72.735 s, 1.3 ms after the sync and hints; device: prepare 0.01 list 0.02 cs 0.10 fence 0.03 ms, 9 BOs (short list)
timing: #2486 done at t 72.750 s, 1.3 ms after the sync and hints; device: prepare 0.00 list 0.02 cs 0.04 fence 0.04 ms, 5 BOs (short list)
timing: #2487 done at t 72.765 s, 1.7 ms after the sync and hints; device: prepare 0.03 list 0.02 cs 0.06 fence 0.03 ms, 6 BOs (short list)
timing: #2488 done at t 72.780 s, 1.3 ms after the sync and hints; device: prepare 0.00 list 0.02 cs 0.04 fence 0.03 ms, 5 BOs (short list)
timing: #2489 done at t 72.796 s, 1.7 ms after the sync and hints; device: prepare 0.03 list 0.02 cs 0.06 fence 0.03 ms, 6 BOs (short list)
timing: #2490 done at t 72.843 s, 33.6 ms after the sync and hints; device: prepare 0.08 list 0.56 cs 28.95 fence 0.44 ms, 2061 BOs
timing: #2491 done at t 72.888 s, 30.7 ms after the sync and hints; device: prepare 0.03 list 0.56 cs 28.38 fence 0.01 ms, 2061 BOs
timing: #2492 done at t 72.903 s, 1.3 ms after the sync and hints; device: prepare 0.00 list 0.02 cs 0.04 fence 0.02 ms, 5 BOs (short list)
timing: #2493 done at t 72.947 s, 30.5 ms after the sync and hints; device: prepare 0.02 list 0.55 cs 28.28 fence 0.32 ms, 2061 BOs
timing: #2494 done at t 72.995 s, 33.9 ms after the sync and hints; device: prepare 0.05 list 0.60 cs 28.74 fence 0.74 ms, 2061 BOs
timing: #2495 done at t 73.040 s, 31.7 ms after the sync and hints; device: prepare 0.06 list 0.54 cs 28.24 fence 1.44 ms, 2061 BOs
timing: #2496 done at t 73.086 s, 32.8 ms after the sync and hints; device: prepare 0.06 list 0.54 cs 28.79 fence 0.14 ms, 2061 BOs
flip 1/1 buffer 0x5093f0000 +0x1fe0000: sum 0x17fb17d5f47d nonzero 8100/8160 pattern 0
timing: t 73.087 s flip 1/1, VideoOutSubmitFlip took 0.0 ms
timing: #2497 done at t 73.147 s, 44.7 ms after the sync and hints; device: prepare 0.28 list 0.55 cs 28.47 fence 6.12 ms, 2061 BOs
timing: #2498 done at t 73.162 s, 1.5 ms after the sync and hints; device: prepare 0.01 list 0.02 cs 0.05 fence 0.03 ms, 5 BOs (short list)
timing: #2499 done at t 73.177 s, 1.6 ms after the sync and hints; device: prepare 0.03 list 0.02 cs 0.13 fence 0.03 ms, 9 BOs (short list)
timing: #2500 done at t 73.193 s, 1.3 ms after the sync and hints; device: prepare 0.00 list 0.02 cs 0.04 fence 0.04 ms, 5 BOs (short list)
timing: #2501 done at t 73.208 s, 1.6 ms after the sync and hints; device: prepare 0.03 list 0.02 cs 0.05 fence 0.03 ms, 6 BOs (short list)
timing: #2502 done at t 73.223 s, 1.3 ms after the sync and hints; device: prepare 0.00 list 0.02 cs 0.04 fence 0.03 ms, 5 BOs (short list)
timing: #2503 done at t 73.238 s, 1.7 ms after the sync and hints; device: prepare 0.03 list 0.02 cs 0.05 fence 0.03 ms, 6 BOs (short list)
timing: #2504 done at t 73.286 s, 33.6 ms after the sync and hints; device: prepare 0.18 list 0.57 cs 28.63 fence 0.45 ms, 2061 BOs
timing: #2505 done at t 73.301 s, 1.3 ms after the sync and hints; device: prepare 0.01 list 0.02 cs 0.04 fence 0.03 ms, 5 BOs (short list)
timing: #2506 done at t 73.346 s, 30.9 ms after the sync and hints; device: prepare 0.03 list 0.57 cs 28.59 fence 0.01 ms, 2061 BOs
timing: #2507 done at t 73.390 s, 30.9 ms after the sync and hints; device: prepare 0.02 list 0.53 cs 28.68 fence 0.30 ms, 2061 BOs
timing: #2508 done at t 73.438 s, 33.9 ms after the sync and hints; device: prepare 0.05 list 0.55 cs 28.67 fence 0.74 ms, 2061 BOs
timing: #2509 done at t 73.484 s, 31.9 ms after the sync and hints; device: prepare 0.07 list 0.54 cs 28.47 fence 1.41 ms, 2061 BOs
timing: #2510 done at t 73.530 s, 32.4 ms after the sync and hints; device: prepare 0.06 list 0.55 cs 28.56 fence 0.14 ms, 2061 BOs
flip 1/0 buffer 0x507410000 +0x1fe0000: sum 0x17fb17d5f47d nonzero 8100/8160 pattern 0
timing: t 73.531 s flip 1/0, VideoOutSubmitFlip took 0.0 ms
timing: #2511 done at t 73.590 s, 44.8 ms after the sync and hints; device: prepare 0.26 list 0.55 cs 28.65 fence 6.09 ms, 2061 BOs
timing: #2512 done at t 73.605 s, 1.3 ms after the sync and hints; device: prepare 0.00 list 0.02 cs 0.04 fence 0.03 ms, 5 BOs (short list)
timing: #2513 done at t 73.620 s, 1.4 ms after the sync and hints; device: prepare 0.01 list 0.02 cs 0.10 fence 0.03 ms, 9 BOs (short list)
timing: #2514 done at t 73.635 s, 1.3 ms after the sync and hints; device: prepare 0.00 list 0.02 cs 0.04 fence 0.04 ms, 5 BOs (short list)
timing: #2515 done at t 73.650 s, 1.7 ms after the sync and hints; device: prepare 0.03 list 0.02 cs 0.06 fence 0.04 ms, 6 BOs (short list)
timing: #2516 done at t 73.665 s, 1.3 ms after the sync and hints; device: prepare 0.00 list 0.02 cs 0.04 fence 0.03 ms, 5 BOs (short list)
timing: #2517 done at t 73.681 s, 1.7 ms after the sync and hints; device: prepare 0.03 list 0.02 cs 0.06 fence 0.05 ms, 6 BOs (short list)
timing: #2518 done at t 73.728 s, 33.3 ms after the sync and hints; device: prepare 0.18 list 0.59 cs 28.44 fence 0.47 ms, 2061 BOs
timing: #2519 done at t 73.773 s, 31.0 ms after the sync and hints; device: prepare 0.03 list 0.56 cs 28.64 fence 0.01 ms, 2061 BOs
timing: #2520 done at t 73.788 s, 1.3 ms after the sync and hints; device: prepare 0.01 list 0.01 cs 0.04 fence 0.03 ms, 5 BOs (short list)
timing: #2521 done at t 73.832 s, 31.0 ms after the sync and hints; device: prepare 0.02 list 0.54 cs 28.80 fence 0.31 ms, 2061 BOs
timing: #2522 done at t 73.881 s, 33.9 ms after the sync and hints; device: prepare 0.06 list 0.56 cs 28.72 fence 0.74 ms, 2061 BOs
timing: #2523 done at t 73.926 s, 31.8 ms after the sync and hints; device: prepare 0.07 list 0.54 cs 28.42 fence 1.43 ms, 2061 BOs
timing: #2524 done at t 73.972 s, 32.5 ms after the sync and hints; device: prepare 0.06 list 0.55 cs 28.60 fence 0.15 ms, 2061 BOs
flip 1/1 buffer 0x5093f0000 +0x1fe0000: sum 0x17fb17d5f47d nonzero 8100/8160 pattern 0
timing: t 73.973 s flip 1/1, VideoOutSubmitFlip took 0.0 ms
timing: #2525 done at t 74.032 s, 44.6 ms after the sync and hints; device: prepare 0.29 list 0.54 cs 28.65 fence 6.12 ms, 2061 BOs
timing: #2526 done at t 74.047 s, 1.4 ms after the sync and hints; device: prepare 0.00 list 0.02 cs 0.04 fence 0.03 ms, 5 BOs (short list)
timing: #2527 done at t 74.062 s, 1.5 ms after the sync and hints; device: prepare 0.03 list 0.02 cs 0.16 fence 0.03 ms, 9 BOs (short list)
timing: #2528 done at t 74.078 s, 1.3 ms after the sync and hints; device: prepare 0.00 list 0.02 cs 0.04 fence 0.04 ms, 5 BOs (short list)
timing: #2529 done at t 74.093 s, 1.7 ms after the sync and hints; device: prepare 0.03 list 0.02 cs 0.05 fence 0.04 ms, 6 BOs (short list)
timing: #2530 done at t 74.108 s, 1.3 ms after the sync and hints; device: prepare 0.00 list 0.02 cs 0.04 fence 0.04 ms, 5 BOs (short list)
timing: #2531 done at t 74.124 s, 1.6 ms after the sync and hints; device: prepare 0.03 list 0.02 cs 0.05 fence 0.04 ms, 6 BOs (short list)
timing: #2532 done at t 74.171 s, 33.5 ms after the sync and hints; device: prepare 0.08 list 0.56 cs 28.86 fence 0.42 ms, 2061 BOs
timing: #2533 done at t 74.217 s, 31.4 ms after the sync and hints; device: prepare 0.03 list 0.56 cs 28.91 fence 0.01 ms, 2061 BOs
timing: #2534 done at t 74.232 s, 1.5 ms after the sync and hints; device: prepare 0.00 list 0.02 cs 0.04 fence 0.03 ms, 5 BOs (short list)
timing: #2535 done at t 74.276 s, 30.4 ms after the sync and hints; device: prepare 0.02 list 0.54 cs 28.18 fence 0.30 ms, 2061 BOs
timing: #2536 done at t 74.324 s, 34.1 ms after the sync and hints; device: prepare 0.05 list 0.55 cs 28.65 fence 0.75 ms, 2061 BOs
timing: #2537 done at t 74.369 s, 31.9 ms after the sync and hints; device: prepare 0.07 list 0.53 cs 28.51 fence 1.41 ms, 2061 BOs
timing: #2538 done at t 74.417 s, 32.9 ms after the sync and hints; device: prepare 0.07 list 0.56 cs 29.07 fence 0.12 ms, 2061 BOs
flip 1/0 buffer 0x507410000 +0x1fe0000: sum 0x17fb17d5f47d nonzero 8100/8160 pattern 0
timing: t 74.417 s flip 1/0, VideoOutSubmitFlip took 0.0 ms
timing: #2539 done at t 74.478 s, 45.9 ms after the sync and hints; device: prepare 0.31 list 0.66 cs 29.03 fence 6.12 ms, 2061 BOs
timing: #2540 done at t 74.493 s, 1.3 ms after the sync and hints; device: prepare 0.00 list 0.01 cs 0.04 fence 0.03 ms, 5 BOs (short list)
timing: #2541 done at t 74.509 s, 2.0 ms after the sync and hints; device: prepare 0.03 list 0.02 cs 0.16 fence 0.03 ms, 9 BOs (short list)
timing: #2542 done at t 74.524 s, 1.3 ms after the sync and hints; device: prepare 0.00 list 0.02 cs 0.04 fence 0.03 ms, 5 BOs (short list)
timing: #2543 done at t 74.540 s, 1.8 ms after the sync and hints; device: prepare 0.03 list 0.02 cs 0.06 fence 0.03 ms, 6 BOs (short list)
timing: #2544 done at t 74.555 s, 1.4 ms after the sync and hints; device: prepare 0.00 list 0.02 cs 0.04 fence 0.02 ms, 5 BOs (short list)
timing: #2545 done at t 74.571 s, 1.7 ms after the sync and hints; device: prepare 0.03 list 0.02 cs 0.06 fence 0.03 ms, 6 BOs (short list)
timing: #2546 done at t 74.618 s, 33.5 ms after the sync and hints; device: prepare 0.09 list 0.56 cs 28.70 fence 0.45 ms, 2061 BOs
timing: #2547 done at t 74.663 s, 31.3 ms after the sync and hints; device: prepare 0.03 list 0.57 cs 28.99 fence 0.01 ms, 2061 BOs
timing: #2548 done at t 74.679 s, 1.3 ms after the sync and hints; device: prepare 0.00 list 0.01 cs 0.04 fence 0.03 ms, 5 BOs (short list)
timing: #2549 done at t 74.724 s, 31.2 ms after the sync and hints; device: prepare 0.02 list 0.53 cs 29.05 fence 0.31 ms, 2061 BOs
timing: #2550 done at t 74.771 s, 33.8 ms after the sync and hints; device: prepare 0.06 list 0.56 cs 28.57 fence 0.74 ms, 2061 BOs
timing: #2551 done at t 74.817 s, 32.1 ms after the sync and hints; device: prepare 0.14 list 0.56 cs 28.52 fence 1.43 ms, 2061 BOs
timing: #2552 done at t 74.863 s, 32.7 ms after the sync and hints; device: prepare 0.07 list 0.55 cs 28.79 fence 0.14 ms, 2061 BOs
flip 1/1 buffer 0x5093f0000 +0x1fe0000: sum 0x17fb17d5f47d nonzero 8100/8160 pattern 0
timing: t 74.864 s flip 1/1, VideoOutSubmitFlip took 0.0 ms
timing: #2553 done at t 74.924 s, 45.3 ms after the sync and hints; device: prepare 0.26 list 0.56 cs 28.67 fence 6.12 ms, 2061 BOs
timing: #2554 done at t 74.939 s, 1.3 ms after the sync and hints; device: prepare 0.00 list 0.02 cs 0.04 fence 0.04 ms, 5 BOs (short list)
timing: #2555 done at t 74.954 s, 1.4 ms after the sync and hints; device: prepare 0.02 list 0.02 cs 0.11 fence 0.05 ms, 9 BOs (short list)
timing: #2556 done at t 74.969 s, 1.3 ms after the sync and hints; device: prepare 0.00 list 0.01 cs 0.04 fence 0.04 ms, 5 BOs (short list)
timing: #2557 done at t 74.984 s, 1.7 ms after the sync and hints; device: prepare 0.03 list 0.02 cs 0.06 fence 0.04 ms, 6 BOs (short list)
timing: #2558 done at t 74.999 s, 1.3 ms after the sync and hints; device: prepare 0.00 list 0.02 cs 0.04 fence 0.04 ms, 5 BOs (short list)
timing: #2559 done at t 75.014 s, 1.7 ms after the sync and hints; device: prepare 0.03 list 0.02 cs 0.05 fence 0.04 ms, 6 BOs (short list)
timing: #2560 done at t 75.061 s, 33.4 ms after the sync and hints; device: prepare 0.18 list 0.62 cs 28.50 fence 0.45 ms, 2061 BOs
timing: #2561 done at t 75.106 s, 30.7 ms after the sync and hints; device: prepare 0.03 list 0.57 cs 28.34 fence 0.01 ms, 2061 BOs
timing: #2562 done at t 75.121 s, 1.3 ms after the sync and hints; device: prepare 0.00 list 0.02 cs 0.04 fence 0.03 ms, 5 BOs (short list)
timing: #2563 done at t 75.165 s, 30.4 ms after the sync and hints; device: prepare 0.02 list 0.56 cs 28.25 fence 0.31 ms, 2061 BOs
timing: #2564 done at t 75.212 s, 33.8 ms after the sync and hints; device: prepare 0.07 list 0.58 cs 28.60 fence 0.74 ms, 2061 BOs
timing: #2565 done at t 75.258 s, 32.0 ms after the sync and hints; device: prepare 0.07 list 0.55 cs 28.46 fence 1.44 ms, 2061 BOs
timing: #2566 done at t 75.304 s, 32.6 ms after the sync and hints; device: prepare 0.06 list 0.56 cs 28.80 fence 0.15 ms, 2061 BOs
flip 1/0 buffer 0x507410000 +0x1fe0000: sum 0x17fb17d5f47d nonzero 8100/8160 pattern 0
timing: t 75.305 s flip 1/0, VideoOutSubmitFlip took 0.0 ms
timing: #2567 done at t 75.365 s, 45.2 ms after the sync and hints; device: prepare 0.28 list 0.56 cs 28.65 fence 6.13 ms, 2061 BOs
timing: #2568 done at t 75.380 s, 1.4 ms after the sync and hints; device: prepare 0.01 list 0.02 cs 0.05 fence 0.05 ms, 5 BOs (short list)
timing: #2569 done at t 75.395 s, 1.4 ms after the sync and hints; device: prepare 0.01 list 0.02 cs 0.10 fence 0.04 ms, 9 BOs (short list)
timing: #2570 done at t 75.410 s, 1.3 ms after the sync and hints; device: prepare 0.00 list 0.02 cs 0.04 fence 0.03 ms, 5 BOs (short list)
timing: #2571 done at t 75.426 s, 1.7 ms after the sync and hints; device: prepare 0.04 list 0.02 cs 0.05 fence 0.03 ms, 6 BOs (short list)
timing: #2572 done at t 75.441 s, 1.3 ms after the sync and hints; device: prepare 0.00 list 0.02 cs 0.04 fence 0.02 ms, 5 BOs (short list)
timing: #2573 done at t 75.456 s, 1.6 ms after the sync and hints; device: prepare 0.03 list 0.01 cs 0.06 fence 0.05 ms, 6 BOs (short list)
timing: #2574 done at t 75.503 s, 33.1 ms after the sync and hints; device: prepare 0.09 list 0.56 cs 28.34 fence 0.46 ms, 2061 BOs
timing: #2575 done at t 75.547 s, 30.6 ms after the sync and hints; device: prepare 0.03 list 0.57 cs 28.33 fence 0.01 ms, 2061 BOs
timing: #2576 done at t 75.562 s, 1.3 ms after the sync and hints; device: prepare 0.01 list 0.02 cs 0.04 fence 0.03 ms, 5 BOs (short list)
timing: #2577 done at t 75.607 s, 31.0 ms after the sync and hints; device: prepare 0.02 list 0.56 cs 28.86 fence 0.31 ms, 2061 BOs
timing: #2578 done at t 75.654 s, 33.6 ms after the sync and hints; device: prepare 0.05 list 0.56 cs 28.45 fence 0.73 ms, 2061 BOs
timing: #2579 done at t 75.700 s, 32.1 ms after the sync and hints; device: prepare 0.07 list 0.56 cs 28.58 fence 1.43 ms, 2061 BOs
timing: #2580 done at t 75.746 s, 32.2 ms after the sync and hints; device: prepare 0.06 list 0.57 cs 28.48 fence 0.13 ms, 2061 BOs
flip 1/1 buffer 0x5093f0000 +0x1fe0000: sum 0x17fb17d5f47d nonzero 8100/8160 pattern 0
timing: t 75.747 s flip 1/1, VideoOutSubmitFlip took 0.0 ms
timing: #2581 done at t 75.806 s, 44.8 ms after the sync and hints; device: prepare 0.30 list 0.58 cs 28.61 fence 6.11 ms, 2061 BOs
timing: #2582 done at t 75.822 s, 1.6 ms after the sync and hints; device: prepare 0.00 list 0.02 cs 0.04 fence 0.05 ms, 5 BOs (short list)
timing: #2583 done at t 75.837 s, 1.5 ms after the sync and hints; device: prepare 0.01 list 0.02 cs 0.10 fence 0.03 ms, 9 BOs (short list)
timing: #2584 done at t 75.852 s, 1.4 ms after the sync and hints; device: prepare 0.00 list 0.02 cs 0.04 fence 0.03 ms, 5 BOs (short list)
timing: #2585 done at t 75.868 s, 1.9 ms after the sync and hints; device: prepare 0.03 list 0.02 cs 0.06 fence 0.03 ms, 6 BOs (short list)
timing: #2586 done at t 75.882 s, 1.4 ms after the sync and hints; device: prepare 0.01 list 0.01 cs 0.04 fence 0.03 ms, 5 BOs (short list)
timing: #2587 done at t 75.898 s, 1.7 ms after the sync and hints; device: prepare 0.03 list 0.02 cs 0.06 fence 0.04 ms, 6 BOs (short list)
timing: #2588 done at t 75.944 s, 32.9 ms after the sync and hints; device: prepare 0.09 list 0.53 cs 28.20 fence 0.46 ms, 2061 BOs
timing: #2589 done at t 75.989 s, 30.6 ms after the sync and hints; device: prepare 0.03 list 0.54 cs 28.25 fence 0.01 ms, 2061 BOs
timing: #2590 done at t 76.004 s, 1.4 ms after the sync and hints; device: prepare 0.01 list 0.02 cs 0.04 fence 0.04 ms, 5 BOs (short list)
timing: #2591 done at t 76.049 s, 31.3 ms after the sync and hints; device: prepare 0.02 list 0.56 cs 29.01 fence 0.26 ms, 2061 BOs
timing: #2592 done at t 76.097 s, 33.7 ms after the sync and hints; device: prepare 0.05 list 0.55 cs 28.37 fence 0.74 ms, 2061 BOs
timing: #2593 done at t 76.143 s, 32.1 ms after the sync and hints; device: prepare 0.07 list 0.54 cs 28.46 fence 1.41 ms, 2061 BOs
timing: #2594 done at t 76.189 s, 32.2 ms after the sync and hints; device: prepare 0.06 list 0.57 cs 28.33 fence 0.15 ms, 2061 BOs
flip 1/0 buffer 0x507410000 +0x1fe0000: sum 0x17fb17d5f47d nonzero 8100/8160 pattern 0
timing: t 76.190 s flip 1/0, VideoOutSubmitFlip took 0.0 ms
timing: #2595 done at t 76.248 s, 44.5 ms after the sync and hints; device: prepare 0.28 list 0.54 cs 28.38 fence 6.12 ms, 2061 BOs
timing: #2596 done at t 76.264 s, 1.4 ms after the sync and hints; device: prepare 0.00 list 0.02 cs 0.04 fence 0.05 ms, 5 BOs (short list)
timing: #2597 done at t 76.279 s, 1.4 ms after the sync and hints; device: prepare 0.01 list 0.02 cs 0.10 fence 0.02 ms, 9 BOs (short list)
timing: #2598 done at t 76.294 s, 1.6 ms after the sync and hints; device: prepare 0.00 list 0.01 cs 0.04 fence 0.03 ms, 5 BOs (short list)
timing: #2599 done at t 76.310 s, 1.7 ms after the sync and hints; device: prepare 0.03 list 0.02 cs 0.06 fence 0.03 ms, 6 BOs (short list)
timing: #2600 done at t 76.325 s, 1.4 ms after the sync and hints; device: prepare 0.00 list 0.02 cs 0.04 fence 0.02 ms, 5 BOs (short list)
timing: #2601 done at t 76.340 s, 1.7 ms after the sync and hints; device: prepare 0.03 list 0.02 cs 0.05 fence 0.04 ms, 6 BOs (short list)
timing: #2602 done at t 76.386 s, 33.1 ms after the sync and hints; device: prepare 0.09 list 0.55 cs 28.41 fence 0.46 ms, 2061 BOs
timing: #2603 done at t 76.431 s, 30.7 ms after the sync and hints; device: prepare 0.03 list 0.54 cs 28.26 fence 0.01 ms, 2061 BOs
timing: #2604 done at t 76.447 s, 1.5 ms after the sync and hints; device: prepare 0.00 list 0.02 cs 0.04 fence 0.04 ms, 5 BOs (short list)
timing: #2605 done at t 76.491 s, 31.1 ms after the sync and hints; device: prepare 0.02 list 0.56 cs 28.80 fence 0.26 ms, 2061 BOs
timing: #2606 done at t 76.538 s, 33.6 ms after the sync and hints; device: prepare 0.05 list 0.53 cs 28.20 fence 0.76 ms, 2061 BOs
timing: #2607 done at t 76.585 s, 33.1 ms after the sync and hints; device: prepare 0.07 list 0.55 cs 29.63 fence 1.42 ms, 2061 BOs
timing: #2608 done at t 76.631 s, 32.4 ms after the sync and hints; device: prepare 0.13 list 0.64 cs 28.35 fence 0.15 ms, 2061 BOs
flip 1/1 buffer 0x5093f0000 +0x1fe0000: sum 0x17fb17d5f47d nonzero 8100/8160 pattern 0
timing: t 76.632 s flip 1/1, VideoOutSubmitFlip took 0.0 ms
timing: #2609 done at t 76.691 s, 44.6 ms after the sync and hints; device: prepare 0.30 list 0.54 cs 28.45 fence 6.16 ms, 2061 BOs
timing: #2610 done at t 76.707 s, 1.5 ms after the sync and hints; device: prepare 0.00 list 0.02 cs 0.04 fence 0.04 ms, 5 BOs (short list)
timing: #2611 done at t 76.722 s, 1.4 ms after the sync and hints; device: prepare 0.02 list 0.02 cs 0.10 fence 0.04 ms, 9 BOs (short list)
timing: #2612 done at t 76.737 s, 1.4 ms after the sync and hints; device: prepare 0.00 list 0.02 cs 0.04 fence 0.03 ms, 5 BOs (short list)
timing: #2613 done at t 76.753 s, 1.9 ms after the sync and hints; device: prepare 0.03 list 0.02 cs 0.06 fence 0.03 ms, 6 BOs (short list)
timing: #2614 done at t 76.768 s, 1.4 ms after the sync and hints; device: prepare 0.00 list 0.01 cs 0.04 fence 0.03 ms, 5 BOs (short list)
timing: #2615 done at t 76.783 s, 1.7 ms after the sync and hints; device: prepare 0.03 list 0.01 cs 0.06 fence 0.04 ms, 6 BOs (short list)
timing: #2616 done at t 76.830 s, 33.3 ms after the sync and hints; device: prepare 0.09 list 0.53 cs 28.54 fence 0.46 ms, 2062 BOs
timing: #2617 done at t 76.875 s, 31.0 ms after the sync and hints; device: prepare 0.03 list 0.54 cs 28.43 fence 0.00 ms, 2062 BOs
timing: #2618 done at t 76.890 s, 1.4 ms after the sync and hints; device: prepare 0.00 list 0.02 cs 0.04 fence 0.04 ms, 5 BOs (short list)
timing: #2619 done at t 76.934 s, 30.7 ms after the sync and hints; device: prepare 0.02 list 0.56 cs 28.46 fence 0.31 ms, 2062 BOs
timing: #2620 done at t 76.981 s, 33.6 ms after the sync and hints; device: prepare 0.05 list 0.54 cs 28.21 fence 0.75 ms, 2062 BOs
timing: #2621 done at t 77.027 s, 32.2 ms after the sync and hints; device: prepare 0.07 list 0.55 cs 28.68 fence 1.42 ms, 2062 BOs
timing: #2622 done at t 77.073 s, 32.4 ms after the sync and hints; device: prepare 0.06 list 0.54 cs 28.56 fence 0.14 ms, 2062 BOs
flip 1/0 buffer 0x507410000 +0x1fe0000: sum 0x17fb17d5f47d nonzero 8100/8160 pattern 0
timing: t 77.074 s flip 1/0, VideoOutSubmitFlip took 0.0 ms
timing: #2623 done at t 77.133 s, 45.0 ms after the sync and hints; device: prepare 0.32 list 0.55 cs 28.72 fence 6.11 ms, 2062 BOs
timing: #2624 done at t 77.149 s, 1.5 ms after the sync and hints; device: prepare 0.00 list 0.02 cs 0.04 fence 0.05 ms, 5 BOs (short list)
timing: #2625 done at t 77.164 s, 1.4 ms after the sync and hints; device: prepare 0.01 list 0.02 cs 0.10 fence 0.03 ms, 9 BOs (short list)
timing: #2626 done at t 77.180 s, 1.4 ms after the sync and hints; device: prepare 0.00 list 0.01 cs 0.03 fence 0.03 ms, 5 BOs (short list)
timing: #2627 done at t 77.195 s, 1.8 ms after the sync and hints; device: prepare 0.03 list 0.01 cs 0.05 fence 0.03 ms, 6 BOs (short list)
timing: #2628 done at t 77.210 s, 1.4 ms after the sync and hints; device: prepare 0.01 list 0.02 cs 0.04 fence 0.03 ms, 5 BOs (short list)
timing: #2629 done at t 77.225 s, 1.7 ms after the sync and hints; device: prepare 0.03 list 0.02 cs 0.06 fence 0.04 ms, 6 BOs (short list)
timing: #2630 done at t 77.272 s, 33.1 ms after the sync and hints; device: prepare 0.09 list 0.54 cs 28.27 fence 0.47 ms, 2063 BOs
timing: #2631 done at t 77.288 s, 1.4 ms after the sync and hints; device: prepare 0.00 list 0.02 cs 0.04 fence 0.03 ms, 5 BOs (short list)
timing: #2632 done at t 77.332 s, 30.6 ms after the sync and hints; device: prepare 0.03 list 0.54 cs 28.26 fence 0.01 ms, 2063 BOs
timing: #2633 done at t 77.376 s, 30.8 ms after the sync and hints; device: prepare 0.02 list 0.55 cs 28.51 fence 0.31 ms, 2063 BOs
timing: #2634 done at t 77.424 s, 33.7 ms after the sync and hints; device: prepare 0.06 list 0.52 cs 28.34 fence 0.74 ms, 2063 BOs
timing: #2635 done at t 77.470 s, 32.5 ms after the sync and hints; device: prepare 0.07 list 0.55 cs 28.94 fence 1.43 ms, 2063 BOs
timing: #2636 done at t 77.516 s, 32.5 ms after the sync and hints; device: prepare 0.06 list 0.54 cs 28.72 fence 0.14 ms, 2063 BOs
flip 1/1 buffer 0x5093f0000 +0x1fe0000: sum 0x17fb17d5f47d nonzero 8100/8160 pattern 0
timing: t 77.517 s flip 1/1, VideoOutSubmitFlip took 0.0 ms
timing: #2637 done at t 77.576 s, 44.5 ms after the sync and hints; device: prepare 0.26 list 0.54 cs 28.47 fence 6.10 ms, 2063 BOs
timing: #2638 done at t 77.592 s, 1.4 ms after the sync and hints; device: prepare 0.00 list 0.02 cs 0.04 fence 0.05 ms, 5 BOs (short list)
timing: #2639 done at t 77.607 s, 1.5 ms after the sync and hints; device: prepare 0.01 list 0.02 cs 0.09 fence 0.03 ms, 9 BOs (short list)
timing: #2640 done at t 77.622 s, 1.5 ms after the sync and hints; device: prepare 0.01 list 0.02 cs 0.04 fence 0.03 ms, 5 BOs (short list)
timing: #2641 done at t 77.637 s, 1.9 ms after the sync and hints; device: prepare 0.09 list 0.02 cs 0.08 fence 0.03 ms, 6 BOs (short list)
timing: #2642 done at t 77.652 s, 1.5 ms after the sync and hints; device: prepare 0.01 list 0.02 cs 0.05 fence 0.03 ms, 5 BOs (short list)
timing: #2643 done at t 77.668 s, 1.7 ms after the sync and hints; device: prepare 0.03 list 0.02 cs 0.06 fence 0.04 ms, 6 BOs (short list)
timing: #2644 done at t 77.714 s, 33.1 ms after the sync and hints; device: prepare 0.09 list 0.57 cs 28.41 fence 0.46 ms, 2063 BOs
timing: #2645 done at t 77.759 s, 30.7 ms after the sync and hints; device: prepare 0.03 list 0.56 cs 28.24 fence 0.01 ms, 2063 BOs
timing: #2646 done at t 77.775 s, 1.7 ms after the sync and hints; device: prepare 0.00 list 0.02 cs 0.04 fence 0.03 ms, 5 BOs (short list)
timing: #2647 done at t 77.819 s, 30.8 ms after the sync and hints; device: prepare 0.02 list 0.56 cs 28.51 fence 0.26 ms, 2063 BOs
timing: #2648 done at t 77.866 s, 33.6 ms after the sync and hints; device: prepare 0.06 list 0.53 cs 28.22 fence 0.74 ms, 2063 BOs
timing: #2649 done at t 77.916 s, 36.4 ms after the sync and hints; device: prepare 0.07 list 0.57 cs 32.40 fence 1.41 ms, 2063 BOs
timing: #2650 done at t 77.964 s, 32.9 ms after the sync and hints; device: prepare 0.06 list 0.54 cs 28.52 fence 0.14 ms, 2063 BOs
flip 1/0 buffer 0x507410000 +0x1fe0000: sum 0x17fb17d5f47d nonzero 8100/8160 pattern 0
timing: t 77.965 s flip 1/0, VideoOutSubmitFlip took 0.0 ms
timing: #2651 done at t 78.024 s, 44.4 ms after the sync and hints; device: prepare 0.30 list 0.57 cs 28.41 fence 6.13 ms, 2063 BOs
timing: #2652 done at t 78.040 s, 1.6 ms after the sync and hints; device: prepare 0.00 list 0.02 cs 0.04 fence 0.05 ms, 5 BOs (short list)
timing: #2653 done at t 78.055 s, 1.5 ms after the sync and hints; device: prepare 0.02 list 0.02 cs 0.10 fence 0.02 ms, 9 BOs (short list)
timing: #2654 done at t 78.070 s, 1.4 ms after the sync and hints; device: prepare 0.00 list 0.02 cs 0.04 fence 0.03 ms, 5 BOs (short list)
timing: #2655 done at t 78.086 s, 1.9 ms after the sync and hints; device: prepare 0.03 list 0.01 cs 0.06 fence 0.03 ms, 6 BOs (short list)
timing: #2656 done at t 78.101 s, 1.5 ms after the sync and hints; device: prepare 0.00 list 0.02 cs 0.04 fence 0.03 ms, 5 BOs (short list)
timing: #2657 done at t 78.116 s, 1.8 ms after the sync and hints; device: prepare 0.03 list 0.02 cs 0.05 fence 0.04 ms, 6 BOs (short list)
timing: #2658 done at t 78.163 s, 33.2 ms after the sync and hints; device: prepare 0.18 list 0.54 cs 28.33 fence 0.46 ms, 2064 BOs
timing: #2659 done at t 78.179 s, 1.4 ms after the sync and hints; device: prepare 0.00 list 0.02 cs 0.04 fence 0.03 ms, 5 BOs (short list)
timing: #2660 done at t 78.223 s, 31.0 ms after the sync and hints; device: prepare 0.03 list 0.53 cs 28.66 fence 0.01 ms, 2064 BOs
timing: #2661 done at t 78.269 s, 31.6 ms after the sync and hints; device: prepare 0.02 list 0.60 cs 29.20 fence 0.30 ms, 2064 BOs
timing: #2662 done at t 78.317 s, 33.8 ms after the sync and hints; device: prepare 0.05 list 0.54 cs 28.52 fence 0.72 ms, 2064 BOs
timing: #2663 done at t 78.363 s, 32.3 ms after the sync and hints; device: prepare 0.07 list 0.56 cs 28.69 fence 1.45 ms, 2064 BOs
timing: #2664 done at t 78.409 s, 32.4 ms after the sync and hints; device: prepare 0.06 list 0.52 cs 28.39 fence 0.14 ms, 2064 BOs
flip 1/1 buffer 0x5093f0000 +0x1fe0000: sum 0x17fb17d5f47d nonzero 8100/8160 pattern 0
timing: t 78.410 s flip 1/1, VideoOutSubmitFlip took 0.0 ms
timing: #2665 done at t 78.470 s, 44.4 ms after the sync and hints; device: prepare 0.29 list 0.56 cs 28.28 fence 6.13 ms, 2064 BOs
timing: #2666 done at t 78.485 s, 1.4 ms after the sync and hints; device: prepare 0.00 list 0.02 cs 0.04 fence 0.04 ms, 5 BOs (short list)
timing: #2667 done at t 78.500 s, 1.5 ms after the sync and hints; device: prepare 0.01 list 0.02 cs 0.10 fence 0.03 ms, 9 BOs (short list)
timing: #2668 done at t 78.515 s, 1.4 ms after the sync and hints; device: prepare 0.00 list 0.02 cs 0.04 fence 0.03 ms, 5 BOs (short list)
timing: #2669 done at t 78.530 s, 1.8 ms after the sync and hints; device: prepare 0.03 list 0.02 cs 0.05 fence 0.03 ms, 6 BOs (short list)
timing: #2670 done at t 78.546 s, 1.4 ms after the sync and hints; device: prepare 0.00 list 0.02 cs 0.04 fence 0.03 ms, 5 BOs (short list)
timing: #2671 done at t 78.561 s, 1.8 ms after the sync and hints; device: prepare 0.03 list 0.02 cs 0.05 fence 0.04 ms, 6 BOs (short list)
timing: #2672 done at t 78.608 s, 33.1 ms after the sync and hints; device: prepare 0.09 list 0.54 cs 28.29 fence 0.46 ms, 2064 BOs
timing: #2673 done at t 78.653 s, 31.2 ms after the sync and hints; device: prepare 0.03 list 0.57 cs 28.75 fence 0.01 ms, 2064 BOs
timing: #2674 done at t 78.668 s, 1.5 ms after the sync and hints; device: prepare 0.00 list 0.02 cs 0.04 fence 0.03 ms, 5 BOs (short list)
timing: #2675 done at t 78.713 s, 31.2 ms after the sync and hints; device: prepare 0.02 list 0.56 cs 28.72 fence 0.33 ms, 2064 BOs
timing: #2676 done at t 78.761 s, 33.9 ms after the sync and hints; device: prepare 0.06 list 0.53 cs 28.65 fence 0.73 ms, 2064 BOs
timing: #2677 done at t 78.807 s, 32.6 ms after the sync and hints; device: prepare 0.06 list 0.55 cs 28.97 fence 1.43 ms, 2064 BOs
timing: #2678 done at t 78.853 s, 32.2 ms after the sync and hints; device: prepare 0.07 list 0.57 cs 28.30 fence 0.13 ms, 2064 BOs
flip 1/0 buffer 0x507410000 +0x1fe0000: sum 0x17fb17d5f47d nonzero 8100/8160 pattern 0
timing: t 78.854 s flip 1/0, VideoOutSubmitFlip took 0.0 ms
timing: #2679 done at t 78.913 s, 44.6 ms after the sync and hints; device: prepare 0.26 list 0.54 cs 28.32 fence 6.16 ms, 2064 BOs
timing: #2680 done at t 78.928 s, 1.5 ms after the sync and hints; device: prepare 0.01 list 0.02 cs 0.04 fence 0.06 ms, 5 BOs (short list)
timing: #2681 done at t 78.943 s, 1.5 ms after the sync and hints; device: prepare 0.02 list 0.02 cs 0.10 fence 0.03 ms, 9 BOs (short list)
timing: #2682 done at t 78.958 s, 1.4 ms after the sync and hints; device: prepare 0.00 list 0.02 cs 0.04 fence 0.03 ms, 5 BOs (short list)
timing: #2683 done at t 78.973 s, 1.8 ms after the sync and hints; device: prepare 0.03 list 0.02 cs 0.06 fence 0.03 ms, 6 BOs (short list)
timing: #2684 done at t 78.988 s, 1.4 ms after the sync and hints; device: prepare 0.01 list 0.01 cs 0.04 fence 0.03 ms, 5 BOs (short list)
timing: #2685 done at t 79.004 s, 1.9 ms after the sync and hints; device: prepare 0.03 list 0.02 cs 0.06 fence 0.04 ms, 6 BOs (short list)
timing: #2686 done at t 79.051 s, 33.2 ms after the sync and hints; device: prepare 0.18 list 0.58 cs 28.27 fence 0.47 ms, 2065 BOs
timing: #2687 done at t 79.096 s, 30.9 ms after the sync and hints; device: prepare 0.03 list 0.61 cs 28.44 fence 0.01 ms, 2065 BOs
timing: #2688 done at t 79.111 s, 1.4 ms after the sync and hints; device: prepare 0.00 list 0.02 cs 0.04 fence 0.04 ms, 5 BOs (short list)
timing: #2689 done at t 79.156 s, 31.0 ms after the sync and hints; device: prepare 0.02 list 0.57 cs 28.67 fence 0.32 ms, 2065 BOs
timing: #2690 done at t 79.204 s, 33.8 ms after the sync and hints; device: prepare 0.07 list 0.58 cs 28.46 fence 0.74 ms, 2065 BOs
timing: #2691 done at t 79.249 s, 32.1 ms after the sync and hints; device: prepare 0.07 list 0.54 cs 28.51 fence 1.42 ms, 2065 BOs
timing: #2692 done at t 79.296 s, 32.5 ms after the sync and hints; device: prepare 0.06 list 0.56 cs 28.59 fence 0.12 ms, 2065 BOs
flip 1/1 buffer 0x5093f0000 +0x1fe0000: sum 0x17fb17d5f47d nonzero 8100/8160 pattern 0
timing: t 79.297 s flip 1/1, VideoOutSubmitFlip took 0.0 ms
timing: #2693 done at t 79.356 s, 44.8 ms after the sync and hints; device: prepare 0.44 list 0.53 cs 28.50 fence 6.10 ms, 2065 BOs
timing: #2694 done at t 79.371 s, 1.5 ms after the sync and hints; device: prepare 0.01 list 0.02 cs 0.04 fence 0.04 ms, 5 BOs (short list)
timing: #2695 done at t 79.386 s, 1.6 ms after the sync and hints; device: prepare 0.04 list 0.02 cs 0.10 fence 0.03 ms, 9 BOs (short list)
timing: #2696 done at t 79.401 s, 1.4 ms after the sync and hints; device: prepare 0.00 list 0.02 cs 0.04 fence 0.03 ms, 5 BOs (short list)
timing: #2697 done at t 79.417 s, 1.8 ms after the sync and hints; device: prepare 0.03 list 0.02 cs 0.05 fence 0.03 ms, 6 BOs (short list)
timing: #2698 done at t 79.432 s, 1.4 ms after the sync and hints; device: prepare 0.00 list 0.02 cs 0.04 fence 0.03 ms, 5 BOs (short list)
timing: #2699 done at t 79.447 s, 1.8 ms after the sync and hints; device: prepare 0.03 list 0.02 cs 0.05 fence 0.04 ms, 6 BOs (short list)
timing: #2700 done at t 79.493 s, 33.2 ms after the sync and hints; device: prepare 0.18 list 0.58 cs 28.24 fence 0.46 ms, 2065 BOs
timing: #2701 done at t 79.539 s, 31.0 ms after the sync and hints; device: prepare 0.03 list 0.54 cs 28.50 fence 0.01 ms, 2065 BOs
timing: #2702 done at t 79.554 s, 1.4 ms after the sync and hints; device: prepare 0.00 list 0.02 cs 0.04 fence 0.03 ms, 5 BOs (short list)
timing: #2703 done at t 79.598 s, 30.9 ms after the sync and hints; device: prepare 0.02 list 0.55 cs 28.63 fence 0.30 ms, 2065 BOs
timing: #2704 done at t 79.646 s, 33.7 ms after the sync and hints; device: prepare 0.05 list 0.54 cs 28.35 fence 0.73 ms, 2065 BOs
timing: #2705 done at t 79.692 s, 32.1 ms after the sync and hints; device: prepare 0.07 list 0.54 cs 28.48 fence 1.40 ms, 2065 BOs
timing: #2706 done at t 79.738 s, 32.3 ms after the sync and hints; device: prepare 0.06 list 0.53 cs 28.38 fence 0.14 ms, 2065 BOs
flip 1/0 buffer 0x507410000 +0x1fe0000: sum 0x17fb17d5f47d nonzero 8100/8160 pattern 0
timing: t 79.739 s flip 1/0, VideoOutSubmitFlip took 0.0 ms
timing: #2707 done at t 79.799 s, 45.1 ms after the sync and hints; device: prepare 0.50 list 0.53 cs 28.80 fence 6.13 ms, 2065 BOs
timing: #2708 done at t 79.815 s, 1.5 ms after the sync and hints; device: prepare 0.01 list 0.02 cs 0.04 fence 0.05 ms, 5 BOs (short list)
timing: #2709 done at t 79.830 s, 1.5 ms after the sync and hints; device: prepare 0.01 list 0.02 cs 0.10 fence 0.02 ms, 9 BOs (short list)
timing: #2710 done at t 79.846 s, 1.4 ms after the sync and hints; device: prepare 0.00 list 0.02 cs 0.04 fence 0.03 ms, 5 BOs (short list)
timing: #2711 done at t 79.861 s, 2.1 ms after the sync and hints; device: prepare 0.04 list 0.02 cs 0.05 fence 0.03 ms, 6 BOs (short list)
timing: #2712 done at t 79.876 s, 1.4 ms after the sync and hints; device: prepare 0.00 list 0.01 cs 0.04 fence 0.02 ms, 5 BOs (short list)
timing: #2713 done at t 79.891 s, 1.7 ms after the sync and hints; device: prepare 0.03 list 0.01 cs 0.05 fence 0.04 ms, 6 BOs (short list)
timing: #2714 done at t 79.938 s, 33.3 ms after the sync and hints; device: prepare 0.10 list 0.61 cs 28.58 fence 0.46 ms, 2065 BOs
timing: #2715 done at t 79.983 s, 30.6 ms after the sync and hints; device: prepare 0.03 list 0.54 cs 28.18 fence 0.01 ms, 2065 BOs
timing: #2716 done at t 79.998 s, 1.5 ms after the sync and hints; device: prepare 0.00 list 0.02 cs 0.04 fence 0.03 ms, 5 BOs (short list)
timing: #2717 done at t 80.043 s, 30.7 ms after the sync and hints; device: prepare 0.02 list 0.57 cs 28.42 fence 0.31 ms, 2065 BOs
timing: #2718 done at t 80.090 s, 33.8 ms after the sync and hints; device: prepare 0.05 list 0.54 cs 28.48 fence 0.75 ms, 2065 BOs
timing: #2719 done at t 80.136 s, 32.6 ms after the sync and hints; device: prepare 0.06 list 0.58 cs 29.06 fence 1.41 ms, 2065 BOs
timing: #2720 done at t 80.183 s, 32.4 ms after the sync and hints; device: prepare 0.06 list 0.56 cs 28.62 fence 0.15 ms, 2065 BOs
flip 1/1 buffer 0x5093f0000 +0x1fe0000: sum 0x17fb17d5f47d nonzero 8100/8160 pattern 0
timing: t 80.184 s flip 1/1, VideoOutSubmitFlip took 0.0 ms
timing: #2721 done at t 80.243 s, 45.0 ms after the sync and hints; device: prepare 0.54 list 0.54 cs 28.58 fence 6.11 ms, 2065 BOs
timing: #2722 done at t 80.259 s, 1.6 ms after the sync and hints; device: prepare 0.00 list 0.02 cs 0.04 fence 0.05 ms, 5 BOs (short list)
timing: #2723 done at t 80.274 s, 1.5 ms after the sync and hints; device: prepare 0.02 list 0.02 cs 0.10 fence 0.04 ms, 9 BOs (short list)
timing: #2724 done at t 80.289 s, 1.4 ms after the sync and hints; device: prepare 0.00 list 0.01 cs 0.04 fence 0.03 ms, 5 BOs (short list)
timing: #2725 done at t 80.305 s, 1.8 ms after the sync and hints; device: prepare 0.03 list 0.02 cs 0.06 fence 0.03 ms, 6 BOs (short list)
timing: #2726 done at t 80.319 s, 1.4 ms after the sync and hints; device: prepare 0.00 list 0.02 cs 0.04 fence 0.03 ms, 5 BOs (short list)
timing: #2727 done at t 80.335 s, 1.8 ms after the sync and hints; device: prepare 0.03 list 0.02 cs 0.05 fence 0.04 ms, 6 BOs (short list)
timing: #2728 done at t 80.381 s, 33.2 ms after the sync and hints; device: prepare 0.10 list 0.53 cs 28.43 fence 0.46 ms, 2065 BOs
timing: #2729 done at t 80.426 s, 30.6 ms after the sync and hints; device: prepare 0.03 list 0.54 cs 28.20 fence 0.01 ms, 2065 BOs
timing: #2730 done at t 80.441 s, 1.4 ms after the sync and hints; device: prepare 0.00 list 0.02 cs 0.04 fence 0.04 ms, 5 BOs (short list)
timing: #2731 done at t 80.486 s, 31.3 ms after the sync and hints; device: prepare 0.02 list 0.56 cs 28.96 fence 0.28 ms, 2065 BOs
timing: #2732 done at t 80.534 s, 33.9 ms after the sync and hints; device: prepare 0.05 list 0.54 cs 28.54 fence 0.73 ms, 2065 BOs
timing: #2733 done at t 80.581 s, 32.5 ms after the sync and hints; device: prepare 0.07 list 0.56 cs 28.88 fence 1.42 ms, 2065 BOs
timing: #2734 done at t 80.627 s, 32.6 ms after the sync and hints; device: prepare 0.06 list 0.54 cs 28.29 fence 0.15 ms, 2065 BOs
flip 1/0 buffer 0x507410000 +0x1fe0000: sum 0x17fb17d5f47d nonzero 8100/8160 pattern 0
timing: t 80.628 s flip 1/0, VideoOutSubmitFlip took 0.0 ms
timing: #2735 done at t 80.687 s, 44.9 ms after the sync and hints; device: prepare 0.30 list 0.54 cs 28.63 fence 6.14 ms, 2065 BOs
timing: #2736 done at t 80.703 s, 1.4 ms after the sync and hints; device: prepare 0.00 list 0.02 cs 0.04 fence 0.03 ms, 5 BOs (short list)
timing: #2737 done at t 80.718 s, 1.5 ms after the sync and hints; device: prepare 0.01 list 0.02 cs 0.10 fence 0.03 ms, 9 BOs (short list)
timing: #2738 done at t 80.733 s, 1.4 ms after the sync and hints; device: prepare 0.00 list 0.02 cs 0.04 fence 0.03 ms, 5 BOs (short list)
timing: #2739 done at t 80.749 s, 1.8 ms after the sync and hints; device: prepare 0.03 list 0.02 cs 0.05 fence 0.03 ms, 6 BOs (short list)
timing: #2740 done at t 80.764 s, 1.4 ms after the sync and hints; device: prepare 0.00 list 0.02 cs 0.03 fence 0.03 ms, 5 BOs (short list)
timing: #2741 done at t 80.779 s, 1.9 ms after the sync and hints; device: prepare 0.04 list 0.02 cs 0.06 fence 0.04 ms, 6 BOs (short list)
timing: #2742 done at t 80.826 s, 33.2 ms after the sync and hints; device: prepare 0.09 list 0.53 cs 28.34 fence 0.47 ms, 2066 BOs
timing: #2743 done at t 80.871 s, 31.0 ms after the sync and hints; device: prepare 0.03 list 0.58 cs 28.52 fence 0.01 ms, 2066 BOs
timing: #2744 done at t 80.886 s, 1.5 ms after the sync and hints; device: prepare 0.00 list 0.02 cs 0.04 fence 0.02 ms, 5 BOs (short list)
timing: #2745 done at t 80.931 s, 30.9 ms after the sync and hints; device: prepare 0.02 list 0.59 cs 28.48 fence 0.32 ms, 2066 BOs
timing: #2746 done at t 80.978 s, 33.8 ms after the sync and hints; device: prepare 0.05 list 0.58 cs 28.50 fence 0.73 ms, 2066 BOs
timing: #2747 done at t 81.024 s, 32.2 ms after the sync and hints; device: prepare 0.07 list 0.56 cs 28.64 fence 1.42 ms, 2066 BOs
timing: #2748 done at t 81.070 s, 32.2 ms after the sync and hints; device: prepare 0.06 list 0.55 cs 28.33 fence 0.15 ms, 2066 BOs
flip 1/1 buffer 0x5093f0000 +0x1fe0000: sum 0x17fb17d5f47d nonzero 8100/8160 pattern 0
timing: t 81.071 s flip 1/1, VideoOutSubmitFlip took 0.0 ms
timing: #2749 done at t 81.130 s, 44.5 ms after the sync and hints; device: prepare 0.30 list 0.54 cs 28.39 fence 6.12 ms, 2066 BOs
timing: #2750 done at t 81.146 s, 1.5 ms after the sync and hints; device: prepare 0.00 list 0.02 cs 0.04 fence 0.05 ms, 5 BOs (short list)
timing: #2751 done at t 81.161 s, 1.5 ms after the sync and hints; device: prepare 0.03 list 0.02 cs 0.11 fence 0.04 ms, 9 BOs (short list)
timing: #2752 done at t 81.176 s, 1.4 ms after the sync and hints; device: prepare 0.00 list 0.02 cs 0.04 fence 0.03 ms, 5 BOs (short list)
timing: #2753 done at t 81.191 s, 1.8 ms after the sync and hints; device: prepare 0.04 list 0.01 cs 0.06 fence 0.03 ms, 6 BOs (short list)
timing: #2754 done at t 81.206 s, 1.4 ms after the sync and hints; device: prepare 0.00 list 0.02 cs 0.04 fence 0.03 ms, 5 BOs (short list)
timing: #2755 done at t 81.221 s, 1.8 ms after the sync and hints; device: prepare 0.03 list 0.02 cs 0.06 fence 0.04 ms, 6 BOs (short list)
timing: #2756 done at t 81.268 s, 33.2 ms after the sync and hints; device: prepare 0.08 list 0.53 cs 28.30 fence 0.45 ms, 2067 BOs
timing: #2757 done at t 81.313 s, 30.9 ms after the sync and hints; device: prepare 0.03 list 0.53 cs 28.53 fence 0.01 ms, 2067 BOs
timing: #2758 done at t 81.328 s, 1.5 ms after the sync and hints; device: prepare 0.00 list 0.01 cs 0.04 fence 0.04 ms, 5 BOs (short list)
timing: #2759 done at t 81.373 s, 31.4 ms after the sync and hints; device: prepare 0.02 list 0.61 cs 28.78 fence 0.31 ms, 2067 BOs
timing: #2760 done at t 81.421 s, 33.9 ms after the sync and hints; device: prepare 0.05 list 0.54 cs 28.53 fence 0.74 ms, 2067 BOs
timing: #2761 done at t 81.467 s, 31.9 ms after the sync and hints; device: prepare 0.07 list 0.55 cs 28.35 fence 1.43 ms, 2067 BOs
timing: #2762 done at t 81.513 s, 32.3 ms after the sync and hints; device: prepare 0.06 list 0.53 cs 28.42 fence 0.15 ms, 2067 BOs
flip 1/0 buffer 0x507410000 +0x1fe0000: sum 0x17fb17d5f47d nonzero 8100/8160 pattern 0
timing: t 81.514 s flip 1/0, VideoOutSubmitFlip took 0.0 ms
timing: #2763 done at t 81.573 s, 44.8 ms after the sync and hints; device: prepare 0.26 list 0.55 cs 28.74 fence 6.12 ms, 2067 BOs
timing: #2764 done at t 81.589 s, 1.5 ms after the sync and hints; device: prepare 0.00 list 0.02 cs 0.04 fence 0.06 ms, 5 BOs (short list)
timing: #2765 done at t 81.604 s, 1.5 ms after the sync and hints; device: prepare 0.01 list 0.02 cs 0.10 fence 0.03 ms, 9 BOs (short list)
timing: #2766 done at t 81.619 s, 1.4 ms after the sync and hints; device: prepare 0.00 list 0.02 cs 0.04 fence 0.02 ms, 5 BOs (short list)
timing: #2767 done at t 81.635 s, 1.8 ms after the sync and hints; device: prepare 0.03 list 0.02 cs 0.05 fence 0.03 ms, 6 BOs (short list)
timing: #2768 done at t 81.649 s, 1.4 ms after the sync and hints; device: prepare 0.01 list 0.02 cs 0.04 fence 0.03 ms, 5 BOs (short list)
timing: #2769 done at t 81.665 s, 1.8 ms after the sync and hints; device: prepare 0.03 list 0.02 cs 0.06 fence 0.04 ms, 6 BOs (short list)
timing: #2770 done at t 81.711 s, 33.2 ms after the sync and hints; device: prepare 0.09 list 0.53 cs 28.37 fence 0.47 ms, 2067 BOs
timing: #2771 done at t 81.727 s, 1.5 ms after the sync and hints; device: prepare 0.00 list 0.02 cs 0.04 fence 0.03 ms, 5 BOs (short list)
timing: #2772 done at t 81.771 s, 30.8 ms after the sync and hints; device: prepare 0.03 list 0.54 cs 28.38 fence 0.01 ms, 2067 BOs
timing: #2773 done at t 81.815 s, 30.8 ms after the sync and hints; device: prepare 0.02 list 0.54 cs 28.32 fence 0.32 ms, 2067 BOs
timing: #2774 done at t 81.863 s, 33.6 ms after the sync and hints; device: prepare 0.06 list 0.54 cs 28.33 fence 0.73 ms, 2067 BOs
timing: #2775 done at t 81.909 s, 32.4 ms after the sync and hints; device: prepare 0.07 list 0.54 cs 28.69 fence 1.43 ms, 2067 BOs
timing: #2776 done at t 81.955 s, 32.5 ms after the sync and hints; device: prepare 0.07 list 0.55 cs 28.48 fence 0.16 ms, 2067 BOs
flip 1/1 buffer 0x5093f0000 +0x1fe0000: sum 0x17fb17d5f47d nonzero 8100/8160 pattern 0
timing: t 81.956 s flip 1/1, VideoOutSubmitFlip took 0.0 ms
timing: #2777 done at t 82.014 s, 44.5 ms after the sync and hints; device: prepare 0.30 list 0.54 cs 28.35 fence 6.13 ms, 2067 BOs
timing: #2778 done at t 82.030 s, 1.5 ms after the sync and hints; device: prepare 0.00 list 0.02 cs 0.04 fence 0.03 ms, 5 BOs (short list)
timing: #2779 done at t 82.045 s, 1.5 ms after the sync and hints; device: prepare 0.02 list 0.02 cs 0.10 fence 0.03 ms, 9 BOs (short list)
timing: #2780 done at t 82.060 s, 1.4 ms after the sync and hints; device: prepare 0.00 list 0.02 cs 0.04 fence 0.03 ms, 5 BOs (short list)
timing: #2781 done at t 82.075 s, 1.9 ms after the sync and hints; device: prepare 0.04 list 0.02 cs 0.06 fence 0.03 ms, 6 BOs (short list)
timing: #2782 done at t 82.090 s, 1.4 ms after the sync and hints; device: prepare 0.00 list 0.02 cs 0.04 fence 0.03 ms, 5 BOs (short list)
timing: #2783 done at t 82.105 s, 1.8 ms after the sync and hints; device: prepare 0.03 list 0.02 cs 0.05 fence 0.04 ms, 6 BOs (short list)
timing: #2784 done at t 82.152 s, 33.6 ms after the sync and hints; device: prepare 0.20 list 0.56 cs 28.66 fence 0.45 ms, 2068 BOs
timing: #2785 done at t 82.197 s, 30.8 ms after the sync and hints; device: prepare 0.03 list 0.55 cs 28.34 fence 0.01 ms, 2068 BOs
timing: #2786 done at t 82.212 s, 1.8 ms after the sync and hints; device: prepare 0.00 list 0.02 cs 0.04 fence 0.03 ms, 5 BOs (short list)
timing: #2787 done at t 82.257 s, 30.7 ms after the sync and hints; device: prepare 0.02 list 0.53 cs 28.38 fence 0.29 ms, 2068 BOs
timing: #2788 done at t 82.304 s, 33.7 ms after the sync and hints; device: prepare 0.06 list 0.53 cs 28.40 fence 0.73 ms, 2068 BOs
timing: #2789 done at t 82.350 s, 32.1 ms after the sync and hints; device: prepare 0.07 list 0.59 cs 28.46 fence 1.43 ms, 2068 BOs
timing: #2790 done at t 82.397 s, 33.1 ms after the sync and hints; device: prepare 0.12 list 0.62 cs 28.83 fence 0.14 ms, 2068 BOs
flip 1/0 buffer 0x507410000 +0x1fe0000: sum 0x17fb17d5f47d nonzero 8100/8160 pattern 0
timing: t 82.398 s flip 1/0, VideoOutSubmitFlip took 0.0 ms
timing: #2791 done at t 82.458 s, 45.0 ms after the sync and hints; device: prepare 0.29 list 0.56 cs 28.61 fence 6.12 ms, 2068 BOs
timing: #2792 done at t 82.473 s, 1.5 ms after the sync and hints; device: prepare 0.00 list 0.02 cs 0.04 fence 0.03 ms, 5 BOs (short list)
timing: #2793 done at t 82.488 s, 1.5 ms after the sync and hints; device: prepare 0.01 list 0.01 cs 0.10 fence 0.03 ms, 9 BOs (short list)
timing: #2794 done at t 82.504 s, 1.5 ms after the sync and hints; device: prepare 0.00 list 0.02 cs 0.04 fence 0.03 ms, 5 BOs (short list)
timing: #2795 done at t 82.519 s, 1.8 ms after the sync and hints; device: prepare 0.03 list 0.02 cs 0.06 fence 0.03 ms, 6 BOs (short list)
timing: #2796 done at t 82.534 s, 1.8 ms after the sync and hints; device: prepare 0.01 list 0.02 cs 0.04 fence 0.03 ms, 5 BOs (short list)
timing: #2797 done at t 82.550 s, 1.9 ms after the sync and hints; device: prepare 0.03 list 0.02 cs 0.05 fence 0.04 ms, 6 BOs (short list)
timing: #2798 done at t 82.598 s, 33.8 ms after the sync and hints; device: prepare 0.09 list 0.53 cs 28.95 fence 0.45 ms, 2068 BOs
timing: #2799 done at t 82.643 s, 30.8 ms after the sync and hints; device: prepare 0.03 list 0.54 cs 28.27 fence 0.01 ms, 2068 BOs
timing: #2800 done at t 82.658 s, 1.4 ms after the sync and hints; device: prepare 0.00 list 0.02 cs 0.04 fence 0.03 ms, 5 BOs (short list)
timing: #2801 done at t 82.702 s, 30.6 ms after the sync and hints; device: prepare 0.02 list 0.53 cs 28.20 fence 0.32 ms, 2068 BOs
timing: #2802 done at t 82.749 s, 33.5 ms after the sync and hints; device: prepare 0.05 list 0.54 cs 28.25 fence 0.75 ms, 2068 BOs
timing: #2803 done at t 82.794 s, 31.9 ms after the sync and hints; device: prepare 0.07 list 0.53 cs 28.29 fence 1.43 ms, 2068 BOs
timing: #2804 done at t 82.840 s, 32.5 ms after the sync and hints; device: prepare 0.06 list 0.53 cs 28.62 fence 0.14 ms, 2068 BOs
flip 1/1 buffer 0x5093f0000 +0x1fe0000: sum 0x17fb17d5f47d nonzero 8100/8160 pattern 0
timing: t 82.841 s flip 1/1, VideoOutSubmitFlip took 0.0 ms
timing: #2805 done at t 82.900 s, 45.0 ms after the sync and hints; device: prepare 0.28 list 0.54 cs 28.73 fence 6.12 ms, 2068 BOs
timing: #2806 done at t 82.916 s, 1.4 ms after the sync and hints; device: prepare 0.00 list 0.02 cs 0.04 fence 0.03 ms, 5 BOs (short list)
timing: #2807 done at t 82.931 s, 1.6 ms after the sync and hints; device: prepare 0.01 list 0.04 cs 0.10 fence 0.03 ms, 9 BOs (short list)
timing: #2808 done at t 82.946 s, 1.4 ms after the sync and hints; device: prepare 0.00 list 0.02 cs 0.04 fence 0.03 ms, 5 BOs (short list)
timing: #2809 done at t 82.962 s, 1.9 ms after the sync and hints; device: prepare 0.03 list 0.02 cs 0.05 fence 0.03 ms, 6 BOs (short list)
timing: #2810 done at t 82.977 s, 1.5 ms after the sync and hints; device: prepare 0.00 list 0.02 cs 0.04 fence 0.03 ms, 5 BOs (short list)
timing: #2811 done at t 82.992 s, 1.8 ms after the sync and hints; device: prepare 0.03 list 0.01 cs 0.05 fence 0.04 ms, 6 BOs (short list)
timing: #2812 done at t 83.039 s, 33.0 ms after the sync and hints; device: prepare 0.08 list 0.54 cs 28.26 fence 0.46 ms, 2068 BOs
timing: #2813 done at t 83.084 s, 30.9 ms after the sync and hints; device: prepare 0.03 list 0.54 cs 28.50 fence 0.00 ms, 2068 BOs
timing: #2814 done at t 83.099 s, 1.5 ms after the sync and hints; device: prepare 0.00 list 0.01 cs 0.04 fence 0.03 ms, 5 BOs (short list)
timing: #2815 done at t 83.143 s, 31.1 ms after the sync and hints; device: prepare 0.02 list 0.56 cs 28.72 fence 0.30 ms, 2068 BOs
timing: #2816 done at t 83.191 s, 33.8 ms after the sync and hints; device: prepare 0.05 list 0.54 cs 28.53 fence 0.74 ms, 2068 BOs
timing: #2817 done at t 83.236 s, 31.9 ms after the sync and hints; device: prepare 0.07 list 0.56 cs 28.19 fence 1.43 ms, 2068 BOs
timing: #2818 done at t 83.283 s, 32.6 ms after the sync and hints; device: prepare 0.06 list 0.53 cs 28.79 fence 0.13 ms, 2068 BOs
flip 1/0 buffer 0x507410000 +0x1fe0000: sum 0x17fb17d5f47d nonzero 8100/8160 pattern 0
timing: t 83.283 s flip 1/0, VideoOutSubmitFlip took 0.0 ms
timing: #2819 done at t 83.342 s, 44.7 ms after the sync and hints; device: prepare 0.31 list 0.54 cs 28.42 fence 6.12 ms, 2068 BOs
timing: #2820 done at t 83.357 s, 1.5 ms after the sync and hints; device: prepare 0.00 list 0.02 cs 0.04 fence 0.05 ms, 5 BOs (short list)
timing: #2821 done at t 83.373 s, 1.5 ms after the sync and hints; device: prepare 0.02 list 0.02 cs 0.11 fence 0.03 ms, 9 BOs (short list)
timing: #2822 done at t 83.388 s, 1.4 ms after the sync and hints; device: prepare 0.00 list 0.02 cs 0.04 fence 0.03 ms, 5 BOs (short list)
timing: #2823 done at t 83.404 s, 2.0 ms after the sync and hints; device: prepare 0.04 list 0.02 cs 0.05 fence 0.03 ms, 6 BOs (short list)
timing: #2824 done at t 83.419 s, 1.5 ms after the sync and hints; device: prepare 0.00 list 0.02 cs 0.04 fence 0.04 ms, 5 BOs (short list)
timing: #2825 done at t 83.434 s, 1.9 ms after the sync and hints; device: prepare 0.03 list 0.02 cs 0.05 fence 0.05 ms, 6 BOs (short list)
timing: #2826 done at t 83.481 s, 33.5 ms after the sync and hints; device: prepare 0.09 list 0.55 cs 28.70 fence 0.46 ms, 2068 BOs
timing: #2827 done at t 83.527 s, 31.4 ms after the sync and hints; device: prepare 0.03 list 0.56 cs 28.94 fence 0.01 ms, 2068 BOs
timing: #2828 done at t 83.542 s, 1.5 ms after the sync and hints; device: prepare 0.01 list 0.02 cs 0.04 fence 0.02 ms, 5 BOs (short list)
timing: #2829 done at t 83.586 s, 31.0 ms after the sync and hints; device: prepare 0.02 list 0.56 cs 28.70 fence 0.29 ms, 2068 BOs
timing: #2830 done at t 83.635 s, 34.9 ms after the sync and hints; device: prepare 0.05 list 0.59 cs 29.57 fence 0.73 ms, 2068 BOs
timing: #2831 done at t 83.681 s, 32.0 ms after the sync and hints; device: prepare 0.06 list 0.54 cs 28.36 fence 1.46 ms, 2068 BOs
timing: #2832 done at t 83.727 s, 32.8 ms after the sync and hints; device: prepare 0.07 list 0.54 cs 28.83 fence 0.13 ms, 2068 BOs
flip 1/1 buffer 0x5093f0000 +0x1fe0000: sum 0x17fb17d5f47d nonzero 8100/8160 pattern 0
timing: t 83.728 s flip 1/1, VideoOutSubmitFlip took 0.0 ms
timing: #2833 done at t 83.788 s, 45.5 ms after the sync and hints; device: prepare 0.30 list 0.54 cs 29.16 fence 6.11 ms, 2068 BOs
timing: #2834 done at t 83.803 s, 1.5 ms after the sync and hints; device: prepare 0.01 list 0.02 cs 0.04 fence 0.03 ms, 5 BOs (short list)
timing: #2835 done at t 83.818 s, 1.5 ms after the sync and hints; device: prepare 0.01 list 0.02 cs 0.10 fence 0.03 ms, 9 BOs (short list)
timing: #2836 done at t 83.833 s, 1.5 ms after the sync and hints; device: prepare 0.00 list 0.02 cs 0.04 fence 0.04 ms, 5 BOs (short list)
timing: #2837 done at t 83.849 s, 1.8 ms after the sync and hints; device: prepare 0.03 list 0.02 cs 0.05 fence 0.04 ms, 6 BOs (short list)
timing: #2838 done at t 83.864 s, 1.5 ms after the sync and hints; device: prepare 0.00 list 0.02 cs 0.04 fence 0.04 ms, 5 BOs (short list)
timing: #2839 done at t 83.880 s, 1.8 ms after the sync and hints; device: prepare 0.03 list 0.02 cs 0.06 fence 0.05 ms, 6 BOs (short list)
timing: #2840 done at t 83.927 s, 33.5 ms after the sync and hints; device: prepare 0.08 list 0.58 cs 28.75 fence 0.45 ms, 2068 BOs
timing: #2841 done at t 83.973 s, 31.6 ms after the sync and hints; device: prepare 0.06 list 0.61 cs 28.88 fence 0.01 ms, 2068 BOs
timing: #2842 done at t 83.988 s, 1.4 ms after the sync and hints; device: prepare 0.00 list 0.01 cs 0.04 fence 0.02 ms, 5 BOs (short list)
timing: #2843 done at t 84.033 s, 30.8 ms after the sync and hints; device: prepare 0.02 list 0.53 cs 28.53 fence 0.31 ms, 2068 BOs
timing: #2844 done at t 84.080 s, 34.2 ms after the sync and hints; device: prepare 0.06 list 0.56 cs 28.69 fence 0.73 ms, 2068 BOs
timing: #2845 done at t 84.126 s, 32.1 ms after the sync and hints; device: prepare 0.06 list 0.56 cs 28.56 fence 1.42 ms, 2068 BOs
timing: #2846 done at t 84.173 s, 32.7 ms after the sync and hints; device: prepare 0.06 list 0.60 cs 28.77 fence 0.12 ms, 2068 BOs
flip 1/0 buffer 0x507410000 +0x1fe0000: sum 0x17fb17d5f47d nonzero 8100/8160 pattern 0
timing: t 84.174 s flip 1/0, VideoOutSubmitFlip took 0.0 ms
timing: #2847 done at t 84.235 s, 45.3 ms after the sync and hints; device: prepare 0.26 list 0.56 cs 28.78 fence 6.12 ms, 2068 BOs
timing: #2848 done at t 84.250 s, 1.4 ms after the sync and hints; device: prepare 0.00 list 0.02 cs 0.04 fence 0.03 ms, 5 BOs (short list)
timing: #2849 done at t 84.265 s, 1.5 ms after the sync and hints; device: prepare 0.01 list 0.02 cs 0.10 fence 0.03 ms, 9 BOs (short list)
timing: #2850 done at t 84.280 s, 1.4 ms after the sync and hints; device: prepare 0.00 list 0.02 cs 0.04 fence 0.04 ms, 5 BOs (short list)
timing: #2851 done at t 84.297 s, 1.8 ms after the sync and hints; device: prepare 0.03 list 0.02 cs 0.06 fence 0.03 ms, 6 BOs (short list)
timing: #2852 done at t 84.312 s, 1.4 ms after the sync and hints; device: prepare 0.00 list 0.02 cs 0.04 fence 0.03 ms, 5 BOs (short list)
timing: #2853 done at t 84.327 s, 1.8 ms after the sync and hints; device: prepare 0.03 list 0.02 cs 0.06 fence 0.04 ms, 6 BOs (short list)
timing: #2854 done at t 84.375 s, 33.7 ms after the sync and hints; device: prepare 0.08 list 0.55 cs 29.05 fence 0.45 ms, 2068 BOs
timing: #2855 done at t 84.390 s, 1.4 ms after the sync and hints; device: prepare 0.00 list 0.01 cs 0.04 fence 0.03 ms, 5 BOs (short list)
timing: #2856 done at t 84.436 s, 31.3 ms after the sync and hints; device: prepare 0.03 list 0.56 cs 28.74 fence 0.01 ms, 2068 BOs
timing: #2857 done at t 84.480 s, 30.9 ms after the sync and hints; device: prepare 0.02 list 0.53 cs 28.58 fence 0.31 ms, 2068 BOs
timing: #2858 done at t 84.529 s, 34.6 ms after the sync and hints; device: prepare 0.12 list 0.57 cs 28.95 fence 0.73 ms, 2068 BOs
timing: #2859 done at t 84.574 s, 31.8 ms after the sync and hints; device: prepare 0.07 list 0.55 cs 28.29 fence 1.43 ms, 2068 BOs
timing: #2860 done at t 84.621 s, 32.8 ms after the sync and hints; device: prepare 0.06 list 0.57 cs 28.91 fence 0.13 ms, 2068 BOs
flip 1/1 buffer 0x5093f0000 +0x1fe0000: sum 0x17fb17d5f47d nonzero 8100/8160 pattern 0
timing: t 84.622 s flip 1/1, VideoOutSubmitFlip took 0.0 ms
timing: #2861 done at t 84.681 s, 44.6 ms after the sync and hints; device: prepare 0.29 list 0.56 cs 28.54 fence 6.10 ms, 2068 BOs
timing: #2862 done at t 84.696 s, 1.4 ms after the sync and hints; device: prepare 0.00 list 0.01 cs 0.04 fence 0.03 ms, 5 BOs (short list)
timing: #2863 done at t 84.711 s, 1.5 ms after the sync and hints; device: prepare 0.01 list 0.02 cs 0.10 fence 0.03 ms, 9 BOs (short list)
timing: #2864 done at t 84.726 s, 1.4 ms after the sync and hints; device: prepare 0.00 list 0.02 cs 0.04 fence 0.03 ms, 5 BOs (short list)
timing: #2865 done at t 84.742 s, 1.8 ms after the sync and hints; device: prepare 0.03 list 0.02 cs 0.06 fence 0.03 ms, 6 BOs (short list)
timing: #2866 done at t 84.756 s, 1.4 ms after the sync and hints; device: prepare 0.00 list 0.02 cs 0.04 fence 0.04 ms, 5 BOs (short list)
timing: #2867 done at t 84.771 s, 1.7 ms after the sync and hints; device: prepare 0.03 list 0.02 cs 0.05 fence 0.05 ms, 6 BOs (short list)
timing: #2868 done at t 84.818 s, 33.2 ms after the sync and hints; device: prepare 0.08 list 0.56 cs 28.51 fence 0.45 ms, 2068 BOs
timing: #2869 done at t 84.863 s, 30.8 ms after the sync and hints; device: prepare 0.03 list 0.57 cs 28.35 fence 0.01 ms, 2068 BOs
timing: #2870 done at t 84.878 s, 1.4 ms after the sync and hints; device: prepare 0.01 list 0.02 cs 0.04 fence 0.03 ms, 5 BOs (short list)
timing: #2871 done at t 84.923 s, 30.8 ms after the sync and hints; device: prepare 0.02 list 0.53 cs 28.62 fence 0.27 ms, 2068 BOs
timing: #2872 done at t 84.970 s, 33.7 ms after the sync and hints; device: prepare 0.05 list 0.54 cs 28.37 fence 0.75 ms, 2068 BOs
timing: #2873 done at t 85.016 s, 32.5 ms after the sync and hints; device: prepare 0.07 list 0.55 cs 28.96 fence 1.42 ms, 2068 BOs
timing: #2874 done at t 85.062 s, 32.4 ms after the sync and hints; device: prepare 0.06 list 0.55 cs 28.56 fence 0.13 ms, 2068 BOs
flip 1/0 buffer 0x507410000 +0x1fe0000: sum 0x17fb17d5f47d nonzero 8100/8160 pattern 0
timing: t 85.063 s flip 1/0, VideoOutSubmitFlip took 0.0 ms
timing: #2875 done at t 85.122 s, 45.0 ms after the sync and hints; device: prepare 0.29 list 0.56 cs 28.82 fence 6.15 ms, 2068 BOs
timing: #2876 done at t 85.138 s, 1.5 ms after the sync and hints; device: prepare 0.00 list 0.02 cs 0.04 fence 0.05 ms, 5 BOs (short list)
timing: #2877 done at t 85.153 s, 1.5 ms after the sync and hints; device: prepare 0.02 list 0.02 cs 0.10 fence 0.03 ms, 9 BOs (short list)
timing: #2878 done at t 85.168 s, 1.7 ms after the sync and hints; device: prepare 0.00 list 0.02 cs 0.04 fence 0.03 ms, 5 BOs (short list)
timing: #2879 done at t 85.183 s, 1.8 ms after the sync and hints; device: prepare 0.03 list 0.02 cs 0.06 fence 0.04 ms, 6 BOs (short list)
timing: #2880 done at t 85.198 s, 1.4 ms after the sync and hints; device: prepare 0.00 list 0.02 cs 0.04 fence 0.04 ms, 5 BOs (short list)
timing: #2881 done at t 85.213 s, 1.8 ms after the sync and hints; device: prepare 0.03 list 0.02 cs 0.05 fence 0.06 ms, 6 BOs (short list)
timing: #2882 done at t 85.261 s, 33.4 ms after the sync and hints; device: prepare 0.16 list 0.55 cs 28.60 fence 0.45 ms, 2068 BOs
timing: #2883 done at t 85.305 s, 30.7 ms after the sync and hints; device: prepare 0.03 list 0.55 cs 28.29 fence 0.01 ms, 2068 BOs
timing: #2884 done at t 85.320 s, 1.4 ms after the sync and hints; device: prepare 0.00 list 0.02 cs 0.04 fence 0.03 ms, 5 BOs (short list)
timing: #2885 done at t 85.365 s, 30.9 ms after the sync and hints; device: prepare 0.04 list 0.59 cs 28.45 fence 0.32 ms, 2068 BOs
timing: #2886 done at t 85.413 s, 33.6 ms after the sync and hints; device: prepare 0.05 list 0.55 cs 28.27 fence 0.75 ms, 2068 BOs
timing: #2887 done at t 85.459 s, 32.8 ms after the sync and hints; device: prepare 0.07 list 0.53 cs 29.13 fence 1.42 ms, 2068 BOs
timing: #2888 done at t 85.506 s, 32.5 ms after the sync and hints; device: prepare 0.12 list 0.64 cs 28.49 fence 0.14 ms, 2068 BOs
flip 1/1 buffer 0x5093f0000 +0x1fe0000: sum 0x17fb17d5f47d nonzero 8100/8160 pattern 0
timing: t 85.507 s flip 1/1, VideoOutSubmitFlip took 0.0 ms
timing: #2889 done at t 85.565 s, 44.7 ms after the sync and hints; device: prepare 0.27 list 0.58 cs 28.56 fence 6.13 ms, 2068 BOs
timing: #2890 done at t 85.581 s, 1.5 ms after the sync and hints; device: prepare 0.00 list 0.01 cs 0.04 fence 0.03 ms, 5 BOs (short list)
timing: #2891 done at t 85.596 s, 1.6 ms after the sync and hints; device: prepare 0.02 list 0.01 cs 0.10 fence 0.03 ms, 9 BOs (short list)
timing: #2892 done at t 85.611 s, 1.5 ms after the sync and hints; device: prepare 0.00 list 0.02 cs 0.03 fence 0.04 ms, 5 BOs (short list)
timing: #2893 done at t 85.627 s, 1.9 ms after the sync and hints; device: prepare 0.03 list 0.02 cs 0.05 fence 0.04 ms, 6 BOs (short list)
timing: #2894 done at t 85.642 s, 1.4 ms after the sync and hints; device: prepare 0.00 list 0.02 cs 0.04 fence 0.03 ms, 5 BOs (short list)
timing: #2895 done at t 85.657 s, 1.8 ms after the sync and hints; device: prepare 0.03 list 0.02 cs 0.06 fence 0.05 ms, 6 BOs (short list)
timing: #2896 done at t 85.705 s, 34.0 ms after the sync and hints; device: prepare 0.08 list 0.55 cs 28.87 fence 0.46 ms, 2068 BOs
timing: #2897 done at t 85.750 s, 31.0 ms after the sync and hints; device: prepare 0.03 list 0.55 cs 28.54 fence 0.01 ms, 2068 BOs
timing: #2898 done at t 85.765 s, 1.4 ms after the sync and hints; device: prepare 0.01 list 0.02 cs 0.04 fence 0.03 ms, 5 BOs (short list)
timing: #2899 done at t 85.809 s, 30.9 ms after the sync and hints; device: prepare 0.02 list 0.53 cs 28.60 fence 0.29 ms, 2068 BOs
timing: #2900 done at t 85.857 s, 33.8 ms after the sync and hints; device: prepare 0.05 list 0.55 cs 28.43 fence 0.74 ms, 2068 BOs
timing: #2901 done at t 85.902 s, 32.1 ms after the sync and hints; device: prepare 0.07 list 0.54 cs 28.55 fence 1.42 ms, 2068 BOs
timing: #2902 done at t 85.949 s, 32.8 ms after the sync and hints; device: prepare 0.09 list 0.59 cs 28.77 fence 0.16 ms, 2068 BOs
flip 1/0 buffer 0x507410000 +0x1fe0000: sum 0x17fb17d5f47d nonzero 8100/8160 pattern 0
timing: t 85.950 s flip 1/0, VideoOutSubmitFlip took 0.0 ms
timing: #2903 done at t 86.009 s, 44.8 ms after the sync and hints; device: prepare 0.30 list 0.55 cs 28.59 fence 6.14 ms, 2068 BOs
timing: #2904 done at t 86.024 s, 1.4 ms after the sync and hints; device: prepare 0.00 list 0.02 cs 0.04 fence 0.03 ms, 5 BOs (short list)
timing: #2905 done at t 86.040 s, 1.5 ms after the sync and hints; device: prepare 0.01 list 0.02 cs 0.10 fence 0.03 ms, 9 BOs (short list)
timing: #2906 done at t 86.055 s, 1.4 ms after the sync and hints; device: prepare 0.00 list 0.02 cs 0.04 fence 0.04 ms, 5 BOs (short list)
timing: #2907 done at t 86.071 s, 1.8 ms after the sync and hints; device: prepare 0.03 list 0.02 cs 0.05 fence 0.04 ms, 6 BOs (short list)
timing: #2908 done at t 86.086 s, 1.8 ms after the sync and hints; device: prepare 0.01 list 0.02 cs 0.04 fence 0.03 ms, 5 BOs (short list)
timing: #2909 done at t 86.102 s, 1.8 ms after the sync and hints; device: prepare 0.03 list 0.02 cs 0.06 fence 0.06 ms, 6 BOs (short list)
timing: #2910 done at t 86.148 s, 33.3 ms after the sync and hints; device: prepare 0.09 list 0.55 cs 28.41 fence 0.47 ms, 2068 BOs
timing: #2911 done at t 86.194 s, 31.1 ms after the sync and hints; device: prepare 0.03 list 0.57 cs 28.64 fence 0.01 ms, 2068 BOs
timing: #2912 done at t 86.209 s, 1.5 ms after the sync and hints; device: prepare 0.01 list 0.02 cs 0.04 fence 0.03 ms, 5 BOs (short list)
timing: #2913 done at t 86.253 s, 30.8 ms after the sync and hints; device: prepare 0.02 list 0.57 cs 28.47 fence 0.31 ms, 2068 BOs
timing: #2914 done at t 86.301 s, 33.9 ms after the sync and hints; device: prepare 0.05 list 0.55 cs 28.60 fence 0.74 ms, 2068 BOs
timing: #2915 done at t 86.346 s, 32.0 ms after the sync and hints; device: prepare 0.07 list 0.53 cs 28.47 fence 1.42 ms, 2068 BOs
timing: #2916 done at t 86.393 s, 32.6 ms after the sync and hints; device: prepare 0.06 list 0.57 cs 28.72 fence 0.14 ms, 2068 BOs
flip 1/1 buffer 0x5093f0000 +0x1fe0000: sum 0x17fb17d5f47d nonzero 8100/8160 pattern 0
timing: t 86.394 s flip 1/1, VideoOutSubmitFlip took 0.0 ms
timing: #2917 done at t 86.457 s, 48.6 ms after the sync and hints; device: prepare 0.29 list 0.57 cs 30.62 fence 6.11 ms, 2068 BOs
timing: #2918 done at t 86.472 s, 1.4 ms after the sync and hints; device: prepare 0.00 list 0.02 cs 0.04 fence 0.03 ms, 5 BOs (short list)
timing: #2919 done at t 86.487 s, 1.5 ms after the sync and hints; device: prepare 0.01 list 0.02 cs 0.10 fence 0.03 ms, 9 BOs (short list)
timing: #2920 done at t 86.503 s, 1.5 ms after the sync and hints; device: prepare 0.00 list 0.02 cs 0.04 fence 0.04 ms, 5 BOs (short list)
timing: #2921 done at t 86.518 s, 1.9 ms after the sync and hints; device: prepare 0.03 list 0.02 cs 0.06 fence 0.03 ms, 6 BOs (short list)
timing: #2922 done at t 86.533 s, 1.4 ms after the sync and hints; device: prepare 0.01 list 0.02 cs 0.04 fence 0.04 ms, 5 BOs (short list)
timing: #2923 done at t 86.549 s, 1.8 ms after the sync and hints; device: prepare 0.03 list 0.02 cs 0.06 fence 0.05 ms, 6 BOs (short list)
timing: #2924 done at t 86.596 s, 33.2 ms after the sync and hints; device: prepare 0.08 list 0.55 cs 28.43 fence 0.48 ms, 2068 BOs
timing: #2925 done at t 86.611 s, 1.4 ms after the sync and hints; device: prepare 0.00 list 0.02 cs 0.04 fence 0.03 ms, 5 BOs (short list)
timing: #2926 done at t 86.656 s, 30.9 ms after the sync and hints; device: prepare 0.07 list 0.58 cs 28.39 fence 0.01 ms, 2068 BOs
timing: #2927 done at t 86.700 s, 30.9 ms after the sync and hints; device: prepare 0.02 list 0.54 cs 28.66 fence 0.30 ms, 2068 BOs
timing: #2928 done at t 86.748 s, 34.0 ms after the sync and hints; device: prepare 0.05 list 0.56 cs 28.51 fence 0.74 ms, 2068 BOs
timing: #2929 done at t 86.794 s, 32.4 ms after the sync and hints; device: prepare 0.07 list 0.53 cs 28.72 fence 1.42 ms, 2068 BOs
timing: #2930 done at t 86.840 s, 32.2 ms after the sync and hints; device: prepare 0.06 list 0.55 cs 28.35 fence 0.15 ms, 2068 BOs
flip 1/0 buffer 0x507410000 +0x1fe0000: sum 0x17fb17d5f47d nonzero 8100/8160 pattern 0
timing: t 86.841 s flip 1/0, VideoOutSubmitFlip took 0.0 ms
timing: #2931 done at t 86.899 s, 44.6 ms after the sync and hints; device: prepare 0.28 list 0.55 cs 28.49 fence 6.16 ms, 2068 BOs
timing: #2932 done at t 86.915 s, 1.5 ms after the sync and hints; device: prepare 0.01 list 0.02 cs 0.05 fence 0.03 ms, 5 BOs (short list)
timing: #2933 done at t 86.930 s, 1.4 ms after the sync and hints; device: prepare 0.01 list 0.02 cs 0.10 fence 0.03 ms, 9 BOs (short list)
timing: #2934 done at t 86.945 s, 1.4 ms after the sync and hints; device: prepare 0.00 list 0.02 cs 0.04 fence 0.03 ms, 5 BOs (short list)
timing: #2935 done at t 86.961 s, 1.8 ms after the sync and hints; device: prepare 0.03 list 0.02 cs 0.05 fence 0.03 ms, 6 BOs (short list)
timing: #2936 done at t 86.976 s, 1.5 ms after the sync and hints; device: prepare 0.00 list 0.02 cs 0.04 fence 0.05 ms, 5 BOs (short list)
timing: #2937 done at t 86.991 s, 1.8 ms after the sync and hints; device: prepare 0.03 list 0.02 cs 0.05 fence 0.06 ms, 6 BOs (short list)
timing: #2938 done at t 87.038 s, 33.3 ms after the sync and hints; device: prepare 0.09 list 0.56 cs 28.33 fence 0.48 ms, 2069 BOs
timing: #2939 done at t 87.083 s, 31.0 ms after the sync and hints; device: prepare 0.03 list 0.56 cs 28.50 fence 0.01 ms, 2069 BOs
timing: #2940 done at t 87.098 s, 1.4 ms after the sync and hints; device: prepare 0.00 list 0.01 cs 0.04 fence 0.02 ms, 5 BOs (short list)
timing: #2941 done at t 87.142 s, 30.7 ms after the sync and hints; device: prepare 0.02 list 0.55 cs 28.36 fence 0.31 ms, 2069 BOs
timing: #2942 done at t 87.189 s, 34.0 ms after the sync and hints; device: prepare 0.10 list 0.62 cs 28.44 fence 0.76 ms, 2069 BOs
timing: #2943 done at t 87.235 s, 32.1 ms after the sync and hints; device: prepare 0.07 list 0.53 cs 28.57 fence 1.42 ms, 2069 BOs
timing: #2944 done at t 87.281 s, 32.3 ms after the sync and hints; device: prepare 0.06 list 0.58 cs 28.37 fence 0.14 ms, 2069 BOs
flip 1/1 buffer 0x5093f0000 +0x1fe0000: sum 0x17fb17d5f47d nonzero 8100/8160 pattern 0
timing: t 87.282 s flip 1/1, VideoOutSubmitFlip took 0.0 ms
timing: #2945 done at t 87.343 s, 46.4 ms after the sync and hints; device: prepare 0.28 list 0.54 cs 28.52 fence 6.15 ms, 2069 BOs
timing: #2946 done at t 87.359 s, 1.6 ms after the sync and hints; device: prepare 0.00 list 0.02 cs 0.04 fence 0.03 ms, 5 BOs (short list)
timing: #2947 done at t 87.374 s, 1.4 ms after the sync and hints; device: prepare 0.02 list 0.02 cs 0.10 fence 0.03 ms, 9 BOs (short list)
timing: #2948 done at t 87.389 s, 1.4 ms after the sync and hints; device: prepare 0.00 list 0.02 cs 0.04 fence 0.05 ms, 5 BOs (short list)
timing: #2949 done at t 87.405 s, 1.8 ms after the sync and hints; device: prepare 0.03 list 0.01 cs 0.05 fence 0.04 ms, 6 BOs (short list)
timing: #2950 done at t 87.420 s, 1.5 ms after the sync and hints; device: prepare 0.00 list 0.02 cs 0.04 fence 0.03 ms, 5 BOs (short list)
timing: #2951 done at t 87.435 s, 1.8 ms after the sync and hints; device: prepare 0.03 list 0.02 cs 0.06 fence 0.04 ms, 6 BOs (short list)
timing: #2952 done at t 87.482 s, 33.6 ms after the sync and hints; device: prepare 0.08 list 0.55 cs 28.42 fence 0.45 ms, 2070 BOs
timing: #2953 done at t 87.527 s, 31.1 ms after the sync and hints; device: prepare 0.03 list 0.59 cs 28.56 fence 0.01 ms, 2070 BOs
timing: #2954 done at t 87.543 s, 1.5 ms after the sync and hints; device: prepare 0.00 list 0.02 cs 0.04 fence 0.03 ms, 5 BOs (short list)
timing: #2955 done at t 87.587 s, 30.7 ms after the sync and hints; device: prepare 0.02 list 0.57 cs 28.34 fence 0.31 ms, 2070 BOs
timing: #2956 done at t 87.635 s, 34.0 ms after the sync and hints; device: prepare 0.09 list 0.58 cs 28.56 fence 0.74 ms, 2070 BOs
timing: #2957 done at t 87.681 s, 32.6 ms after the sync and hints; device: prepare 0.07 list 0.60 cs 28.96 fence 1.43 ms, 2070 BOs
timing: #2958 done at t 87.727 s, 32.4 ms after the sync and hints; device: prepare 0.06 list 0.55 cs 28.38 fence 0.15 ms, 2070 BOs
flip 1/0 buffer 0x507410000 +0x1fe0000: sum 0x17fb17d5f47d nonzero 8100/8160 pattern 0
timing: t 87.728 s flip 1/0, VideoOutSubmitFlip took 0.0 ms
timing: #2959 done at t 87.787 s, 44.8 ms after the sync and hints; device: prepare 0.29 list 0.56 cs 28.47 fence 6.13 ms, 2070 BOs
timing: #2960 done at t 87.802 s, 1.4 ms after the sync and hints; device: prepare 0.00 list 0.01 cs 0.04 fence 0.03 ms, 5 BOs (short list)
timing: #2961 done at t 87.817 s, 1.5 ms after the sync and hints; device: prepare 0.01 list 0.02 cs 0.11 fence 0.03 ms, 9 BOs (short list)
timing: #2962 done at t 87.832 s, 1.4 ms after the sync and hints; device: prepare 0.00 list 0.02 cs 0.04 fence 0.05 ms, 5 BOs (short list)
timing: #2963 done at t 87.847 s, 1.8 ms after the sync and hints; device: prepare 0.03 list 0.02 cs 0.06 fence 0.04 ms, 6 BOs (short list)
timing: #2964 done at t 87.862 s, 1.4 ms after the sync and hints; device: prepare 0.00 list 0.01 cs 0.04 fence 0.03 ms, 5 BOs (short list)
timing: #2965 done at t 87.878 s, 1.8 ms after the sync and hints; device: prepare 0.03 list 0.02 cs 0.06 fence 0.05 ms, 6 BOs (short list)
timing: #2966 done at t 87.925 s, 33.6 ms after the sync and hints; device: prepare 0.09 list 0.55 cs 28.70 fence 0.48 ms, 2070 BOs
timing: #2967 done at t 87.970 s, 31.0 ms after the sync and hints; device: prepare 0.04 list 0.58 cs 28.49 fence 0.02 ms, 2070 BOs
timing: #2968 done at t 87.986 s, 1.5 ms after the sync and hints; device: prepare 0.01 list 0.01 cs 0.04 fence 0.03 ms, 5 BOs (short list)
timing: #2969 done at t 88.030 s, 31.3 ms after the sync and hints; device: prepare 0.02 list 0.53 cs 28.81 fence 0.32 ms, 2070 BOs
timing: #2970 done at t 88.078 s, 34.1 ms after the sync and hints; device: prepare 0.06 list 0.56 cs 28.66 fence 0.75 ms, 2070 BOs
timing: #2971 done at t 88.124 s, 32.2 ms after the sync and hints; device: prepare 0.07 list 0.54 cs 28.59 fence 1.43 ms, 2070 BOs
timing: #2972 done at t 88.171 s, 32.8 ms after the sync and hints; device: prepare 0.06 list 0.57 cs 28.88 fence 0.15 ms, 2070 BOs
flip 1/1 buffer 0x5093f0000 +0x1fe0000: sum 0x17fb17d5f47d nonzero 8100/8160 pattern 0
timing: t 88.172 s flip 1/1, VideoOutSubmitFlip took 0.0 ms
timing: #2973 done at t 88.232 s, 44.9 ms after the sync and hints; device: prepare 0.27 list 0.55 cs 28.88 fence 6.12 ms, 2070 BOs
timing: #2974 done at t 88.247 s, 1.4 ms after the sync and hints; device: prepare 0.01 list 0.02 cs 0.04 fence 0.03 ms, 5 BOs (short list)
timing: #2975 done at t 88.263 s, 2.1 ms after the sync and hints; device: prepare 0.02 list 0.02 cs 0.10 fence 0.03 ms, 9 BOs (short list)
timing: #2976 done at t 88.278 s, 1.4 ms after the sync and hints; device: prepare 0.00 list 0.02 cs 0.04 fence 0.04 ms, 5 BOs (short list)
timing: #2977 done at t 88.294 s, 1.9 ms after the sync and hints; device: prepare 0.04 list 0.02 cs 0.06 fence 0.03 ms, 6 BOs (short list)
timing: #2978 done at t 88.309 s, 1.5 ms after the sync and hints; device: prepare 0.01 list 0.02 cs 0.05 fence 0.04 ms, 5 BOs (short list)
timing: #2979 done at t 88.324 s, 1.8 ms after the sync and hints; device: prepare 0.03 list 0.02 cs 0.06 fence 0.05 ms, 6 BOs (short list)
timing: #2980 done at t 88.371 s, 33.3 ms after the sync and hints; device: prepare 0.08 list 0.56 cs 28.50 fence 0.47 ms, 2070 BOs
timing: #2981 done at t 88.416 s, 31.1 ms after the sync and hints; device: prepare 0.03 list 0.55 cs 28.69 fence 0.01 ms, 2070 BOs
timing: #2982 done at t 88.431 s, 1.4 ms after the sync and hints; device: prepare 0.00 list 0.02 cs 0.04 fence 0.03 ms, 5 BOs (short list)
timing: #2983 done at t 88.476 s, 31.1 ms after the sync and hints; device: prepare 0.02 list 0.54 cs 28.87 fence 0.23 ms, 2070 BOs
timing: #2984 done at t 88.524 s, 33.9 ms after the sync and hints; device: prepare 0.05 list 0.55 cs 28.62 fence 0.74 ms, 2070 BOs
timing: #2985 done at t 88.569 s, 32.1 ms after the sync and hints; device: prepare 0.08 list 0.54 cs 28.53 fence 1.43 ms, 2070 BOs
timing: #2986 done at t 88.616 s, 32.4 ms after the sync and hints; device: prepare 0.07 list 0.56 cs 28.48 fence 0.15 ms, 2070 BOs
flip 1/0 buffer 0x507410000 +0x1fe0000: sum 0x17fb17d5f47d nonzero 8100/8160 pattern 0
timing: t 88.617 s flip 1/0, VideoOutSubmitFlip took 0.0 ms
timing: #2987 done at t 88.676 s, 45.2 ms after the sync and hints; device: prepare 0.28 list 0.56 cs 28.86 fence 6.15 ms, 2070 BOs
timing: #2988 done at t 88.692 s, 1.5 ms after the sync and hints; device: prepare 0.00 list 0.01 cs 0.04 fence 0.05 ms, 5 BOs (short list)
timing: #2989 done at t 88.707 s, 1.4 ms after the sync and hints; device: prepare 0.02 list 0.02 cs 0.10 fence 0.03 ms, 9 BOs (short list)
timing: #2990 done at t 88.723 s, 1.5 ms after the sync and hints; device: prepare 0.01 list 0.02 cs 0.04 fence 0.04 ms, 5 BOs (short list)
timing: #2991 done at t 88.738 s, 1.8 ms after the sync and hints; device: prepare 0.03 list 0.02 cs 0.06 fence 0.03 ms, 6 BOs (short list)
timing: #2992 done at t 88.753 s, 1.4 ms after the sync and hints; device: prepare 0.00 list 0.02 cs 0.04 fence 0.03 ms, 5 BOs (short list)
timing: #2993 done at t 88.768 s, 1.8 ms after the sync and hints; device: prepare 0.03 list 0.02 cs 0.05 fence 0.04 ms, 6 BOs (short list)
timing: #2994 done at t 88.816 s, 33.5 ms after the sync and hints; device: prepare 0.08 list 0.55 cs 28.67 fence 0.46 ms, 2071 BOs
timing: #2995 done at t 88.861 s, 31.0 ms after the sync and hints; device: prepare 0.03 list 0.57 cs 28.58 fence 0.01 ms, 2071 BOs
timing: #2996 done at t 88.876 s, 1.7 ms after the sync and hints; device: prepare 0.00 list 0.02 cs 0.04 fence 0.02 ms, 5 BOs (short list)
timing: #2997 done at t 88.920 s, 31.0 ms after the sync and hints; device: prepare 0.03 list 0.54 cs 28.60 fence 0.32 ms, 2071 BOs
timing: #2998 done at t 88.968 s, 34.0 ms after the sync and hints; device: prepare 0.09 list 0.60 cs 28.66 fence 0.73 ms, 2071 BOs
timing: #2999 done at t 89.013 s, 32.2 ms after the sync and hints; device: prepare 0.06 list 0.55 cs 28.65 fence 1.42 ms, 2071 BOs
timing: #3000 done at t 89.060 s, 32.3 ms after the sync and hints; device: prepare 0.06 list 0.56 cs 28.37 fence 0.15 ms, 2071 BOs
flip 1/1 buffer 0x5093f0000 +0x1fe0000: sum 0x17fb17d5f47d nonzero 8100/8160 pattern 0
timing: t 89.060 s flip 1/1, VideoOutSubmitFlip took 0.0 ms
timing: #3001 done at t 89.119 s, 45.0 ms after the sync and hints; device: prepare 0.30 list 0.56 cs 28.61 fence 6.12 ms, 2071 BOs
timing: #3002 done at t 89.135 s, 1.5 ms after the sync and hints; device: prepare 0.00 list 0.02 cs 0.04 fence 0.04 ms, 5 BOs (short list)
timing: #3003 done at t 89.150 s, 1.5 ms after the sync and hints; device: prepare 0.01 list 0.02 cs 0.10 fence 0.04 ms, 9 BOs (short list)
timing: #3004 done at t 89.165 s, 1.4 ms after the sync and hints; device: prepare 0.00 list 0.02 cs 0.04 fence 0.03 ms, 5 BOs (short list)
timing: #3005 done at t 89.181 s, 1.8 ms after the sync and hints; device: prepare 0.04 list 0.02 cs 0.05 fence 0.04 ms, 6 BOs (short list)
timing: #3006 done at t 89.196 s, 1.4 ms after the sync and hints; device: prepare 0.00 list 0.02 cs 0.04 fence 0.03 ms, 5 BOs (short list)
timing: #3007 done at t 89.212 s, 1.9 ms after the sync and hints; device: prepare 0.03 list 0.02 cs 0.05 fence 0.05 ms, 6 BOs (short list)
timing: #3008 done at t 89.259 s, 33.4 ms after the sync and hints; device: prepare 0.09 list 0.55 cs 28.44 fence 0.45 ms, 2071 BOs
timing: #3009 done at t 89.304 s, 31.6 ms after the sync and hints; device: prepare 0.03 list 0.55 cs 29.12 fence 0.01 ms, 2071 BOs
timing: #3010 done at t 89.380 s, 61.1 ms after the sync and hints; device: prepare 0.01 list 0.02 cs 0.04 fence 0.04 ms, 5 BOs (short list)
timing: #3011 done at t 89.424 s, 30.6 ms after the sync and hints; device: prepare 0.02 list 0.55 cs 28.62 fence 0.30 ms, 2071 BOs
timing: #3012 done at t 89.471 s, 33.2 ms after the sync and hints; device: prepare 0.05 list 0.54 cs 28.33 fence 0.75 ms, 2071 BOs
timing: #3013 done at t 89.515 s, 31.4 ms after the sync and hints; device: prepare 0.06 list 0.55 cs 28.26 fence 1.43 ms, 2071 BOs
timing: #3014 done at t 89.561 s, 32.0 ms after the sync and hints; device: prepare 0.06 list 0.55 cs 28.38 fence 0.14 ms, 2071 BOs
flip 1/0 buffer 0x507410000 +0x1fe0000: sum 0x17fb17d5f47d nonzero 8100/8160 pattern 0
timing: t 89.562 s flip 1/0, VideoOutSubmitFlip took 0.0 ms
timing: #3015 done at t 89.621 s, 44.9 ms after the sync and hints; device: prepare 0.35 list 0.69 cs 29.00 fence 6.15 ms, 2071 BOs
timing: #3016 done at t 89.637 s, 1.0 ms after the sync and hints; device: prepare 0.01 list 0.01 cs 0.04 fence 0.03 ms, 5 BOs (short list)
timing: #3017 done at t 89.652 s, 1.1 ms after the sync and hints; device: prepare 0.01 list 0.02 cs 0.10 fence 0.04 ms, 9 BOs (short list)
timing: #3018 done at t 89.666 s, 1.0 ms after the sync and hints; device: prepare 0.00 list 0.02 cs 0.04 fence 0.03 ms, 5 BOs (short list)
timing: #3019 done at t 89.681 s, 1.3 ms after the sync and hints; device: prepare 0.03 list 0.02 cs 0.05 fence 0.03 ms, 6 BOs (short list)
timing: #3020 done at t 89.696 s, 1.0 ms after the sync and hints; device: prepare 0.00 list 0.02 cs 0.04 fence 0.03 ms, 5 BOs (short list)
timing: #3021 done at t 89.711 s, 1.4 ms after the sync and hints; device: prepare 0.07 list 0.02 cs 0.08 fence 0.05 ms, 6 BOs (short list)
timing: #3022 done at t 89.757 s, 32.9 ms after the sync and hints; device: prepare 0.10 list 0.56 cs 28.46 fence 0.46 ms, 2071 BOs
timing: #3023 done at t 89.802 s, 30.3 ms after the sync and hints; device: prepare 0.03 list 0.55 cs 28.27 fence 0.01 ms, 2071 BOs
timing: #3024 done at t 89.816 s, 1.0 ms after the sync and hints; device: prepare 0.00 list 0.02 cs 0.04 fence 0.03 ms, 5 BOs (short list)
timing: #3025 done at t 89.861 s, 30.6 ms after the sync and hints; device: prepare 0.02 list 0.56 cs 28.66 fence 0.32 ms, 2071 BOs
timing: #3026 done at t 89.908 s, 33.5 ms after the sync and hints; device: prepare 0.05 list 0.55 cs 28.54 fence 0.73 ms, 2071 BOs
timing: #3027 done at t 89.953 s, 31.8 ms after the sync and hints; device: prepare 0.07 list 0.56 cs 28.77 fence 1.32 ms, 2071 BOs
timing: #3028 done at t 89.999 s, 31.9 ms after the sync and hints; device: prepare 0.06 list 0.55 cs 28.42 fence 0.14 ms, 2071 BOs
flip 1/1 buffer 0x5093f0000 +0x1fe0000: sum 0x17fb17d5f47d nonzero 8100/8160 pattern 0
timing: t 89.999 s flip 1/1, VideoOutSubmitFlip took 0.0 ms
timing: #3029 done at t 90.058 s, 45.0 ms after the sync and hints; device: prepare 0.29 list 0.56 cs 28.94 fence 6.13 ms, 2071 BOs
timing: #3030 done at t 90.074 s, 1.0 ms after the sync and hints; device: prepare 0.00 list 0.02 cs 0.04 fence 0.03 ms, 5 BOs (short list)
timing: #3031 done at t 90.089 s, 1.0 ms after the sync and hints; device: prepare 0.01 list 0.02 cs 0.10 fence 0.04 ms, 9 BOs (short list)
timing: #3032 done at t 90.104 s, 0.9 ms after the sync and hints; device: prepare 0.00 list 0.02 cs 0.04 fence 0.02 ms, 5 BOs (short list)
timing: #3033 done at t 90.119 s, 1.3 ms after the sync and hints; device: prepare 0.03 list 0.02 cs 0.05 fence 0.03 ms, 6 BOs (short list)
timing: #3034 done at t 90.133 s, 1.0 ms after the sync and hints; device: prepare 0.00 list 0.01 cs 0.04 fence 0.03 ms, 5 BOs (short list)
timing: #3035 done at t 90.148 s, 1.3 ms after the sync and hints; device: prepare 0.03 list 0.02 cs 0.05 fence 0.05 ms, 6 BOs (short list)
timing: #3036 done at t 90.194 s, 32.9 ms after the sync and hints; device: prepare 0.09 list 0.59 cs 28.61 fence 0.45 ms, 2071 BOs
timing: #3037 done at t 90.239 s, 30.5 ms after the sync and hints; device: prepare 0.03 list 0.55 cs 28.53 fence 0.01 ms, 2071 BOs
timing: #3038 done at t 90.254 s, 0.9 ms after the sync and hints; device: prepare 0.00 list 0.02 cs 0.04 fence 0.03 ms, 5 BOs (short list)
timing: #3039 done at t 90.298 s, 30.4 ms after the sync and hints; device: prepare 0.02 list 0.56 cs 28.55 fence 0.31 ms, 2071 BOs
timing: #3040 done at t 90.345 s, 33.5 ms after the sync and hints; device: prepare 0.05 list 0.55 cs 28.67 fence 0.73 ms, 2071 BOs
timing: #3041 done at t 90.389 s, 31.3 ms after the sync and hints; device: prepare 0.06 list 0.55 cs 28.22 fence 1.44 ms, 2071 BOs
timing: #3042 done at t 90.435 s, 31.9 ms after the sync and hints; device: prepare 0.07 list 0.55 cs 28.45 fence 0.13 ms, 2071 BOs
flip 1/0 buffer 0x507410000 +0x1fe0000: sum 0x17fb17d5f47d nonzero 8100/8160 pattern 0
timing: t 90.436 s flip 1/0, VideoOutSubmitFlip took 0.0 ms
timing: #3043 done at t 90.495 s, 44.2 ms after the sync and hints; device: prepare 0.30 list 0.55 cs 28.42 fence 6.13 ms, 2071 BOs
timing: #3044 done at t 90.510 s, 1.0 ms after the sync and hints; device: prepare 0.00 list 0.02 cs 0.04 fence 0.05 ms, 5 BOs (short list)
timing: #3045 done at t 90.524 s, 1.0 ms after the sync and hints; device: prepare 0.01 list 0.02 cs 0.10 fence 0.03 ms, 9 BOs (short list)
timing: #3046 done at t 90.540 s, 0.9 ms after the sync and hints; device: prepare 0.00 list 0.02 cs 0.04 fence 0.03 ms, 5 BOs (short list)
timing: #3047 done at t 90.554 s, 1.4 ms after the sync and hints; device: prepare 0.03 list 0.02 cs 0.05 fence 0.04 ms, 6 BOs (short list)
timing: #3048 done at t 90.569 s, 1.0 ms after the sync and hints; device: prepare 0.00 list 0.02 cs 0.04 fence 0.04 ms, 5 BOs (short list)
timing: #3049 done at t 90.584 s, 1.3 ms after the sync and hints; device: prepare 0.03 list 0.02 cs 0.06 fence 0.05 ms, 6 BOs (short list)
timing: #3050 done at t 90.630 s, 33.1 ms after the sync and hints; device: prepare 0.08 list 0.56 cs 28.75 fence 0.45 ms, 2071 BOs
timing: #3051 done at t 90.645 s, 1.0 ms after the sync and hints; device: prepare 0.00 list 0.02 cs 0.04 fence 0.03 ms, 5 BOs (short list)
timing: #3052 done at t 90.689 s, 30.6 ms after the sync and hints; device: prepare 0.03 list 0.55 cs 28.59 fence 0.01 ms, 2071 BOs
timing: #3053 done at t 90.733 s, 30.6 ms after the sync and hints; device: prepare 0.02 list 0.59 cs 28.71 fence 0.32 ms, 2071 BOs
timing: #3054 done at t 90.781 s, 33.4 ms after the sync and hints; device: prepare 0.05 list 0.55 cs 28.64 fence 0.75 ms, 2071 BOs
timing: #3055 done at t 90.826 s, 31.8 ms after the sync and hints; device: prepare 0.06 list 0.56 cs 28.64 fence 1.44 ms, 2071 BOs
timing: #3056 done at t 90.873 s, 32.3 ms after the sync and hints; device: prepare 0.06 list 0.55 cs 28.21 fence 0.15 ms, 2071 BOs
flip 1/1 buffer 0x5093f0000 +0x1fe0000: sum 0x17fb17d5f47d nonzero 8100/8160 pattern 0
timing: t 90.874 s flip 1/1, VideoOutSubmitFlip took 0.0 ms
timing: #3057 done at t 90.932 s, 43.7 ms after the sync and hints; device: prepare 0.25 list 0.55 cs 28.13 fence 6.14 ms, 2071 BOs
timing: #3058 done at t 90.947 s, 1.0 ms after the sync and hints; device: prepare 0.00 list 0.02 cs 0.04 fence 0.03 ms, 5 BOs (short list)
timing: #3059 done at t 90.962 s, 1.1 ms after the sync and hints; device: prepare 0.02 list 0.02 cs 0.10 fence 0.03 ms, 9 BOs (short list)
timing: #3060 done at t 90.976 s, 1.1 ms after the sync and hints; device: prepare 0.00 list 0.02 cs 0.04 fence 0.04 ms, 5 BOs (short list)
timing: #3061 done at t 90.991 s, 1.3 ms after the sync and hints; device: prepare 0.03 list 0.02 cs 0.06 fence 0.05 ms, 6 BOs (short list)
timing: #3062 done at t 91.005 s, 1.1 ms after the sync and hints; device: prepare 0.00 list 0.01 cs 0.04 fence 0.05 ms, 5 BOs (short list)
timing: #3063 done at t 91.020 s, 1.3 ms after the sync and hints; device: prepare 0.03 list 0.02 cs 0.05 fence 0.06 ms, 6 BOs (short list)
timing: #3064 done at t 91.066 s, 32.8 ms after the sync and hints; device: prepare 0.08 list 0.55 cs 28.39 fence 0.47 ms, 2071 BOs
timing: #3065 done at t 91.082 s, 1.1 ms after the sync and hints; device: prepare 0.01 list 0.04 cs 0.05 fence 0.03 ms, 5 BOs (short list)
timing: #3066 done at t 91.126 s, 30.4 ms after the sync and hints; device: prepare 0.03 list 0.55 cs 28.45 fence 0.01 ms, 2071 BOs
timing: #3067 done at t 91.170 s, 30.7 ms after the sync and hints; device: prepare 0.02 list 0.56 cs 28.91 fence 0.32 ms, 2071 BOs
timing: #3068 done at t 91.218 s, 33.4 ms after the sync and hints; device: prepare 0.05 list 0.55 cs 28.55 fence 0.74 ms, 2071 BOs
timing: #3069 done at t 91.263 s, 31.7 ms after the sync and hints; device: prepare 0.07 list 0.56 cs 28.57 fence 1.43 ms, 2071 BOs
timing: #3070 done at t 91.309 s, 32.0 ms after the sync and hints; device: prepare 0.07 list 0.58 cs 28.53 fence 0.14 ms, 2071 BOs
flip 1/0 buffer 0x507410000 +0x1fe0000: sum 0x17fb17d5f47d nonzero 8100/8160 pattern 0
timing: t 91.310 s flip 1/0, VideoOutSubmitFlip took 0.0 ms
timing: #3071 done at t 91.368 s, 44.0 ms after the sync and hints; device: prepare 0.29 list 0.58 cs 28.38 fence 6.16 ms, 2071 BOs
timing: #3072 done at t 91.383 s, 0.9 ms after the sync and hints; device: prepare 0.00 list 0.01 cs 0.04 fence 0.03 ms, 5 BOs (short list)
timing: #3073 done at t 91.397 s, 1.1 ms after the sync and hints; device: prepare 0.01 list 0.01 cs 0.11 fence 0.03 ms, 9 BOs (short list)
timing: #3074 done at t 91.412 s, 1.0 ms after the sync and hints; device: prepare 0.00 list 0.02 cs 0.04 fence 0.03 ms, 5 BOs (short list)
timing: #3075 done at t 91.427 s, 1.4 ms after the sync and hints; device: prepare 0.03 list 0.02 cs 0.05 fence 0.04 ms, 6 BOs (short list)
timing: #3076 done at t 91.441 s, 1.0 ms after the sync and hints; device: prepare 0.00 list 0.02 cs 0.04 fence 0.03 ms, 5 BOs (short list)
timing: #3077 done at t 91.456 s, 1.3 ms after the sync and hints; device: prepare 0.03 list 0.02 cs 0.05 fence 0.04 ms, 6 BOs (short list)
timing: #3078 done at t 91.502 s, 32.8 ms after the sync and hints; device: prepare 0.08 list 0.54 cs 28.48 fence 0.45 ms, 2071 BOs
timing: #3079 done at t 91.547 s, 30.5 ms after the sync and hints; device: prepare 0.04 list 0.55 cs 28.53 fence 0.01 ms, 2071 BOs
timing: #3080 done at t 91.561 s, 1.0 ms after the sync and hints; device: prepare 0.00 list 0.02 cs 0.04 fence 0.03 ms, 5 BOs (short list)
timing: #3081 done at t 91.605 s, 30.4 ms after the sync and hints; device: prepare 0.02 list 0.54 cs 28.53 fence 0.29 ms, 2071 BOs
timing: #3082 done at t 91.652 s, 33.2 ms after the sync and hints; device: prepare 0.05 list 0.56 cs 28.34 fence 0.76 ms, 2071 BOs
timing: #3083 done at t 91.698 s, 31.8 ms after the sync and hints; device: prepare 0.07 list 0.54 cs 28.71 fence 1.42 ms, 2071 BOs
timing: #3084 done at t 91.743 s, 31.9 ms after the sync and hints; device: prepare 0.06 list 0.55 cs 28.51 fence 0.12 ms, 2071 BOs
flip 1/1 buffer 0x5093f0000 +0x1fe0000: sum 0x17fb17d5f47d nonzero 8100/8160 pattern 0
timing: t 91.744 s flip 1/1, VideoOutSubmitFlip took 0.0 ms
timing: #3085 done at t 91.802 s, 44.2 ms after the sync and hints; device: prepare 0.28 list 0.55 cs 28.46 fence 6.10 ms, 2071 BOs
timing: #3086 done at t 91.817 s, 1.0 ms after the sync and hints; device: prepare 0.00 list 0.02 cs 0.03 fence 0.03 ms, 5 BOs (short list)
timing: #3087 done at t 91.832 s, 1.0 ms after the sync and hints; device: prepare 0.01 list 0.02 cs 0.10 fence 0.03 ms, 9 BOs (short list)
timing: #3088 done at t 91.846 s, 0.9 ms after the sync and hints; device: prepare 0.00 list 0.02 cs 0.04 fence 0.03 ms, 5 BOs (short list)
timing: #3089 done at t 91.861 s, 1.4 ms after the sync and hints; device: prepare 0.04 list 0.02 cs 0.06 fence 0.04 ms, 6 BOs (short list)
timing: #3090 done at t 91.875 s, 1.0 ms after the sync and hints; device: prepare 0.00 list 0.02 cs 0.03 fence 0.04 ms, 5 BOs (short list)
timing: #3091 done at t 91.890 s, 1.3 ms after the sync and hints; device: prepare 0.03 list 0.02 cs 0.06 fence 0.05 ms, 6 BOs (short list)
timing: #3092 done at t 91.937 s, 32.7 ms after the sync and hints; device: prepare 0.08 list 0.55 cs 28.42 fence 0.46 ms, 2071 BOs
timing: #3093 done at t 91.951 s, 0.9 ms after the sync and hints; device: prepare 0.00 list 0.02 cs 0.04 fence 0.03 ms, 5 BOs (short list)
timing: #3094 done at t 91.996 s, 30.6 ms after the sync and hints; device: prepare 0.03 list 0.57 cs 28.63 fence 0.01 ms, 2071 BOs
timing: #3095 done at t 92.040 s, 31.0 ms after the sync and hints; device: prepare 0.02 list 0.56 cs 29.18 fence 0.27 ms, 2071 BOs
timing: #3096 done at t 92.088 s, 33.4 ms after the sync and hints; device: prepare 0.06 list 0.56 cs 28.51 fence 0.74 ms, 2071 BOs
timing: #3097 done at t 92.133 s, 31.6 ms after the sync and hints; device: prepare 0.07 list 0.54 cs 28.48 fence 1.43 ms, 2071 BOs
timing: #3098 done at t 92.178 s, 31.9 ms after the sync and hints; device: prepare 0.06 list 0.56 cs 28.53 fence 0.14 ms, 2071 BOs
flip 1/0 buffer 0x507410000 +0x1fe0000: sum 0x17fb17d5f47d nonzero 8100/8160 pattern 0
timing: t 92.179 s flip 1/0, VideoOutSubmitFlip took 0.0 ms
timing: #3099 done at t 92.237 s, 44.4 ms after the sync and hints; device: prepare 0.28 list 0.59 cs 28.42 fence 6.16 ms, 2071 BOs
timing: #3100 done at t 92.253 s, 0.9 ms after the sync and hints; device: prepare 0.00 list 0.02 cs 0.04 fence 0.03 ms, 5 BOs (short list)
timing: #3101 done at t 92.267 s, 1.0 ms after the sync and hints; device: prepare 0.01 list 0.02 cs 0.10 fence 0.03 ms, 9 BOs (short list)
timing: #3102 done at t 92.282 s, 1.1 ms after the sync and hints; device: prepare 0.00 list 0.02 cs 0.04 fence 0.04 ms, 5 BOs (short list)
timing: #3103 done at t 92.297 s, 1.4 ms after the sync and hints; device: prepare 0.03 list 0.02 cs 0.05 fence 0.04 ms, 6 BOs (short list)
timing: #3104 done at t 92.311 s, 0.9 ms after the sync and hints; device: prepare 0.00 list 0.02 cs 0.03 fence 0.03 ms, 5 BOs (short list)
timing: #3105 done at t 92.326 s, 1.3 ms after the sync and hints; device: prepare 0.03 list 0.01 cs 0.06 fence 0.04 ms, 6 BOs (short list)
timing: #3106 done at t 92.372 s, 32.8 ms after the sync and hints; device: prepare 0.08 list 0.55 cs 28.48 fence 0.47 ms, 2071 BOs
timing: #3107 done at t 92.417 s, 30.7 ms after the sync and hints; device: prepare 0.03 list 0.56 cs 28.69 fence 0.01 ms, 2071 BOs
timing: #3108 done at t 92.431 s, 1.0 ms after the sync and hints; device: prepare 0.00 list 0.02 cs 0.04 fence 0.03 ms, 5 BOs (short list)
timing: #3109 done at t 92.474 s, 30.1 ms after the sync and hints; device: prepare 0.02 list 0.54 cs 28.29 fence 0.32 ms, 2071 BOs
timing: #3110 done at t 92.522 s, 33.4 ms after the sync and hints; device: prepare 0.05 list 0.56 cs 28.52 fence 0.74 ms, 2071 BOs
timing: #3111 done at t 92.566 s, 31.4 ms after the sync and hints; device: prepare 0.06 list 0.53 cs 28.36 fence 1.43 ms, 2071 BOs
timing: #3112 done at t 92.612 s, 32.1 ms after the sync and hints; device: prepare 0.06 list 0.55 cs 28.57 fence 0.14 ms, 2071 BOs
flip 1/1 buffer 0x5093f0000 +0x1fe0000: sum 0x17fb17d5f47d nonzero 8100/8160 pattern 0
timing: t 92.613 s flip 1/1, VideoOutSubmitFlip took 0.0 ms
timing: #3113 done at t 92.671 s, 44.4 ms after the sync and hints; device: prepare 0.29 list 0.56 cs 28.39 fence 6.12 ms, 2071 BOs
timing: #3114 done at t 92.686 s, 0.9 ms after the sync and hints; device: prepare 0.00 list 0.01 cs 0.04 fence 0.03 ms, 5 BOs (short list)
timing: #3115 done at t 92.701 s, 1.0 ms after the sync and hints; device: prepare 0.01 list 0.01 cs 0.10 fence 0.03 ms, 9 BOs (short list)
timing: #3116 done at t 92.715 s, 1.0 ms after the sync and hints; device: prepare 0.00 list 0.02 cs 0.04 fence 0.03 ms, 5 BOs (short list)
timing: #3117 done at t 92.730 s, 1.4 ms after the sync and hints; device: prepare 0.07 list 0.02 cs 0.06 fence 0.04 ms, 6 BOs (short list)
timing: #3118 done at t 92.745 s, 1.0 ms after the sync and hints; device: prepare 0.00 list 0.02 cs 0.04 fence 0.04 ms, 5 BOs (short list)
timing: #3119 done at t 92.759 s, 1.3 ms after the sync and hints; device: prepare 0.03 list 0.02 cs 0.05 fence 0.05 ms, 6 BOs (short list)
timing: #3120 done at t 92.806 s, 33.0 ms after the sync and hints; device: prepare 0.08 list 0.56 cs 28.64 fence 0.45 ms, 2071 BOs
timing: #3121 done at t 92.851 s, 30.3 ms after the sync and hints; device: prepare 0.03 list 0.56 cs 28.36 fence 0.01 ms, 2071 BOs
timing: #3122 done at t 92.865 s, 0.9 ms after the sync and hints; device: prepare 0.00 list 0.02 cs 0.04 fence 0.02 ms, 5 BOs (short list)
timing: #3123 done at t 92.909 s, 30.3 ms after the sync and hints; device: prepare 0.02 list 0.61 cs 28.40 fence 0.33 ms, 2071 BOs
timing: #3124 done at t 92.957 s, 33.7 ms after the sync and hints; device: prepare 0.04 list 0.56 cs 28.83 fence 0.74 ms, 2071 BOs
timing: #3125 done at t 93.002 s, 31.8 ms after the sync and hints; device: prepare 0.06 list 0.53 cs 28.71 fence 1.45 ms, 2071 BOs
timing: #3126 done at t 93.048 s, 32.0 ms after the sync and hints; device: prepare 0.06 list 0.55 cs 28.54 fence 0.14 ms, 2071 BOs
flip 1/0 buffer 0x507410000 +0x1fe0000: sum 0x17fb17d5f47d nonzero 8100/8160 pattern 0
timing: t 93.049 s flip 1/0, VideoOutSubmitFlip took 0.0 ms
timing: #3127 done at t 93.108 s, 44.4 ms after the sync and hints; device: prepare 0.30 list 0.55 cs 28.42 fence 6.15 ms, 2071 BOs
timing: #3128 done at t 93.122 s, 0.9 ms after the sync and hints; device: prepare 0.00 list 0.02 cs 0.03 fence 0.03 ms, 5 BOs (short list)
timing: #3129 done at t 93.137 s, 1.1 ms after the sync and hints; device: prepare 0.02 list 0.02 cs 0.11 fence 0.03 ms, 9 BOs (short list)
timing: #3130 done at t 93.152 s, 0.9 ms after the sync and hints; device: prepare 0.01 list 0.02 cs 0.04 fence 0.03 ms, 5 BOs (short list)
timing: #3131 done at t 93.167 s, 1.3 ms after the sync and hints; device: prepare 0.03 list 0.02 cs 0.05 fence 0.04 ms, 6 BOs (short list)
timing: #3132 done at t 93.181 s, 1.0 ms after the sync and hints; device: prepare 0.00 list 0.02 cs 0.04 fence 0.03 ms, 5 BOs (short list)
timing: #3133 done at t 93.196 s, 1.3 ms after the sync and hints; device: prepare 0.03 list 0.01 cs 0.05 fence 0.04 ms, 6 BOs (short list)
timing: #3134 done at t 93.243 s, 33.4 ms after the sync and hints; device: prepare 0.08 list 0.56 cs 28.96 fence 0.45 ms, 2071 BOs
timing: #3135 done at t 93.288 s, 30.8 ms after the sync and hints; device: prepare 0.03 list 0.56 cs 28.69 fence 0.01 ms, 2071 BOs
timing: #3136 done at t 93.303 s, 0.9 ms after the sync and hints; device: prepare 0.00 list 0.01 cs 0.04 fence 0.03 ms, 5 BOs (short list)
timing: #3137 done at t 93.348 s, 30.8 ms after the sync and hints; device: prepare 0.02 list 0.54 cs 28.94 fence 0.31 ms, 2071 BOs
timing: #3138 done at t 93.395 s, 33.7 ms after the sync and hints; device: prepare 0.06 list 0.58 cs 28.72 fence 0.74 ms, 2071 BOs
timing: #3139 done at t 93.440 s, 31.5 ms after the sync and hints; device: prepare 0.07 list 0.52 cs 28.45 fence 1.44 ms, 2071 BOs
timing: #3140 done at t 93.486 s, 32.2 ms after the sync and hints; device: prepare 0.06 list 0.55 cs 28.68 fence 0.15 ms, 2071 BOs
flip 1/1 buffer 0x5093f0000 +0x1fe0000: sum 0x17fb17d5f47d nonzero 8100/8160 pattern 0
timing: t 93.487 s flip 1/1, VideoOutSubmitFlip took 0.0 ms
timing: #3141 done at t 93.546 s, 44.6 ms after the sync and hints; device: prepare 0.27 list 0.55 cs 28.74 fence 6.14 ms, 2071 BOs
timing: #3142 done at t 93.562 s, 1.0 ms after the sync and hints; device: prepare 0.00 list 0.02 cs 0.04 fence 0.06 ms, 5 BOs (short list)
timing: #3143 done at t 93.577 s, 1.1 ms after the sync and hints; device: prepare 0.01 list 0.02 cs 0.10 fence 0.04 ms, 9 BOs (short list)
timing: #3144 done at t 93.591 s, 1.0 ms after the sync and hints; device: prepare 0.00 list 0.02 cs 0.04 fence 0.05 ms, 5 BOs (short list)
timing: #3145 done at t 93.606 s, 1.3 ms after the sync and hints; device: prepare 0.03 list 0.02 cs 0.05 fence 0.03 ms, 6 BOs (short list)
timing: #3146 done at t 93.621 s, 1.0 ms after the sync and hints; device: prepare 0.01 list 0.05 cs 0.04 fence 0.03 ms, 5 BOs (short list)
timing: #3147 done at t 93.636 s, 1.3 ms after the sync and hints; device: prepare 0.03 list 0.02 cs 0.06 fence 0.05 ms, 6 BOs (short list)
timing: #3148 done at t 93.683 s, 33.2 ms after the sync and hints; device: prepare 0.08 list 0.66 cs 28.83 fence 0.46 ms, 2071 BOs
timing: #3149 done at t 93.698 s, 0.9 ms after the sync and hints; device: prepare 0.00 list 0.01 cs 0.04 fence 0.03 ms, 5 BOs (short list)
timing: #3150 done at t 93.743 s, 30.7 ms after the sync and hints; device: prepare 0.03 list 0.56 cs 28.71 fence 0.01 ms, 2071 BOs
timing: #3151 done at t 93.787 s, 30.2 ms after the sync and hints; device: prepare 0.02 list 0.54 cs 28.34 fence 0.33 ms, 2071 BOs
timing: #3152 done at t 93.834 s, 33.7 ms after the sync and hints; device: prepare 0.06 list 0.56 cs 28.72 fence 0.75 ms, 2071 BOs
timing: #3153 done at t 93.879 s, 31.5 ms after the sync and hints; device: prepare 0.07 list 0.54 cs 28.47 fence 1.40 ms, 2071 BOs
timing: #3154 done at t 93.926 s, 32.3 ms after the sync and hints; device: prepare 0.06 list 0.56 cs 28.89 fence 0.15 ms, 2071 BOs
flip 1/0 buffer 0x507410000 +0x1fe0000: sum 0x17fb17d5f47d nonzero 8100/8160 pattern 0
timing: t 93.927 s flip 1/0, VideoOutSubmitFlip took 0.0 ms
timing: #3155 done at t 93.986 s, 45.4 ms after the sync and hints; device: prepare 0.30 list 0.66 cs 29.35 fence 6.15 ms, 2071 BOs
timing: #3156 done at t 94.002 s, 1.0 ms after the sync and hints; device: prepare 0.00 list 0.01 cs 0.04 fence 0.03 ms, 5 BOs (short list)
timing: #3157 done at t 94.016 s, 1.1 ms after the sync and hints; device: prepare 0.03 list 0.03 cs 0.12 fence 0.03 ms, 9 BOs (short list)
timing: #3158 done at t 94.031 s, 1.0 ms after the sync and hints; device: prepare 0.00 list 0.02 cs 0.04 fence 0.03 ms, 5 BOs (short list)
timing: #3159 done at t 94.045 s, 1.3 ms after the sync and hints; device: prepare 0.03 list 0.02 cs 0.06 fence 0.03 ms, 6 BOs (short list)
timing: #3160 done at t 94.060 s, 0.9 ms after the sync and hints; device: prepare 0.00 list 0.01 cs 0.04 fence 0.02 ms, 5 BOs (short list)
timing: #3161 done at t 94.075 s, 1.4 ms after the sync and hints; device: prepare 0.03 list 0.02 cs 0.06 fence 0.04 ms, 6 BOs (short list)
timing: #3162 done at t 94.122 s, 33.2 ms after the sync and hints; device: prepare 0.08 list 0.55 cs 28.76 fence 0.45 ms, 2072 BOs
timing: #3163 done at t 94.167 s, 31.0 ms after the sync and hints; device: prepare 0.03 list 0.56 cs 29.02 fence 0.01 ms, 2072 BOs
timing: #3164 done at t 94.182 s, 1.0 ms after the sync and hints; device: prepare 0.00 list 0.02 cs 0.04 fence 0.03 ms, 5 BOs (short list)
timing: #3165 done at t 94.226 s, 30.7 ms after the sync and hints; device: prepare 0.02 list 0.54 cs 28.92 fence 0.27 ms, 2072 BOs
timing: #3166 done at t 94.274 s, 33.8 ms after the sync and hints; device: prepare 0.05 list 0.56 cs 28.98 fence 0.75 ms, 2072 BOs
timing: #3167 done at t 94.319 s, 31.8 ms after the sync and hints; device: prepare 0.07 list 0.53 cs 28.61 fence 1.46 ms, 2072 BOs
timing: #3168 done at t 94.366 s, 32.2 ms after the sync and hints; device: prepare 0.06 list 0.55 cs 28.54 fence 0.16 ms, 2072 BOs
flip 1/1 buffer 0x5093f0000 +0x1fe0000: sum 0x17fb17d5f47d nonzero 8100/8160 pattern 0
timing: t 94.367 s flip 1/1, VideoOutSubmitFlip took 0.0 ms
timing: #3169 done at t 94.425 s, 44.4 ms after the sync and hints; device: prepare 0.28 list 0.56 cs 28.65 fence 6.15 ms, 2072 BOs
timing: #3170 done at t 94.440 s, 0.9 ms after the sync and hints; device: prepare 0.00 list 0.02 cs 0.03 fence 0.03 ms, 5 BOs (short list)
timing: #3171 done at t 94.455 s, 1.0 ms after the sync and hints; device: prepare 0.01 list 0.02 cs 0.10 fence 0.03 ms, 9 BOs (short list)
timing: #3172 done at t 94.470 s, 1.1 ms after the sync and hints; device: prepare 0.00 list 0.02 cs 0.04 fence 0.03 ms, 5 BOs (short list)
timing: #3173 done at t 94.484 s, 1.3 ms after the sync and hints; device: prepare 0.03 list 0.02 cs 0.06 fence 0.03 ms, 6 BOs (short list)
timing: #3174 done at t 94.499 s, 1.0 ms after the sync and hints; device: prepare 0.01 list 0.02 cs 0.04 fence 0.03 ms, 5 BOs (short list)
timing: #3175 done at t 94.514 s, 1.4 ms after the sync and hints; device: prepare 0.03 list 0.02 cs 0.05 fence 0.04 ms, 6 BOs (short list)
timing: #3176 done at t 94.561 s, 33.1 ms after the sync and hints; device: prepare 0.08 list 0.55 cs 28.67 fence 0.44 ms, 2072 BOs
timing: #3177 done at t 94.576 s, 1.1 ms after the sync and hints; device: prepare 0.00 list 0.02 cs 0.04 fence 0.03 ms, 5 BOs (short list)
timing: #3178 done at t 94.621 s, 31.1 ms after the sync and hints; device: prepare 0.03 list 0.56 cs 29.01 fence 0.01 ms, 2072 BOs
timing: #3179 done at t 94.664 s, 30.5 ms after the sync and hints; device: prepare 0.02 list 0.53 cs 28.52 fence 0.30 ms, 2072 BOs
timing: #3180 done at t 94.712 s, 33.6 ms after the sync and hints; device: prepare 0.05 list 0.60 cs 28.59 fence 0.74 ms, 2072 BOs
timing: #3181 done at t 94.757 s, 31.5 ms after the sync and hints; device: prepare 0.06 list 0.53 cs 28.39 fence 1.43 ms, 2072 BOs
timing: #3182 done at t 94.803 s, 32.3 ms after the sync and hints; device: prepare 0.06 list 0.55 cs 28.80 fence 0.15 ms, 2072 BOs
flip 1/0 buffer 0x507410000 +0x1fe0000: sum 0x17fb17d5f47d nonzero 8100/8160 pattern 0
timing: t 94.804 s flip 1/0, VideoOutSubmitFlip took 0.0 ms
timing: #3183 done at t 94.863 s, 44.5 ms after the sync and hints; device: prepare 0.27 list 0.56 cs 28.49 fence 6.13 ms, 2072 BOs
timing: #3184 done at t 94.878 s, 1.0 ms after the sync and hints; device: prepare 0.00 list 0.02 cs 0.04 fence 0.03 ms, 5 BOs (short list)
timing: #3185 done at t 94.892 s, 1.1 ms after the sync and hints; device: prepare 0.01 list 0.01 cs 0.10 fence 0.03 ms, 9 BOs (short list)
timing: #3186 done at t 94.907 s, 1.1 ms after the sync and hints; device: prepare 0.01 list 0.02 cs 0.04 fence 0.03 ms, 5 BOs (short list)
timing: #3187 done at t 94.922 s, 1.4 ms after the sync and hints; device: prepare 0.03 list 0.02 cs 0.06 fence 0.04 ms, 6 BOs (short list)
timing: #3188 done at t 94.937 s, 1.0 ms after the sync and hints; device: prepare 0.00 list 0.02 cs 0.04 fence 0.02 ms, 5 BOs (short list)
timing: #3189 done at t 94.952 s, 1.4 ms after the sync and hints; device: prepare 0.03 list 0.02 cs 0.05 fence 0.04 ms, 6 BOs (short list)
timing: #3190 done at t 94.999 s, 33.3 ms after the sync and hints; device: prepare 0.08 list 0.55 cs 28.94 fence 0.45 ms, 2072 BOs
timing: #3191 done at t 95.043 s, 30.3 ms after the sync and hints; device: prepare 0.03 list 0.56 cs 28.23 fence 0.01 ms, 2072 BOs
timing: #3192 done at t 95.058 s, 1.0 ms after the sync and hints; device: prepare 0.00 list 0.02 cs 0.04 fence 0.03 ms, 5 BOs (short list)
timing: #3193 done at t 95.102 s, 30.4 ms after the sync and hints; device: prepare 0.02 list 0.54 cs 28.42 fence 0.32 ms, 2072 BOs
timing: #3194 done at t 95.150 s, 34.1 ms after the sync and hints; device: prepare 0.05 list 0.58 cs 28.93 fence 0.75 ms, 2072 BOs
timing: #3195 done at t 95.195 s, 31.9 ms after the sync and hints; device: prepare 0.06 list 0.53 cs 28.79 fence 1.42 ms, 2072 BOs
timing: #3196 done at t 95.241 s, 32.3 ms after the sync and hints; device: prepare 0.06 list 0.55 cs 28.64 fence 0.15 ms, 2072 BOs
flip 1/1 buffer 0x5093f0000 +0x1fe0000: sum 0x17fb17d5f47d nonzero 8100/8160 pattern 0
timing: t 95.242 s flip 1/1, VideoOutSubmitFlip took 0.0 ms
timing: #3197 done at t 95.302 s, 45.5 ms after the sync and hints; device: prepare 0.29 list 0.56 cs 29.30 fence 6.12 ms, 2072 BOs
timing: #3198 done at t 95.317 s, 1.0 ms after the sync and hints; device: prepare 0.01 list 0.02 cs 0.04 fence 0.03 ms, 5 BOs (short list)
timing: #3199 done at t 95.332 s, 1.2 ms after the sync and hints; device: prepare 0.02 list 0.02 cs 0.10 fence 0.03 ms, 9 BOs (short list)
timing: #3200 done at t 95.346 s, 1.0 ms after the sync and hints; device: prepare 0.00 list 0.02 cs 0.04 fence 0.03 ms, 5 BOs (short list)
timing: #3201 done at t 95.361 s, 1.5 ms after the sync and hints; device: prepare 0.03 list 0.02 cs 0.05 fence 0.03 ms, 6 BOs (short list)
timing: #3202 done at t 95.376 s, 1.1 ms after the sync and hints; device: prepare 0.01 list 0.02 cs 0.04 fence 0.02 ms, 5 BOs (short list)
timing: #3203 done at t 95.391 s, 1.4 ms after the sync and hints; device: prepare 0.03 list 0.02 cs 0.05 fence 0.04 ms, 6 BOs (short list)
timing: #3204 done at t 95.437 s, 33.0 ms after the sync and hints; device: prepare 0.09 list 0.57 cs 28.53 fence 0.46 ms, 2073 BOs
timing: #3205 done at t 95.452 s, 1.0 ms after the sync and hints; device: prepare 0.00 list 0.02 cs 0.04 fence 0.03 ms, 5 BOs (short list)
timing: #3206 done at t 95.496 s, 30.3 ms after the sync and hints; device: prepare 0.03 list 0.55 cs 28.24 fence 0.01 ms, 2073 BOs
timing: #3207 done at t 95.540 s, 30.3 ms after the sync and hints; device: prepare 0.02 list 0.54 cs 28.38 fence 0.31 ms, 2073 BOs
timing: #3208 done at t 95.587 s, 33.2 ms after the sync and hints; device: prepare 0.11 list 0.58 cs 28.23 fence 0.72 ms, 2073 BOs
timing: #3209 done at t 95.632 s, 31.6 ms after the sync and hints; device: prepare 0.07 list 0.54 cs 28.32 fence 1.44 ms, 2073 BOs
timing: #3210 done at t 95.678 s, 32.5 ms after the sync and hints; device: prepare 0.06 list 0.55 cs 28.98 fence 0.13 ms, 2073 BOs
flip 1/0 buffer 0x507410000 +0x1fe0000: sum 0x17fb17d5f47d nonzero 8100/8160 pattern 0
timing: t 95.679 s flip 1/0, VideoOutSubmitFlip took 0.0 ms
timing: #3211 done at t 95.738 s, 45.4 ms after the sync and hints; device: prepare 0.29 list 0.56 cs 28.81 fence 6.14 ms, 2073 BOs
timing: #3212 done at t 95.753 s, 1.0 ms after the sync and hints; device: prepare 0.00 list 0.02 cs 0.04 fence 0.04 ms, 5 BOs (short list)
timing: #3213 done at t 95.768 s, 1.3 ms after the sync and hints; device: prepare 0.04 list 0.02 cs 0.16 fence 0.03 ms, 9 BOs (short list)
timing: #3214 done at t 95.783 s, 1.0 ms after the sync and hints; device: prepare 0.00 list 0.02 cs 0.04 fence 0.03 ms, 5 BOs (short list)
timing: #3215 done at t 95.798 s, 1.6 ms after the sync and hints; device: prepare 0.04 list 0.02 cs 0.06 fence 0.04 ms, 6 BOs (short list)
timing: #3216 done at t 95.813 s, 1.3 ms after the sync and hints; device: prepare 0.00 list 0.02 cs 0.04 fence 0.03 ms, 5 BOs (short list)
timing: #3217 done at t 95.832 s, 4.9 ms after the sync and hints; device: prepare 0.03 list 0.02 cs 0.06 fence 0.05 ms, 6 BOs (short list)
timing: #3218 done at t 95.880 s, 33.7 ms after the sync and hints; device: prepare 0.10 list 0.57 cs 28.42 fence 0.46 ms, 2073 BOs
timing: #3219 done at t 95.925 s, 30.6 ms after the sync and hints; device: prepare 0.03 list 0.55 cs 28.30 fence 0.01 ms, 2073 BOs
timing: #3220 done at t 95.940 s, 1.3 ms after the sync and hints; device: prepare 0.00 list 0.02 cs 0.04 fence 0.03 ms, 5 BOs (short list)
timing: #3221 done at t 95.984 s, 31.2 ms after the sync and hints; device: prepare 0.02 list 0.57 cs 29.02 fence 0.30 ms, 2073 BOs
timing: #3222 done at t 96.031 s, 33.6 ms after the sync and hints; device: prepare 0.05 list 0.56 cs 28.24 fence 0.74 ms, 2073 BOs
timing: #3223 done at t 96.077 s, 32.5 ms after the sync and hints; device: prepare 0.06 list 0.54 cs 29.08 fence 1.42 ms, 2073 BOs
timing: #3224 done at t 96.124 s, 32.4 ms after the sync and hints; device: prepare 0.06 list 0.56 cs 28.65 fence 0.12 ms, 2073 BOs
flip 1/1 buffer 0x5093f0000 +0x1fe0000: sum 0x17fb17d5f47d nonzero 8100/8160 pattern 0
timing: t 96.125 s flip 1/1, VideoOutSubmitFlip took 0.0 ms
timing: #3225 done at t 96.185 s, 46.1 ms after the sync and hints; device: prepare 0.27 list 0.57 cs 29.68 fence 6.11 ms, 2073 BOs
timing: #3226 done at t 96.200 s, 1.3 ms after the sync and hints; device: prepare 0.00 list 0.02 cs 0.04 fence 0.04 ms, 5 BOs (short list)
timing: #3227 done at t 96.215 s, 1.3 ms after the sync and hints; device: prepare 0.01 list 0.02 cs 0.10 fence 0.03 ms, 9 BOs (short list)
timing: #3228 done at t 96.230 s, 1.3 ms after the sync and hints; device: prepare 0.00 list 0.02 cs 0.04 fence 0.04 ms, 5 BOs (short list)
timing: #3229 done at t 96.245 s, 1.7 ms after the sync and hints; device: prepare 0.03 list 0.01 cs 0.05 fence 0.04 ms, 6 BOs (short list)
timing: #3230 done at t 96.260 s, 1.3 ms after the sync and hints; device: prepare 0.00 list 0.02 cs 0.04 fence 0.03 ms, 5 BOs (short list)
timing: #3231 done at t 96.275 s, 1.6 ms after the sync and hints; device: prepare 0.03 list 0.02 cs 0.06 fence 0.04 ms, 6 BOs (short list)
timing: #3232 done at t 96.322 s, 33.6 ms after the sync and hints; device: prepare 0.17 list 0.57 cs 28.61 fence 0.45 ms, 2073 BOs
timing: #3233 done at t 96.367 s, 30.6 ms after the sync and hints; device: prepare 0.04 list 0.54 cs 28.28 fence 0.01 ms, 2073 BOs
timing: #3234 done at t 96.381 s, 1.2 ms after the sync and hints; device: prepare 0.00 list 0.02 cs 0.04 fence 0.03 ms, 5 BOs (short list)
timing: #3235 done at t 96.425 s, 30.9 ms after the sync and hints; device: prepare 0.03 list 0.54 cs 28.76 fence 0.32 ms, 2073 BOs
timing: #3236 done at t 96.473 s, 33.7 ms after the sync and hints; device: prepare 0.14 list 0.64 cs 28.44 fence 0.74 ms, 2073 BOs
timing: #3237 done at t 96.518 s, 31.6 ms after the sync and hints; device: prepare 0.07 list 0.54 cs 28.21 fence 1.44 ms, 2073 BOs
timing: #3238 done at t 96.564 s, 32.2 ms after the sync and hints; device: prepare 0.06 list 0.54 cs 28.38 fence 0.12 ms, 2073 BOs
flip 1/0 buffer 0x507410000 +0x1fe0000: sum 0x17fb17d5f47d nonzero 8100/8160 pattern 0
timing: t 96.565 s flip 1/0, VideoOutSubmitFlip took 0.0 ms
timing: #3239 done at t 96.623 s, 44.3 ms after the sync and hints; device: prepare 0.29 list 0.54 cs 28.37 fence 6.14 ms, 2073 BOs
timing: #3240 done at t 96.638 s, 1.3 ms after the sync and hints; device: prepare 0.00 list 0.02 cs 0.04 fence 0.04 ms, 5 BOs (short list)
timing: #3241 done at t 96.653 s, 1.4 ms after the sync and hints; device: prepare 0.01 list 0.02 cs 0.11 fence 0.04 ms, 9 BOs (short list)
timing: #3242 done at t 96.668 s, 1.3 ms after the sync and hints; device: prepare 0.00 list 0.02 cs 0.04 fence 0.03 ms, 5 BOs (short list)
timing: #3243 done at t 96.683 s, 1.7 ms after the sync and hints; device: prepare 0.03 list 0.01 cs 0.06 fence 0.04 ms, 6 BOs (short list)
timing: #3244 done at t 96.697 s, 1.3 ms after the sync and hints; device: prepare 0.00 list 0.01 cs 0.04 fence 0.03 ms, 5 BOs (short list)
timing: #3245 done at t 96.712 s, 1.6 ms after the sync and hints; device: prepare 0.03 list 0.01 cs 0.05 fence 0.04 ms, 6 BOs (short list)
timing: #3246 done at t 96.759 s, 33.2 ms after the sync and hints; device: prepare 0.09 list 0.56 cs 28.55 fence 0.47 ms, 2073 BOs
timing: #3247 done at t 96.804 s, 30.7 ms after the sync and hints; device: prepare 0.03 list 0.56 cs 28.40 fence 0.01 ms, 2073 BOs
timing: #3248 done at t 96.820 s, 1.3 ms after the sync and hints; device: prepare 0.00 list 0.02 cs 0.04 fence 0.03 ms, 5 BOs (short list)
timing: #3249 done at t 96.864 s, 30.8 ms after the sync and hints; device: prepare 0.02 list 0.56 cs 28.77 fence 0.20 ms, 2073 BOs
timing: #3250 done at t 96.911 s, 33.7 ms after the sync and hints; device: prepare 0.05 list 0.56 cs 28.51 fence 0.74 ms, 2073 BOs
timing: #3251 done at t 96.957 s, 32.6 ms after the sync and hints; device: prepare 0.07 list 0.56 cs 29.26 fence 1.36 ms, 2073 BOs
timing: #3252 done at t 97.004 s, 32.6 ms after the sync and hints; device: prepare 0.06 list 0.56 cs 28.91 fence 0.12 ms, 2073 BOs
flip 1/1 buffer 0x5093f0000 +0x1fe0000: sum 0x17fb17d5f47d nonzero 8100/8160 pattern 0
timing: t 97.005 s flip 1/1, VideoOutSubmitFlip took 0.0 ms
timing: #3253 done at t 97.064 s, 44.6 ms after the sync and hints; device: prepare 0.30 list 0.56 cs 28.62 fence 6.13 ms, 2073 BOs
timing: #3254 done at t 97.079 s, 1.3 ms after the sync and hints; device: prepare 0.00 list 0.02 cs 0.04 fence 0.04 ms, 5 BOs (short list)
timing: #3255 done at t 97.094 s, 1.3 ms after the sync and hints; device: prepare 0.02 list 0.02 cs 0.10 fence 0.03 ms, 9 BOs (short list)
timing: #3256 done at t 97.109 s, 1.3 ms after the sync and hints; device: prepare 0.00 list 0.01 cs 0.04 fence 0.03 ms, 5 BOs (short list)
timing: #3257 done at t 97.125 s, 1.7 ms after the sync and hints; device: prepare 0.03 list 0.02 cs 0.06 fence 0.03 ms, 6 BOs (short list)
timing: #3258 done at t 97.140 s, 1.2 ms after the sync and hints; device: prepare 0.00 list 0.02 cs 0.03 fence 0.03 ms, 5 BOs (short list)
timing: #3259 done at t 97.155 s, 1.6 ms after the sync and hints; device: prepare 0.04 list 0.02 cs 0.05 fence 0.04 ms, 6 BOs (short list)
timing: #3260 done at t 97.203 s, 34.3 ms after the sync and hints; device: prepare 0.16 list 0.64 cs 29.54 fence 0.45 ms, 2074 BOs
timing: #3261 done at t 97.249 s, 31.4 ms after the sync and hints; device: prepare 0.03 list 0.55 cs 28.97 fence 0.01 ms, 2074 BOs
timing: #3262 done at t 97.264 s, 1.5 ms after the sync and hints; device: prepare 0.01 list 0.02 cs 0.04 fence 0.04 ms, 5 BOs (short list)
timing: #3263 done at t 97.307 s, 30.7 ms after the sync and hints; device: prepare 0.02 list 0.54 cs 28.57 fence 0.31 ms, 2074 BOs
timing: #3264 done at t 97.355 s, 33.7 ms after the sync and hints; device: prepare 0.11 list 0.59 cs 28.33 fence 0.75 ms, 2074 BOs
timing: #3265 done at t 97.401 s, 32.6 ms after the sync and hints; device: prepare 0.07 list 0.52 cs 29.12 fence 1.42 ms, 2074 BOs
timing: #3266 done at t 97.447 s, 32.2 ms after the sync and hints; device: prepare 0.06 list 0.57 cs 28.39 fence 0.13 ms, 2074 BOs
flip 1/0 buffer 0x507410000 +0x1fe0000: sum 0x17fb17d5f47d nonzero 8100/8160 pattern 0
timing: t 97.448 s flip 1/0, VideoOutSubmitFlip took 0.0 ms
timing: #3267 done at t 97.508 s, 46.2 ms after the sync and hints; device: prepare 0.26 list 0.56 cs 28.34 fence 6.13 ms, 2074 BOs
timing: #3268 done at t 97.528 s, 6.1 ms after the sync and hints; device: prepare 0.01 list 0.02 cs 0.05 fence 0.05 ms, 5 BOs (short list)
timing: #3269 done at t 97.543 s, 1.4 ms after the sync and hints; device: prepare 0.01 list 0.02 cs 0.10 fence 0.03 ms, 9 BOs (short list)
timing: #3270 done at t 97.559 s, 2.1 ms after the sync and hints; device: prepare 0.00 list 0.02 cs 0.04 fence 0.03 ms, 5 BOs (short list)
timing: #3271 done at t 97.578 s, 6.0 ms after the sync and hints; device: prepare 0.07 list 0.02 cs 0.08 fence 0.04 ms, 6 BOs (short list)
timing: #3272 done at t 97.593 s, 1.2 ms after the sync and hints; device: prepare 0.00 list 0.01 cs 0.03 fence 0.03 ms, 5 BOs (short list)
timing: #3273 done at t 97.608 s, 1.6 ms after the sync and hints; device: prepare 0.03 list 0.01 cs 0.06 fence 0.04 ms, 6 BOs (short list)
timing: #3274 done at t 97.655 s, 33.1 ms after the sync and hints; device: prepare 0.15 list 0.56 cs 28.40 fence 0.45 ms, 2074 BOs
timing: #3275 done at t 97.699 s, 30.7 ms after the sync and hints; device: prepare 0.03 list 0.57 cs 28.36 fence 0.01 ms, 2074 BOs
timing: #3276 done at t 97.715 s, 1.3 ms after the sync and hints; device: prepare 0.00 list 0.02 cs 0.04 fence 0.03 ms, 5 BOs (short list)
timing: #3277 done at t 97.759 s, 30.7 ms after the sync and hints; device: prepare 0.02 list 0.55 cs 28.56 fence 0.29 ms, 2074 BOs
timing: #3278 done at t 97.806 s, 33.5 ms after the sync and hints; device: prepare 0.05 list 0.56 cs 28.32 fence 0.74 ms, 2074 BOs
timing: #3279 done at t 97.851 s, 32.0 ms after the sync and hints; device: prepare 0.07 list 0.55 cs 28.52 fence 1.44 ms, 2074 BOs
timing: #3280 done at t 97.898 s, 32.4 ms after the sync and hints; device: prepare 0.12 list 0.63 cs 28.37 fence 0.14 ms, 2074 BOs
flip 1/1 buffer 0x5093f0000 +0x1fe0000: sum 0x17fb17d5f47d nonzero 8100/8160 pattern 0
timing: t 97.899 s flip 1/1, VideoOutSubmitFlip took 0.0 ms
timing: #3281 done at t 97.957 s, 44.7 ms after the sync and hints; device: prepare 0.71 list 0.58 cs 28.20 fence 6.13 ms, 2074 BOs
timing: #3282 done at t 97.973 s, 1.3 ms after the sync and hints; device: prepare 0.00 list 0.02 cs 0.04 fence 0.04 ms, 5 BOs (short list)
timing: #3283 done at t 97.987 s, 1.3 ms after the sync and hints; device: prepare 0.02 list 0.02 cs 0.10 fence 0.03 ms, 9 BOs (short list)
timing: #3284 done at t 98.003 s, 1.5 ms after the sync and hints; device: prepare 0.00 list 0.01 cs 0.04 fence 0.03 ms, 5 BOs (short list)
timing: #3285 done at t 98.018 s, 1.6 ms after the sync and hints; device: prepare 0.03 list 0.02 cs 0.05 fence 0.03 ms, 6 BOs (short list)
timing: #3286 done at t 98.033 s, 1.3 ms after the sync and hints; device: prepare 0.00 list 0.02 cs 0.03 fence 0.03 ms, 5 BOs (short list)
timing: #3287 done at t 98.048 s, 1.6 ms after the sync and hints; device: prepare 0.03 list 0.02 cs 0.05 fence 0.05 ms, 6 BOs (short list)
timing: #3288 done at t 98.094 s, 33.1 ms after the sync and hints; device: prepare 0.08 list 0.55 cs 28.43 fence 0.46 ms, 2074 BOs
timing: #3289 done at t 98.110 s, 1.3 ms after the sync and hints; device: prepare 0.00 list 0.02 cs 0.04 fence 0.03 ms, 5 BOs (short list)
timing: #3290 done at t 98.154 s, 30.6 ms after the sync and hints; device: prepare 0.06 list 0.59 cs 28.27 fence 0.01 ms, 2074 BOs
timing: #3291 done at t 98.198 s, 30.9 ms after the sync and hints; device: prepare 0.02 list 0.54 cs 28.79 fence 0.31 ms, 2074 BOs
timing: #3292 done at t 98.246 s, 33.6 ms after the sync and hints; device: prepare 0.05 list 0.55 cs 28.43 fence 0.74 ms, 2074 BOs
timing: #3293 done at t 98.292 s, 32.9 ms after the sync and hints; device: prepare 0.07 list 0.58 cs 29.35 fence 1.43 ms, 2074 BOs
timing: #3294 done at t 98.338 s, 32.1 ms after the sync and hints; device: prepare 0.06 list 0.58 cs 28.37 fence 0.13 ms, 2074 BOs
flip 1/0 buffer 0x507410000 +0x1fe0000: sum 0x17fb17d5f47d nonzero 8100/8160 pattern 0
timing: t 98.339 s flip 1/0, VideoOutSubmitFlip took 0.0 ms
timing: #3295 done at t 98.400 s, 44.6 ms after the sync and hints; device: prepare 0.30 list 0.53 cs 28.43 fence 6.13 ms, 2074 BOs
timing: #3296 done at t 98.415 s, 1.4 ms after the sync and hints; device: prepare 0.01 list 0.02 cs 0.04 fence 0.07 ms, 5 BOs (short list)
timing: #3297 done at t 98.430 s, 1.4 ms after the sync and hints; device: prepare 0.01 list 0.02 cs 0.10 fence 0.03 ms, 9 BOs (short list)
timing: #3298 done at t 98.445 s, 1.2 ms after the sync and hints; device: prepare 0.00 list 0.02 cs 0.04 fence 0.03 ms, 5 BOs (short list)
timing: #3299 done at t 98.460 s, 1.7 ms after the sync and hints; device: prepare 0.04 list 0.02 cs 0.06 fence 0.03 ms, 6 BOs (short list)
timing: #3300 done at t 98.475 s, 1.3 ms after the sync and hints; device: prepare 0.00 list 0.02 cs 0.04 fence 0.03 ms, 5 BOs (short list)
timing: #3301 done at t 98.490 s, 1.6 ms after the sync and hints; device: prepare 0.03 list 0.01 cs 0.05 fence 0.04 ms, 6 BOs (short list)
timing: #3302 done at t 98.537 s, 33.4 ms after the sync and hints; device: prepare 0.09 list 0.53 cs 28.73 fence 0.46 ms, 2074 BOs
timing: #3303 done at t 98.582 s, 30.8 ms after the sync and hints; device: prepare 0.03 list 0.55 cs 28.53 fence 0.01 ms, 2074 BOs
timing: #3304 done at t 98.596 s, 1.3 ms after the sync and hints; device: prepare 0.01 list 0.02 cs 0.05 fence 0.03 ms, 5 BOs (short list)
timing: #3305 done at t 98.640 s, 30.3 ms after the sync and hints; device: prepare 0.02 list 0.53 cs 28.18 fence 0.30 ms, 2074 BOs
timing: #3306 done at t 98.687 s, 33.6 ms after the sync and hints; device: prepare 0.11 list 0.61 cs 28.32 fence 0.74 ms, 2074 BOs
timing: #3307 done at t 98.733 s, 32.1 ms after the sync and hints; device: prepare 0.07 list 0.54 cs 28.67 fence 1.43 ms, 2074 BOs
timing: #3308 done at t 98.779 s, 32.4 ms after the sync and hints; device: prepare 0.14 list 0.64 cs 28.51 fence 0.13 ms, 2074 BOs
flip 1/1 buffer 0x5093f0000 +0x1fe0000: sum 0x17fb17d5f47d nonzero 8100/8160 pattern 0
timing: t 98.780 s flip 1/1, VideoOutSubmitFlip took 0.0 ms
timing: #3309 done at t 98.838 s, 44.2 ms after the sync and hints; device: prepare 0.27 list 0.53 cs 28.20 fence 6.10 ms, 2074 BOs
timing: #3310 done at t 98.853 s, 1.3 ms after the sync and hints; device: prepare 0.01 list 0.02 cs 0.04 fence 0.05 ms, 5 BOs (short list)
timing: #3311 done at t 98.867 s, 1.3 ms after the sync and hints; device: prepare 0.01 list 0.02 cs 0.10 fence 0.03 ms, 9 BOs (short list)
timing: #3312 done at t 98.882 s, 1.3 ms after the sync and hints; device: prepare 0.00 list 0.02 cs 0.04 fence 0.03 ms, 5 BOs (short list)
timing: #3313 done at t 98.897 s, 1.7 ms after the sync and hints; device: prepare 0.03 list 0.02 cs 0.06 fence 0.03 ms, 6 BOs (short list)
timing: #3314 done at t 98.912 s, 1.4 ms after the sync and hints; device: prepare 0.01 list 0.02 cs 0.04 fence 0.03 ms, 5 BOs (short list)
timing: #3315 done at t 98.927 s, 1.6 ms after the sync and hints; device: prepare 0.03 list 0.02 cs 0.06 fence 0.05 ms, 6 BOs (short list)
timing: #3316 done at t 98.974 s, 33.4 ms after the sync and hints; device: prepare 0.19 list 0.57 cs 28.69 fence 0.46 ms, 2074 BOs
timing: #3317 done at t 99.019 s, 30.8 ms after the sync and hints; device: prepare 0.07 list 0.61 cs 28.44 fence 0.01 ms, 2074 BOs
timing: #3318 done at t 99.033 s, 1.3 ms after the sync and hints; device: prepare 0.01 list 0.02 cs 0.04 fence 0.04 ms, 5 BOs (short list)
timing: #3319 done at t 99.077 s, 30.5 ms after the sync and hints; device: prepare 0.02 list 0.54 cs 28.34 fence 0.29 ms, 2074 BOs
timing: #3320 done at t 99.124 s, 33.5 ms after the sync and hints; device: prepare 0.06 list 0.55 cs 28.41 fence 0.74 ms, 2074 BOs
timing: #3321 done at t 99.169 s, 31.6 ms after the sync and hints; device: prepare 0.07 list 0.54 cs 28.22 fence 1.45 ms, 2074 BOs
timing: #3322 done at t 99.215 s, 32.0 ms after the sync and hints; device: prepare 0.06 list 0.54 cs 28.28 fence 0.14 ms, 2074 BOs
flip 1/0 buffer 0x507410000 +0x1fe0000: sum 0x17fb17d5f47d nonzero 8100/8160 pattern 0
timing: t 99.215 s flip 1/0, VideoOutSubmitFlip took 0.0 ms
timing: #3323 done at t 99.274 s, 44.6 ms after the sync and hints; device: prepare 0.29 list 0.60 cs 28.63 fence 6.14 ms, 2074 BOs
timing: #3324 done at t 99.289 s, 1.3 ms after the sync and hints; device: prepare 0.00 list 0.02 cs 0.04 fence 0.04 ms, 5 BOs (short list)
timing: #3325 done at t 99.304 s, 1.3 ms after the sync and hints; device: prepare 0.02 list 0.02 cs 0.10 fence 0.03 ms, 9 BOs (short list)
timing: #3326 done at t 99.319 s, 1.3 ms after the sync and hints; device: prepare 0.00 list 0.02 cs 0.04 fence 0.03 ms, 5 BOs (short list)
timing: #3327 done at t 99.334 s, 1.7 ms after the sync and hints; device: prepare 0.03 list 0.02 cs 0.05 fence 0.03 ms, 6 BOs (short list)
timing: #3328 done at t 99.349 s, 1.3 ms after the sync and hints; device: prepare 0.00 list 0.02 cs 0.04 fence 0.04 ms, 5 BOs (short list)
timing: #3329 done at t 99.364 s, 1.6 ms after the sync and hints; device: prepare 0.03 list 0.02 cs 0.06 fence 0.05 ms, 6 BOs (short list)
timing: #3330 done at t 99.411 s, 33.1 ms after the sync and hints; device: prepare 0.09 list 0.55 cs 28.42 fence 0.46 ms, 2074 BOs
timing: #3331 done at t 99.456 s, 30.9 ms after the sync and hints; device: prepare 0.05 list 0.54 cs 28.59 fence 0.01 ms, 2074 BOs
timing: #3332 done at t 99.471 s, 1.2 ms after the sync and hints; device: prepare 0.00 list 0.02 cs 0.04 fence 0.03 ms, 5 BOs (short list)
timing: #3333 done at t 99.514 s, 30.6 ms after the sync and hints; device: prepare 0.02 list 0.54 cs 28.44 fence 0.32 ms, 2074 BOs
timing: #3334 done at t 99.562 s, 33.7 ms after the sync and hints; device: prepare 0.05 list 0.55 cs 28.43 fence 0.75 ms, 2074 BOs
timing: #3335 done at t 99.607 s, 31.8 ms after the sync and hints; device: prepare 0.07 list 0.55 cs 28.40 fence 1.41 ms, 2074 BOs
timing: #3336 done at t 99.652 s, 32.1 ms after the sync and hints; device: prepare 0.06 list 0.54 cs 28.35 fence 0.14 ms, 2074 BOs
flip 1/1 buffer 0x5093f0000 +0x1fe0000: sum 0x17fb17d5f47d nonzero 8100/8160 pattern 0
timing: t 99.653 s flip 1/1, VideoOutSubmitFlip took 0.0 ms
timing: #3337 done at t 99.712 s, 44.8 ms after the sync and hints; device: prepare 0.29 list 0.55 cs 28.44 fence 6.14 ms, 2074 BOs
timing: #3338 done at t 99.727 s, 1.3 ms after the sync and hints; device: prepare 0.00 list 0.02 cs 0.04 fence 0.04 ms, 5 BOs (short list)
timing: #3339 done at t 99.742 s, 1.4 ms after the sync and hints; device: prepare 0.01 list 0.02 cs 0.10 fence 0.05 ms, 9 BOs (short list)
timing: #3340 done at t 99.757 s, 1.2 ms after the sync and hints; device: prepare 0.00 list 0.02 cs 0.03 fence 0.04 ms, 5 BOs (short list)
timing: #3341 done at t 99.772 s, 1.7 ms after the sync and hints; device: prepare 0.03 list 0.02 cs 0.06 fence 0.03 ms, 6 BOs (short list)
timing: #3342 done at t 99.787 s, 1.3 ms after the sync and hints; device: prepare 0.00 list 0.02 cs 0.04 fence 0.03 ms, 5 BOs (short list)
timing: #3343 done at t 99.802 s, 1.6 ms after the sync and hints; device: prepare 0.03 list 0.02 cs 0.05 fence 0.04 ms, 6 BOs (short list)
timing: #3344 done at t 99.848 s, 33.2 ms after the sync and hints; device: prepare 0.11 list 0.53 cs 28.63 fence 0.46 ms, 2074 BOs
timing: #3345 done at t 99.893 s, 30.7 ms after the sync and hints; device: prepare 0.03 list 0.54 cs 28.41 fence 0.01 ms, 2074 BOs
timing: #3346 done at t 99.908 s, 1.3 ms after the sync and hints; device: prepare 0.00 list 0.02 cs 0.04 fence 0.04 ms, 5 BOs (short list)
timing: #3347 done at t 99.952 s, 30.6 ms after the sync and hints; device: prepare 0.02 list 0.55 cs 28.42 fence 0.34 ms, 2074 BOs
timing: #3348 done at t 99.999 s, 33.7 ms after the sync and hints; device: prepare 0.06 list 0.54 cs 28.49 fence 0.74 ms, 2074 BOs
timing: #3349 done at t 100.044 s, 31.7 ms after the sync and hints; device: prepare 0.07 list 0.53 cs 28.35 fence 1.42 ms, 2074 BOs
timing: #3350 done at t 100.090 s, 32.2 ms after the sync and hints; device: prepare 0.13 list 0.59 cs 28.27 fence 0.15 ms, 2074 BOs
flip 1/0 buffer 0x507410000 +0x1fe0000: sum 0x17fb17d5f47d nonzero 8100/8160 pattern 0
timing: t 100.091 s flip 1/0, VideoOutSubmitFlip took 0.0 ms
timing: #3351 done at t 100.149 s, 44.3 ms after the sync and hints; device: prepare 0.27 list 0.54 cs 28.41 fence 6.14 ms, 2074 BOs
timing: #3352 done at t 100.164 s, 1.3 ms after the sync and hints; device: prepare 0.00 list 0.02 cs 0.04 fence 0.04 ms, 5 BOs (short list)
timing: #3353 done at t 100.179 s, 1.4 ms after the sync and hints; device: prepare 0.01 list 0.02 cs 0.10 fence 0.03 ms, 9 BOs (short list)
timing: #3354 done at t 100.194 s, 1.3 ms after the sync and hints; device: prepare 0.00 list 0.02 cs 0.04 fence 0.03 ms, 5 BOs (short list)
timing: #3355 done at t 100.209 s, 1.7 ms after the sync and hints; device: prepare 0.03 list 0.02 cs 0.05 fence 0.03 ms, 6 BOs (short list)
timing: #3356 done at t 100.224 s, 1.3 ms after the sync and hints; device: prepare 0.01 list 0.02 cs 0.04 fence 0.03 ms, 5 BOs (short list)
timing: #3357 done at t 100.239 s, 1.6 ms after the sync and hints; device: prepare 0.03 list 0.02 cs 0.05 fence 0.04 ms, 6 BOs (short list)
timing: #3358 done at t 100.285 s, 33.0 ms after the sync and hints; device: prepare 0.08 list 0.53 cs 28.28 fence 0.46 ms, 2074 BOs
timing: #3359 done at t 100.301 s, 1.3 ms after the sync and hints; device: prepare 0.00 list 0.02 cs 0.04 fence 0.02 ms, 5 BOs (short list)
timing: #3360 done at t 100.345 s, 30.8 ms after the sync and hints; device: prepare 0.03 list 0.54 cs 28.48 fence 0.01 ms, 2074 BOs
timing: #3361 done at t 100.389 s, 30.6 ms after the sync and hints; device: prepare 0.02 list 0.54 cs 28.34 fence 0.32 ms, 2074 BOs
timing: #3362 done at t 100.436 s, 33.6 ms after the sync and hints; device: prepare 0.06 list 0.53 cs 28.37 fence 0.74 ms, 2074 BOs
timing: #3363 done at t 100.482 s, 32.1 ms after the sync and hints; device: prepare 0.07 list 0.55 cs 28.64 fence 1.41 ms, 2074 BOs
timing: #3364 done at t 100.529 s, 32.3 ms after the sync and hints; device: prepare 0.06 list 0.54 cs 28.64 fence 0.14 ms, 2074 BOs
flip 1/1 buffer 0x5093f0000 +0x1fe0000: sum 0x17fb17d5f47d nonzero 8100/8160 pattern 0
timing: t 100.529 s flip 1/1, VideoOutSubmitFlip took 0.0 ms
timing: #3365 done at t 100.588 s, 44.4 ms after the sync and hints; device: prepare 0.33 list 0.53 cs 28.46 fence 6.10 ms, 2074 BOs
timing: #3366 done at t 100.603 s, 1.3 ms after the sync and hints; device: prepare 0.00 list 0.02 cs 0.04 fence 0.03 ms, 5 BOs (short list)
timing: #3367 done at t 100.617 s, 1.3 ms after the sync and hints; device: prepare 0.02 list 0.02 cs 0.10 fence 0.03 ms, 9 BOs (short list)
timing: #3368 done at t 100.633 s, 1.3 ms after the sync and hints; device: prepare 0.00 list 0.02 cs 0.03 fence 0.03 ms, 5 BOs (short list)
timing: #3369 done at t 100.648 s, 1.7 ms after the sync and hints; device: prepare 0.03 list 0.02 cs 0.06 fence 0.03 ms, 6 BOs (short list)
timing: #3370 done at t 100.662 s, 1.3 ms after the sync and hints; device: prepare 0.00 list 0.02 cs 0.04 fence 0.03 ms, 5 BOs (short list)
timing: #3371 done at t 100.677 s, 1.6 ms after the sync and hints; device: prepare 0.03 list 0.02 cs 0.06 fence 0.04 ms, 6 BOs (short list)
timing: #3372 done at t 100.724 s, 33.1 ms after the sync and hints; device: prepare 0.09 list 0.53 cs 28.39 fence 0.46 ms, 2074 BOs
timing: #3373 done at t 100.769 s, 30.6 ms after the sync and hints; device: prepare 0.04 list 0.54 cs 28.30 fence 0.01 ms, 2074 BOs
timing: #3374 done at t 100.783 s, 1.3 ms after the sync and hints; device: prepare 0.00 list 0.02 cs 0.04 fence 0.03 ms, 5 BOs (short list)
timing: #3375 done at t 100.827 s, 30.6 ms after the sync and hints; device: prepare 0.02 list 0.54 cs 28.49 fence 0.32 ms, 2074 BOs
timing: #3376 done at t 100.875 s, 33.6 ms after the sync and hints; device: prepare 0.05 list 0.54 cs 28.39 fence 0.74 ms, 2074 BOs
timing: #3377 done at t 100.920 s, 32.1 ms after the sync and hints; device: prepare 0.07 list 0.54 cs 28.76 fence 1.42 ms, 2074 BOs
timing: #3378 done at t 100.966 s, 32.2 ms after the sync and hints; device: prepare 0.06 list 0.53 cs 28.50 fence 0.13 ms, 2074 BOs
flip 1/0 buffer 0x507410000 +0x1fe0000: sum 0x17fb17d5f47d nonzero 8100/8160 pattern 0
timing: t 100.967 s flip 1/0, VideoOutSubmitFlip took 0.0 ms
timing: #3379 done at t 101.026 s, 44.8 ms after the sync and hints; device: prepare 0.29 list 0.53 cs 28.65 fence 6.12 ms, 2074 BOs
timing: #3380 done at t 101.042 s, 1.4 ms after the sync and hints; device: prepare 0.01 list 0.02 cs 0.04 fence 0.03 ms, 5 BOs (short list)
timing: #3381 done at t 101.056 s, 1.4 ms after the sync and hints; device: prepare 0.02 list 0.02 cs 0.10 fence 0.03 ms, 9 BOs (short list)
timing: #3382 done at t 101.071 s, 1.3 ms after the sync and hints; device: prepare 0.00 list 0.01 cs 0.03 fence 0.03 ms, 5 BOs (short list)
timing: #3383 done at t 101.086 s, 1.7 ms after the sync and hints; device: prepare 0.03 list 0.02 cs 0.06 fence 0.03 ms, 6 BOs (short list)
timing: #3384 done at t 101.101 s, 1.3 ms after the sync and hints; device: prepare 0.00 list 0.02 cs 0.04 fence 0.03 ms, 5 BOs (short list)
timing: #3385 done at t 101.116 s, 1.6 ms after the sync and hints; device: prepare 0.03 list 0.02 cs 0.05 fence 0.04 ms, 6 BOs (short list)
timing: #3386 done at t 101.163 s, 33.4 ms after the sync and hints; device: prepare 0.09 list 0.53 cs 28.75 fence 0.45 ms, 2074 BOs
timing: #3387 done at t 101.208 s, 30.7 ms after the sync and hints; device: prepare 0.04 list 0.54 cs 28.32 fence 0.01 ms, 2074 BOs
timing: #3388 done at t 101.223 s, 1.3 ms after the sync and hints; device: prepare 0.00 list 0.02 cs 0.04 fence 0.03 ms, 5 BOs (short list)
timing: #3389 done at t 101.267 s, 30.6 ms after the sync and hints; device: prepare 0.02 list 0.53 cs 28.47 fence 0.31 ms, 2074 BOs
timing: #3390 done at t 101.315 s, 33.8 ms after the sync and hints; device: prepare 0.05 list 0.56 cs 28.68 fence 0.74 ms, 2074 BOs
timing: #3391 done at t 101.360 s, 31.7 ms after the sync and hints; device: prepare 0.07 list 0.54 cs 28.19 fence 1.44 ms, 2074 BOs
timing: #3392 done at t 101.406 s, 32.3 ms after the sync and hints; device: prepare 0.07 list 0.54 cs 28.55 fence 0.15 ms, 2074 BOs
flip 1/1 buffer 0x5093f0000 +0x1fe0000: sum 0x17fb17d5f47d nonzero 8100/8160 pattern 0
timing: t 101.407 s flip 1/1, VideoOutSubmitFlip took 0.0 ms
timing: #3393 done at t 101.465 s, 44.5 ms after the sync and hints; device: prepare 0.26 list 0.53 cs 28.51 fence 6.14 ms, 2074 BOs
timing: #3394 done at t 101.481 s, 1.3 ms after the sync and hints; device: prepare 0.00 list 0.02 cs 0.04 fence 0.03 ms, 5 BOs (short list)
timing: #3395 done at t 101.496 s, 1.3 ms after the sync and hints; device: prepare 0.01 list 0.02 cs 0.10 fence 0.03 ms, 9 BOs (short list)
timing: #3396 done at t 101.511 s, 1.3 ms after the sync and hints; device: prepare 0.00 list 0.02 cs 0.04 fence 0.03 ms, 5 BOs (short list)
timing: #3397 done at t 101.526 s, 1.8 ms after the sync and hints; device: prepare 0.03 list 0.02 cs 0.05 fence 0.03 ms, 6 BOs (short list)
timing: #3398 done at t 101.541 s, 1.3 ms after the sync and hints; device: prepare 0.00 list 0.02 cs 0.13 fence 0.02 ms, 5 BOs (short list)
timing: #3399 done at t 101.557 s, 1.7 ms after the sync and hints; device: prepare 0.06 list 0.02 cs 0.06 fence 0.04 ms, 6 BOs (short list)
timing: #3400 done at t 101.603 s, 33.0 ms after the sync and hints; device: prepare 0.09 list 0.55 cs 28.35 fence 0.45 ms, 2074 BOs
timing: #3401 done at t 101.647 s, 30.6 ms after the sync and hints; device: prepare 0.03 list 0.55 cs 28.33 fence 0.01 ms, 2074 BOs
timing: #3402 done at t 101.663 s, 1.3 ms after the sync and hints; device: prepare 0.00 list 0.02 cs 0.04 fence 0.03 ms, 5 BOs (short list)
timing: #3403 done at t 101.707 s, 30.5 ms after the sync and hints; device: prepare 0.03 list 0.54 cs 28.28 fence 0.31 ms, 2074 BOs
timing: #3404 done at t 101.754 s, 34.0 ms after the sync and hints; device: prepare 0.06 list 0.54 cs 28.69 fence 0.74 ms, 2074 BOs
timing: #3405 done at t 101.800 s, 32.1 ms after the sync and hints; device: prepare 0.07 list 0.56 cs 28.68 fence 1.43 ms, 2074 BOs
timing: #3406 done at t 101.847 s, 32.6 ms after the sync and hints; device: prepare 0.12 list 0.63 cs 28.68 fence 0.14 ms, 2074 BOs
flip 1/0 buffer 0x507410000 +0x1fe0000: sum 0x17fb17d5f47d nonzero 8100/8160 pattern 0
timing: t 101.847 s flip 1/0, VideoOutSubmitFlip took 0.0 ms
timing: #3407 done at t 101.906 s, 44.5 ms after the sync and hints; device: prepare 0.32 list 0.53 cs 28.57 fence 6.13 ms, 2074 BOs
timing: #3408 done at t 101.922 s, 1.3 ms after the sync and hints; device: prepare 0.00 list 0.02 cs 0.04 fence 0.05 ms, 5 BOs (short list)
timing: #3409 done at t 101.937 s, 1.4 ms after the sync and hints; device: prepare 0.02 list 0.02 cs 0.10 fence 0.03 ms, 9 BOs (short list)
timing: #3410 done at t 101.952 s, 1.3 ms after the sync and hints; device: prepare 0.00 list 0.02 cs 0.04 fence 0.03 ms, 5 BOs (short list)
timing: #3411 done at t 101.967 s, 1.7 ms after the sync and hints; device: prepare 0.03 list 0.02 cs 0.06 fence 0.03 ms, 6 BOs (short list)
timing: #3412 done at t 101.982 s, 1.3 ms after the sync and hints; device: prepare 0.00 list 0.02 cs 0.04 fence 0.03 ms, 5 BOs (short list)
timing: #3413 done at t 101.997 s, 1.7 ms after the sync and hints; device: prepare 0.06 list 0.02 cs 0.07 fence 0.04 ms, 6 BOs (short list)
timing: #3414 done at t 102.045 s, 33.7 ms after the sync and hints; device: prepare 0.09 list 0.54 cs 29.10 fence 0.45 ms, 2074 BOs
timing: #3415 done at t 102.060 s, 1.3 ms after the sync and hints; device: prepare 0.00 list 0.02 cs 0.04 fence 0.03 ms, 5 BOs (short list)
timing: #3416 done at t 102.104 s, 30.5 ms after the sync and hints; device: prepare 0.03 list 0.54 cs 28.18 fence 0.01 ms, 2074 BOs
timing: #3417 done at t 102.148 s, 30.5 ms after the sync and hints; device: prepare 0.02 list 0.53 cs 28.35 fence 0.33 ms, 2074 BOs
timing: #3418 done at t 102.196 s, 34.0 ms after the sync and hints; device: prepare 0.06 list 0.54 cs 28.88 fence 0.72 ms, 2074 BOs
timing: #3419 done at t 102.241 s, 32.1 ms after the sync and hints; device: prepare 0.14 list 0.56 cs 28.58 fence 1.41 ms, 2074 BOs
timing: #3420 done at t 102.287 s, 32.4 ms after the sync and hints; device: prepare 0.06 list 0.54 cs 28.53 fence 0.14 ms, 2074 BOs
flip 1/1 buffer 0x5093f0000 +0x1fe0000: sum 0x17fb17d5f47d nonzero 8100/8160 pattern 0
timing: t 102.288 s flip 1/1, VideoOutSubmitFlip took 0.0 ms
timing: #3421 done at t 102.347 s, 44.4 ms after the sync and hints; device: prepare 0.29 list 0.56 cs 28.31 fence 6.13 ms, 2074 BOs
timing: #3422 done at t 102.362 s, 1.3 ms after the sync and hints; device: prepare 0.00 list 0.02 cs 0.04 fence 0.03 ms, 5 BOs (short list)
timing: #3423 done at t 102.376 s, 1.3 ms after the sync and hints; device: prepare 0.01 list 0.02 cs 0.10 fence 0.03 ms, 9 BOs (short list)
timing: #3424 done at t 102.391 s, 1.3 ms after the sync and hints; device: prepare 0.00 list 0.02 cs 0.04 fence 0.03 ms, 5 BOs (short list)
timing: #3425 done at t 102.406 s, 1.7 ms after the sync and hints; device: prepare 0.03 list 0.02 cs 0.06 fence 0.03 ms, 6 BOs (short list)
timing: #3426 done at t 102.421 s, 1.3 ms after the sync and hints; device: prepare 0.00 list 0.02 cs 0.04 fence 0.03 ms, 5 BOs (short list)
timing: #3427 done at t 102.436 s, 1.6 ms after the sync and hints; device: prepare 0.03 list 0.01 cs 0.05 fence 0.04 ms, 6 BOs (short list)
timing: #3428 done at t 102.483 s, 33.7 ms after the sync and hints; device: prepare 0.20 list 0.60 cs 28.92 fence 0.44 ms, 2074 BOs
timing: #3429 done at t 102.530 s, 32.2 ms after the sync and hints; device: prepare 0.04 list 0.55 cs 28.98 fence 0.01 ms, 2074 BOs
timing: #3430 done at t 102.544 s, 1.3 ms after the sync and hints; device: prepare 0.01 list 0.02 cs 0.04 fence 0.03 ms, 5 BOs (short list)
timing: #3431 done at t 102.588 s, 30.9 ms after the sync and hints; device: prepare 0.02 list 0.53 cs 28.72 fence 0.29 ms, 2074 BOs
timing: #3432 done at t 102.636 s, 34.4 ms after the sync and hints; device: prepare 0.05 list 0.53 cs 29.17 fence 0.71 ms, 2074 BOs
timing: #3433 done at t 102.681 s, 31.8 ms after the sync and hints; device: prepare 0.07 list 0.55 cs 28.34 fence 1.43 ms, 2074 BOs
timing: #3434 done at t 102.728 s, 32.4 ms after the sync and hints; device: prepare 0.07 list 0.56 cs 28.72 fence 0.14 ms, 2074 BOs
flip 1/0 buffer 0x507410000 +0x1fe0000: sum 0x17fb17d5f47d nonzero 8100/8160 pattern 0
timing: t 102.729 s flip 1/0, VideoOutSubmitFlip took 0.0 ms
timing: #3435 done at t 102.788 s, 45.0 ms after the sync and hints; device: prepare 0.29 list 0.54 cs 28.84 fence 6.12 ms, 2074 BOs
timing: #3436 done at t 102.804 s, 1.3 ms after the sync and hints; device: prepare 0.00 list 0.02 cs 0.04 fence 0.04 ms, 5 BOs (short list)
timing: #3437 done at t 102.818 s, 1.4 ms after the sync and hints; device: prepare 0.01 list 0.02 cs 0.10 fence 0.03 ms, 9 BOs (short list)
timing: #3438 done at t 102.833 s, 1.3 ms after the sync and hints; device: prepare 0.01 list 0.02 cs 0.04 fence 0.03 ms, 5 BOs (short list)
timing: #3439 done at t 102.848 s, 1.7 ms after the sync and hints; device: prepare 0.03 list 0.02 cs 0.06 fence 0.03 ms, 6 BOs (short list)
timing: #3440 done at t 102.863 s, 1.3 ms after the sync and hints; device: prepare 0.00 list 0.02 cs 0.04 fence 0.03 ms, 5 BOs (short list)
timing: #3441 done at t 102.878 s, 1.6 ms after the sync and hints; device: prepare 0.03 list 0.02 cs 0.06 fence 0.05 ms, 6 BOs (short list)
timing: #3442 done at t 102.925 s, 33.5 ms after the sync and hints; device: prepare 0.09 list 0.54 cs 28.86 fence 0.46 ms, 2074 BOs
timing: #3443 done at t 102.969 s, 30.7 ms after the sync and hints; device: prepare 0.03 list 0.56 cs 28.40 fence 0.01 ms, 2074 BOs
timing: #3444 done at t 102.985 s, 1.5 ms after the sync and hints; device: prepare 0.00 list 0.02 cs 0.04 fence 0.04 ms, 5 BOs (short list)
timing: #3445 done at t 103.029 s, 30.5 ms after the sync and hints; device: prepare 0.02 list 0.54 cs 28.38 fence 0.32 ms, 2074 BOs
timing: #3446 done at t 103.076 s, 33.8 ms after the sync and hints; device: prepare 0.06 list 0.55 cs 28.62 fence 0.74 ms, 2074 BOs
timing: #3447 done at t 103.121 s, 31.7 ms after the sync and hints; device: prepare 0.07 list 0.56 cs 28.26 fence 1.46 ms, 2074 BOs
timing: #3448 done at t 103.168 s, 32.4 ms after the sync and hints; device: prepare 0.13 list 0.59 cs 28.45 fence 0.15 ms, 2074 BOs
flip 1/1 buffer 0x5093f0000 +0x1fe0000: sum 0x17fb17d5f47d nonzero 8100/8160 pattern 0
timing: t 103.168 s flip 1/1, VideoOutSubmitFlip took 0.0 ms
timing: #3449 done at t 103.227 s, 44.5 ms after the sync and hints; device: prepare 0.29 list 0.55 cs 28.54 fence 6.11 ms, 2074 BOs
timing: #3450 done at t 103.242 s, 1.3 ms after the sync and hints; device: prepare 0.00 list 0.02 cs 0.04 fence 0.05 ms, 5 BOs (short list)
timing: #3451 done at t 103.257 s, 1.4 ms after the sync and hints; device: prepare 0.02 list 0.02 cs 0.10 fence 0.04 ms, 9 BOs (short list)
timing: #3452 done at t 103.272 s, 1.3 ms after the sync and hints; device: prepare 0.00 list 0.02 cs 0.04 fence 0.03 ms, 5 BOs (short list)
timing: #3453 done at t 103.287 s, 1.7 ms after the sync and hints; device: prepare 0.03 list 0.02 cs 0.06 fence 0.03 ms, 6 BOs (short list)
timing: #3454 done at t 103.301 s, 1.3 ms after the sync and hints; device: prepare 0.00 list 0.02 cs 0.04 fence 0.03 ms, 5 BOs (short list)
timing: #3455 done at t 103.316 s, 1.6 ms after the sync and hints; device: prepare 0.03 list 0.04 cs 0.06 fence 0.06 ms, 6 BOs (short list)
timing: #3456 done at t 103.363 s, 33.3 ms after the sync and hints; device: prepare 0.09 list 0.60 cs 28.62 fence 0.47 ms, 2074 BOs
timing: #3457 done at t 103.407 s, 30.6 ms after the sync and hints; device: prepare 0.03 list 0.54 cs 28.23 fence 0.01 ms, 2074 BOs
timing: #3458 done at t 103.423 s, 1.3 ms after the sync and hints; device: prepare 0.00 list 0.02 cs 0.04 fence 0.03 ms, 5 BOs (short list)
timing: #3459 done at t 103.467 s, 30.8 ms after the sync and hints; device: prepare 0.04 list 0.57 cs 28.52 fence 0.31 ms, 2074 BOs
timing: #3460 done at t 103.514 s, 33.7 ms after the sync and hints; device: prepare 0.05 list 0.56 cs 28.45 fence 0.73 ms, 2074 BOs
timing: #3461 done at t 103.559 s, 31.8 ms after the sync and hints; device: prepare 0.07 list 0.53 cs 28.42 fence 1.41 ms, 2074 BOs
timing: #3462 done at t 103.605 s, 32.3 ms after the sync and hints; device: prepare 0.06 list 0.55 cs 28.45 fence 0.15 ms, 2074 BOs
flip 1/0 buffer 0x507410000 +0x1fe0000: sum 0x17fb17d5f47d nonzero 8100/8160 pattern 0
timing: t 103.606 s flip 1/0, VideoOutSubmitFlip took 0.0 ms
timing: #3463 done at t 103.664 s, 44.8 ms after the sync and hints; device: prepare 0.62 list 0.58 cs 28.38 fence 6.13 ms, 2074 BOs
timing: #3464 done at t 103.680 s, 1.4 ms after the sync and hints; device: prepare 0.01 list 0.02 cs 0.05 fence 0.04 ms, 5 BOs (short list)
timing: #3465 done at t 103.694 s, 1.3 ms after the sync and hints; device: prepare 0.01 list 0.02 cs 0.10 fence 0.03 ms, 9 BOs (short list)
timing: #3466 done at t 103.709 s, 1.3 ms after the sync and hints; device: prepare 0.00 list 0.02 cs 0.04 fence 0.03 ms, 5 BOs (short list)
timing: #3467 done at t 103.724 s, 1.7 ms after the sync and hints; device: prepare 0.03 list 0.02 cs 0.06 fence 0.02 ms, 6 BOs (short list)
timing: #3468 done at t 103.739 s, 1.3 ms after the sync and hints; device: prepare 0.00 list 0.02 cs 0.04 fence 0.02 ms, 5 BOs (short list)
timing: #3469 done at t 103.754 s, 1.6 ms after the sync and hints; device: prepare 0.03 list 0.02 cs 0.06 fence 0.04 ms, 6 BOs (short list)
timing: #3470 done at t 103.801 s, 33.3 ms after the sync and hints; device: prepare 0.08 list 0.54 cs 28.62 fence 0.46 ms, 2075 BOs
timing: #3471 done at t 103.846 s, 30.7 ms after the sync and hints; device: prepare 0.03 list 0.54 cs 28.39 fence 0.01 ms, 2075 BOs
timing: #3472 done at t 103.860 s, 1.3 ms after the sync and hints; device: prepare 0.00 list 0.02 cs 0.04 fence 0.03 ms, 5 BOs (short list)
timing: #3473 done at t 103.904 s, 30.4 ms after the sync and hints; device: prepare 0.02 list 0.53 cs 28.23 fence 0.34 ms, 2075 BOs
timing: #3474 done at t 103.951 s, 33.7 ms after the sync and hints; device: prepare 0.06 list 0.55 cs 28.47 fence 0.74 ms, 2075 BOs
timing: #3475 done at t 103.996 s, 31.8 ms after the sync and hints; device: prepare 0.06 list 0.54 cs 28.38 fence 1.43 ms, 2075 BOs
timing: #3476 done at t 104.042 s, 32.3 ms after the sync and hints; device: prepare 0.06 list 0.54 cs 28.55 fence 0.14 ms, 2075 BOs
flip 1/1 buffer 0x5093f0000 +0x1fe0000: sum 0x17fb17d5f47d nonzero 8100/8160 pattern 0
timing: t 104.043 s flip 1/1, VideoOutSubmitFlip took 0.0 ms
timing: #3477 done at t 104.101 s, 44.4 ms after the sync and hints; device: prepare 0.26 list 0.54 cs 28.44 fence 6.12 ms, 2075 BOs
timing: #3478 done at t 104.117 s, 1.3 ms after the sync and hints; device: prepare 0.00 list 0.02 cs 0.04 fence 0.04 ms, 5 BOs (short list)
timing: #3479 done at t 104.132 s, 1.3 ms after the sync and hints; device: prepare 0.02 list 0.02 cs 0.10 fence 0.03 ms, 9 BOs (short list)
timing: #3480 done at t 104.147 s, 1.4 ms after the sync and hints; device: prepare 0.00 list 0.02 cs 0.04 fence 0.03 ms, 5 BOs (short list)
timing: #3481 done at t 104.163 s, 1.8 ms after the sync and hints; device: prepare 0.04 list 0.02 cs 0.06 fence 0.03 ms, 6 BOs (short list)
timing: #3482 done at t 104.177 s, 1.4 ms after the sync and hints; device: prepare 0.01 list 0.02 cs 0.04 fence 0.02 ms, 5 BOs (short list)
timing: #3483 done at t 104.192 s, 1.8 ms after the sync and hints; device: prepare 0.03 list 0.02 cs 0.05 fence 0.04 ms, 6 BOs (short list)
timing: #3484 done at t 104.239 s, 33.4 ms after the sync and hints; device: prepare 0.10 list 0.54 cs 28.65 fence 0.46 ms, 2076 BOs
timing: #3485 done at t 104.284 s, 31.0 ms after the sync and hints; device: prepare 0.03 list 0.57 cs 28.52 fence 0.01 ms, 2076 BOs
timing: #3486 done at t 104.299 s, 1.7 ms after the sync and hints; device: prepare 0.01 list 0.02 cs 0.04 fence 0.02 ms, 5 BOs (short list)
timing: #3487 done at t 104.344 s, 31.1 ms after the sync and hints; device: prepare 0.02 list 0.66 cs 28.67 fence 0.30 ms, 2076 BOs
timing: #3488 done at t 104.391 s, 34.1 ms after the sync and hints; device: prepare 0.05 list 0.54 cs 28.78 fence 0.73 ms, 2076 BOs
timing: #3489 done at t 104.437 s, 32.4 ms after the sync and hints; device: prepare 0.07 list 0.53 cs 28.69 fence 1.43 ms, 2076 BOs
timing: #3490 done at t 104.483 s, 32.5 ms after the sync and hints; device: prepare 0.06 list 0.54 cs 28.72 fence 0.14 ms, 2076 BOs
flip 1/0 buffer 0x507410000 +0x1fe0000: sum 0x17fb17d5f47d nonzero 8100/8160 pattern 0
timing: t 104.484 s flip 1/0, VideoOutSubmitFlip took 0.0 ms
timing: #3491 done at t 104.543 s, 44.8 ms after the sync and hints; device: prepare 0.35 list 0.56 cs 28.49 fence 6.13 ms, 2076 BOs
timing: #3492 done at t 104.559 s, 1.4 ms after the sync and hints; device: prepare 0.00 list 0.02 cs 0.04 fence 0.03 ms, 5 BOs (short list)
timing: #3493 done at t 104.574 s, 1.5 ms after the sync and hints; device: prepare 0.01 list 0.02 cs 0.09 fence 0.03 ms, 9 BOs (short list)
timing: #3494 done at t 104.588 s, 1.4 ms after the sync and hints; device: prepare 0.00 list 0.02 cs 0.04 fence 0.02 ms, 5 BOs (short list)
timing: #3495 done at t 104.604 s, 1.8 ms after the sync and hints; device: prepare 0.03 list 0.02 cs 0.06 fence 0.03 ms, 6 BOs (short list)
timing: #3496 done at t 104.618 s, 1.4 ms after the sync and hints; device: prepare 0.00 list 0.02 cs 0.04 fence 0.03 ms, 5 BOs (short list)
timing: #3497 done at t 104.634 s, 1.8 ms after the sync and hints; device: prepare 0.04 list 0.02 cs 0.06 fence 0.04 ms, 6 BOs (short list)
timing: #3498 done at t 104.680 s, 33.1 ms after the sync and hints; device: prepare 0.10 list 0.55 cs 28.40 fence 0.45 ms, 2076 BOs
timing: #3499 done at t 104.725 s, 30.7 ms after the sync and hints; device: prepare 0.03 list 0.53 cs 28.33 fence 0.01 ms, 2076 BOs
timing: #3500 done at t 104.739 s, 1.4 ms after the sync and hints; device: prepare 0.00 list 0.02 cs 0.04 fence 0.03 ms, 5 BOs (short list)
timing: #3501 done at t 104.784 s, 30.9 ms after the sync and hints; device: prepare 0.02 list 0.54 cs 28.64 fence 0.29 ms, 2076 BOs
timing: #3502 done at t 104.831 s, 33.6 ms after the sync and hints; device: prepare 0.05 list 0.56 cs 28.29 fence 0.75 ms, 2076 BOs
timing: #3503 done at t 104.878 s, 32.9 ms after the sync and hints; device: prepare 0.07 list 0.54 cs 29.34 fence 1.43 ms, 2076 BOs
timing: #3504 done at t 104.925 s, 33.0 ms after the sync and hints; device: prepare 0.06 list 0.56 cs 28.97 fence 0.13 ms, 2076 BOs
flip 1/1 buffer 0x5093f0000 +0x1fe0000: sum 0x17fb17d5f47d nonzero 8100/8160 pattern 0
timing: t 104.926 s flip 1/1, VideoOutSubmitFlip took 0.0 ms
timing: #3505 done at t 104.985 s, 45.0 ms after the sync and hints; device: prepare 0.29 list 0.55 cs 28.78 fence 6.11 ms, 2076 BOs
timing: #3506 done at t 105.001 s, 1.5 ms after the sync and hints; device: prepare 0.01 list 0.02 cs 0.05 fence 0.03 ms, 5 BOs (short list)
timing: #3507 done at t 105.016 s, 1.5 ms after the sync and hints; device: prepare 0.01 list 0.02 cs 0.10 fence 0.03 ms, 9 BOs (short list)
timing: #3508 done at t 105.031 s, 1.4 ms after the sync and hints; device: prepare 0.00 list 0.02 cs 0.04 fence 0.03 ms, 5 BOs (short list)
timing: #3509 done at t 105.046 s, 1.8 ms after the sync and hints; device: prepare 0.03 list 0.02 cs 0.05 fence 0.03 ms, 6 BOs (short list)
timing: #3510 done at t 105.061 s, 1.5 ms after the sync and hints; device: prepare 0.01 list 0.02 cs 0.05 fence 0.03 ms, 5 BOs (short list)
timing: #3511 done at t 105.077 s, 1.8 ms after the sync and hints; device: prepare 0.04 list 0.02 cs 0.06 fence 0.04 ms, 6 BOs (short list)
timing: #3512 done at t 105.124 s, 33.2 ms after the sync and hints; device: prepare 0.09 list 0.55 cs 28.44 fence 0.46 ms, 2076 BOs
timing: #3513 done at t 105.169 s, 31.3 ms after the sync and hints; device: prepare 0.03 list 0.54 cs 28.62 fence 0.01 ms, 2076 BOs
timing: #3514 done at t 105.184 s, 1.4 ms after the sync and hints; device: prepare 0.01 list 0.02 cs 0.04 fence 0.03 ms, 5 BOs (short list)
timing: #3515 done at t 105.228 s, 31.4 ms after the sync and hints; device: prepare 0.02 list 0.54 cs 29.12 fence 0.32 ms, 2076 BOs
timing: #3516 done at t 105.276 s, 34.6 ms after the sync and hints; device: prepare 0.06 list 0.53 cs 29.15 fence 0.73 ms, 2076 BOs
timing: #3517 done at t 105.322 s, 31.9 ms after the sync and hints; device: prepare 0.07 list 0.55 cs 28.33 fence 1.44 ms, 2076 BOs
timing: #3518 done at t 105.368 s, 32.3 ms after the sync and hints; device: prepare 0.07 list 0.57 cs 28.37 fence 0.14 ms, 2076 BOs
flip 1/0 buffer 0x507410000 +0x1fe0000: sum 0x17fb17d5f47d nonzero 8100/8160 pattern 0
timing: t 105.369 s flip 1/0, VideoOutSubmitFlip took 0.0 ms
timing: #3519 done at t 105.428 s, 45.2 ms after the sync and hints; device: prepare 0.26 list 0.54 cs 28.97 fence 6.14 ms, 2076 BOs
timing: #3520 done at t 105.444 s, 1.4 ms after the sync and hints; device: prepare 0.00 list 0.02 cs 0.04 fence 0.03 ms, 5 BOs (short list)
timing: #3521 done at t 105.459 s, 1.5 ms after the sync and hints; device: prepare 0.01 list 0.02 cs 0.10 fence 0.03 ms, 9 BOs (short list)
timing: #3522 done at t 105.474 s, 1.4 ms after the sync and hints; device: prepare 0.00 list 0.02 cs 0.04 fence 0.03 ms, 5 BOs (short list)
timing: #3523 done at t 105.489 s, 1.8 ms after the sync and hints; device: prepare 0.04 list 0.02 cs 0.06 fence 0.03 ms, 6 BOs (short list)
timing: #3524 done at t 105.504 s, 1.4 ms after the sync and hints; device: prepare 0.00 list 0.02 cs 0.04 fence 0.03 ms, 5 BOs (short list)
timing: #3525 done at t 105.519 s, 1.8 ms after the sync and hints; device: prepare 0.03 list 0.02 cs 0.05 fence 0.04 ms, 6 BOs (short list)
timing: #3526 done at t 105.566 s, 33.2 ms after the sync and hints; device: prepare 0.08 list 0.55 cs 28.47 fence 0.45 ms, 2077 BOs
timing: #3527 done at t 105.611 s, 30.8 ms after the sync and hints; device: prepare 0.03 list 0.55 cs 28.44 fence 0.01 ms, 2077 BOs
timing: #3528 done at t 105.626 s, 1.4 ms after the sync and hints; device: prepare 0.00 list 0.02 cs 0.03 fence 0.03 ms, 5 BOs (short list)
timing: #3529 done at t 105.671 s, 31.1 ms after the sync and hints; device: prepare 0.02 list 0.54 cs 28.86 fence 0.28 ms, 2077 BOs
timing: #3530 done at t 105.719 s, 34.3 ms after the sync and hints; device: prepare 0.05 list 0.55 cs 28.81 fence 0.74 ms, 2077 BOs
timing: #3531 done at t 105.764 s, 32.2 ms after the sync and hints; device: prepare 0.07 list 0.56 cs 28.62 fence 1.43 ms, 2077 BOs
timing: #3532 done at t 105.811 s, 32.7 ms after the sync and hints; device: prepare 0.06 list 0.57 cs 28.90 fence 0.12 ms, 2077 BOs
flip 1/1 buffer 0x5093f0000 +0x1fe0000: sum 0x17fb17d5f47d nonzero 8100/8160 pattern 0
timing: t 105.812 s flip 1/1, VideoOutSubmitFlip took 0.0 ms
timing: #3533 done at t 105.871 s, 45.1 ms after the sync and hints; device: prepare 0.30 list 0.54 cs 28.87 fence 6.10 ms, 2077 BOs
timing: #3534 done at t 105.886 s, 1.4 ms after the sync and hints; device: prepare 0.00 list 0.02 cs 0.04 fence 0.04 ms, 5 BOs (short list)
timing: #3535 done at t 105.901 s, 1.5 ms after the sync and hints; device: prepare 0.02 list 0.01 cs 0.10 fence 0.04 ms, 9 BOs (short list)
timing: #3536 done at t 105.916 s, 1.4 ms after the sync and hints; device: prepare 0.00 list 0.02 cs 0.04 fence 0.03 ms, 5 BOs (short list)
timing: #3537 done at t 105.932 s, 1.8 ms after the sync and hints; device: prepare 0.03 list 0.02 cs 0.05 fence 0.03 ms, 6 BOs (short list)
timing: #3538 done at t 105.947 s, 1.4 ms after the sync and hints; device: prepare 0.00 list 0.02 cs 0.04 fence 0.03 ms, 5 BOs (short list)
timing: #3539 done at t 105.962 s, 1.8 ms after the sync and hints; device: prepare 0.03 list 0.02 cs 0.06 fence 0.04 ms, 6 BOs (short list)
timing: #3540 done at t 106.009 s, 33.5 ms after the sync and hints; device: prepare 0.09 list 0.54 cs 28.25 fence 0.47 ms, 2077 BOs
timing: #3541 done at t 106.054 s, 30.9 ms after the sync and hints; device: prepare 0.03 list 0.55 cs 28.42 fence 0.01 ms, 2077 BOs
timing: #3542 done at t 106.070 s, 1.6 ms after the sync and hints; device: prepare 0.00 list 0.01 cs 0.04 fence 0.03 ms, 5 BOs (short list)
timing: #3543 done at t 106.115 s, 31.1 ms after the sync and hints; device: prepare 0.02 list 0.58 cs 28.72 fence 0.29 ms, 2077 BOs
timing: #3544 done at t 106.163 s, 34.3 ms after the sync and hints; device: prepare 0.05 list 0.54 cs 28.97 fence 0.74 ms, 2077 BOs
timing: #3545 done at t 106.209 s, 32.3 ms after the sync and hints; device: prepare 0.14 list 0.63 cs 28.60 fence 1.44 ms, 2077 BOs
timing: #3546 done at t 106.255 s, 32.5 ms after the sync and hints; device: prepare 0.08 list 0.54 cs 28.36 fence 0.15 ms, 2077 BOs
flip 1/0 buffer 0x507410000 +0x1fe0000: sum 0x17fb17d5f47d nonzero 8100/8160 pattern 0
timing: t 106.256 s flip 1/0, VideoOutSubmitFlip took 0.0 ms
timing: #3547 done at t 106.315 s, 44.9 ms after the sync and hints; device: prepare 0.61 list 0.53 cs 28.42 fence 6.13 ms, 2077 BOs
timing: #3548 done at t 106.330 s, 1.4 ms after the sync and hints; device: prepare 0.00 list 0.02 cs 0.04 fence 0.05 ms, 5 BOs (short list)
timing: #3549 done at t 106.345 s, 1.5 ms after the sync and hints; device: prepare 0.01 list 0.02 cs 0.10 fence 0.04 ms, 9 BOs (short list)
timing: #3550 done at t 106.360 s, 1.4 ms after the sync and hints; device: prepare 0.00 list 0.02 cs 0.04 fence 0.03 ms, 5 BOs (short list)
timing: #3551 done at t 106.375 s, 1.8 ms after the sync and hints; device: prepare 0.03 list 0.02 cs 0.05 fence 0.03 ms, 6 BOs (short list)
timing: #3552 done at t 106.390 s, 1.4 ms after the sync and hints; device: prepare 0.00 list 0.02 cs 0.04 fence 0.03 ms, 5 BOs (short list)
timing: #3553 done at t 106.405 s, 1.8 ms after the sync and hints; device: prepare 0.03 list 0.02 cs 0.05 fence 0.04 ms, 6 BOs (short list)
timing: #3554 done at t 106.452 s, 33.2 ms after the sync and hints; device: prepare 0.09 list 0.54 cs 28.39 fence 0.46 ms, 2077 BOs
timing: #3555 done at t 106.497 s, 30.9 ms after the sync and hints; device: prepare 0.03 list 0.57 cs 28.40 fence 0.01 ms, 2077 BOs
timing: #3556 done at t 106.512 s, 1.5 ms after the sync and hints; device: prepare 0.01 list 0.01 cs 0.04 fence 0.05 ms, 5 BOs (short list)
timing: #3557 done at t 106.557 s, 31.1 ms after the sync and hints; device: prepare 0.02 list 0.55 cs 28.86 fence 0.31 ms, 2077 BOs
timing: #3558 done at t 106.605 s, 34.0 ms after the sync and hints; device: prepare 0.05 list 0.53 cs 28.67 fence 0.73 ms, 2077 BOs
timing: #3559 done at t 106.650 s, 32.1 ms after the sync and hints; device: prepare 0.06 list 0.55 cs 28.55 fence 1.44 ms, 2077 BOs
timing: #3560 done at t 106.696 s, 32.3 ms after the sync and hints; device: prepare 0.06 list 0.54 cs 28.48 fence 0.14 ms, 2077 BOs
flip 1/1 buffer 0x5093f0000 +0x1fe0000: sum 0x17fb17d5f47d nonzero 8100/8160 pattern 0
timing: t 106.697 s flip 1/1, VideoOutSubmitFlip took 0.0 ms
timing: #3561 done at t 106.756 s, 44.9 ms after the sync and hints; device: prepare 0.36 list 0.54 cs 28.66 fence 6.12 ms, 2077 BOs
timing: #3562 done at t 106.772 s, 1.5 ms after the sync and hints; device: prepare 0.00 list 0.02 cs 0.04 fence 0.04 ms, 5 BOs (short list)
timing: #3563 done at t 106.787 s, 1.5 ms after the sync and hints; device: prepare 0.02 list 0.02 cs 0.10 fence 0.04 ms, 9 BOs (short list)
timing: #3564 done at t 106.803 s, 1.4 ms after the sync and hints; device: prepare 0.00 list 0.02 cs 0.04 fence 0.03 ms, 5 BOs (short list)
timing: #3565 done at t 106.818 s, 1.8 ms after the sync and hints; device: prepare 0.03 list 0.02 cs 0.06 fence 0.03 ms, 6 BOs (short list)
timing: #3566 done at t 106.833 s, 1.6 ms after the sync and hints; device: prepare 0.00 list 0.02 cs 0.04 fence 0.03 ms, 5 BOs (short list)
timing: #3567 done at t 106.848 s, 1.8 ms after the sync and hints; device: prepare 0.03 list 0.02 cs 0.05 fence 0.04 ms, 6 BOs (short list)
timing: #3568 done at t 106.895 s, 33.2 ms after the sync and hints; device: prepare 0.09 list 0.54 cs 28.35 fence 0.45 ms, 2077 BOs
timing: #3569 done at t 106.941 s, 31.4 ms after the sync and hints; device: prepare 0.04 list 0.54 cs 28.41 fence 0.01 ms, 2077 BOs
timing: #3570 done at t 106.956 s, 1.5 ms after the sync and hints; device: prepare 0.00 list 0.02 cs 0.04 fence 0.03 ms, 5 BOs (short list)
timing: #3571 done at t 107.001 s, 31.0 ms after the sync and hints; device: prepare 0.02 list 0.57 cs 28.42 fence 0.33 ms, 2077 BOs
timing: #3572 done at t 107.049 s, 34.5 ms after the sync and hints; device: prepare 0.05 list 0.59 cs 29.25 fence 0.74 ms, 2077 BOs
timing: #3573 done at t 107.095 s, 32.6 ms after the sync and hints; device: prepare 0.07 list 0.55 cs 29.02 fence 1.44 ms, 2077 BOs
timing: #3574 done at t 107.141 s, 32.4 ms after the sync and hints; device: prepare 0.06 list 0.52 cs 28.56 fence 0.10 ms, 2077 BOs
flip 1/0 buffer 0x507410000 +0x1fe0000: sum 0x17fb17d5f47d nonzero 8100/8160 pattern 0
timing: t 107.142 s flip 1/0, VideoOutSubmitFlip took 0.0 ms
timing: #3575 done at t 107.201 s, 44.7 ms after the sync and hints; device: prepare 0.28 list 0.56 cs 28.39 fence 6.14 ms, 2077 BOs
timing: #3576 done at t 107.216 s, 1.5 ms after the sync and hints; device: prepare 0.00 list 0.01 cs 0.04 fence 0.03 ms, 5 BOs (short list)
timing: #3577 done at t 107.231 s, 1.5 ms after the sync and hints; device: prepare 0.01 list 0.02 cs 0.10 fence 0.04 ms, 9 BOs (short list)
timing: #3578 done at t 107.246 s, 1.4 ms after the sync and hints; device: prepare 0.01 list 0.02 cs 0.04 fence 0.03 ms, 5 BOs (short list)
timing: #3579 done at t 107.262 s, 1.9 ms after the sync and hints; device: prepare 0.03 list 0.02 cs 0.06 fence 0.03 ms, 6 BOs (short list)
timing: #3580 done at t 107.277 s, 1.4 ms after the sync and hints; device: prepare 0.00 list 0.02 cs 0.04 fence 0.03 ms, 5 BOs (short list)
timing: #3581 done at t 107.292 s, 1.8 ms after the sync and hints; device: prepare 0.03 list 0.02 cs 0.06 fence 0.04 ms, 6 BOs (short list)
timing: #3582 done at t 107.338 s, 33.0 ms after the sync and hints; device: prepare 0.08 list 0.54 cs 28.23 fence 0.46 ms, 2077 BOs
timing: #3583 done at t 107.383 s, 30.9 ms after the sync and hints; device: prepare 0.03 list 0.58 cs 28.45 fence 0.01 ms, 2077 BOs
timing: #3584 done at t 107.398 s, 1.5 ms after the sync and hints; device: prepare 0.00 list 0.01 cs 0.04 fence 0.03 ms, 5 BOs (short list)
timing: #3585 done at t 107.443 s, 30.8 ms after the sync and hints; device: prepare 0.02 list 0.56 cs 28.45 fence 0.31 ms, 2077 BOs
timing: #3586 done at t 107.491 s, 33.9 ms after the sync and hints; device: prepare 0.05 list 0.58 cs 28.62 fence 0.75 ms, 2077 BOs
timing: #3587 done at t 107.536 s, 31.9 ms after the sync and hints; device: prepare 0.07 list 0.54 cs 28.38 fence 1.45 ms, 2077 BOs
timing: #3588 done at t 107.582 s, 32.3 ms after the sync and hints; device: prepare 0.06 list 0.53 cs 28.45 fence 0.15 ms, 2077 BOs
flip 1/1 buffer 0x5093f0000 +0x1fe0000: sum 0x17fb17d5f47d nonzero 8100/8160 pattern 0
timing: t 107.583 s flip 1/1, VideoOutSubmitFlip took 0.0 ms
timing: #3589 done at t 107.642 s, 44.6 ms after the sync and hints; device: prepare 0.28 list 0.55 cs 28.41 fence 6.12 ms, 2077 BOs
timing: #3590 done at t 107.657 s, 1.4 ms after the sync and hints; device: prepare 0.00 list 0.02 cs 0.04 fence 0.06 ms, 5 BOs (short list)
timing: #3591 done at t 107.672 s, 1.5 ms after the sync and hints; device: prepare 0.01 list 0.02 cs 0.10 fence 0.04 ms, 9 BOs (short list)
timing: #3592 done at t 107.687 s, 1.4 ms after the sync and hints; device: prepare 0.00 list 0.02 cs 0.04 fence 0.03 ms, 5 BOs (short list)
timing: #3593 done at t 107.703 s, 1.8 ms after the sync and hints; device: prepare 0.03 list 0.02 cs 0.05 fence 0.03 ms, 6 BOs (short list)
timing: #3594 done at t 107.717 s, 1.4 ms after the sync and hints; device: prepare 0.00 list 0.02 cs 0.04 fence 0.03 ms, 5 BOs (short list)
timing: #3595 done at t 107.733 s, 1.8 ms after the sync and hints; device: prepare 0.03 list 0.02 cs 0.06 fence 0.04 ms, 6 BOs (short list)
timing: #3596 done at t 107.779 s, 33.1 ms after the sync and hints; device: prepare 0.10 list 0.56 cs 28.36 fence 0.45 ms, 2077 BOs
timing: #3597 done at t 107.824 s, 30.8 ms after the sync and hints; device: prepare 0.03 list 0.54 cs 28.37 fence 0.01 ms, 2077 BOs
timing: #3598 done at t 107.839 s, 1.5 ms after the sync and hints; device: prepare 0.00 list 0.02 cs 0.04 fence 0.04 ms, 5 BOs (short list)
timing: #3599 done at t 107.883 s, 30.9 ms after the sync and hints; device: prepare 0.02 list 0.55 cs 28.56 fence 0.32 ms, 2077 BOs
timing: #3600 done at t 107.931 s, 33.9 ms after the sync and hints; device: prepare 0.06 list 0.54 cs 28.44 fence 0.75 ms, 2077 BOs
timing: #3601 done at t 107.976 s, 32.3 ms after the sync and hints; device: prepare 0.07 list 0.61 cs 28.65 fence 1.44 ms, 2077 BOs
timing: #3602 done at t 108.023 s, 32.7 ms after the sync and hints; device: prepare 0.12 list 0.62 cs 28.73 fence 0.13 ms, 2077 BOs
flip 1/0 buffer 0x507410000 +0x1fe0000: sum 0x17fb17d5f47d nonzero 8100/8160 pattern 0
timing: t 108.024 s flip 1/0, VideoOutSubmitFlip took 0.0 ms
timing: #3603 done at t 108.082 s, 44.4 ms after the sync and hints; device: prepare 0.28 list 0.53 cs 28.47 fence 6.12 ms, 2077 BOs
timing: #3604 done at t 108.098 s, 1.5 ms after the sync and hints; device: prepare 0.00 list 0.01 cs 0.04 fence 0.05 ms, 5 BOs (short list)
timing: #3605 done at t 108.113 s, 1.6 ms after the sync and hints; device: prepare 0.02 list 0.01 cs 0.10 fence 0.04 ms, 9 BOs (short list)
timing: #3606 done at t 108.128 s, 1.5 ms after the sync and hints; device: prepare 0.00 list 0.02 cs 0.04 fence 0.02 ms, 5 BOs (short list)
timing: #3607 done at t 108.143 s, 1.8 ms after the sync and hints; device: prepare 0.03 list 0.02 cs 0.06 fence 0.03 ms, 6 BOs (short list)
timing: #3608 done at t 108.159 s, 1.4 ms after the sync and hints; device: prepare 0.00 list 0.02 cs 0.04 fence 0.02 ms, 5 BOs (short list)
timing: #3609 done at t 108.174 s, 1.7 ms after the sync and hints; device: prepare 0.03 list 0.02 cs 0.05 fence 0.04 ms, 6 BOs (short list)
timing: #3610 done at t 108.221 s, 33.7 ms after the sync and hints; device: prepare 0.08 list 0.57 cs 28.89 fence 0.46 ms, 2077 BOs
timing: #3611 done at t 108.267 s, 31.4 ms after the sync and hints; device: prepare 0.03 list 0.53 cs 28.94 fence 0.01 ms, 2077 BOs
timing: #3612 done at t 108.281 s, 1.4 ms after the sync and hints; device: prepare 0.01 list 0.02 cs 0.04 fence 0.04 ms, 5 BOs (short list)
timing: #3613 done at t 108.326 s, 31.2 ms after the sync and hints; device: prepare 0.02 list 0.57 cs 28.76 fence 0.31 ms, 2077 BOs
timing: #3614 done at t 108.374 s, 34.2 ms after the sync and hints; device: prepare 0.05 list 0.54 cs 28.81 fence 0.73 ms, 2077 BOs
timing: #3615 done at t 108.420 s, 32.7 ms after the sync and hints; device: prepare 0.07 list 0.56 cs 29.00 fence 1.42 ms, 2077 BOs
timing: #3616 done at t 108.467 s, 32.6 ms after the sync and hints; device: prepare 0.06 list 0.54 cs 28.77 fence 0.14 ms, 2077 BOs
flip 1/1 buffer 0x5093f0000 +0x1fe0000: sum 0x17fb17d5f47d nonzero 8100/8160 pattern 0
timing: t 108.468 s flip 1/1, VideoOutSubmitFlip took 0.0 ms
timing: #3617 done at t 108.527 s, 44.9 ms after the sync and hints; device: prepare 0.29 list 0.54 cs 28.47 fence 6.13 ms, 2077 BOs
timing: #3618 done at t 108.543 s, 1.4 ms after the sync and hints; device: prepare 0.00 list 0.02 cs 0.04 fence 0.03 ms, 5 BOs (short list)
timing: #3619 done at t 108.557 s, 1.4 ms after the sync and hints; device: prepare 0.01 list 0.02 cs 0.10 fence 0.03 ms, 9 BOs (short list)
timing: #3620 done at t 108.573 s, 1.4 ms after the sync and hints; device: prepare 0.00 list 0.02 cs 0.04 fence 0.03 ms, 5 BOs (short list)
timing: #3621 done at t 108.588 s, 1.8 ms after the sync and hints; device: prepare 0.03 list 0.02 cs 0.06 fence 0.03 ms, 6 BOs (short list)
timing: #3622 done at t 108.603 s, 1.5 ms after the sync and hints; device: prepare 0.01 list 0.02 cs 0.06 fence 0.04 ms, 5 BOs (short list)
timing: #3623 done at t 108.618 s, 1.8 ms after the sync and hints; device: prepare 0.03 list 0.02 cs 0.15 fence 0.05 ms, 6 BOs (short list)
timing: #3624 done at t 108.665 s, 33.2 ms after the sync and hints; device: prepare 0.09 list 0.54 cs 28.26 fence 0.47 ms, 2077 BOs
timing: #3625 done at t 108.711 s, 32.0 ms after the sync and hints; device: prepare 0.04 list 0.55 cs 29.38 fence 0.01 ms, 2077 BOs
timing: #3626 done at t 108.726 s, 1.4 ms after the sync and hints; device: prepare 0.00 list 0.02 cs 0.04 fence 0.03 ms, 5 BOs (short list)
timing: #3627 done at t 108.770 s, 30.9 ms after the sync and hints; device: prepare 0.02 list 0.60 cs 28.53 fence 0.30 ms, 2077 BOs
timing: #3628 done at t 108.818 s, 33.7 ms after the sync and hints; device: prepare 0.05 list 0.53 cs 28.46 fence 0.73 ms, 2077 BOs
timing: #3629 done at t 108.863 s, 32.4 ms after the sync and hints; device: prepare 0.07 list 0.56 cs 28.80 fence 1.42 ms, 2077 BOs
timing: #3630 done at t 108.910 s, 32.5 ms after the sync and hints; device: prepare 0.07 list 0.53 cs 28.65 fence 0.15 ms, 2077 BOs
flip 1/0 buffer 0x507410000 +0x1fe0000: sum 0x17fb17d5f47d nonzero 8100/8160 pattern 0
timing: t 108.911 s flip 1/0, VideoOutSubmitFlip took 0.0 ms
timing: #3631 done at t 108.971 s, 45.1 ms after the sync and hints; device: prepare 0.28 list 0.52 cs 28.81 fence 6.15 ms, 2077 BOs
timing: #3632 done at t 108.986 s, 1.5 ms after the sync and hints; device: prepare 0.00 list 0.02 cs 0.04 fence 0.04 ms, 5 BOs (short list)
timing: #3633 done at t 109.001 s, 1.5 ms after the sync and hints; device: prepare 0.02 list 0.02 cs 0.10 fence 0.03 ms, 9 BOs (short list)
timing: #3634 done at t 109.017 s, 1.5 ms after the sync and hints; device: prepare 0.01 list 0.02 cs 0.05 fence 0.05 ms, 5 BOs (short list)
timing: #3635 done at t 109.032 s, 1.8 ms after the sync and hints; device: prepare 0.03 list 0.02 cs 0.06 fence 0.04 ms, 6 BOs (short list)
timing: #3636 done at t 109.047 s, 1.4 ms after the sync and hints; device: prepare 0.00 list 0.02 cs 0.04 fence 0.03 ms, 5 BOs (short list)
timing: #3637 done at t 109.062 s, 1.9 ms after the sync and hints; device: prepare 0.03 list 0.02 cs 0.06 fence 0.04 ms, 6 BOs (short list)
timing: #3638 done at t 109.109 s, 33.2 ms after the sync and hints; device: prepare 0.08 list 0.55 cs 28.38 fence 0.46 ms, 2077 BOs
timing: #3639 done at t 109.154 s, 31.0 ms after the sync and hints; device: prepare 0.04 list 0.55 cs 28.60 fence 0.01 ms, 2077 BOs
timing: #3640 done at t 109.169 s, 1.4 ms after the sync and hints; device: prepare 0.01 list 0.02 cs 0.04 fence 0.03 ms, 5 BOs (short list)
timing: #3641 done at t 109.214 s, 31.2 ms after the sync and hints; device: prepare 0.02 list 0.58 cs 28.85 fence 0.31 ms, 2077 BOs
timing: #3642 done at t 109.262 s, 33.7 ms after the sync and hints; device: prepare 0.06 list 0.54 cs 28.42 fence 0.73 ms, 2077 BOs
timing: #3643 done at t 109.307 s, 32.1 ms after the sync and hints; device: prepare 0.07 list 0.56 cs 28.52 fence 1.42 ms, 2077 BOs
timing: #3644 done at t 109.353 s, 32.3 ms after the sync and hints; device: prepare 0.06 list 0.54 cs 28.39 fence 0.15 ms, 2077 BOs
flip 1/1 buffer 0x5093f0000 +0x1fe0000: sum 0x17fb17d5f47d nonzero 8100/8160 pattern 0
timing: t 109.354 s flip 1/1, VideoOutSubmitFlip took 0.0 ms
timing: #3645 done at t 109.413 s, 44.7 ms after the sync and hints; device: prepare 0.26 list 0.55 cs 28.41 fence 6.12 ms, 2077 BOs
timing: #3646 done at t 109.428 s, 1.4 ms after the sync and hints; device: prepare 0.01 list 0.02 cs 0.04 fence 0.04 ms, 5 BOs (short list)
timing: #3647 done at t 109.443 s, 1.5 ms after the sync and hints; device: prepare 0.01 list 0.02 cs 0.10 fence 0.03 ms, 9 BOs (short list)
timing: #3648 done at t 109.458 s, 1.4 ms after the sync and hints; device: prepare 0.00 list 0.02 cs 0.04 fence 0.03 ms, 5 BOs (short list)
timing: #3649 done at t 109.474 s, 1.8 ms after the sync and hints; device: prepare 0.03 list 0.02 cs 0.06 fence 0.03 ms, 6 BOs (short list)
timing: #3650 done at t 109.489 s, 1.4 ms after the sync and hints; device: prepare 0.01 list 0.02 cs 0.04 fence 0.03 ms, 5 BOs (short list)
timing: #3651 done at t 109.504 s, 1.8 ms after the sync and hints; device: prepare 0.03 list 0.02 cs 0.06 fence 0.06 ms, 6 BOs (short list)
timing: #3652 done at t 109.550 s, 33.1 ms after the sync and hints; device: prepare 0.09 list 0.53 cs 28.35 fence 0.46 ms, 2077 BOs
timing: #3653 done at t 109.595 s, 30.9 ms after the sync and hints; device: prepare 0.03 list 0.55 cs 28.49 fence 0.01 ms, 2077 BOs
timing: #3654 done at t 109.610 s, 1.4 ms after the sync and hints; device: prepare 0.00 list 0.02 cs 0.04 fence 0.04 ms, 5 BOs (short list)
timing: #3655 done at t 109.654 s, 30.5 ms after the sync and hints; device: prepare 0.03 list 0.54 cs 28.27 fence 0.31 ms, 2077 BOs
timing: #3656 done at t 109.701 s, 33.5 ms after the sync and hints; device: prepare 0.05 list 0.54 cs 28.24 fence 0.75 ms, 2077 BOs
timing: #3657 done at t 109.746 s, 32.0 ms after the sync and hints; device: prepare 0.07 list 0.56 cs 28.47 fence 1.43 ms, 2077 BOs
timing: #3658 done at t 109.792 s, 32.1 ms after the sync and hints; device: prepare 0.06 list 0.55 cs 28.32 fence 0.15 ms, 2077 BOs
flip 1/0 buffer 0x507410000 +0x1fe0000: sum 0x17fb17d5f47d nonzero 8100/8160 pattern 0
timing: t 109.793 s flip 1/0, VideoOutSubmitFlip took 0.0 ms
timing: #3659 done at t 109.851 s, 44.4 ms after the sync and hints; device: prepare 0.27 list 0.54 cs 28.41 fence 6.13 ms, 2077 BOs
timing: #3660 done at t 109.866 s, 1.4 ms after the sync and hints; device: prepare 0.00 list 0.02 cs 0.04 fence 0.03 ms, 5 BOs (short list)
timing: #3661 done at t 109.881 s, 1.5 ms after the sync and hints; device: prepare 0.01 list 0.02 cs 0.10 fence 0.03 ms, 9 BOs (short list)
timing: #3662 done at t 109.896 s, 1.4 ms after the sync and hints; device: prepare 0.00 list 0.02 cs 0.04 fence 0.03 ms, 5 BOs (short list)
timing: #3663 done at t 109.911 s, 1.8 ms after the sync and hints; device: prepare 0.03 list 0.02 cs 0.05 fence 0.03 ms, 6 BOs (short list)
timing: #3664 done at t 109.926 s, 1.4 ms after the sync and hints; device: prepare 0.00 list 0.02 cs 0.04 fence 0.03 ms, 5 BOs (short list)
timing: #3665 done at t 109.941 s, 1.7 ms after the sync and hints; device: prepare 0.03 list 0.02 cs 0.06 fence 0.04 ms, 6 BOs (short list)
timing: #3666 done at t 109.988 s, 33.1 ms after the sync and hints; device: prepare 0.08 list 0.55 cs 28.33 fence 0.46 ms, 2077 BOs
timing: #3667 done at t 110.033 s, 30.6 ms after the sync and hints; device: prepare 0.03 list 0.53 cs 28.23 fence 0.01 ms, 2077 BOs
timing: #3668 done at t 110.047 s, 1.4 ms after the sync and hints; device: prepare 0.00 list 0.01 cs 0.03 fence 0.03 ms, 5 BOs (short list)
timing: #3669 done at t 110.091 s, 30.6 ms after the sync and hints; device: prepare 0.02 list 0.53 cs 28.39 fence 0.28 ms, 2077 BOs
timing: #3670 done at t 110.139 s, 33.7 ms after the sync and hints; device: prepare 0.06 list 0.54 cs 28.39 fence 0.74 ms, 2077 BOs
timing: #3671 done at t 110.185 s, 32.6 ms after the sync and hints; device: prepare 0.07 list 0.62 cs 28.97 fence 1.43 ms, 2077 BOs
timing: #3672 done at t 110.231 s, 32.5 ms after the sync and hints; device: prepare 0.12 list 0.66 cs 28.47 fence 0.14 ms, 2077 BOs
flip 1/1 buffer 0x5093f0000 +0x1fe0000: sum 0x17fb17d5f47d nonzero 8100/8160 pattern 0
timing: t 110.232 s flip 1/1, VideoOutSubmitFlip took 0.0 ms
timing: #3673 done at t 110.291 s, 44.6 ms after the sync and hints; device: prepare 0.30 list 0.56 cs 28.32 fence 6.13 ms, 2077 BOs
timing: #3674 done at t 110.307 s, 1.5 ms after the sync and hints; device: prepare 0.01 list 0.02 cs 0.05 fence 0.03 ms, 5 BOs (short list)
timing: #3675 done at t 110.322 s, 1.5 ms after the sync and hints; device: prepare 0.01 list 0.02 cs 0.10 fence 0.03 ms, 9 BOs (short list)
timing: #3676 done at t 110.336 s, 1.4 ms after the sync and hints; device: prepare 0.00 list 0.02 cs 0.04 fence 0.02 ms, 5 BOs (short list)
timing: #3677 done at t 110.352 s, 1.8 ms after the sync and hints; device: prepare 0.03 list 0.02 cs 0.06 fence 0.03 ms, 6 BOs (short list)
timing: #3678 done at t 110.366 s, 1.4 ms after the sync and hints; device: prepare 0.00 list 0.02 cs 0.04 fence 0.03 ms, 5 BOs (short list)
timing: #3679 done at t 110.382 s, 1.7 ms after the sync and hints; device: prepare 0.03 list 0.02 cs 0.06 fence 0.04 ms, 6 BOs (short list)
timing: #3680 done at t 110.428 s, 33.1 ms after the sync and hints; device: prepare 0.08 list 0.54 cs 28.47 fence 0.45 ms, 2077 BOs
timing: #3681 done at t 110.473 s, 30.8 ms after the sync and hints; device: prepare 0.03 list 0.55 cs 28.43 fence 0.01 ms, 2077 BOs
timing: #3682 done at t 110.488 s, 1.4 ms after the sync and hints; device: prepare 0.00 list 0.02 cs 0.04 fence 0.03 ms, 5 BOs (short list)
timing: #3683 done at t 110.532 s, 30.7 ms after the sync and hints; device: prepare 0.02 list 0.54 cs 28.32 fence 0.33 ms, 2077 BOs
timing: #3684 done at t 110.580 s, 33.8 ms after the sync and hints; device: prepare 0.06 list 0.54 cs 28.41 fence 0.73 ms, 2077 BOs
timing: #3685 done at t 110.625 s, 31.9 ms after the sync and hints; device: prepare 0.07 list 0.54 cs 28.30 fence 1.45 ms, 2077 BOs
timing: #3686 done at t 110.671 s, 32.2 ms after the sync and hints; device: prepare 0.06 list 0.55 cs 28.29 fence 0.15 ms, 2077 BOs
flip 1/0 buffer 0x507410000 +0x1fe0000: sum 0x17fb17d5f47d nonzero 8100/8160 pattern 0
timing: t 110.672 s flip 1/0, VideoOutSubmitFlip took 0.0 ms
timing: #3687 done at t 110.731 s, 44.8 ms after the sync and hints; device: prepare 0.27 list 0.54 cs 28.45 fence 6.16 ms, 2077 BOs
timing: #3688 done at t 110.746 s, 1.4 ms after the sync and hints; device: prepare 0.01 list 0.02 cs 0.04 fence 0.03 ms, 5 BOs (short list)
timing: #3689 done at t 110.761 s, 1.5 ms after the sync and hints; device: prepare 0.01 list 0.02 cs 0.10 fence 0.03 ms, 9 BOs (short list)
timing: #3690 done at t 110.777 s, 1.6 ms after the sync and hints; device: prepare 0.00 list 0.02 cs 0.04 fence 0.03 ms, 5 BOs (short list)
timing: #3691 done at t 110.793 s, 1.8 ms after the sync and hints; device: prepare 0.03 list 0.02 cs 0.05 fence 0.03 ms, 6 BOs (short list)
timing: #3692 done at t 110.807 s, 1.4 ms after the sync and hints; device: prepare 0.00 list 0.02 cs 0.04 fence 0.03 ms, 5 BOs (short list)
timing: #3693 done at t 110.823 s, 1.8 ms after the sync and hints; device: prepare 0.03 list 0.02 cs 0.07 fence 0.04 ms, 6 BOs (short list)
timing: #3694 done at t 110.870 s, 33.4 ms after the sync and hints; device: prepare 0.08 list 0.54 cs 28.70 fence 0.45 ms, 2077 BOs
timing: #3695 done at t 110.914 s, 30.9 ms after the sync and hints; device: prepare 0.04 list 0.64 cs 28.41 fence 0.01 ms, 2077 BOs
timing: #3696 done at t 110.930 s, 1.4 ms after the sync and hints; device: prepare 0.00 list 0.02 cs 0.04 fence 0.03 ms, 5 BOs (short list)
timing: #3697 done at t 110.974 s, 30.8 ms after the sync and hints; device: prepare 0.03 list 0.54 cs 28.48 fence 0.31 ms, 2077 BOs
timing: #3698 done at t 111.022 s, 34.5 ms after the sync and hints; device: prepare 0.13 list 0.56 cs 28.99 fence 0.74 ms, 2077 BOs
timing: #3699 done at t 111.068 s, 32.1 ms after the sync and hints; device: prepare 0.07 list 0.54 cs 28.46 fence 1.44 ms, 2077 BOs
timing: #3700 done at t 111.114 s, 32.3 ms after the sync and hints; device: prepare 0.06 list 0.54 cs 28.36 fence 0.14 ms, 2077 BOs
flip 1/1 buffer 0x5093f0000 +0x1fe0000: sum 0x17fb17d5f47d nonzero 8100/8160 pattern 0
timing: t 111.115 s flip 1/1, VideoOutSubmitFlip took 0.0 ms
timing: #3701 done at t 111.174 s, 45.2 ms after the sync and hints; device: prepare 0.30 list 0.53 cs 29.19 fence 6.12 ms, 2077 BOs
timing: #3702 done at t 111.189 s, 1.4 ms after the sync and hints; device: prepare 0.00 list 0.02 cs 0.04 fence 0.03 ms, 5 BOs (short list)
timing: #3703 done at t 111.204 s, 1.5 ms after the sync and hints; device: prepare 0.01 list 0.02 cs 0.10 fence 0.03 ms, 9 BOs (short list)
timing: #3704 done at t 111.220 s, 1.4 ms after the sync and hints; device: prepare 0.00 list 0.02 cs 0.04 fence 0.03 ms, 5 BOs (short list)
timing: #3705 done at t 111.235 s, 1.8 ms after the sync and hints; device: prepare 0.03 list 0.02 cs 0.05 fence 0.03 ms, 6 BOs (short list)
timing: #3706 done at t 111.250 s, 1.4 ms after the sync and hints; device: prepare 0.00 list 0.02 cs 0.04 fence 0.03 ms, 5 BOs (short list)
timing: #3707 done at t 111.265 s, 1.8 ms after the sync and hints; device: prepare 0.03 list 0.02 cs 0.06 fence 0.04 ms, 6 BOs (short list)
timing: #3708 done at t 111.312 s, 33.4 ms after the sync and hints; device: prepare 0.18 list 0.59 cs 28.40 fence 0.45 ms, 2077 BOs
timing: #3709 done at t 111.357 s, 30.9 ms after the sync and hints; device: prepare 0.03 list 0.54 cs 28.54 fence 0.01 ms, 2077 BOs
timing: #3710 done at t 111.372 s, 1.4 ms after the sync and hints; device: prepare 0.00 list 0.02 cs 0.04 fence 0.03 ms, 5 BOs (short list)
timing: #3711 done at t 111.416 s, 30.6 ms after the sync and hints; device: prepare 0.03 list 0.55 cs 28.22 fence 0.32 ms, 2077 BOs
timing: #3712 done at t 111.464 s, 34.1 ms after the sync and hints; device: prepare 0.05 list 0.58 cs 28.86 fence 0.73 ms, 2077 BOs
timing: #3713 done at t 111.510 s, 32.3 ms after the sync and hints; device: prepare 0.07 list 0.56 cs 28.80 fence 1.39 ms, 2077 BOs
timing: #3714 done at t 111.556 s, 32.1 ms after the sync and hints; device: prepare 0.07 list 0.54 cs 28.22 fence 0.15 ms, 2077 BOs
flip 1/0 buffer 0x507410000 +0x1fe0000: sum 0x17fb17d5f47d nonzero 8100/8160 pattern 0
timing: t 111.557 s flip 1/0, VideoOutSubmitFlip took 0.0 ms
timing: #3715 done at t 111.616 s, 45.4 ms after the sync and hints; device: prepare 0.30 list 0.55 cs 29.12 fence 6.15 ms, 2077 BOs
timing: #3716 done at t 111.631 s, 1.5 ms after the sync and hints; device: prepare 0.00 list 0.02 cs 0.04 fence 0.03 ms, 5 BOs (short list)
timing: #3717 done at t 111.647 s, 1.5 ms after the sync and hints; device: prepare 0.01 list 0.02 cs 0.10 fence 0.03 ms, 9 BOs (short list)
timing: #3718 done at t 111.662 s, 1.4 ms after the sync and hints; device: prepare 0.00 list 0.02 cs 0.04 fence 0.04 ms, 5 BOs (short list)
timing: #3719 done at t 111.678 s, 1.9 ms after the sync and hints; device: prepare 0.07 list 0.02 cs 0.07 fence 0.04 ms, 6 BOs (short list)
timing: #3720 done at t 111.693 s, 1.5 ms after the sync and hints; device: prepare 0.01 list 0.02 cs 0.05 fence 0.04 ms, 5 BOs (short list)
timing: #3721 done at t 111.708 s, 1.8 ms after the sync and hints; device: prepare 0.03 list 0.01 cs 0.05 fence 0.05 ms, 6 BOs (short list)
timing: #3722 done at t 111.756 s, 33.8 ms after the sync and hints; device: prepare 0.18 list 0.61 cs 28.86 fence 0.45 ms, 2077 BOs
timing: #3723 done at t 111.771 s, 1.5 ms after the sync and hints; device: prepare 0.01 list 0.02 cs 0.04 fence 0.03 ms, 5 BOs (short list)
timing: #3724 done at t 111.816 s, 31.0 ms after the sync and hints; device: prepare 0.03 list 0.56 cs 28.42 fence 0.01 ms, 2077 BOs
timing: #3725 done at t 111.860 s, 30.6 ms after the sync and hints; device: prepare 0.02 list 0.52 cs 28.38 fence 0.29 ms, 2077 BOs
timing: #3726 done at t 111.908 s, 33.7 ms after the sync and hints; device: prepare 0.05 list 0.56 cs 28.33 fence 0.76 ms, 2077 BOs
timing: #3727 done at t 111.954 s, 32.5 ms after the sync and hints; device: prepare 0.07 list 0.57 cs 28.90 fence 1.42 ms, 2077 BOs
timing: #3728 done at t 112.000 s, 32.2 ms after the sync and hints; device: prepare 0.06 list 0.55 cs 28.40 fence 0.13 ms, 2077 BOs
flip 1/1 buffer 0x5093f0000 +0x1fe0000: sum 0x17fb17d5f47d nonzero 8100/8160 pattern 0
timing: t 112.001 s flip 1/1, VideoOutSubmitFlip took 0.0 ms
timing: #3729 done at t 112.060 s, 44.5 ms after the sync and hints; device: prepare 0.27 list 0.55 cs 28.55 fence 6.12 ms, 2077 BOs
timing: #3730 done at t 112.076 s, 1.4 ms after the sync and hints; device: prepare 0.00 list 0.02 cs 0.04 fence 0.04 ms, 5 BOs (short list)
timing: #3731 done at t 112.091 s, 1.5 ms after the sync and hints; device: prepare 0.02 list 0.02 cs 0.10 fence 0.03 ms, 9 BOs (short list)
timing: #3732 done at t 112.106 s, 1.4 ms after the sync and hints; device: prepare 0.00 list 0.01 cs 0.04 fence 0.03 ms, 5 BOs (short list)
timing: #3733 done at t 112.121 s, 1.8 ms after the sync and hints; device: prepare 0.03 list 0.02 cs 0.05 fence 0.03 ms, 6 BOs (short list)
timing: #3734 done at t 112.136 s, 1.4 ms after the sync and hints; device: prepare 0.00 list 0.02 cs 0.04 fence 0.04 ms, 5 BOs (short list)
timing: #3735 done at t 112.151 s, 1.8 ms after the sync and hints; device: prepare 0.03 list 0.02 cs 0.06 fence 0.05 ms, 6 BOs (short list)
timing: #3736 done at t 112.198 s, 33.2 ms after the sync and hints; device: prepare 0.08 list 0.57 cs 28.47 fence 0.45 ms, 2077 BOs
timing: #3737 done at t 112.243 s, 31.2 ms after the sync and hints; device: prepare 0.03 list 0.56 cs 28.72 fence 0.01 ms, 2077 BOs
timing: #3738 done at t 112.258 s, 1.4 ms after the sync and hints; device: prepare 0.00 list 0.02 cs 0.04 fence 0.03 ms, 5 BOs (short list)
timing: #3739 done at t 112.303 s, 30.6 ms after the sync and hints; device: prepare 0.02 list 0.56 cs 28.25 fence 0.33 ms, 2077 BOs
timing: #3740 done at t 112.351 s, 33.7 ms after the sync and hints; device: prepare 0.05 list 0.55 cs 28.35 fence 0.74 ms, 2077 BOs
timing: #3741 done at t 112.396 s, 32.0 ms after the sync and hints; device: prepare 0.07 list 0.54 cs 28.42 fence 1.43 ms, 2077 BOs
timing: #3742 done at t 112.442 s, 32.7 ms after the sync and hints; device: prepare 0.06 list 0.55 cs 28.82 fence 0.09 ms, 2077 BOs
flip 1/0 buffer 0x507410000 +0x1fe0000: sum 0x17fb17d5f47d nonzero 8100/8160 pattern 0
timing: t 112.443 s flip 1/0, VideoOutSubmitFlip took 0.0 ms
timing: #3743 done at t 112.502 s, 44.8 ms after the sync and hints; device: prepare 0.28 list 0.56 cs 28.43 fence 6.12 ms, 2077 BOs
timing: #3744 done at t 112.517 s, 1.4 ms after the sync and hints; device: prepare 0.01 list 0.02 cs 0.04 fence 0.03 ms, 5 BOs (short list)
timing: #3745 done at t 112.532 s, 1.4 ms after the sync and hints; device: prepare 0.01 list 0.02 cs 0.10 fence 0.03 ms, 9 BOs (short list)
timing: #3746 done at t 112.548 s, 1.5 ms after the sync and hints; device: prepare 0.01 list 0.02 cs 0.04 fence 0.05 ms, 5 BOs (short list)
timing: #3747 done at t 112.563 s, 1.8 ms after the sync and hints; device: prepare 0.03 list 0.02 cs 0.06 fence 0.05 ms, 6 BOs (short list)
timing: #3748 done at t 112.578 s, 1.4 ms after the sync and hints; device: prepare 0.00 list 0.02 cs 0.04 fence 0.03 ms, 5 BOs (short list)
timing: #3749 done at t 112.594 s, 1.8 ms after the sync and hints; device: prepare 0.03 list 0.02 cs 0.06 fence 0.05 ms, 6 BOs (short list)
timing: #3750 done at t 112.641 s, 33.6 ms after the sync and hints; device: prepare 0.09 list 0.56 cs 28.74 fence 0.45 ms, 2078 BOs
timing: #3751 done at t 112.688 s, 32.3 ms after the sync and hints; device: prepare 0.04 list 0.56 cs 29.06 fence 0.01 ms, 2078 BOs
timing: #3752 done at t 112.703 s, 1.4 ms after the sync and hints; device: prepare 0.00 list 0.02 cs 0.04 fence 0.03 ms, 5 BOs (short list)
timing: #3753 done at t 112.747 s, 30.7 ms after the sync and hints; device: prepare 0.02 list 0.54 cs 28.43 fence 0.30 ms, 2078 BOs
timing: #3754 done at t 112.794 s, 34.1 ms after the sync and hints; device: prepare 0.05 list 0.56 cs 28.41 fence 0.75 ms, 2078 BOs
timing: #3755 done at t 112.840 s, 32.6 ms after the sync and hints; device: prepare 0.07 list 0.54 cs 29.02 fence 1.42 ms, 2078 BOs
timing: #3756 done at t 112.887 s, 32.6 ms after the sync and hints; device: prepare 0.06 list 0.56 cs 28.80 fence 0.12 ms, 2078 BOs
flip 1/1 buffer 0x5093f0000 +0x1fe0000: sum 0x17fb17d5f47d nonzero 8100/8160 pattern 0
timing: t 112.888 s flip 1/1, VideoOutSubmitFlip took 0.0 ms
timing: #3757 done at t 112.947 s, 44.8 ms after the sync and hints; device: prepare 0.30 list 0.57 cs 28.66 fence 6.10 ms, 2078 BOs
timing: #3758 done at t 112.963 s, 1.5 ms after the sync and hints; device: prepare 0.01 list 0.02 cs 0.04 fence 0.03 ms, 5 BOs (short list)
timing: #3759 done at t 112.978 s, 1.5 ms after the sync and hints; device: prepare 0.01 list 0.02 cs 0.10 fence 0.03 ms, 9 BOs (short list)
timing: #3760 done at t 112.993 s, 1.4 ms after the sync and hints; device: prepare 0.00 list 0.02 cs 0.04 fence 0.03 ms, 5 BOs (short list)
timing: #3761 done at t 113.009 s, 2.1 ms after the sync and hints; device: prepare 0.03 list 0.01 cs 0.06 fence 0.03 ms, 6 BOs (short list)
timing: #3762 done at t 113.024 s, 1.6 ms after the sync and hints; device: prepare 0.01 list 0.02 cs 0.04 fence 0.02 ms, 5 BOs (short list)
timing: #3763 done at t 113.039 s, 1.8 ms after the sync and hints; device: prepare 0.03 list 0.02 cs 0.05 fence 0.04 ms, 6 BOs (short list)
timing: #3764 done at t 113.087 s, 33.6 ms after the sync and hints; device: prepare 0.08 list 0.56 cs 28.77 fence 0.46 ms, 2078 BOs
timing: #3765 done at t 113.133 s, 31.5 ms after the sync and hints; device: prepare 0.03 list 0.58 cs 28.91 fence 0.01 ms, 2078 BOs
timing: #3766 done at t 113.148 s, 1.4 ms after the sync and hints; device: prepare 0.00 list 0.02 cs 0.04 fence 0.03 ms, 5 BOs (short list)
timing: #3767 done at t 113.193 s, 30.9 ms after the sync and hints; device: prepare 0.02 list 0.54 cs 28.51 fence 0.26 ms, 2078 BOs
timing: #3768 done at t 113.241 s, 34.0 ms after the sync and hints; device: prepare 0.06 list 0.58 cs 28.54 fence 0.75 ms, 2078 BOs
timing: #3769 done at t 113.286 s, 31.8 ms after the sync and hints; device: prepare 0.11 list 0.53 cs 28.19 fence 1.43 ms, 2078 BOs
timing: #3770 done at t 113.333 s, 33.1 ms after the sync and hints; device: prepare 0.07 list 0.54 cs 28.54 fence 0.12 ms, 2078 BOs
flip 1/0 buffer 0x507410000 +0x1fe0000: sum 0x17fb17d5f47d nonzero 8100/8160 pattern 0
timing: t 113.334 s flip 1/0, VideoOutSubmitFlip took 0.0 ms
timing: #3771 done at t 113.394 s, 44.7 ms after the sync and hints; device: prepare 0.31 list 0.57 cs 28.75 fence 6.12 ms, 2078 BOs
timing: #3772 done at t 113.409 s, 1.4 ms after the sync and hints; device: prepare 0.00 list 0.02 cs 0.04 fence 0.03 ms, 5 BOs (short list)
timing: #3773 done at t 113.424 s, 1.6 ms after the sync and hints; device: prepare 0.02 list 0.02 cs 0.10 fence 0.03 ms, 9 BOs (short list)
timing: #3774 done at t 113.440 s, 1.5 ms after the sync and hints; device: prepare 0.00 list 0.02 cs 0.04 fence 0.04 ms, 5 BOs (short list)
timing: #3775 done at t 113.455 s, 1.8 ms after the sync and hints; device: prepare 0.03 list 0.02 cs 0.05 fence 0.03 ms, 6 BOs (short list)
timing: #3776 done at t 113.470 s, 1.4 ms after the sync and hints; device: prepare 0.00 list 0.02 cs 0.04 fence 0.03 ms, 5 BOs (short list)
timing: #3777 done at t 113.485 s, 1.8 ms after the sync and hints; device: prepare 0.04 list 0.02 cs 0.05 fence 0.04 ms, 6 BOs (short list)
timing: #3778 done at t 113.532 s, 33.7 ms after the sync and hints; device: prepare 0.08 list 0.56 cs 28.95 fence 0.44 ms, 2078 BOs
timing: #3779 done at t 113.578 s, 31.4 ms after the sync and hints; device: prepare 0.03 list 0.56 cs 28.91 fence 0.01 ms, 2078 BOs
timing: #3780 done at t 113.593 s, 1.5 ms after the sync and hints; device: prepare 0.01 list 0.02 cs 0.04 fence 0.03 ms, 5 BOs (short list)
timing: #3781 done at t 113.637 s, 30.6 ms after the sync and hints; device: prepare 0.02 list 0.54 cs 28.31 fence 0.32 ms, 2078 BOs
timing: #3782 done at t 113.686 s, 34.1 ms after the sync and hints; device: prepare 0.11 list 0.61 cs 28.50 fence 0.73 ms, 2078 BOs
timing: #3783 done at t 113.731 s, 32.3 ms after the sync and hints; device: prepare 0.07 list 0.56 cs 28.67 fence 1.42 ms, 2078 BOs
timing: #3784 done at t 113.778 s, 32.9 ms after the sync and hints; device: prepare 0.06 list 0.61 cs 28.92 fence 0.14 ms, 2078 BOs
flip 1/1 buffer 0x5093f0000 +0x1fe0000: sum 0x17fb17d5f47d nonzero 8100/8160 pattern 0
timing: t 113.779 s flip 1/1, VideoOutSubmitFlip took 0.0 ms
timing: #3785 done at t 113.838 s, 44.9 ms after the sync and hints; device: prepare 0.29 list 0.55 cs 28.78 fence 6.12 ms, 2078 BOs
timing: #3786 done at t 113.854 s, 1.5 ms after the sync and hints; device: prepare 0.01 list 0.02 cs 0.05 fence 0.04 ms, 5 BOs (short list)
timing: #3787 done at t 113.869 s, 1.5 ms after the sync and hints; device: prepare 0.01 list 0.02 cs 0.10 fence 0.04 ms, 9 BOs (short list)
timing: #3788 done at t 113.885 s, 1.4 ms after the sync and hints; device: prepare 0.00 list 0.02 cs 0.04 fence 0.03 ms, 5 BOs (short list)
timing: #3789 done at t 113.900 s, 1.8 ms after the sync and hints; device: prepare 0.03 list 0.02 cs 0.06 fence 0.03 ms, 6 BOs (short list)
timing: #3790 done at t 113.915 s, 1.5 ms after the sync and hints; device: prepare 0.01 list 0.02 cs 0.04 fence 0.03 ms, 5 BOs (short list)
timing: #3791 done at t 113.930 s, 1.8 ms after the sync and hints; device: prepare 0.03 list 0.02 cs 0.06 fence 0.04 ms, 6 BOs (short list)
timing: #3792 done at t 113.978 s, 33.6 ms after the sync and hints; device: prepare 0.09 list 0.56 cs 28.74 fence 0.46 ms, 2078 BOs
timing: #3793 done at t 114.023 s, 31.4 ms after the sync and hints; device: prepare 0.03 list 0.57 cs 28.99 fence 0.01 ms, 2078 BOs
timing: #3794 done at t 114.038 s, 1.5 ms after the sync and hints; device: prepare 0.00 list 0.02 cs 0.04 fence 0.03 ms, 5 BOs (short list)
timing: #3795 done at t 114.082 s, 30.9 ms after the sync and hints; device: prepare 0.03 list 0.56 cs 28.45 fence 0.33 ms, 2078 BOs
timing: #3796 done at t 114.131 s, 34.4 ms after the sync and hints; device: prepare 0.05 list 0.58 cs 28.94 fence 0.73 ms, 2078 BOs
timing: #3797 done at t 114.176 s, 31.9 ms after the sync and hints; device: prepare 0.07 list 0.54 cs 28.38 fence 1.41 ms, 2078 BOs
timing: #3798 done at t 114.222 s, 32.7 ms after the sync and hints; device: prepare 0.07 list 0.57 cs 28.74 fence 0.13 ms, 2078 BOs
flip 1/0 buffer 0x507410000 +0x1fe0000: sum 0x17fb17d5f47d nonzero 8100/8160 pattern 0
timing: t 114.223 s flip 1/0, VideoOutSubmitFlip took 0.0 ms
timing: #3799 done at t 114.283 s, 45.0 ms after the sync and hints; device: prepare 0.29 list 0.53 cs 28.99 fence 6.11 ms, 2078 BOs
timing: #3800 done at t 114.299 s, 1.4 ms after the sync and hints; device: prepare 0.00 list 0.02 cs 0.04 fence 0.03 ms, 5 BOs (short list)
timing: #3801 done at t 114.314 s, 2.0 ms after the sync and hints; device: prepare 0.02 list 0.02 cs 0.10 fence 0.03 ms, 9 BOs (short list)
timing: #3802 done at t 114.330 s, 1.4 ms after the sync and hints; device: prepare 0.00 list 0.02 cs 0.04 fence 0.03 ms, 5 BOs (short list)
timing: #3803 done at t 114.345 s, 1.9 ms after the sync and hints; device: prepare 0.07 list 0.02 cs 0.06 fence 0.03 ms, 6 BOs (short list)
timing: #3804 done at t 114.360 s, 1.4 ms after the sync and hints; device: prepare 0.00 list 0.02 cs 0.04 fence 0.03 ms, 5 BOs (short list)
timing: #3805 done at t 114.375 s, 1.7 ms after the sync and hints; device: prepare 0.03 list 0.02 cs 0.05 fence 0.04 ms, 6 BOs (short list)
timing: #3806 done at t 114.421 s, 33.1 ms after the sync and hints; device: prepare 0.09 list 0.54 cs 28.26 fence 0.46 ms, 2079 BOs
timing: #3807 done at t 114.466 s, 31.0 ms after the sync and hints; device: prepare 0.04 list 0.55 cs 28.24 fence 0.01 ms, 2079 BOs
timing: #3808 done at t 114.482 s, 1.4 ms after the sync and hints; device: prepare 0.00 list 0.02 cs 0.04 fence 0.03 ms, 5 BOs (short list)
timing: #3809 done at t 114.525 s, 30.6 ms after the sync and hints; device: prepare 0.02 list 0.55 cs 28.33 fence 0.30 ms, 2079 BOs
timing: #3810 done at t 114.573 s, 33.8 ms after the sync and hints; device: prepare 0.05 list 0.57 cs 28.55 fence 0.74 ms, 2079 BOs
timing: #3811 done at t 114.618 s, 32.0 ms after the sync and hints; device: prepare 0.08 list 0.56 cs 28.34 fence 1.44 ms, 2079 BOs
timing: #3812 done at t 114.665 s, 32.4 ms after the sync and hints; device: prepare 0.06 list 0.54 cs 28.55 fence 0.15 ms, 2079 BOs
flip 1/1 buffer 0x5093f0000 +0x1fe0000: sum 0x17fb17d5f47d nonzero 8100/8160 pattern 0
timing: t 114.666 s flip 1/1, VideoOutSubmitFlip took 0.0 ms
timing: #3813 done at t 114.724 s, 44.7 ms after the sync and hints; device: prepare 0.27 list 0.53 cs 28.78 fence 6.12 ms, 2079 BOs
timing: #3814 done at t 114.740 s, 1.5 ms after the sync and hints; device: prepare 0.01 list 0.02 cs 0.05 fence 0.03 ms, 5 BOs (short list)
timing: #3815 done at t 114.755 s, 1.5 ms after the sync and hints; device: prepare 0.02 list 0.02 cs 0.12 fence 0.03 ms, 9 BOs (short list)
timing: #3816 done at t 114.770 s, 1.4 ms after the sync and hints; device: prepare 0.00 list 0.02 cs 0.04 fence 0.02 ms, 5 BOs (short list)
timing: #3817 done at t 114.785 s, 1.8 ms after the sync and hints; device: prepare 0.03 list 0.02 cs 0.06 fence 0.03 ms, 6 BOs (short list)
timing: #3818 done at t 114.800 s, 1.4 ms after the sync and hints; device: prepare 0.00 list 0.02 cs 0.04 fence 0.02 ms, 5 BOs (short list)
timing: #3819 done at t 114.815 s, 1.7 ms after the sync and hints; device: prepare 0.03 list 0.02 cs 0.06 fence 0.04 ms, 6 BOs (short list)
timing: #3820 done at t 114.862 s, 33.2 ms after the sync and hints; device: prepare 0.08 list 0.55 cs 28.42 fence 0.45 ms, 2079 BOs
timing: #3821 done at t 114.906 s, 30.7 ms after the sync and hints; device: prepare 0.03 list 0.55 cs 28.28 fence 0.01 ms, 2079 BOs
timing: #3822 done at t 114.921 s, 1.4 ms after the sync and hints; device: prepare 0.00 list 0.02 cs 0.04 fence 0.03 ms, 5 BOs (short list)
timing: #3823 done at t 114.965 s, 30.6 ms after the sync and hints; device: prepare 0.02 list 0.54 cs 28.36 fence 0.32 ms, 2079 BOs
timing: #3824 done at t 115.012 s, 33.7 ms after the sync and hints; device: prepare 0.05 list 0.54 cs 28.33 fence 0.74 ms, 2079 BOs
timing: #3825 done at t 115.057 s, 31.9 ms after the sync and hints; device: prepare 0.11 list 0.54 cs 28.30 fence 1.43 ms, 2079 BOs
timing: #3826 done at t 115.103 s, 32.2 ms after the sync and hints; device: prepare 0.06 list 0.55 cs 28.29 fence 0.14 ms, 2079 BOs
flip 1/0 buffer 0x507410000 +0x1fe0000: sum 0x17fb17d5f47d nonzero 8100/8160 pattern 0
timing: t 115.104 s flip 1/0, VideoOutSubmitFlip took 0.0 ms
timing: #3827 done at t 115.162 s, 44.6 ms after the sync and hints; device: prepare 0.49 list 0.62 cs 28.21 fence 6.15 ms, 2079 BOs
timing: #3828 done at t 115.178 s, 1.4 ms after the sync and hints; device: prepare 0.00 list 0.02 cs 0.04 fence 0.03 ms, 5 BOs (short list)
timing: #3829 done at t 115.193 s, 1.5 ms after the sync and hints; device: prepare 0.01 list 0.02 cs 0.11 fence 0.03 ms, 9 BOs (short list)
timing: #3830 done at t 115.208 s, 1.4 ms after the sync and hints; device: prepare 0.00 list 0.02 cs 0.04 fence 0.03 ms, 5 BOs (short list)
timing: #3831 done at t 115.223 s, 1.8 ms after the sync and hints; device: prepare 0.03 list 0.02 cs 0.05 fence 0.03 ms, 6 BOs (short list)
timing: #3832 done at t 115.238 s, 1.4 ms after the sync and hints; device: prepare 0.00 list 0.02 cs 0.04 fence 0.02 ms, 5 BOs (short list)
timing: #3833 done at t 115.253 s, 1.8 ms after the sync and hints; device: prepare 0.06 list 0.02 cs 0.06 fence 0.04 ms, 6 BOs (short list)
timing: #3834 done at t 115.300 s, 33.1 ms after the sync and hints; device: prepare 0.08 list 0.54 cs 28.32 fence 0.46 ms, 2079 BOs
timing: #3835 done at t 115.345 s, 31.1 ms after the sync and hints; device: prepare 0.06 list 0.59 cs 28.57 fence 0.01 ms, 2079 BOs
timing: #3836 done at t 115.360 s, 1.5 ms after the sync and hints; device: prepare 0.01 list 0.02 cs 0.04 fence 0.03 ms, 5 BOs (short list)
timing: #3837 done at t 115.405 s, 31.6 ms after the sync and hints; device: prepare 0.02 list 0.54 cs 29.31 fence 0.31 ms, 2079 BOs
timing: #3838 done at t 115.453 s, 34.3 ms after the sync and hints; device: prepare 0.06 list 0.54 cs 28.92 fence 0.71 ms, 2079 BOs
timing: #3839 done at t 115.498 s, 32.0 ms after the sync and hints; device: prepare 0.07 list 0.54 cs 28.32 fence 1.44 ms, 2079 BOs
timing: #3840 done at t 115.544 s, 32.5 ms after the sync and hints; device: prepare 0.10 list 0.65 cs 28.45 fence 0.15 ms, 2079 BOs
flip 1/1 buffer 0x5093f0000 +0x1fe0000: sum 0x17fb17d5f47d nonzero 8100/8160 pattern 0
timing: t 115.545 s flip 1/1, VideoOutSubmitFlip took 0.0 ms
timing: #3841 done at t 115.604 s, 44.7 ms after the sync and hints; device: prepare 0.30 list 0.55 cs 28.53 fence 6.13 ms, 2079 BOs
timing: #3842 done at t 115.620 s, 1.4 ms after the sync and hints; device: prepare 0.00 list 0.02 cs 0.04 fence 0.03 ms, 5 BOs (short list)
timing: #3843 done at t 115.635 s, 1.5 ms after the sync and hints; device: prepare 0.01 list 0.02 cs 0.10 fence 0.03 ms, 9 BOs (short list)
timing: #3844 done at t 115.651 s, 1.4 ms after the sync and hints; device: prepare 0.00 list 0.02 cs 0.04 fence 0.04 ms, 5 BOs (short list)
timing: #3845 done at t 115.666 s, 1.8 ms after the sync and hints; device: prepare 0.03 list 0.02 cs 0.06 fence 0.04 ms, 6 BOs (short list)
timing: #3846 done at t 115.681 s, 1.4 ms after the sync and hints; device: prepare 0.00 list 0.02 cs 0.03 fence 0.03 ms, 5 BOs (short list)
timing: #3847 done at t 115.696 s, 1.8 ms after the sync and hints; device: prepare 0.03 list 0.02 cs 0.06 fence 0.04 ms, 6 BOs (short list)
timing: #3848 done at t 115.743 s, 33.3 ms after the sync and hints; device: prepare 0.09 list 0.55 cs 28.42 fence 0.46 ms, 2079 BOs
timing: #3849 done at t 115.789 s, 31.4 ms after the sync and hints; device: prepare 0.03 list 0.64 cs 28.88 fence 0.01 ms, 2079 BOs
timing: #3850 done at t 115.804 s, 1.5 ms after the sync and hints; device: prepare 0.01 list 0.02 cs 0.04 fence 0.04 ms, 5 BOs (short list)
timing: #3851 done at t 115.848 s, 31.2 ms after the sync and hints; device: prepare 0.02 list 0.57 cs 28.90 fence 0.29 ms, 2079 BOs
timing: #3852 done at t 115.896 s, 33.8 ms after the sync and hints; device: prepare 0.05 list 0.60 cs 28.44 fence 0.75 ms, 2079 BOs
timing: #3853 done at t 115.942 s, 32.3 ms after the sync and hints; device: prepare 0.07 list 0.54 cs 28.69 fence 1.43 ms, 2079 BOs
timing: #3854 done at t 115.988 s, 32.2 ms after the sync and hints; device: prepare 0.06 list 0.56 cs 28.20 fence 0.15 ms, 2079 BOs
flip 1/0 buffer 0x507410000 +0x1fe0000: sum 0x17fb17d5f47d nonzero 8100/8160 pattern 0
timing: t 115.989 s flip 1/0, VideoOutSubmitFlip took 0.0 ms
timing: #3855 done at t 116.049 s, 44.7 ms after the sync and hints; device: prepare 0.25 list 0.54 cs 28.63 fence 6.12 ms, 2079 BOs
timing: #3856 done at t 116.064 s, 1.4 ms after the sync and hints; device: prepare 0.00 list 0.02 cs 0.04 fence 0.03 ms, 5 BOs (short list)
timing: #3857 done at t 116.079 s, 1.5 ms after the sync and hints; device: prepare 0.01 list 0.02 cs 0.10 fence 0.03 ms, 9 BOs (short list)
timing: #3858 done at t 116.095 s, 1.4 ms after the sync and hints; device: prepare 0.00 list 0.02 cs 0.04 fence 0.03 ms, 5 BOs (short list)
timing: #3859 done at t 116.110 s, 1.8 ms after the sync and hints; device: prepare 0.03 list 0.02 cs 0.06 fence 0.03 ms, 6 BOs (short list)
timing: #3860 done at t 116.125 s, 1.4 ms after the sync and hints; device: prepare 0.00 list 0.02 cs 0.04 fence 0.03 ms, 5 BOs (short list)
timing: #3861 done at t 116.141 s, 1.9 ms after the sync and hints; device: prepare 0.06 list 0.02 cs 0.07 fence 0.04 ms, 6 BOs (short list)
timing: #3862 done at t 116.187 s, 33.2 ms after the sync and hints; device: prepare 0.08 list 0.54 cs 28.34 fence 0.46 ms, 2079 BOs
timing: #3863 done at t 116.232 s, 30.9 ms after the sync and hints; device: prepare 0.04 list 0.54 cs 28.40 fence 0.01 ms, 2079 BOs
timing: #3864 done at t 116.247 s, 1.4 ms after the sync and hints; device: prepare 0.00 list 0.02 cs 0.04 fence 0.03 ms, 5 BOs (short list)
timing: #3865 done at t 116.291 s, 30.9 ms after the sync and hints; device: prepare 0.02 list 0.55 cs 28.58 fence 0.31 ms, 2079 BOs
timing: #3866 done at t 116.340 s, 34.2 ms after the sync and hints; device: prepare 0.06 list 0.54 cs 28.89 fence 0.74 ms, 2079 BOs
timing: #3867 done at t 116.386 s, 32.5 ms after the sync and hints; device: prepare 0.07 list 0.55 cs 28.97 fence 1.42 ms, 2079 BOs
timing: #3868 done at t 116.432 s, 32.9 ms after the sync and hints; device: prepare 0.13 list 0.56 cs 28.55 fence 0.13 ms, 2079 BOs
flip 1/1 buffer 0x5093f0000 +0x1fe0000: sum 0x17fb17d5f47d nonzero 8100/8160 pattern 0
timing: t 116.433 s flip 1/1, VideoOutSubmitFlip took 0.0 ms
timing: #3869 done at t 116.493 s, 44.9 ms after the sync and hints; device: prepare 0.29 list 0.55 cs 28.82 fence 6.12 ms, 2079 BOs
timing: #3870 done at t 116.509 s, 1.5 ms after the sync and hints; device: prepare 0.01 list 0.02 cs 0.05 fence 0.03 ms, 5 BOs (short list)
timing: #3871 done at t 116.524 s, 1.6 ms after the sync and hints; device: prepare 0.01 list 0.04 cs 0.10 fence 0.03 ms, 9 BOs (short list)
timing: #3872 done at t 116.539 s, 1.5 ms after the sync and hints; device: prepare 0.00 list 0.02 cs 0.04 fence 0.03 ms, 5 BOs (short list)
timing: #3873 done at t 116.554 s, 1.8 ms after the sync and hints; device: prepare 0.04 list 0.02 cs 0.06 fence 0.03 ms, 6 BOs (short list)
timing: #3874 done at t 116.569 s, 1.3 ms after the sync and hints; device: prepare 0.00 list 0.02 cs 0.04 fence 0.03 ms, 5 BOs (short list)
timing: #3875 done at t 116.584 s, 1.7 ms after the sync and hints; device: prepare 0.03 list 0.02 cs 0.05 fence 0.05 ms, 6 BOs (short list)
timing: #3876 done at t 116.631 s, 33.2 ms after the sync and hints; device: prepare 0.08 list 0.54 cs 28.61 fence 0.45 ms, 2079 BOs
timing: #3877 done at t 116.676 s, 31.0 ms after the sync and hints; device: prepare 0.04 list 0.56 cs 28.52 fence 0.01 ms, 2079 BOs
timing: #3878 done at t 116.692 s, 1.4 ms after the sync and hints; device: prepare 0.00 list 0.02 cs 0.05 fence 0.04 ms, 5 BOs (short list)
timing: #3879 done at t 116.736 s, 31.2 ms after the sync and hints; device: prepare 0.02 list 0.56 cs 28.89 fence 0.30 ms, 2079 BOs
timing: #3880 done at t 116.784 s, 33.9 ms after the sync and hints; device: prepare 0.06 list 0.53 cs 28.55 fence 0.74 ms, 2079 BOs
timing: #3881 done at t 116.829 s, 32.5 ms after the sync and hints; device: prepare 0.07 list 0.57 cs 28.71 fence 1.43 ms, 2079 BOs
timing: #3882 done at t 116.876 s, 32.7 ms after the sync and hints; device: prepare 0.06 list 0.54 cs 28.89 fence 0.14 ms, 2079 BOs
flip 1/0 buffer 0x507410000 +0x1fe0000: sum 0x17fb17d5f47d nonzero 8100/8160 pattern 0
timing: t 116.877 s flip 1/0, VideoOutSubmitFlip took 0.0 ms
timing: #3883 done at t 116.937 s, 44.7 ms after the sync and hints; device: prepare 0.48 list 0.56 cs 28.48 fence 6.14 ms, 2079 BOs
timing: #3884 done at t 116.957 s, 6.6 ms after the sync and hints; device: prepare 0.01 list 0.02 cs 0.05 fence 0.05 ms, 5 BOs (short list)
timing: #3885 done at t 116.974 s, 4.0 ms after the sync and hints; device: prepare 0.01 list 0.02 cs 0.10 fence 0.03 ms, 9 BOs (short list)
timing: #3886 done at t 116.992 s, 3.8 ms after the sync and hints; device: prepare 0.00 list 0.02 cs 0.04 fence 0.03 ms, 5 BOs (short list)
timing: #3887 done at t 117.012 s, 5.9 ms after the sync and hints; device: prepare 0.04 list 0.02 cs 0.06 fence 0.03 ms, 6 BOs (short list)
timing: #3888 done at t 117.026 s, 1.4 ms after the sync and hints; device: prepare 0.00 list 0.02 cs 0.04 fence 0.03 ms, 5 BOs (short list)
timing: #3889 done at t 117.042 s, 1.8 ms after the sync and hints; device: prepare 0.03 list 0.02 cs 0.06 fence 0.04 ms, 6 BOs (short list)
timing: #3890 done at t 117.089 s, 33.1 ms after the sync and hints; device: prepare 0.08 list 0.55 cs 28.41 fence 0.46 ms, 2079 BOs
timing: #3891 done at t 117.133 s, 30.8 ms after the sync and hints; device: prepare 0.03 list 0.55 cs 28.41 fence 0.01 ms, 2079 BOs
timing: #3892 done at t 117.149 s, 1.4 ms after the sync and hints; device: prepare 0.00 list 0.02 cs 0.04 fence 0.03 ms, 5 BOs (short list)
timing: #3893 done at t 117.193 s, 30.9 ms after the sync and hints; device: prepare 0.02 list 0.55 cs 28.62 fence 0.31 ms, 2079 BOs
timing: #3894 done at t 117.240 s, 33.6 ms after the sync and hints; device: prepare 0.06 list 0.56 cs 28.27 fence 0.75 ms, 2079 BOs
timing: #3895 done at t 117.286 s, 32.0 ms after the sync and hints; device: prepare 0.07 list 0.54 cs 28.38 fence 1.44 ms, 2079 BOs
timing: #3896 done at t 117.332 s, 32.5 ms after the sync and hints; device: prepare 0.06 list 0.54 cs 28.59 fence 0.14 ms, 2079 BOs
flip 1/1 buffer 0x5093f0000 +0x1fe0000: sum 0x17fb17d5f47d nonzero 8100/8160 pattern 0
timing: t 117.333 s flip 1/1, VideoOutSubmitFlip took 0.0 ms
timing: #3897 done at t 117.392 s, 44.8 ms after the sync and hints; device: prepare 0.25 list 0.53 cs 28.63 fence 6.20 ms, 2079 BOs
timing: #3898 done at t 117.407 s, 1.4 ms after the sync and hints; device: prepare 0.00 list 0.01 cs 0.03 fence 0.05 ms, 5 BOs (short list)
timing: #3899 done at t 117.422 s, 1.4 ms after the sync and hints; device: prepare 0.01 list 0.02 cs 0.11 fence 0.03 ms, 9 BOs (short list)
timing: #3900 done at t 117.437 s, 1.4 ms after the sync and hints; device: prepare 0.00 list 0.02 cs 0.04 fence 0.03 ms, 5 BOs (short list)
timing: #3901 done at t 117.452 s, 1.8 ms after the sync and hints; device: prepare 0.03 list 0.02 cs 0.05 fence 0.03 ms, 6 BOs (short list)
timing: #3902 done at t 117.467 s, 1.4 ms after the sync and hints; device: prepare 0.00 list 0.02 cs 0.04 fence 0.03 ms, 5 BOs (short list)
timing: #3903 done at t 117.482 s, 1.7 ms after the sync and hints; device: prepare 0.03 list 0.02 cs 0.06 fence 0.04 ms, 6 BOs (short list)
timing: #3904 done at t 117.529 s, 33.5 ms after the sync and hints; device: prepare 0.08 list 0.54 cs 28.42 fence 0.46 ms, 2079 BOs
timing: #3905 done at t 117.574 s, 30.9 ms after the sync and hints; device: prepare 0.03 list 0.55 cs 28.54 fence 0.01 ms, 2079 BOs
timing: #3906 done at t 117.589 s, 1.4 ms after the sync and hints; device: prepare 0.00 list 0.02 cs 0.04 fence 0.04 ms, 5 BOs (short list)
timing: #3907 done at t 117.634 s, 30.9 ms after the sync and hints; device: prepare 0.02 list 0.55 cs 28.61 fence 0.31 ms, 2079 BOs
timing: #3908 done at t 117.682 s, 35.1 ms after the sync and hints; device: prepare 0.06 list 0.54 cs 29.35 fence 0.73 ms, 2079 BOs
timing: #3909 done at t 117.728 s, 32.2 ms after the sync and hints; device: prepare 0.07 list 0.57 cs 28.59 fence 1.42 ms, 2079 BOs
timing: #3910 done at t 117.774 s, 32.4 ms after the sync and hints; device: prepare 0.06 list 0.54 cs 28.50 fence 0.15 ms, 2079 BOs
flip 1/0 buffer 0x507410000 +0x1fe0000: sum 0x17fb1384e038 nonzero 8100/8160 pattern 0
timing: t 117.775 s flip 1/0, VideoOutSubmitFlip took 0.0 ms
timing: #3911 done at t 117.834 s, 44.7 ms after the sync and hints; device: prepare 0.30 list 0.55 cs 28.33 fence 6.14 ms, 2079 BOs
timing: #3912 done at t 117.849 s, 1.5 ms after the sync and hints; device: prepare 0.00 list 0.02 cs 0.04 fence 0.04 ms, 5 BOs (short list)
timing: #3913 done at t 117.864 s, 1.5 ms after the sync and hints; device: prepare 0.01 list 0.02 cs 0.10 fence 0.05 ms, 9 BOs (short list)
timing: #3914 done at t 117.880 s, 1.4 ms after the sync and hints; device: prepare 0.00 list 0.02 cs 0.04 fence 0.03 ms, 5 BOs (short list)
timing: #3915 done at t 117.895 s, 1.8 ms after the sync and hints; device: prepare 0.03 list 0.02 cs 0.06 fence 0.03 ms, 6 BOs (short list)
timing: #3916 done at t 117.910 s, 1.4 ms after the sync and hints; device: prepare 0.00 list 0.02 cs 0.04 fence 0.03 ms, 5 BOs (short list)
timing: #3917 done at t 117.925 s, 1.8 ms after the sync and hints; device: prepare 0.03 list 0.02 cs 0.05 fence 0.04 ms, 6 BOs (short list)
timing: #3918 done at t 117.972 s, 33.3 ms after the sync and hints; device: prepare 0.09 list 0.54 cs 28.59 fence 0.46 ms, 2079 BOs
timing: #3919 done at t 117.987 s, 1.4 ms after the sync and hints; device: prepare 0.00 list 0.02 cs 0.04 fence 0.05 ms, 5 BOs (short list)
timing: #3920 done at t 118.033 s, 31.4 ms after the sync and hints; device: prepare 0.06 list 0.55 cs 28.91 fence 0.01 ms, 2079 BOs
timing: #3921 done at t 118.077 s, 30.7 ms after the sync and hints; device: prepare 0.02 list 0.57 cs 28.33 fence 0.32 ms, 2079 BOs
timing: #3922 done at t 118.125 s, 34.2 ms after the sync and hints; device: prepare 0.09 list 0.62 cs 28.69 fence 0.74 ms, 2079 BOs
timing: #3923 done at t 118.170 s, 32.0 ms after the sync and hints; device: prepare 0.07 list 0.56 cs 28.43 fence 1.43 ms, 2079 BOs
timing: #3924 done at t 118.217 s, 32.5 ms after the sync and hints; device: prepare 0.06 list 0.54 cs 28.60 fence 0.14 ms, 2079 BOs
flip 1/1 buffer 0x5093f0000 +0x1fe0000: sum 0x17fb06d1b36d nonzero 8100/8160 pattern 0
timing: t 118.218 s flip 1/1, VideoOutSubmitFlip took 0.0 ms
timing: #3925 done at t 118.277 s, 44.7 ms after the sync and hints; device: prepare 0.29 list 0.54 cs 28.67 fence 6.10 ms, 2079 BOs
timing: #3926 done at t 118.292 s, 1.4 ms after the sync and hints; device: prepare 0.01 list 0.02 cs 0.04 fence 0.05 ms, 5 BOs (short list)
timing: #3927 done at t 118.307 s, 1.5 ms after the sync and hints; device: prepare 0.01 list 0.01 cs 0.10 fence 0.04 ms, 9 BOs (short list)
timing: #3928 done at t 118.323 s, 1.4 ms after the sync and hints; device: prepare 0.00 list 0.02 cs 0.04 fence 0.03 ms, 5 BOs (short list)
timing: #3929 done at t 118.338 s, 1.8 ms after the sync and hints; device: prepare 0.03 list 0.02 cs 0.05 fence 0.03 ms, 6 BOs (short list)
timing: #3930 done at t 118.353 s, 1.4 ms after the sync and hints; device: prepare 0.00 list 0.02 cs 0.04 fence 0.03 ms, 5 BOs (short list)
timing: #3931 done at t 118.368 s, 1.8 ms after the sync and hints; device: prepare 0.03 list 0.02 cs 0.06 fence 0.04 ms, 6 BOs (short list)
timing: #3932 done at t 118.415 s, 33.3 ms after the sync and hints; device: prepare 0.09 list 0.54 cs 28.43 fence 0.46 ms, 2079 BOs
